Rank,Name,Median_score,Cooperation_rating,Wins,Initial_C_rate,CC_rate,CD_rate,DC_rate,DD_rate,CC_to_C_rate,CD_to_C_rate,DC_to_C_rate,DD_to_C_rate,R,S,T,P,noise,prob_end,repetitions,turns,tournament,n_strategies,run
0,Grudger,3.151675485008818,0.15453654712913972,9.0,0.9061728395061729,0.11655888692925731,0.03797766019988242,0.4921418773270625,0.3533215755437977,0.5222474900520644,0.0602229232081101,0.08128471443332162,0.06399612705017092,3,0,5,1,0.06,0.0,45,63,noisy,10,1
1,"DoubleCrosser: (D, D)",2.9188712522045854,0.3520282186948854,7.0,0.9432098765432099,0.2638056045463453,0.08822261414854007,0.36982167352537726,0.2781501077797375,0.6892404583800934,0.6241317355715054,0.20155785561194195,0.08944195868356997,3,0,5,1,0.06,0.0,45,63,noisy,10,1
2,Evolved FSM 16,2.837742504409171,0.33576327650401727,7.0,0.945679012345679,0.1955712326082696,0.1401920438957476,0.3974132863021752,0.26682343719380763,0.485875834281143,0.3522551014221636,0.27674505617013984,0.2975790671281991,3,0,5,1,0.06,0.0,45,63,noisy,10,1
3,Soft Joss: 0.9,2.2063492063492065,0.5724083872232021,2.0,0.9135802469135802,0.3207916911620615,0.2516166960611405,0.20666274740348814,0.2209288653733098,0.9407325662249849,0.14771811788560169,0.9371385987079717,0.16555311173465576,3,0,5,1,0.06,0.0,45,63,noisy,10,1
4,Meta Mixer: 9 players,2.0987654320987654,0.47242798353909465,5.0,0.7012345679012346,0.21579463060944545,0.25663335292964917,0.23488144228884966,0.29269057417205563,0.44943689109249113,0.5027888013329928,0.4275708992696596,0.5132827757485977,3,0,5,1,0.06,0.0,45,63,noisy,10,1
5,Cycler DC,1.9453262786596117,0.49139721732314323,3.0,0.07160493827160494,0.22833627278071722,0.263060944542426,0.19075053889868707,0.3178522437781697,0.12803104392066197,0.15734291775227918,0.8450917787157258,0.8580825987488114,3,0,5,1,0.06,0.0,45,63,noisy,10,1
6,Alternator,1.9453262786596117,0.5024887321183618,3.0,0.9580246913580247,0.23840877914951988,0.26407995296884185,0.18408779149519894,0.3134234763864393,0.05897115046409852,0.05669480703670111,0.9326515254858746,0.9331563064645955,3,0,5,1,0.06,0.0,45,63,noisy,10,1
7,Bully,1.9206349206349205,0.5590436997844406,4.0,0.05185185185185185,0.20564373897707233,0.35339996080736824,0.21575543797766022,0.2252008622378993,0.05938317900803104,0.9372911015570489,0.06287010952585763,0.9445147875167458,3,0,5,1,0.06,0.0,45,63,noisy,10,1
8,Anti Tit For Tat,1.8483245149911818,0.5838134430727023,3.0,0.9407407407407408,0.21634332745443854,0.36747011561826376,0.19408191260043106,0.22210464432686655,0.0590916663283496,0.9461373418924749,0.0619998325224858,0.9387136169603364,3,0,5,1,0.06,0.0,45,63,noisy,10,1
9,Cooperator,1.5238095238095237,0.940623162845385,0.0,0.928395061728395,0.44953948657652376,0.49108367626886146,0.028140309621791103,0.031236527532823837,0.9436627392333082,0.9391217390145781,0.9432710561349708,0.9243177153674801,3,0,5,1,0.06,0.0,45,63,noisy,10,1
0,Evolved HMM 5,2.619565217391304,0.3343658058188951,13.0,0.9548872180451128,0.21307616868257603,0.12128963713631906,0.32875122589081396,0.33688296829029096,0.7373480431019567,0.3577117163725916,0.13162425913408082,0.18628007721813025,3,0,5,1,0.05,0.0,35,184,noisy,20,2
1,Grudger,2.568935926773455,0.08627002288329519,18.0,0.9578947368421052,0.05281137626675385,0.033458646616541354,0.3711915658711998,0.5425384112455051,0.49586897964896165,0.040709443534060266,0.06058507051997457,0.051262957482308184,3,0,5,1,0.05,0.0,35,184,noisy,20,2
2,"DoubleCrosser: (D, D)",2.5380434782608696,0.3007518796992481,14.0,0.9578947368421052,0.23227361882968287,0.06847826086956521,0.2882477933965349,0.41100032690421706,0.6878441651926966,0.49413446688045354,0.1955934676206204,0.05986966398493143,3,0,5,1,0.05,0.0,35,184,noisy,20,2
3,Defector,2.5380434782608696,0.04946060804184374,18.0,0.05714285714285714,0.019491663942464856,0.02996894409937888,0.38200392285060475,0.5685354691075514,0.05199384502876803,0.055003781734999334,0.048054237817961316,0.05189001826297659,3,0,5,1,0.05,0.0,35,184,noisy,20,2
4,Meta Winner: 18 players,2.5354691075514877,0.06547891467799935,17.0,0.9353383458646617,0.029928081072245837,0.035550833605753514,0.37630761686825764,0.558213468453743,0.22699649094943866,0.15284749307286194,0.05835966573955321,0.06027376688675055,3,0,5,1,0.05,0.0,35,184,noisy,20,2
5,Evolved FSM 16,2.507437070938215,0.31654952598888525,13.0,0.9413533834586466,0.13628636809414843,0.18026315789473685,0.35784570120954556,0.3256047728015692,0.420248750292245,0.39750693039065804,0.25691275575218675,0.2591763490995314,3,0,5,1,0.05,0.0,35,184,noisy,20,2
6,Tit For Tat,2.205377574370709,0.5136564236678653,8.0,0.9503759398496241,0.312446878064727,0.20120954560313828,0.1999673095782936,0.28637626675384115,0.949517266285689,0.05171926943236861,0.9501125665922778,0.05189402932469492,3,0,5,1,0.05,0.0,35,184,noisy,20,2
7,Suspicious Tit For Tat,2.185354691075515,0.4898659692710036,10.0,0.058646616541353384,0.290339980385747,0.19952598888525663,0.20123406341941813,0.3088999673095783,0.9526280211915279,0.04837968930286257,0.9470046555914242,0.05477840298938924,3,0,5,1,0.05,0.0,35,184,noisy,20,2
8,Soft Joss: 0.9,2.1741990846681922,0.566157240928408,3.0,0.9488721804511279,0.344802222948676,0.22135501797973198,0.17826904217064402,0.255573716900948,0.953631406159786,0.1436109945591806,0.9511350377789568,0.1375544652735888,3,0,5,1,0.05,0.0,35,184,noisy,20,2
9,Win-Stay Lose-Shift,2.097826086956522,0.5058188950637463,8.0,0.9473684210526315,0.23439849624060152,0.2714203988231449,0.2248365478914678,0.2693445570447858,0.9513433102957073,0.05162768221482099,0.049954562546012965,0.9509120852376384,3,0,5,1,0.05,0.0,35,184,noisy,20,2
10,GTFT: 0.33,2.0657894736842106,0.6691811049362537,3.0,0.9488721804511279,0.398177508989866,0.27100359594638773,0.1321837201699902,0.19863517489375618,0.9514945569348727,0.34835761267797777,0.9475071889828107,0.3568603410065954,3,0,5,1,0.05,0.0,35,184,noisy,20,2
11,Tit For 2 Tats,2.049771167048055,0.7105753514220333,1.0,0.9669172932330827,0.4760869565217391,0.23448839490029422,0.08134194181104937,0.20808270676691729,0.9498981325231561,0.6879392805963761,0.9562124924017432,0.30605048922593586,3,0,5,1,0.05,0.0,35,184,noisy,20,2
12,Meta Mixer: 18 players,2.03175057208238,0.4428734880679961,11.0,0.6706766917293233,0.19457338999673096,0.24830009807126516,0.22464040536122912,0.3324861065707748,0.5163152560813985,0.3968322911837222,0.5105878528375447,0.39121749779991266,3,0,5,1,0.05,0.0,35,184,noisy,20,2
13,Alternator,1.9854118993135013,0.5014056881333769,8.0,0.9458646616541353,0.1909365805818895,0.31046910755148743,0.22781954887218045,0.27077476299444264,0.051358225314025285,0.05205916165449272,0.949871747202611,0.9515191789505613,3,0,5,1,0.05,0.0,35,184,noisy,20,2
14,Cycler DC,1.9791189931350115,0.49864334749918277,8.0,0.04661654135338346,0.19046256946714615,0.30818077803203664,0.22673259235044133,0.274624060150376,0.12624897217339062,0.11079034731981023,0.8865572411155171,0.8578932010373151,3,0,5,1,0.05,0.0,35,184,noisy,20,2
15,Random: 0.5,1.9528032036613272,0.501005230467473,8.0,0.5172932330827068,0.20767407649558675,0.29333115397188625,0.20624387054593005,0.2927508989865969,0.49917001992654153,0.5043431654002091,0.5002099198955878,0.5009942236691629,3,0,5,1,0.05,0.0,35,184,noisy,20,2
16,Win-Shift Lose-Stay: D,1.894736842105263,0.5370954560313828,7.0,0.045112781954887216,0.2003759398496241,0.3367195161817587,0.20721641059169663,0.25568813337692053,0.055548765580753,0.9485872501690338,0.951450770767749,0.050367435106450566,3,0,5,1,0.05,0.0,35,184,noisy,20,2
17,Bully,1.8020594965675059,0.5885665250081726,8.0,0.04661654135338346,0.19409120627656096,0.3944753187316117,0.20367767244197446,0.20775580254985285,0.049661034837629466,0.9492626902157113,0.048195561802855426,0.9493017664978204,3,0,5,1,0.05,0.0,35,184,noisy,20,2
18,Anti Tit For Tat,1.791762013729977,0.5936417129780974,8.0,0.9368421052631579,0.19822654462242564,0.39541516835567175,0.19907649558679308,0.2072817914351095,0.04798733866585426,0.9481223562275959,0.047584156890626596,0.9497323357717388,3,0,5,1,0.05,0.0,35,184,noisy,20,2
19,Cooperator,1.5397597254004576,0.9503922850604772,1.0,0.9443609022556391,0.46341941811049364,0.48697286694998365,0.02428898332788493,0.025318731611637793,0.9508085721397885,0.9495289453445982,0.9520038914526879,0.9475328563417091,3,0,5,1,0.05,0.0,35,184,noisy,20,2
0,Defector,2.6253342245989306,0.07981283422459894,15.0,0.07916666666666666,0.03487076648841355,0.04494206773618538,0.4025846702317291,0.5176024955436721,0.07764722675107588,0.07603747116912246,0.08434748679417704,0.07860305708224963,3,0,5,1,0.08,0.06,15,187,noisy,17,3
1,Meta Winner: 15 players,2.622994652406417,0.09583333333333334,14.0,0.925,0.044518716577540106,0.05131461675579323,0.3935383244206774,0.5106283422459893,0.19749810164188072,0.1450594701084597,0.08562387413852572,0.08992878346677138,3,0,5,1,0.08,0.06,15,187,noisy,17,3
2,Grudger,2.614973262032086,0.10741978609625669,15.0,0.9208333333333333,0.058556149732620306,0.04886363636363637,0.38850267379679143,0.5040775401069519,0.39532716880358576,0.08345984692038194,0.08870426794988405,0.07965788740019059,3,0,5,1,0.08,0.06,15,187,noisy,17,3
3,"DoubleCrosser: (D, D)",2.549465240641711,0.25960338680926914,11.0,0.9166666666666666,0.1750891265597148,0.08451426024955437,0.3241310160427808,0.41626559714795014,0.5907263191473764,0.4278746925706646,0.18834271762037458,0.08755097883008695,3,0,5,1,0.08,0.06,15,187,noisy,17,3
4,Evolved HMM 5,2.5287433155080214,0.30474598930481284,11.0,0.8958333333333334,0.1607174688057041,0.14402852049910872,0.3350935828877006,0.36016042780748664,0.6733776564827232,0.334276606518226,0.14629173279652163,0.20973644320849685,3,0,5,1,0.08,0.06,15,187,noisy,17,3
5,Evolved FSM 16,2.461898395721925,0.264349376114082,12.0,0.9125,0.1000668449197861,0.1642825311942959,0.35536987522281643,0.3802807486631016,0.4072501829109489,0.3200077124875009,0.1879191546127016,0.23190671069937313,3,0,5,1,0.08,0.06,15,187,noisy,17,3
6,Tit For Tat,2.143716577540107,0.48498217468805704,7.0,0.9166666666666666,0.28406862745098044,0.20091354723707666,0.19378342245989305,0.3212344028520499,0.9294999182962111,0.07946397394788002,0.9182964828860563,0.0861825089408366,3,0,5,1,0.08,0.06,15,187,noisy,17,3
7,Meta Mixer: 15 players,2.0227272727272725,0.43870320855614975,9.0,0.7458333333333333,0.18362299465240645,0.2550802139037433,0.23157308377896613,0.3297237076648841,0.46172605867353855,0.4278831665627673,0.44583110144233357,0.43580678374862725,3,0,5,1,0.08,0.06,15,187,noisy,17,3
8,Win-Stay Lose-Shift,2.016042780748663,0.4960338680926916,6.0,0.9041666666666667,0.20969251336898398,0.2863413547237077,0.22279411764705886,0.28117201426024957,0.9160739358011805,0.08198120843552767,0.088238345050352,0.9230615663227429,3,0,5,1,0.08,0.06,15,187,noisy,17,3
9,Tit For 2 Tats,1.9237967914438503,0.6372771836007131,1.0,0.9541666666666667,0.37466577540106955,0.26261140819964357,0.10637254901960785,0.2563502673796792,0.9190362415116562,0.6131200596326891,0.9160539414449,0.30506860115904166,3,0,5,1,0.08,0.06,15,187,noisy,17,3
10,Alternator,1.919451871657754,0.501849376114082,6.0,0.9291666666666667,0.20884581105169342,0.29300356506238867,0.1986853832442068,0.29946524064171126,0.07814016834970063,0.07991932265882909,0.9240677078617392,0.9174047542110065,3,0,5,1,0.08,0.06,15,187,noisy,17,3
11,Random: 0.5,1.9184491978609626,0.49732620320855614,6.0,0.4583333333333333,0.20100267379679143,0.2963235294117647,0.20394385026737963,0.2987299465240642,0.505652158145385,0.49678453689488355,0.48863891712339413,0.49526169325264013,3,0,5,1,0.08,0.06,15,187,noisy,17,3
12,GTFT: 0.33,1.8963903743315507,0.621969696969697,2.0,0.8833333333333333,0.3276069518716578,0.29436274509803917,0.13562834224598933,0.2424019607843137,0.9268188352791308,0.3624893239264432,0.9207796130105372,0.3644882816443219,3,0,5,1,0.08,0.06,15,187,noisy,17,3
13,Win-Shift Lose-Stay: D,1.8656417112299466,0.5364973262032086,6.0,0.06666666666666667,0.193048128342246,0.34344919786096256,0.20354278074866308,0.25995989304812833,0.08246223227957913,0.9186368859307485,0.9277620053958469,0.08295775470825029,3,0,5,1,0.08,0.06,15,187,noisy,17,3
14,Anti Tit For Tat,1.7754010695187166,0.5992201426024956,6.0,0.925,0.18770053475935825,0.4115196078431373,0.19665775401069516,0.20412210338680925,0.07868581772414818,0.9183336982854731,0.07470212183822289,0.9189999920097991,3,0,5,1,0.08,0.06,15,187,noisy,17,3
15,Bully,1.7600267379679144,0.593783422459893,6.0,0.0875,0.18364527629233512,0.41013814616755795,0.20176024955436722,0.20445632798573973,0.08228389940868404,0.926336180451518,0.07506263466756662,0.9199499919151479,3,0,5,1,0.08,0.06,15,187,noisy,17,3
16,Cooperator,1.3669786096256684,0.9186274509803921,0.0,0.925,0.3826648841354724,0.5359625668449198,0.033689839572192515,0.047682709447415324,0.9238188592226022,0.9180683051677326,0.895323496167813,0.9199229235021218,3,0,5,1,0.08,0.06,15,187,noisy,17,3
0,Grudger,2.5824652777777777,0.1414481561302682,15.0,0.9127155172413793,0.0821210488505747,0.05932710727969349,0.3683548850574712,0.49019695881226055,0.48376746405422744,0.08580035909664024,0.10256126635850978,0.08586363654594453,3,0,5,1,0.09,0.09,58,72,noisy,17,4
1,Defector,2.560329861111111,0.0928220785440613,15.0,0.09267241379310345,0.03984075670498084,0.05298132183908045,0.3845336446360153,0.5226442768199234,0.09893724479765822,0.09511528349495038,0.09152823655772105,0.0914167036636096,3,0,5,1,0.09,0.09,58,72,noisy,17,4
2,Meta Winner: 15 players,2.5494791666666665,0.12464080459770115,14.0,0.8997844827586207,0.05895294540229886,0.0656878591954023,0.37580818965517243,0.4995510057471264,0.2606173422072905,0.2047989064295714,0.1015571178008082,0.10706475145069232,3,0,5,1,0.09,0.09,58,72,noisy,17,4
3,Evolved HMM 5,2.537760416666667,0.3526700191570881,11.0,0.9364224137931034,0.20833333333333337,0.1443366858237548,0.31709470785440613,0.33023527298850575,0.7122141035482641,0.35442137151129915,0.17216634183919594,0.22008190850279924,3,0,5,1,0.09,0.09,58,72,noisy,17,4
4,Evolved FSM 16,2.462673611111111,0.35756405651340994,11.0,0.9094827586206896,0.16813338122605365,0.18943067528735638,0.3259548611111111,0.3164810823754789,0.4689737690600254,0.40493531690799134,0.28586285741114237,0.2933421900448383,3,0,5,1,0.09,0.09,58,72,noisy,17,4
5,Suspicious Tit For Tat,2.208767361111111,0.4896132662835249,8.0,0.08512931034482758,0.2848868534482759,0.20472641283524906,0.20996467911877395,0.30042205459770116,0.9105058623440299,0.09550528118508773,0.905489482240858,0.08753553362697031,3,0,5,1,0.09,0.09,58,72,noisy,17,4
6,Tit For Tat,2.1909722222222223,0.5055076628352491,7.0,0.9073275862068966,0.29744372605363983,0.2080639367816092,0.20239164272030655,0.2921006944444444,0.9106871547652287,0.0904758584872303,0.9067182016675397,0.08874332162249027,3,0,5,1,0.09,0.09,58,72,noisy,17,4
7,Soft Joss: 0.9,2.1605902777777777,0.5506465517241379,4.0,0.9116379310344828,0.32005806992337166,0.2305884818007663,0.18654214559386972,0.2628113026819923,0.9051890835420613,0.1767595863682209,0.9106459518517502,0.17049935333195146,3,0,5,1,0.09,0.09,58,72,noisy,17,4
8,Win-Stay Lose-Shift,2.1085069444444446,0.5088302203065134,7.0,0.9008620689655172,0.23783225574712646,0.27099796455938696,0.22764008620689657,0.26352969348659,0.9127625914422366,0.09281478954543632,0.09320154801936731,0.912314253873852,3,0,5,1,0.09,0.09,58,72,noisy,17,4
9,Meta Mixer: 15 players,2.1024305555555554,0.46294300766283525,8.0,0.6433189655172413,0.21283824233716478,0.2501047653256705,0.2318905651340996,0.30516642720306514,0.5400293413210755,0.4092859553553286,0.5358148128629677,0.4035388958003835,3,0,5,1,0.09,0.09,58,72,noisy,17,4
10,Cycler DC,2.05078125,0.49920677681992337,6.5,0.08620689655172414,0.2036338601532567,0.2955729166666667,0.23582674808429122,0.26496647509578547,0.1993291399941987,0.17141883477507663,0.8331032391480717,0.7898992127231603,3,0,5,1,0.09,0.09,58,72,noisy,17,4
11,GTFT: 0.33,2.036892361111111,0.6429448036398467,2.0,0.90625,0.36194923371647514,0.2809955699233717,0.14692588601532566,0.2101293103448276,0.9074142606774692,0.35960822421871697,0.9043834513384168,0.35478505162925966,3,0,5,1,0.09,0.09,58,72,noisy,17,4
12,Tit For 2 Tats,2.01171875,0.6772030651340997,1.0,0.9030172413793104,0.4205130507662835,0.25669001436781613,0.10774365421455939,0.21505328065134097,0.9118721382221382,0.6363202431917732,0.9136355995084101,0.2915223785557389,3,0,5,1,0.09,0.09,58,72,noisy,17,4
13,Win-Shift Lose-Stay: D,1.9991319444444444,0.5239463601532567,6.0,0.08836206896551724,0.20882722701149425,0.31511913314176243,0.22332974137931036,0.252723898467433,0.08623205132164989,0.9102905825285088,0.9043353785929475,0.09034204204910604,3,0,5,1,0.09,0.09,58,72,noisy,17,4
14,Bully,1.9314236111111112,0.5593720067049809,7.0,0.09159482758620689,0.19475874042145597,0.3646132662835249,0.22431752873563218,0.21631046455938696,0.08706542134425718,0.9117228198551652,0.09125236082658822,0.910608326374996,3,0,5,1,0.09,0.09,58,72,noisy,17,4
15,Anti Tit For Tat,1.9110243055555554,0.5689655172413793,7.0,0.9073275862068966,0.20150862068965514,0.3674568965517242,0.21840577107279693,0.21262871168582376,0.08528745974592711,0.9095519208626264,0.09558875658144066,0.9090129794725741,3,0,5,1,0.09,0.09,58,72,noisy,17,4
16,Cooperator,1.5802951388888888,0.9105304118773946,0.0,0.915948275862069,0.4370659722222222,0.4734644396551724,0.043432710727969344,0.046036877394636,0.912658304621196,0.9063630000123561,0.9117867689940622,0.9118108229406147,3,0,5,1,0.09,0.09,58,72,noisy,17,4
0,Defector,2.660818713450292,0.09903617067359757,12.0,0.10082304526748971,0.04449137246408202,0.054544798209515556,0.40627030539311243,0.4946935239332901,0.09954825575862038,0.08759190226866985,0.09873156442985707,0.10006320997962011,3,0,5,1,0.1,0.06,81,57,noisy,13,5
1,Meta Winner: 11 players,2.6330409356725144,0.13601905999566818,11.0,0.8888888888888888,0.06745000360984765,0.06856905638582052,0.39118114215580096,0.4727997978485308,0.2920719812006399,0.16462901437690589,0.11924925951636851,0.10280723479019943,3,0,5,1,0.1,0.06,81,57,noisy,13,5
2,Evolved FSM 16,2.494152046783626,0.3652443866868818,9.0,0.9094650205761317,0.1907984983033716,0.17444588838351022,0.32203451014367196,0.3127211031694463,0.46990079441750615,0.3986961374014408,0.29269590292866293,0.29171181791007533,3,0,5,1,0.1,0.06,81,57,noisy,13,5
3,Suspicious Tit For Tat,2.280701754385965,0.5105407551801314,6.0,0.08127572016460906,0.29934661757273845,0.211194137607393,0.22104902173128296,0.2684102230885856,0.8991717688213847,0.10017940266142067,0.9011758526572375,0.10068633047811265,3,0,5,1,0.1,0.06,81,57,noisy,13,5
4,Tit For Tat,2.2660818713450293,0.5277055808244892,5.0,0.8837448559670782,0.3135333188939427,0.2141722619305465,0.21375712944913725,0.2585372897263736,0.903373693569231,0.0973662142853547,0.9005997702344609,0.09773181881134067,3,0,5,1,0.1,0.06,81,57,noisy,13,5
5,Cycler DC,2.2207602339181287,0.4933759295357736,6.0,0.10699588477366255,0.2215904988809472,0.27178543065482635,0.2638076673164393,0.24281640314778716,0.21007692958890758,0.18505590073165423,0.8190433458079053,0.7798619327856281,3,0,5,1,0.1,0.06,81,57,noisy,13,5
6,Meta Mixer: 11 players,2.1739766081871346,0.5154681972420764,5.0,0.6553497942386831,0.26212908815248,0.2533391090895964,0.22521839578369793,0.25931340697422567,0.5977228284361226,0.4361886356209764,0.5856450448321561,0.4379624981260149,3,0,5,1,0.1,0.06,81,57,noisy,13,5
7,Random: 0.5,2.1695906432748537,0.49922388275214785,6.0,0.5339506172839507,0.23745577936611073,0.2617681033860371,0.23909826005342574,0.26167785719442643,0.502091883237029,0.5028928851352134,0.4942540613629573,0.49617975063081904,3,0,5,1,0.1,0.06,81,57,noisy,13,5
8,Win-Stay Lose-Shift,2.141812865497076,0.5233918128654971,5.0,0.9053497942386831,0.2621110389141578,0.26128077395133925,0.2191719009457801,0.2574362861887229,0.903980670194731,0.10167530749219435,0.09677359846082356,0.9020808787100885,3,0,5,1,0.1,0.06,81,57,noisy,13,5
9,GTFT: 0.33,2.0964912280701755,0.6576961952205617,2.0,0.897119341563786,0.3773373763627175,0.2803588188578442,0.15298534401848243,0.18931846076095593,0.8981962902048773,0.36794243108370045,0.9075518540143958,0.36747385761691426,3,0,5,1,0.1,0.06,81,57,noisy,13,5
10,Anti Tit For Tat,2.090643274853801,0.5375785141867013,6.0,0.9135802469135802,0.21778210959497507,0.3197964045917262,0.24386325897047142,0.21855822684282722,0.10484340147356785,0.9060180315785192,0.10036802486685054,0.8997717751883384,3,0,5,1,0.1,0.06,81,57,noisy,13,5
11,Tit For 2 Tats,2.058479532163743,0.6933253916684716,1.0,0.8991769547325102,0.4300592015016966,0.263266190166775,0.11329506894809038,0.19337953938343802,0.8957221051056009,0.6436099111920922,0.9014080956668251,0.3269247857035353,3,0,5,1,0.1,0.06,81,57,noisy,13,5
12,Cooperator,1.7207602339181287,0.8997184318821746,1.0,0.8940329218106996,0.47029095372175284,0.4294274781604216,0.05221644646595912,0.04806512165186628,0.8998707898355285,0.9005557527541658,0.9153649079989333,0.9013082319667465,3,0,5,1,0.1,0.06,81,57,noisy,13,5
0,"DoubleCrosser: (D, D)",2.471813725490196,0.3788515406162465,5.0,0.9345238095238095,0.256827731092437,0.12202380952380952,0.26304271708683474,0.35810574229691877,0.7818325825261437,0.5366761955162104,0.2206817863332332,0.10913227547868216,3,0,5,1,0.09,0.06,28,68,noisy,7,6
1,Evolved FSM 16,2.3909313725490193,0.37631302521008403,5.0,0.9107142857142857,0.2098214285714286,0.16649159663865545,0.2844887955182073,0.3391981792717087,0.554420142387715,0.46124907797297965,0.33093845952136386,0.26807891095529457,3,0,5,1,0.09,0.06,28,68,noisy,7,6
2,Soft Joss: 0.9,2.251225490196078,0.5857843137254902,1.0,0.8809523809523809,0.35766806722689076,0.22811624649859943,0.1838235294117647,0.23039215686274508,0.9164895985447635,0.1913606397655949,0.9178583294713502,0.17863524487481286,3,0,5,1,0.09,0.06,28,68,noisy,7,6
3,Win-Stay Lose-Shift,2.1580882352941178,0.49290966386554624,2.5,0.8928571428571429,0.23012955182072833,0.26278011204481794,0.25525210084033617,0.2518382352941177,0.9191361193564074,0.09013239816286733,0.095419952516284,0.9056487423812499,3,0,5,1,0.09,0.06,28,68,noisy,7,6
4,Tit For Tat,2.1482843137254903,0.49325980392156865,2.0,0.8690476190476191,0.2768732492997199,0.21638655462184875,0.2059698879551821,0.30077030812324934,0.9073482948033611,0.09611692460906292,0.9167911489564647,0.08412375653937931,3,0,5,1,0.09,0.06,28,68,noisy,7,6
5,Meta Mixer: 6 players,2.133578431372549,0.43093487394957986,4.0,0.8095238095238095,0.21489845938375352,0.2160364145658263,0.22697829131652658,0.3420868347338935,0.6344980344278482,0.3089167273936071,0.56942896324728,0.2748856115054985,3,0,5,1,0.09,0.06,28,68,noisy,7,6
6,Win-Shift Lose-Stay: D,1.7120098039215685,0.5656512605042017,1.0,0.11904761904761904,0.1691176470588235,0.39653361344537813,0.18881302521008403,0.24553571428571427,0.096823270819356,0.9125062260420084,0.9039044883680161,0.10184480777056383,3,0,5,1,0.09,0.06,28,68,noisy,7,6
0,Evolved HMM 5,2.7184553210597215,0.3499808744532588,12.0,0.9586056644880174,0.24332684727835155,0.1066540271749073,0.33622711170982383,0.31379201383691724,0.7557811684394744,0.34435697801030407,0.12724688466847972,0.17035721521744504,3,0,5,1,0.04,0.02,27,131,noisy,18,7
1,Grudger,2.608441850022452,0.10442548520680536,16.0,0.9738562091503268,0.07543780871127076,0.0289876764955346,0.3672603901611535,0.5283141246320411,0.547940315293824,0.03995803620815708,0.04857910306224293,0.03945699434583486,3,0,5,1,0.04,0.02,27,131,noisy,18,7
2,Meta Winner: 16 players,2.5707229456668164,0.06131816594322207,15.0,0.9629629629629629,0.029885745646859255,0.03143242029636282,0.38480600043240365,0.5538758336243742,0.27500610305389595,0.20291489511229988,0.05430938250939758,0.052833900704465316,3,0,5,1,0.04,0.02,27,131,noisy,18,7
3,Defector,2.56757970363718,0.04029669543814133,17.0,0.034858387799564274,0.01638144655657004,0.023915248881571288,0.3886976334214771,0.5710056711403816,0.05672344152587909,0.04150855295025862,0.03986548154302284,0.03814865561087721,3,0,5,1,0.04,0.02,27,131,noisy,18,7
4,Suspicious Tit For Tat,2.240682532555007,0.5080909378170267,9.0,0.034858387799564274,0.3097673335661661,0.19832360425086068,0.20284721182790336,0.2890618503550699,0.9636168509426978,0.03790354381820904,0.960217890585618,0.042972532742317666,3,0,5,1,0.04,0.02,27,131,noisy,18,7
5,Tit For Tat,2.236641221374046,0.5248050025777911,7.0,0.9324618736383442,0.32453558183239367,0.20026942074539741,0.19799098604666632,0.2772040113755427,0.9643232858348499,0.04148956128516136,0.9609611521464252,0.042026937556852835,3,0,5,1,0.04,0.02,27,131,noisy,18,7
6,Soft Joss: 0.9,2.228558599012124,0.584144090206057,3.0,0.9673202614379085,0.3638676844783714,0.22027640572768548,0.17901511749738064,0.23684079229656235,0.9644117788808186,0.13313384249383237,0.9587665742008515,0.14183176852026538,3,0,5,1,0.04,0.02,27,131,noisy,18,7
7,Win-Stay Lose-Shift,2.221374045801527,0.507076452294234,8.0,0.9477124183006536,0.2514759932811123,0.25560045901312184,0.23995077250577926,0.2529727751999867,0.9577160157994231,0.04136261263085558,0.03843045966152966,0.9609116868602557,3,0,5,1,0.04,0.02,27,131,noisy,18,7
8,Cycler DC,2.1418949259092948,0.4963827770293868,9.0,0.05664488017429194,0.2064893811638311,0.28989339586555574,0.25431987892697366,0.24929734404363946,0.1132710550613486,0.10238993801666285,0.9015268321647634,0.8614163674351127,3,0,5,1,0.04,0.02,27,131,noisy,18,7
9,Alternator,2.1342613381230358,0.5020040246802707,7.0,0.9673202614379085,0.20886760132382048,0.29313642335645035,0.25250710971411466,0.24548886560561456,0.03764157198947553,0.04009199962251497,0.9567228181590677,0.9599754807709443,3,0,5,1,0.04,0.02,27,131,noisy,18,7
10,Meta Mixer: 16 players,2.1248316120341264,0.476242744765421,9.0,0.6296296296296297,0.22571471336626253,0.25052803139915847,0.23098671190274248,0.2927705433318365,0.5561657298760183,0.4216342523445169,0.5475934931163421,0.4165432277351305,3,0,5,1,0.04,0.02,27,131,noisy,18,7
11,GTFT: 0.33,2.104625056129322,0.6887358845149595,2.0,0.9520697167755992,0.42116117015084237,0.2675747143641171,0.1329474962164679,0.17831661926857256,0.9605234167492818,0.3456580083456243,0.960139818268131,0.3508910953046117,3,0,5,1,0.04,0.02,27,131,noisy,18,7
12,Random: 0.5,2.0983385720700496,0.4998087445325883,8.0,0.4793028322440087,0.22914068086946396,0.27066806366312435,0.2271449716442981,0.2730462838231137,0.5040418345507216,0.4993099079619187,0.49996249555166644,0.49490794321486253,3,0,5,1,0.04,0.02,27,131,noisy,18,7
13,Win-Shift Lose-Stay: D,2.0511899416255055,0.5264348317783433,8.0,0.04357298474945534,0.2189791947313276,0.3074556370470156,0.22646310432569972,0.24710206389595707,0.03496881819716908,0.9579546439827977,0.9564555191591961,0.04081548540944048,3,0,5,1,0.04,0.02,27,131,noisy,18,7
14,Tit For 2 Tats,2.0354737314773237,0.7156779590546991,0.0,0.9673202614379085,0.48016763957491393,0.23551031947978515,0.07754993430790466,0.20677210663739626,0.9536534719080398,0.69526502321236,0.9623835750614361,0.2901197740181634,3,0,5,1,0.04,0.02,27,131,noisy,18,7
15,Anti Tit For Tat,1.9577907498877414,0.5656671489630627,8.0,0.9629629629629629,0.2124099851984899,0.3532571637645728,0.21838048196377785,0.2159523690731594,0.037695744208827445,0.959420943413682,0.04066203846432866,0.9592670147405262,3,0,5,1,0.04,0.02,27,131,noisy,18,7
16,Bully,1.9564436461607546,0.5581333466380615,8.0,0.02832244008714597,0.20931663589948274,0.34881671073857873,0.22302050591228859,0.21884614744964992,0.03888992968059208,0.956902529926149,0.03578684270745491,0.9594429643571573,3,0,5,1,0.04,0.02,27,131,noisy,18,7
17,Cooperator,1.5446789402784014,0.9608342064561194,0.0,0.9586056644880174,0.4834771907066473,0.477357015749472,0.019541319496416038,0.01962447404746462,0.9614852909074917,0.9612729327419212,0.9594151581755068,0.9717511900173905,3,0,5,1,0.04,0.02,27,131,noisy,18,7
0,Grudger,2.4476683937823838,0.10066427527567424,9.0,0.9346153846153846,0.05565962534874451,0.04500464992692972,0.3455493556529826,0.5537863690713432,0.4424791527743402,0.06714025298427871,0.07645347993825413,0.06874564707405116,3,0,5,1,0.07,0.07,78,193,noisy,11,8
1,"DoubleCrosser: (D, D)",2.4357512953367877,0.30550684203533945,7.0,0.9346153846153846,0.22916168460209912,0.07634515743324032,0.2620964527700279,0.4323967051946326,0.6619803511799043,0.44573992267046975,0.19914784445189368,0.08789705810942355,3,0,5,1,0.07,0.07,78,193,noisy,11,8
2,Defector,2.435233160621762,0.07005447057260529,9.0,0.07179487179487179,0.02622558788361897,0.04382888268898632,0.35504184934236743,0.5749036800850272,0.06972245952169168,0.07257616283562618,0.07068891490008365,0.06863006646609397,3,0,5,1,0.07,0.07,78,193,noisy,11,8
3,Win-Stay Lose-Shift,2.2919689119170985,0.48657499667862364,6.0,0.9294871794871795,0.24077985917364159,0.24579513750498205,0.2726517869004915,0.2407732164208848,0.9301864810406715,0.06964600273495919,0.07200032398671431,0.9279133632337245,3,0,5,1,0.07,0.07,78,193,noisy,11,8
4,Tit For Tat,2.216839378238342,0.5241331207652451,5.0,0.9333333333333333,0.3263518001859971,0.19778132057924805,0.19895708781719146,0.27690979141756344,0.93331712578178,0.0708339592278194,0.9303904344004362,0.07463980783257088,3,0,5,1,0.07,0.07,78,193,noisy,11,8
5,Alternator,2.183419689119171,0.500724060050485,5.0,0.9192307692307692,0.20566626810150127,0.2950577919489837,0.2669390195296931,0.23233692041982196,0.07163572401072135,0.07000439786949496,0.9280307131082527,0.9262565236644973,3,0,5,1,0.07,0.07,78,193,noisy,11,8
6,Cycler DC,2.1751295336787564,0.4966919091271423,5.0,0.08076923076923077,0.20601833399760858,0.2906735751295336,0.26240201939683805,0.2409060714760197,0.16105965438496042,0.11913587078412072,0.8777734399570777,0.8181464064323422,3,0,5,1,0.07,0.07,78,193,noisy,11,8
7,GTFT: 0.33,2.094300518134715,0.6701740401222267,2.0,0.9346153846153846,0.3994420087684337,0.270732031353793,0.14669190912714228,0.18313405075063105,0.9280409876910847,0.35605700186834005,0.9303842190329481,0.36305454293632544,3,0,5,1,0.07,0.07,78,193,noisy,11,8
8,Tit For 2 Tats,2.0313471502590676,0.7139630662946725,1.0,0.9320512820512821,0.4725920021256808,0.24137106416899162,0.07588680749302511,0.21015012621230236,0.931426720587124,0.6986226909896536,0.9275324060441763,0.3898510081300228,3,0,5,1,0.07,0.07,78,193,noisy,11,8
9,Win-Shift Lose-Stay: D,2.001554404145078,0.5388667463796998,4.0,0.08461538461538462,0.21455427129002258,0.3243124750896772,0.22332934768167928,0.237803905938621,0.06955786288895549,0.9304180348381099,0.9311978885334661,0.06856264258355174,3,0,5,1,0.07,0.07,78,193,noisy,11,8
10,Cooperator,1.7979274611398965,0.9294805367344228,0.0,0.9256410256410257,0.5123621628802975,0.41711837385412515,0.03847482396705194,0.03204463929852531,0.9282434775104091,0.9304791662210835,0.9297507487362047,0.9375769412840029,3,0,5,1,0.07,0.07,78,193,noisy,11,8
0,Evolved HMM 5,2.324110671936759,0.3528834114845457,7.0,0.9011857707509882,0.20457614219428963,0.14830726929025606,0.26342277760047134,0.383693810914983,0.734415188592004,0.3555231567963225,0.17874090814918234,0.2218244192119597,3,0,5,1,0.08,0.05,23,161,noisy,12,9
1,Grudger,2.260304912478826,0.10352785211008274,10.0,0.932806324110672,0.044607566346696784,0.05892028576338595,0.3078830432327597,0.5885891046571576,0.3626681741911067,0.07998765789114536,0.08552566150014938,0.08496743419482393,3,0,5,1,0.08,0.05,23,161,noisy,12,9
2,Defector,2.228684359119142,0.08101539292465569,11.0,0.04743083003952569,0.027299732403702162,0.05371566052095353,0.3058208332310412,0.6131637738443031,0.09933036361059852,0.0868926803334419,0.07912771493895761,0.08051330185668676,3,0,5,1,0.08,0.05,23,161,noisy,12,9
3,Suspicious Tit For Tat,2.1840767927724447,0.47482385289568657,5.0,0.05928853754940711,0.24623769425281716,0.22858615864286938,0.22856160852380134,0.29661453858051207,0.9168748221664514,0.07324484546274755,0.9225408131873113,0.08673460838873304,3,0,5,1,0.08,0.05,23,161,noisy,12,9
4,Tit For Tat,2.1705251270468664,0.482262538973314,5.0,0.9051383399209486,0.25095131711388796,0.23131122185942604,0.22524734244961087,0.29249011857707513,0.9236140054454932,0.08260272673588763,0.9186721873179711,0.07894200747230092,3,0,5,1,0.08,0.05,23,161,noisy,12,9
5,Soft Joss: 0.9,2.140033879164314,0.5373284560430118,1.0,0.9051383399209486,0.2825718704735718,0.25475658556944,0.20685930326762084,0.2558122406893673,0.9195410598543442,0.16491087036700908,0.9235667209847304,0.1617873268344433,3,0,5,1,0.08,0.05,23,161,noisy,12,9
6,Win-Stay Lose-Shift,2.1174477696216827,0.49095328112341347,4.0,0.9288537549407114,0.21611469815628606,0.27483858296712743,0.24010016448579777,0.2689465543907888,0.9212304105196373,0.0789527830661746,0.08287115964750867,0.9229929082060018,3,0,5,1,0.08,0.05,23,161,noisy,12,9
7,Alternator,2.058159232072276,0.5012888812510741,5.0,0.9011857707509882,0.16583605430486337,0.33545282694621065,0.26565683843566645,0.23305428031325953,0.0834567857027082,0.07879052508795668,0.9193907107753755,0.9200426138454922,3,0,5,1,0.08,0.05,23,161,noisy,12,9
8,Cycler DC,2.046301524562394,0.4981955662484963,5.0,0.05533596837944664,0.17251368669138045,0.32568187955711586,0.25576314045123116,0.24604129330027255,0.20921715187199483,0.12719403124924483,0.8657413901334924,0.7980659112400272,3,0,5,1,0.08,0.05,23,161,noisy,12,9
9,Random: 0.5,1.9932241671372106,0.4986374683917217,5.0,0.4743083003952569,0.21437163970245257,0.28426582868926914,0.21233397981980218,0.28902855178847614,0.5068421439980483,0.5040677429417861,0.4941582325886184,0.4962931137973131,3,0,5,1,0.08,0.05,23,161,noisy,12,9
10,Tit For 2 Tats,1.9627329192546583,0.7039992143961898,0.0,0.8972332015810277,0.4340461051236099,0.26995310927258004,0.09154739400486094,0.20445339159894926,0.9198800503102127,0.6702234853406062,0.9154997713432969,0.31858171182371336,3,0,5,1,0.08,0.05,23,161,noisy,12,9
11,Win-Shift Lose-Stay: D,1.8718238283455675,0.5412810252129723,4.0,0.08695652173913043,0.19672010409250484,0.34456092112046743,0.20715390469643777,0.25156507009059,0.07879970726167346,0.9225526386105248,0.9153083285665347,0.08196975183380172,3,0,5,1,0.08,0.05,23,161,noisy,12,9
0,Evolved FSM 16,3.4247311827956985,0.40278692122010096,2.0,1.0,0.36262892253675666,0.040157998683344305,0.44491990344524907,0.15229317533464998,0.7857142857142857,0.379746835443038,0.07123287671232877,0.1410060975609756,3,0,5,1,0.0,0.09,49,62,noisy,4,10
1,Tit For Tat,2.4247311827956985,0.6486723721746763,0.0,1.0,0.48090849242922973,0.16776387974544657,0.1587667324994514,0.19256089532587228,1.0,0.0,1.0,0.0,3,0,5,1,0.0,0.09,49,62,noisy,4,10
2,Meta Mixer: 3 players,2.118279569892473,0.41463682247092387,2.0,0.6054421768707483,0.1673249945139346,0.24731182795698925,0.2565284178187404,0.32883475971033577,0.4406147406222167,0.4203883302941745,0.41063894506035536,0.4017729674679494,3,0,5,1,0.0,0.09,49,62,noisy,4,10
3,Bully,1.3118279569892473,0.694974764099188,1.0,0.0,0.15174456879526005,0.5432301953039281,0.1382488479262673,0.16677638797454467,0.0,1.0,0.0,1.0,3,0,5,1,0.0,0.09,49,62,noisy,4,10
0,Defector,2.5630287648054146,0.07040435593735087,6.0,0.07478632478632478,0.02959998264566793,0.04080437329168294,0.3822725497852401,0.547323094277409,0.08061130026101235,0.07256807430245928,0.06962084824046524,0.07007755895768662,3,0,5,1,0.07,0.08,78,197,noisy,7,11
1,"DoubleCrosser: (D, D)",2.461505922165821,0.13200138834656602,5.0,0.9316239316239316,0.05959043776302659,0.07241095058353943,0.34235758601240834,0.5256410256410257,0.4209662945710775,0.31349504356084085,0.09264703498424642,0.07496002395656536,3,0,5,1,0.07,0.08,78,197,noisy,7,11
2,Evolved FSM 16,2.1590524534686972,0.2515835828018569,4.0,0.9337606837606838,0.06971018265434509,0.18187340014751183,0.3053386264046163,0.4430777907935268,0.36738250355436647,0.3329966141259875,0.1420027730677967,0.2458360747264393,3,0,5,1,0.07,0.08,78,197,noisy,7,11
3,Meta Mixer: 6 players,1.771150592216582,0.3268688446353421,3.0,0.40384615384615385,0.09976571651698556,0.22710312811835656,0.20337107900559678,0.4697600763590611,0.29339612660951087,0.3388481884804056,0.3383604348790629,0.33449316316408245,3,0,5,1,0.07,0.08,78,197,noisy,7,11
4,Win-Shift Lose-Stay: D,1.436548223350254,0.5076467525706104,1.0,0.07264957264957266,0.1324460931059916,0.3752006594646189,0.13627489262007028,0.3560783548093193,0.07201351719093156,0.9297109845257466,0.9242534830057091,0.06972002056330118,3,0,5,1,0.07,0.08,78,197,noisy,7,11
5,Random: 0.5,1.4276649746192893,0.5025814568961777,1.0,0.5363247863247863,0.13410560111067726,0.3684758557855005,0.13391036487483188,0.3635081782289904,0.5028655743999971,0.500505578297995,0.49753168440217316,0.5017141611168002,3,0,5,1,0.07,0.08,78,197,noisy,7,11
6,Cycler DC,1.406937394247039,0.49798255889626447,1.0,0.05555555555555555,0.13439845546444532,0.3635841034318192,0.12592737212026553,0.37609006898347,0.1266317593302968,0.13137044992427935,0.8588994021183933,0.8743724641492442,3,0,5,1,0.07,0.08,78,197,noisy,7,11
0,Grudger,2.7416237113402064,0.10913643481665145,8.0,0.9240506329113924,0.07281743442515985,0.036319000391491586,0.4087335247292183,0.4821300404541302,0.5859704273172075,0.051747023816879206,0.07404873351751395,0.060880540169811606,3,0,5,1,0.06,0.1,79,194,noisy,9,12
1,Evolved HMM 5,2.731958762886598,0.35208958632389403,6.0,0.9367088607594937,0.2402127104267258,0.11187687589716822,0.34887609291400234,0.2990343207621036,0.7602942159598082,0.31959450259302846,0.1565145988439367,0.1873540651404364,3,0,5,1,0.06,0.1,79,194,noisy,9,12
2,"DoubleCrosser: (D, D)",2.723582474226804,0.3721861542476837,6.0,0.9430379746835443,0.2965059376223411,0.07568021662534256,0.30168504502153204,0.32612880073078426,0.758450855209249,0.5322035736027064,0.24071536168085533,0.08030761392137929,3,0,5,1,0.06,0.1,79,194,noisy,9,12
3,Soft Joss: 0.9,2.3079896907216497,0.6105963721779982,3.0,0.9367088607594937,0.4431929401017878,0.16740343207621036,0.1379273783113663,0.2514762495106355,0.9391294334398785,0.14579995782436705,0.9396295856244454,0.14479615892274322,3,0,5,1,0.06,0.1,79,194,noisy,9,12
4,Tit For 2 Tats,2.207474226804124,0.6924018008612814,1.0,0.9335443037974683,0.48599601983557356,0.20640578102570792,0.10262788725042411,0.20497031188829437,0.9383745663592304,0.6232079702906712,0.9406023557283812,0.26349510017234207,3,0,5,1,0.06,0.1,79,194,noisy,9,12
5,Win-Stay Lose-Shift,2.152061855670103,0.522747292183218,4.0,0.9256329113924051,0.26469724650920007,0.25805004567401796,0.21952890512853973,0.2577238026882422,0.9390594718768102,0.06082503487966094,0.06252540061686343,0.9404729338317163,3,0,5,1,0.06,0.1,79,194,noisy,9,12
6,Random: 0.5,2.080541237113402,0.5010031971812606,4.0,0.5079113924050633,0.22707327417460524,0.27392992300665536,0.22620873026229935,0.27278807255644005,0.5121527522267108,0.5056398247087923,0.500304496216647,0.495671927193303,3,0,5,1,0.06,0.1,79,194,noisy,9,12
7,Anti Tit For Tat,1.9297680412371134,0.5762592979250946,4.0,0.9541139240506329,0.15861933968419678,0.41763995824089784,0.25680216625342556,0.16693853582147983,0.06213029618724368,0.9409069624119524,0.05710427466127201,0.9388227529941372,3,0,5,1,0.06,0.1,79,194,noisy,9,12
8,Cooperator,1.5547680412371134,0.9398652616468746,0.0,0.9367088607594937,0.4551497455304711,0.48471551611640357,0.029631019183087564,0.030503719170037847,0.9396067303776131,0.9393746888126591,0.9494847584126511,0.9389575699554498,3,0,5,1,0.06,0.1,79,194,noisy,9,12
0,Defector,2.827814569536424,0.030433388049282088,9.0,0.03133903133903134,0.013905398011358277,0.016527990037923813,0.4487085149336806,0.5208580970170374,0.034028620355857894,0.036837257766070636,0.0306530291403595,0.03263509085191336,3,0,5,1,0.03,0.06,39,151,noisy,10,13
1,Meta Winner: 8 players,2.806475349521707,0.048583988981339976,8.0,0.9629629629629629,0.02241467142129394,0.026169317560046035,0.4438218146827418,0.5075941963359182,0.24380882378398874,0.2274177310780162,0.060350106474754014,0.03258547141144289,3,0,5,1,0.03,0.06,39,151,noisy,10,13
2,Evolved FSM 16,2.6880058866813834,0.3162204486707798,6.0,0.9658119658119658,0.11262051659402654,0.2035999320767533,0.42114299730193777,0.26263655402728253,0.38023164237544077,0.4348499791267824,0.2321186126789906,0.30721676478767157,3,0,5,1,0.03,0.06,39,151,noisy,10,13
3,Tit For Tat,2.074319352465048,0.43438803041452045,3.0,0.9572649572649573,0.2016565725174997,0.2327314578970208,0.22520329805098013,0.3404086715344994,0.9760213291315112,0.031346554382371244,0.9719795686209065,0.02706782978491495,3,0,5,1,0.03,0.06,39,151,noisy,10,13
4,Soft Joss: 0.9,2.0073583517292124,0.4866700628290032,0.0,0.9572649572649573,0.21907133827663633,0.26759872455236694,0.20571309975283483,0.3076168374181619,0.9649089232212916,0.12151973038462521,0.9644470730934498,0.12350672888786517,3,0,5,1,0.03,0.06,39,151,noisy,10,13
5,Meta Mixer: 8 players,1.8874172185430464,0.41380351314126146,6.0,0.6153846153846154,0.14490292635988,0.2689005867813815,0.21641101111299785,0.36978547574574067,0.3927725329770922,0.41941896020307884,0.3950641042610495,0.4205304225400472,3,0,5,1,0.03,0.06,39,151,noisy,10,13
6,Win-Shift Lose-Stay: D,1.7726269315673289,0.5225184430482444,3.0,0.039886039886039885,0.18067583630497538,0.34184260674326894,0.18573234467274202,0.29174921227901357,0.03028074669487403,0.9705500803309902,0.971350216840205,0.028999108770289557,3,0,5,1,0.03,0.06,39,151,noisy,10,13
7,Alternator,1.695364238410596,0.5011037527593819,3.0,0.9715099715099715,0.1758268711911096,0.3252768815682723,0.16637421935435182,0.33252202788626634,0.02707023418154522,0.0341625220691248,0.9696590284800366,0.9695673080306881,3,0,5,1,0.03,0.06,39,151,noisy,10,13
8,Bully,1.4849153789551142,0.6477613629931511,3.0,0.03133903133903134,0.20231693741627516,0.4454444255768759,0.13545027452312222,0.2167883624837267,0.03317287226865709,0.9696709674044511,0.030642967305325897,0.9673961610411665,3,0,5,1,0.03,0.06,39,151,noisy,10,13
9,Anti Tit For Tat,1.4775570272259015,0.6557612120526027,3.0,0.9743589743589743,0.20261881851285823,0.4531423935397445,0.13267674194826512,0.21156204599913211,0.027906821722311157,0.9662764228595806,0.03102062366147215,0.9707563419999445,3,0,5,1,0.03,0.06,39,151,noisy,10,13
0,Evolved FSM 16,2.4244604316546763,0.44999675934927735,4.0,0.9819819819819819,0.28511245058007645,0.16488430876920085,0.2516365286149459,0.29836671203577675,0.472215117638821,0.5854781218769776,0.5408851707227623,0.20897524452742797,3,0,5,1,0.02,0.07,37,139,noisy,7,14
1,Tit For 2 Tats,2.3189448441247005,0.8279862596409359,0.0,0.9774774774774775,0.6405470218419859,0.18743923779895003,0.05512346879253354,0.11689027156653053,0.9811371142460094,0.815360433294476,0.9812500819735095,0.2121239206264203,3,0,5,1,0.02,0.07,37,139,noisy,7,14
2,Suspicious Tit For Tat,2.3189448441247005,0.5505865577808023,3.0,0.02252252252252252,0.3508328472357249,0.19975371054507746,0.20591094691814113,0.24350249530105642,0.9785872372745228,0.01955052626374927,0.9807986535834118,0.018240194283595336,3,0,5,1,0.02,0.07,37,139,noisy,7,14
3,Tit For Tat,2.306954436450839,0.5671462829736211,2.0,0.972972972972973,0.37795709378443193,0.18918918918918917,0.18756886382785665,0.24528485319852225,0.9805352406055562,0.01975811498046093,0.9844283881417306,0.021475182438670044,3,0,5,1,0.02,0.07,37,139,noisy,7,14
4,Meta Mixer: 5 players,2.1498800959232613,0.46370471190615076,3.0,0.6621621621621622,0.2745803357314149,0.1891243761747359,0.19450385637436,0.3417914317194893,0.7483091466166206,0.282099790037783,0.7257131375710558,0.19241152417816298,3,0,5,1,0.02,0.07,37,139,noisy,7,14
5,Meta Winner: 5 players,2.050359712230216,0.23063711193207595,5.0,0.9864864864864865,0.13176485838356342,0.09887225354851255,0.2337481366258345,0.5356147514420896,0.5576002013154562,0.4363785522541539,0.3399052002691619,0.08117351006041716,3,0,5,1,0.02,0.07,37,139,noisy,7,14
6,Random: 0.5,1.9004796163069546,0.5047313500550911,2.0,0.5,0.20241104413766287,0.30232030591742826,0.2030915807894225,0.2921770691554864,0.4976040357626111,0.4965511204622735,0.5131586825120495,0.5097961314210501,3,0,5,1,0.02,0.07,37,139,noisy,7,14
0,Evolved HMM 5,2.6644688644688643,0.4772386587771203,9.0,0.9784615384615385,0.37262327416173574,0.10461538461538462,0.2575936883629191,0.2651676528599605,0.8988605865669518,0.36508109496110297,0.12819703751905193,0.17453135755231353,3,0,5,1,0.02,0.01,65,91,noisy,16,15
1,"DoubleCrosser: (D, D)",2.5604395604395607,0.5074668920822767,7.0,0.9815384615384616,0.44362919132149903,0.06383770076077769,0.18433361510284582,0.30819949281487735,0.9005638142068388,0.6944216422336584,0.2879768514919333,0.07225598355223549,3,0,5,1,0.02,0.01,65,91,noisy,16,15
2,Grudger,2.5186813186813186,0.19948154409692873,13.0,0.9794871794871794,0.17861932938856015,0.020862214708368555,0.29354747816286275,0.5069709777402086,0.7691428843086822,0.021575583064576846,0.04545494223786412,0.020940529164164785,3,0,5,1,0.02,0.01,65,91,noisy,16,15
3,Evolved FSM 16,2.4915750915750916,0.5118963088193857,8.0,0.9866666666666667,0.29185686108763037,0.22003944773175543,0.2793575655114117,0.2087461256692026,0.6472827086057453,0.5002324325745057,0.42343017111074926,0.42094943399256946,3,0,5,1,0.02,0.01,65,91,noisy,16,15
4,Meta Winner: 14 players,2.4315018315018317,0.044316708932093545,13.0,0.9774358974358974,0.024637926176387718,0.019678782755705834,0.35034094111017183,0.6053423499577346,0.4129543731669273,0.06954565868649058,0.07222836055897511,0.021911842371714785,3,0,5,1,0.02,0.01,65,91,noisy,16,15
5,Defector,2.41025641025641,0.01944209636517329,14.0,0.02564102564102564,0.007021696252465484,0.012420400112707805,0.3511186249647788,0.6294392786700479,0.047881845412008024,0.022421009252821016,0.01892194558934549,0.01829357417706091,3,0,5,1,0.02,0.01,65,91,noisy,16,15
6,Tit For Tat,2.2849816849816853,0.5697830374753452,5.0,0.9733333333333334,0.42475063398140317,0.14503240349394195,0.14170752324598476,0.28850943927867007,0.9808659637083281,0.01867699531640292,0.9805846531702723,0.020234840837616085,3,0,5,1,0.02,0.01,65,91,noisy,16,15
7,Soft Joss: 0.9,2.274725274725275,0.6368554522400677,2.0,0.9805128205128205,0.4734516765285996,0.16340377571146802,0.12445195829811212,0.23869258946182026,0.9821125916254979,0.11757439354471326,0.9782436326758644,0.11195190012798416,3,0,5,1,0.02,0.01,65,91,noisy,16,15
8,Suspicious Tit For Tat,2.189010989010989,0.5059678782755705,7.0,0.015384615384615385,0.3490673429134967,0.15690053536207382,0.1625584671738518,0.33147365455057765,0.9811323335407934,0.01802548954972527,0.9787159605007714,0.023283202019061557,3,0,5,1,0.02,0.01,65,91,noisy,16,15
9,GTFT: 0.33,2.186080586080586,0.7323076923076923,1.0,0.9825641025641025,0.522152719075796,0.21015497323189627,0.08829529444914061,0.17939701324316712,0.9804015961066906,0.33681259502520167,0.9779087988521152,0.33852106885121286,3,0,5,1,0.02,0.01,65,91,noisy,16,15
10,Win-Stay Lose-Shift,2.1787545787545786,0.5542744435052127,6.0,0.9764102564102564,0.30806424344885885,0.24621020005635388,0.20136376444068751,0.24436179205409975,0.9768472187318594,0.02082134186078889,0.018262291824465197,0.9775897508163942,3,0,5,1,0.02,0.01,65,91,noisy,16,15
11,Meta Mixer: 14 players,1.9472527472527472,0.42837982530290225,8.0,0.7302564102564103,0.1931022823330516,0.23527754296985065,0.20138630600169063,0.3702338686954072,0.5926700606637179,0.3348849759910383,0.5407327435323908,0.33351432129085173,3,0,5,1,0.02,0.01,65,91,noisy,16,15
12,Random: 0.5,1.8278388278388278,0.49750352211890675,5.0,0.5015384615384615,0.18859397013243165,0.3089095519864751,0.18974358974358976,0.31275288813750357,0.4985151238315789,0.4998412801690567,0.4929293432080517,0.49967136860789363,3,0,5,1,0.02,0.01,65,91,noisy,16,15
13,Cooperator,1.7772893772893774,0.9806931530008454,0.0,0.9784615384615385,0.5748548887010425,0.40583826429980274,0.011394759087066778,0.007912087912087912,0.9802079689406791,0.9799857203869782,0.9906259523899948,0.9861496157770935,3,0,5,1,0.02,0.01,65,91,noisy,16,15
14,Win-Shift Lose-Stay: D,1.6512820512820514,0.5804226542688081,5.0,0.024615384615384615,0.16981684981684983,0.4106058044519582,0.17958861651169347,0.23998872921949846,0.02156806971556968,0.9776415384254223,0.9824650738816003,0.017839809003400122,3,0,5,1,0.02,0.01,65,91,noisy,16,15
15,Anti Tit For Tat,1.6219780219780222,0.6453648915187377,5.0,0.9825641025641025,0.15193012116089039,0.4934347703578474,0.20043956043956046,0.15419554804170188,0.025296468780009695,0.9809165190500458,0.023534210169378438,0.9802647067256449,3,0,5,1,0.02,0.01,65,91,noisy,16,15
0,Evolved HMM 5,2.7280701754385968,0.38331632405112503,13.0,0.9584487534626038,0.28006998104679987,0.10324634300432521,0.31668853574379163,0.29999514020508333,0.8140794727370239,0.355094883767989,0.13545385540713734,0.17463357544842545,3,0,5,1,0.03,0.02,19,114,noisy,20,16
1,"DoubleCrosser: (D, D)",2.666666666666667,0.4204937551635321,10.0,0.9529085872576177,0.35546969917869464,0.06502405598483744,0.25380278952228214,0.3257034553141857,0.7941094753137478,0.632289308788576,0.27658311134396585,0.0643035216734927,3,0,5,1,0.03,0.02,19,114,noisy,20,16
2,Evolved FSM 16,2.6662049861495847,0.3920153569519366,13.0,0.9861495844875346,0.21409826505321475,0.17791709189872187,0.3490304709141274,0.2589541721339359,0.522867553531082,0.4543039719732546,0.32794890002800764,0.31691212068794095,3,0,5,1,0.03,0.02,19,114,noisy,20,16
3,Grudger,2.6029547553093257,0.1272780288671818,18.0,0.9722991689750693,0.10392671429265686,0.023351314574524953,0.354522039169947,0.5181999319628711,0.6658856412477847,0.04443817239929657,0.05596773233231682,0.028114891967298036,3,0,5,1,0.03,0.02,19,114,noisy,20,16
4,Defector,2.5503231763619576,0.0296933469407591,18.0,0.0221606648199446,0.011906497545803566,0.017786849394955534,0.3831948291782087,0.5871118238810321,0.08537435558268891,0.04079908550958248,0.03042736669393577,0.02979138813916787,3,0,5,1,0.03,0.02,19,114,noisy,20,16
5,Meta Winner: 18 players,2.538781163434903,0.056349322058609125,18.0,0.9722991689750693,0.027749428974097295,0.02859989308451184,0.3766098070661417,0.5670408708752491,0.3652662365501376,0.20823162738318168,0.045932896300736006,0.051535082736616535,3,0,5,1,0.03,0.02,19,114,noisy,20,16
6,Tit For Tat,2.2853185595567864,0.5483063614715459,8.0,0.96398891966759,0.35964912280701766,0.18865723866452833,0.18800116635077996,0.26369247217767405,0.973431951091542,0.03198980632284636,0.9736960942102402,0.03375983916025114,3,0,5,1,0.03,0.02,19,114,noisy,20,16
7,Soft Joss: 0.9,2.275161588180979,0.6103659425572241,4.0,0.9750692520775623,0.39947514214900137,0.2108908004082228,0.17118627593915536,0.21844778150362054,0.9708194901641812,0.12891127339575476,0.9726171313627406,0.14060152101271864,3,0,5,1,0.03,0.02,19,114,noisy,20,16
8,Suspicious Tit For Tat,2.2442289935364728,0.5104971570199738,10.0,0.0221606648199446,0.3173203090829567,0.19317684793701706,0.19886280798950282,0.2906400349905234,0.966583693429199,0.035875502697821283,0.9717221404724536,0.029087321310199234,3,0,5,1,0.03,0.02,19,114,noisy,20,16
9,Win-Stay Lose-Shift,2.1712834718374885,0.5172279729795403,8.0,0.9722991689750693,0.2564756767264421,0.2607522962530981,0.22568887592943582,0.2570831510910239,0.9703962180004894,0.029287617560642965,0.034810587905975576,0.9695576697148113,3,0,5,1,0.03,0.02,19,114,noisy,20,16
10,GTFT: 0.33,2.1625115420129273,0.7149487291636293,2.0,0.9722991689750693,0.4643291053117558,0.2506196238518735,0.12219954317927786,0.1628517276570929,0.9698133792020883,0.3477053867310893,0.9643687832930872,0.34881347605937574,3,0,5,1,0.03,0.02,19,114,noisy,20,16
11,Tit For 2 Tats,2.0854108956602033,0.7455897361131361,1.0,0.9833795013850416,0.5216503863536959,0.2239393497594401,0.06869320114691159,0.18571706273995237,0.970264529188082,0.7281994806629001,0.9693497457286647,0.37237151377578337,3,0,5,1,0.03,0.02,19,114,noisy,20,16
12,Meta Mixer: 18 players,2.062788550323176,0.44263012100889343,11.0,0.6980609418282548,0.1983525295232541,0.2442775914856393,0.2259561646498518,0.3314137143412548,0.5361853184156267,0.38563365122224724,0.5106879039090776,0.39511920847153514,3,0,5,1,0.03,0.02,19,114,noisy,20,16
13,Alternator,1.9843028624192058,0.5016523302716626,7.0,0.9667590027700831,0.18848714584244544,0.31316518442921715,0.23057296982067357,0.2677746999076639,0.030387332273233772,0.029629953283631598,0.9663311531346755,0.9699470343287656,3,0,5,1,0.03,0.02,19,114,noisy,20,16
14,Cycler DC,1.9783010156971377,0.5000242989745832,7.0,0.0332409972299169,0.18724789813869858,0.31277640083588476,0.22833746415901243,0.27163823686640426,0.09582565467476443,0.08456894709894075,0.9229524840568608,0.8910398838895877,3,0,5,1,0.03,0.02,19,114,noisy,20,16
15,Random: 0.5,1.9626038781163435,0.5030373718229091,7.0,0.5235457063711911,0.21198425426447004,0.291053117558439,0.20639549011031733,0.2905671380667736,0.5074625815055901,0.4915221495917055,0.516425870871373,0.5010677790580008,3,0,5,1,0.03,0.02,19,114,noisy,20,16
16,Win-Shift Lose-Stay: D,1.9007386888273312,0.5506390630315401,7.0,0.0221606648199446,0.200928220829081,0.349710842202459,0.2086552947465617,0.24070564222189827,0.03069741162026339,0.9711832353255201,0.9683235047121371,0.031691861555555874,3,0,5,1,0.03,0.02,19,114,noisy,20,16
17,Bully,1.8005540166204985,0.5905865772464401,9.0,0.027700831024930747,0.18926471302911016,0.40132186421733,0.20904407833989405,0.20036934441366577,0.031180951033690278,0.9707105085327923,0.043566021041374914,0.9634450203780688,3,0,5,1,0.03,0.02,19,114,noisy,20,16
18,Anti Tit For Tat,1.7479224376731302,0.6110220148709724,7.0,0.96398891966759,0.19587403411576026,0.41514798075521214,0.19040676483452396,0.19857122029450358,0.030804398519432754,0.9634934173467705,0.0311435056691415,0.9733941518452737,3,0,5,1,0.03,0.02,19,114,noisy,20,16
19,Cooperator,1.656971375807941,0.9692131992029936,1.0,0.9722991689750693,0.5162560139962092,0.45295718520678424,0.016523302716625356,0.014263498080381003,0.9692635689718593,0.9708548155646068,0.977611749662285,0.9770656158949202,3,0,5,1,0.03,0.02,19,114,noisy,20,16
0,"DoubleCrosser: (D, D)",2.4594594594594597,0.4550344462109168,8.0,0.9745098039215686,0.3805776364599893,0.0744568097509274,0.1914149443561208,0.35355060943296235,0.8819886837290548,0.6629369059797516,0.2621018901611839,0.06662943310169929,3,0,5,1,0.03,0.08,68,74,noisy,16,17
1,Evolved FSM 16,2.4481981981981984,0.46002914679385265,9.5,0.9745098039215686,0.2597509273979862,0.20027821939586646,0.2777954425013249,0.2621754107048225,0.5680791407847053,0.45289040895925614,0.3955737589859823,0.3619725611656851,3,0,5,1,0.03,0.08,68,74,noisy,16,17
2,Grudger,2.370720720720721,0.17024377318494965,13.0,0.9774509803921568,0.14109697933227347,0.029146793852676208,0.27866984631690517,0.5510863804981452,0.6961655512025742,0.0232612833381284,0.06221340331961784,0.03141970582172227,3,0,5,1,0.03,0.08,68,74,noisy,16,17
3,Meta Winner: 14 players,2.299099099099099,0.06255961844197139,13.0,0.9735294117647059,0.03251192368839428,0.03004769475357711,0.31510333863275036,0.6223370429252781,0.41920066328801575,0.16449472607832544,0.0674388233486979,0.03211816455345513,3,0,5,1,0.03,0.08,68,74,noisy,16,17
4,Soft Joss: 0.9,2.268468468468469,0.6121091679915209,2.0,0.9656862745098039,0.3993773184949656,0.2127318494965554,0.17015103338632748,0.2177397986221516,0.9704059482493191,0.12881403477261258,0.9697033772502183,0.11709419803637462,3,0,5,1,0.03,0.08,68,74,noisy,16,17
5,Tit For Tat,2.266216216216216,0.548622151563328,5.0,0.9813725490196078,0.35841282458929524,0.19020932697403284,0.18680445151033384,0.2645733969263382,0.9619373511858761,0.03164676689884347,0.9742653923789055,0.05607685953449438,3,0,5,1,0.03,0.08,68,74,noisy,16,17
6,Defector,2.2621621621621624,0.02947800741918389,14.0,0.03137254901960784,0.009830418653948068,0.019647588765235823,0.31853471118177007,0.651987281399046,0.04800085737086778,0.02935346646859089,0.028391963808073368,0.02936374412802032,3,0,5,1,0.03,0.08,68,74,noisy,16,17
7,Win-Stay Lose-Shift,2.1950450450450454,0.5174880763116058,6.0,0.9705882352941176,0.26082405935347114,0.2566640169581346,0.2320084790673026,0.2505034446210917,0.9734729452266225,0.03026306503913796,0.02939472546165808,0.9715175266657231,3,0,5,1,0.03,0.08,68,74,noisy,16,17
8,Suspicious Tit For Tat,2.185585585585586,0.4856120826709062,7.0,0.022549019607843137,0.29081875993640693,0.19479332273449923,0.1998410174880763,0.3145468998410175,0.9747407412978651,0.031132709854915466,0.9691139904567664,0.04055631874331659,3,0,5,1,0.03,0.08,68,74,noisy,16,17
9,Tit For 2 Tats,2.0873873873873876,0.7636459989401165,0.0,0.9696078431372549,0.5515633280339164,0.21208267090620028,0.050198728139904614,0.18615527291997883,0.9640864287850203,0.7595366624448837,0.9760215479785594,0.34966159300217586,3,0,5,1,0.03,0.08,68,74,noisy,16,17
10,Meta Mixer: 14 players,2.0463963963963963,0.44401165871754106,8.0,0.6823529411764706,0.2151828298887122,0.2288288288288288,0.21324854266030732,0.34273979862215154,0.6121529147419985,0.33792532180525486,0.587405360441563,0.32269446627642584,3,0,5,1,0.03,0.08,68,74,noisy,16,17
11,Alternator,2.0175675675675677,0.503365129835718,5.0,0.9686274509803922,0.16494435612082672,0.3384207737148914,0.2558823529411765,0.24075251722310545,0.030296192883381545,0.028637774283584033,0.969679880245962,0.9712950358364293,3,0,5,1,0.03,0.08,68,74,noisy,16,17
12,Cycler DC,2.001801801801802,0.5001059883412825,6.0,0.03137254901960784,0.16075781664016955,0.33934817170111287,0.2545839957604664,0.24531001589825122,0.10887765261340147,0.05155784326755542,0.9498646557540193,0.8796120435121374,3,0,5,1,0.03,0.08,68,74,noisy,16,17
13,Random: 0.5,1.9283783783783783,0.5038420773714891,6.0,0.5019607843137255,0.2062798092209857,0.29756226815050346,0.20459724430312662,0.2915606783253842,0.4958546157823722,0.5078747531334358,0.495288554881099,0.5045138383401934,3,0,5,1,0.03,0.08,68,74,noisy,16,17
14,Cooperator,1.8427927927927927,0.9695018547959724,0.0,0.9676470588235294,0.5810810810810811,0.3884207737148913,0.018137254901960782,0.012360890302066774,0.9702873919054861,0.9702396594837808,0.978498130493028,0.971035100429727,3,0,5,1,0.03,0.08,68,74,noisy,16,17
15,Win-Shift Lose-Stay: D,1.8418918918918918,0.5476152623211447,6.0,0.028431372549019607,0.19104398516163223,0.3565712771595125,0.20223900370959194,0.2501457339692633,0.028916456735572745,0.970551483293916,0.9706957371538034,0.02904811762175669,3,0,5,1,0.03,0.08,68,74,noisy,16,17
0,Grudger,2.714814814814815,0.36728395061728397,12.0,0.9648148148148148,0.2928395061728395,0.07444444444444445,0.29987654320987656,0.33283950617283947,0.769423316571091,0.053006247151207615,0.1465649597241936,0.05804909537501134,3,0,5,1,0.05,0.09,30,15,noisy,19,18
1,Defector,2.6537037037037035,0.05432098765432099,17.0,0.06666666666666667,0.026543209876543208,0.027777777777777773,0.40987654320987654,0.5358024691358024,0.1231035759998109,0.1413465189780979,0.057835367009941706,0.04994850420558858,3,0,5,1,0.05,0.09,30,15,noisy,19,18
2,Evolved HMM 5,2.583333333333333,0.5004938271604938,10.0,0.9518518518518518,0.3628395061728395,0.13765432098765434,0.2501234567901235,0.24938271604938272,0.8568296126546548,0.3568744401918784,0.17605384824267917,0.18496963550808776,3,0,5,1,0.05,0.09,30,15,noisy,19,18
3,Meta Winner: 17 players,2.562962962962963,0.2374074074074074,15.0,0.937037037037037,0.13518518518518519,0.10222222222222223,0.3454320987654321,0.4171604938271605,0.4895051043452178,0.3712581450359804,0.12974585013063522,0.1540957536066822,3,0,5,1,0.05,0.09,30,15,noisy,19,18
4,Evolved FSM 16,2.537037037037037,0.5554320987654321,9.0,0.9666666666666667,0.3750617283950618,0.1803703703703704,0.2402469135802469,0.20432098765432097,0.6619160709391863,0.33729118992784846,0.4705099988069785,0.3439546365491416,3,0,5,1,0.05,0.09,30,15,noisy,19,18
5,"DoubleCrosser: (D, D)",2.5055555555555555,0.6225925925925926,8.0,0.9462962962962963,0.44308641975308644,0.17950617283950618,0.19753086419753088,0.17987654320987653,0.8561717119531518,0.7451737005772904,0.22332521968483046,0.21728098781690816,3,0,5,1,0.05,0.09,30,15,noisy,19,18
6,Win-Stay Lose-Shift,2.3314814814814815,0.5961728395061728,5.0,0.9518518518518518,0.37395061728395057,0.2222222222222222,0.19851851851851854,0.20530864197530863,0.9451197770896549,0.04208692134972325,0.05318510668396618,0.9489443632927349,3,0,5,1,0.05,0.09,30,15,noisy,19,18
7,Tit For Tat,2.325925925925926,0.6079012345679012,3.0,0.9444444444444444,0.39555555555555555,0.21234567901234574,0.18469135802469133,0.2074074074074074,0.9541145133290938,0.04981074798305552,0.9543615951592856,0.07213094448813932,3,0,5,1,0.05,0.09,30,15,noisy,19,18
8,Suspicious Tit For Tat,2.2962962962962963,0.49074074074074076,8.0,0.05,0.2864197530864197,0.20432098765432094,0.23222222222222222,0.277037037037037,0.9389385271500443,0.05355008033176743,0.9601610749725135,0.0459870470275553,3,0,5,1,0.05,0.09,30,15,noisy,19,18
9,Meta Mixer: 17 players,2.2314814814814814,0.5060493827160494,8.0,0.6796296296296296,0.2717283950617284,0.23432098765432097,0.23185185185185184,0.26209876543209876,0.5423506063214029,0.4334894834743314,0.5464504652343298,0.4360517367986362,3,0,5,1,0.05,0.09,30,15,noisy,19,18
10,Random: 0.5,2.216666666666667,0.5001234567901235,7.0,0.5370370370370371,0.24827160493827152,0.2518518518518519,0.24197530864197528,0.25790123456790126,0.49189433910457414,0.5130811324965212,0.49640020868321355,0.5076457245819725,3,0,5,1,0.05,0.09,30,15,noisy,19,18
11,Cycler DC,2.2055555555555557,0.46901234567901234,7.5,0.053703703703703705,0.19888888888888887,0.2701234567901235,0.27012345679012345,0.26086419753086415,0.16236962783037556,0.10251602090889016,0.8952101131618796,0.8644557597606917,3,0,5,1,0.05,0.09,30,15,noisy,19,18
12,GTFT: 0.33,2.2018518518518517,0.7429629629629629,1.5,0.9537037037037037,0.4808641975308643,0.26209876543209876,0.1271604938271605,0.12987654320987654,0.9514908432502618,0.3767679278303193,0.9628921671804438,0.4198977227947214,3,0,5,1,0.05,0.09,30,15,noisy,19,18
13,Alternator,2.1537037037037035,0.5188888888888888,5.0,0.9444444444444444,0.23901234567901236,0.2798765432098765,0.2408641975308642,0.2402469135802469,0.04417235847190387,0.05880656686608571,0.9493210733708783,0.9503050489150318,3,0,5,1,0.05,0.09,30,15,noisy,19,18
14,Tit For 2 Tats,2.140740740740741,0.7997530864197531,0.5,0.9592592592592593,0.54320987654321,0.2565432098765432,0.07555555555555556,0.12469135802469136,0.9512125637660547,0.7246341302728588,0.9599775535697491,0.4244451044315724,3,0,5,1,0.05,0.09,30,15,noisy,19,18
15,Win-Shift Lose-Stay: D,2.1259259259259258,0.5140740740740741,8.0,0.044444444444444446,0.21012345679012345,0.3039506172839506,0.251604938271605,0.23432098765432097,0.06633557299693067,0.9385573316670204,0.9439779759893029,0.06186811834991073,3,0,5,1,0.05,0.09,30,15,noisy,19,18
16,Bully,2.0666666666666664,0.5171604938271605,7.5,0.05,0.19481481481481477,0.3223456790123457,0.2504938271604938,0.23234567901234562,0.06633807067776304,0.9465381369956243,0.0638182687546029,0.9496478293288819,3,0,5,1,0.05,0.09,30,15,noisy,19,18
17,Anti Tit For Tat,1.8814814814814815,0.5876543209876544,6.0,0.9388888888888889,0.22407407407407406,0.36358024691358026,0.2033333333333333,0.20901234567901236,0.05831670969275274,0.9489064259914394,0.08992377654914699,0.9490974729014449,3,0,5,1,0.05,0.09,30,15,noisy,19,18
18,Cooperator,1.8537037037037036,0.9502469135802469,1.0,0.9592592592592593,0.5567901234567902,0.3934567901234568,0.027530864197530865,0.022222222222222216,0.9435334732199103,0.9538509115142431,0.9706902059069241,0.9837348641696467,3,0,5,1,0.05,0.09,30,15,noisy,19,18
0,Alternator,2.473856209150327,0.5030399756801945,4.0,0.9418604651162791,0.20098039215686275,0.30205958352333184,0.34359325125399,0.1533667730658155,0.06920177731618297,0.07028722462126274,0.9311859108336309,0.9288640529330235,3,0,5,1,0.07,0.03,43,102,noisy,7,19
1,Tit For Tat,2.426470588235294,0.5702614379084967,3.0,0.9496124031007752,0.3132314941480468,0.2570299437604499,0.2677458580331357,0.16199270405836752,0.9286238349605157,0.06169876526521759,0.9250015368545076,0.07756287325250243,3,0,5,1,0.07,0.03,43,102,noisy,7,19
2,Bully,2.377450980392157,0.46971424228606173,4.0,0.05813953488372093,0.2797917616659067,0.18992248062015502,0.2515579875360997,0.27872777017783856,0.06699300206946053,0.928834405993904,0.06911443357198543,0.9354067028883039,3,0,5,1,0.07,0.03,43,102,noisy,7,19
3,Soft Joss: 0.9,2.357843137254902,0.6087931296549628,1.0,0.9186046511627907,0.3375512995896033,0.27124183006535946,0.2408420732634139,0.15036479708162334,0.9377312177151528,0.15687880927613154,0.9296479419396628,0.1612125599066048,3,0,5,1,0.07,0.03,43,102,noisy,7,19
4,Meta Winner: 6 players,2.354575163398693,0.49616203070375436,3.0,0.9069767441860465,0.2337361301109591,0.2624259005927953,0.2892536859705122,0.21458428332573343,0.4249046037095119,0.5819067746480144,0.3855883443000376,0.6835288496546545,3,0,5,1,0.07,0.03,43,102,noisy,7,19
5,Win-Stay Lose-Shift,2.3447712418300655,0.54890560875513,3.0,0.9069767441860465,0.3243654050767594,0.22454020367837058,0.22594619243046057,0.22514819881440948,0.9301771777359372,0.07252737239629899,0.0758805635998197,0.9327953495470477,3,0,5,1,0.07,0.03,43,102,noisy,7,19
6,GTFT: 0.33,2.2287581699346406,0.694140446876425,0.0,0.8992248062015504,0.40268277853777174,0.2914576683386533,0.17973856209150327,0.12612099103207175,0.9352669974434158,0.35861888835503336,0.9333346415764812,0.36877141116580175,3,0,5,1,0.07,0.03,43,102,noisy,7,19
0,Grudger,2.8134057971014492,0.12256864988558352,7.0,0.8881578947368421,0.0657418001525553,0.05682684973302823,0.4283466819221968,0.4490846681922197,0.29837255438374416,0.10277018392335846,0.10359419381581397,0.09969908528951393,3,0,5,1,0.1,0.1,19,138,noisy,9,20
1,Defector,2.807065217391304,0.09935163996948894,8.0,0.09868421052631579,0.0459096109839817,0.05344202898550725,0.4369755911517925,0.46367276887871856,0.08312204985411326,0.07173531141097982,0.10745558311929343,0.09994091574672535,3,0,5,1,0.1,0.1,19,138,noisy,9,20
2,Evolved HMM 5,2.5760869565217392,0.27417048054919907,6.0,0.868421052631579,0.12461861174675819,0.1495518688024409,0.369898932112891,0.35593058733791,0.5903272195553144,0.35527931855698713,0.137368981185086,0.21711276494975096,3,0,5,1,0.1,0.1,19,138,noisy,9,20
3,Evolved FSM 16,2.4655797101449277,0.2945747520976354,5.0,0.9342105263157895,0.10554919908466819,0.1890255530129672,0.36026887871853547,0.34515636918382914,0.3668332205450203,0.3787346335185263,0.2039649186394702,0.2694138420164276,3,0,5,1,0.1,0.1,19,138,noisy,9,20
4,Soft Joss: 0.9,2.0,0.49728260869565216,1.0,0.8947368421052632,0.2578661327231121,0.23941647597254007,0.17958619374523266,0.3231311975591152,0.9029513878426374,0.18281996192512967,0.8938274722989912,0.18226777689312135,3,0,5,1,0.1,0.1,19,138,noisy,9,20
5,Win-Shift Lose-Stay: D,1.8713768115942029,0.5172578184591915,3.0,0.1118421052631579,0.19250572082379866,0.32475209763539287,0.19975209763539284,0.28299008390541575,0.10204167271491146,0.9025889364281755,0.9095130435356935,0.09708936957461303,3,0,5,1,0.1,0.1,19,138,noisy,9,20
6,Cycler DC,1.7871376811594204,0.5029557589626239,3.0,0.08552631578947369,0.18492562929061784,0.3180301296720061,0.18206521739130432,0.3149790236460717,0.20554222462626165,0.20091823417695626,0.808980095695188,0.8133881919140304,3,0,5,1,0.1,0.1,19,138,noisy,9,20
7,Bully,1.6494565217391304,0.6122234935163997,3.0,0.10526315789473684,0.1717200610221205,0.44050343249427915,0.18769069412662087,0.20008581235697942,0.09985752035925735,0.9116283082585873,0.08989548447506203,0.9130621413600417,3,0,5,1,0.1,0.1,19,138,noisy,9,20
8,Cooperator,1.0978260869565217,0.9021739130434783,0.0,0.9078947368421053,0.29652936689549964,0.6056445461479787,0.03260869565217392,0.06521739130434782,0.8987094154904313,0.9041007878372946,0.8993614039749356,0.9037948454115641,3,0,5,1,0.1,0.1,19,138,noisy,9,20
0,Evolved HMM 5,2.9294871794871797,0.43875356125356124,12.0,0.9744444444444444,0.36032051282051275,0.07843304843304845,0.31969373219373215,0.24155270655270655,0.8356826272539818,0.3558401175906403,0.1309802238542569,0.15223099196526604,3,0,5,1,0.02,0.08,100,78,noisy,19,21
1,"DoubleCrosser: (D, D)",2.8603988603988606,0.505434472934473,11.0,0.98,0.44530626780626786,0.06012820512820516,0.25517094017094016,0.23939458689458692,0.8319771446038047,0.7206835701627854,0.30106777402778606,0.05851557753454242,3,0,5,1,0.02,0.08,100,78,noisy,19,21
2,Evolved FSM 16,2.8091168091168095,0.45612535612535615,12.0,0.9766666666666667,0.303497150997151,0.15262820512820513,0.3382834757834758,0.2055911680911681,0.582069349535979,0.43502228670794096,0.39292036174946254,0.353581837187962,3,0,5,1,0.02,0.08,100,78,noisy,19,21
3,Grudger,2.7475071225071224,0.21756410256410255,16.0,0.98,0.19643162393162392,0.02113247863247863,0.3434544159544159,0.4389814814814815,0.6872153686499552,0.021445993825798784,0.054230402164299384,0.020702991394661738,3,0,5,1,0.02,0.08,100,78,noisy,19,21
4,Defector,2.627849002849003,0.02084045584045584,17.0,0.024444444444444446,0.008547008547008546,0.01229344729344729,0.4053703703703704,0.5737891737891737,0.02957322859747181,0.026416237399368384,0.02160725277062222,0.02076438080492609,3,0,5,1,0.02,0.08,100,78,noisy,19,21
5,Tit For Tat,2.4212962962962963,0.6193376068376069,6.0,0.9794444444444445,0.4312179487179487,0.1881196581196581,0.18705128205128208,0.19361111111111112,0.9769873256014008,0.019944301149122077,0.9816628943726958,0.03055238116022261,3,0,5,1,0.02,0.08,100,78,noisy,19,21
6,Soft Joss: 0.9,2.3952991452991452,0.6675854700854701,3.0,0.9861111111111112,0.4676638176638177,0.19992165242165238,0.165042735042735,0.16737179487179488,0.9762368754921099,0.11413795406762281,0.979453414948741,0.12677188926840155,3,0,5,1,0.02,0.08,100,78,noisy,19,21
7,Suspicious Tit For Tat,2.3383190883190883,0.5535185185185185,11.0,0.019444444444444445,0.35977920227920224,0.19373931623931628,0.203468660968661,0.24301282051282053,0.977454430467026,0.02000631673248217,0.9776489373726922,0.021444245196204283,3,0,5,1,0.02,0.08,100,78,noisy,19,21
8,Win-Stay Lose-Shift,2.3098290598290596,0.5532122507122507,7.0,0.9855555555555555,0.3250925925925926,0.22811965811965815,0.22256410256410256,0.22422364672364667,0.9810232702785873,0.018818145864398412,0.01930016469193498,0.9790878801667997,3,0,5,1,0.02,0.08,100,78,noisy,19,21
9,GTFT: 0.33,2.3055555555555554,0.759508547008547,2.0,0.9727777777777777,0.5318518518518519,0.22765669515669515,0.11687321937321937,0.1236182336182336,0.9805390570962439,0.34390781144538185,0.9797920820914451,0.35327437057420663,3,0,5,1,0.02,0.08,100,78,noisy,19,21
10,Tit For 2 Tats,2.207977207977208,0.8106196581196581,1.0,0.9738888888888889,0.5960541310541312,0.21456552706552703,0.05902421652421652,0.13035612535612534,0.9806938828450966,0.7684067291599482,0.9794661172140654,0.3395153053941986,3,0,5,1,0.02,0.08,100,78,noisy,19,21
11,Meta Mixer: 18 players,2.1396011396011394,0.45475783475783477,10.0,0.7094444444444444,0.22101139601139602,0.23374643874643874,0.23358262108262107,0.31165954415954417,0.5440000583812006,0.3950019835372271,0.5271995001358882,0.3863405663510745,3,0,5,1,0.02,0.08,100,78,noisy,19,21
12,Alternator,2.0673076923076925,0.5028418803418804,7.0,0.9861111111111112,0.1971794871794872,0.3056623931623931,0.24465099715099717,0.2525071225071225,0.021418788807046518,0.017340040238062522,0.9788106507254598,0.9789898434318611,3,0,5,1,0.02,0.08,100,78,noisy,19,21
13,Cycler DC,2.0658831908831914,0.5004131054131055,7.0,0.028888888888888888,0.1941310541310541,0.30628205128205127,0.24554131054131056,0.2540455840455841,0.0887830556205719,0.06580876925776788,0.9399157246022387,0.9020375022914967,3,0,5,1,0.02,0.08,100,78,noisy,19,21
14,Random: 0.5,2.0455840455840453,0.5009472934472935,8.0,0.5144444444444445,0.2213461538461538,0.2796011396011396,0.22024216524216522,0.27881054131054134,0.5025196874439176,0.4956318993252064,0.4947449086683695,0.5000800391624897,3,0,5,1,0.02,0.08,100,78,noisy,19,21
15,Win-Shift Lose-Stay: D,1.9626068376068377,0.5635968660968661,8.0,0.011666666666666667,0.21027777777777776,0.35331908831908826,0.22034900284900286,0.21605413105413104,0.02102008081230603,0.9800830115062337,0.9793005248245983,0.019050660526254832,3,0,5,1,0.02,0.08,100,78,noisy,19,21
16,Bully,1.9034900284900287,0.5717521367521368,8.0,0.021111111111111112,0.1935826210826211,0.37816951566951573,0.22408831908831908,0.20415954415954415,0.022026867041278243,0.9792885424130024,0.021711104591584318,0.979692307518903,3,0,5,1,0.02,0.08,100,78,noisy,19,21
17,Cooperator,1.8247863247863247,0.9799430199430199,1.0,0.9805555555555555,0.5892450142450142,0.3906980056980057,0.012044159544159544,0.008012820512820512,0.979828402142962,0.9805538895297892,0.9824037870991061,0.984825497562594,3,0,5,1,0.02,0.08,100,78,noisy,19,21
18,Anti Tit For Tat,1.8091168091168093,0.5972079772079772,7.0,0.9816666666666667,0.20109686609686608,0.3961111111111111,0.2038319088319088,0.1989601139601139,0.021361009808129286,0.9807984550939478,0.01972356375835781,0.9798121365701018,3,0,5,1,0.02,0.08,100,78,noisy,19,21
0,Evolved HMM 5,2.85,0.42951388888888886,10.0,0.9583333333333334,0.31614583333333335,0.11336805555555556,0.3288194444444445,0.24166666666666664,0.8284013133752789,0.3646067110505478,0.16961297674422596,0.17226534683486056,3,0,5,1,0.05,0.03,16,24,noisy,16,22
1,Grudger,2.7916666666666665,0.25833333333333336,13.0,0.9458333333333333,0.20052083333333337,0.05781250000000001,0.3539930555555556,0.38767361111111115,0.6982647447004428,0.06349409328948971,0.09813163400970581,0.04661601751340609,3,0,5,1,0.05,0.03,16,24,noisy,16,22
2,Evolved FSM 16,2.6930555555555555,0.46770833333333334,9.0,0.9416666666666667,0.3081597222222222,0.1595486111111111,0.30086805555555557,0.23142361111111112,0.5859141320262446,0.4380501359497494,0.3975749793028566,0.32358351808180164,3,0,5,1,0.05,0.03,16,24,noisy,16,22
3,Meta Winner: 14 players,2.4027777777777777,0.3220486111111111,11.0,0.95,0.15173611111111107,0.17031250000000003,0.31597222222222227,0.36197916666666663,0.4742241192314511,0.609007723053231,0.16061464098534434,0.2193305593406426,3,0,5,1,0.05,0.03,16,24,noisy,16,22
4,Tit For Tat,2.354166666666667,0.5838541666666667,3.0,0.95,0.3487847222222222,0.23506944444444444,0.22447916666666667,0.19166666666666662,0.9539175012883877,0.052911818486171304,0.9470339969543217,0.048666981657775735,3,0,5,1,0.05,0.03,16,24,noisy,16,22
5,Soft Joss: 0.9,2.316666666666667,0.5996527777777778,2.0,0.9541666666666667,0.3515625,0.24809027777777776,0.2076388888888889,0.19270833333333334,0.9470045408731966,0.11527783969039654,0.9339144987712846,0.1354633511642037,3,0,5,1,0.05,0.03,16,24,noisy,16,22
6,Win-Stay Lose-Shift,2.2958333333333334,0.5625,5.0,0.9625,0.32881944444444444,0.2336805555555555,0.21788194444444448,0.21961805555555558,0.9474596509540549,0.04695804223617687,0.05301195699973975,0.9438271389460992,3,0,5,1,0.05,0.03,16,24,noisy,16,22
7,Suspicious Tit For Tat,2.2624999999999997,0.47239583333333335,6.0,0.04583333333333333,0.234375,0.23802083333333332,0.2529513888888889,0.2746527777777778,0.9576348514242691,0.0564578302267829,0.9512361016541949,0.06284443434805304,3,0,5,1,0.05,0.03,16,24,noisy,16,22
8,GTFT: 0.33,2.2111111111111112,0.7185763888888889,0.0,0.9458333333333333,0.44062500000000004,0.27795138888888893,0.15364583333333334,0.1277777777777778,0.9406825658725768,0.35350761928495195,0.9474780186393085,0.3702998162134973,3,0,5,1,0.05,0.03,16,24,noisy,16,22
9,Meta Mixer: 14 players,2.1916666666666664,0.4654513888888889,7.0,0.6291666666666667,0.21684027777777778,0.24861111111111117,0.24565972222222227,0.2888888888888889,0.5633753099573661,0.3901559151477398,0.5152854851837694,0.3986151190124685,3,0,5,1,0.05,0.03,16,24,noisy,16,22
10,Random: 0.5,2.05,0.4991319444444444,6.0,0.5041666666666667,0.22274305555555554,0.27638888888888885,0.2296875,0.2711805555555556,0.5081131743654173,0.49833528381125886,0.5065372319194179,0.5049582411151531,3,0,5,1,0.05,0.03,16,24,noisy,16,22
11,Alternator,2.0374999999999996,0.50625,4.0,0.9416666666666667,0.20277777777777778,0.30347222222222225,0.2361111111111111,0.25763888888888886,0.045927270474296095,0.053173543079790074,0.9465870006887069,0.9580313247624833,3,0,5,1,0.05,0.03,16,24,noisy,16,22
12,Cycler DC,2.0041666666666664,0.5022569444444445,5.0,0.05416666666666667,0.19288194444444448,0.30937499999999996,0.2324652777777778,0.2652777777777778,0.16309862365267547,0.12631163414489652,0.8751654392927615,0.8690216570426947,3,0,5,1,0.05,0.03,16,24,noisy,16,22
13,Win-Shift Lose-Stay: D,1.9388888888888887,0.5418402777777778,6.0,0.05,0.19305555555555548,0.3487847222222222,0.22309027777777773,0.23506944444444441,0.048754559348008326,0.9521280480369554,0.9501438138272148,0.05280859114829606,3,0,5,1,0.05,0.03,16,24,noisy,16,22
14,Bully,1.8875,0.5590277777777778,6.0,0.05,0.22031249999999997,0.3387152777777778,0.19583333333333328,0.24513888888888888,0.061245826220708025,0.9535899593436817,0.059555833580199107,0.9567102914266636,3,0,5,1,0.05,0.03,16,24,noisy,16,22
15,Anti Tit For Tat,1.8652777777777778,0.58125,4.0,0.95,0.2435763888888889,0.3376736111111111,0.17777777777777776,0.24097222222222225,0.03927754718631937,0.9564918758923359,0.04875815074738063,0.939712446789324,3,0,5,1,0.05,0.03,16,24,noisy,16,22
0,"DoubleCrosser: (D, D)",2.717723004694836,0.38072881734853564,4.0,0.9603174603174603,0.30164319248826293,0.07908562486027275,0.2988905656159177,0.3203806170355466,0.7338787651285834,0.5577355360933143,0.31362759890253783,0.06139114982067261,3,0,5,1,0.05,0.08,84,142,noisy,7,23
1,Grudger,2.545774647887324,0.1154007377598927,6.0,0.9583333333333334,0.08122345182204338,0.03417728593784932,0.35697518443997317,0.5276240778001341,0.6056321171593633,0.04258965877508806,0.07584071567795306,0.050097739040174345,3,0,5,1,0.05,0.08,84,142,noisy,7,23
2,Soft Joss: 0.9,2.2799295774647885,0.5910183322155154,2.0,0.9305555555555556,0.3864995528727923,0.20451877934272297,0.16722557567627988,0.24175609210820478,0.9505892233620465,0.13860929808685243,0.949668404682931,0.14907590575747123,3,0,5,1,0.05,0.08,84,142,noisy,7,23
3,Win-Stay Lose-Shift,2.1214788732394365,0.5259473507712944,3.0,0.9444444444444444,0.25890062597809077,0.2670467247932037,0.20784428794992174,0.2662083612787838,0.9522593123514763,0.05105686504490517,0.05265724521119858,0.946847215025652,3,0,5,1,0.05,0.08,84,142,noisy,7,23
4,Tit For 2 Tats,2.038732394366197,0.7035826067516209,0.0,0.9623015873015873,0.45784428794992177,0.24573831880169908,0.09057120500782473,0.20584618824055448,0.9508528144503828,0.6623363791295908,0.9487810115567096,0.2214186406091662,3,0,5,1,0.05,0.08,84,142,noisy,7,23
5,Cycler DC,2.022887323943662,0.5010758998435054,3.0,0.037698412698412696,0.2184495864073329,0.28262631343617256,0.2169545048066175,0.28196959534987703,0.12131851835699504,0.13373731603759034,0.8727555567458146,0.8774905449404756,3,0,5,1,0.05,0.08,84,142,noisy,7,23
6,Anti Tit For Tat,1.726525821596244,0.6081349206349206,3.0,0.9484126984126984,0.2091437513972725,0.39899116923764805,0.17372289291303378,0.21814218645204564,0.05714675535300053,0.9513506458053826,0.04798382749860373,0.9491778659521045,3,0,5,1,0.05,0.08,84,142,noisy,7,23
0,Grudger,2.594650205761317,0.17856341189674524,9.0,0.896969696969697,0.11275720164609054,0.0658062102506547,0.3618032173587729,0.4596333707444818,0.5196354295899663,0.11071598837157454,0.12907006982713767,0.10068948588025298,3,0,5,1,0.1,0.0,55,54,noisy,10,24
1,"DoubleCrosser: (D, D)",2.4876543209876543,0.395248784137673,7.0,0.8828282828282829,0.28189300411522633,0.11335578002244667,0.25907220351664795,0.34567901234567905,0.7364745568101979,0.5163770902066127,0.2683211358748644,0.1357615939205911,3,0,5,1,0.1,0.0,55,54,noisy,10,24
2,Evolved FSM 16,2.4403292181069958,0.41081182192293303,5.0,0.898989898989899,0.2162364384586607,0.19457538346427236,0.30344182566404787,0.28574635241301904,0.5044832286411233,0.41891387830155646,0.3627761280031549,0.335531600522422,3,0,5,1,0.1,0.0,55,54,noisy,10,24
3,Meta Winner: 9 players,2.4300411522633745,0.20688365132809577,7.0,0.907070707070707,0.09431350542461653,0.11257014590347926,0.33696221473999255,0.45615413393191173,0.31585189605153063,0.46709637576475405,0.15773852404064082,0.19897933091223038,3,0,5,1,0.1,0.0,55,54,noisy,10,24
4,Suspicious Tit For Tat,2.189300411522634,0.48282828282828283,5.0,0.08888888888888889,0.2866442199775533,0.19618406285072953,0.2032547699214366,0.3139169472502805,0.903933735743573,0.10519457312047088,0.8932514411697835,0.10389430628825887,3,0,5,1,0.1,0.0,55,54,noisy,10,24
5,Soft Joss: 0.9,2.1769547325102883,0.564122708567153,3.0,0.9171717171717172,0.3398428731762065,0.22427983539094656,0.180695847362514,0.255181444070333,0.8958083815251643,0.1824499724170706,0.8924497532514438,0.18331676054082185,3,0,5,1,0.1,0.0,55,54,noisy,10,24
6,Tit For 2 Tats,2.090534979423868,0.6985035540591096,1.0,0.9111111111111111,0.45375982042648705,0.2447437336326225,0.10520014964459408,0.1962962962962963,0.9052018164561986,0.6539039486295648,0.9053301316665527,0.33545319792174616,3,0,5,1,0.1,0.0,55,54,noisy,10,24
7,Cycler DC,2.0308641975308643,0.5037785260007482,3.0,0.10505050505050505,0.20471380471380474,0.2990647212869435,0.230115974560419,0.26610549943883277,0.2299616984381475,0.18569495522641244,0.8199095702557524,0.7970942375918638,3,0,5,1,0.1,0.0,55,54,noisy,10,24
8,Bully,1.8703703703703702,0.5680508791619903,3.0,0.08888888888888889,0.17957351290684623,0.388477366255144,0.2243920688365133,0.20755705200149643,0.09437910478941881,0.8995327172417146,0.10852340564761748,0.899127674039366,3,0,5,1,0.1,0.0,55,54,noisy,10,24
9,Cooperator,1.7633744855967077,0.897418630751964,0.0,0.8868686868686869,0.47687991021324344,0.42053872053872055,0.05465768799102132,0.047923681257014586,0.8996904434871017,0.8932127325679531,0.8947143769889618,0.8913531963985091,3,0,5,1,0.1,0.0,55,54,noisy,10,24
0,"DoubleCrosser: (D, D)",3.1719077568134173,0.6708595387840671,8.0,1.0,0.6582809224318658,0.012578616352201259,0.21714239638767943,0.1119980648282535,0.9927884615384616,0.75,0.0,0.0,3,0,5,1,0.0,0.07,52,106,noisy,10,25
1,Evolved HMM 5,3.1540880503144653,0.7076882760845025,2.0,1.0,0.6666666666666666,0.041021609417835836,0.2155297532656023,0.07678197064989517,1.0,0.4207233989842685,0.0,0.24168030551009276,3,0,5,1,0.0,0.07,52,106,noisy,10,25
2,Evolved FSM 16,3.120545073375262,0.7431865828092243,2.0,1.0,0.6666666666666666,0.07651991614255765,0.21593291404612158,0.040880503144654086,1.0,0.5,0.00980392156862745,0.918918918918919,3,0,5,1,0.0,0.07,52,106,noisy,10,25
3,Tit For Tat,2.646750524109015,0.7976939203354297,0.0,1.0,0.7295597484276729,0.06813417190775681,0.0639412997903564,0.13836477987421386,1.0,0.0,1.0,0.0,3,0,5,1,0.0,0.07,52,106,noisy,10,25
4,Soft Joss: 0.9,2.6142557651991614,0.8133970327366554,0.0,1.0,0.7308700209643606,0.08252701177229478,0.058841315916787616,0.127761651346557,1.0,0.11216796435253289,1.0,0.1011152308313173,3,0,5,1,0.0,0.07,52,106,noisy,10,25
5,Tit For 2 Tats,2.4706498951781968,0.8469601677148847,0.0,1.0,0.7431865828092243,0.10377358490566038,0.022012578616352203,0.1310272536687631,1.0,0.75,1.0,0.0,3,0,5,1,0.0,0.07,52,106,noisy,10,25
6,Defector,2.40041928721174,0.0,8.0,0.0,0.0,0.0,0.35008466376390907,0.649915336236091,0.0,0.0,0.0,0.0,3,0,5,1,0.0,0.07,52,106,noisy,10,25
7,Cooperator,2.1635220125786163,1.0,0.0,1.0,0.7211740041928721,0.2788259958071279,0.0,0.0,1.0,1.0,0.0,0.0,3,0,5,1,0.0,0.07,52,106,noisy,10,25
8,Win-Shift Lose-Stay: D,1.99895178197065,0.6185897435897436,5.0,0.0,0.22778584099338817,0.3908039025963554,0.23361151427189158,0.14779874213836475,0.0,1.0,1.0,0.0,3,0,5,1,0.0,0.07,52,106,noisy,10,25
9,Anti Tit For Tat,1.5786163522012577,0.6633809063054346,4.0,1.0,0.12048459925818417,0.5428963070472504,0.2199846798903403,0.11663441380422511,0.0,1.0,0.0,1.0,3,0,5,1,0.0,0.07,52,106,noisy,10,25
0,Suspicious Tit For Tat,2.9913793103448274,0.882183908045977,2.0,0.01282051282051282,0.8050397877984083,0.0771441202475685,0.11427939876215734,0.003536693191865605,0.9718724617334159,0.03816793893129771,0.977516041877744,0.18181818181818182,3,0,5,1,0.03,0.08,39,58,noisy,3,26
1,GTFT: 0.33,2.8965517241379315,0.9115826702033598,1.0,0.9743589743589743,0.8231653404067198,0.08841732979664015,0.08510167992926615,0.003315649867374006,0.9689712225714615,0.31886398176291797,0.9753917235837686,0.3977272727272727,3,0,5,1,0.03,0.08,39,58,noisy,3,26
2,Tit For 2 Tats,2.8706896551724137,0.9655172413793104,0.0,1.0,0.8992042440318303,0.06631299734748013,0.03249336870026526,0.0019893899204244036,0.9686923682486555,0.9176900584795322,0.959375,1.0,3,0,5,1,0.03,0.08,39,58,noisy,3,26
0,Evolved HMM 5,2.702469135802469,0.40167352537722906,12.0,0.9654320987654321,0.299684499314129,0.10198902606310013,0.2994375857338821,0.2988888888888888,0.810114847342117,0.3595162276175618,0.13046836751517582,0.16253728215582866,3,0,5,1,0.03,0.01,45,90,noisy,19,27
1,"DoubleCrosser: (D, D)",2.6537037037037035,0.44938271604938274,10.0,0.9641975308641976,0.3809053497942387,0.06847736625514404,0.239917695473251,0.31069958847736623,0.8170357879219657,0.6461807526064873,0.272235185199559,0.06708072606256664,3,0,5,1,0.03,0.01,45,90,noisy,19,27
2,Grudger,2.6117283950617285,0.15993141289437585,16.0,0.9691358024691358,0.1341838134430727,0.025747599451303158,0.34257887517146773,0.4974897119341564,0.7234433416750302,0.030388055815194593,0.058137876494167226,0.030728398967730337,3,0,5,1,0.03,0.01,45,90,noisy,19,27
3,Evolved FSM 16,2.5641975308641975,0.4354458161865569,12.0,0.9728395061728395,0.24459533607681752,0.19085048010973937,0.31556927297668047,0.2489849108367627,0.5429721305905386,0.4516235767655929,0.3759904775325953,0.3518499064275847,3,0,5,1,0.03,0.01,45,90,noisy,19,27
4,Defector,2.541975308641975,0.030137174211248285,17.0,0.027160493827160494,0.011989026063100134,0.01814814814814815,0.38388203017832645,0.5859807956104253,0.056460930985443546,0.05013667758265156,0.030617793597359777,0.030073830662959163,3,0,5,1,0.03,0.01,45,90,noisy,19,27
5,Meta Winner: 17 players,2.5123456790123457,0.06445816186556927,16.0,0.9629629629629629,0.033141289437585736,0.03131687242798355,0.36890260631001365,0.5666392318244171,0.36101114782324484,0.24258857400830935,0.052717420629485846,0.06009039294632702,3,0,5,1,0.03,0.01,45,90,noisy,19,27
6,Tit For Tat,2.3043209876543207,0.5604115226337448,7.0,0.9666666666666667,0.3768312757201646,0.18358024691358024,0.18183813443072705,0.2577503429355281,0.9701138494504522,0.027059282237663594,0.971595620783861,0.03588108997497347,3,0,5,1,0.03,0.01,45,90,noisy,19,27
7,Soft Joss: 0.9,2.285185185185185,0.6212482853223594,4.0,0.9728395061728395,0.42175582990397803,0.19949245541838134,0.1608230452674897,0.21792866941015088,0.9698253927567451,0.11970326257672641,0.9694207989351386,0.1163896942657986,3,0,5,1,0.03,0.01,45,90,noisy,19,27
8,Suspicious Tit For Tat,2.2530864197530867,0.5216049382716049,9.0,0.02962962962962963,0.3328532235939644,0.18875171467764063,0.1950480109739369,0.28334705075445815,0.9758656345872132,0.031200794358539057,0.9709517418870988,0.044001960877722276,3,0,5,1,0.03,0.01,45,90,noisy,19,27
9,Tit For 2 Tats,2.147530864197531,0.7491358024691358,0.0,0.9777777777777777,0.5420438957475994,0.20709190672153632,0.06807956104252401,0.1827846364883402,0.9730592842279518,0.716817474453268,0.9723112080301483,0.3603378504054277,3,0,5,1,0.03,0.01,45,90,noisy,19,27
10,GTFT: 0.33,2.145679012345679,0.7164746227709191,2.0,0.9765432098765432,0.4724691358024691,0.24400548696844993,0.11415637860082303,0.1693689986282579,0.9670490286666956,0.35079961547630656,0.970252020979193,0.34397881540728004,3,0,5,1,0.03,0.01,45,90,noisy,19,27
11,Meta Mixer: 17 players,2.069753086419753,0.45076817558299037,10.0,0.725925925925926,0.20979423868312758,0.2409739368998628,0.22366255144032923,0.3255692729766804,0.5555406452679075,0.3858803884153151,0.520272563405977,0.38550634543156687,3,0,5,1,0.03,0.01,45,90,noisy,19,27
12,Win-Stay Lose-Shift,2.0320987654320986,0.5566941015089163,7.0,0.971604938271605,0.29085048010973935,0.26584362139917694,0.17938271604938272,0.26392318244170093,0.9711515960595575,0.030018450891842643,0.03483308321610836,0.9708912874187278,3,0,5,1,0.03,0.01,45,90,noisy,19,27
13,Alternator,1.9839506172839505,0.5023045267489712,7.0,0.9629629629629629,0.18880658436213993,0.3134979423868313,0.22913580246913579,0.268559670781893,0.030822860486506762,0.029056941127948304,0.9679910223717708,0.9704333467839152,3,0,5,1,0.03,0.01,45,90,noisy,19,27
14,Cycler DC,1.9709876543209879,0.5002743484224965,7.0,0.02345679012345679,0.1856104252400549,0.31466392318244174,0.2288614540466392,0.2708641975308642,0.09758878502894272,0.08317149047834786,0.9265855158337237,0.8924065892932281,3,0,5,1,0.03,0.01,45,90,noisy,19,27
15,Random: 0.5,1.9574074074074075,0.5014266117969821,7.0,0.5135802469135803,0.20995884773662551,0.2914677640603566,0.2074485596707819,0.291124828532236,0.5091870351627109,0.49689680647074297,0.5130845281272834,0.5033997838372456,3,0,5,1,0.03,0.01,45,90,noisy,19,27
16,Bully,1.787037037037037,0.5959670781893004,8.0,0.027160493827160494,0.18513031550068587,0.4108367626886145,0.20641975308641983,0.19761316872427984,0.031222210358502162,0.9730291229701746,0.02791576374818483,0.9706278849113379,3,0,5,1,0.03,0.01,45,90,noisy,19,27
17,Anti Tit For Tat,1.7592592592592593,0.6064609053497942,7.0,0.9703703703703703,0.1938545953360768,0.41260631001371745,0.19689986282578872,0.19663923182441698,0.029779493557210743,0.9706321435089164,0.04887666078246443,0.972416076165485,3,0,5,1,0.03,0.01,45,90,noisy,19,27
18,Cooperator,1.6555555555555557,0.9700548696844993,1.0,0.9629629629629629,0.5207681755829904,0.4492866941015088,0.016584362139917694,0.01336076817558299,0.9692829137716146,0.9742963381778674,0.9688019654905806,0.9455702982258478,3,0,5,1,0.03,0.01,45,90,noisy,19,27
0,Defector,2.8666666666666667,0.041005291005291,14.0,0.05238095238095238,0.019708994708994707,0.021296296296296296,0.45978835978835975,0.49920634920634926,0.07171052631578947,0.10225422725422724,0.04364494569455135,0.04044935437607758,3,0,5,1,0.04,0.06,42,12,noisy,16,28
1,Grudger,2.7527777777777773,0.4402116402116402,9.0,0.953968253968254,0.36521164021164026,0.07499999999999998,0.2712962962962963,0.2884920634920635,0.8032957182506094,0.04465257689912068,0.15963309621087787,0.04369960762294745,3,0,5,1,0.04,0.06,42,12,noisy,16,28
2,Evolved HMM 5,2.65,0.557010582010582,7.0,0.9650793650793651,0.4222222222222223,0.1347883597883598,0.23664021164021162,0.20634920634920634,0.8740642300142376,0.331142978138079,0.17790074128237496,0.1604121652839259,3,0,5,1,0.04,0.06,42,12,noisy,16,28
3,Evolved FSM 16,2.5361111111111114,0.5887566137566138,7.0,0.926984126984127,0.4169312169312169,0.1718253968253968,0.22328042328042327,0.187962962962963,0.6982854689407582,0.32449441392895223,0.5389345569130947,0.31937414236649164,3,0,5,1,0.04,0.06,42,12,noisy,16,28
4,"DoubleCrosser: (D, D)",2.4666666666666663,0.6664021164021164,6.0,0.9650793650793651,0.46891534391534395,0.1974867724867725,0.18121693121693122,0.15238095238095237,0.8663188049249004,0.7671399443798109,0.20351800322448735,0.1949579296502105,3,0,5,1,0.04,0.06,42,12,noisy,16,28
5,Tit For Tat,2.397222222222222,0.6432539682539683,1.0,0.9603174603174603,0.43478835978835984,0.20846560846560847,0.18333333333333338,0.1734126984126984,0.9656057223956631,0.05839208987085071,0.9598123993310426,0.05895187083144907,3,0,5,1,0.04,0.06,42,12,noisy,16,28
6,Suspicious Tit For Tat,2.383333333333333,0.5021164021164021,7.0,0.044444444444444446,0.2796296296296296,0.22248677248677245,0.25846560846560845,0.23941798941798942,0.9616023212154536,0.042113706682911825,0.9673418762495863,0.04825973507525502,3,0,5,1,0.04,0.06,42,12,noisy,16,28
7,GTFT: 0.33,2.261111111111111,0.7436507936507937,1.0,0.9650793650793651,0.48677248677248675,0.2568783068783069,0.1322751322751323,0.12407407407407409,0.9441644992341665,0.3487023290624389,0.9637399171597028,0.3465686459268365,3,0,5,1,0.04,0.06,42,12,noisy,16,28
8,Meta Mixer: 15 players,2.258333333333333,0.5092592592592593,7.0,0.6730158730158731,0.27486772486772487,0.2343915343915344,0.2369047619047619,0.2538359788359788,0.5391768179161706,0.42645744936641833,0.5321034403025785,0.434547536160672,3,0,5,1,0.04,0.06,42,12,noisy,16,28
9,Win-Stay Lose-Shift,2.2249999999999996,0.6349206349206349,3.0,0.9650793650793651,0.40859788359788357,0.2263227513227513,0.15939153439153436,0.20568783068783067,0.9620602133675914,0.04283431619696037,0.05113724508542011,0.9665930143483596,3,0,5,1,0.04,0.06,42,12,noisy,16,28
10,Alternator,2.194444444444444,0.512962962962963,5.0,0.9555555555555556,0.23055555555555557,0.28240740740740744,0.2547619047619048,0.23227513227513227,0.04772628769484236,0.03822370108947365,0.9679353832559819,0.9596507373403568,3,0,5,1,0.04,0.06,42,12,noisy,16,28
11,Cycler DC,2.1805555555555554,0.49854497354497357,5.0,0.03333333333333333,0.2101851851851852,0.28835978835978837,0.2597883597883598,0.2416666666666666,0.1483554954051108,0.1058102715183448,0.9215051059328119,0.884998316010017,3,0,5,1,0.04,0.06,42,12,noisy,16,28
12,Bully,2.1666666666666665,0.49563492063492065,6.0,0.0380952380952381,0.18518518518518523,0.3104497354497355,0.27645502645502645,0.2279100529100529,0.04803859142760094,0.9709051056943631,0.04719850104119142,0.9604856358364409,3,0,5,1,0.04,0.06,42,12,noisy,16,28
13,Random: 0.5,2.158333333333333,0.4978835978835979,6.0,0.5015873015873016,0.23293650793650794,0.26494708994708993,0.24365079365079365,0.25846560846560845,0.5035893476138693,0.4909319333211582,0.49267921601171577,0.5148088676443423,3,0,5,1,0.04,0.06,42,12,noisy,16,28
14,Cooperator,1.9444444444444442,0.9596560846560847,0.0,0.9682539682539683,0.5956349206349206,0.36402116402116397,0.025793650793650792,0.014550264550264546,0.9654102089366728,0.9561004846428828,0.9556138306138305,0.9727644904115493,3,0,5,1,0.04,0.06,42,12,noisy,16,28
15,Anti Tit For Tat,1.9333333333333333,0.5841269841269842,4.0,0.9476190476190476,0.2302910052910053,0.35383597883597884,0.20992063492063495,0.20595238095238094,0.04087436302613926,0.9574562075505028,0.05779348195298079,0.9696029115916109,3,0,5,1,0.04,0.06,42,12,noisy,16,28
0,Meta Winner: 7 players,2.2897727272727275,0.09767992424242425,7.0,0.9734375,0.04872159090909091,0.048958333333333326,0.3104166666666667,0.5919034090909091,0.5409758722843877,0.21367315489823552,0.10547178757119463,0.028878453078899868,3,0,5,1,0.03,0.07,80,33,noisy,9,29
1,Defector,2.2765151515151514,0.030634469696969698,8.0,0.034375,0.009327651515151516,0.02130681818181818,0.31709280303030307,0.6522727272727273,0.0840143369175627,0.029610818589833925,0.031043593854654668,0.030367607824952618,3,0,5,1,0.03,0.07,80,33,noisy,9,29
2,"DoubleCrosser: (D, D)",2.2575757575757573,0.3715435606060606,5.0,0.9765625,0.24824810606060607,0.12329545454545454,0.2252840909090909,0.4031723484848484,0.9088932234440431,0.668917180705108,0.16212286518812188,0.03526700239262449,3,0,5,1,0.03,0.07,80,33,noisy,9,29
3,Win-Stay Lose-Shift,2.225378787878788,0.49640151515151515,3.0,0.978125,0.2296401515151515,0.26676136363636366,0.2552556818181818,0.24834280303030304,0.9742524792977851,0.029729036721535138,0.027936790581705055,0.9715547810221519,3,0,5,1,0.03,0.07,80,33,noisy,9,29
4,Meta Mixer: 7 players,1.9924242424242422,0.4251893939393939,4.0,0.584375,0.19696969696969696,0.228219696969697,0.20658143939393941,0.36822916666666666,0.5115643247377705,0.3911744306563356,0.5174498003477099,0.3621317881800191,3,0,5,1,0.03,0.07,80,33,noisy,9,29
5,Cycler DC,1.9715909090909092,0.48674242424242425,3.0,0.0328125,0.18319128787878786,0.3035511363636364,0.22675189393939393,0.2865056818181818,0.05776129881189689,0.061338228791605616,0.9448793808699897,0.9485025346593388,3,0,5,1,0.03,0.07,80,33,noisy,9,29
6,Alternator,1.9526515151515151,0.5088068181818182,2.0,0.9640625,0.19715909090909092,0.31164772727272727,0.21633522727272728,0.27485795454545453,0.031062404995194786,0.030671416629534057,0.9642390371437232,0.9763953738611637,3,0,5,1,0.03,0.07,80,33,noisy,9,29
7,Tit For 2 Tats,1.7102272727272727,0.7056818181818182,0.0,0.9625,0.40643939393939393,0.29924242424242425,0.05071022727272728,0.24360795454545456,0.9721362133519929,0.7236112212687642,0.9757107978262147,0.32677214062072385,3,0,5,1,0.03,0.07,80,33,noisy,9,29
8,Win-Shift Lose-Stay: D,1.691287878787879,0.5564867424242425,2.0,0.0234375,0.165625,0.39086174242424243,0.18541666666666667,0.2580965909090909,0.031457765360167554,0.973042860272064,0.9683260867685536,0.02853702648871064,3,0,5,1,0.03,0.07,80,33,noisy,9,29
0,Grudger,2.536324786324786,0.08637311762311763,11.0,0.9722222222222222,0.06325676638176637,0.02311635124135124,0.35969932844932845,0.553927553927554,0.5524730867613653,0.03047364808315016,0.04097317671045688,0.029738998681219212,3,0,5,1,0.03,0.04,84,156,noisy,13,30
1,Defector,2.499198717948718,0.030448717948717948,11.0,0.03273809523809524,0.011847527472527472,0.018601190476190476,0.37272334147334146,0.5968279405779406,0.03773443632218434,0.03122586644033041,0.029307236624840322,0.030085775114812086,3,0,5,1,0.03,0.04,84,156,noisy,13,30
2,Evolved FSM 16,2.4877136752136755,0.3709109177859178,8.0,0.9613095238095238,0.15937245624745627,0.21153846153846156,0.343616452991453,0.2854726292226292,0.4412298163086483,0.446691552173327,0.30980839711870817,0.31200046950775207,3,0,5,1,0.03,0.04,84,156,noisy,13,30
3,Meta Winner: 11 players,2.4786324786324787,0.04868106430606431,10.0,0.9761904761904762,0.021704568579568578,0.026976495726495724,0.36416997354497355,0.5871489621489622,0.3204995370271824,0.1937355826912478,0.05160754573250955,0.034333834398211936,3,0,5,1,0.03,0.04,84,156,noisy,13,30
4,Suspicious Tit For Tat,2.139690170940171,0.47006003256003254,6.0,0.022817460317460316,0.28321504884004883,0.18684498371998373,0.18949684574684575,0.3404431216931217,0.9729970511122016,0.029168182444274715,0.9678513355039123,0.030676577572372493,3,0,5,1,0.03,0.04,84,156,noisy,13,30
5,Soft Joss: 0.9,2.072916666666667,0.5329225172975173,2.0,0.9642857142857143,0.31458587708587704,0.2183366402116402,0.16351877289377287,0.30355870980870975,0.9692774871423602,0.1253213444032588,0.9705577937847366,0.12898007048451757,3,0,5,1,0.03,0.04,84,156,noisy,13,30
6,Meta Mixer: 11 players,1.9457799145299144,0.4108478327228327,7.0,0.5863095238095238,0.16438364875864878,0.2464641839641839,0.21670227920227922,0.3724498880748881,0.470916227118454,0.3750536565268534,0.4744743119728161,0.379956653383207,3,0,5,1,0.03,0.04,84,156,noisy,13,30
7,Tit For 2 Tats,1.924145299145299,0.6508190883190883,0.0,0.9682539682539683,0.425328144078144,0.22549094424094418,0.07604548229548228,0.27313542938542934,0.9712249960275049,0.666766021201589,0.9710235770969776,0.23148542175762998,3,0,5,1,0.03,0.04,84,156,noisy,13,30
8,Cycler DC,1.8942307692307692,0.4998282967032967,5.0,0.03670634920634921,0.1873346560846561,0.31249364061864066,0.20814255189255187,0.29202915140415137,0.08856740269245607,0.09875751904346657,0.8989071188360104,0.8810893864528503,3,0,5,1,0.03,0.04,84,156,noisy,13,30
9,GTFT: 0.33,1.8840811965811968,0.6399890618640619,1.0,0.9771825396825397,0.35365791615791614,0.2863311457061457,0.11820182132682133,0.24180911680911685,0.96954344844309,0.34222051479678756,0.9694403514900842,0.340628253080212,3,0,5,1,0.03,0.04,84,156,noisy,13,30
10,Random: 0.5,1.840811965811966,0.49862001424501423,5.0,0.5119047619047619,0.18964311151811153,0.30897690272690276,0.19229497354497357,0.3090850122100122,0.49950082374883986,0.4974114771891028,0.49753551328010154,0.5002564006959646,3,0,5,1,0.03,0.04,84,156,noisy,13,30
11,Bully,1.658119658119658,0.6228441697191697,5.0,0.027777777777777776,0.18826948514448516,0.43457468457468457,0.17763024013024012,0.19952559015059015,0.029988870515816172,0.970354344404095,0.027323244254350437,0.9715205082337498,3,0,5,1,0.03,0.04,84,156,noisy,13,30
12,Anti Tit For Tat,1.5969551282051282,0.6380558099308099,5.0,0.9722222222222222,0.19014550264550265,0.44791030728530723,0.16541386853886852,0.19653032153032152,0.032224748295253715,0.9699693855056669,0.0257121559012242,0.968603063207549,3,0,5,1,0.03,0.04,84,156,noisy,13,30
0,"DoubleCrosser: (D, D)",2.8313189700472936,0.43695480819758276,7.0,0.9931818181818182,0.390081450341566,0.04687335785601682,0.2731345244351025,0.28991066736731474,0.8803824087198894,0.7279681927359725,0.2633300056592761,0.10116343579536119,3,0,5,1,0.01,0.1,40,173,noisy,12,31
1,Meta Winner: 10 players,2.629532317393589,0.10156332107199159,10.0,0.990909090909091,0.04709668943772991,0.054466631634261714,0.39846295323173936,0.4999737256962691,0.523182357523226,0.4784031134894555,0.07526446457781294,0.15367364918579038,3,0,5,1,0.01,0.1,40,173,noisy,12,31
2,Soft Joss: 0.9,2.4311613242249077,0.6775354703100368,1.5,0.990909090909091,0.4638859695218077,0.2136495007882291,0.1793746715712034,0.14308985811875988,0.9899516068317699,0.09756699103387544,0.9910835938715223,0.1442094989321775,3,0,5,1,0.01,0.1,40,173,noisy,12,31
3,Tit For Tat,2.4293221229637414,0.6019574356279559,3.0,0.9863636363636363,0.3832632685233841,0.21869416710457168,0.21766946925906458,0.1803730951129795,0.9904302407742808,0.01029627409336875,0.9885634912610382,0.013311750373656148,3,0,5,1,0.01,0.1,40,173,noisy,12,31
4,Suspicious Tit For Tat,2.3486600105097217,0.5537178139779296,6.0,0.00909090909090909,0.32716763005780347,0.22655018392012607,0.2296374146085129,0.21664477141355756,0.9926052494629893,0.010716693061040419,0.9907973397814818,0.011040315620772604,3,0,5,1,0.01,0.1,40,173,noisy,12,31
5,Win-Stay Lose-Shift,2.343142406726222,0.5609301103520756,5.0,0.990909090909091,0.3392406726221756,0.22168943772990016,0.21851024697845506,0.22055964266946929,0.9896306333001621,0.011133352869093411,0.009731577401563204,0.9868395975144996,3,0,5,1,0.01,0.1,40,173,noisy,12,31
6,Cycler DC,2.223594324750394,0.49746452968996324,7.0,0.00909090909090909,0.18047819232790327,0.3169863373620599,0.2942459274829217,0.20828954282711507,0.08704733765307672,0.04445938152992352,0.9645486783704946,0.9071999361450955,3,0,5,1,0.01,0.1,40,173,noisy,12,31
7,Alternator,2.206778770362585,0.5015501839201261,4.0,0.9886363636363636,0.1814503415659485,0.3200998423541776,0.2900026274303731,0.20844718864950074,0.010307809630133924,0.012930531150557893,0.9894250722780381,0.9924436617377606,3,0,5,1,0.01,0.1,40,173,noisy,12,31
8,Meta Mixer: 10 players,2.1702574881765635,0.5288360483447189,4.0,0.7386363636363636,0.2759196006305833,0.25291644771413563,0.22531529164477143,0.2458486600105097,0.6376013074900467,0.426757841112388,0.6344346908601107,0.4323455904632229,3,0,5,1,0.01,0.1,40,173,noisy,12,31
9,Random: 0.5,2.1586967945349445,0.49905412506568575,5.0,0.49772727272727274,0.23880714661061483,0.26024697845507094,0.23678402522333156,0.2641618497109826,0.5015543164196616,0.47844652294751955,0.5004420981894511,0.4969793914080199,3,0,5,1,0.01,0.1,40,173,noisy,12,31
10,Anti Tit For Tat,2.1297950604308986,0.5296768260641093,5.0,0.9863636363636363,0.2359169732002102,0.2937598528638991,0.23612716763005784,0.23419600630583295,0.008188001518453189,0.9870856224889198,0.010857089133160736,0.9896472995702271,3,0,5,1,0.01,0.1,40,173,noisy,12,31
11,Cooperator,1.8812401471361009,0.9896741986337362,0.0,0.9840909090909091,0.6101287440882817,0.3795454545454546,0.006213872832369943,0.004111928533893852,0.989434008622588,0.9899776096498546,0.9972292773031632,0.9832172408793428,3,0,5,1,0.01,0.1,40,173,noisy,12,31
0,Grudger,2.301587301587302,0.17512360135310956,5.0,0.9289617486338798,0.1199583658600052,0.05516523549310435,0.2763466042154567,0.5485297944314338,0.6467228130049192,0.07322004317966734,0.10478660514324006,0.0708099793519859,3,0,5,1,0.07,0.04,61,63,noisy,7,32
1,"DoubleCrosser: (D, D)",2.298941798941799,0.4727643334200711,3.0,0.9344262295081968,0.3823835545147021,0.09038077890536907,0.15456674473067913,0.37266892184924977,0.7806888337780249,0.5849012539729791,0.32512017878314053,0.11826510845503622,3,0,5,1,0.07,0.04,61,63,noisy,7,32
2,Tit For Tat,2.251322751322751,0.5410703443490329,3.0,0.9344262295081968,0.38910573336802845,0.15196461098100442,0.15031659293954375,0.30861306271142336,0.9327764287308825,0.06812354105095296,0.9277129992756069,0.0673257964218613,3,0,5,1,0.07,0.04,61,63,noisy,7,32
3,Defector,2.251322751322751,0.06817590424147801,5.0,0.06830601092896176,0.021207390059849077,0.04696851418162893,0.3123861566484517,0.6194379391100703,0.07302944392662852,0.05681057935102799,0.06823926039474464,0.06527333564566877,3,0,5,1,0.07,0.04,61,63,noisy,7,32
4,Alternator,2.0925925925925926,0.5046838407494145,2.0,0.907103825136612,0.19320843091334894,0.31147540983606553,0.2535345650099748,0.24178159424061066,0.06643803538189866,0.07610605813529271,0.937814180115541,0.9372177322301952,3,0,5,1,0.07,0.04,61,63,noisy,7,32
5,Tit For 2 Tats,2.0873015873015874,0.6944661288923584,1.0,0.9344262295081968,0.5065920721658427,0.18787405672651572,0.06401249024199844,0.2415213808656432,0.9198359680016338,0.6878490314684775,0.9232804324587836,0.4270380695229201,3,0,5,1,0.07,0.04,61,63,noisy,7,32
6,Cooperator,1.8148148148148147,0.9297857576546101,0.0,0.9398907103825137,0.5236360482262122,0.406149709428398,0.03881516176598144,0.031399080579408455,0.9292025489925316,0.9298420907037338,0.9274642824689897,0.9250113071008593,3,0,5,1,0.07,0.04,61,63,noisy,7,32
0,Evolved HMM 5,2.662109375,0.4591749237804878,10.0,0.9527439024390244,0.3400819359756097,0.11909298780487809,0.2735804115853659,0.2672446646341464,0.8418769806164813,0.35230083661947853,0.157052358977937,0.18805177205161083,3,0,5,1,0.05,0.01,41,32,noisy,17,33
1,"DoubleCrosser: (D, D)",2.607421875,0.5508765243902439,10.0,0.948170731707317,0.4388814786585366,0.11199504573170732,0.21331935975609753,0.23580411585365857,0.8471725802997127,0.6903867308502373,0.2940924661706811,0.1296723778722599,3,0,5,1,0.05,0.01,41,32,noisy,17,33
2,Grudger,2.59765625,0.27134146341463417,14.0,0.9557926829268293,0.2194169207317073,0.05192454268292683,0.3024485518292683,0.42620998475609756,0.7220193964203564,0.05147586296786257,0.11539311242678985,0.05050029795026358,3,0,5,1,0.05,0.01,41,32,noisy,17,33
3,Evolved FSM 16,2.51953125,0.5241996951219512,9.0,0.9375,0.3359851371951219,0.18821455792682928,0.2559546493902439,0.2198456554878049,0.6461548377009767,0.445514561035239,0.45727758600374435,0.3472625750272422,3,0,5,1,0.05,0.01,41,32,noisy,17,33
4,Defector,2.498046875,0.0487328506097561,15.0,0.042682926829268296,0.01905487804878049,0.029677972560975603,0.3731897865853659,0.578077362804878,0.10618044450367212,0.13782860862254812,0.051469912788836066,0.045059353365909376,3,0,5,1,0.05,0.01,41,32,noisy,17,33
5,Tit For Tat,2.380859375,0.5980849847560976,5.0,0.9542682926829268,0.411156631097561,0.18692835365853652,0.1844988567073171,0.2174161585365854,0.9469181115658392,0.046806823008594164,0.9527762190012652,0.05058842447507119,3,0,5,1,0.05,0.01,41,32,noisy,17,33
6,Soft Joss: 0.9,2.36328125,0.6450552591463414,3.0,0.9557926829268293,0.43945312500000006,0.20560213414634146,0.17044588414634146,0.18449885670731705,0.9465994758515102,0.14348557171800733,0.9563142205946276,0.1619372864182949,3,0,5,1,0.05,0.01,41,32,noisy,17,33
7,Win-Stay Lose-Shift,2.34375,0.5622141768292683,6.0,0.9588414634146342,0.3344607469512195,0.22775342987804878,0.2206078506097561,0.21717797256097562,0.9514330989711088,0.052579643606313696,0.05504981021714296,0.9551404290992798,3,0,5,1,0.05,0.01,41,32,noisy,17,33
8,Suspicious Tit For Tat,2.3359375,0.5353467987804879,8.0,0.051829268292682924,0.3459413109756098,0.18940548780487806,0.20750762195121955,0.2571455792682926,0.9546008944800112,0.04238499864673548,0.9442870369903176,0.07207217650031049,3,0,5,1,0.05,0.01,41,32,noisy,17,33
9,GTFT: 0.33,2.27734375,0.7379477896341463,2.0,0.9542682926829268,0.5051448170731708,0.2328029725609756,0.12609565548780488,0.13595655487804878,0.9485878272555592,0.3451315589526138,0.9513369731939106,0.34578746172835306,3,0,5,1,0.05,0.01,41,32,noisy,17,33
10,Tit For 2 Tats,2.255859375,0.7926352896341463,1.0,0.9359756097560976,0.5794112042682927,0.2132240853658537,0.07379001524390245,0.13357469512195125,0.9522468017600317,0.741579819637681,0.9457844661129705,0.44540302441508556,3,0,5,1,0.05,0.01,41,32,noisy,17,33
11,Meta Mixer: 16 players,2.212890625,0.4797541920731707,8.0,0.6448170731707317,0.2563357469512195,0.22341844512195125,0.23084984756097565,0.2893959603658537,0.6032501378988602,0.36373137368076636,0.577530602739858,0.35954197162740387,3,0,5,1,0.05,0.01,41,32,noisy,17,33
12,Random: 0.5,2.109375,0.5007145579268293,7.0,0.49085365853658536,0.23084984756097562,0.26986471036585363,0.23046875,0.2688166920731707,0.5022711160023421,0.5052137667455707,0.4973283099927271,0.4976114049072128,3,0,5,1,0.05,0.01,41,32,noisy,17,33
13,Cycler DC,2.103515625,0.5004287347560976,6.0,0.054878048780487805,0.18964367378048783,0.31078506097560976,0.2563833841463415,0.243187881097561,0.14729720743799862,0.10907240792534738,0.9009655781527239,0.8622669970599908,3,0,5,1,0.05,0.01,41,32,noisy,17,33
14,Win-Shift Lose-Stay: D,2.033203125,0.5455411585365854,7.0,0.041158536585365856,0.2107469512195122,0.3347942073170731,0.23418445121951223,0.22027439024390244,0.05522510127589503,0.9491521898207482,0.9461025016236921,0.05737047185160735,3,0,5,1,0.05,0.01,41,32,noisy,17,33
15,Cooperator,1.96875,0.9489329268292683,0.0,0.9390243902439024,0.5939881859756098,0.3549447408536586,0.03205983231707317,0.019007240853658534,0.9485052505869019,0.9494489134968653,0.9583752934069918,0.9427411118574912,3,0,5,1,0.05,0.01,41,32,noisy,17,33
16,Bully,1.9375,0.5554496951219512,7.0,0.028963414634146343,0.18273628048780488,0.3727134146341463,0.23775724085365854,0.2067930640243903,0.049376079576840634,0.9577111430092229,0.049537480207639845,0.9465902500513612,3,0,5,1,0.05,0.01,41,32,noisy,17,33
0,Grudger,2.5558375634517763,0.10381650686219214,17.0,0.9320987654320988,0.05293601554176851,0.05088049132042363,0.3743623488124334,0.5218211443253744,0.3574841714290222,0.08076326167648301,0.08869800998813727,0.08050380295663627,3,0,5,1,0.08,0.08,45,197,noisy,19,34
1,Defector,2.5527354765933445,0.08005890831609952,17.0,0.0691358024691358,0.03301999122642101,0.04703891708967851,0.3834994046499969,0.5364416870339036,0.08073022038684297,0.07659884100335927,0.0802469095940289,0.08083667652676842,3,0,5,1,0.08,0.08,45,197,noisy,19,34
2,Meta Winner: 17 players,2.5389170896785114,0.09454158049758726,16.0,0.9209876543209876,0.04220718180109043,0.05233439869649684,0.3743122140753275,0.5311462054270852,0.19918238576844685,0.14595049053317072,0.08815456700034159,0.0859399008098139,3,0,5,1,0.08,0.08,45,197,noisy,19,34
3,"DoubleCrosser: (D, D)",2.537789058093627,0.25913392241649436,13.0,0.9320987654320988,0.18013411042175848,0.07899981199473587,0.31272168954064045,0.4281443880428652,0.6015758622892995,0.4176367701738266,0.17438217418934748,0.09249628752028304,3,0,5,1,0.08,0.08,45,197,noisy,19,34
4,Evolved FSM 16,2.4658770445572475,0.2691734035219653,13.0,0.891358024691358,0.10893025004700133,0.16024315347496396,0.353763238704017,0.3770633577740177,0.3707604966917131,0.3539426364380198,0.21655086725507378,0.22423822392462356,3,0,5,1,0.08,0.08,45,197,noisy,19,34
5,Tit For Tat,2.188945290468133,0.494127968916463,8.0,0.9185185185185185,0.2783605940966347,0.2157673748198283,0.2120135363790186,0.29385849470451836,0.9163315510860007,0.08123699704328019,0.919387404895828,0.08081873985307012,3,0,5,1,0.08,0.08,45,197,noisy,19,34
6,Suspicious Tit For Tat,2.1528482797518333,0.4755593156608385,8.0,0.07901234567901234,0.26003634768440187,0.21552296797643666,0.2130224979632763,0.3114181863758852,0.9216857700964548,0.08323097416367106,0.9195496748216594,0.07738576618813817,3,0,5,1,0.08,0.08,45,197,noisy,19,34
7,Win-Stay Lose-Shift,2.131697687535251,0.4938835620730714,8.0,0.9185185185185185,0.22301184433164123,0.2708717177414301,0.23871655073008713,0.26739988719684155,0.9198598831756148,0.07900883847297394,0.08031698291756434,0.9189809919948007,3,0,5,1,0.08,0.08,45,197,noisy,19,34
8,Soft Joss: 0.9,2.128595600676819,0.5371623738798019,3.0,0.9135802469135802,0.29882810052014785,0.23833427335965413,0.1929999373315786,0.2698376887886194,0.921088456284282,0.16191929615972145,0.9210936394647189,0.16973353677600694,3,0,5,1,0.08,0.08,45,197,noisy,19,34
9,Meta Mixer: 17 players,2.077552171460801,0.453863508178229,11.0,0.6851851851851852,0.2043241210753901,0.24953938710283888,0.23122140753274426,0.3149150842890267,0.5192871033525284,0.409507108394777,0.5149373611838657,0.40464543621264204,3,0,5,1,0.08,0.08,45,197,noisy,19,34
10,Alternator,2.0569655950366608,0.5013097700068935,7.0,0.9185185185185185,0.20355329949238576,0.2977564705145077,0.23662969229805098,0.26206053769505544,0.08088209266482026,0.0804162097356913,0.9199598852656093,0.9189589027199584,3,0,5,1,0.08,0.08,45,197,noisy,19,34
11,Cycler DC,2.0490693739424706,0.49801341104217584,8.0,0.07777777777777778,0.2030644858056026,0.2949489252365733,0.234492699128909,0.26749388982891525,0.18152005755626088,0.15673997475510826,0.8422163439986452,0.8174311891815249,3,0,5,1,0.08,0.08,45,197,noisy,19,34
12,GTFT: 0.33,2.0191765369430343,0.6430030707526477,2.0,0.9209876543209876,0.3527041423826533,0.2902989283699944,0.14967725762988027,0.207319671617472,0.9205679624941889,0.3614797148367337,0.9166212715149739,0.3578026711713485,3,0,5,1,0.08,0.08,45,197,noisy,19,34
13,Random: 0.5,2.0160744500846026,0.4997054584195024,8.0,0.5,0.2151657579745566,0.28453970044494575,0.21591151218900795,0.2843830293914896,0.4972856382873896,0.4990352880660164,0.5016155360113423,0.49810320428923976,3,0,5,1,0.08,0.08,45,197,noisy,19,34
14,Tit For 2 Tats,1.984771573604061,0.6786990035721,1.0,0.9419753086419753,0.4168139374569155,0.26188506611518453,0.10146017421821144,0.2198408222096885,0.914596046026468,0.6511455651295127,0.9215181286584215,0.3187289718881665,3,0,5,1,0.08,0.08,45,197,noisy,19,34
15,Win-Shift Lose-Stay: D,1.9689791314156797,0.5224415616970608,8.0,0.09382716049382717,0.2101084163689917,0.3123331453280691,0.21620605376950555,0.2613523845334336,0.08087315266098058,0.920182566736488,0.9207497538765461,0.07869554298545695,3,0,5,1,0.08,0.08,45,197,noisy,19,34
16,Bully,1.904963338973491,0.5650874224478285,8.0,0.08641975308641975,0.20819702951682645,0.35689039293100205,0.2109669737419314,0.22394560381024003,0.07764157277265014,0.9195621280371069,0.07908455126040947,0.9205747928499916,3,0,5,1,0.08,0.08,45,197,noisy,19,34
17,Anti Tit For Tat,1.9041173152848279,0.567005076142132,8.0,0.9197530864197531,0.21181299743059473,0.35519207871153724,0.21005828163188572,0.2229366422259823,0.0778471253133997,0.9150505747528302,0.08025464738670667,0.9207601050576449,3,0,5,1,0.08,0.08,45,197,noisy,19,34
18,Cooperator,1.6023688663282571,0.920210565895845,0.0,0.9308641975308642,0.45229679764366726,0.4679137682521777,0.03925549915397632,0.04053393495017861,0.9214540818359122,0.918832827425503,0.9094149909055926,0.9245215583575559,3,0,5,1,0.08,0.08,45,197,noisy,19,34
0,Evolved HMM 5,2.5739938080495355,0.3451213422550684,13.0,0.9219015280135824,0.2141416158993309,0.1309797263557375,0.3188954359332867,0.33598322181164486,0.7334506083558927,0.34701955399476586,0.15514516706075446,0.19737571273618382,3,0,5,1,0.07,0.01,62,85,noisy,20,35
1,Grudger,2.5727554179566563,0.1332268051533007,17.0,0.9388794567062818,0.08453011085588735,0.04869669429741336,0.36205932288025555,0.5047138719664437,0.5186970191560051,0.06577941871163577,0.08474456493458184,0.0715841121138981,3,0,5,1,0.07,0.01,62,85,noisy,20,35
2,Defector,2.5507739938080496,0.06899031259362828,18.0,0.06281833616298811,0.0279536602416858,0.04103665235194247,0.38368121442125236,0.5473284729851192,0.06615586771497876,0.07672481592003522,0.07005752030566682,0.06811639854349341,3,0,5,1,0.07,0.01,62,85,noisy,20,35
3,"DoubleCrosser: (D, D)",2.5238390092879257,0.3317287526215919,13.5,0.931239388794567,0.24240487366423652,0.08932387895735544,0.2829122141216418,0.3853590332567661,0.7145584695119912,0.5239511570027064,0.20337352836898218,0.09220397023529793,3,0,5,1,0.07,0.01,62,85,noisy,20,35
4,Meta Winner: 18 players,2.51671826625387,0.10222710476380704,17.0,0.933786078098472,0.04901627883751123,0.0532108259262958,0.3678318186357735,0.5299410766004194,0.27567189478454285,0.18808341458938585,0.08942810474188041,0.08643006326833999,3,0,5,1,0.07,0.01,62,85,noisy,20,35
5,Evolved FSM 16,2.469969040247678,0.3487466293818037,13.0,0.9244482173174873,0.16289823229801262,0.18584839708379103,0.33419554579047245,0.31705782482772404,0.47266848058794436,0.4020013044577251,0.281429573102867,0.2963318247419428,3,0,5,1,0.07,0.01,62,85,noisy,20,35
6,Tit For Tat,2.223529411764706,0.5145510835913313,8.0,0.9363327674023769,0.30398481973434527,0.21056626385698593,0.2063018076500549,0.27914710875861376,0.9308276718282261,0.06996807550674508,0.9321769922882306,0.07052760693285112,3,0,5,1,0.07,0.01,62,85,noisy,20,35
7,Suspicious Tit For Tat,2.2021671826625386,0.4898332168181364,9.0,0.0636672325976231,0.2806551483072006,0.2091780685109358,0.21234395286128033,0.2978228303205832,0.931769477866181,0.06824623598059328,0.9344708843908899,0.07182918867499663,3,0,5,1,0.07,0.01,62,85,noisy,20,35
8,Soft Joss: 0.9,2.174922600619195,0.5617597123739139,4.0,0.9193548387096774,0.33253770098871466,0.22922201138519926,0.18546889044242484,0.25277139718366126,0.9319979612514299,0.15693433272087912,0.9298494009732545,0.15553208974714888,3,0,5,1,0.07,0.01,62,85,noisy,20,35
9,Win-Stay Lose-Shift,2.106191950464396,0.5085988215320084,8.0,0.9210526315789473,0.23988814541096573,0.26871067612104266,0.22618595825426946,0.26521522021372224,0.9300219153744994,0.07007147148989704,0.06790787905008944,0.9321377686325972,3,0,5,1,0.07,0.01,62,85,noisy,20,35
10,Meta Mixer: 18 players,2.0743034055727554,0.45367022870268653,11.0,0.666383701188455,0.20574253470488368,0.24792769399780287,0.22906221911515026,0.3172675521821632,0.5247594495221831,0.4060975650984154,0.5157580164185083,0.4029715888127269,3,0,5,1,0.07,0.01,62,85,noisy,20,35
11,Tit For 2 Tats,2.045201238390093,0.7063817037850794,1.0,0.931239388794567,0.454599021272346,0.2517826825127334,0.09527614101667829,0.19834215519824222,0.9315045849324249,0.6684622817532258,0.9299120728586063,0.30473293430286585,3,0,5,1,0.07,0.01,62,85,noisy,20,35
12,GTFT: 0.33,2.043034055727554,0.6591031658843504,2.0,0.9244482173174873,0.3782283032058324,0.2808748626785179,0.14393288724657943,0.1969639468690702,0.9282497904756389,0.35717536715385095,0.9322990816885689,0.36008933647586405,3,0,5,1,0.07,0.01,62,85,noisy,20,35
13,Cycler DC,2.026315789473684,0.49477679017277537,8.0,0.07130730050933787,0.1963147907719964,0.29846199940077894,0.23184859682412864,0.27337461300309596,0.16209486130598116,0.14307250308909428,0.8579292696667263,0.8301800342551258,3,0,5,1,0.07,0.01,62,85,noisy,20,35
14,Alternator,2.023219814241486,0.5027564166583441,7.5,0.9371816638370118,0.2000699091181464,0.3026865075401977,0.23041046639368817,0.26683311694796763,0.07073884536551277,0.0710415293441383,0.9315452268296409,0.9302634759967362,3,0,5,1,0.07,0.01,62,85,noisy,20,35
15,Random: 0.5,1.991640866873065,0.5006191950464396,8.0,0.5076400679117148,0.21437131728752623,0.28624787775891347,0.21188455008488968,0.2874962548686707,0.5012964889822706,0.5033590932520748,0.4987358393860845,0.5013886690339701,3,0,5,1,0.07,0.01,62,85,noisy,20,35
16,Win-Shift Lose-Stay: D,1.9489164086687305,0.5302906221911515,8.0,0.06536502546689305,0.2043443523419555,0.32594626984919606,0.21622890242684512,0.2534804753820034,0.07252868395036223,0.9303668525808927,0.9267756640182648,0.06968353823346236,3,0,5,1,0.07,0.01,62,85,noisy,20,35
17,Bully,1.8557275541795666,0.573724158593828,8.0,0.07385398981324279,0.1998402077299511,0.37388395086387693,0.20754019774293417,0.2187356436632378,0.06995356502937868,0.9327098068702353,0.0699789244489561,0.9287074835695052,3,0,5,1,0.07,0.01,62,85,noisy,20,35
18,Anti Tit For Tat,1.8210526315789475,0.5863976830120843,7.0,0.9151103565365025,0.205632677519225,0.3807650054928593,0.198292220113852,0.21531009687406372,0.06989487338187657,0.9303591088303939,0.07417074894752373,0.9327897279631212,3,0,5,1,0.07,0.01,62,85,noisy,20,35
19,Cooperator,1.6021671826625388,0.9295615699590533,1.0,0.932937181663837,0.4651453110955758,0.4644162588634775,0.035413961849595534,0.03502446819135124,0.9296158964128267,0.9290700301484671,0.9394484727840711,0.9364989497858475,3,0,5,1,0.07,0.01,62,85,noisy,20,35
0,"DoubleCrosser: (D, D)",2.6458333333333335,0.44653846153846155,6.0,0.9871794871794872,0.38243589743589745,0.06410256410256411,0.23083333333333333,0.3226282051282051,0.8751260880127926,0.693470646968299,0.27602440182501975,0.04044261003621633,3,0,5,1,0.02,0.04,13,100,noisy,13,36
1,Evolved FSM 16,2.6041666666666665,0.4291025641025641,9.0,0.9743589743589743,0.24999999999999997,0.1791025641025641,0.3153846153846154,0.25551282051282054,0.565439533579837,0.5441255661475517,0.3942221184334258,0.30691478516914356,3,0,5,1,0.02,0.04,13,100,noisy,13,36
2,Defector,2.4225,0.020192307692307693,12.0,0.038461538461538464,0.007628205128205129,0.012564102564102566,0.3521794871794872,0.627628205128205,0.0,0.05459057071960298,0.021826674155752963,0.020742079649786086,3,0,5,1,0.02,0.04,13,100,noisy,13,36
3,Meta Winner: 12 players,2.379166666666667,0.042756410256410256,11.0,0.9807692307692307,0.022564102564102562,0.020192307692307693,0.33826923076923077,0.6189743589743589,0.441260979725087,0.1721642941981925,0.05416028561181388,0.021148156263656806,3,0,5,1,0.02,0.04,13,100,noisy,13,36
4,Suspicious Tit For Tat,2.295,0.5324358974358975,7.0,0.02564102564102564,0.3282692307692308,0.2041666666666667,0.2102564102564102,0.2573076923076923,0.9818348797978041,0.025160921431283352,0.9737726618443104,0.028107615786685365,3,0,5,1,0.02,0.04,13,100,noisy,13,36
5,Soft Joss: 0.9,2.294166666666667,0.6282051282051282,2.0,0.9807692307692307,0.41999999999999993,0.20820512820512824,0.16525641025641027,0.20653846153846156,0.9606519497603471,0.12434637131550219,0.9767106939733553,0.12828421362146525,3,0,5,1,0.02,0.04,13,100,noisy,13,36
6,GTFT: 0.33,2.1616666666666666,0.711025641025641,1.0,0.9807692307692307,0.4592948717948719,0.25173076923076926,0.12301282051282053,0.1659615384615385,0.9822103598386036,0.3227694825251524,0.9744235734007168,0.3875722929533367,3,0,5,1,0.02,0.04,13,100,noisy,13,36
7,Tit For 2 Tats,2.075833333333333,0.7464102564102564,0.0,0.9743589743589743,0.5387179487179486,0.20769230769230765,0.05352564102564102,0.2000641025641026,0.9799362725957891,0.7519126320603315,0.9950123918858614,0.37793903023558373,3,0,5,1,0.02,0.04,13,100,noisy,13,36
8,Win-Stay Lose-Shift,2.0425,0.5521153846153846,6.0,0.967948717948718,0.2832051282051282,0.2689102564102564,0.1807051282051282,0.26717948717948714,0.97658578710032,0.020923040556556582,0.022231306568638032,0.9785363259463029,3,0,5,1,0.02,0.04,13,100,noisy,13,36
9,Cycler DC,1.9641666666666666,0.5015384615384615,5.0,0.019230769230769232,0.17256410256410257,0.32897435897435895,0.23512820512820512,0.2633333333333333,0.09899257457987062,0.06477572369021936,0.9384545985639204,0.907375278963106,3,0,5,1,0.02,0.04,13,100,noisy,13,36
10,Alternator,1.9541666666666666,0.5025641025641026,5.0,0.9743589743589743,0.1732051282051282,0.3293589743589744,0.23391025641025634,0.263525641025641,0.026310836117222697,0.020735042859081596,0.9683848145027788,0.980337122827586,3,0,5,1,0.02,0.04,13,100,noisy,13,36
11,Random: 0.5,1.8891666666666669,0.4925,6.0,0.5,0.1996153846153846,0.2928846153846154,0.20038461538461536,0.3071153846153846,0.48978714835685516,0.4930801270971155,0.49007017401343694,0.4835357667077231,3,0,5,1,0.02,0.04,13,100,noisy,13,36
12,Anti Tit For Tat,1.625,0.6348717948717949,5.0,0.9807692307692307,0.21006410256410255,0.4248076923076924,0.15384615384615385,0.21128205128205127,0.02421563303714256,0.9820681185640968,0.02344065491925672,0.9851459192963236,3,0,5,1,0.02,0.04,13,100,noisy,13,36
0,"DoubleCrosser: (D, D)",2.679637526652452,0.5510394456289979,8.0,0.9910714285714286,0.4951359275053305,0.055903518123667395,0.18523454157782518,0.263726012793177,0.9388798916859112,0.7990059205454454,0.24219417403051297,0.03031057692932924,3,0,5,1,0.01,0.05,16,67,noisy,15,37
1,Evolved HMM 5,2.6284648187633266,0.5202558635394456,7.0,1.0,0.43163646055437105,0.08861940298507463,0.2140858208955224,0.265658315565032,0.9258313965473643,0.3825348852911964,0.12740670715487346,0.16823992906974747,3,0,5,1,0.01,0.05,16,67,noisy,15,37
2,Evolved FSM 16,2.5511727078891258,0.5365138592750534,8.0,0.96875,0.35521055437100213,0.18130330490405117,0.2537313432835821,0.20975479744136458,0.6007285422735941,0.5384626647805766,0.5096767747547217,0.35080594931850884,3,0,5,1,0.01,0.05,16,67,noisy,15,37
3,Tit For Tat,2.3678038379530917,0.6094083155650319,3.0,0.9821428571428571,0.43710021321961623,0.17230810234541577,0.16671108742004265,0.22388059701492535,0.9922081321909941,0.014640433387713255,0.9904945265080143,0.01131100475971872,3,0,5,1,0.01,0.05,16,67,noisy,15,37
4,Suspicious Tit For Tat,2.361940298507463,0.5698960554371002,7.0,0.022321428571428572,0.37733208955223885,0.1925639658848614,0.20089285714285715,0.22921108742004265,0.9851176046648735,0.013172210345130577,0.9914840657301848,0.013932019488469257,3,0,5,1,0.01,0.05,16,67,noisy,15,37
5,Soft Joss: 0.9,2.357142857142857,0.6660447761194029,1.0,0.9955357142857143,0.47261460554371004,0.19343017057569295,0.1505863539445629,0.1833688699360341,0.9895886794041353,0.10126534951148836,0.9910054690111717,0.13467918881254243,3,0,5,1,0.01,0.05,16,67,noisy,15,37
6,Defector,2.2739872068230276,0.009794776119402986,14.0,0.017857142857142856,0.003797974413646055,0.005996801705756929,0.3160980810234541,0.6741071428571429,0.0,0.0,0.011425015784999723,0.009727147740929825,3,0,5,1,0.01,0.05,16,67,noisy,15,37
7,Meta Winner: 13 players,2.255863539445629,0.04737473347547974,12.5,0.9866071428571429,0.0283182302771855,0.01905650319829424,0.3042377398720682,0.648387526652452,0.5262209667593204,0.28161991353959204,0.09161211819065017,0.016282952559770206,3,0,5,1,0.01,0.05,16,67,noisy,15,37
8,GTFT: 0.33,2.253731343283582,0.7573960554371002,0.5,1.0,0.5280517057569296,0.22934434968017062,0.10714285714285715,0.13546108742004265,0.9926585379096623,0.3328325550499753,0.9839076171054029,0.3309795678707502,3,0,5,1,0.01,0.05,16,67,noisy,15,37
9,Tit For 2 Tats,2.1972281449893387,0.7927771855010661,0.0,0.9821428571428571,0.615271855010661,0.1775053304904051,0.03744669509594883,0.16977611940298504,0.99063751792919,0.7979047298391374,0.9981137616336857,0.22117822596717118,3,0,5,1,0.01,0.05,16,67,noisy,15,37
10,Meta Mixer: 13 players,2.0927505330490406,0.4319029850746269,7.5,0.6741071428571429,0.208955223880597,0.22294776119402987,0.22627931769722814,0.341817697228145,0.6362847005823076,0.3205250152956563,0.5643754537762352,0.314061901481865,3,0,5,1,0.01,0.05,16,67,noisy,15,37
11,Cycler DC,1.9291044776119404,0.49247068230277186,6.0,0.013392857142857142,0.13272921108742003,0.35974147121535177,0.2563965884861407,0.2511327292110874,0.09219917333132935,0.04344652591973963,0.9710782627646958,0.9193920154742952,3,0,5,1,0.01,0.05,16,67,noisy,15,37
12,Alternator,1.915778251599147,0.5042643923240938,4.5,0.9866071428571429,0.1404584221748401,0.3638059701492537,0.2507995735607676,0.24493603411513862,0.01471573212301924,0.00910890660371595,0.991338059477018,0.9875646345661359,3,0,5,1,0.01,0.05,16,67,noisy,15,37
13,Random: 0.5,1.8427505330490406,0.5069962686567164,5.0,0.47767857142857145,0.1988939232409382,0.3081023454157782,0.19083155650319833,0.30217217484008524,0.5091334355863656,0.5060246288628589,0.49313202111567245,0.5113213892846399,3,0,5,1,0.01,0.05,16,67,noisy,15,37
14,Anti Tit For Tat,1.5740938166311302,0.6454557569296375,5.0,0.9821428571428571,0.20069296375266524,0.44476279317697226,0.15491737739872066,0.1996268656716418,0.01197885377625481,0.9899476817460225,0.012840074759527854,0.9916370486125486,3,0,5,1,0.01,0.05,16,67,noisy,15,37
0,Suspicious Tit For Tat,2.3937125748502996,0.508942641033722,2.0,0.019736842105263157,0.1899621809013552,0.31898046013236686,0.32272297510242676,0.16833438386385124,0.9863176962871562,0.010606263675868881,0.9886079636784743,0.009166045767909308,3,0,5,1,0.01,0.1,38,167,noisy,5,38
1,Tit For Tat,2.3585329341317367,0.5124881815316735,1.0,0.9868421052631579,0.19354711629372834,0.3189410652379452,0.3165773715726442,0.17093444689568232,0.9930512698344103,0.009951173204862173,0.9903661972362365,0.011229954378626136,3,0,5,1,0.01,0.1,38,167,noisy,5,38
2,Alternator,2.3270958083832336,0.5014182161991806,1.0,0.9802631578947368,0.1807437756066814,0.3206744405924992,0.32177749763630636,0.17680428616451307,0.008675440023620576,0.008954750687456381,0.9882592286405606,0.9951389155378181,3,0,5,1,0.01,0.1,38,167,noisy,5,38
3,Meta Mixer: 4 players,2.2582335329341316,0.4970847778127955,2.0,0.7828947368421053,0.22376300031515917,0.2733217774976363,0.2730854081311062,0.22982981405609834,0.5960870857010103,0.3302347683957213,0.6608968778707623,0.397942333919738,3,0,5,1,0.01,0.1,38,167,noisy,5,38
4,Anti Tit For Tat,2.192365269461078,0.5026394579262528,2.0,0.9868421052631579,0.3135439647021746,0.18909549322407818,0.18684998424204224,0.310510557831705,0.00843269106741238,0.9896392857203857,0.008782413231491374,0.9902319704094549,3,0,5,1,0.01,0.1,38,167,noisy,5,38
0,Grudger,2.5808139534883723,0.07365448504983389,5.0,0.94,0.035265780730897006,0.038388704318936887,0.3848172757475083,0.5415282392026578,0.2611846972809646,0.06476050687744148,0.060374806467845765,0.057910970177083354,3,0,5,1,0.06,0.02,70,172,noisy,6,39
1,Suspicious Tit For Tat,2.0372093023255813,0.42777408637873754,2.0,0.05714285714285714,0.21533222591362128,0.2124418604651163,0.20508305647840533,0.3671428571428571,0.9288554580440808,0.05969868528433699,0.9390169311411224,0.059800890480171086,3,0,5,1,0.06,0.02,70,172,noisy,6,39
2,Meta Mixer: 5 players,2.021511627906977,0.3983222591362126,4.0,0.38571428571428573,0.1679069767441861,0.2304152823920266,0.23006644518272426,0.3716112956810631,0.4930830088843572,0.3468538061652048,0.5293746837457933,0.31199726181094417,3,0,5,1,0.06,0.02,70,172,noisy,6,39
3,Soft Joss: 0.9,2.01046511627907,0.4999003322259136,0.0,0.9228571428571428,0.24327242524916945,0.2566279069767442,0.19317275747508306,0.3069269102990033,0.940545729859191,0.15528732556417799,0.9359117576531275,0.15920997109034998,3,0,5,1,0.06,0.02,70,172,noisy,6,39
4,Win-Shift Lose-Stay: D,1.930232558139535,0.5003156146179402,2.0,0.06571428571428571,0.20289036544850497,0.29742524916943525,0.2054651162790698,0.29421926910299,0.05957115748411205,0.9408577797209119,0.9402933527825166,0.0590095887669422,3,0,5,1,0.06,0.02,70,172,noisy,6,39
5,Bully,1.8122093023255814,0.5842691029900332,2.0,0.06285714285714286,0.2092857142857143,0.37498338870431897,0.19167774086378736,0.22405315614617938,0.05921644852831567,0.9398587089995271,0.05965310586218382,0.9388974302168333,3,0,5,1,0.06,0.02,70,172,noisy,6,39
0,Grudger,2.455,0.09220238095238095,7.0,0.9464285714285714,0.0518452380952381,0.040357142857142855,0.3480654761904762,0.5597321428571428,0.49245629824306125,0.06474166989236337,0.06533365196139462,0.06091259655443076,3,0,5,1,0.06,0.1,24,200,noisy,8,40
1,Meta Winner: 6 players,2.4403571428571427,0.10413690476190476,6.0,0.9702380952380952,0.05625000000000001,0.04788690476190477,0.3455357142857142,0.550327380952381,0.33755398814243315,0.09696367212588664,0.1468441687674477,0.08461495350471923,3,0,5,1,0.06,0.1,24,200,noisy,8,40
2,Alternator,2.335357142857143,0.5000297619047619,4.0,0.9345238095238095,0.21999999999999997,0.2800297619047619,0.2926488095238095,0.2073214285714286,0.07001059580521242,0.05615557744193139,0.937489325428168,0.9362219378473731,3,0,5,1,0.06,0.1,24,200,noisy,8,40
3,Suspicious Tit For Tat,2.2096428571428572,0.5043154761904762,4.0,0.08333333333333333,0.3247023809523809,0.17961309523809524,0.18461309523809524,0.31107142857142855,0.9361711130457141,0.05522714491869152,0.9400532760771441,0.05427990214795251,3,0,5,1,0.06,0.1,24,200,noisy,8,40
4,Win-Stay Lose-Shift,2.158214285714286,0.5144940476190476,4.0,0.9642857142857143,0.2558928571428571,0.2586011904761905,0.2272619047619048,0.2582440476190476,0.9402961607127367,0.06206639518171662,0.06666436271097743,0.9394715418640622,3,0,5,1,0.06,0.1,24,200,noisy,8,40
5,Meta Mixer: 6 players,2.1550000000000002,0.5357142857142857,2.0,0.7976190476190477,0.29279761904761903,0.24291666666666667,0.20413690476190474,0.2601488095238095,0.6760881525356905,0.41772747978994884,0.6538106036224922,0.46316481398895454,3,0,5,1,0.06,0.1,24,200,noisy,8,40
6,Tit For 2 Tats,1.975357142857143,0.677202380952381,0.5,0.9464285714285714,0.4497916666666667,0.22741071428571427,0.07696428571428572,0.24583333333333335,0.9364870101841267,0.6759241562615099,0.9378663076153781,0.38165143266462126,3,0,5,1,0.06,0.1,24,200,noisy,8,40
7,Cooperator,1.6985714285714286,0.940625,0.5,0.9166666666666666,0.5063392857142858,0.4342857142857142,0.031875,0.027499999999999997,0.9399155156556084,0.9415385875054599,0.9336930029476614,0.9254794911513777,3,0,5,1,0.06,0.1,24,200,noisy,8,40
0,Grudger,3.296825396825397,0.5158377425044092,4.0,0.9888888888888889,0.5022927689594356,0.013544973544973544,0.32539682539682535,0.1587654320987654,0.9237776363305027,0.01945652173913044,0.07431055850378143,0.009200289301465036,3,0,5,1,0.01,0.07,90,63,noisy,6,41
1,"DoubleCrosser: (D, D)",3.1349206349206353,0.6888183421516755,3.0,0.9911111111111112,0.6343915343915343,0.054426807760141076,0.2195061728395061,0.09167548500881834,0.9182712667305314,0.7462972142880524,0.37979054258873146,0.01118038014681171,3,0,5,1,0.01,0.07,90,63,noisy,6,41
2,Win-Stay Lose-Shift,2.555555555555556,0.7397530864197531,2.0,0.9933333333333333,0.5981657848324515,0.1415873015873016,0.12024691358024693,0.13999999999999999,0.9904998026512736,0.012682310013609055,0.012173915526579267,0.9957229750593399,3,0,5,1,0.01,0.07,90,63,noisy,6,41
3,GTFT: 0.33,2.5523809523809526,0.8453968253968254,1.0,0.9888888888888889,0.7245502645502646,0.12084656084656084,0.04931216931216932,0.10529100529100528,0.9897604235883837,0.34621642372851047,0.9874635244393077,0.3369287298216613,3,0,5,1,0.01,0.07,90,63,noisy,6,41
4,Anti Tit For Tat,2.238095238095238,0.538342151675485,3.0,0.9866666666666667,0.12850088183421518,0.4098412698412698,0.3387301587301587,0.12292768959435625,0.014005299915633505,0.9918019364426269,0.008266469301132527,0.9857647378809226,3,0,5,1,0.01,0.07,90,63,noisy,6,41
5,Cooperator,2.0634920634920637,0.9887125220458554,0.0,0.9844444444444445,0.668042328042328,0.32067019400352736,0.007724867724867725,0.0035626102292768956,0.9881653723281106,0.9887545523849219,0.9924076607387141,0.9915254237288136,3,0,5,1,0.01,0.07,90,63,noisy,6,41
0,Grudger,2.75,0.6663522012578617,4.0,0.949685534591195,0.5308176100628931,0.13553459119496855,0.1984276729559748,0.13522012578616352,0.8865335915468392,0.054562828475871954,0.358738259102528,0.100792258005502,3,0,5,1,0.04,0.05,53,4,noisy,16,42
1,"DoubleCrosser: (D, D)",2.7333333333333334,0.5037735849056604,9.0,0.9622641509433962,0.3720125786163522,0.13176100628930817,0.2842767295597484,0.2119496855345912,0.38775461288033075,0.6052489917973999,0.09577568025484175,0.1579704895765868,3,0,5,1,0.04,0.05,53,4,noisy,16,42
2,Win-Shift Lose-Stay: D,2.6666666666666665,0.44937106918238995,10.0,0.03773584905660377,0.22547169811320755,0.2238993710691824,0.3569182389937107,0.19371069182389936,0.057386522886925015,0.9683456203045343,0.9579960066747202,0.09281411002777142,3,0,5,1,0.04,0.05,53,4,noisy,16,42
3,Suspicious Tit For Tat,2.6166666666666667,0.4550314465408805,7.0,0.025157232704402517,0.2512578616352202,0.20377358490566042,0.329559748427673,0.21540880503144652,0.9698133938054674,0.07383544012481973,0.949994125349476,0.09528930425348864,3,0,5,1,0.04,0.05,53,4,noisy,16,42
4,Random: 0.5,2.5833333333333335,0.49654088050314465,7.0,0.4918238993710692,0.2918238993710691,0.20471698113207543,0.300314465408805,0.2031446540880503,0.46369666926383984,0.5299774374994501,0.4910141537951414,0.5209691739349586,3,0,5,1,0.04,0.05,53,4,noisy,16,42
5,Evolved FSM 16,2.5833333333333335,0.7968553459119497,2.0,0.9635220125786164,0.6113207547169811,0.18553459119496854,0.13081761006289308,0.07232704402515723,0.9524525663177396,0.20754107552901643,0.8821082621082622,0.17498982498982502,3,0,5,1,0.04,0.05,53,4,noisy,16,42
6,Win-Stay Lose-Shift,2.5833333333333335,0.7415094339622641,2.0,0.9672955974842767,0.5676100628930818,0.1738993710691824,0.15125786163522012,0.10723270440251575,0.9526797419127566,0.12102992624110956,0.06643623483936109,0.9503562209751207,3,0,5,1,0.04,0.05,53,4,noisy,16,42
7,Cycler DC,2.566666666666667,0.4949685534591195,6.0,0.03018867924528302,0.22987421383647802,0.2650943396226415,0.33993710691823903,0.1650943396226415,0.20492661403426168,0.2173246944134409,0.9348764330376862,0.8655575586236796,3,0,5,1,0.04,0.05,53,4,noisy,16,42
8,Tit For Tat,2.566666666666667,0.7827044025157233,1.0,0.9572327044025157,0.5852201257861637,0.1974842767295597,0.14779874213836475,0.06949685534591195,0.9717105086275327,0.09928414580588493,0.9771903447369287,0.051904761904761905,3,0,5,1,0.04,0.05,53,4,noisy,16,42
9,Meta Mixer: 15 players,2.55,0.6481132075471698,5.0,0.6716981132075471,0.43773584905660373,0.210377358490566,0.22389937106918237,0.1279874213836478,0.7273377821272716,0.37003271755134837,0.73945809032147,0.4952521300848374,3,0,5,1,0.04,0.05,53,4,noisy,16,42
10,Soft Joss: 0.9,2.533333333333333,0.7880503144654089,1.0,0.9723270440251572,0.5930817610062892,0.1949685534591195,0.1408805031446541,0.07106918238993713,0.9482505866887551,0.14250970801138887,0.9491514847465977,0.19141732651584867,3,0,5,1,0.04,0.05,53,4,noisy,16,42
11,Bully,2.5,0.3767295597484277,7.0,0.05408805031446541,0.15723270440251574,0.21949685534591193,0.359433962264151,0.2638364779874214,0.0926331979576753,0.9832363202026057,0.05054014459256395,0.9514657717555611,3,0,5,1,0.04,0.05,53,4,noisy,16,42
12,Evolved HMM 5,2.4833333333333334,0.8393081761006289,1.0,0.9584905660377359,0.638993710691824,0.20031446540880501,0.10157232704402516,0.05911949685534592,0.9653969726954927,0.467905710083871,0.6828769521077214,0.4748952288845906,3,0,5,1,0.04,0.05,53,4,noisy,16,42
13,GTFT: 0.33,2.45,0.8327044025157233,1.0,0.9622641509433962,0.6144654088050315,0.21823899371069183,0.11100628930817608,0.05628930817610063,0.9624200229700156,0.3795699418921684,0.9716197691197691,0.45204081632653065,3,0,5,1,0.04,0.05,53,4,noisy,16,42
14,Tit For 2 Tats,2.3833333333333333,0.9135220125786163,0.0,0.9622641509433962,0.690566037735849,0.2229559748427673,0.053144654088050323,0.03333333333333333,0.9546163292364038,0.839748570773049,0.9833333333333333,0.7260981912144703,3,0,5,1,0.04,0.05,53,4,noisy,16,42
15,Cooperator,2.2666666666666666,0.9638364779874213,0.0,0.9685534591194969,0.6968553459119496,0.2669811320754717,0.02578616352201257,0.010377358490566035,0.9544205475811995,0.948713933984832,0.961111111111111,1.0,3,0,5,1,0.04,0.05,53,4,noisy,16,42
0,Evolved HMM 5,2.6302083333333335,0.44465112433862436,9.0,0.9702380952380952,0.336020171957672,0.10863095238095241,0.2666170634920635,0.28873181216931215,0.8298769618188677,0.3980547785255917,0.15731181979953496,0.1859592547483431,3,0,5,1,0.03,0.09,21,72,noisy,17,43
1,"DoubleCrosser: (D, D)",2.6197916666666665,0.5088045634920635,9.0,0.9672619047619048,0.4424189814814815,0.066385582010582,0.19754464285714285,0.29365079365079366,0.8606135513818864,0.6808916131300069,0.31917416840944646,0.10475971349239961,3,0,5,1,0.03,0.09,21,72,noisy,17,43
2,Grudger,2.5043402777777777,0.20357969576719576,14.0,0.9642857142857143,0.17476851851851852,0.028811177248677246,0.2927414021164021,0.5036789021164021,0.7038929288864111,0.03685996118804988,0.07742309449545592,0.030562087853336858,3,0,5,1,0.03,0.09,21,72,noisy,17,43
3,Evolved FSM 16,2.447048611111111,0.48210152116402116,9.0,0.9732142857142857,0.2595486111111111,0.22255291005291003,0.2796378968253968,0.23826058201058203,0.5318124728840052,0.49411579371575054,0.43893374973459437,0.39647970435024094,3,0,5,1,0.03,0.09,21,72,noisy,17,43
4,Meta Winner: 15 players,2.3515625,0.06725363756613757,14.0,0.9642857142857143,0.033936838624338626,0.033316798941798946,0.3318039021164021,0.6009424603174603,0.40871267789645965,0.22104960539493176,0.05272161753797144,0.061908421158569225,3,0,5,1,0.03,0.09,21,72,noisy,17,43
5,Defector,2.3289930555555554,0.02943121693121693,15.0,0.02976190476190476,0.010706018518518523,0.01872519841269842,0.33478009259259267,0.6357886904761905,0.04752136752136752,0.04502660895379504,0.02626504342131997,0.030018027474915554,3,0,5,1,0.03,0.09,21,72,noisy,17,43
6,Tit For Tat,2.3203125,0.5717592592592593,6.0,0.9761904761904762,0.3905423280423281,0.1812169312169312,0.17848875661375663,0.24975198412698416,0.9739018998601847,0.02865302117695681,0.9658393245885888,0.028836020677741696,3,0,5,1,0.03,0.09,21,72,noisy,17,43
7,Soft Joss: 0.9,2.282986111111111,0.6262400793650794,3.0,0.9732142857142857,0.4274966931216932,0.19874338624338625,0.15976355820105823,0.21399636243386247,0.9735449643726889,0.12479293459129587,0.961396927418112,0.12372755403491287,3,0,5,1,0.03,0.09,21,72,noisy,17,43
8,Suspicious Tit For Tat,2.2682291666666665,0.5207919973544973,8.0,0.02976190476190476,0.34263392857142855,0.17815806878306878,0.18820271164021166,0.29100529100529104,0.9752554135125491,0.028665117856204247,0.9722111512871119,0.02850482847869663,3,0,5,1,0.03,0.09,21,72,noisy,17,43
9,GTFT: 0.33,2.2178819444444446,0.7247850529100529,2.0,0.9672619047619048,0.48458167989417994,0.24020337301587305,0.11842757936507936,0.15678736772486773,0.9630554733628667,0.33156584161671165,0.9657501508673038,0.3641951396577966,3,0,5,1,0.03,0.09,21,72,noisy,17,43
10,Tit For 2 Tats,2.1909722222222223,0.7841848544973545,1.0,0.9672619047619048,0.591641865079365,0.19254298941798947,0.04741236772486773,0.1684027777777778,0.9697702120289925,0.752644543493016,0.9708672522180275,0.4341888585523634,3,0,5,1,0.03,0.09,21,72,noisy,17,43
11,Meta Mixer: 15 players,2.032986111111111,0.43960813492063494,8.0,0.6726190476190477,0.20953207671957674,0.23007605820105817,0.21544312169312171,0.3449487433862433,0.5734573795247846,0.3463696520446779,0.5672050564937741,0.3385546235953121,3,0,5,1,0.03,0.09,21,72,noisy,17,43
12,Alternator,1.9635416666666667,0.5021494708994709,6.0,0.9732142857142857,0.16360780423280427,0.33854166666666663,0.24388227513227512,0.25396825396825395,0.025186758451863137,0.030427148258768532,0.9590298344285081,0.9734096275259638,3,0,5,1,0.03,0.09,21,72,noisy,17,43
13,Cycler DC,1.9574652777777777,0.5006613756613757,5.0,0.050595238095238096,0.16261574074074076,0.3380456349206349,0.24392361111111113,0.2554150132275132,0.12054902465600323,0.066402677817555,0.9414496959962443,0.8822457412878446,3,0,5,1,0.03,0.09,21,72,noisy,17,43
14,Win-Shift Lose-Stay: D,1.9548611111111112,0.5346808862433863,6.0,0.01488095238095238,0.20713458994708991,0.3275462962962963,0.21556712962962965,0.24975198412698413,0.03550400538650565,0.9726063970104104,0.9707074722308491,0.028233760846846014,3,0,5,1,0.03,0.09,21,72,noisy,17,43
15,Cooperator,1.8428819444444444,0.9709408068783069,1.0,0.9672619047619048,0.5825066137566137,0.3884341931216932,0.017361111111111115,0.011698082010582011,0.9709082155713171,0.9706503069455141,0.9526068771544147,0.9769023569023569,3,0,5,1,0.03,0.09,21,72,noisy,17,43
16,Bully,1.6909722222222223,0.6123098544973545,6.0,0.02976190476190476,0.1804728835978836,0.43183697089947093,0.1921709656084656,0.19551917989417988,0.03177536048282024,0.9727265277818833,0.02995248062188412,0.9682540723387463,3,0,5,1,0.03,0.09,21,72,noisy,17,43
0,Grudger,2.563131313131313,0.3682412358882947,8.0,0.9607843137254902,0.30496137849079025,0.06327985739750445,0.25534759358288767,0.37641117052881756,0.8390048608030419,0.04889804072296905,0.15433528121003703,0.0665275797049222,3,0,5,1,0.06,0.05,34,22,noisy,10,44
1,"DoubleCrosser: (D, D)",2.5378787878787876,0.6559714795008913,5.0,0.934640522875817,0.5228758169934641,0.13309566250742721,0.16027926322043967,0.1837492572786691,0.8902271787026069,0.7127913178333787,0.36684797855814083,0.1835659957658805,3,0,5,1,0.06,0.05,34,22,noisy,10,44
2,Tit For Tat,2.48989898989899,0.6472073677956031,3.0,0.9215686274509803,0.46687462863933454,0.18033273915626855,0.18152109328579918,0.17127153891859773,0.9357468831742539,0.05970052738222848,0.928136114739571,0.06586361026090018,3,0,5,1,0.06,0.05,34,22,noisy,10,44
3,Evolved HMM 5,2.474747474747475,0.5199049316696376,5.0,0.9477124183006536,0.39275103980986337,0.12715389185977422,0.20603089720736778,0.27406417112299464,0.8868898128426292,0.3296762846318618,0.21636793609474594,0.19985792947169395,3,0,5,1,0.06,0.05,34,22,noisy,10,44
4,Evolved FSM 16,2.4166666666666665,0.5800653594771242,5.0,0.934640522875817,0.3966131907308378,0.1834521687462864,0.2038027332144979,0.2161319073083779,0.7135668029797356,0.4381161124739141,0.5507141004741625,0.36346990073455,3,0,5,1,0.06,0.05,34,22,noisy,10,44
5,GTFT: 0.33,2.3762626262626263,0.766042780748663,1.0,0.9248366013071896,0.5456030897207368,0.22043969102792632,0.1270053475935829,0.10695187165775401,0.9453243766244657,0.3562963622048855,0.9423476456359722,0.37719276081765585,3,0,5,1,0.06,0.05,34,22,noisy,10,44
6,Meta Mixer: 9 players,2.3535353535353534,0.5319370172311348,5.0,0.9150326797385621,0.3458110516934046,0.18612596553773025,0.20707070707070707,0.2609922756981581,0.702461758387529,0.33034336792387536,0.6265926511799752,0.3085367755914046,3,0,5,1,0.06,0.05,34,22,noisy,10,44
7,Tit For 2 Tats,2.3383838383838382,0.8401663695781343,0.0,0.9607843137254902,0.6299762329174095,0.21019013666072495,0.07100415923945337,0.08882947118241237,0.9386845185035122,0.7468275598631986,0.9558866157381168,0.47273964081903397,3,0,5,1,0.06,0.05,34,22,noisy,10,44
8,Alternator,2.101010101010101,0.5092097445038621,3.0,0.9705882352941176,0.1939988116458705,0.3152109328579917,0.25683303624480097,0.23395721925133695,0.053172143811754585,0.06301269228346686,0.9429801727087516,0.9391269691383088,3,0,5,1,0.06,0.05,34,22,noisy,10,44
9,Random: 0.5,2.0656565656565657,0.5007427213309567,3.0,0.5392156862745098,0.22756981580510993,0.2731729055258467,0.2235591206179442,0.27569815805109926,0.5153368982908865,0.5037917648590375,0.5033413718751171,0.4784958549251048,3,0,5,1,0.06,0.05,34,22,noisy,10,44
0,"DoubleCrosser: (D, D)",2.465367965367965,0.4730247077185853,6.0,0.987012987012987,0.417027417027417,0.05599729069116824,0.16716729982036105,0.3598079924610537,0.9310141581070432,0.7366663161904544,0.19933973716592007,0.017691595421561977,3,0,5,1,0.01,0.02,98,63,noisy,12,45
1,Evolved HMM 5,2.427128427128427,0.48813204935653914,4.0,0.9888682745825603,0.36662543805400943,0.12150661130252968,0.20495037841976618,0.3069175722236947,0.9409375580887452,0.4200914812522729,0.14741234643748774,0.1886646127205334,3,0,5,1,0.01,0.02,98,63,noisy,12,45
2,Grudger,2.329004329004329,0.24386724386724387,7.0,0.9953617810760668,0.22400388726919337,0.019863356598050472,0.2208675678063433,0.5352651883264128,0.7514743083798876,0.017053673395955277,0.06586705752845007,0.010155191232605637,3,0,5,1,0.01,0.02,98,63,noisy,12,45
3,Evolved FSM 16,2.2518037518037515,0.5404923874311629,4.0,0.9916512059369202,0.29426922284065143,0.24622316459051152,0.22566775628000116,0.23383985628883594,0.6141078279107255,0.5113325508885342,0.4953168416345422,0.5017406472332371,3,0,5,1,0.01,0.02,98,63,noisy,12,45
4,Tit For Tat,2.1897546897546896,0.5277704155255175,1.0,0.987012987012987,0.3535353535353535,0.17423506199016403,0.16434019495243987,0.3078893895220426,0.9898968875220859,0.010205990698086238,0.9874097600366798,0.01200486976878112,3,0,5,1,0.01,0.02,98,63,noisy,12,45
5,Meta Winner: 10 players,2.1017316017316015,0.05051977500957093,9.0,0.9879406307977736,0.02846246723797744,0.022057307771593485,0.26163972082339426,0.6878405041670348,0.5219123266634166,0.25625819972057906,0.08722030200465965,0.01184545667134236,3,0,5,1,0.01,0.02,98,63,noisy,12,45
6,Suspicious Tit For Tat,2.0057720057720054,0.41344936242895425,4.0,0.0074211502782931356,0.2434107842271108,0.17003857820184354,0.17289513207880555,0.41365550549224006,0.9889547401831786,0.011277968971607325,0.9931804132460852,0.012605068541231458,3,0,5,1,0.01,0.02,98,63,noisy,12,45
7,Defector,1.9559884559884562,0.010071561091969255,10.0,0.012059369202226345,0.002473716759431045,0.007597844332538212,0.24121683305356773,0.748711605854463,0.0,0.03876262626262626,0.00968757729583134,0.010435144097614696,3,0,5,1,0.01,0.02,98,63,noisy,12,45
8,Meta Mixer: 10 players,1.722943722943723,0.2972877462673381,5.0,0.5417439703153989,0.10031804929764113,0.196969696969697,0.17935918956327115,0.5233530641693908,0.5258889821821028,0.2255661817474769,0.4992976117169299,0.22490003577553788,3,0,5,1,0.01,0.02,98,63,noisy,12,45
9,Random: 0.5,1.4206349206349207,0.4969962010778337,2.0,0.49257884972170685,0.12985540536560947,0.3671407957122243,0.13312424536914333,0.369879553553023,0.5047170624284235,0.4917743923878339,0.5007564199217006,0.49624920127779304,3,0,5,1,0.01,0.02,98,63,noisy,12,45
10,Cycler DC,1.3867243867243868,0.4921960126041759,2.0,0.008348794063079777,0.06919044674146714,0.4230055658627087,0.1682863621639132,0.3395176252319109,0.07252046922182616,0.017839065430090655,0.9838966680785468,0.9364961089025907,3,0,5,1,0.01,0.02,98,63,noisy,12,45
11,Win-Shift Lose-Stay: D,1.2597402597402596,0.56894013016462,1.0,0.006493506493506494,0.1118178873280914,0.45712224283652864,0.12224283652855084,0.30881703330682925,0.013158144994539902,0.9895268931741262,0.987996618644639,0.009335168071152896,3,0,5,1,0.01,0.02,98,63,noisy,12,45
0,Defector,2.314814814814815,0.027886710239651415,5.0,0.0058823529411764705,0.009586056644880173,0.01830065359477124,0.3300653594771242,0.6420479302832245,0.03293346324036861,0.029411764705882353,0.03688663159640385,0.02661071619863938,3,0,5,1,0.03,0.02,34,81,noisy,6,46
1,Meta Winner: 5 players,2.274074074074074,0.06535947712418301,4.0,0.9764705882352941,0.026361655773420478,0.038997821350762525,0.3164851125635439,0.6181554103122731,0.37798391327155095,0.2400286091933117,0.13136971618935617,0.033042462275879494,3,0,5,1,0.03,0.02,34,81,noisy,6,46
2,Suspicious Tit For Tat,1.8728395061728396,0.3391430646332607,1.0,0.03529411764705882,0.12106027596223674,0.21808278867102399,0.21220043572984748,0.44865649963689186,0.9671781816746592,0.02817939354240067,0.9769204861546319,0.029516935105709734,3,0,5,1,0.03,0.02,34,81,noisy,6,46
3,Evolved FSM 16,1.825925925925926,0.3997821350762527,2.0,0.9764705882352941,0.0907770515613653,0.3090050835148874,0.23689179375453887,0.3633260711692084,0.35465038012249483,0.4988945550435327,0.29881557167192757,0.403146217777672,3,0,5,1,0.03,0.02,34,81,noisy,6,46
4,Cycler DC,1.3604938271604938,0.49607843137254903,1.0,0.041176470588235294,0.07421931735657225,0.42185911401597675,0.15969498910675378,0.3442265795206972,0.10472900399544324,0.055825534329506474,0.9515294366316353,0.9032765373621434,3,0,5,1,0.03,0.02,34,81,noisy,6,46
5,Random: 0.5,1.3469135802469134,0.49462599854756717,1.0,0.4294117647058823,0.11997095134350036,0.3746550472040668,0.12556281771968048,0.37981118373275236,0.5085459803354541,0.4900450300617809,0.45962136989914837,0.49864950905198474,3,0,5,1,0.03,0.02,34,81,noisy,6,46
0,Grudger,2.6922162804515746,0.10100238442484431,11.0,0.9197166469893743,0.05728021236042626,0.04372217206441806,0.40529049085198815,0.4937071247231675,0.3937166278780109,0.06481601657651695,0.07935084567476235,0.07074793049693646,3,0,5,1,0.07,0.1,77,153,noisy,12,47
1,"DoubleCrosser: (D, D)",2.633986928104575,0.2693782747258683,9.0,0.9149940968122786,0.19189604216342185,0.07748223256244646,0.32965252216589114,0.4009692031082406,0.645451845761219,0.4484353939510235,0.18554767270745734,0.08577970569741213,3,0,5,1,0.07,0.1,77,153,noisy,12,47
2,Win-Stay Lose-Shift,2.3808674985145575,0.4809130263675718,6.0,0.9445100354191264,0.24125903805048188,0.23965398831708995,0.28606153205083684,0.23302544158159133,0.9270461178868458,0.06911407281425758,0.07058454878177169,0.9331828010343307,3,0,5,1,0.07,0.1,77,153,noisy,12,47
3,Tit For Tat,2.2768865121806297,0.5199743809369478,5.0,0.9279811097992916,0.28278969990199937,0.2371846810349484,0.2378560239522807,0.2421695951107716,0.9264076971051551,0.07159831026096718,0.9308941938597637,0.06568954341682574,3,0,5,1,0.07,0.1,77,153,noisy,12,47
4,Soft Joss: 0.9,2.2103386809269163,0.5651549876148807,2.0,0.9232585596221959,0.30835474685742065,0.25680024075745994,0.21764628716500373,0.21719872522011563,0.9301212717469116,0.15394103419623642,0.9299555984590223,0.15213219730232633,3,0,5,1,0.07,0.1,77,153,noisy,12,47
5,Suspicious Tit For Tat,2.2085561497326203,0.48693967945304845,5.0,0.06965761511216056,0.24727025796544516,0.23966942148760326,0.23955367270875294,0.27350664783819867,0.9312687568776543,0.06801967827777441,0.9295346197893916,0.07126551081871585,3,0,5,1,0.07,0.1,77,153,noisy,12,47
6,Alternator,2.175876411170529,0.5006289016984204,5.0,0.9149940968122786,0.20347863663371682,0.2971502650647035,0.26700928305206373,0.23236181524951577,0.07142545363865517,0.06657452209972974,0.9279667918093633,0.928406317693985,3,0,5,1,0.07,0.1,77,153,noisy,12,47
7,Cycler DC,2.1711229946524067,0.49775061539767423,5.0,0.08618654073199528,0.20603282635368197,0.2917177890439922,0.262441064580102,0.23980832002222377,0.18148092029696655,0.13762460840359353,0.8680226535970129,0.8156853646399341,3,0,5,1,0.07,0.1,77,153,noisy,12,47
8,Random: 0.5,2.1414141414141414,0.49930936561952605,5.0,0.512396694214876,0.23363505181687003,0.2656743138026561,0.23583427861502732,0.26485635576544675,0.5007301642135008,0.5012883678785004,0.4916938298468175,0.49716803992786873,3,0,5,1,0.07,0.1,77,153,noisy,12,47
9,Bully,2.1081402257872845,0.5259238681698575,5.0,0.06257378984651712,0.23297914207005113,0.2929447260998063,0.23284796012068734,0.24122817170945512,0.06913381287161789,0.9302994553052669,0.06838845015551752,0.9331723247389797,3,0,5,1,0.07,0.1,77,153,noisy,12,47
10,Win-Shift Lose-Stay: D,2.021984551396316,0.5332777739194852,5.0,0.07201889020070838,0.21681289595728098,0.3164648779622041,0.22525484022810224,0.24146738585241262,0.07309222151198988,0.9285869867945393,0.929056377969773,0.07281977975508555,3,0,5,1,0.07,0.1,77,153,noisy,12,47
11,Cooperator,1.7908496732026145,0.9297096248967907,0.0,0.9043683589138135,0.5102823498545423,0.41942727504224825,0.03844402774884058,0.03184634735436875,0.9301672127905452,0.9294714249559143,0.9286378774456243,0.9263973467058041,3,0,5,1,0.07,0.1,77,153,noisy,12,47
0,Tit For Tat,2.706703910614525,0.751634375371449,0.0,1.0,0.5570941796426166,0.19454019572883233,0.1940251198541939,0.054340504774357146,1.0,0.0,1.0,0.0,3,0,5,1,0.0,0.01,47,179,noisy,7,48
1,Alternator,2.7048417132216014,0.5027932960893855,3.0,1.0,0.18336701137129044,0.31942628471809503,0.41336820000792424,0.08383850390269028,0.0,0.0,1.0,1.0,3,0,5,1,0.0,0.01,47,179,noisy,7,48
2,Soft Joss: 0.9,2.6629422718808193,0.779884306034312,0.0,1.0,0.5786283133246167,0.2012559927096953,0.17637386584254525,0.043741828123142756,1.0,0.10294731260918243,1.0,0.09207650273224044,3,0,5,1,0.0,0.01,47,179,noisy,7,48
3,Meta Winner: 6 players,2.640595903165736,0.5276952335670986,2.0,1.0,0.2244740282895519,0.30322120527754665,0.3728356907959903,0.09946907563691115,0.5687491989766833,0.15793205690499126,0.8100937849104092,0.6159551055645955,3,0,5,1,0.0,0.01,47,179,noisy,7,48
4,Win-Stay Lose-Shift,2.6284916201117317,0.7518324814770792,1.0,1.0,0.627540710804707,0.12429177067237211,0.1258369982962875,0.12233052022663338,1.0,0.0,0.0,1.0,3,0,5,1,0.0,0.01,47,179,noisy,7,48
5,Random: 0.5,2.61731843575419,0.49895003764016005,4.0,0.4716312056737589,0.2994571892705733,0.19949284836958672,0.3027259400134712,0.1983240223463687,0.49690630919403866,0.49697117060951956,0.5005787217414612,0.5032723637561649,3,0,5,1,0.0,0.01,47,179,noisy,7,48
6,Cooperator,2.282122905027933,1.0,0.0,1.0,0.7570624826657157,0.24293751733428426,0.0,0.0,1.0,1.0,0.0,0.0,3,0,5,1,0.0,0.01,47,179,noisy,7,48
0,Evolved HMM 5,3.3894308943089433,0.29101819589624467,5.0,0.9666666666666667,0.22202864885791712,0.06898954703832752,0.5042586140147115,0.20472319008904374,0.6188443997627889,0.3787012251315525,0.09535002168078968,0.14048515034261433,3,0,5,1,0.03,0.1,42,123,noisy,6,49
1,Meta Winner: 5 players,3.1504065040650406,0.26260162601626014,4.0,0.9761904761904762,0.13464963221060783,0.12795199380565234,0.4983739837398374,0.23902439024390243,0.43777895241312265,0.6334094573484649,0.08687402215880857,0.32623474351024195,3,0,5,1,0.03,0.1,42,123,noisy,6,49
2,Random: 0.5,2.0682926829268293,0.49465737514518004,2.0,0.42857142857142855,0.22187379016647307,0.2727835849787069,0.22411924119241194,0.281223383662408,0.48346588318172135,0.49307265142626183,0.4943376588352738,0.5053495411384079,3,0,5,1,0.03,0.1,42,123,noisy,6,49
3,Tit For 2 Tats,1.9813008130081302,0.6763066202090592,0.0,0.9666666666666667,0.35667828106852495,0.3196283391405343,0.14614789005032908,0.1775454897406117,0.9694248844036799,0.558070965515584,0.9687334033933567,0.0625124324824156,3,0,5,1,0.03,0.1,42,123,noisy,6,49
4,Bully,1.678048780487805,0.6223383662408053,2.0,0.03333333333333333,0.15594270228416568,0.4663956639566396,0.20840108401084012,0.16926054974835464,0.03330901760964266,0.9698118619932105,0.029531491375121188,0.9714465800715393,3,0,5,1,0.03,0.1,42,123,noisy,6,49
5,Anti Tit For Tat,1.4975609756097563,0.659272164150213,2.0,0.9761904761904762,0.16511807975222606,0.4941540843979868,0.16860240030971735,0.17212543554006965,0.03498811920409434,0.9707786106235774,0.03067942362696131,0.9729950724419965,3,0,5,1,0.03,0.1,42,123,noisy,6,49
0,"DoubleCrosser: (D, D)",2.9318181818181817,0.8152356902356902,7.0,0.9884259259259259,0.7646254208754208,0.05061026936026937,0.1078493265993266,0.07691498316498317,0.9448273372633378,0.8216538584236179,0.1715815780988201,0.026602026906230442,3,0,5,1,0.01,0.06,48,22,noisy,10,50
1,Evolved HMM 5,2.868686868686869,0.8080808080808081,2.0,0.9907407407407407,0.7656776094276094,0.04240319865319865,0.0941708754208754,0.0977483164983165,0.9781346464423392,0.3143375276204596,0.220858897295064,0.1612342489663771,3,0,5,1,0.01,0.06,48,22,noisy,10,50
2,Evolved FSM 16,2.845959595959596,0.8051346801346801,2.0,0.9930555555555556,0.7168560606060607,0.08827861952861954,0.12205387205387207,0.07281144781144781,0.7511566559634961,0.5178707352361921,0.7738186890106841,0.3320393064340419,3,0,5,1,0.01,0.06,48,22,noisy,10,50
3,Tit For Tat,2.825757575757576,0.8483796296296297,1.0,0.9907407407407407,0.7181186868686869,0.13026094276094277,0.1268939393939394,0.024726430976430975,0.9925433264005429,0.029479798298559665,0.994732402433624,0.0,3,0,5,1,0.01,0.06,48,22,noisy,10,50
4,Soft Joss: 0.9,2.80050505050505,0.8565867003367004,1.0,0.9884259259259259,0.7257996632996633,0.13078703703703703,0.11721380471380471,0.026199494949494945,0.9881304798323443,0.09775192942806417,0.9962245701564508,0.12601863226863225,3,0,5,1,0.01,0.06,48,22,noisy,10,50
5,Cooperator,2.7323232323232327,0.9901094276094277,0.0,0.9861111111111112,0.8823653198653199,0.10774410774410774,0.008627946127946129,0.0012626262626262627,0.990619752404269,0.9885140922048153,0.9791073124406459,1.0,3,0,5,1,0.01,0.06,48,22,noisy,10,50
6,Win-Stay Lose-Shift,2.7272727272727275,0.788510101010101,1.0,0.9953703703703703,0.678872053872054,0.10963804713804715,0.11069023569023567,0.1007996632996633,0.9883920128639289,0.011212008573785619,0.02297898180251121,0.987122814844589,3,0,5,1,0.01,0.06,48,22,noisy,10,50
7,Suspicious Tit For Tat,2.7272727272727275,0.6837121212121212,6.5,0.006944444444444444,0.4756944444444444,0.20801767676767677,0.24515993265993266,0.07112794612794612,0.9886089244584214,0.009417439618596613,0.9871317397000823,0.021047486752070795,3,0,5,1,0.01,0.06,48,22,noisy,10,50
8,Tit For 2 Tats,2.7222222222222223,0.9754840067340067,0.0,0.9884259259259259,0.8744739057239058,0.10101010101010104,0.015993265993265993,0.008522727272727274,0.9878728371501594,0.8946889128949326,0.9860398860398861,0.6496138996138996,3,0,5,1,0.01,0.06,48,22,noisy,10,50
9,Cycler DC,2.3914141414141414,0.4986321548821549,3.0,0.016203703703703703,0.1803451178451178,0.318287037037037,0.3383838383838384,0.16298400673400676,0.11174457108308844,0.01160388400115509,0.9815725244096565,0.9051458733215687,3,0,5,1,0.01,0.06,48,22,noisy,10,50
0,Defector,2.967894736842106,0.030526315789473683,5.0,0.02727272727272727,0.014880382775119615,0.015645933014354067,0.48412679425837324,0.48534688995215314,0.030945739796718986,0.06144747531013754,0.03201548087016274,0.033212615898222955,3,0,5,1,0.03,0.06,88,190,noisy,6,51
1,Meta Winner: 5 players,2.9436842105263157,0.04563397129186603,4.0,0.9545454545454546,0.022057416267942585,0.023576555023923446,0.4821650717703349,0.472200956937799,0.2225554967623132,0.3227957249455148,0.06587603221896189,0.06371219155467507,3,0,5,1,0.03,0.06,88,190,noisy,6,51
2,Suspicious Tit For Tat,1.9226315789473682,0.4048803827751196,2.0,0.020454545454545454,0.2805980861244019,0.1242822966507177,0.12144736842105264,0.47367224880382774,0.9714930279715814,0.02870297040559467,0.9725510809479185,0.03413974292501968,3,0,5,1,0.03,0.06,88,190,noisy,6,51
3,Win-Shift Lose-Stay: D,1.9157894736842107,0.4926555023923445,2.0,0.04090909090909091,0.19982057416267943,0.29283492822966506,0.2025598086124402,0.3047846889952153,0.025052640492035694,0.9735762162147148,0.967946032245792,0.02745787837406192,3,0,5,1,0.03,0.06,88,190,noisy,6,51
4,Bully,1.896842105263158,0.5845334928229665,2.0,0.031818181818181815,0.12363636363636363,0.46089712918660286,0.28322966507177033,0.13223684210526315,0.031008860379613052,0.9758602699154224,0.030124501085029176,0.9708143858703216,3,0,5,1,0.03,0.06,88,190,noisy,6,51
5,Cooperator,0.9778947368421053,0.9696291866028708,0.0,0.975,0.3039593301435406,0.6656698564593301,0.009377990430622008,0.020992822966507174,0.9707225163121244,0.9682219196405264,0.977106227106227,0.9677036330582522,3,0,5,1,0.03,0.06,88,190,noisy,6,51
0,Evolved HMM 5,2.5892857142857144,0.4761309523809524,9.0,0.96875,0.37601190476190477,0.10011904761904765,0.2313690476190476,0.2925,0.9147891044580888,0.3879748291707613,0.15908703845407665,0.17305968090448612,3,0,5,1,0.02,0.01,10,105,noisy,17,52
1,"DoubleCrosser: (D, D)",2.5404761904761903,0.5333928571428571,7.0,0.98125,0.46886904761904763,0.06452380952380952,0.16875,0.2978571428571429,0.9018612516026512,0.7050749668124708,0.41415415976306885,0.1653404724539825,3,0,5,1,0.02,0.01,10,105,noisy,17,52
2,Grudger,2.463392857142857,0.23422619047619048,13.5,0.9875,0.21648809523809523,0.01773809523809524,0.2616666666666667,0.5041071428571429,0.8671602426549988,0.04372294372294372,0.07641274878226033,0.01819311675227478,3,0,5,1,0.02,0.01,10,105,noisy,17,52
3,Evolved FSM 16,2.437202380952381,0.5023214285714286,10.0,0.975,0.3043452380952381,0.19797619047619047,0.26226190476190475,0.23541666666666666,0.5967850790918817,0.49463108825379365,0.4607711921687545,0.37015988462906557,3,0,5,1,0.02,0.01,10,105,noisy,17,52
4,Defector,2.3529761904761903,0.01982142857142857,15.0,0.0,0.0064285714285714285,0.013392857142857142,0.3364880952380953,0.6436904761904761,0.1308922558922559,0.06164141414141414,0.02426265247756607,0.020143358295683582,3,0,5,1,0.02,0.01,10,105,noisy,17,52
5,Meta Winner: 15 players,2.348809523809524,0.04172619047619048,15.0,0.98125,0.023452380952380954,0.018273809523809522,0.32886904761904756,0.629404761904762,0.41820385287509615,0.2058534283278529,0.045316084231347066,0.021590278142510543,3,0,5,1,0.02,0.01,10,105,noisy,17,52
6,Soft Joss: 0.9,2.3077380952380953,0.6455952380952381,3.5,0.975,0.4778571428571428,0.16773809523809524,0.13017857142857142,0.2242261904761905,0.9824242026917486,0.10517333244229725,0.9825755746363722,0.11834955115504903,3,0,5,1,0.02,0.01,10,105,noisy,17,52
7,Tit For Tat,2.2857142857142856,0.5626785714285715,6.0,0.99375,0.404345238095238,0.15833333333333333,0.15720238095238093,0.28011904761904766,0.9773443697312104,0.024810934298728337,0.9798634815637377,0.028245218303469617,3,0,5,1,0.02,0.01,10,105,noisy,17,52
8,Tit For 2 Tats,2.2708333333333335,0.7633333333333333,1.0,0.99375,0.605,0.15833333333333335,0.053869047619047615,0.18279761904761907,0.9822801347221533,0.7401899094150015,0.9853497022003782,0.24369649260569326,3,0,5,1,0.02,0.01,10,105,noisy,17,52
9,Suspicious Tit For Tat,2.243452380952381,0.529702380952381,9.0,0.0125,0.368452380952381,0.16125000000000003,0.16744047619047622,0.3028571428571429,0.9812676717639623,0.026250459044690633,0.9762938086850146,0.020220721718504003,3,0,5,1,0.02,0.01,10,105,noisy,17,52
10,GTFT: 0.33,2.238988095238095,0.7486309523809523,1.5,0.99375,0.5511904761904762,0.19744047619047617,0.08440476190476193,0.16696428571428573,0.9796186246876286,0.3429640170320303,0.9754201361292858,0.36590628953177134,3,0,5,1,0.02,0.01,10,105,noisy,17,52
11,Meta Mixer: 15 players,2.0610119047619047,0.4407142857142857,9.5,0.7625,0.21749999999999997,0.22321428571428573,0.21000000000000002,0.3492857142857142,0.5860398845406058,0.34882343894466894,0.5734030304978398,0.3167396858263992,3,0,5,1,0.02,0.01,10,105,noisy,17,52
12,Win-Stay Lose-Shift,2.0425595238095235,0.5864285714285714,6.0,0.98125,0.3301190476190477,0.2563095238095238,0.1588095238095238,0.25476190476190474,0.9734781850623351,0.022074577171723987,0.01955108813035626,0.9827515649668963,3,0,5,1,0.02,0.01,10,105,noisy,17,52
13,Cycler DC,1.9511904761904761,0.49392857142857144,7.0,0.0125,0.16041666666666665,0.3335119047619048,0.24148809523809525,0.26458333333333334,0.10345720858416049,0.053669981502618,0.9547061240777719,0.8974054105391048,3,0,5,1,0.02,0.01,10,105,noisy,17,52
14,Random: 0.5,1.8770833333333332,0.5018452380952381,5.5,0.475,0.19684523809523813,0.305,0.1969642857142857,0.3011904761904762,0.48438908500952266,0.5014626599059618,0.48843197316005643,0.5142004177214772,3,0,5,1,0.02,0.01,10,105,noisy,17,52
15,Cooperator,1.862202380952381,0.9813095238095239,0.5,0.99375,0.6041666666666667,0.37714285714285717,0.01148809523809524,0.007202380952380953,0.9824149078171427,0.9678614673444741,0.9923513986013986,0.9709728867623604,3,0,5,1,0.02,0.01,10,105,noisy,17,52
16,Anti Tit For Tat,1.7160714285714285,0.6236904761904762,6.5,0.98125,0.16565476190476192,0.4580357142857143,0.20708333333333334,0.1692261904761905,0.020441929146272447,0.9784171223516314,0.02562785811793574,0.9787327584645882,3,0,5,1,0.02,0.01,10,105,noisy,17,52
0,Grudger,2.68974358974359,0.18729096989966554,8.0,0.9576086956521739,0.14456521739130435,0.042725752508361206,0.361231884057971,0.4514771460423635,0.6154076070800891,0.043268301272456365,0.07818368453349708,0.04058634715722335,3,0,5,1,0.04,0.05,92,39,noisy,11,53
1,Defector,2.675641025641026,0.03979933110367893,10.0,0.04021739130434782,0.016304347826086953,0.023494983277591964,0.4160535117056856,0.5441471571906354,0.03598963635115395,0.04750615977305406,0.03976902759528891,0.04245334466148503,3,0,5,1,0.04,0.05,92,39,noisy,11,53
2,Meta Winner: 10 players,2.571794871794872,0.10794314381270903,8.0,0.967391304347826,0.0560479375696767,0.05189520624303233,0.3773690078037904,0.5146878483835005,0.3186851932442772,0.3047219144150322,0.052406840026211,0.06427969992208604,3,0,5,1,0.04,0.05,92,39,noisy,11,53
3,Evolved FSM 16,2.4333333333333336,0.41761426978818283,6.0,0.967391304347826,0.20707915273132665,0.21053511705685618,0.31075808249721293,0.27162764771460424,0.5844063135775844,0.39536679620713533,0.30760133712038007,0.36521043034040174,3,0,5,1,0.04,0.05,92,39,noisy,11,53
4,Tit For Tat,2.0692307692307694,0.4700390189520624,2.0,0.9641304347826087,0.2617335562987737,0.20830546265328875,0.18851727982162764,0.34144370122630996,0.9597620904017321,0.0384647228769676,0.9578083680726135,0.0414486334319498,3,0,5,1,0.04,0.05,92,39,noisy,11,53
5,Soft Joss: 0.9,2.0115384615384615,0.5259476031215161,1.0,0.9684782608695652,0.29088628762541807,0.23506131549609804,0.16622073578595317,0.30783166109253063,0.9582356389697664,0.13641506349304863,0.960710127802682,0.13579895327396554,3,0,5,1,0.04,0.05,92,39,noisy,11,53
6,Win-Stay Lose-Shift,1.8064102564102564,0.5657748049052397,2.0,0.9576086956521739,0.2667224080267559,0.29905239687848384,0.1414994425863991,0.2927257525083612,0.9583184112500289,0.039758940267269234,0.04613683219396217,0.9594919558694928,3,0,5,1,0.04,0.05,92,39,noisy,11,53
7,Random: 0.5,1.7358974358974357,0.4932552954292085,3.0,0.49130434782608695,0.17360646599777035,0.31964882943143813,0.1797658862876254,0.3269788182831661,0.4820936113961106,0.48387564429426533,0.4891280661284648,0.5007105480726964,3,0,5,1,0.04,0.05,92,39,noisy,11,53
8,Cycler DC,1.7102564102564102,0.4870401337792642,4.0,0.04021739130434782,0.16337792642140472,0.3236622073578595,0.17525083612040138,0.33770903010033443,0.11503049129030382,0.11977847978468152,0.88626312234458,0.8675863945575802,3,0,5,1,0.04,0.05,92,39,noisy,11,53
9,Bully,1.6025641025641026,0.6208472686733556,4.0,0.029347826086956522,0.18486622073578593,0.4359810479375697,0.16457636566332218,0.21457636566332217,0.036615168106693616,0.9623795106264991,0.04041487037243306,0.9619009335918088,3,0,5,1,0.04,0.05,92,39,noisy,11,53
10,Anti Tit For Tat,1.4679487179487178,0.6614269788182832,3.0,0.9554347826086956,0.1951226309921962,0.466304347826087,0.1354236343366778,0.20314938684503905,0.04342056986792927,0.9608309491351983,0.03419476266419468,0.9574823140448029,3,0,5,1,0.04,0.05,92,39,noisy,11,53
0,"DoubleCrosser: (D, D)",2.556349206349206,0.3686182669789227,11.0,0.9435336976320583,0.28152485037730945,0.08709341660161332,0.26915170439760605,0.3622300286234712,0.7659879041150155,0.5906649038911205,0.22376148014926633,0.06403162485838196,3,0,5,1,0.05,0.03,61,70,noisy,19,54
1,Evolved HMM 5,2.5380952380952384,0.37092115534738485,12.0,0.9544626593806922,0.24322144158209735,0.12769971376528752,0.29532916991933383,0.3337496747332812,0.7691985878817987,0.3733997702964317,0.14761278070926606,0.18985225996465888,3,0,5,1,0.05,0.03,61,70,noisy,19,54
2,Grudger,2.5142857142857142,0.14085349986989332,16.0,0.9526411657559198,0.09923237054384594,0.04162112932604736,0.3383814728077023,0.5207650273224045,0.5723199263296521,0.046916500130231624,0.07381872244485334,0.05138238273216054,3,0,5,1,0.05,0.03,61,70,noisy,19,54
3,Evolved FSM 16,2.458730158730159,0.3906193078324226,12.0,0.9344262295081968,0.19255789747593033,0.19806141035649233,0.31792870153525893,0.29145199063231847,0.5079074013807028,0.4397832186669055,0.33559114322748845,0.32545854638833105,3,0,5,1,0.05,0.03,61,70,noisy,19,54
4,Defector,2.4214285714285717,0.050702576112412176,17.0,0.0610200364298725,0.018943533697632062,0.03175904241478012,0.3554905022118136,0.5938069216757742,0.059632724645283616,0.05643231246365564,0.048986288052247605,0.05079834424604215,3,0,5,1,0.05,0.03,61,70,noisy,19,54
5,Meta Winner: 17 players,2.395238095238095,0.09113973458235754,16.0,0.9581056466302368,0.04240176945094978,0.04873796513140775,0.33968253968253964,0.5691777257351027,0.34613771575548086,0.2094966738535721,0.07223186765160489,0.0611504724285585,3,0,5,1,0.05,0.03,61,70,noisy,19,54
6,Tit For Tat,2.223015873015873,0.518384074941452,7.0,0.9398907103825137,0.30983606557377047,0.20854800936768148,0.20413739266198277,0.27747853239656517,0.9521431733401367,0.0519825543335052,0.9470690345259042,0.04910498716970748,3,0,5,1,0.05,0.03,61,70,noisy,19,54
7,Suspicious Tit For Tat,2.18015873015873,0.4801977621649753,9.0,0.04007285974499089,0.27167577413479055,0.20852198803018476,0.212568306010929,0.30723393182409575,0.9435576869582406,0.04972947931815319,0.9502416798248975,0.04775551869129446,3,0,5,1,0.05,0.03,61,70,noisy,19,54
8,Soft Joss: 0.9,2.174603174603175,0.565912047879261,3.0,0.9489981785063752,0.33502472027062186,0.2308873276086391,0.18482956023939628,0.2492583918813427,0.94940297669315,0.13933894792593468,0.9509800882301561,0.14690888553971168,3,0,5,1,0.05,0.03,61,70,noisy,19,54
9,GTFT: 0.33,2.0603174603174605,0.6751105906843612,1.0,0.9480874316939891,0.3979963570127505,0.2771142336716107,0.13667707520166536,0.18821233411397345,0.9511088939593534,0.35025974757874956,0.9507372606635811,0.3444324641083742,3,0,5,1,0.05,0.03,61,70,noisy,19,54
10,Win-Stay Lose-Shift,2.046031746031746,0.5223783502472027,7.0,0.9526411657559198,0.2464090554254488,0.2759692948217538,0.20689565443663807,0.2707259953161592,0.951295950923706,0.05142266396735459,0.05125589992502275,0.9515990412453592,3,0,5,1,0.05,0.03,61,70,noisy,19,54
11,Tit For 2 Tats,2.0428571428571427,0.7278037991152745,0.0,0.9544626593806922,0.4780510018214936,0.24975279729378086,0.08229247983346344,0.18990372105126208,0.9514510494510647,0.6972609260667411,0.9535269468813437,0.29624591831915636,3,0,5,1,0.05,0.03,61,70,noisy,19,54
12,Meta Mixer: 17 players,2.034920634920635,0.42279469164715067,10.0,0.6712204007285975,0.1813687223523289,0.2414259692948218,0.22890970595888632,0.34829560239396307,0.5181196408437229,0.36912994477196237,0.49591868410674855,0.3629838952361368,3,0,5,1,0.05,0.03,61,70,noisy,19,54
13,Alternator,1.9031746031746033,0.5026151444184231,6.0,0.9508196721311475,0.17933905802758263,0.3232760863908405,0.2164064532916992,0.28097840228987775,0.05171859538235176,0.046557183820903736,0.94666815040378,0.9509480206674437,3,0,5,1,0.05,0.03,61,70,noisy,19,54
14,Random: 0.5,1.8992063492063491,0.500312256049961,7.0,0.4918032786885246,0.1997788186312776,0.3005334374186833,0.19811345303148578,0.3015742909185532,0.4966273025898832,0.5006157757792031,0.5023651734515678,0.5005010991266852,3,0,5,1,0.05,0.03,61,70,noisy,19,54
15,Cycler DC,1.8976190476190478,0.4987639864689045,6.0,0.05009107468123861,0.17650273224043717,0.32226125422846735,0.216679677335415,0.28455633619568044,0.13305505958603617,0.11206563280000502,0.8889580457192301,0.8519158573099151,3,0,5,1,0.05,0.03,61,70,noisy,19,54
16,Win-Shift Lose-Stay: D,1.8285714285714287,0.5413218839448347,7.0,0.05009107468123861,0.189032006245121,0.35228987769971376,0.20156128024980483,0.2571168358053604,0.04998287243220516,0.9503100679446784,0.9510843253914065,0.04542351909666366,3,0,5,1,0.05,0.03,61,70,noisy,19,54
17,Bully,1.6833333333333333,0.6052432995055946,7.0,0.05737704918032787,0.2012490241998439,0.4039942753057507,0.1722742648972157,0.22248243559718972,0.050902711636083973,0.9507358716239646,0.04770297672891483,0.949933090915184,3,0,5,1,0.05,0.03,61,70,noisy,19,54
18,Anti Tit For Tat,1.6626984126984128,0.6196330991412958,7.0,0.9471766848816029,0.20820973198022377,0.4114233671610721,0.16366120218579236,0.21670569867291178,0.05000434385334608,0.9509118408375696,0.047366118818428136,0.9505081195883994,3,0,5,1,0.05,0.03,61,70,noisy,19,54
0,Evolved HMM 5,2.5730027548209367,0.3484848484848485,12.0,0.9427083333333334,0.2185634756657484,0.1299213728191001,0.31727789256198347,0.334237258953168,0.7437023194082744,0.3576804672801057,0.15155976991894435,0.19633560656260304,3,0,5,1,0.06,0.08,32,121,noisy,19,55
1,"DoubleCrosser: (D, D)",2.556473829201102,0.3201761937557392,13.0,0.9409722222222222,0.24470557851239672,0.07547061524334252,0.28389003673094576,0.39593376951331494,0.7257339966258672,0.5195840311681718,0.18911547716566585,0.07021041695852352,3,0,5,1,0.06,0.08,32,121,noisy,19,55
2,Grudger,2.5477502295684116,0.10878673094582185,17.0,0.953125,0.06729224058769512,0.041494490358126725,0.36257460973370065,0.5286386593204776,0.5534812092280343,0.06374683238609914,0.07426270552971731,0.060306768259361924,3,0,5,1,0.06,0.08,32,121,noisy,19,55
3,Defector,2.508494031221304,0.060778236914600554,17.0,0.04513888888888889,0.024606864095500457,0.03617137281910009,0.3747130394857668,0.5645087235996327,0.060247498923608554,0.06370041082888193,0.0596093031193499,0.06099508137139006,3,0,5,1,0.06,0.08,32,121,noisy,19,55
4,Meta Winner: 17 players,2.50068870523416,0.0830033287419651,16.0,0.9427083333333334,0.03842401285583103,0.04457931588613407,0.36455463728191,0.5524420339761249,0.26472299202918764,0.1807992233813745,0.07125574629890973,0.07033016904238806,3,0,5,1,0.06,0.08,32,121,noisy,19,55
5,Evolved FSM 16,2.4338842975206614,0.3502209595959596,12.0,0.9513888888888888,0.1544708448117539,0.19575011478420568,0.3324294077134986,0.3173496326905417,0.462191771912042,0.4198362717248106,0.2855745995756442,0.29019549483705886,3,0,5,1,0.06,0.08,32,121,noisy,19,55
6,Tit For Tat,2.2052341597796143,0.5128845270890725,8.0,0.9461805555555556,0.3224001377410468,0.1904843893480257,0.1893508953168044,0.29776457759412306,0.9412030691634783,0.058590424781501435,0.9392867152083445,0.060007532137350834,3,0,5,1,0.06,0.08,32,121,noisy,19,55
7,Soft Joss: 0.9,2.171487603305785,0.5602186639118457,4.0,0.9305555555555556,0.343879132231405,0.21633953168044076,0.172893709825528,0.2668876262626262,0.9399707972526231,0.14931624601194948,0.9368614928987198,0.15634242719072594,3,0,5,1,0.06,0.08,32,121,noisy,19,55
8,Suspicious Tit For Tat,2.1678145087235996,0.4854080578512397,9.0,0.06076388888888889,0.2919966712580349,0.19341138659320475,0.19606577134986225,0.31852617079889806,0.9387763806911205,0.05565811165293641,0.9418528237533074,0.06217928457787011,3,0,5,1,0.06,0.08,32,121,noisy,19,55
9,Win-Stay Lose-Shift,2.078512396694215,0.5051078971533517,8.0,0.9427083333333334,0.2319788797061524,0.2731290174471993,0.22499139118457304,0.26990071166207524,0.9383747997037537,0.06022268449924655,0.05977919524594667,0.9371383191415175,3,0,5,1,0.06,0.08,32,121,noisy,19,55
10,Tit For 2 Tats,2.067952249770432,0.7007575757575758,1.0,0.9496527777777778,0.4695391414141414,0.23121843434343436,0.08895775941230487,0.21028466483011934,0.9419001230404382,0.6642872629863458,0.9376175741532992,0.2792769830912897,3,0,5,1,0.06,0.08,32,121,noisy,19,55
11,Meta Mixer: 17 players,2.0567033976124884,0.4414744031221304,10.0,0.6684027777777778,0.197816230486685,0.24365817263544537,0.22636880165289255,0.3321567952249771,0.5266241347360142,0.3951211162804082,0.5176669341249985,0.39215014610356513,3,0,5,1,0.06,0.08,32,121,noisy,19,55
12,GTFT: 0.33,2.036042240587695,0.6615013774104683,2.0,0.9236111111111112,0.3933367768595042,0.2681646005509642,0.13151400367309454,0.2069846189164371,0.9368301677976364,0.3439795268383158,0.9385178225745503,0.34300976880676326,3,0,5,1,0.06,0.08,32,121,noisy,19,55
13,Cycler DC,1.971763085399449,0.49631255739210284,8.0,0.046875,0.19047004132231404,0.3058425160697888,0.2245035583103765,0.27918388429752056,0.1500106215023285,0.1303995776863628,0.8761076701047139,0.8380248591996867,3,0,5,1,0.06,0.08,32,121,noisy,19,55
14,Random: 0.5,1.9696969696969697,0.5007747933884298,7.0,0.5295138888888888,0.21166207529843895,0.2891127180899908,0.20920856290174472,0.2900166437098255,0.5009036102903074,0.5007515130549005,0.5080759413400144,0.49642959248488655,3,0,5,1,0.06,0.08,32,121,noisy,19,55
15,Win-Shift Lose-Stay: D,1.9118457300275482,0.5358270202020202,7.0,0.04513888888888889,0.2002840909090909,0.3355429292929293,0.21097337006427916,0.2531996097337007,0.05599919362391269,0.9417943501595913,0.9448135814963506,0.0584341280334828,3,0,5,1,0.06,0.08,32,121,noisy,19,55
16,Bully,1.817722681359045,0.5859877180899908,7.0,0.07465277777777778,0.18606519742883376,0.39992252066115713,0.210557277318641,0.20345500459136823,0.05874623150039571,0.9420937552897173,0.05916313912974971,0.9381771058390258,3,0,5,1,0.06,0.08,32,121,noisy,19,55
17,Anti Tit For Tat,1.7832874196510562,0.5990300734618916,6.0,0.9392361111111112,0.18758608815427,0.4114439853076216,0.20430153810835627,0.196668388429752,0.062447980105227466,0.9456759452985588,0.058469146736790364,0.9417450723977152,3,0,5,1,0.06,0.08,32,121,noisy,19,55
18,Cooperator,1.5805785123966942,0.9380595730027548,0.0,0.9513888888888888,0.46357036271808993,0.4744892102846649,0.03102043158861341,0.030919995408631773,0.938390217930495,0.9371126859579163,0.9502561948051702,0.9512688560778728,3,0,5,1,0.06,0.08,32,121,noisy,19,55
0,Defector,2.432971014492754,0.0806692242114237,11.0,0.0857843137254902,0.0319693094629156,0.0486999147485081,0.3544863597612958,0.5648444160272804,0.08822976275170409,0.06886940313716645,0.07516859090962344,0.08188331476401052,3,0,5,1,0.08,0.06,68,23,noisy,13,56
1,Meta Winner: 11 players,2.427536231884058,0.16389599317988066,10.0,0.9215686274509803,0.08855498721227623,0.07534100596760444,0.3354113384484228,0.5006926683716965,0.3931116751923551,0.12075631473194896,0.14987532308101714,0.08718683282487245,3,0,5,1,0.08,0.06,68,23,noisy,13,56
2,"DoubleCrosser: (D, D)",2.4003623188405796,0.5622335890878091,6.0,0.9301470588235294,0.4079816709292412,0.15425191815856776,0.18435635123614666,0.25341005967604435,0.8377303032479259,0.6799144589859966,0.3345291440789675,0.17445580311179057,3,0,5,1,0.08,0.06,68,23,noisy,13,56
3,Evolved FSM 16,2.380434782608696,0.5145993179880648,7.0,0.9093137254901961,0.3081308610400682,0.20646845694799656,0.2426470588235294,0.2427536231884058,0.6031469635635786,0.423249732822303,0.43973020919257966,0.3705255744051588,3,0,5,1,0.08,0.06,68,23,noisy,13,56
4,Tit For Tat,2.318840579710145,0.5804028132992327,4.0,0.9227941176470589,0.3752664109121909,0.2051364023870418,0.19474637681159424,0.22485080988917305,0.9199888052184111,0.08945702787372489,0.9115444909255886,0.08779373074620138,3,0,5,1,0.08,0.06,68,23,noisy,13,56
5,Suspicious Tit For Tat,2.318840579710145,0.516570758738278,6.0,0.06740196078431372,0.31814791133844844,0.19842284739982952,0.2216005967604433,0.2618286445012788,0.9166121219414297,0.08701660674245672,0.9210034594909448,0.0797415478901273,3,0,5,1,0.08,0.06,68,23,noisy,13,56
6,GTFT: 0.33,2.233695652173913,0.6993286445012787,2.0,0.9129901960784313,0.4379795396419437,0.261349104859335,0.15137468030690537,0.14929667519181583,0.9190359522730653,0.3574875351873597,0.9257516929063874,0.36872899180161695,3,0,5,1,0.08,0.06,68,23,noisy,13,56
7,Alternator,2.230072463768116,0.5111359761295823,5.0,0.9031862745098039,0.2085997442455243,0.3025362318840579,0.2794650468883205,0.20939897698209722,0.07270011115364626,0.08009434176335405,0.9248475393648139,0.9177507087577909,3,0,5,1,0.08,0.06,68,23,noisy,13,56
8,Win-Shift Lose-Stay: D,2.2228260869565215,0.5049019607843137,6.0,0.07107843137254902,0.2330562659846547,0.271845694799659,0.2547953964194373,0.24030264279624894,0.08078280161012362,0.9210552398964689,0.9191848706885728,0.08462623096107467,3,0,5,1,0.08,0.06,68,23,noisy,13,56
9,Meta Mixer: 11 players,2.2228260869565215,0.5344202898550725,5.0,0.6715686274509803,0.30104433077578857,0.2333759590792839,0.21547314578005117,0.2501065643648764,0.6647820590932998,0.3814042786527397,0.6700385632143077,0.3757491213045487,3,0,5,1,0.08,0.06,68,23,noisy,13,56
10,Random: 0.5,2.2028985507246377,0.4998934356351236,5.0,0.5110294117647058,0.23982310315430522,0.2600703324808184,0.24456521739130432,0.25554134697357206,0.4797626686304483,0.5086744383414894,0.501671694663773,0.5012383504326208,3,0,5,1,0.08,0.06,68,23,noisy,13,56
11,Tit For 2 Tats,2.15036231884058,0.7675298380221653,1.0,0.9093137254901961,0.5233375959079284,0.24419224211423698,0.08466538789428814,0.14780477408354645,0.9124930436396567,0.7212565940100778,0.9196103722493171,0.45301841502380075,3,0,5,1,0.08,0.06,68,23,noisy,13,56
12,Cooperator,1.9873188405797102,0.9223678601875532,1.0,0.9375,0.5740622335890878,0.3483056265984655,0.04640878090366582,0.0312233589087809,0.9186751525012102,0.9260618193614554,0.9297376880873691,0.9073751502982853,3,0,5,1,0.08,0.06,68,23,noisy,13,56
0,Evolved FSM 16,2.7470085470085475,0.23535353535353534,3.0,0.9444444444444444,0.11424501424501425,0.1211085211085211,0.4082880082880083,0.35635845635845637,0.21576705124830478,0.42717510153186816,0.27371652067987484,0.16888591373044057,3,0,5,1,0.06,0.05,66,195,noisy,4,57
1,Suspicious Tit For Tat,2.295726495726496,0.48609168609168607,1.0,0.045454545454545456,0.18497798497798498,0.3011137011137011,0.30023310023310024,0.2136752136752137,0.9369700929487461,0.060133196594218286,0.9404550411663939,0.06222781112700082,3,0,5,1,0.06,0.05,66,195,noisy,4,57
2,Cycler DC,1.8111111111111111,0.49932659932659934,1.0,0.050505050505050504,0.12263662263662266,0.3766899766899767,0.23543123543123542,0.26524216524216526,0.20341387680945364,0.10016982915206651,0.9054900821411634,0.8147243742323121,3,0,5,1,0.06,0.05,66,195,noisy,4,57
3,Win-Shift Lose-Stay: D,1.811111111111111,0.5285677285677286,1.0,0.050505050505050504,0.18855218855218855,0.34001554001554,0.19497539497539496,0.27645687645687644,0.06507769454627105,0.9386147301555342,0.9377341336571893,0.059161835383282645,3,0,5,1,0.06,0.05,66,195,noisy,4,57
0,Defector,2.2992,0.0894060606060606,5.0,0.07878787878787878,0.03145050505050505,0.05795555555555555,0.32428282828282834,0.5863111111111111,0.08597133518845515,0.08985974597055749,0.08729756840455274,0.08839754011199363,3,0,5,1,0.09,0.04,99,125,noisy,6,58
1,Meta Winner: 5 players,2.256,0.10437171717171717,4.0,0.9030303030303031,0.03856161616161616,0.06581010101010101,0.31284040404040403,0.5827878787878789,0.20659150737750212,0.09175114452213717,0.11233992199096085,0.09083661083497951,3,0,5,1,0.09,0.04,99,125,noisy,6,58
2,Win-Stay Lose-Shift,1.984,0.45165252525252525,2.0,0.9151515151515152,0.1397656565656566,0.3118868686868687,0.2540767676767677,0.294270707070707,0.9101207046360997,0.09433971056674992,0.08852786558930299,0.9131233519007758,3,0,5,1,0.09,0.04,99,125,noisy,6,58
3,Tit For Tat,1.8704,0.37575757575757573,1.0,0.898989898989899,0.12951919191919192,0.24623838383838384,0.21472323232323234,0.40951919191919195,0.9133930722287118,0.09191298042385847,0.9066454124298844,0.0890872659555972,3,0,5,1,0.09,0.04,99,125,noisy,6,58
4,Alternator,1.7311999999999999,0.501349494949495,2.0,0.9090909090909091,0.1369858585858586,0.36436363636363633,0.20425050505050507,0.2944,0.08919139481979488,0.08927656841370389,0.9120709378923271,0.9100902575987101,3,0,5,1,0.09,0.04,99,125,noisy,6,58
5,Win-Shift Lose-Stay: D,1.4592,0.5502222222222222,1.0,0.07878787878787878,0.13569292929292928,0.4145292929292929,0.15061010101010103,0.29916767676767675,0.08793371717007487,0.9121905351147094,0.912478932509794,0.08901788819889007,3,0,5,1,0.09,0.04,99,125,noisy,6,58
0,Evolved HMM 5,2.8941176470588235,0.284593837535014,4.0,0.9833333333333333,0.20504201680672268,0.07955182072829133,0.39250700280112044,0.3228991596638655,0.746983965957737,0.3376085274032842,0.10574559829671315,0.154897419187898,3,0,5,1,0.04,0.02,24,119,noisy,6,59
1,Win-Stay Lose-Shift,2.447058823529412,0.43515406162464987,2.0,0.9916666666666667,0.18683473389355743,0.24831932773109244,0.3284313725490196,0.23641456582633052,0.9617832830567815,0.036795212700890326,0.03840552654800563,0.9635992208772862,3,0,5,1,0.04,0.02,24,119,noisy,6,59
2,Suspicious Tit For Tat,2.310924369747899,0.5165266106442578,2.0,0.06666666666666667,0.26386554621848746,0.2526610644257703,0.25784313725490193,0.22563025210084034,0.9627922762716306,0.0379673013005508,0.9611975647043483,0.040975915946711704,3,0,5,1,0.04,0.02,24,119,noisy,6,59
3,Random: 0.5,2.038655462184874,0.496218487394958,2.0,0.5083333333333333,0.2122549019607843,0.28396358543417366,0.22640056022408964,0.2773809523809524,0.503857894156188,0.5013924683114162,0.495475866674748,0.4786675289291436,3,0,5,1,0.04,0.02,24,119,noisy,6,59
4,Cycler DC,1.9915966386554622,0.49719887955182074,2.0,0.08333333333333333,0.16792717086834735,0.3292717086834734,0.25056022408963585,0.2522408963585434,0.13902921511263855,0.06727136417381192,0.9303720459611127,0.8760414915853156,3,0,5,1,0.04,0.02,24,119,noisy,6,59
5,Win-Shift Lose-Stay: D,1.6050420168067228,0.6065126050420168,1.0,0.041666666666666664,0.16491596638655462,0.4415966386554622,0.1796218487394958,0.21386554621848738,0.03971540004183422,0.9610314286137351,0.9556241857100849,0.03575322050561504,3,0,5,1,0.04,0.02,24,119,noisy,6,59
0,Grudger,2.556005398110661,0.11801235421261096,18.0,0.9242618741976893,0.06523814225996512,0.05277421195264584,0.36786149238010596,0.514126153407283,0.43260700951299175,0.08242788731424522,0.09264045999388358,0.08034347825053112,3,0,5,1,0.08,0.1,41,117,noisy,20,60
1,Defector,2.541160593792173,0.08180551441141942,18.0,0.0821566110397946,0.03430872365403816,0.04749679075738126,0.37839439123136165,0.5398000943572189,0.09510569441794244,0.08723467189472181,0.08229085228544833,0.0795675821040412,3,0,5,1,0.08,0.1,41,117,noisy,20,60
2,Evolved HMM 5,2.5353126405757984,0.3196405648267009,14.0,0.9139922978177151,0.1845890523682565,0.13505151245844443,0.32641014669255997,0.3539492884807391,0.6949708364652261,0.34512503232208225,0.15659327898193265,0.2019023684556258,3,0,5,1,0.08,0.1,41,117,noisy,20,60
3,Meta Winner: 18 players,2.5164192532613585,0.10351864652249762,18.0,0.9101412066752247,0.04728832713428349,0.05623031938821412,0.36966086260052883,0.5268204908769735,0.24109531964086162,0.17238271573174946,0.09080109328041976,0.08987555888554499,3,0,5,1,0.08,0.1,41,117,noisy,20,60
4,"DoubleCrosser: (D, D)",2.5123706702654074,0.291179794389037,14.0,0.9281129653401797,0.20475516496055648,0.08642462942848052,0.29807006572090006,0.4107501398900628,0.6573762228809968,0.46219420235771863,0.1980507853021758,0.09580966906311018,3,0,5,1,0.08,0.1,41,117,noisy,20,60
5,Evolved FSM 16,2.4322986954565904,0.3198490284497987,13.0,0.9139922978177151,0.13757501947489112,0.1822740089749075,0.3351217317841195,0.34502923976608185,0.4376986997847728,0.3837257504390154,0.25957300600790867,0.27141436995540114,3,0,5,1,0.08,0.1,41,117,noisy,20,60
6,Tit For Tat,2.1884840305892936,0.5012891829323152,8.0,0.9306803594351734,0.2879979811943869,0.2132912017379283,0.20810155469975758,0.29060926236792733,0.9192355411329326,0.08041015273018721,0.9202861678258467,0.08219102267921524,3,0,5,1,0.08,0.1,41,117,noisy,20,60
7,Suspicious Tit For Tat,2.1713900134952766,0.4778644547579079,10.0,0.07445442875481387,0.2670857882667896,0.21077866649111837,0.21217208123498238,0.3099634640071097,0.9142234944094647,0.0811116032238091,0.9155497284866082,0.08000165087516661,3,0,5,1,0.08,0.1,41,117,noisy,20,60
8,Soft Joss: 0.9,2.1381016644174538,0.5439693668191743,4.0,0.9216944801026957,0.3087455975774333,0.235223769241741,0.18950440516550912,0.26652622801531656,0.9195682058860595,0.16668723981084105,0.9154513126444371,0.1585774737521404,3,0,5,1,0.08,0.1,41,117,noisy,20,60
9,Win-Stay Lose-Shift,2.109761583445794,0.501333070010862,8.0,0.9139922978177151,0.22932095717718307,0.272012112833679,0.22841030029733492,0.270256629691803,0.9160632274578376,0.08006954054933683,0.07868631089140467,0.9181923498642848,3,0,5,1,0.08,0.1,41,117,noisy,20,60
10,Meta Mixer: 18 players,2.0787224471435,0.4470886409268951,11.0,0.6700898587933247,0.20082727143060905,0.246261369496286,0.23050590829794937,0.32240545077515553,0.5086443164892724,0.3988317776680984,0.5042126195531158,0.3979618931988527,3,0,5,1,0.08,0.1,41,117,noisy,20,60
11,GTFT: 0.33,2.0211426000899686,0.6473673238756679,2.0,0.9062901155327343,0.3587220082727144,0.28864531560295353,0.14755932984431058,0.2050733462800215,0.9213556332597717,0.3612233335924445,0.9198213576291396,0.3644344783894181,3,0,5,1,0.08,0.1,41,117,noisy,20,60
12,Tit For 2 Tats,2.01259559154296,0.6902998584641716,1.0,0.9114249037227214,0.43375794081827457,0.2565419176458972,0.1003587768671209,0.20934136466870745,0.9235762561822481,0.6523870555533174,0.9187694704646406,0.3020302285544026,3,0,5,1,0.08,0.1,41,117,noisy,20,60
13,Cycler DC,2.00944669365722,0.49670298322416423,8.0,0.07702182284980745,0.19407963310402332,0.3026233501201409,0.23054979537649625,0.27274722139933943,0.1792251847401585,0.1578273139654881,0.8477947097109412,0.8142842101943909,3,0,5,1,0.08,0.1,41,117,noisy,20,60
14,Alternator,2.0035987404408457,0.501333070010862,7.0,0.9037227214377407,0.1983695950319827,0.3029634749788794,0.22867362276861639,0.26999330722052156,0.08492086782805384,0.07972708336734959,0.9224677530301705,0.9143408387556292,3,0,5,1,0.08,0.1,41,117,noisy,20,60
15,Random: 0.5,1.988753936122357,0.5003126954346466,8.0,0.4672657252888318,0.2129839921881,0.28732870324654664,0.21290718980064297,0.28678011476471044,0.5037209004452031,0.5011589116683299,0.4937531802215934,0.49962835609849787,3,0,5,1,0.08,0.1,41,117,noisy,20,60
16,Win-Shift Lose-Stay: D,1.935672514619883,0.5282029338512009,7.0,0.08729139922978177,0.2046344754945525,0.3235684583566483,0.21295107687918985,0.25884598926960933,0.07688929490666607,0.9235823151911697,0.92593287097261,0.08143382576866276,3,0,5,1,0.08,0.1,41,117,noisy,20,60
17,Bully,1.8538011695906433,0.5724630525657484,8.0,0.09370988446726572,0.2029338512008602,0.36952920136488815,0.20609372085623687,0.22144322657801477,0.0800558369740563,0.9197196374610946,0.07755452934352162,0.9198325847909989,3,0,5,1,0.08,0.1,41,117,noisy,20,60
18,Anti Tit For Tat,1.8308591992802519,0.5820194639193356,7.0,0.9345314505776636,0.20662036579879972,0.3753990981205359,0.1993351107600145,0.21864542532065,0.08067169421714085,0.9218555478773576,0.07928927131851539,0.9173411581306907,3,0,5,1,0.08,0.1,41,117,noisy,20,60
19,Cooperator,1.5708502024291497,0.9204327265944724,1.0,0.9281129653401797,0.4437641947269675,0.4766685318675049,0.038445080807083365,0.04112219259844419,0.9185713331343559,0.9226029559084042,0.9268159543047353,0.9168775752767906,3,0,5,1,0.08,0.1,41,117,noisy,20,60
0,Evolved HMM 5,2.721005154639175,0.4282510113532559,11.0,0.9691455696202531,0.32829831658619335,0.09995269476706253,0.290062638653269,0.28168634999347525,0.8568880673155375,0.35344816521228106,0.13202109488027913,0.17258863015494041,3,0,5,1,0.03,0.06,79,97,noisy,17,61
1,"DoubleCrosser: (D, D)",2.5934278350515463,0.47444701813911,9.0,0.9746835443037974,0.4051856322589064,0.06926138588020359,0.21518987341772153,0.31036310844316856,0.8536923523316661,0.6671919598995109,0.27980104356828844,0.07619451906214157,3,0,5,1,0.03,0.06,79,97,noisy,17,61
2,Evolved FSM 16,2.586984536082474,0.43714113271564664,11.0,0.9620253164556962,0.2457833094088477,0.1913578233067989,0.3186415242072296,0.24421734307712387,0.5591016924636343,0.46997925355307035,0.37500806743244375,0.3412542022103905,3,0,5,1,0.03,0.06,79,97,noisy,17,61
3,Meta Winner: 15 players,2.476159793814433,0.05256590108312671,15.0,0.9667721518987342,0.027135260341902646,0.025430640741224062,0.3607350254469529,0.5866990734699203,0.35709346710277373,0.07212174950294942,0.06509680183535294,0.0318056159359278,3,0,5,1,0.03,0.06,79,97,noisy,17,61
4,Defector,2.4742268041237114,0.02888066031580321,16.0,0.038765822784810125,0.010880203575623124,0.018000456740180085,0.3671130758188699,0.6040062638653269,0.044164410847381874,0.029334849163240546,0.029775416962752634,0.028730761472468953,3,0,5,1,0.03,0.06,79,97,noisy,17,61
5,Tit For Tat,2.3614690721649487,0.5895129192222367,7.0,0.9675632911392406,0.41363532559049987,0.17587759363173694,0.1764322067075558,0.2340548740702075,0.9680273768011647,0.02815724225026089,0.9703378590335534,0.03532009473720542,3,0,5,1,0.03,0.06,79,97,noisy,17,61
6,Soft Joss: 0.9,2.3472938144329896,0.6405781025707947,3.0,0.9731012658227848,0.4493915568315281,0.1911865457392666,0.15883955369959546,0.2005823437296098,0.9691065970747839,0.12180594130132685,0.9684047155862316,0.12686637067071851,3,0,5,1,0.03,0.06,79,97,noisy,17,61
7,Suspicious Tit For Tat,2.282860824742268,0.5414899517160381,9.0,0.03164556962025317,0.361893188046457,0.17959676366958113,0.18699432337204747,0.2715157249119144,0.974161140886553,0.02804292628791799,0.9694906218927402,0.02936144597367284,3,0,5,1,0.03,0.06,79,97,noisy,17,61
8,GTFT: 0.33,2.2506443298969074,0.7336470703379877,2.0,0.9643987341772152,0.5079277045543521,0.22571936578363566,0.11370383661751274,0.15264909304449958,0.9707863857648281,0.3363997035220262,0.9694706256851922,0.35939347639060276,3,0,5,1,0.03,0.06,79,97,noisy,17,61
9,Win-Stay Lose-Shift,2.2403350515463916,0.5320452172778285,7.0,0.9731012658227848,0.28947540127887256,0.24256981599895602,0.22875342555135067,0.23920135717082083,0.973629960814362,0.029049377109235587,0.029911410329121528,0.9693805941624645,3,0,5,1,0.03,0.06,79,97,noisy,17,61
10,Tit For 2 Tats,2.211984536082474,0.7775756883727,1.0,0.9659810126582279,0.5809001043977554,0.19667558397494456,0.06119502805689679,0.16122928357040323,0.9677989171376787,0.7462045845107298,0.9748893213257552,0.34319346168587594,3,0,5,1,0.03,0.06,79,97,noisy,17,61
11,Meta Mixer: 15 players,2.0966494845360826,0.47393318543651314,9.0,0.7515822784810127,0.2380839749445387,0.2358492104919744,0.2176611640349733,0.3084056505285136,0.6082764033282004,0.3712191714080106,0.5797097391035941,0.37080547012081233,3,0,5,1,0.03,0.06,79,97,noisy,17,61
12,Alternator,2.0502577319587627,0.5021695158554091,6.0,0.9612341772151899,0.1805102440297534,0.32165927182565573,0.2532461177084693,0.2445843664361217,0.031639056935687096,0.027254848061192057,0.9694513789001125,0.9706053227979434,3,0,5,1,0.03,0.06,79,97,noisy,17,61
13,Random: 0.5,2.0251288659793816,0.496574448649354,7.0,0.49920886075949367,0.21483916220801255,0.2817352864413415,0.21982252381573797,0.283603027534908,0.50188113413724,0.5035367760666205,0.4954101046130173,0.495357111082797,3,0,5,1,0.03,0.06,79,97,noisy,17,61
14,Win-Shift Lose-Stay: D,1.9213917525773196,0.5653546261255383,6.0,0.022943037974683545,0.20588379224846667,0.35947083387707174,0.2155324285527861,0.21911294532167558,0.030324141337803083,0.9716971362556326,0.9718874510603404,0.029360371323959408,3,0,5,1,0.03,0.06,79,97,noisy,17,61
15,Anti Tit For Tat,1.8369845360824741,0.5926530079603288,7.0,0.9659810126582279,0.18723084953673497,0.40542215842359386,0.2188193266344774,0.1885276654051938,0.030600328745843834,0.969313871232828,0.029500518544846265,0.9708730792411243,3,0,5,1,0.03,0.06,79,97,noisy,17,61
16,Cooperator,1.809278350515464,0.9698714602636044,0.0,0.9691455696202531,0.5691961372830485,0.40067532298055597,0.017698681978337467,0.012429857758058202,0.9683256847171721,0.9687877645335434,0.974313837250475,0.97700707462384,3,0,5,1,0.03,0.06,79,97,noisy,17,61
0,Grudger,2.5576470588235294,0.14997923875432526,5.0,0.8823529411764706,0.08584083044982697,0.06413840830449827,0.3625743944636678,0.4874463667820069,0.5531530661687755,0.09326663476816748,0.11081804307877621,0.09638194839978159,3,0,5,1,0.1,0.01,85,85,noisy,6,62
1,Meta Winner: 5 players,2.501176470588235,0.17049134948096886,4.0,0.8917647058823529,0.08503806228373703,0.08545328719723183,0.35523875432525953,0.4742698961937716,0.36101158589741766,0.1733581149125233,0.17209451959001223,0.14506946349791006,3,0,5,1,0.1,0.01,85,85,noisy,6,62
2,Evolved HMM 5,2.355294117647059,0.3188650519031142,3.0,0.8870588235294118,0.15565397923875435,0.16321107266435989,0.29954325259515574,0.38159169550173017,0.6891555732821499,0.3235978507310105,0.18449053787024086,0.2157279686263724,3,0,5,1,0.1,0.01,85,85,noisy,6,62
3,Soft Joss: 0.9,2.0023529411764707,0.5072664359861592,1.0,0.9011764705882352,0.2772871972318339,0.22997923875432527,0.17013148788927335,0.3226020761245675,0.9054455763633671,0.1799406559933733,0.9060133729486006,0.1804896902147441,3,0,5,1,0.1,0.01,85,85,noisy,6,62
4,Alternator,1.8235294117647058,0.5022283737024221,2.0,0.8988235294117647,0.1596401384083045,0.34258823529411764,0.21433910034602074,0.2834325259515571,0.0948715519617842,0.1040330441162997,0.8942876172616716,0.8969414873000346,3,0,5,1,0.1,0.01,85,85,noisy,6,62
5,Cooperator,1.2658823529411767,0.8998754325259516,0.0,0.8823529411764706,0.34552249134948104,0.5543529411764707,0.0378961937716263,0.06222837370242216,0.895911056432659,0.8998395280341139,0.9103784361972391,0.898870877068679,3,0,5,1,0.1,0.01,85,85,noisy,6,62
0,Evolved HMM 5,2.802941176470588,0.5433062880324544,8.0,0.9837728194726166,0.44361054766734276,0.09969574036511158,0.25618661257606484,0.20050709939148073,0.9643881823823302,0.379607447415144,0.13084227039757834,0.18829270995882852,3,0,5,1,0.01,0.09,29,20,noisy,18,63
1,Evolved FSM 16,2.7911764705882356,0.5668356997971602,8.0,0.9878296146044625,0.4321501014198783,0.134685598377282,0.26450304259634894,0.1686612576064909,0.6680181204145819,0.4927188804930099,0.492759621435969,0.3311874540517278,3,0,5,1,0.01,0.09,29,20,noisy,18,63
2,"DoubleCrosser: (D, D)",2.6882352941176473,0.593103448275862,11.0,0.9918864097363083,0.47129817444219074,0.1218052738336714,0.21419878296146044,0.1926977687626775,0.907979976073978,0.8022571067524505,0.08039196414458938,0.06976604812343827,3,0,5,1,0.01,0.09,29,20,noisy,18,63
3,Meta Winner: 16 players,2.5264705882352945,0.16592292089249494,15.0,0.9898580121703854,0.09401622718052738,0.07190669371196756,0.3419878296146045,0.49208924949290067,0.5063373445222666,0.37037060723612053,0.09519076559089444,0.06145422873610316,3,0,5,1,0.01,0.09,29,20,noisy,18,63
4,Defector,2.511764705882353,0.008924949290060852,15.0,0.004056795131845842,0.002535496957403651,0.006389452332657201,0.37981744421906694,0.6112576064908724,0.0,0.0,0.011079496631141762,0.00968065698060455,3,0,5,1,0.01,0.09,29,20,noisy,18,63
5,Tit For Tat,2.4352941176470586,0.6460446247464503,1.0,0.9898580121703854,0.45517241379310347,0.19087221095334683,0.17667342799188643,0.1772819472616633,0.9883716442692493,0.021072131702858793,0.9932375679680673,0.010942633914837354,3,0,5,1,0.01,0.09,29,20,noisy,18,63
6,Soft Joss: 0.9,2.3970588235294117,0.6891480730223124,1.0,0.9918864097363083,0.4906693711967545,0.1984787018255578,0.1526369168356998,0.1582150101419878,0.989727340222615,0.10735610209147922,0.9936738354743535,0.23469313482027682,3,0,5,1,0.01,0.09,29,20,noisy,18,63
7,Suspicious Tit For Tat,2.323529411764706,0.5200811359026369,7.0,0.018255578093306288,0.3110547667342799,0.209026369168357,0.22890466531440165,0.2510141987829615,0.9905756280842557,0.01209268586100765,0.9919978233371921,0.01428926135937752,3,0,5,1,0.01,0.09,29,20,noisy,18,63
8,Win-Stay Lose-Shift,2.3000000000000003,0.6425963488843813,3.0,0.9878296146044625,0.43275862068965526,0.2098377281947262,0.16247464503042594,0.1949290060851927,0.9897286837184147,0.0128734860700098,0.018907101446816343,0.9895717937928105,3,0,5,1,0.01,0.09,29,20,noisy,18,63
9,GTFT: 0.33,2.2764705882352945,0.7719066937119675,0.0,0.9898580121703854,0.5340770791075051,0.23782961460446247,0.10740365111561867,0.12068965517241381,0.9895316767938712,0.3201054162219772,0.9868329485526954,0.4008541174187553,3,0,5,1,0.01,0.09,29,20,noisy,18,63
10,Tit For 2 Tats,2.1852941176470586,0.8251521298174442,0.0,0.9918864097363083,0.6054766734279919,0.21967545638945232,0.046957403651115615,0.12789046653144018,0.9913679236592656,0.7824309093694799,0.9877147319104632,0.424925724134113,3,0,5,1,0.01,0.09,29,20,noisy,18,63
11,Meta Mixer: 16 players,2.1852941176470586,0.4830628803245436,8.0,0.6430020283975659,0.25182555780933064,0.23123732251521298,0.22829614604462473,0.2886409736308317,0.6107721408149441,0.38271085058938564,0.5653275480073159,0.3993400408676482,3,0,5,1,0.01,0.09,29,20,noisy,18,63
12,Alternator,2.123529411764706,0.5040567951318459,5.0,0.9878296146044625,0.19513184584178497,0.30892494929006087,0.25963488843813387,0.23630831643002026,0.011022633735072953,0.01177202752807769,0.9927440753886565,0.9933741725489369,3,0,5,1,0.01,0.09,29,20,noisy,18,63
13,Random: 0.5,2.0941176470588236,0.4934077079107505,7.0,0.4847870182555781,0.21906693711967548,0.274340770791075,0.23245436105476674,0.27413793103448275,0.5198803568300686,0.4915422373464408,0.4958989980130625,0.48753595852349,3,0,5,1,0.01,0.09,29,20,noisy,18,63
14,Cycler DC,2.0852941176470585,0.5008113590263692,5.0,0.010141987829614604,0.17789046653144017,0.322920892494929,0.2623732251521298,0.236815415821501,0.08880175817105096,0.060828075132483755,0.9625259914084165,0.9518418980010256,3,0,5,1,0.01,0.09,29,20,noisy,18,63
15,Win-Shift Lose-Stay: D,1.9794117647058822,0.5343813387423935,6.0,0.012170385395537525,0.19858012170385397,0.33580121703853955,0.22596348884381343,0.2396551724137931,0.024729924474320042,0.9847852750479279,0.9890779849852978,0.012968840821567181,3,0,5,1,0.01,0.09,29,20,noisy,18,63
16,Bully,1.9382352941176473,0.554868154158215,7.0,0.010141987829614604,0.19563894523326575,0.35922920892494925,0.2216024340770791,0.22352941176470587,0.019246085844334015,0.993955041941887,0.011000542836482361,0.9928054519453487,3,0,5,1,0.01,0.09,29,20,noisy,18,63
17,Anti Tit For Tat,1.7294117647058822,0.6211967545638946,5.0,0.9858012170385395,0.2206896551724138,0.4005070993914807,0.17109533468559837,0.20770791075050712,0.017533013791253074,0.9917349549726372,0.014396993145119084,0.9879386124916136,3,0,5,1,0.01,0.09,29,20,noisy,18,63
0,Defector,2.9025641025641025,0.07184149184149184,5.0,0.045454545454545456,0.036177156177156174,0.03566433566433567,0.46461538461538465,0.4635431235431235,0.05587417972157864,0.07660912916333329,0.07498036288335044,0.0707732758442734,3,0,5,1,0.07,0.04,22,195,noisy,6,64
1,Meta Mixer: 5 players,2.1164102564102563,0.4197668997668998,4.0,0.8,0.18242424242424243,0.2373426573426573,0.24540792540792541,0.3348251748251748,0.40103471625504206,0.38307803196295515,0.4034087776616898,0.45940340954007874,3,0,5,1,0.07,0.04,22,195,noisy,6,64
2,Soft Joss: 0.9,1.94974358974359,0.46717948717948715,0.0,0.8909090909090909,0.17720279720279722,0.28997668997668996,0.22051282051282048,0.3123076923076923,0.9245296582002522,0.15943948007424016,0.9333488182332811,0.15596259384716485,3,0,5,1,0.07,0.04,22,195,noisy,6,64
3,Win-Stay Lose-Shift,1.932820512820513,0.5105361305361306,2.0,0.9181818181818182,0.21864801864801864,0.2918881118881119,0.1957109557109557,0.29375291375291374,0.927349654356443,0.06614285674065086,0.06343928771207047,0.9318821572348328,3,0,5,1,0.07,0.04,22,195,noisy,6,64
4,Alternator,1.922051282051282,0.5007925407925408,2.0,0.9818181818181818,0.21146853146853145,0.28932400932400937,0.19813519813519814,0.30107226107226104,0.059356060492444615,0.069742681072532,0.9304330118057434,0.9376749507014356,3,0,5,1,0.07,0.04,22,195,noisy,6,64
5,Anti Tit For Tat,1.7948717948717947,0.5840559440559441,2.0,0.9272727272727272,0.2511888111888112,0.3328671328671329,0.15268065268065267,0.26326340326340325,0.06395636824495246,0.9316597718949607,0.07585236997429054,0.9278771674898201,3,0,5,1,0.07,0.04,22,195,noisy,6,64
0,Defector,2.687687687687687,0.07855223644697329,6.0,0.09649122807017543,0.035509193403930245,0.043043043043043044,0.41536273115220484,0.5060850324008219,0.07627920965754231,0.07964511459923836,0.07466617374483663,0.08050438805019551,3,0,5,1,0.08,0.03,57,111,noisy,7,65
1,"DoubleCrosser: (D, D)",2.6516516516516515,0.21719087508561194,4.0,0.9152046783625731,0.13531953005637218,0.08187134502923976,0.36963279068542226,0.4131763342289658,0.5242754878857138,0.4537062811878478,0.152153201598031,0.08831243692143242,3,0,5,1,0.08,0.03,57,111,noisy,7,65
2,Evolved HMM 5,2.4969969969969967,0.30664875401717506,4.0,0.8830409356725146,0.15349560086402192,0.15315315315315314,0.3441072651598967,0.3492439808229282,0.6223742546733435,0.3709288638997545,0.15873883554532062,0.21043954002606635,3,0,5,1,0.08,0.03,57,111,noisy,7,65
3,Meta Mixer: 6 players,2.009009009009009,0.35253674727358936,3.0,0.6461988304093568,0.12077867341025235,0.231758073863337,0.2500395131974079,0.39742373952900273,0.3102116528245571,0.4000511896272048,0.2772559873948057,0.39641594303372724,3,0,5,1,0.08,0.03,57,111,noisy,7,65
4,Tit For Tat,1.9204204204204205,0.42313365997576524,2.0,0.9181286549707602,0.23070438859912545,0.1924292713766398,0.1700911437753543,0.4067751962488804,0.9179452607389259,0.08108864774974116,0.9258819249623179,0.08194723119291371,3,0,5,1,0.08,0.03,57,111,noisy,7,65
5,Bully,1.2762762762762763,0.6817607080764976,1.0,0.07894736842105263,0.14862230651704336,0.5331384015594542,0.12807544386491757,0.1901638480585849,0.0780427403404209,0.9197221485844872,0.07056752001878594,0.9221710521730647,3,0,5,1,0.08,0.03,57,111,noisy,7,65
6,Anti Tit For Tat,1.1801801801801801,0.7028870976239397,1.0,0.9298245614035088,0.15159896738844106,0.5512881302354986,0.10937253042516198,0.18774037195089827,0.08331761690268398,0.9194658298855057,0.09038847967828355,0.9212009747415543,3,0,5,1,0.08,0.03,57,111,noisy,7,65
0,Grudger,2.55123339658444,0.16088929752146952,15.0,0.9375379017586416,0.11327490756861441,0.04761438995285511,0.3429742365852227,0.49613646589330773,0.6156630251650126,0.062220512629177924,0.0849656087236148,0.062814645987845,3,0,5,1,0.06,0.04,97,62,noisy,18,66
1,Evolved HMM 5,2.5351043643263758,0.35961188599151,12.0,0.9387507580351728,0.22874078131418848,0.13087110467732155,0.3015121579060623,0.3388759561024276,0.7716013157898916,0.3526391771200387,0.14566097183732774,0.19127873090526543,3,0,5,1,0.06,0.04,97,62,noisy,18,66
2,Defector,2.515180265654649,0.060290694262407324,16.0,0.058823529411764705,0.024110409045560357,0.036180285216846964,0.3750758035172832,0.5646335022203095,0.05991522540731844,0.06690268874668116,0.061944214262871757,0.06075733231384242,3,0,5,1,0.06,0.04,97,62,noisy,18,66
3,"DoubleCrosser: (D, D)",2.5132827324478177,0.4053189616385297,11.0,0.9454214675560946,0.30864257908018544,0.09667638255834426,0.24679669007609698,0.3478843482853734,0.7757669448494333,0.5914097637991501,0.254104307599882,0.08568598595732738,3,0,5,1,0.06,0.04,97,62,noisy,18,66
4,Meta Winner: 16 players,2.4895635673624286,0.10579236683033706,15.0,0.9302607640994542,0.05251472055400146,0.053277646276335605,0.3592597664273558,0.5349478667423071,0.32779804590674005,0.22407650548887179,0.08216471356002378,0.08608754236099711,3,0,5,1,0.06,0.04,97,62,noisy,18,66
5,Evolved FSM 16,2.4108159392789372,0.4062286038459281,12.0,0.9436021831412977,0.21039143958215145,0.19583716426377665,0.29600539916665036,0.29776599698742157,0.5508535217904129,0.42149692579480014,0.31706698738703426,0.33150252905392996,3,0,5,1,0.06,0.04,97,62,noisy,18,66
6,Tit For Tat,2.2618595825426944,0.5355445137815685,7.0,0.944815039417829,0.3357557855200611,0.1997887282615075,0.19660008998611084,0.26785539623232063,0.9445886124462923,0.06373375133094916,0.9364626058125238,0.0582177527144625,3,0,5,1,0.06,0.04,97,62,noisy,18,66
7,Soft Joss: 0.9,2.217267552182163,0.5807527533793697,4.0,0.9429957550030321,0.36086386666405834,0.21988888671531132,0.17745847923472677,0.24178876738590346,0.9378702274555402,0.14987142510686868,0.9392507261188383,0.13946952902441417,3,0,5,1,0.06,0.04,97,62,noisy,18,66
8,Win-Stay Lose-Shift,2.1299810246679316,0.5202370938398638,7.0,0.9393571861734384,0.2570081574365696,0.26322893640329426,0.22276452982257083,0.2569983763375653,0.9434696502140123,0.061898745024485814,0.06379147141428693,0.9407701427969295,3,0,5,1,0.06,0.04,97,62,noisy,18,66
9,GTFT: 0.33,2.0825426944971532,0.6754142295428315,2.0,0.936931473620376,0.4033823040356815,0.2720319255071499,0.1375515952972476,0.18703417515992093,0.9403107286012752,0.3501693785936269,0.9396680020248065,0.3589727507096865,3,0,5,1,0.06,0.04,97,62,noisy,18,66
10,Meta Mixer: 16 players,2.0759013282732446,0.4517107142158493,9.0,0.7004244996967859,0.20944267297873592,0.24226804123711343,0.22606076018701465,0.3222285255971361,0.5544121054300883,0.3860876777748208,0.5290015057149972,0.3813936846095245,3,0,5,1,0.06,0.04,97,62,noisy,18,66
11,Tit For 2 Tats,2.0569259962049338,0.7271953676715116,1.0,0.939963614311704,0.48387096774193544,0.2433243999295761,0.08415657583286058,0.18864805649562782,0.9403085929567347,0.6870500487577038,0.9423492331981655,0.2982536887291453,3,0,5,1,0.06,0.04,97,62,noisy,18,66
12,Alternator,2.0,0.5028952053052681,6.0,0.9338993329290479,0.19273655587941863,0.3101586494258495,0.23092196639214382,0.26618282830258805,0.0611632470675767,0.06049295753196602,0.9369617301096009,0.9374907405732936,3,0,5,1,0.06,0.04,97,62,noisy,18,66
13,Cycler DC,1.98292220113852,0.49948160175277295,7.0,0.056397816858702245,0.18982178837614197,0.30965981337663107,0.22899508988829986,0.2715233083589272,0.14601327387727256,0.11673855573242037,0.8866661806048564,0.8483500108184199,3,0,5,1,0.06,0.04,97,62,noisy,18,66
14,Random: 0.5,1.9800759013282734,0.49891429801052445,7.0,0.5021224984839296,0.21076312134431427,0.2881511766662102,0.21253350026408965,0.28855220172538587,0.4972029470895876,0.49741283806743536,0.4941336902721859,0.4951641799474482,3,0,5,1,0.06,0.04,97,62,noisy,18,66
15,Win-Shift Lose-Stay: D,1.9316888045540797,0.5430270545198459,6.0,0.06549423893268648,0.20051252958782448,0.3425145249320214,0.21560476535143486,0.24136818012871927,0.06104904070741964,0.9387691430335795,0.9425600510266056,0.06203027462151421,3,0,5,1,0.06,0.04,97,62,noisy,18,66
16,Bully,1.7836812144212522,0.5864649151978716,7.0,0.05033353547604609,0.19079011717756605,0.3956747980203056,0.20166669927033,0.21186838553179835,0.05799230438898019,0.9403643754203492,0.063086730016624,0.9417391395074999,3,0,5,1,0.06,0.04,97,62,noisy,18,66
17,Cooperator,1.6925996204933587,0.9400516442027427,0.0,0.9387507580351728,0.5000391243960172,0.4400125198067254,0.0312212680216749,0.028727087775582458,0.939698333135722,0.9387893654145052,0.9435399107142393,0.9401056596101717,3,0,5,1,0.06,0.04,97,62,noisy,18,66
0,Defector,2.4831730769230766,0.09792138009049774,8.0,0.0974264705882353,0.04060614630467572,0.05731523378582202,0.364889705882353,0.5371889140271494,0.09795678968808728,0.09429891926628192,0.09786266540309466,0.10148400512368302,3,0,5,1,0.1,0.07,68,78,noisy,9,67
1,Meta Winner: 8 players,2.470352564102564,0.12254901960784313,7.0,0.8878676470588235,0.055382730015082954,0.06716628959276019,0.35642911010558076,0.5210218702865761,0.2424993768627191,0.1510366897728332,0.10405811627574266,0.10237303388438064,3,0,5,1,0.1,0.07,68,78,noisy,9,67
2,Cycler DC,2.279647435897436,0.49820889894419307,4.0,0.11029411764705882,0.2165818250377074,0.28162707390648567,0.2821219834087481,0.21966911764705882,0.22235383332403086,0.16077681083303408,0.83346290937796,0.7748774947837558,3,0,5,1,0.1,0.07,68,78,noisy,9,67
3,Tit For Tat,2.2259615384615383,0.5159078054298643,4.0,0.8952205882352942,0.3116751508295626,0.20423265460030168,0.20147530165912517,0.28261689291101055,0.8888733798186551,0.10051720857314836,0.9025627935009728,0.10430094010510631,3,0,5,1,0.1,0.07,68,78,noisy,9,67
4,Random: 0.5,2.199519230769231,0.4993165535444947,4.0,0.4834558823529412,0.24102092760180996,0.25829562594268474,0.2427648944193062,0.25791855203619907,0.5019377280633386,0.5018289330069168,0.5075123240440493,0.4932957953057536,3,0,5,1,0.1,0.07,68,78,noisy,9,67
5,Soft Joss: 0.9,2.178685897435898,0.5603789592760181,2.0,0.9117647058823529,0.33684483408748117,0.223534125188537,0.18160822021116138,0.25801282051282054,0.899604666215692,0.1838643940561176,0.9072760394371381,0.19125981518138357,3,0,5,1,0.1,0.07,68,78,noisy,9,67
6,Win-Stay Lose-Shift,2.1634615384615383,0.5104166666666666,4.0,0.9227941176470589,0.25065987933635,0.25975678733031676,0.2329374057315234,0.25664592760181,0.8984007386728592,0.09747916735383412,0.09857601308594316,0.9040932207560511,3,0,5,1,0.1,0.07,68,78,noisy,9,67
7,Tit For 2 Tats,2.0232371794871797,0.6713565233785822,1.0,0.8988970588235294,0.42432598039215685,0.24703054298642535,0.1056985294117647,0.22294494720965305,0.8952712803639977,0.6462600433924922,0.9046128770551238,0.34704568470300295,3,0,5,1,0.1,0.07,68,78,noisy,9,67
8,Cooperator,1.75,0.9012302036199095,0.0,0.9025735294117647,0.4791902337858221,0.4220399698340875,0.05307315233785822,0.045696644042232275,0.9027148243978932,0.8997211671456475,0.8941340240003579,0.9006461405670743,3,0,5,1,0.1,0.07,68,78,noisy,9,67
0,Defector,2.715686274509804,0.10210680016687526,10.0,0.11382978723404255,0.04734042553191489,0.05476637463496037,0.42028577388402166,0.4776074259491031,0.09707007312517932,0.09818191886342621,0.10272762446790225,0.10107123510681908,3,0,5,1,0.1,0.03,94,102,noisy,11,68
1,Evolved HMM 5,2.6254901960784314,0.3135899040467251,8.0,0.8829787234042553,0.18291614518147686,0.13067375886524824,0.3481226533166458,0.3382874426366291,0.6737804343004046,0.3134301860173851,0.1659204603136468,0.20881184636728492,3,0,5,1,0.1,0.03,94,102,noisy,11,68
2,"DoubleCrosser: (D, D)",2.6230392156862745,0.3205569461827284,8.0,0.9074468085106383,0.2221735502711723,0.09838339591155612,0.3193888193575302,0.3600542344597414,0.6222861763609806,0.46199744875574494,0.2090567608672295,0.12384759456969871,3,0,5,1,0.1,0.03,94,102,noisy,11,68
3,Soft Joss: 0.9,2.2019607843137257,0.5680538172715894,3.0,0.8957446808510638,0.34433667083854813,0.22371714643304133,0.19093658740091785,0.24100959532749267,0.9033118454910868,0.18112052557460384,0.8970511061122352,0.1791369127085721,3,0,5,1,0.1,0.03,94,102,noisy,11,68
4,Meta Mixer: 10 players,2.192647058823529,0.4751981643721318,6.0,0.7882978723404256,0.2353984146850229,0.23979974968710885,0.24388819357530248,0.28091364205256564,0.5057206026829416,0.4421730829440939,0.49884106091406527,0.4644014810950381,3,0,5,1,0.1,0.03,94,102,noisy,11,68
5,Alternator,2.1465686274509803,0.50313934084272,4.0,0.8957446808510638,0.23774509803921565,0.2653942428035044,0.233552357113058,0.2633083020442219,0.10488849094565796,0.1049454708091305,0.8966667124268092,0.9030026327615698,3,0,5,1,0.1,0.03,94,102,noisy,11,68
6,Win-Stay Lose-Shift,2.144607843137255,0.5143825615352524,5.0,0.9053191489361702,0.2530037546933667,0.2613788068418857,0.22522945348352108,0.26038798498122656,0.8972321685748093,0.09760967793534989,0.10081684255801382,0.8996642742018948,3,0,5,1,0.1,0.03,94,102,noisy,11,68
7,Random: 0.5,2.1220588235294118,0.5023571130579891,5.0,0.46808510638297873,0.23136211931581144,0.2709949937421777,0.23242594910304545,0.2652169378389654,0.5056508544029507,0.5029981557699426,0.5023238418650756,0.5012749840341166,3,0,5,1,0.1,0.03,94,102,noisy,11,68
8,Tit For 2 Tats,2.054411764705882,0.6853671255736337,1.0,0.8936170212765957,0.4117334167709637,0.27363370880267,0.12316437213183144,0.19146850229453485,0.903517811441193,0.6155680351106632,0.8965226693478868,0.31892088968282967,3,0,5,1,0.1,0.03,94,102,noisy,11,68
9,Anti Tit For Tat,2.0127450980392156,0.5490926157697121,5.0,0.8946808510638298,0.20843763037129745,0.3406549853984147,0.23357321652065083,0.21733416770963704,0.0961978645231823,0.9020665535560205,0.09371599723918808,0.9001524137224681,3,0,5,1,0.1,0.03,94,102,noisy,11,68
10,Cooperator,1.6269607843137255,0.8995410930329578,0.0,0.8861702127659574,0.4387567793074677,0.46078431372549017,0.049614100959532746,0.05084480600750938,0.8991044635391987,0.9011866149605282,0.9053611128182295,0.8953723549842273,3,0,5,1,0.1,0.03,94,102,noisy,11,68
0,Defector,3.325171821305842,0.05917096219931271,6.0,0.04861111111111111,0.0352502147766323,0.02392074742268041,0.566544959908362,0.3742840778923253,0.061990078337989384,0.04999543760078232,0.05905260482588373,0.06057011636375214,3,0,5,1,0.06,0.06,96,194,noisy,7,69
1,Evolved FSM 16,2.8810137457044673,0.24789697880870562,5.0,0.9479166666666666,0.10908863115693011,0.13880834765177547,0.44773768613974796,0.30436533505154634,0.4230464955907294,0.32505913880294274,0.16760401521820867,0.2161786384588887,3,0,5,1,0.06,0.06,96,194,noisy,7,69
2,Meta Mixer: 6 players,2.104381443298969,0.4707456328751432,4.0,0.8177083333333334,0.20401990263459335,0.26672573024054985,0.24267074742268044,0.28658361970217644,0.4659798069929663,0.458556648889076,0.45200742068798744,0.4874991448812702,3,0,5,1,0.06,0.06,96,194,noisy,7,69
3,Soft Joss: 0.9,2.0850515463917527,0.5292722651775487,1.0,0.9392361111111112,0.3188001145475372,0.21047215063001148,0.1616015177548683,0.3091262170675831,0.9348713904959108,0.1490771222513554,0.9390809146324162,0.1382998522425387,3,0,5,1,0.06,0.06,96,194,noisy,7,69
4,Win-Stay Lose-Shift,2.015463917525773,0.5166899341351661,2.5,0.9496527777777778,0.2390642898052692,0.27762564432989695,0.20514747995418098,0.27816258591065296,0.9368799851358083,0.05725259128170817,0.06372026492822445,0.9427344516420257,3,0,5,1,0.06,0.06,96,194,noisy,7,69
5,Anti Tit For Tat,1.9802405498281788,0.5655516179839634,3.0,0.9375,0.16304231099656355,0.4025093069873998,0.26369201030927836,0.1707563717067583,0.06166645672413338,0.9386139216131636,0.05579396383506166,0.939811016378462,3,0,5,1,0.06,0.06,96,194,noisy,7,69
6,Cooperator,1.1911512027491409,0.940336841351661,0.0,0.9305555555555556,0.350479667812142,0.5898571735395189,0.02252469931271478,0.037138459335624284,0.9419574411858571,0.9399431107820367,0.9313586411597408,0.9359214717775212,3,0,5,1,0.06,0.06,96,194,noisy,7,69
0,"DoubleCrosser: (D, D)",2.5222222222222226,0.2872678149273894,10.0,0.9375886524822695,0.19560959135427222,0.09165822357311719,0.29891928402566703,0.41381290104694357,0.6767039478842638,0.5018690867055579,0.19602015002286105,0.07845028246848634,3,0,5,1,0.07,0.01,47,84,noisy,16,70
1,Grudger,2.5031746031746036,0.11773049645390071,14.0,0.9304964539007092,0.06683552853765619,0.0508949679162445,0.35530226274907123,0.5269672407970281,0.4654144423853158,0.0665484608939613,0.08625877259346763,0.06872047928785187,3,0,5,1,0.07,0.01,47,84,noisy,16,70
2,Defector,2.4738095238095235,0.06833839918946302,14.0,0.05815602836879433,0.026207362377575146,0.04213103681188788,0.36485984464707877,0.5668017561634583,0.0653165837218557,0.07599788500174695,0.07043361310927813,0.06988293713691893,3,0,5,1,0.07,0.01,47,84,noisy,16,70
3,Evolved HMM 5,2.453968253968254,0.3260385005065856,10.0,0.924822695035461,0.18289429246876054,0.14314420803782504,0.31409996622762576,0.3598615332657885,0.7067311077919555,0.3593947506724646,0.15729396172435953,0.20462424623065906,3,0,5,1,0.07,0.01,47,84,noisy,16,70
4,Meta Winner: 15 players,2.4452380952380954,0.10189125295508274,13.0,0.9404255319148936,0.04508611955420465,0.05680513340087809,0.3519081391421817,0.5462006079027355,0.2875436533294037,0.20419792123246572,0.08544970680230364,0.07679706215270138,3,0,5,1,0.07,0.01,47,84,noisy,16,70
5,Evolved FSM 16,2.3738095238095243,0.35059101654846336,9.0,0.9333333333333333,0.14381965552178316,0.20677136102668023,0.32359000337723737,0.32581898007429916,0.46935826784249896,0.39461588338674825,0.27061383560993135,0.3136163192752436,3,0,5,1,0.07,0.01,47,84,noisy,16,70
6,Tit For Tat,2.126190476190476,0.47674772036474167,5.0,0.924822695035461,0.2597433299560959,0.21700439040864572,0.20535292131036814,0.31789935832489025,0.9268732736639541,0.06783668480764898,0.9334863382569912,0.07146469768860154,3,0,5,1,0.07,0.01,47,84,noisy,16,70
7,Suspicious Tit For Tat,2.075396825396825,0.43907463694697735,6.0,0.08794326241134752,0.22245862884160755,0.21661600810536988,0.21170212765957447,0.34922323539344813,0.9235168078996888,0.07154830417204355,0.9348301844531204,0.06716553419898973,3,0,5,1,0.07,0.01,47,84,noisy,16,70
8,Win-Stay Lose-Shift,1.9634920634920634,0.49864910503208376,6.0,0.9205673758865248,0.20278622087132725,0.2958628841607565,0.21315433975008444,0.28819655521783183,0.9354440755557291,0.06992965562737768,0.06933833331579813,0.9321357099290009,3,0,5,1,0.07,0.01,47,84,noisy,16,70
9,Tit For 2 Tats,1.876984126984127,0.661870989530564,0.0,0.9446808510638298,0.38297872340425526,0.2788922661263087,0.09699425869638634,0.24113475177304966,0.9339692775739149,0.628460352175977,0.9330781949669124,0.25214422236004075,3,0,5,1,0.07,0.01,47,84,noisy,16,70
10,Random: 0.5,1.8023809523809524,0.4978723404255319,5.0,0.48936170212765956,0.1825565687267815,0.31531577169875047,0.1872509287402904,0.31487673083417766,0.49450191930438747,0.500585162161953,0.4997903727608847,0.49872578055128236,3,0,5,1,0.07,0.01,47,84,noisy,16,70
11,Alternator,1.792857142857143,0.5030563998649105,4.0,0.9319148936170213,0.18514015535292133,0.31791624451198913,0.18378926038500504,0.3131543397500844,0.07225892303446464,0.0737871464067918,0.9260488536583964,0.9293019511375167,3,0,5,1,0.07,0.01,47,84,noisy,16,70
12,Cycler DC,1.7896825396825398,0.4993583248902398,4.0,0.06808510638297872,0.1826578858493752,0.3167004390408646,0.18527524484971292,0.3153664302600473,0.16281180359989672,0.15157791158626,0.8504922902342494,0.8495188200373572,3,0,5,1,0.07,0.01,47,84,noisy,16,70
13,Win-Shift Lose-Stay: D,1.734920634920635,0.5386187098953057,5.0,0.06382978723404255,0.17487335359675787,0.3637453562985478,0.18635596082404593,0.27502532928064843,0.06904418647422558,0.9342047812362999,0.9294696384460156,0.07139878892294332,3,0,5,1,0.07,0.01,47,84,noisy,16,70
14,Bully,1.5976190476190477,0.6204491725768322,5.0,0.07234042553191489,0.1969604863221885,0.4234886862546437,0.15489699425869638,0.22465383316447152,0.07017807287814574,0.9297895287570059,0.07189331023531768,0.9275447761457393,3,0,5,1,0.07,0.01,47,84,noisy,16,70
15,Anti Tit For Tat,1.5357142857142856,0.6394123606889565,4.0,0.9234042553191489,0.1998480243161094,0.4395643363728469,0.14305977710233028,0.21752786220871329,0.07315165590453201,0.9302647624386746,0.06655524312264832,0.9300920430987173,3,0,5,1,0.07,0.01,47,84,noisy,16,70
0,Grudger,2.5459924690693922,0.11865698404159943,12.0,0.9115384615384615,0.06209431594046978,0.05656266810112964,0.3660570199031738,0.5152859960552268,0.36090905857121897,0.09936697208042403,0.10001412373816944,0.09015595040545403,3,0,5,1,0.09,0.07,60,143,noisy,14,71
1,Defector,2.506186121570737,0.090460821230052,12.0,0.09743589743589744,0.03705397166935629,0.053406849560695725,0.3716155639232563,0.5379236148466917,0.09143923057326761,0.0950314878030338,0.09305661379422171,0.08767644922917947,3,0,5,1,0.09,0.07,60,143,noisy,14,71
2,"DoubleCrosser: (D, D)",2.502958579881657,0.28731396808319887,10.0,0.9128205128205128,0.20038551192397352,0.0869284561592254,0.2951228258920567,0.4175632060247445,0.6233474468615282,0.436830627621159,0.19809005734321072,0.10862056800843822,3,0,5,1,0.09,0.07,60,143,noisy,14,71
3,Evolved FSM 16,2.4211941904249596,0.29735520889367045,10.0,0.8897435897435897,0.1266092881477497,0.17074592074592077,0.3362470862470862,0.36639770485924333,0.3935123923728282,0.3705074134628527,0.24603125315100854,0.2522324264597939,3,0,5,1,0.09,0.07,60,143,noisy,14,71
4,Tit For Tat,2.218396987627757,0.5091536668459745,6.0,0.9,0.2916352877891339,0.2175183790568406,0.21544737313968082,0.27539896001434466,0.9087306371794922,0.08797145659147818,0.9098144406238127,0.08736832029306105,3,0,5,1,0.09,0.07,60,143,noisy,14,71
5,Suspicious Tit For Tat,2.1874663797740723,0.4837816030123722,6.0,0.09358974358974359,0.2664425318271472,0.21733907118522505,0.21753630984400216,0.29868208714362565,0.9090363185770634,0.08596849363960354,0.9101023157726191,0.08981876460710345,3,0,5,1,0.09,0.07,60,143,noisy,14,71
6,Meta Mixer: 13 players,2.099515868746638,0.44094495248341403,8.0,0.5717948717948718,0.20366684597453827,0.2372781065088758,0.2356643356643357,0.3233907118522504,0.524226812781412,0.38597610661657095,0.5252199163939488,0.3702462330715598,3,0,5,1,0.09,0.07,60,143,noisy,14,71
7,Alternator,2.086874663797741,0.5017661825354133,5.0,0.8974358974358975,0.2002958579881657,0.3014703245472476,0.24670970055585442,0.2515241169087323,0.09035867220773845,0.08846348160513508,0.9131964541474067,0.9077776300435297,3,0,5,1,0.09,0.07,60,143,noisy,14,71
8,Cycler DC,2.0755782678859602,0.4978841671149363,5.0,0.07435897435897436,0.20055585440200827,0.29732831271292814,0.24228976152053075,0.2598260713645329,0.19634609639244052,0.16588865092002922,0.8384091511953469,0.7960167874824706,3,0,5,1,0.09,0.07,60,143,noisy,14,71
9,Win-Shift Lose-Stay: D,2.0594405594405596,0.504688900842747,5.0,0.07948717948717948,0.22130177514792904,0.283387125694818,0.22441276672045898,0.270898332436794,0.09652688953444252,0.9081304989483385,0.9087082751677108,0.09026804332615666,3,0,5,1,0.09,0.07,60,143,noisy,14,71
10,GTFT: 0.33,2.0172135556750943,0.6427290658059889,2.0,0.9102564102564102,0.34897794513179137,0.2937511206741976,0.15742334588488435,0.1998475883091268,0.911629288169116,0.3605642929587233,0.9111006404648951,0.36129817972786626,3,0,5,1,0.09,0.07,60,143,noisy,14,71
11,Tit For 2 Tats,2.00403442711135,0.6952752375829299,1.0,0.9115384615384615,0.4363367401828941,0.2589384974000359,0.09624350008965395,0.20848126232741618,0.910085360178594,0.6695020779831887,0.9098713774306759,0.3604411359946639,3,0,5,1,0.09,0.07,60,143,noisy,14,71
12,Bully,1.9228079612694997,0.5590729783037476,6.0,0.08333333333333333,0.20946745562130178,0.34960552268244566,0.21332257486103645,0.22760444683521605,0.08810258507241062,0.9096697690137217,0.09213639684847712,0.9076001537147451,3,0,5,1,0.09,0.07,60,143,noisy,14,71
13,Cooperator,1.697417966648736,0.9101129639591178,1.0,0.9243589743589744,0.47003765465303926,0.4400753093060785,0.04624350008965394,0.04364353595122827,0.9095181943859443,0.9086805092924882,0.9141054897796033,0.9114802422159549,3,0,5,1,0.09,0.07,60,143,noisy,14,71
0,Evolved HMM 5,2.7418981481481484,0.31513342696629215,9.0,0.9241573033707865,0.21021899708697458,0.10491442987931751,0.3542642009987516,0.3306023720349564,0.6768347643856273,0.33251103876472426,0.14535997237147688,0.18095471694550755,3,0,5,1,0.07,0.05,89,144,noisy,13,72
1,Evolved FSM 16,2.6608796296296298,0.2581603724511028,10.0,0.9147940074906367,0.12581928838951312,0.1323410840615897,0.3849680087390761,0.3568716188098211,0.3468410173306662,0.394291703100361,0.25065041531746374,0.18404153857659158,3,0,5,1,0.07,0.05,89,144,noisy,13,72
2,Meta Winner: 11 players,2.5758101851851856,0.17634207240948813,11.0,0.9428838951310862,0.0859797648772368,0.09036230753225134,0.37576076779026213,0.44789715980024963,0.400229364329525,0.37605065440974905,0.11259813194035574,0.13759856904163406,3,0,5,1,0.07,0.05,89,144,noisy,13,72
3,Suspicious Tit For Tat,2.2939814814814814,0.5113139825218477,7.0,0.07303370786516854,0.2595453599667083,0.25176862255513943,0.2566128277153558,0.23207318976279653,0.9314520712424282,0.07020105793452804,0.9295880481079596,0.070886236049295,3,0,5,1,0.07,0.05,89,144,noisy,13,72
4,Tit For Tat,2.2760416666666665,0.51680841656263,5.0,0.9400749063670412,0.26754967748647523,0.24925873907615484,0.2481728568456096,0.23501872659176035,0.9309529350901126,0.07027514437786357,0.930758791462499,0.070250061584588,3,0,5,1,0.07,0.05,89,144,noisy,13,72
5,Soft Joss: 0.9,2.2042824074074074,0.5555165418227216,1.0,0.9147940074906367,0.2904832501040366,0.265033291718685,0.2231325426550146,0.22135091552226382,0.93122799195107,0.15435978307445458,0.9305984601208407,0.1545434762246156,3,0,5,1,0.07,0.05,89,144,noisy,13,72
6,Meta Mixer: 11 players,2.0983796296296298,0.46083671452351227,7.0,0.7134831460674157,0.20131086142322097,0.2595258531002913,0.2383674053266749,0.3007958801498128,0.5364313477389892,0.39655519542214707,0.5245429543381654,0.40895134550878565,3,0,5,1,0.07,0.05,89,144,noisy,13,72
7,GTFT: 0.33,2.048611111111111,0.6529663441531419,0.0,0.9185393258426966,0.34956304619225964,0.3034032979608822,0.16298637120266332,0.18404728464419473,0.930628762547736,0.361066349672073,0.928547476862025,0.3513795085873907,3,0,5,1,0.07,0.05,89,144,noisy,13,72
8,Alternator,1.9878472222222223,0.5014760195588848,5.0,0.9325842696629213,0.18163493549729506,0.31984108406158973,0.23483016021639622,0.26369382022471916,0.07162755740578683,0.06863809417798028,0.9272395428655487,0.9289482682497953,3,0,5,1,0.07,0.05,89,144,noisy,13,72
9,Win-Stay Lose-Shift,1.9855324074074074,0.5245786516853933,4.0,0.9269662921348315,0.24550041614648355,0.2790782355389097,0.19469803370786515,0.28072331460674155,0.9303018957439462,0.06847375792472458,0.06767094584259271,0.928781941275143,3,0,5,1,0.07,0.05,89,144,noisy,13,72
10,Cycler DC,1.9797453703703705,0.5000260091552227,5.0,0.05805243445692884,0.1819535476487724,0.3180724615064503,0.2335557116104869,0.2664182792342905,0.18417374425502508,0.1481043086995916,0.8556356042732904,0.8074367217786874,3,0,5,1,0.07,0.05,89,144,noisy,13,72
11,Bully,1.8344907407407407,0.5733783291718685,5.0,0.07584269662921349,0.2308507594673325,0.342527569704536,0.17961922596754057,0.2470024448605909,0.07087769480430346,0.9285795456016143,0.06644577520672194,0.9298808769572057,3,0,5,1,0.07,0.05,89,144,noisy,13,72
12,Anti Tit For Tat,1.8171296296296298,0.5802707553058677,5.0,0.9316479400749064,0.23592904702455264,0.344341708281315,0.1735005722014149,0.2462286724927174,0.06936764146324177,0.9289021289536888,0.06779184686110791,0.9311643988939345,3,0,5,1,0.07,0.05,89,144,noisy,13,72
0,"DoubleCrosser: (D, D)",2.6591836734693883,0.5840659340659341,8.0,0.9908424908424909,0.5114599686028257,0.07260596546310834,0.17582417582417584,0.24010989010989012,0.9540481102547502,0.774194890814136,0.1705041319798732,0.10258833800818916,3,0,5,1,0.01,0.02,78,35,noisy,15,73
1,Evolved HMM 5,2.641836734693878,0.5805337519623234,5.0,0.989010989010989,0.4905285190999477,0.09000523286237573,0.1846677132391418,0.2347985347985348,0.9471978951522916,0.3612185764231623,0.18968280303633397,0.1584855814701131,3,0,5,1,0.01,0.02,78,35,noisy,15,73
2,Grudger,2.585714285714286,0.401753008895866,7.0,0.989010989010989,0.3757195185766614,0.026033490319204607,0.2131606488749346,0.3850863422291994,0.8768905761181087,0.0268837030012457,0.08874426836029044,0.010710284879777337,3,0,5,1,0.01,0.02,78,35,noisy,15,73
3,Evolved FSM 16,2.536734693877551,0.6042647828362114,5.5,0.9935897435897436,0.4281789638932496,0.1760858189429618,0.21132914704343272,0.18440607012035581,0.6805057572853546,0.5003702195792433,0.5247262534778312,0.4090278641395781,3,0,5,1,0.01,0.02,78,35,noisy,15,73
4,Tit For Tat,2.396938775510204,0.630690737833595,1.0,0.9926739926739927,0.4600209314495028,0.1706698063840921,0.15821559392987966,0.2110936682365254,0.991112201292966,0.008798690630141232,0.9895258372048981,0.01508300848087251,3,0,5,1,0.01,0.02,78,35,noisy,15,73
5,Soft Joss: 0.9,2.3775510204081636,0.6858451072736788,0.0,0.9871794871794872,0.5109890109890111,0.1748560962846677,0.13124018838304552,0.18291470434327578,0.9916915709420288,0.10468728183041207,0.9888060457939583,0.1250414753585023,3,0,5,1,0.01,0.02,78,35,noisy,15,73
6,Defector,2.3316326530612246,0.010256410256410256,13.0,0.013736263736263736,0.003715332286760859,0.006541077969649399,0.3331240188383045,0.6566195709052851,0.1,0.05567099567099567,0.01189530410429702,0.01018305041136186,3,0,5,1,0.01,0.02,78,35,noisy,15,73
7,Meta Winner: 14 players,2.309183673469388,0.07757718472004187,12.0,0.98992673992674,0.05193615907901621,0.02564102564102564,0.3083464154892726,0.6140763997906855,0.5918685573248157,0.20495311248470524,0.08587655842532056,0.012641223878103658,3,0,5,1,0.01,0.02,78,35,noisy,15,73
8,GTFT: 0.33,2.287755102040816,0.7751439037153323,0.0,0.9862637362637363,0.565803244374673,0.20934065934065935,0.08969126111983254,0.13516483516483516,0.9915563055400108,0.35479743528010355,0.9850883453257245,0.32953938984564723,3,0,5,1,0.01,0.02,78,35,noisy,15,73
9,Suspicious Tit For Tat,2.2622448979591834,0.49733124018838304,6.0,0.016483516483516484,0.28691784406070114,0.21041339612768187,0.22161172161172163,0.2810570381998953,0.9921208132286861,0.012023500341954848,0.9904613405928391,0.008961134036052485,3,0,5,1,0.01,0.02,78,35,noisy,15,73
10,Win-Stay Lose-Shift,2.1785714285714284,0.6858189429618001,2.0,0.9871794871794872,0.4703035060177917,0.2155154369440084,0.10695970695970697,0.20722135007849296,0.9912650845643667,0.011924556747859584,0.012744499744781507,0.9920814650516716,3,0,5,1,0.01,0.02,78,35,noisy,15,73
11,Random: 0.5,1.7897959183673469,0.49955520669806386,4.5,0.4899267399267399,0.1846153846153846,0.31493982208267923,0.18375196232339092,0.3166928309785452,0.5062076437597965,0.5033341275710004,0.4778426702301629,0.49873732659486636,3,0,5,1,0.01,0.02,78,35,noisy,15,73
12,Cycler DC,1.7836734693877552,0.4856096284667713,5.0,0.014652014652014652,0.11028257456828885,0.37532705389848253,0.23537414965986395,0.2790162218733647,0.09351229264602841,0.03575967290921382,0.9767189070730617,0.8978177322568627,3,0,5,1,0.01,0.02,78,35,noisy,15,73
13,Alternator,1.7530612244897958,0.5105965463108321,3.0,0.98992673992674,0.12553636839351126,0.3850601779173208,0.22250130821559394,0.26690214547357405,0.022451925655384394,0.010705551692817237,0.9904784521056484,0.9916562019057146,3,0,5,1,0.01,0.02,78,35,noisy,15,73
14,Anti Tit For Tat,1.5010204081632654,0.6641025641025641,5.0,0.9945054945054945,0.19950287807430664,0.4645996860282574,0.14183673469387756,0.19406070120355837,0.013040479876025106,0.9896408819784478,0.014612581203304711,0.9930865234865466,3,0,5,1,0.01,0.02,78,35,noisy,15,73
0,Grudger,2.801075268817204,0.1375268817204301,5.0,0.935,0.10763440860215057,0.029892473118279573,0.4061290322580645,0.4563440860215054,0.5865318594152951,0.05014241530878869,0.06485715162099828,0.037713869939331394,3,0,5,1,0.04,0.04,40,93,noisy,6,74
1,Meta Winner: 5 players,2.6591397849462366,0.11118279569892472,4.0,0.94,0.05338709677419355,0.05779569892473119,0.3936021505376344,0.4952150537634409,0.2755530753239802,0.39686091588374167,0.10256691796481263,0.10820740120478556,3,0,5,1,0.04,0.04,40,93,noisy,6,74
2,Evolved FSM 16,2.3989247311827953,0.3938709677419355,3.0,0.96,0.18032258064516127,0.21354838709677418,0.32005376344086023,0.28607526881720424,0.5323106679340871,0.37059000236928574,0.3026003436225423,0.3697613299815664,3,0,5,1,0.04,0.04,40,93,noisy,6,74
3,Tit For 2 Tats,1.6440860215053763,0.6008064516129032,0.0,0.985,0.3151075268817204,0.28569892473118286,0.07908602150537634,0.32010752688172045,0.961954035419836,0.634323054841663,0.9705280074510017,0.15205527355380338,3,0,5,1,0.04,0.04,40,93,noisy,6,74
4,Cycler DC,1.6301075268817207,0.4946236559139785,2.0,0.025,0.20010752688172043,0.2945161290322581,0.13021505376344086,0.37516129032258067,0.08811349214300476,0.1226472908701294,0.8820437573463288,0.9337293764882382,3,0,5,1,0.04,0.04,40,93,noisy,6,74
5,Anti Tit For Tat,1.1838709677419355,0.7159139784946237,1.0,0.96,0.1661290322580645,0.5497849462365592,0.1021505376344086,0.18193548387096775,0.04064979418635062,0.9631057009909986,0.039658658097541155,0.9602683288728813,3,0,5,1,0.04,0.04,40,93,noisy,6,74
0,Bully,3.03125,0.3408394607843137,7.0,0.01838235294117647,0.2209712009803922,0.11986825980392157,0.42401960784313725,0.23514093137254904,0.01766012359775214,0.987954806253418,0.017497621070479336,0.9808342698761112,3,0,5,1,0.02,0.01,68,24,noisy,9,75
1,Alternator,2.7916666666666665,0.5069699754901961,5.0,0.9742647058823529,0.3361672794117647,0.17080269607843138,0.3244485294117647,0.1685814950980392,0.02040347417543132,0.03078434033608396,0.9753752791836312,0.9765597343666024,3,0,5,1,0.02,0.01,68,24,noisy,9,75
2,Meta Winner: 8 players,2.7135416666666665,0.43665747549019607,4.0,0.9669117647058824,0.22977941176470587,0.20687806372549022,0.36734068627450983,0.19600183823529413,0.31086529804393925,0.7062201187509305,0.33239492430595197,0.7780997755025055,3,0,5,1,0.02,0.01,68,24,noisy,9,75
3,Tit For Tat,2.591145833333333,0.7114736519607843,2.0,0.9742647058823529,0.5304074754901961,0.18106617647058823,0.1790747549019608,0.1094515931372549,0.9801311103729584,0.024886540943469315,0.9776379339482407,0.0331043625050639,3,0,5,1,0.02,0.01,68,24,noisy,9,75
4,Anti Tit For Tat,2.5703125,0.4482996323529412,5.0,0.9797794117647058,0.25536151960784315,0.19293811274509803,0.31916360294117646,0.23253676470588233,0.019618939978204106,0.9852701627697893,0.023097550534378047,0.9847119725067811,3,0,5,1,0.02,0.01,68,24,noisy,9,75
5,Win-Stay Lose-Shift,2.380208333333333,0.6777726715686274,2.0,0.9871323529411765,0.4947916666666667,0.1829810049019608,0.1474417892156863,0.1747855392156863,0.9775152370665666,0.020832696841594497,0.01905150440738283,0.9877561840671286,3,0,5,1,0.02,0.01,68,24,noisy,9,75
6,GTFT: 0.33,2.364583333333333,0.780484068627451,1.0,0.9889705882352942,0.5538449754901961,0.2266390931372549,0.1211703431372549,0.09834558823529412,0.9807103386315115,0.3653643408636617,0.9700862234972014,0.37842584734796986,3,0,5,1,0.02,0.01,68,24,noisy,9,75
7,Tit For 2 Tats,2.2734375,0.8256740196078431,0.0,0.9871323529411765,0.5775888480392158,0.24808517156862747,0.08746936274509805,0.08685661764705882,0.9757309262611202,0.7298298426520452,0.9653188991085422,0.5287416771521443,3,0,5,1,0.02,0.01,68,24,noisy,9,75
8,Cooperator,1.6875,0.9799325980392157,0.0,0.9816176470588235,0.5287224264705883,0.4512101715686274,0.010340073529411766,0.009727328431372547,0.9771937943170541,0.9842825106678412,0.9851628151260504,0.9590326340326341,3,0,5,1,0.02,0.01,68,24,noisy,9,75
0,"DoubleCrosser: (D, D)",3.179221854304636,0.3934188741721854,6.0,0.9861111111111112,0.36775662251655633,0.02566225165562914,0.3706079838116262,0.23597314201618835,0.7833576709258819,0.7627779712974929,0.19843129491377615,0.02269151654621509,3,0,5,1,0.01,0.08,36,151,noisy,9,76
1,Tit For Tat,2.5860927152317883,0.6617687637969095,3.0,0.9965277777777778,0.4225073583517292,0.2392614054451803,0.23962932303164092,0.09860191317144959,0.9900337373403723,0.010887288389563474,0.9901530033376996,0.01315265832375463,3,0,5,1,0.01,0.08,36,151,noisy,9,76
2,Soft Joss: 0.9,2.5384933774834435,0.7037113686534217,1.0,0.9965277777777778,0.44798565121412803,0.2557257174392936,0.2234179543782193,0.07287067696835908,0.9895462582850207,0.11222766197045364,0.9913460573001738,0.12127997104232324,3,0,5,1,0.01,0.08,36,151,noisy,9,76
3,GTFT: 0.33,2.4068708609271523,0.7778237674760854,0.0,0.9826388888888888,0.5060706401766004,0.27175312729948486,0.16508002207505515,0.057096210448859444,0.9892535153195108,0.33715697474072004,0.9895111960667005,0.33496052850453273,3,0,5,1,0.01,0.08,36,151,noisy,9,76
4,Win-Shift Lose-Stay: D,2.2317880794701987,0.5376195732155997,5.0,0.013888888888888888,0.2480684326710817,0.289551140544518,0.252621412803532,0.20975901398086833,0.0089710461589298,0.9898871976511974,0.9895325137038903,0.013496036146255611,3,0,5,1,0.01,0.08,36,151,noisy,9,76
5,Cycler DC,2.214403973509934,0.4976315305371597,4.0,0.027777777777777776,0.17945180279617365,0.3181797277409861,0.2916666666666667,0.21070180279617368,0.07015553813931164,0.053975492639656994,0.9413217868836116,0.8724158020408092,3,0,5,1,0.01,0.08,36,151,noisy,9,76
6,Alternator,2.204056291390729,0.5014026857983812,3.0,0.9722222222222222,0.1823721486387049,0.3190305371596762,0.2904479396615158,0.20814937454010304,0.009251893083959888,0.011156976864567038,0.99226671522084,0.9861583199796068,3,0,5,1,0.01,0.08,36,151,noisy,9,76
7,Random: 0.5,2.1353476821192054,0.5040470934510669,4.0,0.4791666666666667,0.23893947755702724,0.2651076158940397,0.2315121412803532,0.2644407652685798,0.5028916642575018,0.5137743638044525,0.5066008989242096,0.49788977510430893,3,0,5,1,0.01,0.08,36,151,noisy,9,76
8,Bully,1.9838576158940397,0.5383554083885209,5.0,0.03125,0.2768349889624724,0.2615204194260486,0.18080849889624723,0.2808360927152318,0.010164164634915153,0.9918859603424957,0.010267079265340798,0.9900024345464138,3,0,5,1,0.01,0.08,36,151,noisy,9,76
0,Grudger,2.9523809523809526,0.44984802431610943,4.0,0.9627659574468085,0.335612968591692,0.11423505572441743,0.33915906788247213,0.2109929078014184,0.7852810850671124,0.03622167745673449,0.1500802157836493,0.02310610374839624,3,0,5,1,0.03,0.02,94,7,noisy,7,77
1,Tit For Tat,2.4523809523809526,0.6760385005065856,0.0,0.9645390070921985,0.4085612968591692,0.2674772036474164,0.21555217831813578,0.10840932117527863,0.9786054288046321,0.027667093397291932,0.9699555763385551,0.03252192771277705,3,0,5,1,0.03,0.02,94,7,noisy,7,77
2,Alternator,2.380952380952381,0.5557244174265451,2.0,0.9680851063829787,0.24620060790273557,0.30952380952380953,0.2966058763931104,0.14766970618034447,0.03181779276463662,0.01932936027050816,0.9768668253602524,0.9902255639097745,3,0,5,1,0.03,0.02,94,7,noisy,7,77
3,Cycler DC,2.357142857142857,0.43642350557244175,3.0,0.0425531914893617,0.14918946301925026,0.28723404255319146,0.33308004052684903,0.2304964539007092,0.19976323346892833,0.09771576393343044,0.897800608620772,0.7889368250378909,3,0,5,1,0.03,0.02,94,7,noisy,7,77
4,Bully,2.285714285714286,0.4267983789260385,3.0,0.03723404255319149,0.2170719351570415,0.209726443768997,0.2639311043566363,0.30927051671732525,0.031139439900059587,0.9472439500508362,0.01934103824089039,0.9682830040777203,3,0,5,1,0.03,0.02,94,7,noisy,7,77
5,GTFT: 0.33,2.202380952380952,0.7532928064842959,0.0,0.9663120567375887,0.4483282674772036,0.30496453900709225,0.15374873353596755,0.09295845997973658,0.9676854780069286,0.3264720790183753,0.9682756992038805,0.27119915451790966,3,0,5,1,0.03,0.02,94,7,noisy,7,77
6,Meta Winner: 6 players,2.142857142857143,0.628419452887538,2.0,0.9698581560283688,0.30901722391084097,0.31940222897669707,0.21048632218844987,0.16109422492401215,0.6204870706391512,0.8088275296350363,0.2491121980841661,0.5999518089482263,3,0,5,1,0.03,0.02,94,7,noisy,7,77
0,Grudger,2.875,0.6297619047619047,2.0,0.987012987012987,0.611038961038961,0.018722943722943725,0.16926406926406926,0.20097402597402597,0.959833229364387,0.020453008789722785,0.09729323415871474,0.008844479275513758,3,0,5,1,0.01,0.07,77,30,noisy,5,78
1,Evolved HMM 5,2.783333333333333,0.7259740259740259,1.0,0.9902597402597403,0.6613636363636364,0.0646103896103896,0.13614718614718613,0.13787878787878788,0.9827980102083462,0.31186592159870086,0.22677759888212745,0.20994062517719295,3,0,5,1,0.01,0.07,77,30,noisy,5,78
2,Soft Joss: 0.9,2.675,0.8094155844155844,0.0,0.987012987012987,0.7164502164502164,0.09296536796536796,0.07294372294372295,0.11764069264069266,0.9888733191745104,0.13801865812626063,0.9877843688845401,0.09755353263946798,3,0,5,1,0.01,0.07,77,30,noisy,5,78
3,Cooperator,2.55,0.9916666666666667,0.0,0.9805194805194806,0.8072510822510822,0.18441558441558442,0.00670995670995671,0.0016233766233766235,0.9918551935471938,0.9950795709110667,0.9903846153846154,1.0,3,0,5,1,0.01,0.07,77,30,noisy,5,78
4,Random: 0.5,2.175,0.49783549783549785,2.0,0.4707792207792208,0.2316017316017316,0.2662337662337662,0.2418831168831169,0.2602813852813853,0.48423448623669435,0.5856577467920425,0.5102729304455406,0.5040725068081161,3,0,5,1,0.01,0.07,77,30,noisy,5,78
0,Grudger,2.645833333333333,0.38478535353535354,12.0,0.952020202020202,0.29661195286195297,0.08817340067340068,0.2844065656565657,0.3308080808080807,0.7599608161615092,0.0526202229368649,0.14410345327039595,0.0537597316793145,3,0,5,1,0.05,0.02,88,12,noisy,19,79
1,Evolved HMM 5,2.587962962962963,0.5373000841750841,9.0,0.9513888888888888,0.39167718855218847,0.14562289562289563,0.23632154882154882,0.22637836700336703,0.8591715006794965,0.33839608172884383,0.2162959083794959,0.16755032217939814,3,0,5,1,0.05,0.02,88,12,noisy,19,79
2,Defector,2.5625,0.04929503367003367,17.0,0.052398989898989896,0.021622474747474748,0.027672558922558918,0.38473274410774416,0.5659722222222223,0.08083513708513708,0.06282723278374201,0.04668060545422309,0.050967573648385514,3,0,5,1,0.05,0.02,88,12,noisy,19,79
3,Evolved FSM 16,2.479166666666667,0.5769149831649831,8.0,0.9425505050505051,0.3838383838383839,0.19307659932659932,0.22590488215488205,0.19718013468013465,0.6925243053833668,0.32571065194044396,0.5199802821672023,0.34688819874090987,3,0,5,1,0.05,0.02,88,12,noisy,19,79
4,Meta Winner: 17 players,2.4675925925925926,0.28424873737373735,15.0,0.9513888888888888,0.16045875420875422,0.12378998316498319,0.3131313131313131,0.40261994949494956,0.49564434875852026,0.37267412978857817,0.1290598300706914,0.1548056254447875,3,0,5,1,0.05,0.02,88,12,noisy,19,79
5,"DoubleCrosser: (D, D)",2.4120370370370368,0.6573021885521886,7.0,0.9457070707070707,0.44796927609427617,0.2093329124579125,0.17934553872053874,0.16335227272727273,0.8527328317731422,0.7652344238352206,0.24444937041115955,0.21797139233867696,3,0,5,1,0.05,0.02,88,12,noisy,19,79
6,Tit For Tat,2.3472222222222223,0.6203177609427609,3.0,0.9488636363636364,0.40461910774410786,0.2156986531986532,0.18965698653198648,0.19002525252525249,0.9529678793049894,0.04862605006105035,0.9513762087350545,0.05971772120032865,3,0,5,1,0.05,0.02,88,12,noisy,19,79
7,Soft Joss: 0.9,2.2986111111111107,0.6585648148148148,2.0,0.9589646464646465,0.42497895622895626,0.23358585858585862,0.16961279461279463,0.1718223905723906,0.9511774346822729,0.14995923624747265,0.955558213658666,0.14786571245890562,3,0,5,1,0.05,0.02,88,12,noisy,19,79
8,Win-Stay Lose-Shift,2.2847222222222223,0.6103745791245792,5.0,0.9513888888888888,0.3832596801346801,0.22711489898989903,0.18676346801346805,0.20286195286195283,0.9478532099658248,0.047774910348369275,0.05123094966243356,0.9517442572578623,3,0,5,1,0.05,0.02,88,12,noisy,19,79
9,Suspicious Tit For Tat,2.282407407407407,0.4715909090909091,8.0,0.05113636363636364,0.2524200336700337,0.2191708754208754,0.2523674242424242,0.2760416666666667,0.9250901388346046,0.05211567008072007,0.9486159151259592,0.05412616185099694,3,0,5,1,0.05,0.02,88,12,noisy,19,79
10,Meta Mixer: 17 players,2.2337962962962963,0.5036300505050505,8.0,0.6363636363636364,0.2655197811447811,0.23811026936026936,0.2338489057239057,0.2625210437710438,0.594651444741808,0.3940773316025267,0.5739528135834439,0.40461520617368235,3,0,5,1,0.05,0.02,88,12,noisy,19,79
11,GTFT: 0.33,2.1944444444444446,0.7323758417508418,1.0,0.9513888888888888,0.461858164983165,0.27051767676767674,0.13389099326599327,0.133733164983165,0.9484920519586341,0.3382439222428926,0.9612419003100131,0.37340938084314185,3,0,5,1,0.05,0.02,88,12,noisy,19,79
12,Alternator,2.1620370370370368,0.5136258417508418,6.0,0.9457070707070707,0.22343223905723905,0.2901936026936027,0.2525252525252525,0.2338489057239057,0.052250213411237666,0.05365443726244597,0.947272284919078,0.9422666573676075,3,0,5,1,0.05,0.02,88,12,noisy,19,79
13,Random: 0.5,2.1550925925925926,0.49800084175084175,7.0,0.4652777777777778,0.23253367003367004,0.2654671717171717,0.240530303030303,0.2614688552188552,0.5039685324760051,0.5063400681693273,0.5029444717039994,0.49924034028053044,3,0,5,1,0.05,0.02,88,12,noisy,19,79
14,Cycler DC,2.145833333333333,0.4991056397306397,6.0,0.056818181818181816,0.19891624579124578,0.300189393939394,0.2613636363636363,0.2395307239057239,0.15794279119130197,0.12654966453931318,0.9079400474533037,0.8615734041960169,3,0,5,1,0.05,0.02,88,12,noisy,19,79
15,Win-Shift Lose-Stay: D,2.125,0.5134154040404041,7.0,0.04040404040404041,0.20570286195286192,0.3077125420875421,0.25215698653198654,0.23442760942760943,0.045115554219298276,0.9476763970625574,0.9468042567525194,0.04753107544703278,3,0,5,1,0.05,0.02,88,12,noisy,19,79
16,Tit For 2 Tats,2.1203703703703702,0.8086069023569024,0.0,0.9564393939393939,0.5443497474747474,0.2642571548821549,0.0729692760942761,0.11842382154882156,0.9501546001928971,0.7259557760018195,0.9518543298025622,0.4137352079872392,3,0,5,1,0.05,0.02,88,12,noisy,19,79
17,Bully,2.0162037037037033,0.5186237373737373,7.0,0.059343434343434344,0.19318181818181815,0.3254419191919192,0.23937289562289563,0.24200336700336703,0.05889459746407174,0.9462336813293404,0.05261960618930118,0.9484308689905051,3,0,5,1,0.05,0.02,88,12,noisy,19,79
18,Anti Tit For Tat,1.8680555555555556,0.5908038720538721,5.0,0.952020202020202,0.2367424242424242,0.3540614478114478,0.19028829966329966,0.2189078282828283,0.0450164137143325,0.9507130088831399,0.0702057205099515,0.950299269146556,3,0,5,1,0.05,0.02,88,12,noisy,19,79
0,Evolved HMM 5,2.7780054644808745,0.43583219489981784,8.0,0.975,0.33401070127504556,0.10182149362477233,0.2998121584699454,0.2643556466302368,0.8522036315464621,0.3563113173040165,0.14470645703843676,0.18429911487372153,3,0,5,1,0.03,0.06,80,183,noisy,13,80
1,"DoubleCrosser: (D, D)",2.5881147540983607,0.4545138888888889,7.0,0.96875,0.3932206284153005,0.06129326047358833,0.21303506375227688,0.33245104735883424,0.8532859004588159,0.6028381168059592,0.27261702628608775,0.047125388728649124,3,0,5,1,0.03,0.06,80,183,noisy,13,80
2,Grudger,2.4977231329690346,0.11247723132969034,12.0,0.9645833333333333,0.09001593806921677,0.02246129326047359,0.33418715846994534,0.5533356102003643,0.7409766551694151,0.028320173832690063,0.04771332267900863,0.028680352131737207,3,0,5,1,0.03,0.06,80,183,noisy,13,80
3,Meta Winner: 11 players,2.412112932604736,0.08096539162112933,10.0,0.9645833333333333,0.03878642987249544,0.042178961748633885,0.3441256830601092,0.5749089253187614,0.3861813963266698,0.4119837755516665,0.09503810619633835,0.12416700643742097,3,0,5,1,0.03,0.06,80,183,noisy,13,80
4,Win-Stay Lose-Shift,2.333105646630237,0.516712204007286,7.0,0.9614583333333333,0.28150045537340623,0.23521174863387975,0.24946493624772312,0.23382285974499092,0.9700899189512905,0.030959980736338006,0.02668308199315295,0.9698265651368252,3,0,5,1,0.03,0.06,80,183,noisy,13,80
5,Soft Joss: 0.9,2.326047358834244,0.6434767759562842,3.0,0.9708333333333333,0.4864355646630238,0.15704121129326046,0.12482354280510018,0.2316996812386157,0.9701236318335948,0.12367693004080808,0.9681155132417062,0.12590657020744778,3,0,5,1,0.03,0.06,80,183,noisy,13,80
6,GTFT: 0.33,2.275728597449909,0.7462374772313297,2.0,0.9625,0.5494364754098361,0.1968010018214936,0.09097791438979963,0.16278460837887065,0.9707544915291191,0.34870208390913815,0.9694567863116371,0.33920106796513666,3,0,5,1,0.03,0.06,80,183,noisy,13,80
7,Tit For 2 Tats,2.2739071038251364,0.7580430327868852,1.0,0.9822916666666667,0.5916268214936248,0.16641621129326048,0.06263091985428051,0.17932604735883417,0.9701102401506682,0.7164678288281157,0.9672523984759933,0.29942594104855597,3,0,5,1,0.03,0.06,80,183,noisy,13,80
8,Suspicious Tit For Tat,2.250455373406193,0.5439833788706739,7.0,0.029166666666666667,0.41017759562841527,0.13380578324225864,0.14040300546448087,0.31561361566484514,0.9710887621227756,0.030944207497138068,0.969998414721975,0.03535873411552048,3,0,5,1,0.03,0.06,80,183,noisy,13,80
9,Meta Mixer: 11 players,2.1427595628415297,0.49733037340619307,7.0,0.8,0.2748633879781421,0.22246698542805102,0.21172017304189436,0.29094945355191254,0.6513116587806747,0.40187875740731943,0.6028883769567797,0.3863616575398941,3,0,5,1,0.03,0.06,80,183,noisy,13,80
10,Win-Shift Lose-Stay: D,1.9098360655737703,0.5702584244080146,5.0,0.03333333333333333,0.20608492714025503,0.36417349726775966,0.21359858834244083,0.21614298724954462,0.03142857964234838,0.970215419009337,0.9684968041800915,0.03150196739642002,3,0,5,1,0.03,0.06,80,183,noisy,13,80
11,Anti Tit For Tat,1.883879781420765,0.589082422586521,5.0,0.9645833333333333,0.15885132058287796,0.43023110200364306,0.24846311475409835,0.16245446265938068,0.03168450821246539,0.972757470062317,0.0283010967839302,0.968642666022245,3,0,5,1,0.03,0.06,80,183,noisy,13,80
12,Cooperator,1.7729963570127505,0.9697119763205829,0.5,0.9708333333333333,0.5527607012750456,0.4169512750455373,0.017611566484517307,0.01267645719489982,0.9684362184679868,0.9713318987155919,0.9712633203238449,0.9656803042021761,3,0,5,1,0.03,0.06,80,183,noisy,13,80
0,Defector,2.7002442002442,0.051984702928099154,14.0,0.05525606469002695,0.023210542078466602,0.02877416084963255,0.4213721289192987,0.5266431681526021,0.07042307951055563,0.055507789297236404,0.051088633165469154,0.05512515923775513,3,0,5,1,0.05,0.02,53,117,noisy,15,81
1,Evolved FSM 16,2.6990231990231988,0.33258460616951185,10.0,0.944743935309973,0.15727877992028932,0.17530582624922247,0.389199898633861,0.2782154951966273,0.40051943210112295,0.41564949232713133,0.2861278503168467,0.2792198265342701,3,0,5,1,0.05,0.02,53,117,noisy,15,81
2,Meta Winner: 14 players,2.6800976800976803,0.07567903794318889,13.0,0.9528301886792453,0.03743635819107517,0.038242679752113706,0.4094846453337019,0.5148363167231093,0.2785666378491193,0.21177236438622032,0.06307761094128053,0.06753232844452926,3,0,5,1,0.05,0.02,53,117,noisy,15,81
3,"DoubleCrosser: (D, D)",2.6697191697191696,0.31626235399820307,10.0,0.9474393530997305,0.24982145736862718,0.06644089662957588,0.309028497707743,0.37470914829405394,0.6766057873917666,0.5643139211777843,0.16704920855624275,0.06917222808088108,3,0,5,1,0.05,0.02,53,117,noisy,15,81
4,Tit For Tat,2.2673992673992673,0.522346626120211,6.0,0.9555256064690026,0.3002280738129795,0.22211855230723154,0.21925035132582305,0.25840302255396597,0.950227019592871,0.052062004331040204,0.9451990018730446,0.050704758034839,3,0,5,1,0.05,0.02,53,117,noisy,15,81
5,Soft Joss: 0.9,2.2356532356532357,0.5714285714285714,3.0,0.9487870619946092,0.3293938765636879,0.24203469486488352,0.1983781417743682,0.23019328679706041,0.9449761147310146,0.13906127183304592,0.949800063236675,0.1318460537882766,3,0,5,1,0.05,0.02,53,117,noisy,15,81
6,Suspicious Tit For Tat,2.2185592185592187,0.48850415831547905,7.0,0.04986522911051213,0.27027898726011934,0.21822517105535974,0.22276360955606236,0.28873223212845855,0.9525477887704402,0.04893141509877281,0.9481460937202177,0.05112735003960238,3,0,5,1,0.05,0.02,53,117,noisy,15,81
7,GTFT: 0.33,2.0805860805860807,0.6696730942013961,1.0,0.9582210242587601,0.38261109959223166,0.2870619946091645,0.14885847904715832,0.18146842675144567,0.9478935841299077,0.3458025344402493,0.952173968124925,0.36582109801475615,3,0,5,1,0.05,0.02,53,117,noisy,15,81
8,Win-Shift Lose-Stay: D,2.0183150183150182,0.5170940170940171,6.0,0.05121293800539083,0.21577164973391386,0.30132236736010315,0.22087451332734354,0.26203146957863943,0.051543181674191904,0.949605139304793,0.9523578123021273,0.05422039433730142,3,0,5,1,0.05,0.02,53,117,noisy,15,81
9,Alternator,2.015262515262515,0.5022231437325777,5.0,0.9622641509433962,0.1908102379800493,0.3114129057525284,0.236425000575944,0.2613518556914783,0.05550151319859215,0.04756719729916013,0.9497280843426187,0.9452273161496028,3,0,5,1,0.05,0.02,53,117,noisy,15,81
10,Random: 0.5,2.010989010989011,0.4986407722256779,6.0,0.47304582210242585,0.21374432695187412,0.28489644527380376,0.2164743013799617,0.28488492639436036,0.49552201330269635,0.49830766157701994,0.5016228945753409,0.497688193412405,3,0,5,1,0.05,0.02,53,117,noisy,15,81
11,Cycler DC,2.010378510378511,0.4968553459119497,6.0,0.03369272237196765,0.1884373488147073,0.3084179970972423,0.23655170824982147,0.26659294583822885,0.14461339547454566,0.12151469907220956,0.8870319699020136,0.8421720583207114,3,0,5,1,0.05,0.02,53,117,noisy,15,81
12,Bully,1.9053724053724055,0.5681226530283134,6.0,0.03773584905660377,0.20731679222245258,0.3608058608058608,0.21276522219918448,0.2191121247725021,0.05047146994400719,0.955518464389307,0.051306224865063164,0.950601031267902,3,0,5,1,0.05,0.02,53,117,noisy,15,81
13,Anti Tit For Tat,1.8974358974358976,0.5750454995738015,6.0,0.9420485175202157,0.21199345727647614,0.36305204229732535,0.2074780565346603,0.21747644389153825,0.049520849249741795,0.9494415295198458,0.0449153622890247,0.949754664279851,3,0,5,1,0.05,0.02,53,117,noisy,15,81
14,Cooperator,1.6123321123321122,0.9505264127905637,0.0,0.9487870619946092,0.4845647015458336,0.4659617112447301,0.025168751583845923,0.02430483562559034,0.9494647221125462,0.950807306922089,0.9454045236010151,0.9417817586150566,3,0,5,1,0.05,0.02,53,117,noisy,15,81
0,Evolved HMM 5,2.8668730650154797,0.5439954375101841,9.0,0.989843028624192,0.4639346043126391,0.08006083319754494,0.25376133833034603,0.2022432241594699,0.904459969690393,0.3696181458547152,0.14834573689310343,0.16589492426789273,3,0,5,1,0.01,0.01,57,34,noisy,20,82
1,Grudger,2.818885448916409,0.3955244147520504,11.0,0.989843028624192,0.3705121937971866,0.025012220954863943,0.2752159035359296,0.3292596817120199,0.8813682512715503,0.02048041765510599,0.08916421120298168,0.008470114562672845,3,0,5,1,0.01,0.01,57,34,noisy,20,82
2,"DoubleCrosser: (D, D)",2.8173374613003097,0.5761229699636087,13.0,0.9889196675900277,0.5009233610341645,0.07519960892944434,0.21937971864646136,0.2044973113899299,0.9101908422471984,0.7802839880968576,0.15491771995419817,0.037878243946725156,3,0,5,1,0.01,0.01,57,34,noisy,20,82
3,Evolved FSM 16,2.7693498452012384,0.5788930530661018,9.0,0.989843028624192,0.4362337732877085,0.14265927977839332,0.25748194014447884,0.16362500678941938,0.684062784633181,0.4323252579159248,0.47662491321625977,0.3853298697516403,3,0,5,1,0.01,0.01,57,34,noisy,20,82
4,Meta Winner: 18 players,2.5758513931888545,0.09964151865732443,16.0,0.9907663896583564,0.05901363315409267,0.040627885503231764,0.36934441366574333,0.5310140676769324,0.49903215055564093,0.35270397563361955,0.0680516275551415,0.08156548879229727,3,0,5,1,0.01,0.01,57,34,noisy,20,82
5,Defector,2.541795665634675,0.009939709956004562,17.0,0.009233610341643583,0.003965020911411656,0.005974689044592905,0.3881646841562109,0.6018956058877845,0.14285714285714285,0.08496732026143791,0.009872192057889053,0.011871193668353673,3,0,5,1,0.01,0.01,57,34,noisy,20,82
6,Tit For Tat,2.430340557275542,0.6498289066319048,2.0,0.9907663896583564,0.4779479658899572,0.1718809407419478,0.16142523491391014,0.188745858454185,0.990894409890881,0.012189808659960891,0.9931850377782626,0.010119676811230466,3,0,5,1,0.01,0.01,57,34,noisy,20,82
7,Soft Joss: 0.9,2.4256965944272446,0.7017272282874368,1.0,0.9852262234533703,0.522568029982076,0.1791591983053609,0.13926457009396556,0.1590082016185976,0.9896758191046849,0.10889160110301664,0.992075170874324,0.13878023249370197,3,0,5,1,0.01,0.01,57,34,noisy,20,82
8,Win-Stay Lose-Shift,2.390092879256966,0.6484710227581337,5.0,0.9879963065558633,0.4547009939709956,0.19377002878713814,0.16867633479984798,0.18285264244201838,0.992026794483546,0.010748327470454126,0.01569577669663884,0.9942416379748679,3,0,5,1,0.01,0.01,57,34,noisy,20,82
9,GTFT: 0.33,2.3343653250773992,0.7801857585139319,1.0,0.9944598337950139,0.5701754385964913,0.21001031991744068,0.10045624898158707,0.11935799250448102,0.9897473092729608,0.349024875949461,0.9895749502587711,0.3523498450760296,3,0,5,1,0.01,0.01,57,34,noisy,20,82
10,Suspicious Tit For Tat,2.301857585139319,0.5271576774754223,10.0,0.0110803324099723,0.3472380642007496,0.17991961327467276,0.19610558905002443,0.27673673347455324,0.993101978609607,0.01302000421652133,0.9924778047376748,0.010541803908078658,3,0,5,1,0.01,0.01,57,34,noisy,20,82
11,Tit For 2 Tats,2.2507739938080498,0.8221172125359839,0.0,0.989843028624192,0.6291347563956331,0.19298245614035087,0.04442996034979088,0.13345282711422518,0.9895234265179589,0.781526257648861,0.9853545947184228,0.3365459243039665,3,0,5,1,0.01,0.01,57,34,noisy,20,82
12,Meta Mixer: 18 players,2.1331269349845203,0.4822931942860247,9.0,0.6980609418282548,0.2461843463147032,0.23610884797132145,0.22109065232741298,0.29661615338656244,0.5970801967088618,0.41217998467946315,0.5744446827975601,0.3967111510635978,3,0,5,1,0.01,0.01,57,34,noisy,20,82
13,Alternator,2.0681114551083595,0.5039921785888871,7.0,0.9916897506925207,0.1933898213024822,0.31060235728640484,0.24710770734886756,0.24890011406224535,0.013549032499978918,0.021666013210283587,0.9898944636656173,0.983450122522032,3,0,5,1,0.01,0.01,57,34,noisy,20,82
14,Cycler DC,2.0479876160990713,0.49885937754603227,6.0,0.013850415512465374,0.18114170876106675,0.31771766878496543,0.2513443050350334,0.24979631741893438,0.07372939519801607,0.05284437520737354,0.9584523590813907,0.919329220672327,3,0,5,1,0.01,0.01,57,34,noisy,20,82
15,Random: 0.5,2.041795665634675,0.4996469501928195,8.0,0.5013850415512465,0.22348052794525017,0.27616642224756943,0.21927108793655964,0.28108196187062084,0.5004042222550222,0.5002108204371639,0.4877331154991122,0.4979480613033924,3,0,5,1,0.01,0.01,57,34,noisy,20,82
16,Bully,1.938080495356037,0.5640106458095704,8.0,0.006463527239150508,0.1788061484981804,0.38520449731139,0.2369507359730596,0.19903861821737004,0.012933834542819617,0.9908800972445606,0.01258447335599111,0.989503352076313,3,0,5,1,0.01,0.01,57,34,noisy,20,82
17,Win-Shift Lose-Stay: D,1.9272445820433437,0.5602628863179621,8.0,0.013850415512465374,0.20235185486937154,0.3579110314485905,0.220384552713052,0.21935256096898598,0.010471613358392778,0.9917807652527555,0.9895634447797622,0.010842772524291599,3,0,5,1,0.01,0.01,57,34,noisy,20,82
18,Cooperator,1.9226006191950464,0.9892998750746836,0.0,0.9833795013850416,0.6263375156156645,0.3629623594590191,0.006653630981478464,0.004046493943837923,0.9857619398547722,0.9904491006985062,0.9877899877899878,0.9887445887445887,3,0,5,1,0.01,0.01,57,34,noisy,20,82
19,Anti Tit For Tat,1.7151702786377707,0.6211775568953343,7.0,0.9889196675900277,0.19740915756884472,0.4237683993264896,0.191190049426973,0.1876323936776927,0.013248891084536122,0.9932508961323048,0.011251970520880634,0.9878083398341735,3,0,5,1,0.01,0.01,57,34,noisy,20,82
0,"DoubleCrosser: (D, D)",2.52,0.27303443794671867,4.0,0.9061728395061729,0.1721117608836907,0.10092267706302793,0.31716699155295647,0.4097985705003249,0.6956791707710922,0.46391455916128843,0.17649259018859698,0.08757628912601453,3,0,5,1,0.08,0.04,81,95,noisy,6,83
1,Win-Stay Lose-Shift,2.3726315789473684,0.4584275503573749,2.0,0.9012345679012346,0.2148148148148148,0.24361273554256008,0.31293047433398313,0.228641975308642,0.9221657085183225,0.08065793550195875,0.08193543674140917,0.9191676161735061,3,0,5,1,0.08,0.04,81,95,noisy,6,83
2,Tit For Tat,2.1578947368421053,0.49798570500324885,2.0,0.9234567901234568,0.24116959064327484,0.256816114359974,0.24722547108512022,0.25478882391163094,0.922598051284214,0.08151953043523938,0.923091367816863,0.08369478849085552,3,0,5,1,0.08,0.04,81,95,noisy,6,83
3,Meta Mixer: 5 players,2.1010526315789475,0.4305912930474334,3.0,0.7481481481481481,0.1932423651721897,0.23734892787524364,0.24618583495776472,0.3232228719948019,0.5529693524251253,0.3301114767528479,0.5444745240788686,0.34778937559213496,3,0,5,1,0.08,0.04,81,95,noisy,6,83
4,Alternator,2.0063157894736845,0.5018063677712801,1.0,0.9061728395061729,0.16935672514619884,0.33244964262508125,0.25120207927225474,0.24699155295646524,0.07400226172615745,0.08051354668943471,0.9204094120224898,0.921413453661412,3,0,5,1,0.08,0.04,81,95,noisy,6,83
5,Win-Shift Lose-Stay: D,1.6821052631578948,0.5558414554905783,1.0,0.07160493827160494,0.16792722547108513,0.3879142300194932,0.18435347628330084,0.2598050682261209,0.07583509376143596,0.9189555015902032,0.9178985108751728,0.0806863418321989,3,0,5,1,0.08,0.04,81,95,noisy,6,83
0,Grudger,2.7946428571428568,0.4476461038961039,5.0,0.8928571428571429,0.32142857142857145,0.12621753246753245,0.32386363636363635,0.2284902597402597,0.7216381808810011,0.09794545147251446,0.2480854128194809,0.08501498733125203,3,0,5,1,0.09,0.08,44,8,noisy,8,84
1,Win-Stay Lose-Shift,2.4642857142857144,0.5840097402597403,2.0,0.9253246753246753,0.3628246753246754,0.22118506493506493,0.2414772727272727,0.17451298701298704,0.9065120071706686,0.08507691627573245,0.0986076038503991,0.9277864278997477,3,0,5,1,0.09,0.08,44,8,noisy,8,84
2,Alternator,2.366071428571429,0.518262987012987,3.0,0.8863636363636364,0.27029220779220775,0.24797077922077923,0.2702922077922078,0.2114448051948052,0.09625330478324644,0.07493641353410942,0.9063717442811114,0.9025853521012625,3,0,5,1,0.09,0.08,44,8,noisy,8,84
3,"DoubleCrosser: (D, D)",2.3392857142857144,0.6741071428571429,2.0,0.9058441558441559,0.42491883116883117,0.2491883116883117,0.18303571428571427,0.14285714285714285,0.7856130893715318,0.6854866467951003,0.3002139778668887,0.3499773242630385,3,0,5,1,0.09,0.08,44,8,noisy,8,84
4,Win-Shift Lose-Stay: D,2.3214285714285716,0.515422077922078,3.0,0.09415584415584416,0.2086038961038961,0.30681818181818177,0.29991883116883117,0.1846590909090909,0.06079921290017708,0.8824131605917992,0.9154992755469101,0.09471847943223284,3,0,5,1,0.09,0.08,44,8,noisy,8,84
5,Bully,2.2857142857142856,0.4496753246753247,4.0,0.08441558441558442,0.21103896103896105,0.23863636363636362,0.2743506493506494,0.275974025974026,0.06263701837142402,0.9237834118150581,0.11052530331874795,0.9107619462797331,3,0,5,1,0.09,0.08,44,8,noisy,8,84
6,Soft Joss: 0.9,2.2857142857142856,0.6420454545454546,1.0,0.8766233766233766,0.3729707792207792,0.2690746753246753,0.20657467532467536,0.15137987012987014,0.9068006102907648,0.16113802823587572,0.9281738378427665,0.20180500731205697,3,0,5,1,0.09,0.08,44,8,noisy,8,84
7,GTFT: 0.33,2.2142857142857144,0.7305194805194806,0.0,0.9155844155844156,0.43262987012987014,0.29788961038961037,0.15746753246753248,0.11201298701298702,0.9209072554113452,0.3765037948021606,0.9159557926999787,0.3713632976790871,3,0,5,1,0.09,0.08,44,8,noisy,8,84
0,Evolved HMM 5,3.271052631578947,0.33157894736842103,1.0,0.9642857142857143,0.2503759398496241,0.08120300751879699,0.46146616541353386,0.2069548872180451,0.5590260041792431,0.36169947431027205,0.1662774896273293,0.17310812310152882,3,0,5,1,0.06,0.04,28,190,noisy,3,85
1,Suspicious Tit For Tat,2.2802631578947365,0.5292293233082707,1.0,0.05357142857142857,0.34708646616541355,0.18214285714285713,0.19398496240601504,0.2767857142857143,0.9291162227602906,0.05526803688451866,0.9440549354069987,0.061712967074482414,3,0,5,1,0.06,0.04,28,190,noisy,3,85
2,Bully,1.3157894736842106,0.6804511278195489,0.0,0.10714285714285714,0.15216165413533836,0.5282894736842105,0.1361842105263158,0.18336466165413534,0.0522754715409918,0.9327210373344941,0.05751309038980272,0.9316261232134495,3,0,5,1,0.06,0.04,28,190,noisy,3,85
0,Evolved HMM 5,3.0143540669856463,0.2723444976076555,10.0,0.9575757575757575,0.19795853269537478,0.07438596491228071,0.4222966507177033,0.30535885167464116,0.6952189303616658,0.3087719489922315,0.08895573877297008,0.12745321782429156,3,0,5,1,0.04,0.05,30,95,noisy,12,86
1,Evolved FSM 16,2.895215311004785,0.24220095693779906,10.0,0.9787878787878788,0.14593301435406697,0.09626794258373206,0.4235406698564592,0.33425837320574164,0.48431683113381896,0.32457340846354754,0.165093238184396,0.18249293484233242,3,0,5,1,0.04,0.05,30,95,noisy,12,86
2,Meta Winner: 10 players,2.6789473684210527,0.19588516746411483,9.0,0.9393939393939394,0.08688995215311004,0.1089952153110048,0.4079744816586921,0.396140350877193,0.4642336807229573,0.5542958999114631,0.07925037589028328,0.16528503727312147,3,0,5,1,0.04,0.05,30,95,noisy,12,86
3,Meta Mixer: 10 players,2.1148325358851676,0.4830940988835726,6.0,0.7575757575757576,0.22430622009569381,0.25878787878787873,0.23317384370015948,0.2837320574162679,0.4656356214536753,0.5076188460025053,0.4381561926351043,0.5180212046355934,3,0,5,1,0.04,0.05,30,95,noisy,12,86
4,Random: 0.5,2.0555023923444975,0.498755980861244,5.0,0.4696969696969697,0.2209250398724083,0.2778309409888357,0.2248803827751196,0.27636363636363637,0.49496125304526895,0.5006744998706761,0.5071369126301963,0.49719360562048326,3,0,5,1,0.04,0.05,30,95,noisy,12,86
5,GTFT: 0.33,2.052631578947368,0.6696969696969697,1.0,0.9666666666666667,0.36322169059011167,0.306475279106858,0.15645933014354066,0.17384370015948966,0.9600895723157002,0.3467870579941446,0.9618906876828848,0.3651492458115287,3,0,5,1,0.04,0.05,30,95,noisy,12,86
6,Cycler DC,2.038755980861244,0.4955023923444976,5.0,0.04242424242424243,0.24092503987240835,0.25457735247208935,0.20334928229665072,0.30114832535885167,0.08225806172737381,0.11576540291033081,0.8969741309095962,0.916268874764858,3,0,5,1,0.04,0.05,30,95,noisy,12,86
7,Win-Stay Lose-Shift,2.0306220095693783,0.5430940988835725,4.0,0.9606060606060606,0.2746092503987241,0.2684848484848485,0.1903987240829346,0.2665071770334928,0.958134036430506,0.04128745295567485,0.04370064260627473,0.9649781936009642,3,0,5,1,0.04,0.05,30,95,noisy,12,86
8,Alternator,2.0181818181818185,0.5026475279106858,4.0,0.9666666666666667,0.24529505582137165,0.25735247208931417,0.19598086124401914,0.30137161084529507,0.0400511156601569,0.03646872560766048,0.9665016459529725,0.9537739045968393,3,0,5,1,0.04,0.05,30,95,noisy,12,86
9,Tit For 2 Tats,1.9564593301435407,0.7301754385964913,0.0,0.9727272727272728,0.420287081339713,0.3098883572567783,0.10427432216905902,0.16555023923444978,0.9591036065919846,0.6616920799448144,0.9602296656859916,0.26669743099689597,3,0,5,1,0.04,0.05,30,95,noisy,12,86
10,Anti Tit For Tat,1.8138755980861245,0.5888038277511962,4.0,0.9666666666666667,0.23400318979266344,0.3548006379585327,0.172280701754386,0.23891547049441783,0.041004220041933506,0.9571840634064006,0.043422713654476267,0.9611729765028333,3,0,5,1,0.04,0.05,30,95,noisy,12,86
11,Bully,1.8124401913875599,0.5760446570972887,4.0,0.051515151515151514,0.22539074960127586,0.3506539074960128,0.18389154704944177,0.24006379585326953,0.0411113830552037,0.9568081423855269,0.03632144935218948,0.9582187395267916,3,0,5,1,0.04,0.05,30,95,noisy,12,86
0,Evolved HMM 5,2.8426900584795325,0.36625663776298983,12.0,0.9655172413793104,0.2752772736438798,0.09097936411911005,0.3428446595415743,0.2908987026954359,0.7985171075772682,0.3376890615152868,0.13681240209239806,0.16470470128578896,3,0,5,1,0.04,0.04,87,114,noisy,16,87
1,Evolved FSM 16,2.726315789473684,0.3520736707669557,11.0,0.9601532567049809,0.20362976406533576,0.14844390670161994,0.36460980036297647,0.28331652887006786,0.5116234505522306,0.41839378226111745,0.3200733916401425,0.2727884474485359,3,0,5,1,0.04,0.04,87,114,noisy,16,87
2,Grudger,2.705263157894737,0.12413793103448276,15.0,0.9547892720306513,0.09538885527996235,0.0287490757545204,0.3839819856153795,0.49188008335013783,0.6118064335021469,0.03697477363810273,0.05905747573167871,0.042238558862770836,3,0,5,1,0.04,0.04,87,114,noisy,16,87
3,"DoubleCrosser: (D, D)",2.7,0.4102440008066142,10.0,0.9540229885057471,0.33536331249579887,0.07488068831081535,0.2746723129663239,0.3150836862270619,0.8073087711415524,0.610312835271267,0.24559820542917926,0.06021032687694946,3,0,5,1,0.04,0.04,87,114,noisy,16,87
4,Tit For Tat,2.4064327485380117,0.5922430597566714,7.0,0.9593869731800766,0.3879209518047993,0.20432210795187203,0.20713853599516036,0.20061840424816832,0.9605325453437626,0.04058652607840918,0.9596704831330307,0.04873838570271547,3,0,5,1,0.04,0.04,87,114,noisy,16,87
5,Suspicious Tit For Tat,2.3222222222222224,0.5437521005579082,8.0,0.052873563218390804,0.3359144988909054,0.20783760166700274,0.2161591718760503,0.24008872756604155,0.9614110474675378,0.03957304915814401,0.9619091398632255,0.03982265038632625,3,0,5,1,0.04,0.04,87,114,noisy,16,87
6,Win-Stay Lose-Shift,2.3105263157894735,0.5098810244000807,7.0,0.960919540229885,0.2684412179874975,0.24143980641258317,0.2519526786314445,0.23816629696847477,0.9578796184493992,0.04207936229011861,0.04073875063795942,0.9611950063640899,3,0,5,1,0.04,0.04,87,114,noisy,16,87
7,GTFT: 0.33,2.2619883040935673,0.7244807420850978,2.0,0.9578544061302682,0.47470592189285477,0.24977482019224306,0.13928883511460644,0.13623042280029576,0.9597931627845405,0.34229878182315504,0.961751836901826,0.3488912555030046,3,0,5,1,0.04,0.04,87,114,noisy,16,87
8,Tit For 2 Tats,2.1871345029239766,0.8086509376890502,1.0,0.9578544061302682,0.5685622101230088,0.24008872756604158,0.0732943469785575,0.11805471533239228,0.960042719457664,0.7557179720033326,0.963150007301488,0.3197676504143255,3,0,5,1,0.04,0.04,87,114,noisy,16,87
9,Meta Mixer: 15 players,2.1742690058479535,0.47404718693284936,9.0,0.7586206896551724,0.23965853330644618,0.23438865362640318,0.23628419708274517,0.28966861598440546,0.5764969810740997,0.406785562367312,0.5518870358704223,0.39010767852847383,3,0,5,1,0.04,0.04,87,114,noisy,16,87
10,Alternator,2.123391812865497,0.502157693083283,6.0,0.967816091954023,0.20315923909390335,0.2989984539893796,0.25359951603145797,0.2442427908852591,0.03988356005141398,0.04104027817982681,0.9583997303452564,0.958859031770378,3,0,5,1,0.04,0.04,87,114,noisy,16,87
11,Cycler DC,2.1146198830409357,0.5007662835249043,6.0,0.03908045977011494,0.20057807353633123,0.300188209988573,0.2527391275122673,0.24649458896282853,0.11862210154500041,0.09151963470125951,0.9166776766315773,0.876095194196948,3,0,5,1,0.04,0.04,87,114,noisy,16,87
12,Random: 0.5,2.0894736842105264,0.49773475835181824,7.0,0.47662835249042146,0.2256704980842912,0.272064260267527,0.22763325939369494,0.2746319822544868,0.49698832822093597,0.5018385646778886,0.4970954132038396,0.4961587629729186,3,0,5,1,0.04,0.04,87,114,noisy,16,87
13,Win-Shift Lose-Stay: D,1.9883040935672514,0.5579955636216979,6.0,0.037547892720306515,0.21437117698460714,0.3436243866370908,0.22469583921489547,0.21730859716340664,0.038867570641643416,0.9580168964153002,0.9596724957978502,0.0398899533040833,3,0,5,1,0.04,0.04,87,114,noisy,16,87
14,Anti Tit For Tat,1.9426900584795321,0.5672178530617732,6.0,0.9662835249042145,0.21082207434294548,0.3563957787188277,0.2192377495462795,0.21354439739194733,0.039157835169369666,0.957693209729689,0.0381088072926897,0.9601024195605606,3,0,5,1,0.04,0.04,87,114,noisy,16,87
15,Cooperator,1.8204678362573101,0.9602540834845735,1.0,0.9708812260536398,0.5612085769980507,0.3990455064865228,0.023089332526719093,0.0166565839887074,0.9603160430430682,0.9617569812688881,0.9662943416094696,0.9666765576816004,3,0,5,1,0.04,0.04,87,114,noisy,16,87
0,Grudger,2.7011217948717947,0.14227207977207978,8.0,0.8854166666666666,0.07861467236467236,0.06365740740740741,0.39992877492877493,0.4577991452991453,0.36436712456480824,0.10155245705471161,0.10977175792968297,0.10311551059946075,3,0,5,1,0.1,0.01,36,78,noisy,9,88
1,Win-Stay Lose-Shift,2.488782051282051,0.48985042735042733,4.5,0.8923611111111112,0.2642004985754986,0.2256499287749288,0.2951834045584046,0.21496616809116809,0.894953269939279,0.09726191743884942,0.10317086031842697,0.9061011723273897,3,0,5,1,0.1,0.01,36,78,noisy,9,88
2,Alternator,2.3701923076923075,0.5041399572649573,4.0,0.8958333333333334,0.20949074074074073,0.29464921652421655,0.3141915954415955,0.1816684472934473,0.10537016680589614,0.10595849610969296,0.9018658384612841,0.9019473677677392,3,0,5,1,0.1,0.01,36,78,noisy,9,88
3,Cycler DC,2.345352564102564,0.49728454415954415,4.0,0.10416666666666667,0.21122685185185183,0.2860576923076923,0.3027510683760684,0.19996438746438747,0.22891722698295874,0.15462797913648646,0.8446373467435602,0.7548893323088248,3,0,5,1,0.1,0.01,36,78,noisy,9,88
4,Tit For Tat,2.322916666666667,0.5302706552706553,3.5,0.8958333333333334,0.28031517094017094,0.2499554843304843,0.2524928774928775,0.21723646723646725,0.9006964902466641,0.0950624759185568,0.8994328782519355,0.10202257491397879,3,0,5,1,0.1,0.01,36,78,noisy,9,88
5,Suspicious Tit For Tat,2.311698717948718,0.5221688034188035,4.0,0.1284722222222222,0.2770210113960114,0.24514779202279202,0.2524928774928775,0.22533831908831908,0.9064147653780878,0.10560882621272266,0.9009828313993733,0.10425412404026499,3,0,5,1,0.1,0.01,36,78,noisy,9,88
6,GTFT: 0.33,2.219551282051282,0.6727207977207977,1.0,0.9131944444444444,0.3802083333333333,0.2925124643874644,0.18629807692307693,0.14098112535612534,0.8962753715298397,0.3709317971987919,0.8950512329905247,0.3647306309325488,3,0,5,1,0.1,0.01,36,78,noisy,9,88
7,Win-Shift Lose-Stay: D,2.1915064102564106,0.5286235754985755,4.0,0.09027777777777778,0.23829237891737892,0.29033119658119655,0.2520922364672365,0.21928418803418803,0.10654797247761519,0.9008304560104676,0.889377245278832,0.10909698048887967,3,0,5,1,0.1,0.01,36,78,noisy,9,88
8,Cooperator,1.9439102564102564,0.8986378205128205,0.0,0.8784722222222222,0.5298254985754987,0.36881232193732194,0.061342592592592594,0.040019586894586893,0.9013394339573043,0.8977921684219703,0.8988945741951637,0.9093542849327017,3,0,5,1,0.1,0.01,36,78,noisy,9,88
0,Evolved HMM 5,2.7895480225988702,0.46829566854990584,11.0,0.9783333333333334,0.37387005649717514,0.09442561205273069,0.28348399246704337,0.24822033898305085,0.8610501961926528,0.3552245124442758,0.1400963710731437,0.1631655781782905,3,0,5,1,0.02,0.04,100,59,noisy,19,89
1,"DoubleCrosser: (D, D)",2.766949152542373,0.5238606403013183,10.0,0.9766666666666667,0.45683615819209034,0.06702448210922787,0.23019774011299438,0.2459416195856874,0.84531230953064,0.7451206823728526,0.27148873791084216,0.05150106405869522,3,0,5,1,0.02,0.04,100,59,noisy,19,89
2,Grudger,2.7052730696798495,0.2580885122410546,15.0,0.9772222222222222,0.23354990583804142,0.02453860640301318,0.3132580037664783,0.42865348399246705,0.746788164879101,0.020501170321442507,0.0683769258752385,0.02132052878666265,3,0,5,1,0.02,0.04,100,59,noisy,19,89
3,Evolved FSM 16,2.673728813559322,0.5152448210922788,11.0,0.9788888888888889,0.33708097928436914,0.17816384180790956,0.29230696798493405,0.1924482109227872,0.6488375657818749,0.44051475515864685,0.4346183824681175,0.390808571666559,3,0,5,1,0.02,0.04,100,59,noisy,19,89
4,Defector,2.5263653483992465,0.019463276836158193,17.0,0.018333333333333333,0.007071563088512242,0.01239171374764595,0.3819962335216573,0.5985404896421846,0.05706621549629549,0.022876186459438997,0.021118427022681928,0.017584094717005897,3,0,5,1,0.02,0.04,100,59,noisy,19,89
5,Meta Winner: 17 players,2.519774011299435,0.07171374764595104,16.0,0.9883333333333333,0.03987758945386064,0.031836158192090395,0.36651600753295666,0.5617702448210923,0.44536542220552605,0.26042160310388773,0.05989333330965569,0.0702687502165646,3,0,5,1,0.02,0.04,100,59,noisy,19,89
6,Tit For Tat,2.3686440677966103,0.6080414312617702,5.0,0.9838888888888889,0.4459792843691149,0.16206214689265536,0.15867231638418078,0.23328625235404898,0.9795569523448547,0.01929718250012465,0.9799928945871922,0.017816444919035675,3,0,5,1,0.02,0.04,100,59,noisy,19,89
7,Soft Joss: 0.9,2.3366290018832396,0.6543879472693032,3.0,0.9794444444444445,0.47580037664783437,0.17858757062146896,0.14065913370998118,0.2049529190207156,0.9816558217075454,0.11430954469374235,0.9788652714770075,0.11772040628558293,3,0,5,1,0.02,0.04,100,59,noisy,19,89
8,Suspicious Tit For Tat,2.2796610169491527,0.5358380414312618,9.0,0.02,0.36421845574387945,0.17161958568738225,0.18027306967984938,0.2838888888888889,0.9802305427253626,0.019484866184066262,0.9830255194477746,0.02138516587206402,3,0,5,1,0.02,0.04,100,59,noisy,19,89
9,GTFT: 0.33,2.256120527306968,0.7523163841807909,2.0,0.9827777777777778,0.5348775894538607,0.21743879472693034,0.10090395480225989,0.14677966101694917,0.9813235999074011,0.34476823513679894,0.9777316858364649,0.3401883582657351,3,0,5,1,0.02,0.04,100,59,noisy,19,89
10,Win-Stay Lose-Shift,2.2222222222222223,0.5752824858757062,6.5,0.9777777777777777,0.34273069679849344,0.2325517890772128,0.19727871939736347,0.22743879472693035,0.9816547350743371,0.020223125249565047,0.020384649027695483,0.9801150257420258,3,0,5,1,0.02,0.04,100,59,noisy,19,89
11,Tit For 2 Tats,2.2212806026365346,0.7787099811676083,1.0,0.975,0.589180790960452,0.1895291902071563,0.05735404896421844,0.16393596986817324,0.9802604325154568,0.7456775896193392,0.9820818270915628,0.30636235905638776,3,0,5,1,0.02,0.04,100,59,noisy,19,89
12,Meta Mixer: 17 players,2.083804143126177,0.4623446327683616,9.0,0.7322222222222222,0.2237193973634651,0.23862523540489644,0.2205367231638418,0.3171186440677966,0.5708987641209584,0.38324840384072417,0.5516199593629467,0.3892221153964242,3,0,5,1,0.02,0.04,100,59,noisy,19,89
13,Alternator,1.9934086629001884,0.5042467043314501,6.0,0.9761111111111112,0.1934180790960452,0.31082862523540494,0.22944444444444445,0.26630885122410547,0.019520775225245465,0.02021912687829461,0.9754208579036627,0.981239632231478,3,0,5,1,0.02,0.04,100,59,noisy,19,89
14,Random: 0.5,1.9665725047080977,0.5011770244821092,7.0,0.4872222222222222,0.21115819209039546,0.2900188323917138,0.20939736346516005,0.28942561205273065,0.4999559372804241,0.5033926558820426,0.49830248094259233,0.5033616180534806,3,0,5,1,0.02,0.04,100,59,noisy,19,89
15,Win-Shift Lose-Stay: D,1.8837099811676086,0.5687947269303202,7.0,0.016666666666666666,0.19870056497175143,0.37009416195856876,0.21219397363465162,0.21901129943502826,0.020991145513215608,0.9786500807163451,0.9772501434061961,0.020179642794206545,3,0,5,1,0.02,0.04,100,59,noisy,19,89
16,Bully,1.8465160075329565,0.5834463276836158,8.0,0.01888888888888889,0.1708568738229755,0.41258945386064033,0.23095103578154422,0.1856026365348399,0.018388674442062575,0.9786389202827331,0.019785924787947613,0.9820678747826724,3,0,5,1,0.02,0.04,100,59,noisy,19,89
17,Cooperator,1.7914312617702448,0.9800376647834275,1.0,0.98,0.5806967984934086,0.39934086629001886,0.01209039548022599,0.007871939736346516,0.9800345507923771,0.9809321570157267,0.9821042037087122,0.987784007475107,3,0,5,1,0.02,0.04,100,59,noisy,19,89
18,Anti Tit For Tat,1.7241054613935969,0.6187382297551789,6.0,0.9777777777777777,0.18043314500941618,0.43830508474576274,0.20245762711864407,0.17880414312617704,0.018679204747409518,0.9796296030429656,0.023342931088283725,0.9818703890356608,3,0,5,1,0.02,0.04,100,59,noisy,19,89
0,"DoubleCrosser: (D, D)",3.0749674054758804,0.4136281733882191,10.0,1.0,0.391039069481271,0.022589103906948124,0.32880183994257506,0.25756998666920583,0.9958496674255133,0.7746089397252187,0.00538627644720301,0.0,3,0,5,1,0.0,0.03,89,118,noisy,14,90
1,Meta Winner: 12 players,3.015645371577575,0.02566544101489826,11.0,1.0,0.014092553799276328,0.011572887215621932,0.49192827739771183,0.48240628158738996,0.5695359065435698,0.4685803510182927,0.01112715767035124,0.011844283040970445,3,0,5,1,0.0,0.03,89,118,noisy,14,90
2,Evolved FSM 16,2.9713168187744454,0.4782385772673337,6.0,1.0,0.3429822890877929,0.13525628817954088,0.3549726791966365,0.16678874353602977,0.8953215520039716,0.5232078699779145,0.1922612329970034,0.38645163338957544,3,0,5,1,0.0,0.03,89,118,noisy,14,90
3,Defector,2.7366362451108213,0.0,11.0,0.0,0.0,0.0,0.4340052444223078,0.5659947555776923,0.0,0.0,0.0,0.0,3,0,5,1,0.0,0.03,89,118,noisy,14,90
4,Tit For Tat,2.3428943937418514,0.5884520164657281,0.0,1.0,0.4053953093183716,0.18305670714735653,0.17854474605569637,0.23300323747857551,1.0,0.0,1.0,0.0,3,0,5,1,0.0,0.03,89,118,noisy,14,90
5,Win-Stay Lose-Shift,2.2451108213820077,0.6309787146770578,2.0,1.0,0.41573033707865165,0.21524837759840618,0.15749381070272328,0.21152747462021887,1.0,0.0,0.0,1.0,3,0,5,1,0.0,0.03,89,118,noisy,14,90
6,Suspicious Tit For Tat,2.129074315514994,0.4528001992294508,7.0,0.0,0.2486193106075033,0.20418088862194747,0.20870017432576943,0.33849962644477977,1.0,0.0,1.0,0.0,3,0,5,1,0.0,0.03,89,118,noisy,14,90
7,Meta Mixer: 12 players,1.9569752281616688,0.4559644316833424,7.0,0.5367329299913569,0.19070360224426117,0.2652608294390812,0.2119596267377642,0.33207594157889336,0.47394182987134764,0.4363346976675215,0.48030600281101155,0.4465952553331031,3,0,5,1,0.0,0.03,89,118,noisy,14,90
8,Bully,1.9452411994784877,0.5730630063138157,4.0,0.0,0.1659390885252626,0.40712391778855306,0.2556948859557886,0.17124210773039567,0.0,1.0,0.0,1.0,3,0,5,1,0.0,0.03,89,118,noisy,14,90
9,Random: 0.5,1.8728813559322033,0.5006006181972664,4.0,0.4969749351771824,0.19791834522362042,0.3026822729736461,0.1965266689128811,0.30287271288985246,0.5027406442873015,0.49908476861965667,0.4936538204317272,0.5012171857353576,3,0,5,1,0.0,0.03,89,118,noisy,14,90
10,Cycler DC,1.8585397653194264,0.5,3.0,0.0,0.19485665733999386,0.30514334266000614,0.19328186572520983,0.30671813427479017,0.0,0.0,1.0,1.0,3,0,5,1,0.0,0.03,89,118,noisy,14,90
11,Win-Shift Lose-Stay: D,1.6694915254237288,0.5488771369555983,6.0,0.0,0.17168890907226458,0.3771882278833336,0.1768820590949709,0.2742408039494309,0.0,1.0,1.0,0.0,3,0,5,1,0.0,0.03,89,118,noisy,14,90
12,Cooperator,1.6447196870925684,1.0,0.0,1.0,0.5485255555718326,0.45147444442816753,0.0,0.0,1.0,1.0,0.0,0.0,3,0,5,1,0.0,0.03,89,118,noisy,14,90
13,Anti Tit For Tat,1.5645371577574967,0.6559409929244246,4.0,1.0,0.17003354672370097,0.4859074462007236,0.17789285557329743,0.16616615150227793,0.0,1.0,0.0,1.0,3,0,5,1,0.0,0.03,89,118,noisy,14,90
0,Defector,2.5740740740740744,0.0787952787952788,17.0,0.07692307692307693,0.033719983719983714,0.045075295075295056,0.38693528693528695,0.5342694342694342,0.07508843764511933,0.06356427948247301,0.08140604288891559,0.07957598662413103,3,0,5,1,0.08,0.01,91,30,noisy,19,91
1,Grudger,2.5611111111111113,0.22258852258852257,16.0,0.9255189255189256,0.15368335368335367,0.0689051689051689,0.3308506308506308,0.44656084656084655,0.6394675080158597,0.09061357539568998,0.12359580499200483,0.07749913788252409,3,0,5,1,0.08,0.01,91,30,noisy,19,91
2,Evolved HMM 5,2.559259259259259,0.3999185999185999,12.0,0.9126984126984127,0.2546805046805047,0.14523809523809525,0.29609279609279615,0.30398860398860394,0.7669293599986744,0.35840337115983123,0.18864854417521215,0.21132202702697547,3,0,5,1,0.08,0.01,91,30,noisy,19,91
3,"DoubleCrosser: (D, D)",2.5166666666666666,0.4896214896214896,10.0,0.9108669108669109,0.35317460317460314,0.13644688644688646,0.23567358567358568,0.2747049247049247,0.7981541788240869,0.6353902365122116,0.2964698942207879,0.1324638578965494,3,0,5,1,0.08,0.01,91,30,noisy,19,91
4,Meta Winner: 17 players,2.5055555555555555,0.16762311762311763,16.0,0.9053724053724054,0.08658933658933658,0.08103378103378102,0.3533984533984534,0.47897842897842907,0.3748583167473248,0.28373629029081093,0.11496638070992497,0.12646487230379966,3,0,5,1,0.08,0.01,91,30,noisy,19,91
5,Evolved FSM 16,2.4629629629629632,0.4567969067969068,11.0,0.9163614163614163,0.25679690679690675,0.19999999999999998,0.2858974358974359,0.25730565730565735,0.5795435527065491,0.40466508627836517,0.37908176195185306,0.36206663426474267,3,0,5,1,0.08,0.01,91,30,noisy,19,91
6,Tit For Tat,2.262962962962963,0.5432641432641433,6.0,0.9102564102564102,0.3396418396418396,0.2036223036223036,0.1945665445665446,0.26216931216931216,0.9187835607999533,0.07798757685017003,0.9187076337603372,0.07728624912199483,3,0,5,1,0.08,0.01,91,30,noisy,19,91
7,Suspicious Tit For Tat,2.246296296296296,0.49586894586894587,9.0,0.08485958485958486,0.297985347985348,0.19788359788359788,0.21221001221001223,0.29192104192104185,0.9202121734753077,0.0828063269750545,0.9209602254084454,0.08183669119601177,3,0,5,1,0.08,0.01,91,30,noisy,19,91
8,Soft Joss: 0.9,2.2222222222222223,0.5889295889295889,4.0,0.9084249084249084,0.36695156695156694,0.22197802197802202,0.17643467643467647,0.2346357346357347,0.9199526324970169,0.16854916147052246,0.9253547323008843,0.1616713784188889,3,0,5,1,0.08,0.01,91,30,noisy,19,91
9,Win-Stay Lose-Shift,2.161111111111111,0.532030932030932,7.0,0.9212454212454212,0.2738298738298738,0.2582010582010582,0.22132682132682133,0.24664224664224665,0.9208524205446343,0.08321938557175343,0.08054653844318758,0.9148029731338414,3,0,5,1,0.08,0.01,91,30,noisy,19,91
10,Meta Mixer: 17 players,2.151851851851852,0.4770655270655271,9.0,0.6343101343101343,0.23581603581603583,0.24124949124949124,0.2305453805453805,0.2923890923890924,0.5613574121643479,0.40682521773462144,0.5389421024605607,0.40928934604036094,3,0,5,1,0.08,0.01,91,30,noisy,19,91
11,GTFT: 0.33,2.135185185185185,0.6843711843711844,2.0,0.9334554334554335,0.4201872201872201,0.2641839641839641,0.14076109076109078,0.17486772486772487,0.9196306445464012,0.3624197599243735,0.9201994483315653,0.35462037062378987,3,0,5,1,0.08,0.01,91,30,noisy,19,91
12,Tit For 2 Tats,2.101851851851852,0.7240944240944241,1.0,0.9139194139194139,0.47382987382987385,0.25026455026455025,0.10026455026455025,0.17564102564102563,0.9154774409917388,0.6683246630607564,0.9201849939082258,0.29056604617219944,3,0,5,1,0.08,0.01,91,30,noisy,19,91
13,Random: 0.5,2.085185185185185,0.49588929588929587,7.0,0.4835164835164835,0.22273097273097273,0.27315832315832317,0.2258038258038258,0.27830687830687834,0.4978048012100255,0.4985845893590927,0.4938277945370161,0.4860792996018829,3,0,5,1,0.08,0.01,91,30,noisy,19,91
14,Cycler DC,2.0611111111111113,0.5027065527065527,7.0,0.09096459096459096,0.2095645095645096,0.2931420431420431,0.23591778591778587,0.26137566137566143,0.1869244882062629,0.16563496303825573,0.8567945796125169,0.8235213726562185,3,0,5,1,0.08,0.01,91,30,noisy,19,91
15,Win-Shift Lose-Stay: D,2.0277777777777777,0.5232600732600733,7.0,0.07509157509157509,0.20679690679690682,0.31646316646316647,0.22997557997557994,0.24676434676434678,0.08078543693982218,0.9203278266830828,0.9154396330002227,0.08054565987531531,3,0,5,1,0.08,0.01,91,30,noisy,19,91
16,Bully,1.9462962962962962,0.5465201465201465,8.0,0.07753357753357754,0.18929588929588934,0.3572242572242572,0.2335368335368335,0.21994301994301993,0.07633937496592486,0.9131935917133985,0.08241409078956509,0.9205497761944694,3,0,5,1,0.08,0.01,91,30,noisy,19,91
17,Anti Tit For Tat,1.8851851851851853,0.5782051282051283,7.0,0.9108669108669109,0.20478225478225479,0.37342287342287345,0.21516076516076518,0.20663410663410664,0.07952306199135058,0.9130400383361952,0.0839689423384459,0.920911227470994,3,0,5,1,0.08,0.01,91,30,noisy,19,91
18,Cooperator,1.738888888888889,0.9191086691086691,1.0,0.9212454212454212,0.49739519739519733,0.4217134717134717,0.04385429385429384,0.037037037037037035,0.9176139212846007,0.9203482454152129,0.9157083231142022,0.9306442600590898,3,0,5,1,0.08,0.01,91,30,noisy,19,91
0,Defector,2.632924335378323,0.06997421534631457,12.0,0.06974637681159421,0.030174713256868494,0.039799502089446076,0.4031352805192496,0.5268905041344359,0.06938798158075983,0.06664910798461125,0.07065023684005343,0.07043133382004675,3,0,5,1,0.07,0.09,92,163,noisy,13,92
1,Meta Winner: 11 players,2.6142638036809815,0.0856895172045879,11.0,0.9375,0.03972726060282742,0.045962256601760475,0.39531652885213836,0.5189939539432737,0.1709812272667228,0.1692792991170459,0.07196907993689572,0.07451276507939769,3,0,5,1,0.07,0.09,92,163,noisy,13,92
2,Tit For Tat,2.2321063394683027,0.5035231617320174,5.5,0.9293478260869565,0.2703943273761892,0.2331288343558282,0.23074486529741267,0.2657319729705699,0.9289386599902238,0.06983397200040316,0.9293862299808198,0.06994176426202812,3,0,5,1,0.07,0.09,92,163,noisy,13,92
3,Alternator,2.1952965235173822,0.5018893927269494,6.0,0.927536231884058,0.23150062238819244,0.27038877033875697,0.2498721881390594,0.24823841913399128,0.07078811096664075,0.0722954505859132,0.9284422489248931,0.9272797475289355,3,0,5,1,0.07,0.09,92,163,noisy,13,92
4,Cycler DC,2.1873721881390593,0.49714923979727926,7.0,0.057065217391304345,0.22957233039921757,0.26757690939806167,0.24891637770072017,0.2539343825020005,0.15702850736656507,0.15522976980413247,0.8431798733780829,0.82486317715271,3,0,5,1,0.07,0.09,92,163,noisy,13,92
5,Soft Joss: 0.9,2.1674335378323106,0.5454954654574553,2.0,0.9211956521739131,0.29130545923357337,0.25419000622388194,0.20958366675557927,0.24492086778696542,0.9293674755205932,0.1573459008425459,0.9284015988743329,0.1570343301245596,3,0,5,1,0.07,0.09,92,163,noisy,13,92
6,Meta Mixer: 11 players,2.1395705521472395,0.49321485729527875,6.0,0.6730072463768116,0.23372899439850628,0.2594858628967725,0.23305103583177736,0.2737341068729439,0.5389826215409066,0.4596351296006516,0.5327735592138908,0.45545487685806435,3,0,5,1,0.07,0.09,92,163,noisy,13,92
7,Random: 0.5,2.1134969325153374,0.5005779318929492,6.0,0.5226449275362319,0.23204521205654838,0.2685327198364008,0.2298724104205566,0.2695496576864942,0.5001264361404852,0.49932670747181856,0.5012740937306447,0.4999614471706162,3,0,5,1,0.07,0.09,92,163,noisy,13,92
8,Win-Stay Lose-Shift,2.1045501022494886,0.5187883435582822,6.0,0.9284420289855072,0.25433448919711926,0.2644538543611629,0.2156852938561394,0.2655263625855784,0.9312760375331246,0.06873238565823135,0.06729244006276962,0.9286083608707555,3,0,5,1,0.07,0.09,92,163,noisy,13,92
9,GTFT: 0.33,2.0350204498977504,0.6479394505201387,1.0,0.9320652173913043,0.34729261136303013,0.3006468391571086,0.15917578020805548,0.19288476927180578,0.9288820774613774,0.35244653822270716,0.9286748259665671,0.3584419264507684,3,0,5,1,0.07,0.09,92,163,noisy,13,92
10,Bully,2.0270961145194275,0.538571396816929,7.0,0.07336956521739131,0.24230350315639726,0.2962678936605317,0.21012825642393532,0.25130034675913576,0.07039457270191044,0.9309419438916637,0.07377704970640069,0.9304182869029712,3,0,5,1,0.07,0.09,92,163,noisy,13,92
11,Anti Tit For Tat,1.984918200408998,0.5497688272428203,6.0,0.9284420289855072,0.24667133457810972,0.3030974926647106,0.19820285409442517,0.2520283186627545,0.07082878636697336,0.9292147679659468,0.06622162902136779,0.9301394339088885,3,0,5,1,0.07,0.09,92,163,noisy,13,92
12,Tit For 2 Tats,1.9419734151329244,0.6875333422245933,0.0,0.9347826086956522,0.4000955810438339,0.2874377611807593,0.10728416466613319,0.20518249310927358,0.9285218766438179,0.6532237123764505,0.9295106232150584,0.3188107730470114,3,0,5,1,0.07,0.09,92,163,noisy,13,92
0,Evolved HMM 5,2.8535885167464117,0.3889670700816212,8.0,0.9625668449197861,0.2977202364199268,0.09124683366169432,0.33926259499014916,0.2717703349282296,0.8100564663751052,0.3633437995064887,0.12969493119360384,0.17549538558803757,3,0,5,1,0.03,0.05,17,95,noisy,12,93
1,Grudger,2.748325358851675,0.17376864621446664,11.0,0.9679144385026738,0.14855052068674363,0.025218125527723047,0.3694342808893892,0.45679707289614413,0.711526669977609,0.044708243627133507,0.0613240431477422,0.03511804550524605,3,0,5,1,0.03,0.05,17,95,noisy,12,93
2,Evolved FSM 16,2.6411483253588517,0.4358570222347312,7.0,1.0,0.2512806079369547,0.18457641429777655,0.3324514494793132,0.23169152828595552,0.5971815771145421,0.45438564684142496,0.3561961563039089,0.338228134282429,3,0,5,1,0.03,0.05,17,95,noisy,12,93
3,Meta Winner: 11 players,2.5444976076555026,0.10244863495637489,10.0,0.9786096256684492,0.04919786096256685,0.05325077399380806,0.3765268786940613,0.5210244863495638,0.2698343245441834,0.5382781558467862,0.04746911997872145,0.13876713058746185,3,0,5,1,0.03,0.05,17,95,noisy,12,93
4,Tit For Tat,2.367464114832536,0.5963411201801294,4.0,0.946524064171123,0.42797635800731776,0.1683647621728117,0.1670700816211652,0.23658879819870532,0.971231198870684,0.0346276966872984,0.9688278280671988,0.07269108848246528,3,0,5,1,0.03,0.05,17,95,noisy,12,93
5,Soft Joss: 0.9,2.305263157894737,0.6333802420489727,3.0,0.9732620320855615,0.44745285674078233,0.18592738530819028,0.15232198142414863,0.21429777652687865,0.967750581337005,0.11859608804073941,0.9711778294800393,0.15791976336444452,3,0,5,1,0.03,0.05,17,95,noisy,12,93
6,Win-Stay Lose-Shift,2.2966507177033493,0.5242893329580636,6.0,0.9572192513368984,0.28426681677455673,0.24002251618350687,0.23957219251336898,0.23613847452856743,0.9713479997071833,0.02730103958666761,0.03840570850180565,0.9652196119861155,3,0,5,1,0.03,0.05,17,95,noisy,12,93
7,Tit For 2 Tats,2.164593301435407,0.7738249366732339,0.0,0.9572192513368984,0.5631297495074585,0.21069518716577543,0.061694342808893896,0.16448072051787224,0.9731176826026676,0.7280336180487122,0.9788297606081396,0.4223620904518288,3,0,5,1,0.03,0.05,17,95,noisy,12,93
8,Alternator,2.0277511961722485,0.5026737967914439,4.0,0.9732620320855615,0.20005629045876727,0.3026175063326766,0.23287362792006758,0.26445257528848864,0.03440000043582934,0.03309934319090207,0.9714318934302123,0.9630015581246153,3,0,5,1,0.03,0.05,17,95,noisy,12,93
9,Win-Shift Lose-Stay: D,1.889952153110048,0.578553335209682,5.0,0.0374331550802139,0.20118209963411204,0.37737123557556995,0.21322825781030114,0.20821840698001687,0.033783240432073376,0.9640860667152268,0.9614351601189298,0.02988307015423879,3,0,5,1,0.03,0.05,17,95,noisy,12,93
10,Bully,1.8315789473684212,0.5936954686180692,5.0,0.0213903743315508,0.17095412327610474,0.42274134534196456,0.22291021671826627,0.18339431466366451,0.03868040313133348,0.9721680993688597,0.03264205280248271,0.9675358334577087,3,0,5,1,0.03,0.05,17,95,noisy,12,93
11,Cooperator,1.629665071770335,0.9697157331832255,0.0,0.9732620320855615,0.5079088094567971,0.4618069237264283,0.01649310441880101,0.013791162397973542,0.9702783107369982,0.9647817640190823,0.9621798099405051,0.9853554412044979,3,0,5,1,0.03,0.05,17,95,noisy,12,93
0,Grudger,2.671875,0.4280711206896552,9.0,0.9676724137931034,0.3700161637931035,0.05805495689655173,0.24434267241379315,0.3275862068965517,0.9530437964530201,0.050130754690812386,0.1393896203246824,0.028317973905593905,3,0,5,1,0.03,0.05,29,16,noisy,17,94
1,Evolved HMM 5,2.60546875,0.5724676724137931,7.0,0.978448275862069,0.45096982758620696,0.12149784482758622,0.20420258620689655,0.22332974137931033,0.8939351515706979,0.3582428587612818,0.18231740193735133,0.1533303077825757,3,0,5,1,0.03,0.05,29,16,noisy,17,94
2,"DoubleCrosser: (D, D)",2.57421875,0.6610991379310345,8.0,0.9849137931034483,0.5208782327586207,0.14022090517241378,0.16877693965517238,0.17012392241379312,0.889465951453974,0.7874732575307584,0.20232949530302083,0.0902889070345532,3,0,5,1,0.03,0.05,29,16,noisy,17,94
3,Evolved FSM 16,2.54296875,0.6107219827586207,7.0,0.9741379310344828,0.4342672413793103,0.1764547413793103,0.20905172413793097,0.1802262931034483,0.726860054113976,0.3591818840727633,0.5550372944158859,0.3762639077086387,3,0,5,1,0.03,0.05,29,16,noisy,17,94
4,Defector,2.50390625,0.029498922413793104,15.0,0.034482758620689655,0.011988146551724138,0.017510775862068964,0.376885775862069,0.593615301724138,0.14972527472527472,0.1,0.030525347607020137,0.02645896182109634,3,0,5,1,0.03,0.05,29,16,noisy,17,94
5,Meta Winner: 15 players,2.49609375,0.2156519396551724,13.0,0.9827586206896551,0.13160021551724138,0.08405172413793104,0.3239493534482759,0.46039870689655177,0.4480910502631118,0.36718452190534184,0.10680481336198494,0.15348109418224232,3,0,5,1,0.03,0.05,29,16,noisy,17,94
6,Tit For Tat,2.38671875,0.6470905172413793,2.0,0.959051724137931,0.46955818965517243,0.17753232758620688,0.15409482758620693,0.1988146551724138,0.9778170658244103,0.03893641784016843,0.9805505143005143,0.03611160055357636,3,0,5,1,0.03,0.05,29,16,noisy,17,94
7,Suspicious Tit For Tat,2.328125,0.5068696120689655,8.0,0.01939655172413793,0.32354525862068967,0.18332435344827586,0.2130926724137931,0.2800377155172414,0.9813170091899972,0.033316242060540784,0.9733175388834366,0.036318528076407564,3,0,5,1,0.03,0.05,29,16,noisy,17,94
8,Win-Stay Lose-Shift,2.3203125,0.6225754310344828,4.0,0.9741379310344828,0.4078663793103448,0.21470905172413796,0.18170797413793108,0.19571659482758624,0.9622267960302407,0.045744297878416496,0.037777244569818784,0.9397532130480031,3,0,5,1,0.03,0.05,29,16,noisy,17,94
9,GTFT: 0.33,2.30859375,0.7726293103448276,1.0,0.9719827586206896,0.5521282327586207,0.22050107758620688,0.10223599137931035,0.12513469827586207,0.9742738860787793,0.359739935195509,0.9751433172533771,0.337004511447049,3,0,5,1,0.03,0.05,29,16,noisy,17,94
10,Tit For 2 Tats,2.23046875,0.8161368534482759,0.0,0.9655172413793104,0.6124730603448275,0.20366379310344826,0.05468749999999999,0.12917564655172414,0.9711149489706261,0.7592611908222954,0.9465691366998141,0.3693634187029587,3,0,5,1,0.03,0.05,29,16,noisy,17,94
11,Meta Mixer: 15 players,2.23046875,0.5181842672413793,7.0,0.6982758620689655,0.29498922413793105,0.22319504310344826,0.216729525862069,0.2650862068965517,0.6314172935024462,0.37765575359869963,0.6066056819336874,0.3593100639696915,3,0,5,1,0.03,0.05,29,16,noisy,17,94
12,Alternator,2.15234375,0.5088900862068966,5.0,0.9676724137931034,0.22103987068965514,0.2878502155172414,0.2512122844827586,0.23989762931034483,0.03655865833059824,0.030764609092715767,0.9690689028207612,0.9631297587215727,3,0,5,1,0.03,0.05,29,16,noisy,17,94
13,Random: 0.5,2.10546875,0.51171875,6.0,0.5064655172413793,0.24151400862068964,0.27020474137931033,0.2235991379310345,0.2646821120689655,0.5096844216306825,0.4966370786093707,0.511027673469288,0.5223801707224559,3,0,5,1,0.03,0.05,29,16,noisy,17,94
14,Win-Shift Lose-Stay: D,2.0546875,0.5360991379310345,6.0,0.032327586206896554,0.1978717672413793,0.33822737068965525,0.2370689655172414,0.22683189655172414,0.08251941286223853,0.9649596869131587,0.9710429669952676,0.037344954923183495,3,0,5,1,0.03,0.05,29,16,noisy,17,94
15,Cooperator,2.0078125,0.9742726293103449,0.0,0.978448275862069,0.6351023706896552,0.3391702586206896,0.016567887931034482,0.009159482758620689,0.9753359842646036,0.9726479511730768,0.9842592592592593,0.9490740740740741,3,0,5,1,0.03,0.05,29,16,noisy,17,94
16,Bully,1.953125,0.5404094827586207,7.0,0.02586206896551724,0.16271551724137928,0.3776939655172414,0.2556573275862069,0.2039331896551724,0.030200265021016904,0.9706908070056474,0.037618530617047896,0.9687815510095812,3,0,5,1,0.03,0.05,29,16,noisy,17,94
0,Defector,2.9761904761904763,0.038413621262458474,12.0,0.041666666666666664,0.018272425249169437,0.020141196013289037,0.4910022148394242,0.47058416389811736,0.06884011109729303,0.04308613967150552,0.03791444361231224,0.04027143770235418,3,0,5,1,0.04,0.03,86,14,noisy,13,95
1,Grudger,2.7886904761904763,0.3899501661129568,8.0,0.9593023255813954,0.32371262458471756,0.0662375415282392,0.30274086378737536,0.3073089700996678,0.7715234521219889,0.03739120509240742,0.11727497482792937,0.038406551507220006,3,0,5,1,0.04,0.03,86,14,noisy,13,95
2,Meta Winner: 11 players,2.738095238095238,0.22819767441860464,10.0,0.9563953488372093,0.1321982281284607,0.09599944629014397,0.389188815060908,0.3826135105204873,0.42402389324116063,0.43389174571721006,0.07169789747146503,0.18997803677910674,3,0,5,1,0.04,0.03,86,14,noisy,13,95
3,Evolved HMM 5,2.613095238095238,0.490656146179402,6.5,0.9612403100775194,0.3520902547065337,0.1385658914728682,0.26432724252491696,0.24501661129568106,0.8302700876086041,0.33261497097535386,0.16925613282524388,0.1438719128473399,3,0,5,1,0.04,0.03,86,14,noisy,13,95
4,Bully,2.1875,0.49757751937984496,6.0,0.029069767441860465,0.15995293466223698,0.337624584717608,0.29997231450719825,0.20245016611295677,0.039573203718249794,0.9590553823673972,0.03523284447045979,0.9617349962957649,3,0,5,1,0.04,0.03,86,14,noisy,13,95
5,Random: 0.5,2.1815476190476195,0.4959856035437431,6.0,0.49127906976744184,0.23920265780730895,0.2567829457364342,0.23823366555924697,0.26578073089701,0.4869740986009526,0.47826593713468296,0.4995207207923668,0.510195503280603,3,0,5,1,0.04,0.03,86,14,noisy,13,95
6,Meta Mixer: 11 players,2.1815476190476186,0.5154346622369879,5.5,0.6531007751937985,0.2654346622369878,0.24999999999999997,0.2223837209302326,0.2621816168327796,0.5076320571439882,0.4854391346332046,0.4963938206233915,0.514783242480299,3,0,5,1,0.04,0.03,86,14,noisy,13,95
7,Cycler DC,2.136904761904762,0.5001384274640088,5.0,0.03972868217054264,0.2546373200442968,0.245501107419712,0.21850775193798447,0.2813538205980066,0.09604873127440805,0.12869650955357032,0.905917618792427,0.9048699801495342,3,0,5,1,0.04,0.03,86,14,noisy,13,95
8,Win-Stay Lose-Shift,2.1011904761904763,0.6396733111849391,3.0,0.9583333333333334,0.40164728682170536,0.23802602436323364,0.14306478405315612,0.21726190476190474,0.9643418246692338,0.047550446305109385,0.04431014288407836,0.9622471530787319,3,0,5,1,0.04,0.03,86,14,noisy,13,95
9,GTFT: 0.33,2.092261904761905,0.7135243632336655,1.0,0.9699612403100775,0.4559800664451827,0.25754429678848284,0.1091500553709856,0.17732558139534882,0.9616419233549088,0.3368017568250215,0.9643795836989013,0.37265197522441523,3,0,5,1,0.04,0.03,86,14,noisy,13,95
10,Tit For 2 Tats,2.0386904761904763,0.737749169435216,0.0,0.9612403100775194,0.48151993355481726,0.25622923588039864,0.08250276854928015,0.17974806201550386,0.9561163482403972,0.6675682719749055,0.9479006860150188,0.15143630652857185,3,0,5,1,0.04,0.03,86,14,noisy,13,95
11,Anti Tit For Tat,1.9523809523809523,0.5868632336655593,5.0,0.9680232558139535,0.20037375415282394,0.3864894795127354,0.2356035437430786,0.17753322259136217,0.042698332800143596,0.9566937196775215,0.036694617189815,0.9614312898204256,3,0,5,1,0.04,0.03,86,14,noisy,13,95
12,Cooperator,1.6130952380952381,0.9634551495016611,0.0,0.9631782945736435,0.49557032115171656,0.4678848283499446,0.020348837209302327,0.016196013289036543,0.9659543320991758,0.9650586526550912,0.9613328546188122,0.9510936016144349,3,0,5,1,0.04,0.03,86,14,noisy,13,95
0,"DoubleCrosser: (D, D)",2.5426975259377493,0.23806520265341674,12.0,0.9047619047619048,0.15362270336139502,0.08444249929202173,0.3301624488324795,0.4317723485141038,0.5962925092288291,0.37836369246822016,0.17609446640768095,0.0971406280300663,3,0,5,1,0.09,0.03,93,179,noisy,15,96
1,Grudger,2.530327214684757,0.11153017703747566,14.0,0.9039938556067588,0.05532957461232827,0.056200602425147385,0.3679041268697062,0.5205656960928181,0.3634187596152865,0.09105664212076818,0.0982149536550321,0.0892282523561249,3,0,5,1,0.09,0.03,93,179,noisy,15,96
2,Evolved HMM 5,2.5135674381484434,0.3277510319319654,11.0,0.9109062980030722,0.18899587227213827,0.13875515965982715,0.31895064747831015,0.3532983205897245,0.6775616970785295,0.35139486117008134,0.16636819479162915,0.22178190970860343,3,0,5,1,0.09,0.03,93,179,noisy,15,96
3,Meta Winner: 13 players,2.46927374301676,0.12541084193634203,12.0,0.9224270353302612,0.053536029657853416,0.07187481227848862,0.359193848741515,0.515395309322143,0.24013065377860812,0.2648079163488981,0.10905917747778589,0.10493334092368399,3,0,5,1,0.09,0.03,93,179,noisy,15,96
4,Suspicious Tit For Tat,2.140462889066241,0.47259051394931734,6.0,0.0837173579109063,0.25923589836006483,0.21335461558925245,0.20975894412549667,0.3176505419251859,0.908410238744022,0.08961830536138424,0.9098605591034162,0.08895079009603654,3,0,5,1,0.09,0.03,93,179,noisy,15,96
5,Soft Joss: 0.9,2.106145251396648,0.537497103725253,3.0,0.9139784946236559,0.3001656240077577,0.2373314797174952,0.19082374344583752,0.2716791528289096,0.9116022288623694,0.17453665169848137,0.9088952797166555,0.17279813601361335,3,0,5,1,0.09,0.03,93,179,noisy,15,96
6,Win-Stay Lose-Shift,2.0965682362330407,0.49753709377064936,7.0,0.9132104454685099,0.22674184108676812,0.2707952526838813,0.23354701404800524,0.26891589218134543,0.9084822067381326,0.08965021050206798,0.0873396167953514,0.9083932798695654,3,0,5,1,0.09,0.03,93,179,noisy,15,96
7,Meta Mixer: 13 players,2.0670391061452515,0.4487080469239417,9.0,0.6397849462365591,0.20074831157909193,0.24795973534484972,0.22890439289790523,0.32238756017815307,0.5031858309120097,0.4206452151523978,0.49375723727105697,0.4166111889366703,3,0,5,1,0.09,0.03,93,179,noisy,15,96
8,Tit For 2 Tats,2.002394253790902,0.6734246410764703,0.0,0.9039938556067588,0.39949712088836253,0.2739275201881077,0.1154562383612663,0.21111912056226345,0.9109914611911467,0.6216015794275034,0.908384480677484,0.2665444088655143,3,0,5,1,0.09,0.03,93,179,noisy,15,96
9,Cycler DC,2.0003990422984836,0.49730110101348163,6.0,0.08678955453149001,0.20653227951840317,0.2907688214950785,0.21975216469719983,0.28294673428931855,0.18059774017183972,0.17967475599490074,0.8206598170500338,0.8046883627089086,3,0,5,1,0.09,0.03,93,179,noisy,15,96
10,Random: 0.5,1.9896249002394253,0.5005835457268147,6.0,0.49923195084485406,0.21374078555552697,0.2868427601712878,0.2130671335032481,0.28634932076993713,0.5016112724854689,0.49977797273524194,0.4987165292485436,0.5011499510601672,3,0,5,1,0.09,0.03,93,179,noisy,15,96
11,GTFT: 0.33,1.9888268156424582,0.6370817564726378,1.0,0.9231950844854071,0.3443263050399471,0.2927554514326906,0.15281174643221856,0.2101064970951437,0.9103644576828508,0.36303382356521724,0.9116393734289711,0.3661518312500563,3,0,5,1,0.09,0.03,93,179,noisy,15,96
12,Win-Shift Lose-Stay: D,1.9070231444533121,0.5343777085532356,5.0,0.08141321044546851,0.20088132567858644,0.3334963828746492,0.21001209999227657,0.25561019145448777,0.08982356781114638,0.9122507111112066,0.9100301757126406,0.09145275047839492,3,0,5,1,0.09,0.03,93,179,noisy,15,96
13,Anti Tit For Tat,1.8268156424581006,0.5810914021402398,6.0,0.9009216589861752,0.21066429815754015,0.37042710398269957,0.19269452239356727,0.22621407546619296,0.09011708734477353,0.9108467352069113,0.08909414113811222,0.9110313534870531,3,0,5,1,0.09,0.03,93,179,noisy,15,96
14,Bully,1.8212290502793296,0.5768564048434295,6.0,0.0967741935483871,0.20760926464656862,0.36924714019686083,0.19514026551330568,0.2280033296432648,0.0882887913741353,0.9103526630868413,0.0890428261664399,0.9102729745263992,3,0,5,1,0.09,0.03,93,179,noisy,15,96
0,"DoubleCrosser: (D, D)",3.0474598930481283,0.550982800982801,14.0,1.0,0.5284000578118226,0.022582743170978466,0.25299898829310596,0.19601821072409306,0.9930141358869127,0.7754237288135593,0.007534246575342466,0.0,3,0,5,1,0.0,0.03,37,88,noisy,18,97
1,Evolved HMM 5,3.0334224598930484,0.5874584477525654,6.0,1.0,0.5383364648070531,0.04912198294551236,0.2515536927301633,0.1609878595172713,0.9973144975173088,0.48044708810386727,0.02050473186119874,0.1931269355526645,3,0,5,1,0.0,0.03,37,88,noisy,18,97
2,Evolved FSM 16,2.985294117647059,0.6006287035698801,6.0,1.0,0.4983198439080792,0.10230885966180082,0.27260080936551523,0.1267704870646047,0.914918414918415,0.5454225810107379,0.1934277460079499,0.3691167286374354,3,0,5,1,0.0,0.03,37,88,noisy,18,97
3,Grudger,2.985294117647059,0.47927807486631013,6.0,1.0,0.4725935828877005,0.0066844919786096255,0.26158043069807774,0.2591414944356121,1.0,0.0,0.0,0.0,3,0,5,1,0.0,0.03,37,88,noisy,18,97
4,Tit For Tat,2.5207219251336896,0.6902550946668594,0.0,1.0,0.5350484174013586,0.1552066772655008,0.15141277641277642,0.15833212892036422,1.0,0.0,1.0,0.0,3,0,5,1,0.0,0.03,37,88,noisy,18,97
5,Meta Winner: 17 players,2.5060160427807485,0.03524714554126319,14.0,1.0,0.02054126318832201,0.014705882352941173,0.3628233848822084,0.6019294695765284,0.561109006952415,0.38065494398766125,0.007997831471341138,0.014161522683370014,3,0,5,1,0.0,0.03,37,88,noisy,18,97
6,Soft Joss: 0.9,2.497994652406417,0.737443994796936,0.0,1.0,0.5870790576672931,0.15036493712964302,0.11770125740713977,0.14485474779592428,1.0,0.09447491979874359,1.0,0.10372853211646933,3,0,5,1,0.0,0.03,37,88,noisy,18,97
7,Win-Stay Lose-Shift,2.4331550802139037,0.7182396300043359,1.0,1.0,0.5549573637808931,0.16328226622344272,0.12138676109264347,0.1603736089030207,1.0,0.0,0.0,1.0,3,0,5,1,0.0,0.03,37,88,noisy,18,97
8,GTFT: 0.33,2.3823529411764706,0.8038914583032231,0.0,1.0,0.6167798814857639,0.18711157681745916,0.08332128920364217,0.11278725249313484,1.0,0.3489169942442932,1.0,0.33935476226923933,3,0,5,1,0.0,0.03,37,88,noisy,18,97
9,Defector,2.2994652406417115,0.0,15.0,0.0,0.0,0.0,0.32432432432432434,0.6756756756756758,0.0,0.0,0.0,0.0,3,0,5,1,0.0,0.03,37,88,noisy,18,97
10,Tit For 2 Tats,2.2820855614973263,0.8269619887266946,0.0,1.0,0.6619273016331839,0.16503468709351066,0.030929325046972107,0.14210868622633327,1.0,0.7680871409292462,1.0,0.0,3,0,5,1,0.0,0.03,37,88,noisy,18,97
11,Suspicious Tit For Tat,2.2372994652406417,0.5187165775401069,7.0,0.0,0.3385243532302356,0.18019222430987136,0.18516042780748665,0.29612299465240643,1.0,0.0,1.0,0.0,3,0,5,1,0.0,0.03,37,88,noisy,18,97
12,Alternator,1.8663101604278074,0.5,4.0,1.0,0.1532013296719179,0.3467986703280821,0.22716433010550657,0.2728356698944934,0.0,0.0,1.0,1.0,3,0,5,1,0.0,0.03,37,88,noisy,18,97
13,Cycler DC,1.8629679144385027,0.5,4.0,0.0,0.14937129643011995,0.35062870356988,0.22752565399624222,0.27247434600375775,0.0,0.0,1.0,1.0,3,0,5,1,0.0,0.03,37,88,noisy,18,97
14,Random: 0.5,1.8315508021390374,0.5000180661945368,6.0,0.4769475357710652,0.18839427662957078,0.31162378956496606,0.1915016620898974,0.30848027171556586,0.5008606937708103,0.500634345153347,0.5031907127715874,0.5053264570634213,3,0,5,1,0.0,0.03,37,88,noisy,18,97
15,Bully,1.6945187165775402,0.6194898106662813,6.0,0.0,0.18133039456568867,0.4381594161005926,0.19242303801127328,0.18808715132244544,0.0,1.0,0.0,1.0,3,0,5,1,0.0,0.03,37,88,noisy,18,97
16,Win-Shift Lose-Stay: D,1.6577540106951874,0.6069338054632172,7.0,0.0,0.17742809654574357,0.4295057089174736,0.1839319265789854,0.20913426795779735,0.0,1.0,1.0,0.0,3,0,5,1,0.0,0.03,37,88,noisy,18,97
17,Anti Tit For Tat,1.409090909090909,0.68413065471889,5.0,1.0,0.1872380401792167,0.49689261453967337,0.13186515392397746,0.18400419135713253,0.0,1.0,0.0,1.0,3,0,5,1,0.0,0.03,37,88,noisy,18,97
0,"DoubleCrosser: (D, D)",2.6843434343434343,0.2958152958152958,4.0,0.9723032069970845,0.22654386429896634,0.06927143151632949,0.3221058986365109,0.38207880554819335,0.7098288782892092,0.5236104343519129,0.2493849347051837,0.0464437478646103,3,0,5,1,0.04,0.02,98,198,noisy,8,98
1,Grudger,2.56998556998557,0.08814824631151162,7.0,0.956268221574344,0.0604735400653768,0.02767470624613482,0.36940836940836935,0.542443384280119,0.5617180765676538,0.04072983239553189,0.05456354184518936,0.040386094111846293,3,0,5,1,0.04,0.02,98,198,noisy,8,98
2,Tit For Tat,2.238095238095238,0.49489059693141324,3.0,0.9475218658892128,0.27964778985187144,0.21524280707954177,0.2127322790588097,0.2923771240097771,0.9598969128234544,0.037564196623959,0.9590693660994002,0.04056702182922436,3,0,5,1,0.04,0.02,98,198,noisy,8,98
3,Soft Joss: 0.9,2.187229437229437,0.5468091998704243,0.0,0.9548104956268222,0.309575345289631,0.23723385458079335,0.18999764407927675,0.2631931560502989,0.958378984059556,0.13142720023624047,0.9621683473131536,0.13138745270775395,3,0,5,1,0.04,0.02,98,198,noisy,8,98
4,Win-Stay Lose-Shift,2.057720057720058,0.5261286332714904,3.0,0.956268221574344,0.25281238036340076,0.27331625290808964,0.20125452778514002,0.2726168389433695,0.9611716272159591,0.04034351402946641,0.039029255125767916,0.9601628836230286,3,0,5,1,0.04,0.02,98,198,noisy,8,98
5,Cycler DC,1.8567821067821066,0.5008245722531437,3.0,0.03935860058309038,0.16546661954825218,0.33535795270489155,0.21590540978296077,0.2832700179638955,0.13159297557409236,0.10909079546262967,0.9021392474062947,0.8548221620315972,3,0,5,1,0.04,0.02,98,198,noisy,8,98
6,Random: 0.5,1.8434343434343434,0.500382837117531,3.0,0.5102040816326531,0.19276585092911622,0.30761698618841476,0.19231675354124336,0.30730040934122566,0.5016462663197997,0.5009219310354736,0.5017331621777312,0.4985665648381726,3,0,5,1,0.04,0.02,98,198,noisy,8,98
7,Anti Tit For Tat,1.6850649350649352,0.61594811084607,3.0,0.9533527696793003,0.2190785405071119,0.39686957033895803,0.1588626792708425,0.2251892098830874,0.039057371255818964,0.9642901532425032,0.0398712713673695,0.9624764419002785,3,0,5,1,0.04,0.02,98,198,noisy,8,98
0,Evolved FSM 16,2.386861313868613,0.3195250275542246,7.0,0.9458689458689459,0.15761016490943497,0.16191486264478966,0.30958471104456503,0.3708902614012103,0.4093390799309227,0.43143314923026965,0.31094538215889933,0.22920243906278,3,0,5,1,0.08,0.08,39,137,noisy,10,99
1,Grudger,2.3600973236009732,0.11175577598935263,9.0,0.9259259259259259,0.055753114147274734,0.05600266184207789,0.325701333000603,0.5625428910100444,0.4350834142913014,0.07665805672640721,0.09154462012662676,0.08080898453181823,3,0,5,1,0.08,0.08,39,137,noisy,10,99
2,Suspicious Tit For Tat,2.2570965125709654,0.505271695052717,5.0,0.07977207977207977,0.27429450787115023,0.23097718718156676,0.23426289849647514,0.2604654064508079,0.9234025991515884,0.0809633014281964,0.9221204082872776,0.0825292444970161,3,0,5,1,0.08,0.08,39,137,noisy,10,99
3,Tit For Tat,2.2416869424168695,0.5140058643708278,4.0,0.9202279202279202,0.28163536922661014,0.23237049514421773,0.22962547050138296,0.2563686651277892,0.9178585216062457,0.07901574189767968,0.9270357913973056,0.0795921219684823,3,0,5,1,0.08,0.08,39,137,noisy,10,99
4,Win-Stay Lose-Shift,2.2222222222222223,0.4763449580967829,5.0,0.9088319088319088,0.21215713186516108,0.26418782623162185,0.2661842077900472,0.2574708341131699,0.9188106358778325,0.07674103733649762,0.08936343910369415,0.9149675511134922,3,0,5,1,0.08,0.08,39,137,noisy,10,99
5,Soft Joss: 0.9,2.2011354420113545,0.5580302368623536,1.0,0.8945868945868946,0.30958471104456503,0.24844552581778856,0.20779004720610558,0.23417971593154074,0.9129987859421183,0.1676408856040476,0.9190040266131542,0.1645827413958033,3,0,5,1,0.08,0.08,39,137,noisy,10,99
6,Cycler DC,2.1581508515815084,0.4988874331940025,5.0,0.07977207977207977,0.1820866346413791,0.3168007985526234,0.27631168507080917,0.22480088173518833,0.22084686328398848,0.12500835096800128,0.877758624000056,0.7840060501484167,3,0,5,1,0.08,0.08,39,137,noisy,10,99
7,Tit For 2 Tats,2.0494728304947283,0.7375798032732339,0.0,0.9287749287749287,0.46524008567804187,0.27233971759519204,0.09852974816478466,0.1638904485619814,0.9200664120700824,0.6984140337492876,0.9175046298800452,0.31374204054038873,3,0,5,1,0.08,0.08,39,137,noisy,10,99
8,Random: 0.5,2.035685320356853,0.4975773077962859,4.0,0.5327635327635327,0.2198515191215921,0.2777257886746937,0.22097448374820639,0.2814482084555077,0.5022345575035482,0.49526642855860953,0.5071040623653215,0.4938490154753689,3,0,5,1,0.08,0.08,39,137,noisy,10,99
9,Win-Shift Lose-Stay: D,1.991889699918897,0.5421215713186516,4.0,0.09686609686609686,0.21095098467361237,0.3311705866450392,0.22297086530663174,0.23490756337471666,0.08148941291333325,0.9181150300115912,0.9206860662261784,0.08360964658815316,3,0,5,1,0.08,0.08,39,137,noisy,10,99
0,Grudger,3.104301075268817,0.10642089093701997,6.0,0.9619047619047619,0.08027649769585253,0.026144393241167435,0.4939784946236559,0.3996006144393241,0.4895939727989229,0.054400277426004215,0.06074305154640097,0.04876370416646101,3,0,5,1,0.05,0.1,35,155,noisy,7,100
1,Evolved HMM 5,3.0376344086021505,0.2737941628264209,5.0,0.919047619047619,0.15499231950844852,0.11880184331797235,0.45213517665130576,0.2740706605222734,0.7042107682524691,0.32486663258964427,0.10606765239358483,0.18426479481694416,3,0,5,1,0.05,0.1,35,155,noisy,7,100
2,"DoubleCrosser: (D, D)",2.8333333333333335,0.2913056835637481,4.0,0.9,0.23102918586789553,0.06027649769585253,0.3597542242703533,0.34894009216589866,0.6479655389241722,0.530983112170473,0.2138969087042494,0.06923060208572848,3,0,5,1,0.05,0.1,35,155,noisy,7,100
3,Random: 0.5,1.8731182795698924,0.5018740399385561,2.0,0.48095238095238096,0.19591397849462366,0.3059600614439324,0.19745007680491555,0.3006758832565284,0.5074725808208834,0.4889169220709901,0.5015121460463122,0.5139909822828727,3,0,5,1,0.05,0.1,35,155,noisy,7,100
4,Win-Shift Lose-Stay: D,1.7924731182795697,0.5337634408602151,2.0,0.023809523809523808,0.18556067588325656,0.3482027649769585,0.19241167434715822,0.27382488479262673,0.05135047021976794,0.9504840250179144,0.9496852427375516,0.050604631779012754,3,0,5,1,0.05,0.1,35,155,noisy,7,100
5,Anti Tit For Tat,1.7193548387096775,0.6243932411674347,2.0,0.9523809523809523,0.12377880184331792,0.5006144393241166,0.23935483870967741,0.13625192012288787,0.05277892709863025,0.9408256183699203,0.04970566646232471,0.9559046338135363,3,0,5,1,0.05,0.1,35,155,noisy,7,100
6,Cooperator,1.2344086021505376,0.9490937019969278,0.0,0.9380952380952381,0.35508448540706605,0.5940092165898617,0.0189247311827957,0.031981566820276495,0.9510372217957697,0.9487370145658213,0.9352421901869999,0.9553076484937896,3,0,5,1,0.05,0.1,35,155,noisy,7,100
0,Evolved HMM 5,3.1399416909620994,0.3444606413994169,5.5,0.95,0.2620991253644315,0.08236151603498543,0.4259475218658892,0.22959183673469388,0.6968937483720319,0.33361579979401756,0.14476993362758245,0.18187598446116635,3,0,5,1,0.05,0.01,20,196,noisy,8,101
1,"DoubleCrosser: (D, D)",2.9471574344023326,0.3911443148688047,5.0,0.9214285714285714,0.3363702623906705,0.054774052478134105,0.33422011661807577,0.27463556851311954,0.6700208145334858,0.5740122163441947,0.22068980343961456,0.0779422082639786,3,0,5,1,0.05,0.01,20,196,noisy,8,101
2,Tit For Tat,2.5408163265306127,0.6277332361516035,4.0,0.9642857142857143,0.43283527696793006,0.19489795918367345,0.20459183673469386,0.16767492711370263,0.9496160168114175,0.0485801002399819,0.9553925776536183,0.04706305127483984,3,0,5,1,0.05,0.01,20,196,noisy,8,101
3,Soft Joss: 0.9,2.4712099125364433,0.6522230320699709,2.0,0.95,0.4415451895043732,0.21067784256559768,0.18968658892128282,0.15809037900874637,0.9532519959623975,0.1426488898635275,0.9455045642091727,0.12105659869322234,3,0,5,1,0.05,0.01,20,196,noisy,8,101
4,Win-Shift Lose-Stay: D,2.1308309037900877,0.5373177842565597,4.0,0.05,0.23629737609329446,0.3010204081632653,0.24154518950437318,0.22113702623906706,0.05212600354577316,0.9495433588029367,0.9534936551968186,0.054776252942548065,3,0,5,1,0.05,0.01,20,196,noisy,8,101
5,Cycler DC,2.1147959183673466,0.5002915451895044,3.0,0.02857142857142857,0.20291545189504373,0.29737609329446063,0.2516763848396501,0.24803206997084543,0.15204838455382677,0.11268590882371912,0.8850236701246571,0.8307833969891172,3,0,5,1,0.05,0.01,20,196,noisy,8,101
6,Anti Tit For Tat,2.009475218658892,0.5540087463556851,3.0,0.9428571428571428,0.19941690962099126,0.3545918367346939,0.2434402332361516,0.20255102040816328,0.04785551448811926,0.9575487903652824,0.04363922455977725,0.9478405734452625,3,0,5,1,0.05,0.01,20,196,noisy,8,101
7,Cooperator,1.7616618075801749,0.9501822157434402,0.0,0.9714285714285714,0.526567055393586,0.4236151603498542,0.028206997084548102,0.021610787172011665,0.9523445870872759,0.9417529431218333,0.941303210480086,0.9529232771332633,3,0,5,1,0.05,0.01,20,196,noisy,8,101
0,Defector,2.7602040816326534,0.08932620667314545,13.0,0.08843537414965986,0.04178814382896016,0.04753806284418528,0.4241172659540006,0.48655652737285393,0.09185305443755444,0.08439125581341578,0.0901456764728249,0.08370854338339297,3,0,5,1,0.09,0.09,63,14,noisy,15,102
1,Grudger,2.642857142857143,0.3256397797214124,11.0,0.9002267573696145,0.23113054745707803,0.0945092322643343,0.3224813735017817,0.351878846776806,0.6888872408612999,0.1030942239768442,0.17096047374395767,0.09079663323471554,3,0,5,1,0.09,0.09,63,14,noisy,15,102
2,Evolved HMM 5,2.525510204081633,0.4593456430191124,8.0,0.9206349206349206,0.29284094590217036,0.16650469711694202,0.27461937155814703,0.2660349854227405,0.7846264468917276,0.35042093218974735,0.21360875089523704,0.21557164558334851,3,0,5,1,0.09,0.09,63,14,noisy,15,102
3,Meta Winner: 13 players,2.5051020408163267,0.2725947521865889,11.0,0.8956916099773242,0.14593456430191126,0.12666018788467773,0.3360058309037901,0.391399416909621,0.44137932085412734,0.38415928867322613,0.1643387851790802,0.1805227663789649,3,0,5,1,0.09,0.09,63,14,noisy,15,102
4,Evolved FSM 16,2.4030612244897958,0.5170068027210885,8.0,0.8979591836734694,0.30814706835115,0.2088597343699385,0.2504049238743116,0.2325882734045999,0.6512511671517334,0.3419588290049958,0.448774204612651,0.3870997275757207,3,0,5,1,0.09,0.09,63,14,noisy,15,102
5,Tit For Tat,2.2653061224489797,0.5715905409782961,3.0,0.9138321995464853,0.3514739229024943,0.2201166180758017,0.19517330741820538,0.23323615160349856,0.9070532740216013,0.09500838194911465,0.9176102419728566,0.10055488643780462,3,0,5,1,0.09,0.09,63,14,noisy,15,102
6,Meta Mixer: 13 players,2.2244897959183674,0.5040492387431162,6.0,0.7063492063492064,0.2607709750566894,0.24327826368642697,0.2336410754778102,0.26230968577907354,0.5674367748574994,0.43902894057462344,0.5196500750649501,0.4402074384226863,3,0,5,1,0.09,0.09,63,14,noisy,15,102
7,Win-Shift Lose-Stay: D,2.2193877551020407,0.4939261418853256,7.0,0.07142857142857142,0.2214933592484613,0.27243278263686427,0.26101392938127627,0.24505992873339816,0.09167380781050792,0.9120295785102969,0.9086472445470146,0.08278055989286345,3,0,5,1,0.09,0.09,63,14,noisy,15,102
8,Soft Joss: 0.9,2.2091836734693877,0.6010689990281827,3.0,0.9206349206349206,0.3658892128279883,0.23517978620019434,0.1767087787495951,0.22222222222222224,0.9062967590379881,0.1725941575868797,0.9140838310693319,0.18361592701226856,3,0,5,1,0.09,0.09,63,14,noisy,15,102
9,Random: 0.5,2.1530612244897958,0.5042112082928409,5.0,0.5192743764172335,0.23947197926789762,0.26473922902494335,0.23542274052478135,0.2603660511823777,0.4868663602512697,0.5209006191667125,0.492650251608764,0.49620813730798996,3,0,5,1,0.09,0.09,63,14,noisy,15,102
10,Alternator,2.142857142857143,0.5179786200194364,5.0,0.9002267573696145,0.24991901522513765,0.2680596047942987,0.2249757045675413,0.2570456754130223,0.08853641219589146,0.08806181488960736,0.9093397781503559,0.9255156051267834,3,0,5,1,0.09,0.09,63,14,noisy,15,102
11,Bully,2.056122448979592,0.5152251376741173,6.0,0.08956916099773243,0.18707482993197275,0.3281503077421445,0.25388726919339166,0.23088759313249105,0.08685530688489865,0.9247504117494492,0.09872219506488786,0.9097821575932729,3,0,5,1,0.09,0.09,63,14,noisy,15,102
12,Tit For 2 Tats,2.0102040816326534,0.7354227405247813,0.0,0.9183673469387755,0.449546485260771,0.2858762552640104,0.10147392290249432,0.16310333657272433,0.9060907490555538,0.6611989177270648,0.9082644150975981,0.3715574536782584,3,0,5,1,0.09,0.09,63,14,noisy,15,102
13,Anti Tit For Tat,1.9489795918367345,0.579284094590217,5.0,0.9115646258503401,0.2223841917719469,0.35689990281827016,0.21039844509232264,0.21031746031746032,0.09674554657113592,0.9156997771406827,0.09780110339878458,0.9082361619274878,3,0,5,1,0.09,0.09,63,14,noisy,15,102
14,Cooperator,1.6938775510204083,0.9105118237771299,1.0,0.9104308390022676,0.48169744088111427,0.4288143828960155,0.04729510851959832,0.04219306770327179,0.9105375145366194,0.9138309969315345,0.9126869757970887,0.915205395596662,3,0,5,1,0.09,0.09,63,14,noisy,15,102
0,Grudger,2.5927601809954752,0.1123400927322496,16.0,0.9084967320261438,0.05606390704429919,0.0562761856879504,0.3819451427294565,0.505714764538294,0.3500155157738339,0.09475913980309743,0.09833389626412807,0.09010978459750826,3,0,5,1,0.09,0.05,27,195,noisy,18,103
1,Defector,2.5809954751131223,0.09029663147310206,16.0,0.08932461873638345,0.03880230154739959,0.051494329925702464,0.3890397184514831,0.5206636500754148,0.0939612479728751,0.09854044446657484,0.08776081419094262,0.0914749613992577,3,0,5,1,0.09,0.05,27,195,noisy,18,103
2,Evolved HMM 5,2.5809954751131223,0.3265627618568795,13.0,0.9041394335511983,0.19109546952684206,0.13546729233003743,0.33249539131892075,0.3409418468241997,0.6777977699662168,0.34063275998983095,0.1692117888462335,0.2191347076491609,3,0,5,1,0.09,0.05,27,195,noisy,18,103
3,"DoubleCrosser: (D, D)",2.511915535444947,0.25705826490140216,13.0,0.9302832244008714,0.17183397575554435,0.08522428914585777,0.31410535724261224,0.4288363778559857,0.6179648382044898,0.3965266711355083,0.17673813244126646,0.10110349581609905,3,0,5,1,0.09,0.05,27,195,noisy,18,103
4,Evolved FSM 16,2.4907993966817497,0.2681414446120328,13.0,0.9150326797385621,0.11703256801296016,0.15110887659907268,0.35656108597285063,0.3752974694151164,0.38954850985677636,0.3535511651038291,0.21853808990212564,0.21541205750213205,3,0,5,1,0.09,0.05,27,195,noisy,18,103
5,Tit For Tat,2.2084464555052787,0.5037819116250489,7.0,0.9455337690631809,0.2946315848276632,0.2091503267973856,0.20747444276856034,0.2887436456063907,0.9066320495826694,0.09147408798251927,0.907414146591365,0.08786759352484066,3,0,5,1,0.09,0.05,27,195,noisy,18,103
6,Suspicious Tit For Tat,2.184917043740573,0.4903860119546394,8.0,0.08278867102396514,0.2811239595553321,0.2092620523993073,0.20843528294508687,0.3011787051002737,0.9090892627935641,0.08928323464909986,0.9115523857372668,0.08728032656861591,3,0,5,1,0.09,0.05,27,195,noisy,18,103
7,Soft Joss: 0.9,2.1435897435897435,0.5445617563264622,3.0,0.9237472766884531,0.31394894139992185,0.2306128149265404,0.1890508910116753,0.26638735266186253,0.9082251086715116,0.16956258841949143,0.9094654188834443,0.17524704416375125,3,0,5,1,0.09,0.05,27,195,noisy,18,103
8,Win-Stay Lose-Shift,2.1306184012066365,0.49770403888050946,8.0,0.9084967320261438,0.22948438634713147,0.26821965253337804,0.23631082062454614,0.26598514049494437,0.9124238678325836,0.08946236540247827,0.08822707369510327,0.9107321594587818,3,0,5,1,0.09,0.05,27,195,noisy,18,103
9,Meta Mixer: 17 players,2.106485671191553,0.44203117144293613,11.0,0.7363834422657952,0.2005921456901849,0.24143902575275125,0.23939444723758452,0.3185743813194794,0.5068645050536131,0.396756609534001,0.5076894168891998,0.3858958320047342,3,0,5,1,0.09,0.05,27,195,noisy,18,103
10,Alternator,2.052790346907994,0.5010111166973912,7.0,0.9041394335511983,0.20224568459862574,0.29876543209876544,0.23676889559242498,0.2622199877101838,0.08762549890093063,0.0877041070453934,0.9113622911203115,0.9112845394846043,3,0,5,1,0.09,0.05,27,195,noisy,18,103
11,Tit For 2 Tats,2.0473604826546,0.6844980727333668,0.0,0.9172113289760349,0.4274398078319648,0.25705826490140216,0.10978157644824312,0.20572035081839005,0.9121278138260228,0.6394185547203981,0.9083390337581796,0.32570786560561305,3,0,5,1,0.09,0.05,27,195,noisy,18,103
12,Random: 0.5,2.0316742081447963,0.5011451874196973,8.0,0.47058823529411764,0.22213284174068487,0.27901234567901234,0.21794313166862186,0.28091168091168095,0.5019560881693681,0.4995376290457851,0.5019493023825303,0.5033959105012498,3,0,5,1,0.09,0.05,27,195,noisy,18,103
13,GTFT: 0.33,2.020814479638009,0.643550639629071,2.0,0.9084967320261438,0.36027037595665046,0.28328026367242054,0.14718730797162172,0.2092620523993073,0.9094106478288384,0.3635405960530374,0.9138252545126512,0.36796250370032973,3,0,5,1,0.09,0.05,27,195,noisy,18,103
14,Win-Shift Lose-Stay: D,2.0054298642533936,0.5261382045695772,8.0,0.09586056644880174,0.2116641528406234,0.3144740517289537,0.2219205630970337,0.25194123233338916,0.08512307963332788,0.9078159859485395,0.908295935541643,0.08795170340906165,3,0,5,1,0.09,0.05,27,195,noisy,18,103
15,Bully,1.9095022624434388,0.5649293335567845,7.0,0.08714596949891068,0.2005362828892241,0.3643930506675605,0.21673649516786767,0.21833417127534774,0.08846705601483697,0.9117072262254873,0.08935513863435028,0.9124085458720884,3,0,5,1,0.09,0.05,27,195,noisy,18,103
16,Anti Tit For Tat,1.9064856711915534,0.5686051058600078,7.0,0.8997821350762527,0.20376515278476062,0.36483995307524714,0.21487067761577566,0.21652421652421655,0.08785532901013408,0.9073715784732141,0.0884192635079092,0.9100308298138232,3,0,5,1,0.09,0.05,27,195,noisy,18,103
17,Cooperator,1.6368024132730015,0.9101279258142003,0.0,0.8932461873638344,0.44635495223730515,0.46377297357689506,0.04382995363387521,0.04604212055192446,0.9090414934409131,0.9068945157470653,0.9247674728727362,0.9093221406001841,3,0,5,1,0.09,0.05,27,195,noisy,18,103
0,Evolved FSM 16,2.961864406779661,0.531803466006475,2.0,1.0,0.516806322605218,0.014997143401256904,0.23438392687107218,0.23381260712245286,0.7094748858447488,0.4258849557522124,0.026076773465569972,0.03619936939121998,3,0,5,1,0.0,0.04,89,118,noisy,5,104
1,Tit For Tat,2.6822033898305087,0.7525233288897353,0.0,1.0,0.5647495715101886,0.18777375737954677,0.18456008379356315,0.06291658731670158,1.0,0.0,1.0,0.0,3,0,5,1,0.0,0.04,89,118,noisy,5,104
2,Alternator,2.3665254237288136,0.5,3.0,1.0,0.19710531327366218,0.30289468672633785,0.3171776804418206,0.1828223195581794,0.0,0.0,1.0,1.0,3,0,5,1,0.0,0.04,89,118,noisy,5,104
3,Random: 0.5,2.3114406779661016,0.5,2.0,0.4887640449438202,0.2596410207579509,0.24035897924204913,0.2619739097314797,0.23802609026852029,0.5001728910564069,0.502689389267774,0.5173099795538249,0.5042041308733093,3,0,5,1,0.0,0.04,89,118,noisy,5,104
4,Cooperator,2.23728813559322,1.0,0.0,1.0,0.747928965911255,0.252071034088745,0.0,0.0,1.0,1.0,0.0,0.0,3,0,5,1,0.0,0.04,89,118,noisy,5,104
0,Grudger,2.7283349561830574,0.09785783836416748,12.5,0.9307692307692308,0.05457643622200584,0.043281402142161626,0.4121226874391431,0.49001947419668934,0.44943709405976656,0.08039346993590316,0.07638014504447196,0.06796711842037938,3,0,5,1,0.07,0.03,10,158,noisy,14,105
1,Defector,2.7112950340798445,0.07161635832521908,12.0,0.046153846153846156,0.03213242453748783,0.03948393378773126,0.4199610516066212,0.5084225900681596,0.09092134436003006,0.09231929495478489,0.0690161063478775,0.07496399990536029,3,0,5,1,0.07,0.03,10,158,noisy,14,105
2,Evolved HMM 5,2.6757546251217135,0.2965920155793573,9.5,0.8923076923076924,0.1694255111976631,0.12716650438169427,0.3697663096397274,0.33364167478091533,0.6806799868677994,0.33564553304940026,0.1342995719419242,0.19452747871818574,3,0,5,1,0.07,0.03,10,158,noisy,14,105
3,"DoubleCrosser: (D, D)",2.636075949367089,0.2895813047711782,9.0,0.8923076923076924,0.20954235637779944,0.08003894839337879,0.3217624148003895,0.3886562804284323,0.6166248071211393,0.48273316567148145,0.20660336767600432,0.09092928164422379,3,0,5,1,0.07,0.03,10,158,noisy,14,105
4,Win-Stay Lose-Shift,2.171372930866602,0.49415774099318405,6.0,0.9307692307692308,0.2278481012658228,0.26630963972736127,0.2444985394352483,0.26134371957156766,0.9139563454297697,0.06978775586930783,0.07769112888108341,0.9294180963184662,3,0,5,1,0.07,0.03,10,158,noisy,14,105
5,Tit For Tat,2.1443524829600777,0.49591041869522884,6.0,0.8923076923076924,0.2918695228821811,0.2040408958130477,0.19980525803310614,0.30428432327166505,0.9310584834672905,0.0755875587655112,0.9326606892437066,0.07919755499439818,3,0,5,1,0.07,0.03,10,158,noisy,14,105
6,Meta Mixer: 13 players,2.1270691333982477,0.4366601752677702,9.0,0.7923076923076923,0.1983933787731256,0.2382667964946446,0.24386562804284323,0.31947419668938665,0.45960522341012194,0.4239895542921656,0.4586195772952086,0.4082128123391883,3,0,5,1,0.07,0.03,10,158,noisy,14,105
7,Soft Joss: 0.9,2.1234177215189876,0.5459104186952288,2.5,0.8923076923076924,0.3193768257059396,0.2265335929892892,0.18296007789678678,0.2711295034079844,0.9313796976629729,0.1542811327721498,0.9321284941912145,0.13712504165463535,3,0,5,1,0.07,0.03,10,158,noisy,14,105
8,GTFT: 0.33,2.0713242453748784,0.6547224926971762,2.0,0.9307692307692308,0.37302823758519954,0.2816942551119766,0.14883154819863678,0.19644595910418688,0.9294098254586286,0.36490518430784186,0.9195398708747041,0.3484872733442184,3,0,5,1,0.07,0.03,10,158,noisy,14,105
9,Alternator,1.9647030185004868,0.501460564751704,5.5,0.9307692307692308,0.20248296007789682,0.2989776046738072,0.21548198636806232,0.2830574488802337,0.07468086215385156,0.06056327355516336,0.9289235910232194,0.9284402782490901,3,0,5,1,0.07,0.03,10,158,noisy,14,105
10,Bully,1.8955696202531644,0.5689386562804284,6.0,0.12307692307692308,0.19211295034079848,0.37682570593963,0.22297955209347614,0.2080817916260954,0.07098873702221836,0.9310397341530672,0.07610572136332919,0.9293070374391615,3,0,5,1,0.07,0.03,10,158,noisy,14,105
11,Win-Shift Lose-Stay: D,1.8885102239532618,0.5475657254138266,5.0,0.07692307692307693,0.1973709834469328,0.3501947419668939,0.20842259006815966,0.24401168451801364,0.06481395578652008,0.9284266052051721,0.9247369199729971,0.0715671244704203,3,0,5,1,0.07,0.03,10,158,noisy,14,105
12,Anti Tit For Tat,1.8476144109055501,0.5852969814995131,5.0,0.9153846153846154,0.19917234664070108,0.3861246348588121,0.205842259006816,0.2088607594936709,0.07243230525652712,0.9215561793177327,0.07156061116774047,0.9383100635352998,3,0,5,1,0.07,0.03,10,158,noisy,14,105
13,Cooperator,1.4812560856864656,0.9301850048685492,0.0,0.9153846153846154,0.4201071080817916,0.5100778967867575,0.03271665043816942,0.0370983446932814,0.9264087365183205,0.9268781303530371,0.9611194562457244,0.9282290138267274,3,0,5,1,0.07,0.03,10,158,noisy,14,105
0,Grudger,2.571875,0.128125,9.0,0.911864406779661,0.06963276836158191,0.05849223163841808,0.371680790960452,0.500194209039548,0.4441298222063592,0.09103546404006567,0.10487379766101032,0.08579808884501143,3,0,5,1,0.09,0.0,59,96,noisy,11,106
1,Defector,2.5572916666666665,0.09138418079096045,9.0,0.09661016949152543,0.03802966101694915,0.0533545197740113,0.38384533898305084,0.5247704802259887,0.08718507590086244,0.09301010164272491,0.09109905299320145,0.09161916495267815,3,0,5,1,0.09,0.0,59,96,noisy,11,106
2,"DoubleCrosser: (D, D)",2.5104166666666665,0.27138064971751413,7.0,0.911864406779661,0.17035663841807908,0.10102401129943503,0.3188912429378531,0.4097281073446328,0.6121987898150534,0.4639893972261054,0.19733608462437693,0.10118693549679307,3,0,5,1,0.09,0.0,59,96,noisy,11,106
3,Evolved HMM 5,2.4354166666666663,0.30104166666666665,7.0,0.9152542372881356,0.15582627118644068,0.145215395480226,0.31751412429378534,0.381444209039548,0.6575468734723593,0.33271224645667113,0.16271672068096726,0.2018229956041572,3,0,5,1,0.09,0.0,59,96,noisy,11,106
4,Tit For Tat,2.04375,0.45858050847457626,3.0,0.9169491525423729,0.23930084745762717,0.21927966101694912,0.20165960451977405,0.3397598870056497,0.9140454290055195,0.09251185800692793,0.9043035255796867,0.0898310555868121,3,0,5,1,0.09,0.0,59,96,noisy,11,106
5,Meta Mixer: 10 players,2.0145833333333334,0.3868114406779661,6.0,0.7559322033898305,0.15203036723163843,0.23478107344632773,0.2372704802259887,0.37591807909604524,0.40239821727753033,0.3776686339528703,0.3783785898213934,0.39349789695081006,3,0,5,1,0.09,0.0,59,96,noisy,11,106
6,Win-Stay Lose-Shift,1.8354166666666665,0.5238877118644067,3.0,0.8949152542372881,0.2176906779661017,0.3061970338983051,0.1712923728813559,0.3048199152542373,0.9089489297723459,0.09373257505366774,0.08772182079222736,0.9116292555004906,3,0,5,1,0.09,0.0,59,96,noisy,11,106
7,GTFT: 0.33,1.8229166666666667,0.6007238700564972,0.0,0.8983050847457628,0.2870056497175141,0.3137182203389831,0.1424258474576271,0.2568502824858757,0.9029328362656395,0.36193528975631944,0.9072306470634672,0.36599576505727294,3,0,5,1,0.09,0.0,59,96,noisy,11,106
8,Alternator,1.7166666666666668,0.502295197740113,3.0,0.8932203389830509,0.18384533898305086,0.3184498587570621,0.16811440677966102,0.32959039548022595,0.08857193131470091,0.09057972129635891,0.9153536508020739,0.9108694623941738,3,0,5,1,0.09,0.0,59,96,noisy,11,106
9,Bully,1.56875,0.6169844632768362,3.0,0.08813559322033898,0.1932909604519774,0.42369350282485874,0.1548022598870057,0.22821327683615822,0.09239077874954996,0.9051148052246385,0.08189060107240312,0.9098452947248553,3,0,5,1,0.09,0.0,59,96,noisy,11,106
10,Anti Tit For Tat,1.521875,0.6343396892655367,3.0,0.9067796610169492,0.19888771186440676,0.43545197740112995,0.14216101694915254,0.22349929378531078,0.09278164420681351,0.9148609347224775,0.09430586887666445,0.9082708263997518,3,0,5,1,0.09,0.0,59,96,noisy,11,106
0,Grudger,2.457142857142857,0.1556481254594462,6.0,0.9784366576819407,0.1449971412235563,0.010650984235889895,0.2978845054316753,0.5464673691088786,0.7240071634829083,0.011016979255470303,0.05991011257910601,0.008564606322525186,3,0,5,1,0.01,0.04,53,165,noisy,8,107
1,Defector,2.2337662337662336,0.010030221350976068,7.0,0.0026954177897574125,0.0032345013477088945,0.006795720003267174,0.3084048027444254,0.6815649759045986,0.010752688172043012,0.0182196006331764,0.010264268998493689,0.010151789077468044,3,0,5,1,0.01,0.04,53,165,noisy,8,107
2,Tit For Tat,2.167965367965368,0.5202156334231806,2.0,0.9892183288409704,0.35347545536224784,0.16674017806093278,0.16293392142448745,0.3168504451523319,0.9931651461018985,0.008659668609702773,0.9917828080623737,0.010255060092591977,3,0,5,1,0.01,0.04,53,165,noisy,8,107
3,Soft Joss: 0.9,2.124675324675325,0.5712652127746467,1.0,0.9892183288409704,0.3733071959487054,0.19795801682594136,0.1473331699746794,0.28140161725067386,0.9917886923734265,0.10299494100163728,0.989503971230918,0.10182509101376312,3,0,5,1,0.01,0.04,53,165,noisy,8,107
4,Cycler DC,2.0597402597402596,0.4970513762966593,3.0,0.01078167115902965,0.18660459037817528,0.310446785918484,0.24930164175447195,0.25364698194886875,0.07774167691521174,0.06712696749559269,0.9396191757294127,0.8955410036128862,3,0,5,1,0.01,0.04,53,165,noisy,8,107
5,Tit For 2 Tats,1.9766233766233765,0.6859593236951728,0.0,0.9892183288409704,0.48948787061994603,0.19647145307522668,0.053728661275831084,0.26031201502899615,0.9910308145602931,0.7115468327045008,0.995770262528963,0.27233627196426496,3,0,5,1,0.01,0.04,53,165,noisy,8,107
6,Random: 0.5,1.9073593073593074,0.4984072531242343,3.0,0.4716981132075472,0.20169893000081682,0.29670832312341744,0.2005880911541289,0.30100465572163687,0.5047838692995211,0.5016317533500211,0.5044970152104805,0.4970567432769108,3,0,5,1,0.01,0.04,53,165,noisy,8,107
7,Bully,1.6987012987012986,0.6135587682757494,3.0,0.005390835579514825,0.20635465163767056,0.4072041166380788,0.17280078412153885,0.21364044760271178,0.008296028101633612,0.9881232477381445,0.009541244860703976,0.9904481122107194,3,0,5,1,0.01,0.04,53,165,noisy,8,107
0,Meta Winner: 12 players,2.7121212121212124,0.22142857142857142,11.0,1.0,0.15216450216450217,0.06926406926406926,0.36298701298701297,0.41558441558441567,0.6302048855186739,0.4354722192805959,0.026174742785741244,0.014824400252209602,3,0,5,1,0.0,0.02,35,11,noisy,13,108
1,Evolved HMM 5,2.628787878787879,0.6653679653679654,4.0,1.0,0.5567099567099567,0.10865800865800863,0.15497835497835497,0.17965367965367962,1.0,0.3940853149132995,0.0,0.1762206577800637,3,0,5,1,0.0,0.02,35,11,noisy,13,108
2,Defector,2.606060606060606,0.0,11.0,0.0,0.0,0.0,0.4038961038961039,0.596103896103896,0.0,0.0,0.0,0.0,3,0,5,1,0.0,0.02,35,11,noisy,13,108
3,Win-Stay Lose-Shift,2.553030303030303,0.7376623376623377,1.0,1.0,0.5800865800865801,0.15757575757575756,0.13679653679653678,0.12554112554112554,1.0,0.0,0.0,1.0,3,0,5,1,0.0,0.02,35,11,noisy,13,108
4,Evolved FSM 16,2.5454545454545454,0.712987012987013,3.0,1.0,0.5822510822510822,0.13073593073593073,0.12813852813852813,0.15887445887445886,0.9015686274509804,0.4059259259259259,0.33100414078674945,0.3535507246376811,3,0,5,1,0.0,0.02,35,11,noisy,13,108
5,Soft Joss: 0.9,2.4393939393939394,0.7519480519480519,0.0,1.0,0.5798701298701298,0.17207792207792205,0.11277056277056276,0.13528138528138528,1.0,0.10549772455132185,1.0,0.11713456859442262,3,0,5,1,0.0,0.02,35,11,noisy,13,108
6,Cycler DC,2.409090909090909,0.45454545454545453,5.0,0.0,0.17272727272727273,0.2818181818181818,0.3391774891774892,0.20627705627705628,0.0,0.0,1.0,1.0,3,0,5,1,0.0,0.02,35,11,noisy,13,108
7,GTFT: 0.33,2.348484848484848,0.8119047619047619,0.0,1.0,0.6088744588744589,0.20303030303030303,0.08333333333333333,0.10476190476190476,1.0,0.3286602944113172,1.0,0.30664558787977053,3,0,5,1,0.0,0.02,35,11,noisy,13,108
8,Random: 0.5,2.3106060606060606,0.49177489177489175,6.0,0.5071428571428571,0.2556277056277056,0.2361471861471861,0.25952380952380955,0.24870129870129867,0.4942774107795914,0.4757605884161935,0.4789637782849859,0.512518501890636,3,0,5,1,0.0,0.02,35,11,noisy,13,108
9,Alternator,2.2803030303030307,0.5454545454545454,3.0,1.0,0.22878787878787876,0.31666666666666665,0.2854978354978355,0.16904761904761903,0.0,0.0,1.0,1.0,3,0,5,1,0.0,0.02,35,11,noisy,13,108
10,Tit For 2 Tats,2.181818181818182,0.8632034632034632,0.0,1.0,0.6701298701298701,0.19307359307359306,0.00974025974025974,0.12705627705627706,1.0,0.7774990709773318,1.0,0.0,3,0,5,1,0.0,0.02,35,11,noisy,13,108
11,Win-Shift Lose-Stay: D,2.159090909090909,0.5722943722943723,4.0,0.0,0.21103896103896103,0.3612554112554114,0.2759740259740259,0.15173160173160175,0.0,1.0,1.0,0.0,3,0,5,1,0.0,0.02,35,11,noisy,13,108
12,Cooperator,2.022727272727273,1.0,0.0,1.0,0.6774891774891775,0.3225108225108225,0.0,0.0,1.0,1.0,0.0,0.0,3,0,5,1,0.0,0.02,35,11,noisy,13,108
0,Evolved HMM 5,2.6516990291262137,0.39596713965646,10.0,0.975,0.28349514563106804,0.11247199402539207,0.2992998506348021,0.30473300970873785,0.8063630708998835,0.3810507366769612,0.12589058957188465,0.17939972747334093,3,0,5,1,0.03,0.08,65,103,noisy,17,109
1,"DoubleCrosser: (D, D)",2.6110436893203883,0.3721340552651232,9.0,0.9663461538461539,0.30026138909634054,0.07187266616878267,0.26711165048543684,0.3607542942494399,0.7892660045825453,0.6120728600692233,0.2379980291606002,0.0394282490732713,3,0,5,1,0.03,0.08,65,103,noisy,17,109
2,Evolved FSM 16,2.5473300970873787,0.4059466019417476,10.0,0.9730769230769231,0.20341672890216578,0.20252987303958178,0.33465272591486184,0.2594006721433906,0.5423519221145103,0.4382595239571866,0.33288611969539544,0.3560732065156602,3,0,5,1,0.03,0.08,65,103,noisy,17,109
3,Grudger,2.5200242718446604,0.12150858849887976,14.0,0.9711538461538461,0.09603248693054517,0.025476101568334575,0.3370799103808812,0.5414115011202391,0.6405027970594832,0.031800900047229706,0.05030566229648728,0.029806272973299672,3,0,5,1,0.03,0.08,65,103,noisy,17,109
4,Defector,2.436893203883495,0.030405153099327856,15.0,0.027884615384615386,0.011333084391336819,0.01907206870799104,0.35747759522031364,0.6121172516803585,0.04684969275413294,0.032400429456910476,0.03204418113442331,0.028826862505184826,3,0,5,1,0.03,0.08,65,103,noisy,17,109
5,Meta Winner: 15 players,2.4071601941747574,0.05934466019417476,14.0,0.9740384615384615,0.027520537714712467,0.03182412247946228,0.3450056011949216,0.5956497386109036,0.35493078767159425,0.19597026413065216,0.0538011902449396,0.039157590538182525,3,0,5,1,0.03,0.08,65,103,noisy,17,109
6,Tit For Tat,2.2135922330097086,0.5207617625093354,6.0,0.9740384615384615,0.34054331590739356,0.18021844660194172,0.17694174757281556,0.30229648991784913,0.9621491868603337,0.029169324037200694,0.9685793552138484,0.028538261226419295,3,0,5,1,0.03,0.08,65,103,noisy,17,109
7,Suspicious Tit For Tat,2.1383495145631066,0.4723954443614638,8.0,0.032692307692307694,0.28997386109036594,0.18242158327109784,0.1845407020164302,0.343063853622106,0.9647329686632422,0.033555680060430235,0.9681093784786232,0.03146780343728343,3,0,5,1,0.03,0.08,65,103,noisy,17,109
8,GTFT: 0.33,2.0606796116504853,0.6829070201643017,1.0,0.9711538461538461,0.4220220313666916,0.2608849887976102,0.11656086631814787,0.2005321135175504,0.9702562388884854,0.3342484670679505,0.9708963868586656,0.33694041976899014,3,0,5,1,0.03,0.08,65,103,noisy,17,109
9,Tit For 2 Tats,2.025485436893204,0.7088965646004481,0.0,0.9730769230769231,0.4820668409260643,0.2268297236743839,0.07350634802091112,0.21759708737864075,0.9694223898748402,0.6879817209432569,0.9710035038687266,0.16565309702048198,3,0,5,1,0.03,0.08,65,103,noisy,17,109
10,Win-Stay Lose-Shift,2.0224514563106797,0.5222554144884242,6.0,0.9701923076923077,0.2445761762509335,0.27767923823749063,0.202781926811053,0.2749626587005228,0.9687253659134758,0.029490201909637068,0.03145047717593352,0.9691050126178289,3,0,5,1,0.03,0.08,65,103,noisy,17,109
11,Meta Mixer: 15 players,1.9605582524271845,0.40043876026885733,9.0,0.6009615384615384,0.16186519790888723,0.23857356235997007,0.22000560119492157,0.3795556385362211,0.48771481043353826,0.36721277064230134,0.46158533367855875,0.3602786476888743,3,0,5,1,0.03,0.08,65,103,noisy,17,109
12,Cycler DC,1.800364077669903,0.4957057505601195,6.0,0.03365384615384615,0.17218073188946975,0.32352501867064976,0.194314787154593,0.30997946228528755,0.09725114366264814,0.08611588763132186,0.9140203042840349,0.8992420147098263,3,0,5,1,0.03,0.08,65,103,noisy,17,109
13,Random: 0.5,1.7833737864077668,0.5020911127707244,5.0,0.4740384615384615,0.1838592233009709,0.3182318894697535,0.18343913368185213,0.31446975354742346,0.5033054793250776,0.5017740960583223,0.5169076804454267,0.49967867863025967,3,0,5,1,0.03,0.08,65,103,noisy,17,109
14,Win-Shift Lose-Stay: D,1.666868932038835,0.5581964152352502,5.0,0.03076923076923077,0.17078043315907393,0.3874159820761762,0.1797703510082151,0.2620332337565347,0.02983371425503051,0.9706208864493382,0.9715573230732639,0.02992128424138007,3,0,5,1,0.03,0.08,65,103,noisy,17,109
15,Bully,1.5764563106796117,0.6388722927557879,5.0,0.027884615384615386,0.17511202389843167,0.46376026885735633,0.16967886482449593,0.19144884241971624,0.030996528508495543,0.9695831525610801,0.034047034765481085,0.9691018451886754,3,0,5,1,0.03,0.08,65,103,noisy,17,109
16,Anti Tit For Tat,1.5151699029126213,0.6564973861090366,5.0,0.9730769230769231,0.17816467513069453,0.47833271097834196,0.15895257654966394,0.1845500373412995,0.029826239292060856,0.9712288227436794,0.035508799207651334,0.9687259030034736,3,0,5,1,0.03,0.08,65,103,noisy,17,109
0,"DoubleCrosser: (D, D)",2.2972488038277508,0.4170823577318538,5.0,0.9709864603481625,0.3338974854932302,0.08318487223862364,0.17723709660999695,0.4056805456581492,0.8624209099216057,0.6232702800018606,0.2704251938462465,0.04070437407145275,3,0,5,1,0.03,0.01,94,76,noisy,12,110
1,Grudger,2.1758373205741623,0.15197750178153313,9.0,0.9574468085106383,0.12048254097526216,0.031494960806271004,0.2408887305303879,0.6071337676880789,0.7036592199848942,0.030229513135053933,0.05722833548332217,0.030334083262263747,3,0,5,1,0.03,0.01,94,76,noisy,12,110
2,Evolved FSM 16,2.1626794258373208,0.47140639315891275,6.0,0.9680851063829787,0.2278071872136822,0.2435992059452306,0.23871271505650007,0.28988089178458726,0.5420258933657756,0.5193071280692961,0.4141525739324314,0.37939445034162156,3,0,5,1,0.03,0.01,94,76,noisy,12,110
3,Tit For Tat,2.1363636363636362,0.47457497709457397,3.0,0.9622823984526112,0.2611218568665377,0.21345312022803622,0.2047363330957956,0.32068868980963045,0.9744510860830583,0.02911821154148779,0.9698873039461996,0.02716846014796064,3,0,5,1,0.03,0.01,94,76,noisy,12,110
4,Soft Joss: 0.9,2.1052631578947367,0.5485849536801385,1.0,0.9613152804642167,0.3174692049272117,0.23111574875292681,0.17686806474600428,0.2745469815738572,0.9694390780251251,0.12196854713409798,0.9679565421046658,0.1275809253520227,3,0,5,1,0.03,0.01,94,76,noisy,12,110
5,Defector,2.078349282296651,0.030146085717194338,10.0,0.029980657640232108,0.008754962842308867,0.021391122874885475,0.2714674742950219,0.6983864399877838,0.045013022259469695,0.03223336959768514,0.029851521414298022,0.030281654834622997,3,0,5,1,0.03,0.01,94,76,noisy,12,110
6,Meta Winner: 11 players,2.07177033492823,0.06124656418609386,9.0,0.9758220502901354,0.02910261630866334,0.032143947877430516,0.26177084393769723,0.676982591876209,0.4350992866578048,0.14275353443643482,0.07461965492906382,0.03140944897865195,3,0,5,1,0.03,0.01,94,76,noisy,12,110
7,Suspicious Tit For Tat,2.0311004784689,0.40779293494859004,4.5,0.029980657640232108,0.1832052326173267,0.22458770233126338,0.22405324239030844,0.36815382266110147,0.9719306091991115,0.030316104084650842,0.9701762947848999,0.028635663243987794,3,0,5,1,0.03,0.01,94,76,noisy,12,110
8,Win-Stay Lose-Shift,1.8086124401913877,0.5520589432963453,3.0,0.9680851063829787,0.25222691642064543,0.2998320268756999,0.15137941565713123,0.29656164104652344,0.9682423000944788,0.030246471379197927,0.03262508745857776,0.9688627393559383,3,0,5,1,0.03,0.01,94,76,noisy,12,110
9,Alternator,1.6483253588516746,0.5027995520716685,3.0,0.9690522243713733,0.09523567138348774,0.4075638806881808,0.21695256031762192,0.28024788761070957,0.03028154879483314,0.029177670267101604,0.9667262511544089,0.9689872770000285,3,0,5,1,0.03,0.01,94,76,noisy,12,110
10,Cycler DC,1.631578947368421,0.4999236485798636,3.0,0.025145067698259187,0.0923470426549934,0.4075766059248702,0.21424208490277918,0.2858342665173572,0.12461458019589905,0.050563037002996115,0.9538307969135255,0.876751183026257,3,0,5,1,0.03,0.01,94,76,noisy,12,110
11,Random: 0.5,1.6142344497607655,0.5004962842308867,3.0,0.5174081237911026,0.15956174284841698,0.34093454138246976,0.15856917438664359,0.34093454138246976,0.49250394407511444,0.49778062762515635,0.5012625974694527,0.5032650338327577,3,0,5,1,0.03,0.01,94,76,noisy,12,110
0,Defector,2.7964285714285713,0.06008403361344538,13.0,0.046218487394957986,0.02794117647058824,0.03214285714285715,0.4407563025210084,0.4991596638655462,0.13951623089554124,0.10546536796536797,0.06605192248162575,0.06034602303203733,3,0,5,1,0.06,0.08,17,20,noisy,15,111
1,Grudger,2.6714285714285713,0.301890756302521,12.0,0.8949579831932774,0.23340336134453782,0.0684873949579832,0.33067226890756307,0.367436974789916,0.7123669014130437,0.0715910407414984,0.14192866871104287,0.06649883367654529,3,0,5,1,0.06,0.08,17,20,noisy,15,111
2,Evolved HMM 5,2.6107142857142853,0.46407563025210086,8.0,0.9453781512605042,0.32773109243697485,0.13634453781512604,0.2758403361344538,0.2600840336134454,0.7915629513034718,0.36218142355375244,0.19735167781403942,0.17537572127405837,3,0,5,1,0.06,0.08,17,20,noisy,15,111
3,"DoubleCrosser: (D, D)",2.5892857142857144,0.5756302521008403,8.0,0.9033613445378151,0.42268907563025215,0.15294117647058825,0.22163865546218486,0.2027310924369748,0.8058689072348384,0.7135963506985297,0.3222930601008933,0.12966822282151577,3,0,5,1,0.06,0.08,17,20,noisy,15,111
4,Evolved FSM 16,2.560714285714286,0.5060924369747899,8.0,0.957983193277311,0.32184873949579834,0.1842436974789916,0.27499999999999997,0.21890756302521003,0.6124340307835713,0.3879756697699403,0.45138706982589516,0.33881407262940144,3,0,5,1,0.06,0.08,17,20,noisy,15,111
5,Suspicious Tit For Tat,2.292857142857143,0.49831932773109244,6.0,0.029411764705882353,0.2848739495798319,0.21344537815126055,0.23508403361344535,0.2665966386554622,0.9280833629461611,0.06330962330775662,0.935212562453155,0.06321575267170064,3,0,5,1,0.06,0.08,17,20,noisy,15,111
6,Tit For Tat,2.2714285714285714,0.5781512605042017,3.0,0.9159663865546218,0.3644957983193277,0.21365546218487394,0.19054621848739497,0.23130252100840337,0.9603274226891606,0.07210466945545385,0.9492061608376652,0.09623195442761404,3,0,5,1,0.06,0.08,17,20,noisy,15,111
7,Meta Mixer: 14 players,2.2214285714285715,0.4718487394957983,7.0,0.6428571428571429,0.23004201680672273,0.24180672268907566,0.24558823529411766,0.28256302521008403,0.5404229820941655,0.3926072339692594,0.523557325994481,0.3924812313300022,3,0,5,1,0.06,0.08,17,20,noisy,15,111
8,Win-Stay Lose-Shift,2.1357142857142857,0.5909663865546219,3.0,0.9537815126050421,0.34096638655462186,0.24999999999999994,0.17521008403361343,0.2338235294117647,0.9466912549799139,0.07771807826122805,0.06237220070609649,0.948105986608606,3,0,5,1,0.06,0.08,17,20,noisy,15,111
9,GTFT: 0.33,2.125,0.704201680672269,1.0,0.9495798319327731,0.4283613445378151,0.2758403361344538,0.1439075630252101,0.15189075630252102,0.9385790057092691,0.35482050121844017,0.952950335439548,0.3623093432141085,3,0,5,1,0.06,0.08,17,20,noisy,15,111
10,Cycler DC,2.032142857142857,0.4970588235294118,4.0,0.058823529411764705,0.196218487394958,0.3008403361344537,0.2357142857142857,0.26722689075630257,0.156313513267607,0.13963036177068916,0.879368554337776,0.8421246180535491,3,0,5,1,0.06,0.08,17,20,noisy,15,111
11,Alternator,2.017857142857143,0.5102941176470588,4.0,0.9411764705882353,0.21239495798319324,0.29789915966386554,0.22836134453781512,0.261344537815126,0.07201382008734801,0.07448041208952656,0.9384678735762711,0.9369744569067076,3,0,5,1,0.06,0.08,17,20,noisy,15,111
12,Bully,1.9357142857142857,0.5478991596638656,5.0,0.03361344537815126,0.19600840336134456,0.35189075630252103,0.22752100840336134,0.22457983193277306,0.07803265294973881,0.9403836940818824,0.10961349263229589,0.9506474877736523,3,0,5,1,0.06,0.08,17,20,noisy,15,111
13,Cooperator,1.8821428571428573,0.9371848739495798,0.0,0.9285714285714286,0.55,0.38718487394957984,0.037394957983193276,0.025420168067226887,0.9383071951658446,0.9387749122147638,0.9410839160839161,0.9634857895727461,3,0,5,1,0.06,0.08,17,20,noisy,15,111
14,Anti Tit For Tat,1.8607142857142858,0.5813025210084034,5.0,0.9537815126050421,0.21932773109243694,0.3619747899159664,0.20546218487394957,0.21323529411764705,0.05842555982127234,0.9543520435757767,0.05815717262577374,0.9438090705411747,3,0,5,1,0.06,0.08,17,20,noisy,15,111
0,Grudger,2.9814814814814814,0.4304426377597109,4.0,0.9573170731707317,0.33446251129177956,0.09598012646793136,0.34733514001806687,0.22222222222222224,0.7600016399334435,0.05214386695116919,0.14869621872514907,0.0436381261372713,3,0,5,1,0.04,0.04,82,9,noisy,7,112
1,Meta Mixer: 5 players,2.314814814814815,0.5038392050587173,3.0,0.7113821138211383,0.273486901535682,0.23035230352303523,0.24299909665763322,0.2531616982836495,0.5727171552663882,0.38063572098354176,0.5014419455657146,0.4259578283886443,3,0,5,1,0.04,0.04,82,9,noisy,7,112
2,Soft Joss: 0.9,2.2777777777777777,0.6632791327913279,0.0,0.9512195121951219,0.4378952122854562,0.22538392050587175,0.15311653116531168,0.18360433604336046,0.96289427062726,0.10905541770895706,0.9667121349649578,0.13491316400173511,3,0,5,1,0.04,0.04,82,9,noisy,7,112
3,Win-Stay Lose-Shift,2.240740740740741,0.6650858175248419,1.0,0.9654471544715447,0.4424119241192412,0.2226738934056007,0.14024390243902438,0.19467028003613368,0.9492535690577281,0.03966431748227642,0.04804926538964875,0.9665170590808376,3,0,5,1,0.04,0.04,82,9,noisy,7,112
4,Meta Winner: 5 players,2.2037037037037037,0.5237127371273713,2.0,0.9634146341463414,0.242773261065944,0.2809394760614273,0.2479674796747968,0.22831978319783205,0.25423412112913274,0.8184466641561583,0.16448862941619588,0.6483313038336062,3,0,5,1,0.04,0.04,82,9,noisy,7,112
5,Bully,2.1388888888888893,0.4778681120144535,3.0,0.03048780487804878,0.17728093947606144,0.300587172538392,0.27213188798554655,0.25000000000000006,0.042304727130871495,0.9614971707145966,0.03116832589798328,0.9604369345224694,3,0,5,1,0.04,0.04,82,9,noisy,7,112
6,Random: 0.5,2.101851851851852,0.5094850948509485,2.0,0.5203252032520326,0.23893405600722675,0.2705510388437218,0.22267389340560073,0.2678410117434508,0.5097533991605625,0.5090545573935562,0.5084320994703545,0.5163091670959842,3,0,5,1,0.04,0.04,82,9,noisy,7,112
0,Grudger,2.824074074074074,0.1292147882649675,8.0,0.946236559139785,0.09269215452011152,0.03652263374485597,0.41746316208681805,0.45332204964821454,0.43025085006279984,0.052337359188058645,0.06977905345711269,0.047127041953177344,3,0,5,1,0.05,0.04,93,72,noisy,10,113
1,Defector,2.8132716049382718,0.04822116022832869,9.0,0.038231780167264036,0.022633744855967076,0.025587415372361606,0.44683393070489846,0.5049449090667728,0.047854050568850795,0.058227690972789015,0.04788433763973017,0.048163427521993527,3,0,5,1,0.05,0.04,93,72,noisy,10,113
2,Win-Shift Lose-Stay: D,2.2854938271604937,0.498805256869773,5.0,0.04778972520908005,0.24875547590601352,0.2500497809637594,0.2562060268153458,0.2449887163148812,0.04693431018194125,0.9487667519900866,0.9552124114834837,0.0440663714235576,3,0,5,1,0.05,0.04,93,72,noisy,10,113
3,Alternator,2.2700617283950617,0.5033851055356432,4.0,0.9414575866188769,0.257168458781362,0.24621664675428118,0.2491703172706757,0.24744457719368113,0.0533885333770532,0.055228713691423126,0.9478902391107931,0.9519397534542209,3,0,5,1,0.05,0.04,93,72,noisy,10,113
4,Cycler DC,2.2685185185185186,0.5000497809637594,5.0,0.05017921146953405,0.2538165405548918,0.24623324040886768,0.2512777114031594,0.24867250763308116,0.11164153936906408,0.11585641081255948,0.889964612144884,0.8876192435679784,3,0,5,1,0.05,0.04,93,72,noisy,10,113
5,Random: 0.5,2.20216049382716,0.5000663746183459,5.0,0.4922341696535245,0.243412319129165,0.2566540554891809,0.24165339174299744,0.25828023363865654,0.49776081751815365,0.49527448566132315,0.5063171665045277,0.5020871907894836,3,0,5,1,0.05,0.04,93,72,noisy,10,113
6,Soft Joss: 0.9,2.191358024691358,0.5683160759325634,2.0,0.951015531660693,0.32586618876941453,0.24244988716314875,0.1954898446833931,0.23619407938404352,0.9535463498403653,0.13679209105948187,0.9525923730828055,0.14390100984338636,3,0,5,1,0.05,0.04,93,72,noisy,10,113
7,Anti Tit For Tat,2.0864197530864197,0.5357759192884641,4.0,0.948626045400239,0.22871034116553832,0.3070655781229258,0.23775388291517327,0.22647019779636268,0.04868351870790693,0.947683721623172,0.04812067109914678,0.9547441078303778,3,0,5,1,0.05,0.04,93,72,noisy,10,113
8,Tit For 2 Tats,1.8734567901234567,0.7220562856763574,0.0,0.9605734767025089,0.43830479224744456,0.2837514934289128,0.0724644895791849,0.20547922474445773,0.9516611764172647,0.7202359961391785,0.9516505248064253,0.39542637851855705,3,0,5,1,0.05,0.04,93,72,noisy,10,113
9,Cooperator,1.4938271604938271,0.9504015664409929,0.0,0.955794504181601,0.4528906146289659,0.49751095181202715,0.023728926058675163,0.025869507500331873,0.9505500554858816,0.948812571179377,0.9412971682923376,0.9643842847586908,3,0,5,1,0.05,0.04,93,72,noisy,10,113
0,Grudger,2.603736089030207,0.13262393409452233,16.0,0.93048128342246,0.08309546177193236,0.049528472322589966,0.37191068073421024,0.49546538517126754,0.4972990606300469,0.07015291987456825,0.08742863082813442,0.06760900825580987,3,0,5,1,0.07,0.02,88,74,noisy,18,114
1,Defector,2.598569157392687,0.07047622488798959,16.0,0.06550802139037433,0.02976405549934961,0.04071216938863998,0.3948457146986559,0.5346780604133546,0.07584993113768608,0.06783836055353384,0.07066059369170623,0.07063898107875906,3,0,5,1,0.07,0.02,88,74,noisy,18,114
2,Evolved HMM 5,2.571939586645469,0.33124367683191214,12.0,0.9157754010695187,0.19923399335164044,0.1320096834802717,0.3289492701257407,0.33980705304234715,0.7180796651788861,0.3519207230139527,0.1502120834897513,0.19289780316317068,3,0,5,1,0.07,0.02,88,74,noisy,18,114
3,Meta Winner: 17 players,2.5544515103338634,0.10771065182829889,15.0,0.9278074866310161,0.05234679867032807,0.0553638531579708,0.37729440670617137,0.5149949414655297,0.3055378449566226,0.21509117270663858,0.08645029290531946,0.08938388162603828,3,0,5,1,0.07,0.02,88,74,noisy,18,114
4,"DoubleCrosser: (D, D)",2.506359300476948,0.34014127764127766,11.0,0.9391711229946524,0.24270125740713974,0.09744002023413789,0.2835218239630004,0.3763368983957219,0.7218354807589179,0.5313855923515162,0.21162411789029895,0.09315951220926133,3,0,5,1,0.07,0.02,88,74,noisy,18,114
5,Evolved FSM 16,2.4324324324324325,0.3667076167076167,11.0,0.9324866310160428,0.169659632894927,0.1970479838126897,0.32661873103049577,0.3066736522618876,0.4934993997189538,0.4138025312975082,0.28553663495220666,0.31564705037432583,3,0,5,1,0.07,0.02,88,74,noisy,18,114
6,Tit For Tat,2.205484896661367,0.5049501373030785,6.0,0.9298128342245989,0.2911005925711808,0.21384954473189768,0.20706568868333572,0.2879841740135858,0.9284869443535348,0.07058764263973151,0.9299196548094116,0.07235981208738124,3,0,5,1,0.07,0.02,88,74,noisy,18,114
7,Suspicious Tit For Tat,2.1645468998410173,0.4715638097991039,8.0,0.05414438502673797,0.2586266078913138,0.21293720190779014,0.21473478826420003,0.31370140193669604,0.9300088868560623,0.07358325957465946,0.9281475806740281,0.07077094468750335,3,0,5,1,0.07,0.02,88,74,noisy,18,114
8,Soft Joss: 0.9,2.15302066772655,0.5529158837982368,3.0,0.9318181818181818,0.3165468275762393,0.2363690562219974,0.18824071397600814,0.25884340222575514,0.9303116575382832,0.1578044606596572,0.9324248182343764,0.16266991667908992,3,0,5,1,0.07,0.02,88,74,noisy,18,114
9,Win-Stay Lose-Shift,2.110890302066773,0.5120140193669606,7.0,0.9378342245989305,0.24112949848243967,0.2708845208845208,0.22193416678710792,0.2660518138459315,0.9356152585532059,0.07137809316879266,0.0693708275492944,0.9309508294874176,3,0,5,1,0.07,0.02,88,74,noisy,18,114
10,GTFT: 0.33,2.0274244833068362,0.6535807197571903,1.0,0.9371657754010695,0.3658494724671196,0.28773124729007077,0.1452522040757335,0.2011670761670762,0.9310590427424592,0.3597470293114622,0.9304681196612579,0.35048923460019576,3,0,5,1,0.07,0.02,88,74,noisy,18,114
11,Random: 0.5,1.9467408585055646,0.5003251915016621,7.0,0.5080213903743316,0.20676759647347887,0.29355759502818324,0.2065688683335742,0.29310594016476377,0.5021284899896369,0.503051780165684,0.5037720779146069,0.4954555332323187,3,0,5,1,0.07,0.02,88,74,noisy,18,114
12,Alternator,1.917329093799682,0.5030170544876427,6.0,0.9244652406417112,0.18511526232114467,0.31790179216649805,0.2165323746206099,0.2804505708917474,0.06887670454127029,0.06969331458827051,0.930725821880833,0.933503217443144,3,0,5,1,0.07,0.02,88,74,noisy,18,114
13,Cycler DC,1.9109697933227348,0.5006955484896661,6.0,0.06751336898395723,0.1829924844630727,0.31770306402659343,0.21649624223153638,0.2828082092787976,0.1669491203321177,0.14699957163339217,0.8597361342318518,0.831348076303022,3,0,5,1,0.07,0.02,88,74,noisy,18,114
14,Win-Shift Lose-Stay: D,1.8728139904610492,0.5344161005925712,6.0,0.08088235294117647,0.19216107819048991,0.3422550224020812,0.20517777135424195,0.26040612805318686,0.07059331930972575,0.9303697623313544,0.9269314749439326,0.06789815221502425,3,0,5,1,0.07,0.02,88,74,noisy,18,114
15,Bully,1.8088235294117645,0.5818217950570892,7.0,0.07219251336898395,0.19490713976008095,0.3869146552970082,0.2019439225321578,0.21623428241075296,0.07263306544502418,0.927210371332039,0.07026821328315283,0.9295597087698828,3,0,5,1,0.07,0.02,88,74,noisy,18,114
16,Anti Tit For Tat,1.7682829888712241,0.598849183408007,6.0,0.9324866310160428,0.20231427952016184,0.396534903887845,0.189369851134557,0.2117809654574361,0.07112245753592383,0.929840689105203,0.07238811303169149,0.9334257056187877,3,0,5,1,0.07,0.02,88,74,noisy,18,114
17,Cooperator,1.553656597774245,0.9292708483884955,0.0,0.9251336898395722,0.44757190345425635,0.48169894493423904,0.0339825119236884,0.03674663968781616,0.9288588583198282,0.9303050324021029,0.9364280155555171,0.9279531131678078,3,0,5,1,0.07,0.02,88,74,noisy,18,114
0,Evolved HMM 5,2.422222222222222,0.40105193951347795,8.0,0.9408284023668639,0.2567483798253029,0.14430355968817507,0.26488212642058795,0.33406593406593416,0.8028755052794121,0.366198758978889,0.16846227082362752,0.20979547024756215,3,0,5,1,0.07,0.09,91,45,noisy,14,115
1,"DoubleCrosser: (D, D)",2.376068376068376,0.4587771203155819,8.0,0.9357565511411665,0.3473466704235935,0.11143044989198835,0.19900441438902974,0.3422184652953884,0.8227237568299329,0.6037442861015402,0.2644954421311617,0.11798056615922903,3,0,5,1,0.07,0.09,91,45,noisy,14,115
2,Defector,2.3726495726495727,0.07091199398891707,13.0,0.09213863060016907,0.02667418052033437,0.044237813468582694,0.3426880811496196,0.5863999248614633,0.06347249591213083,0.06858042527208492,0.06965565109729083,0.07157203719029612,3,0,5,1,0.07,0.09,91,45,noisy,14,115
3,Meta Winner: 12 players,2.370940170940171,0.11488682257913027,12.0,0.9213863060016906,0.05620362543439465,0.058683197144735605,0.3319244857706397,0.5531886916502301,0.38314194952463787,0.1571311305035802,0.09986678329820164,0.0704208163775014,3,0,5,1,0.07,0.09,91,45,noisy,14,115
4,Tit For Tat,2.2888888888888888,0.5548229548229549,5.0,0.9129332206255283,0.35132901286747437,0.2034939419554804,0.2001878463416925,0.2449891988353527,0.9290797999975081,0.06671339100212839,0.9318654497253847,0.0777552049436139,3,0,5,1,0.07,0.09,91,45,noisy,14,115
5,Evolved FSM 16,2.2888888888888888,0.4622898469052315,8.0,0.9256128486897718,0.24544003005541473,0.21684981684981688,0.25763125763125766,0.2800788954635109,0.5463143310514793,0.4573850883953013,0.3850638903638571,0.3606484549331904,3,0,5,1,0.07,0.09,91,45,noisy,14,115
6,Suspicious Tit For Tat,2.25982905982906,0.508763031839955,7.0,0.06255283178360102,0.30964590964590966,0.19911712219404526,0.21239785855170468,0.27883910960834035,0.930156470338653,0.07211880042449356,0.9272326729178922,0.06717659912208303,3,0,5,1,0.07,0.09,91,45,noisy,14,115
7,GTFT: 0.33,2.164102564102564,0.6926270310885696,2.0,0.9188503803888419,0.42370620832159295,0.2689208227669766,0.14719639335023954,0.16017657556119091,0.9222373542910253,0.35859284569291144,0.9314572589894461,0.39084228448296027,3,0,5,1,0.07,0.09,91,45,noisy,14,115
8,Meta Mixer: 12 players,2.1316239316239316,0.4791020944867099,6.0,0.6365173288250211,0.2457405842021227,0.2333615102845872,0.22036254343946646,0.3005353620738236,0.6241501500152703,0.3651070801263393,0.6108334883449931,0.3451492339087517,3,0,5,1,0.07,0.09,91,45,noisy,14,115
9,Tit For 2 Tats,2.1196581196581197,0.7626937165398704,1.0,0.9281487743026204,0.5282051282051282,0.23448858833474223,0.07461256692025922,0.16269371653987036,0.9291475847198419,0.7340295148373325,0.9342045963638343,0.36642494555503485,3,0,5,1,0.07,0.09,91,45,noisy,14,115
10,Cycler DC,2.0803418803418805,0.4905231520616136,5.0,0.060862214708368556,0.17172912557527942,0.31879402648633415,0.26307880154033997,0.2463980463980464,0.171428410686631,0.1135006878259479,0.8872223577782932,0.8210957028456582,3,0,5,1,0.07,0.09,91,45,noisy,14,115
11,Alternator,2.0632478632478635,0.5046679815910585,4.0,0.9230769230769231,0.17612472997088383,0.3285432516201747,0.2595472903165211,0.2357847280924204,0.07018689790653866,0.06882414207934863,0.9320031461337417,0.9270084689984075,3,0,5,1,0.07,0.09,91,45,noisy,14,115
12,Win-Shift Lose-Stay: D,2.0529914529914532,0.5151310228233306,5.0,0.07438715131022823,0.21641777026392411,0.2987132525594064,0.23116370808678502,0.25370526908988444,0.07384416001422014,0.9287239172035633,0.9280775600063579,0.07244559644984763,3,0,5,1,0.07,0.09,91,45,noisy,14,115
13,Cooperator,1.8735042735042737,0.9284305438151592,0.0,0.9306846999154691,0.5428759274913121,0.38555461632384713,0.04181459566074951,0.029754860524091296,0.9306399938120639,0.9275675501420488,0.9297406835649951,0.926025811255343,3,0,5,1,0.07,0.09,91,45,noisy,14,115
0,Defector,2.593582887700535,0.09371021135727019,11.0,0.09523809523809523,0.039979628214922326,0.05373058314234784,0.39724980901451495,0.5090399796282149,0.12570294573690158,0.13120581565959719,0.08955563761919136,0.10113838273061022,3,0,5,1,0.1,0.01,21,17,noisy,12,116
1,Meta Winner: 10 players,2.5454545454545454,0.2108479755538579,10.0,0.8961038961038961,0.10898905016552073,0.10185892538833716,0.3496307613954673,0.43952126305067485,0.17090829993515252,0.27559350115095427,0.13212998995811281,0.19358065073900185,3,0,5,1,0.1,0.01,21,17,noisy,12,116
2,Evolved HMM 5,2.4812834224598928,0.42424242424242425,7.0,0.9047619047619048,0.26152279093455566,0.1627196333078686,0.27476445123503945,0.3009931245225363,0.774440241709965,0.34265178009197145,0.22983222098519845,0.20210576679258513,3,0,5,1,0.1,0.01,21,17,noisy,12,116
3,"DoubleCrosser: (D, D)",2.4010695187165774,0.5380697733638911,5.0,0.922077922077922,0.3407181054239878,0.19735166793990322,0.22434428316781263,0.23758594346829642,0.7962002118402798,0.6330017407089256,0.2791131079320426,0.17404578309744362,3,0,5,1,0.1,0.01,21,17,noisy,12,116
4,Evolved FSM 16,2.342245989304813,0.4899414311179017,5.0,0.8874458874458875,0.2768016297428062,0.21313980137509547,0.24929971988795518,0.2607588489941431,0.6245458026391181,0.37595286652400756,0.4228270663372838,0.3820312396061537,3,0,5,1,0.1,0.01,21,17,noisy,12,116
5,Tit For Tat,2.128342245989305,0.533231474407945,3.0,0.8917748917748918,0.322638146167558,0.2105933282403871,0.17927170868347342,0.2874968169085816,0.8814797590358893,0.11376494432846931,0.9249035945030859,0.11644824883769046,3,0,5,1,0.1,0.01,21,17,noisy,12,116
6,Meta Mixer: 10 players,2.1122994652406417,0.47695441813088874,5.0,0.6753246753246753,0.2223071046600458,0.2546473134708429,0.22663610898905012,0.2964094728800611,0.48539221069565724,0.4632959328960698,0.4863636309507269,0.4523283449478787,3,0,5,1,0.1,0.01,21,17,noisy,12,116
7,Random: 0.5,2.0106951871657754,0.48892284186401835,4.0,0.48484848484848486,0.20830150241914946,0.2806213394448689,0.21670486376368728,0.2943722943722944,0.47979077541116344,0.49518390996710393,0.4998985582523528,0.4739875487851996,3,0,5,1,0.1,0.01,21,17,noisy,12,116
8,Tit For 2 Tats,1.9946524064171123,0.6883116883116883,0.0,0.9134199134199135,0.41023682200152795,0.27807486631016043,0.11128087598675834,0.20040743570155337,0.9061985926126647,0.6310596818734429,0.8767123073175402,0.251611546194996,3,0,5,1,0.1,0.01,21,17,noisy,12,116
9,Win-Stay Lose-Shift,1.9946524064171123,0.5620066208301503,3.0,0.8831168831168831,0.2846956964604023,0.27731092436974786,0.17341482047364404,0.2645785586962057,0.8905415181637433,0.09347378235464991,0.10055889490828505,0.9074632288568698,3,0,5,1,0.1,0.01,21,17,noisy,12,116
10,Bully,1.8823529411764708,0.5472370766488414,4.0,0.08225108225108226,0.16603004838298957,0.3812070282658518,0.22969187675070027,0.22307104660045834,0.09288064776820178,0.8934486523539565,0.10761053480713034,0.9124895989212495,3,0,5,1,0.1,0.01,21,17,noisy,12,116
11,Anti Tit For Tat,1.7593582887700534,0.6035141329258976,3.0,0.9047619047619048,0.20015278838808245,0.40336134453781514,0.18232747644512348,0.21415839062897885,0.09200052345240954,0.9036008884860526,0.09539123118691864,0.8924423390035638,3,0,5,1,0.1,0.01,21,17,noisy,12,116
0,Evolved HMM 5,2.634605263157895,0.33427125506072874,13.0,0.9473684210526315,0.2135728744939271,0.1206983805668016,0.32947368421052636,0.33625506072874495,0.7298481185186474,0.35184282363938646,0.13688488104433774,0.18505582324369768,3,0,5,1,0.05,0.05,26,200,noisy,20,117
1,Grudger,2.554605263157895,0.08316801619433198,18.0,0.9595141700404858,0.049180161943319846,0.03398785425101214,0.37180161943319834,0.5450303643724697,0.4803640962835452,0.05192929695339856,0.05594725042957113,0.04892426701323333,3,0,5,1,0.05,0.05,26,200,noisy,20,117
2,Defector,2.5476315789473682,0.049382591093117406,18.0,0.0465587044534413,0.020101214574898784,0.029281376518218622,0.38409919028340084,0.5665182186234818,0.04929030855798013,0.06675272292150994,0.05164978780705932,0.04897991106793043,3,0,5,1,0.05,0.05,26,200,noisy,20,117
3,"DoubleCrosser: (D, D)",2.5355263157894736,0.2792914979757085,13.0,0.9291497975708503,0.2123886639676113,0.06690283400809716,0.2923076923076923,0.42840080971659916,0.6953661791281229,0.4722773582379735,0.16748836515685797,0.059182806481662686,3,0,5,1,0.05,0.05,26,200,noisy,20,117
4,Meta Winner: 18 players,2.5269736842105264,0.06449392712550607,17.5,0.9433198380566802,0.02940283400809716,0.03509109311740892,0.3738765182186235,0.5616295546558704,0.22842610006809738,0.14626732534620324,0.057902508000771964,0.05778120034715891,3,0,5,1,0.05,0.05,26,200,noisy,20,117
5,Evolved FSM 16,2.5069736842105264,0.3059514170040486,13.0,0.951417004048583,0.12809716599190282,0.17785425101214572,0.3562651821862349,0.3377834008097166,0.4282286660532896,0.3960914098449302,0.25128474734341233,0.24827532517167275,3,0,5,1,0.05,0.05,26,200,noisy,20,117
6,Tit For Tat,2.2199999999999998,0.513006072874494,8.0,0.9453441295546559,0.31335020242914985,0.19965587044534408,0.19736842105263164,0.28962550607287446,0.95063681688985,0.050418541101729684,0.9534016559926735,0.05007277401986377,3,0,5,1,0.05,0.05,26,200,noisy,20,117
7,Soft Joss: 0.9,2.2027631578947364,0.572419028340081,4.0,0.9635627530364372,0.3527935222672065,0.21962550607287443,0.17813765182186234,0.24944331983805665,0.949780919423627,0.13814008544813844,0.9506865149024479,0.14254878980376973,3,0,5,1,0.05,0.05,26,200,noisy,20,117
8,Suspicious Tit For Tat,2.1840789473684206,0.48949392712550605,9.5,0.03643724696356275,0.2863562753036437,0.2031376518218623,0.20389676113360325,0.3066093117408907,0.9487530977082022,0.050229496598523764,0.9485940400649092,0.05143693282991599,3,0,5,1,0.05,0.05,26,200,noisy,20,117
9,Win-Stay Lose-Shift,2.1207894736842103,0.5069230769230769,9.0,0.9574898785425101,0.23834008097165993,0.26858299595141694,0.22603238866396763,0.26704453441295545,0.9473451622498958,0.0485319185504416,0.05141550198632827,0.9501279356357183,3,0,5,1,0.05,0.05,26,200,noisy,20,117
10,Meta Mixer: 18 players,2.043157894736842,0.43968623481781377,12.0,0.6983805668016194,0.19091093117408908,0.24877530364372466,0.22847165991902835,0.3318421052631579,0.5138604340861349,0.3966665490110882,0.5106160264531903,0.39153204278121617,3,0,5,1,0.05,0.05,26,200,noisy,20,117
11,GTFT: 0.33,2.040921052631579,0.665921052631579,2.0,0.9615384615384616,0.3927834008097166,0.2731376518218624,0.13186234817813766,0.20221659919028345,0.9491279040775119,0.35125114720725037,0.9493753586252295,0.3449163278933193,3,0,5,1,0.05,0.05,26,200,noisy,20,117
12,Tit For 2 Tats,2.0103947368421053,0.698087044534413,0.0,0.9574898785425101,0.46343117408906886,0.2346558704453441,0.0815688259109312,0.22034412955465585,0.9503877179637785,0.6752106135999165,0.9524762765269198,0.2873504029815605,3,0,5,1,0.05,0.05,26,200,noisy,20,117
13,Alternator,1.9788157894736842,0.501578947368421,7.5,0.937246963562753,0.18965587044534415,0.3119230769230769,0.2279757085020243,0.27044534412955457,0.04678293200941938,0.05426986906240596,0.9547988693867883,0.9492837328879631,3,0,5,1,0.05,0.05,26,200,noisy,20,117
14,Cycler DC,1.9723684210526313,0.5007388663967611,7.0,0.0465587044534413,0.18931174089068822,0.311427125506073,0.22664979757085021,0.27261133603238874,0.1308960860987284,0.11219319130880567,0.8940045275976146,0.8600997526474179,3,0,5,1,0.05,0.05,26,200,noisy,20,117
15,Random: 0.5,1.952105263157895,0.4988765182186235,8.0,0.5101214574898786,0.20745951417004047,0.29141700404858295,0.20794534412955465,0.2931781376518218,0.49877564634644145,0.4925619688597303,0.5015153957606417,0.505303947747131,3,0,5,1,0.05,0.05,26,200,noisy,20,117
16,Win-Shift Lose-Stay: D,1.8938157894736842,0.5392206477732794,8.0,0.03643724696356275,0.20102226720647765,0.3381983805668017,0.2076720647773279,0.2531072874493927,0.04765952607056915,0.9502377758053918,0.9498041033827668,0.04994679446980778,3,0,5,1,0.05,0.05,26,200,noisy,20,117
17,Bully,1.7986842105263157,0.5893016194331984,8.0,0.038461538461538464,0.1928542510121457,0.3964473684210526,0.20217611336032387,0.20852226720647768,0.04806688764456023,0.9474253505885898,0.048330754805767026,0.9496038394944875,3,0,5,1,0.05,0.05,26,200,noisy,20,117
18,Anti Tit For Tat,1.7935526315789474,0.593663967611336,8.0,0.9453441295546559,0.19642712550607289,0.39723684210526317,0.20119433198380565,0.20514170040485832,0.04806988330739692,0.9532877237629126,0.05233162678789821,0.9471244809595556,3,0,5,1,0.05,0.05,26,200,noisy,20,117
19,Cooperator,1.5232894736842106,0.950334008097166,1.0,0.9554655870445344,0.455334008097166,0.49499999999999994,0.02426113360323887,0.025404858299595143,0.9533210691281122,0.9484212286071295,0.9479805982588237,0.9428905140435976,3,0,5,1,0.05,0.05,26,200,noisy,20,117
0,"DoubleCrosser: (D, D)",2.4802371541501977,0.33916083916083917,7.0,0.9475524475524476,0.2523780567258828,0.08678278243495637,0.25934934630586803,0.40148981453329285,0.7123419457322788,0.516936698603702,0.21255281975958387,0.06523178016440716,3,0,5,1,0.06,0.06,26,161,noisy,12,118
1,Meta Winner: 10 players,2.39158667419537,0.07370889979585632,10.0,0.9370629370629371,0.028558398123615512,0.0451505016722408,0.34250532076619034,0.5837857794379534,0.10096743266526555,0.12069156830355482,0.060426966644832984,0.07000488082572918,3,0,5,1,0.06,0.06,26,161,noisy,12,118
2,Defector,2.386787125917561,0.06030925596142987,10.0,0.045454545454545456,0.021760847847804368,0.038548408113625504,0.3460018242626938,0.5936889197758762,0.06048726609483988,0.04964544808352039,0.06128156676203932,0.06130317324295154,3,0,5,1,0.06,0.06,26,161,noisy,12,118
3,Evolved HMM 5,2.3557312252964424,0.3619858402467098,8.0,0.9545454545454546,0.21754332623897837,0.14444251400773142,0.2636928289102202,0.37432133084307,0.7793722717859365,0.36413801330385626,0.1424532007901933,0.208398132249612,3,0,5,1,0.06,0.06,26,161,noisy,12,118
4,Evolved FSM 16,2.178430265386787,0.34144116752812403,7.0,0.9405594405594405,0.1326282413238935,0.20881292620423053,0.2835642618251314,0.37499457064674463,0.48992861316366004,0.40414603569005786,0.2501699095361032,0.28839898912995215,3,0,5,1,0.06,0.06,26,161,noisy,12,118
5,Soft Joss: 0.9,2.141163184641446,0.5510142031881162,3.0,0.9405594405594405,0.3581201407288364,0.1928940624592799,0.14685314685314685,0.3021326499587369,0.9426639405187373,0.1480913387560775,0.9421646983705287,0.1494301843589825,3,0,5,1,0.06,0.06,26,161,noisy,12,118
6,Tit For 2 Tats,1.966403162055336,0.6162098770794423,0.0,0.9475524475524476,0.3911957607609782,0.22501411631846413,0.09887938148807712,0.2849107414324805,0.9401579135520929,0.5916050695460409,0.9402185454577311,0.1801867597769483,3,0,5,1,0.06,0.06,26,161,noisy,12,118
7,GTFT: 0.33,1.9635798983625068,0.6418147070320983,1.0,0.9370629370629371,0.3820310124657951,0.2597836945663033,0.11023758849845806,0.2479477044694436,0.937031457769126,0.345164536061147,0.9393855327163199,0.3611774731023908,3,0,5,1,0.06,0.06,26,161,noisy,12,118
8,Meta Mixer: 10 players,1.9232072275550536,0.3977761369065717,6.0,0.7202797202797203,0.1579290274942449,0.23984710941232681,0.2170003909134344,0.38522347217999386,0.4988987126801723,0.3484592175066986,0.47226198066535896,0.35136939412915275,3,0,5,1,0.06,0.06,26,161,noisy,12,118
9,Win-Stay Lose-Shift,1.777526821005082,0.5337488598358163,4.0,0.9615384615384616,0.22744646657690135,0.306302393258915,0.15942752899274637,0.3068236111714372,0.9389332737353232,0.05746677568492546,0.057117570648387336,0.9419401356088486,3,0,5,1,0.06,0.06,26,161,noisy,12,118
10,Random: 0.5,1.725014116318464,0.4996308039786301,4.0,0.44755244755244755,0.1752812404986318,0.32434956347999827,0.17649741562785043,0.3238717803935195,0.49193973674842906,0.5000276596721407,0.493578972627408,0.4980467159003705,3,0,5,1,0.06,0.06,26,161,noisy,12,118
11,Bully,1.4782608695652173,0.6528254354341311,4.0,0.024475524475524476,0.15684315684315686,0.4959822785909742,0.16390131607522912,0.18327324849063978,0.05934487273689073,0.9385324681932062,0.06767830268184725,0.9397940413509808,3,0,5,1,0.06,0.06,26,161,noisy,12,118
0,"DoubleCrosser: (D, D)",2.380952380952381,0.5543345543345544,1.0,0.8974358974358975,0.37484737484737485,0.1794871794871795,0.19658119658119655,0.2490842490842491,0.8684280042371425,0.6858974358974358,0.2751315693355312,0.13171191553544495,3,0,5,1,0.08,0.06,13,21,noisy,4,119
1,Meta Mixer: 3 players,2.222222222222222,0.42124542124542125,1.0,0.3076923076923077,0.242979242979243,0.17826617826617827,0.22466422466422464,0.3540903540903541,0.6434301547778313,0.319857176893728,0.6554813345858121,0.16317691317691319,3,0,5,1,0.08,0.06,13,21,noisy,4,119
2,Suspicious Tit For Tat,2.206349206349206,0.4908424908424908,1.0,0.10256410256410256,0.3125763125763126,0.17826617826617827,0.19169719169719168,0.31746031746031744,0.9249200922554378,0.09902597402597402,0.9197684391080617,0.05319185645272601,3,0,5,1,0.08,0.06,13,21,noisy,4,119
3,Win-Shift Lose-Stay: D,1.857142857142857,0.4456654456654457,0.0,0.07692307692307693,0.18070818070818073,0.26495726495726496,0.18803418803418803,0.36630036630036633,0.12594804437746893,0.9365897783808231,0.9252434557312607,0.06867238082071841,3,0,5,1,0.08,0.06,13,21,noisy,4,119
0,Grudger,2.5902597402597403,0.09626984126984127,11.0,0.9464646464646465,0.05637085137085136,0.0398989898989899,0.37911976911976913,0.5246103896103897,0.5034059404756522,0.05741824531450927,0.06760013646641727,0.058427801017015196,3,0,5,1,0.06,0.0,90,140,noisy,12,120
1,Evolved FSM 16,2.589285714285714,0.31212842712842714,8.0,0.9414141414141414,0.1461111111111111,0.166017316017316,0.36380230880230885,0.324069264069264,0.4029876410048148,0.41353291229798617,0.29862360655332104,0.23039266071653033,3,0,5,1,0.06,0.0,90,140,noisy,12,120
2,Meta Winner: 11 players,2.516233766233766,0.10705627705627706,10.0,0.9474747474747475,0.04775613275613277,0.05930014430014429,0.36279220779220783,0.5301515151515152,0.2880128829134097,0.328836058616784,0.09360508313717887,0.0808440278129609,3,0,5,1,0.06,0.0,90,140,noisy,12,120
3,Tit For Tat,2.188961038961039,0.49322510822510823,4.0,0.9474747474747475,0.27014430014430013,0.22308080808080807,0.21744588744588744,0.28932900432900427,0.9418130562863799,0.06241019594549901,0.9414119011555033,0.0625115932903023,3,0,5,1,0.06,0.0,90,140,noisy,12,120
4,Suspicious Tit For Tat,2.175,0.4751731601731602,5.0,0.06767676767676768,0.2526334776334776,0.2225396825396825,0.22242424242424239,0.30240259740259734,0.940203507429763,0.05948637660461414,0.941427813179608,0.058825214914101816,3,0,5,1,0.06,0.0,90,140,noisy,12,120
5,Soft Joss: 0.9,2.1305194805194807,0.5404617604617604,1.0,0.9474747474747475,0.3000432900432901,0.24041847041847042,0.19171717171717173,0.2678210678210678,0.9374588435130594,0.15037397211159031,0.9409157548043487,0.14978476830855453,3,0,5,1,0.06,0.0,90,140,noisy,12,120
6,Alternator,2.0217532467532466,0.5020490620490621,5.0,0.9474747474747475,0.19985569985569987,0.3021933621933622,0.23134920634920633,0.2666017316017316,0.06026937308423024,0.06097407500138654,0.9428566989935661,0.942224771810513,3,0,5,1,0.06,0.0,90,140,noisy,12,120
7,Tit For 2 Tats,1.978896103896104,0.6746897546897547,0.0,0.9494949494949495,0.4127994227994228,0.2618903318903319,0.10240981240981241,0.22290043290043285,0.9401220036338788,0.6453089092477934,0.9424364926213292,0.2560655958580678,3,0,5,1,0.06,0.0,90,140,noisy,12,120
8,Random: 0.5,1.9483766233766233,0.5007070707070707,5.0,0.45454545454545453,0.20813131313131314,0.29257575757575754,0.20717893217893216,0.29211399711399716,0.4975995589314186,0.49931452851193847,0.5057532465314023,0.4995816125186663,3,0,5,1,0.06,0.0,90,140,noisy,12,120
9,Win-Stay Lose-Shift,1.9360389610389612,0.5189249639249639,4.0,0.9585858585858585,0.22935064935064933,0.2895743145743146,0.1931962481962482,0.2878787878787879,0.9406672073806331,0.06202453711902176,0.059073259668815915,0.9379855802541219,3,0,5,1,0.06,0.0,90,140,noisy,12,120
10,Bully,1.8107142857142857,0.5827489177489178,5.0,0.05555555555555555,0.21208513708513707,0.37066378066378064,0.1901731601731602,0.22707792207792207,0.06142633820577836,0.9413876889165322,0.05741959300465902,0.9389674666956206,3,0,5,1,0.06,0.0,90,140,noisy,12,120
11,Anti Tit For Tat,1.7811688311688312,0.5921572871572871,5.0,0.9444444444444444,0.2163059163059163,0.3758513708513708,0.1823953823953824,0.22544733044733045,0.060398939005752356,0.9419096503570497,0.05754590476235695,0.9404243532801456,3,0,5,1,0.06,0.0,90,140,noisy,12,120
0,Grudger,2.6576576576576576,0.2606399502951227,11.0,0.9636015325670498,0.2150512581547064,0.04558869214041628,0.32007869938904426,0.419281350315833,0.6834605138709048,0.04943525132771665,0.09599589648185029,0.04715726280393872,3,0,5,1,0.05,0.02,87,37,noisy,13,121
1,Evolved HMM 5,2.6486486486486487,0.434762348555452,8.0,0.9434865900383141,0.31264885575230406,0.12211349280314798,0.28865071968520245,0.27658693175934557,0.8432471191911066,0.35301374275933073,0.1730667927432917,0.19040233198342107,3,0,5,1,0.05,0.02,87,37,noisy,13,121
2,Defector,2.6013513513513513,0.04856580718649684,12.0,0.03735632183908046,0.02071036553795174,0.02785544164854509,0.39965827896862377,0.5517759138448793,0.08422518045470995,0.052722710566377715,0.05226272622551013,0.047671950440239634,3,0,5,1,0.05,0.02,87,37,noisy,13,121
3,Evolved FSM 16,2.5225225225225225,0.5091125608366988,7.0,0.9454022988505747,0.31226053639846746,0.19685202443823135,0.2739722481101791,0.21691519105312207,0.6360925313539215,0.43625162964221964,0.4288260624965285,0.3895331332162564,3,0,5,1,0.05,0.02,87,37,noisy,13,121
4,Tit For Tat,2.3626126126126126,0.5994097545821684,4.0,0.9530651340996169,0.4200321010665839,0.17937765351558455,0.17632287459873666,0.22426737081909495,0.9523108871445198,0.05253103462030781,0.9481369597560342,0.055582012965799316,3,0,5,1,0.05,0.02,87,37,noisy,13,121
5,Soft Joss: 0.9,2.310810810810811,0.6323133478305892,3.0,0.9521072796934866,0.4297918608263436,0.2025214870042456,0.16537226882054465,0.2023143833488661,0.9388622611489591,0.1415226301167706,0.952709971842506,0.13839991454204423,3,0,5,1,0.05,0.02,87,37,noisy,13,121
6,Meta Mixer: 12 players,2.213963963963964,0.47960028994511755,6.0,0.725095785440613,0.2543750647198923,0.22522522522522523,0.23060992026509264,0.2897897897897898,0.5761856904195031,0.3777733339801801,0.5605369450183887,0.380238571506954,3,0,5,1,0.05,0.02,87,37,noisy,13,121
7,GTFT: 0.33,2.2072072072072073,0.7181837009423216,2.0,0.9549808429118773,0.4717821269545408,0.24640157398778095,0.1289738013875945,0.15284249767008387,0.9494873635795306,0.35506604661668734,0.9443244281462034,0.3498549500607468,3,0,5,1,0.05,0.02,87,37,noisy,13,121
8,Win-Shift Lose-Stay: D,2.18018018018018,0.5288650719685203,6.0,0.04597701149425287,0.2315936626281454,0.2972714093403749,0.25119084601843217,0.21994408201304752,0.04769003455773945,0.9484275100965066,0.9493843315985234,0.05391419824276966,3,0,5,1,0.05,0.02,87,37,noisy,13,121
9,Tit For 2 Tats,2.175675675675676,0.7740499119809464,1.0,0.946360153256705,0.5564357460909185,0.2176141658900279,0.06984570777674225,0.15610438024231124,0.9538655214096137,0.7299267511805967,0.9563444507951502,0.39228594674656153,3,0,5,1,0.05,0.02,87,37,noisy,13,121
10,Cycler DC,2.135135135135135,0.48783266024645333,6.0,0.04118773946360153,0.19410790100445272,0.29372475924200064,0.261364813088951,0.2508025266645956,0.13639818595135536,0.10121153711367759,0.8974173616440589,0.850887963778466,3,0,5,1,0.05,0.02,87,37,noisy,13,121
11,Anti Tit For Tat,1.912162162162162,0.5779486382934659,5.0,0.9454022988505747,0.19887128507818164,0.37907735321528424,0.22431914673293984,0.19773221497359428,0.05041935970833262,0.9503712446087588,0.053963132215632446,0.9512097812204124,3,0,5,1,0.05,0.02,87,37,noisy,13,121
12,Cooperator,1.8693693693693694,0.9483017500258879,1.0,0.9444444444444444,0.5616392254323289,0.38666252459355915,0.02992647820234028,0.021771771771771774,0.9493904016907688,0.9469022636273515,0.9507098474013552,0.9575605847151306,3,0,5,1,0.05,0.02,87,37,noisy,13,121
0,Grudger,2.5528571428571425,0.16851190476190475,13.0,0.9464285714285714,0.13488095238095238,0.03363095238095238,0.3324404761904762,0.499047619047619,0.7039709852192803,0.05686995564022799,0.06757447895064238,0.04146651736538446,3,0,5,1,0.04,0.01,16,75,noisy,15,122
1,Evolved HMM 5,2.5385714285714287,0.3994642857142857,9.0,0.96875,0.2663690476190476,0.1330952380952381,0.28380952380952384,0.3167261904761905,0.8258377945706282,0.3718337623653344,0.15143422529494383,0.1975555603679793,3,0,5,1,0.04,0.01,16,75,noisy,15,122
2,Defector,2.5047619047619047,0.04172619047619048,13.0,0.05357142857142857,0.016547619047619044,0.02517857142857143,0.37202380952380953,0.58625,0.05992606159272826,0.07208619790946313,0.04503243609479558,0.03933954873940249,3,0,5,1,0.04,0.01,16,75,noisy,15,122
3,Meta Winner: 13 players,2.5033333333333334,0.08023809523809523,12.0,0.9598214285714286,0.03934523809523809,0.040892857142857154,0.36327380952380955,0.5564880952380953,0.3745668972827755,0.20077519720555356,0.06654277368636098,0.07506063190091179,3,0,5,1,0.04,0.01,16,75,noisy,15,122
4,"DoubleCrosser: (D, D)",2.4685714285714284,0.4388095238095238,7.0,0.9642857142857143,0.35220238095238093,0.08660714285714287,0.2201190476190476,0.3410714285714285,0.8292243384164745,0.6387306665083028,0.2842891599707302,0.052027464259784995,3,0,5,1,0.04,0.01,16,75,noisy,15,122
5,Evolved FSM 16,2.4038095238095236,0.4203571428571429,9.0,0.9375,0.2047619047619047,0.21559523809523815,0.30083333333333334,0.2788095238095238,0.6103494599415689,0.4357325787440369,0.3112643713697855,0.3541353952556167,3,0,5,1,0.04,0.01,16,75,noisy,15,122
6,Tit For Tat,2.253333333333333,0.5414285714285715,6.0,0.9241071428571429,0.3801785714285714,0.16124999999999998,0.15803571428571428,0.3005357142857143,0.9605421619671001,0.03967432803482949,0.9560840604057752,0.046739745205601195,3,0,5,1,0.04,0.01,16,75,noisy,15,122
7,Soft Joss: 0.9,2.1704761904761907,0.5857738095238095,3.0,0.9598214285714286,0.40321428571428575,0.18255952380952375,0.13749999999999998,0.27672619047619046,0.9626165671147756,0.1316202058199483,0.9563385596715881,0.1435073064443607,3,0,5,1,0.04,0.01,16,75,noisy,15,122
8,Win-Stay Lose-Shift,2.1366666666666667,0.5444642857142857,5.0,0.9553571428571429,0.28541666666666665,0.259047619047619,0.20166666666666666,0.2538690476190476,0.9579485248720412,0.04645475931940506,0.03894474062015723,0.9619219585991126,3,0,5,1,0.04,0.01,16,75,noisy,15,122
9,GTFT: 0.33,2.044761904761905,0.6858333333333333,1.0,0.9464285714285714,0.4421428571428571,0.24369047619047615,0.10232142857142858,0.21184523809523806,0.963540277256869,0.34031225470991505,0.9601824403502758,0.354518719055065,3,0,5,1,0.04,0.01,16,75,noisy,15,122
10,Meta Mixer: 13 players,1.9685714285714284,0.4305952380952381,7.5,0.7098214285714286,0.18791666666666665,0.2426785714285715,0.21196428571428574,0.35744047619047625,0.5414901719677772,0.357406246664414,0.5032004136606082,0.36341355125088054,3,0,5,1,0.04,0.01,16,75,noisy,15,122
11,Random: 0.5,1.815238095238095,0.5005357142857143,5.0,0.5223214285714286,0.1889285714285714,0.31160714285714286,0.18982142857142859,0.30964285714285716,0.48787083667144737,0.5002752104344806,0.5101136549702787,0.5120175686871307,3,0,5,1,0.04,0.01,16,75,noisy,15,122
12,Win-Shift Lose-Stay: D,1.6985714285714286,0.5695833333333333,4.0,0.03125,0.17285714285714285,0.3967261904761905,0.18708333333333335,0.24333333333333335,0.050868395873980066,0.9502044555868449,0.9700157813818983,0.036361887132742146,3,0,5,1,0.04,0.01,16,75,noisy,15,122
13,Bully,1.6452380952380952,0.62875,5.5,0.044642857142857144,0.1425595238095238,0.4861904761904762,0.2085714285714286,0.16267857142857145,0.045046098608174656,0.9622012345869085,0.05081024883777292,0.9499063551873961,3,0,5,1,0.04,0.01,16,75,noisy,15,122
14,Cooperator,1.572857142857143,0.9598809523809524,0.0,0.9553571428571429,0.48767857142857146,0.47220238095238093,0.02148809523809524,0.01863095238095238,0.9602128995691919,0.9547220947992825,0.965063565198228,0.9734928171333701,3,0,5,1,0.04,0.01,16,75,noisy,15,122
0,Evolved HMM 5,2.6076923076923078,0.37559294871794874,11.0,0.9333333333333333,0.26156250000000003,0.11403044871794875,0.295849358974359,0.32855769230769233,0.7925639090862642,0.3450630919049562,0.14847648248364323,0.18349109289715637,3,0,5,1,0.05,0.01,60,130,noisy,17,123
1,"DoubleCrosser: (D, D)",2.548798076923077,0.3778685897435897,11.0,0.9375,0.29963942307692315,0.07822916666666668,0.25555288461538467,0.3665785256410256,0.7993974477545495,0.5496295025475937,0.2318268108358164,0.06138295334570881,3,0,5,1,0.05,0.01,60,130,noisy,17,123
2,Grudger,2.522355769230769,0.11201923076923077,16.0,0.9635416666666666,0.07680288461538463,0.03521634615384616,0.3514022435897436,0.5365785256410257,0.6107939171773573,0.04769578049352868,0.06277983485531285,0.04761023276542019,3,0,5,1,0.05,0.01,60,130,noisy,17,123
3,Evolved FSM 16,2.4903846153846154,0.3484054487179487,11.0,0.9364583333333333,0.17858173076923078,0.16982371794871795,0.32942307692307693,0.3221714743589744,0.48200658748300895,0.43691364371898767,0.3169103683313001,0.257961631402189,3,0,5,1,0.05,0.01,60,130,noisy,17,123
4,Meta Winner: 15 players,2.4504807692307695,0.11730769230769231,14.0,0.9479166666666666,0.0568349358974359,0.0604727564102564,0.34499198717948715,0.5377003205128206,0.4061917415065095,0.3835102447201319,0.09441048988146357,0.12070004003752254,3,0,5,1,0.05,0.01,60,130,noisy,17,123
5,Tit For Tat,2.317548076923077,0.5569150641025641,8.0,0.94375,0.3569230769230769,0.19999198717948716,0.20160256410256408,0.2414823717948718,0.9515997563465867,0.05038158988648426,0.9499582525253629,0.053008126479514556,3,0,5,1,0.05,0.01,60,130,noisy,17,123
6,Soft Joss: 0.9,2.284375,0.6046634615384615,4.0,0.9447916666666667,0.38850961538461537,0.21615384615384617,0.181025641025641,0.21431089743589746,0.9507288164204081,0.13953522201397714,0.9498179624910258,0.1459525247410753,3,0,5,1,0.05,0.01,60,130,noisy,17,123
7,Suspicious Tit For Tat,2.2713942307692307,0.5226201923076923,9.0,0.04479166666666667,0.32061698717948717,0.20200320512820516,0.20806891025641025,0.26931089743589737,0.953475554957045,0.048910271729258506,0.9483470499141637,0.04997609237804626,3,0,5,1,0.05,0.01,60,130,noisy,17,123
8,Tit For 2 Tats,2.176201923076923,0.7544070512820513,1.0,0.953125,0.5356009615384616,0.21880608974358973,0.07879006410256409,0.16680288461538462,0.9485575279521448,0.7105464153376002,0.9505254203534782,0.30606829910158834,3,0,5,1,0.05,0.01,60,130,noisy,17,123
9,GTFT: 0.33,2.1646634615384617,0.6953766025641026,2.0,0.9489583333333333,0.44100160256410254,0.254375,0.1348798076923077,0.16974358974358977,0.9476047544955456,0.34668481229596404,0.948859020876389,0.34868495541826927,3,0,5,1,0.05,0.01,60,130,noisy,17,123
10,Meta Mixer: 15 players,2.1153846153846154,0.46931089743589743,9.0,0.7916666666666666,0.2299919871794872,0.23931891025641025,0.2271474358974359,0.30354166666666654,0.6053317864959102,0.37487606794603934,0.5711983860542825,0.36985767569566796,3,0,5,1,0.05,0.01,60,130,noisy,17,123
11,Win-Stay Lose-Shift,2.0896634615384615,0.5329647435897436,7.0,0.9541666666666667,0.26875801282051287,0.26420673076923074,0.20180288461538462,0.26523237179487186,0.9489889919962714,0.0489793537883651,0.048195202187444774,0.9492811144106155,3,0,5,1,0.05,0.01,60,130,noisy,17,123
12,Alternator,2.0644230769230765,0.5015464743589744,7.0,0.9635416666666666,0.18370993589743587,0.3178365384615385,0.254911858974359,0.24354166666666666,0.05113535089801511,0.046477734837370645,0.9465821719973613,0.9484032710743396,3,0,5,1,0.05,0.01,60,130,noisy,17,123
13,Cycler DC,2.05,0.4993669871794872,7.0,0.04583333333333333,0.18231570512820516,0.317051282051282,0.2508974358974359,0.24973557692307696,0.1407042212373981,0.0989853022196058,0.8996562495024196,0.845974062581922,3,0,5,1,0.05,0.01,60,130,noisy,17,123
14,Random: 0.5,2.0153846153846153,0.5003285256410256,7.0,0.48333333333333334,0.2176522435897436,0.2826762820512821,0.21601762820512818,0.28365384615384615,0.4976193849305275,0.49928704781324695,0.49521359108833907,0.5012454065023477,3,0,5,1,0.05,0.01,60,130,noisy,17,123
15,Anti Tit For Tat,1.8624999999999998,0.5818990384615385,7.0,0.940625,0.2026682692307692,0.37923076923076926,0.20815705128205128,0.2099439102564103,0.04874161280194944,0.9493697681410864,0.048052998770306436,0.9476928343732736,3,0,5,1,0.05,0.01,60,130,noisy,17,123
16,Cooperator,1.7543269230769232,0.9506490384615385,0.0,0.953125,0.5322435897435898,0.4184054487179487,0.027307692307692307,0.022043269230769234,0.9496076322547216,0.9497726326961354,0.9519518779682921,0.9507774997547105,3,0,5,1,0.05,0.01,60,130,noisy,17,123
0,Evolved FSM 16,2.932624113475178,0.33193814672712474,3.0,0.9398907103825137,0.21241716079525638,0.1195209859318684,0.4016974770375538,0.26636437623532144,0.38706139648503046,0.3878638925233245,0.35901852683720287,0.21969379528831734,3,0,5,1,0.09,0.07,61,94,noisy,4,124
1,Suspicious Tit For Tat,2.4893617021276597,0.5830136030694105,2.0,0.0546448087431694,0.39158237414254154,0.19143122892686895,0.2148587373561214,0.2021276595744681,0.9119338573785934,0.09697292147097585,0.9126532485416358,0.091855444633754,3,0,5,1,0.09,0.07,61,94,noisy,4,124
2,Tit For 2 Tats,2.0921985815602837,0.7014300662713638,0.0,0.907103825136612,0.4275084292524125,0.2739216370189513,0.12248575747006162,0.17608417625857456,0.9148322289727034,0.6410808103727116,0.9188332928654342,0.25226858961672083,3,0,5,1,0.09,0.07,61,94,noisy,4,124
3,Anti Tit For Tat,1.8971631205673758,0.5709219858156028,1.0,0.9289617486338798,0.19358214161144052,0.3773398442041623,0.22317172421811415,0.205906289966283,0.08777955908290207,0.9098540051845464,0.10149102279037908,0.9066462886765203,3,0,5,1,0.09,0.07,61,94,noisy,4,124
0,Evolved HMM 5,2.557692307692308,0.36714471968709256,10.0,0.9523305084745762,0.24254400260756193,0.12460071707953063,0.2976124511082139,0.33524282920469356,0.788979314324131,0.3790568675226458,0.13394329800083832,0.18497843299287275,3,0,5,1,0.04,0.03,59,130,noisy,17,125
1,"DoubleCrosser: (D, D)",2.470673076923077,0.34165580182529337,10.0,0.9661016949152542,0.2794491525423729,0.062206649282920475,0.24403520208604956,0.4143089960886571,0.7689336085117896,0.5652276280959764,0.21726418628276414,0.06923798227678232,3,0,5,1,0.04,0.03,59,130,noisy,17,125
2,Grudger,2.427403846153846,0.10115710560625815,15.0,0.9692796610169492,0.06981747066492827,0.031339634941329846,0.326906779661017,0.5719361147327249,0.5467433665673735,0.03912191936645265,0.054881345892081414,0.040483448356954846,3,0,5,1,0.04,0.03,59,130,noisy,17,125
3,Evolved FSM 16,2.41875,0.38709256844850065,10.0,0.9639830508474576,0.17746903520208607,0.2096235332464146,0.316875814863103,0.29603161668839634,0.4575930983533923,0.44804473464619904,0.31728650182155815,0.32449077497838463,3,0,5,1,0.04,0.03,59,130,noisy,17,125
4,Defector,2.3903846153846153,0.03999348109517601,15.0,0.045550847457627115,0.014341590612777054,0.025651890482398954,0.3470664928292047,0.6129400260756194,0.03299988290437521,0.03600656103400911,0.03926949737478153,0.04130735880638323,3,0,5,1,0.04,0.03,59,130,noisy,17,125
5,Meta Winner: 15 players,2.3644230769230767,0.06252444589308996,14.0,0.9576271186440678,0.027607561929595834,0.034916883963494134,0.33687255541069094,0.600602998696219,0.30896663062583685,0.17973075628672786,0.05432918345364826,0.05598672431392222,3,0,5,1,0.04,0.03,59,130,noisy,17,125
6,Tit For Tat,2.2283653846153846,0.516843220338983,7.0,0.9555084745762712,0.32495110821382,0.19189211212516297,0.18996903520208608,0.2931877444589309,0.9592888822089494,0.040187914565594854,0.9598720307001392,0.04017412790235782,3,0,5,1,0.04,0.03,59,130,noisy,17,125
7,Soft Joss: 0.9,2.183173076923077,0.56876629726206,3.0,0.9608050847457628,0.3499348109517601,0.21883148631029986,0.17379400260756192,0.2574397001303781,0.9603876909781863,0.12932531133943334,0.9572904067624782,0.13525880151469666,3,0,5,1,0.04,0.03,59,130,noisy,17,125
8,Suspicious Tit For Tat,2.1528846153846155,0.47640156453715776,8.0,0.03283898305084746,0.2852265319426337,0.19117503259452412,0.19328552803129076,0.33031290743155145,0.9602088866547211,0.039270308380021074,0.9609890374900475,0.040759676514450255,3,0,5,1,0.04,0.03,59,130,noisy,17,125
9,Tit For 2 Tats,2.0461538461538464,0.7308751629726206,1.0,0.9586864406779662,0.5079041720990873,0.22297099087353334,0.0640726857887875,0.20505215123859197,0.9621315365335377,0.7211849541056228,0.958781599731908,0.3017566363997636,3,0,5,1,0.04,0.03,59,130,noisy,17,125
10,Meta Mixer: 15 players,1.981730769230769,0.418122555410691,9.0,0.6451271186440678,0.1811440677966102,0.23697848761408083,0.21699804432855282,0.36487940026075616,0.5391918057114711,0.3575648072636396,0.5202424399110227,0.3510791033693592,3,0,5,1,0.04,0.03,59,130,noisy,17,125
11,Alternator,1.8956730769230767,0.5014749022164277,5.0,0.9586864406779662,0.16720176010430246,0.33427314211212517,0.2236228813559321,0.2749022164276402,0.04012162299333469,0.03757247752738687,0.9579777531451104,0.9614486136969518,3,0,5,1,0.04,0.03,59,130,noisy,17,125
12,Cycler DC,1.885096153846154,0.5007007822685788,5.0,0.04978813559322034,0.16743807040417205,0.3332627118644068,0.22196056062581485,0.2773386571056063,0.12087770326050236,0.09352674608203879,0.9121420744246187,0.8779197486561465,3,0,5,1,0.04,0.03,59,130,noisy,17,125
13,Win-Shift Lose-Stay: D,1.8841346153846155,0.5257659713168188,6.0,0.03283898305084746,0.19685462842242502,0.3289113428943937,0.2034305736636245,0.2708034550195567,0.03690327782321514,0.9591120872132244,0.960841060165621,0.0407907736854992,3,0,5,1,0.04,0.03,59,130,noisy,17,125
14,Random: 0.5,1.8745192307692309,0.4982561929595828,6.0,0.5042372881355932,0.194377444589309,0.3038787483702738,0.1961294002607562,0.30561440677966106,0.498569535298688,0.4956033412874562,0.49661934880868813,0.503371341121627,3,0,5,1,0.04,0.03,59,130,noisy,17,125
15,Bully,1.6600961538461538,0.6207871577574967,6.0,0.036016949152542374,0.18184485006518905,0.4389423076923077,0.18309159061277705,0.19612125162972624,0.03836343109525683,0.9606342323088713,0.04078878480665952,0.9610215834837733,3,0,5,1,0.04,0.03,59,130,noisy,17,125
16,Cooperator,1.5899038461538462,0.960666558018253,1.0,0.948093220338983,0.4942307692307692,0.4664357887874837,0.020167861799217732,0.019165580182529337,0.961260098702398,0.961327795567076,0.9676156965279652,0.9505192080911723,3,0,5,1,0.04,0.03,59,130,noisy,17,125
0,"DoubleCrosser: (D, D)",3.0382513661202184,0.5759597870253608,15.0,1.0,0.5593561720610902,0.0166036149642707,0.23404441642146556,0.18999579655317356,0.994394701976268,0.7760595647193586,0.028600612870275793,0.0,3,0,5,1,0.0,0.01,52,122,noisy,19,126
1,Evolved HMM 5,3.004553734061931,0.6218123861566485,6.0,1.0,0.569567044976881,0.05224534117976741,0.22898276586801178,0.14920484797533975,0.9975833453341014,0.4917161061018731,0.011555010541715073,0.19291483054500308,3,0,5,1,0.0,0.01,52,122,noisy,19,126
2,Grudger,2.964936247723133,0.506716757741348,6.0,1.0,0.5021630236794171,0.004553734061930783,0.24081371724814346,0.2524695250105086,1.0,0.0,0.0,0.0,3,0,5,1,0.0,0.01,52,122,noisy,19,126
3,Evolved FSM 16,2.964253187613844,0.6238177805800756,6.0,1.0,0.5259562841530055,0.09786149642707018,0.25276726916071174,0.12341495025921254,0.9304548052340172,0.5344564143613161,0.1935672436623261,0.3877061242471888,3,0,5,1,0.0,0.01,52,122,noisy,19,126
4,Meta Winner: 17 players,2.622040072859745,0.02525570968193919,15.0,1.0,0.015036079585259913,0.010219630096679276,0.39733956844612583,0.577404721871935,0.5451707993969646,0.33583290038074753,0.01193025463044783,0.01137132236056547,3,0,5,1,0.0,0.01,52,122,noisy,19,126
5,Tit For Tat,2.5250455373406195,0.7021857923497268,0.0,1.0,0.5704777917892672,0.13170800056045956,0.12894948858063612,0.1688647190696371,1.0,0.0,1.0,0.0,3,0,5,1,0.0,0.01,52,122,noisy,19,126
6,Soft Joss: 0.9,2.50591985428051,0.7499912428191117,0.0,1.0,0.624386997337817,0.12560424548129467,0.09565468684321142,0.15435407033767692,1.0,0.09723867559557903,1.0,0.09900229177226798,3,0,5,1,0.0,0.01,52,122,noisy,19,126
7,Win-Stay Lose-Shift,2.4601548269581057,0.73224043715847,2.0,1.0,0.5767829620288637,0.15545747512960625,0.1150168137873056,0.15274274905422447,1.0,0.0,0.0,1.0,3,0,5,1,0.0,0.01,52,122,noisy,19,126
8,GTFT: 0.33,2.408014571948998,0.8104770912147962,0.0,1.0,0.6451940591284854,0.1652830320863108,0.07037270561860726,0.1191502031665966,1.0,0.3245569595235974,1.0,0.32852704753972395,3,0,5,1,0.0,0.01,52,122,noisy,19,126
9,Defector,2.408014571948998,0.0,16.0,0.0,0.0,0.0,0.35178471346504137,0.6482152865349585,0.0,0.0,0.0,0.0,3,0,5,1,0.0,0.01,52,122,noisy,19,126
10,Tit For 2 Tats,2.3469945355191255,0.8222292279669329,0.0,1.0,0.6766410956984727,0.14558813226846012,0.03520386717108029,0.14256690486198684,1.0,0.7375512306598854,1.0,0.0,3,0,5,1,0.0,0.01,52,122,noisy,19,126
11,Suspicious Tit For Tat,2.2556921675774135,0.5436545467283173,9.0,0.0,0.3904213955443464,0.15323315118397085,0.15734026902059686,0.2990051842510859,1.0,0.0,1.0,0.0,3,0,5,1,0.0,0.01,52,122,noisy,19,126
12,Cooperator,2.039617486338798,1.0,0.0,1.0,0.6792945215076364,0.3207054784923637,0.0,0.0,1.0,1.0,0.0,0.0,3,0,5,1,0.0,0.01,52,122,noisy,19,126
13,Meta Mixer: 17 players,2.0136612021857925,0.44730804259492785,10.0,0.6410256410256411,0.20917402269861285,0.238134019896315,0.20936668067815611,0.343325276726916,0.5633186413000842,0.37509083420979517,0.5554605015702495,0.37601336135747077,3,0,5,1,0.0,0.01,52,122,noisy,19,126
14,Cycler DC,1.9371584699453552,0.5,5.0,0.0,0.17835750315258514,0.32164249684741486,0.22583018074821354,0.27416981925178646,0.0,0.0,1.0,1.0,3,0,5,1,0.0,0.01,52,122,noisy,19,126
15,Random: 0.5,1.9114298724954464,0.49949208350847696,7.0,0.5064102564102564,0.20085470085470078,0.29863738265377615,0.20264992293680814,0.2978579935547148,0.5038913701504001,0.49997765589348275,0.5040843201868526,0.4991966788463558,3,0,5,1,0.0,0.01,52,122,noisy,19,126
16,Bully,1.8633879781420766,0.5914512400168138,8.0,0.0,0.15696371024239877,0.43448752977441507,0.24609429732380553,0.16245446265938066,0.0,1.0,0.0,1.0,3,0,5,1,0.0,0.01,52,122,noisy,19,126
17,Win-Shift Lose-Stay: D,1.757969034608379,0.6064522908785204,8.0,0.0,0.19226390640325064,0.4141883844752698,0.19736934286114613,0.19617836626033347,0.0,1.0,1.0,0.0,3,0,5,1,0.0,0.01,52,122,noisy,19,126
18,Anti Tit For Tat,1.5887978142076502,0.6538286394843772,6.0,1.0,0.16293610760823873,0.49089253187613857,0.1874649712764467,0.15870638923917613,0.0,1.0,0.0,1.0,3,0,5,1,0.0,0.01,52,122,noisy,19,126
0,"DoubleCrosser: (D, D)",2.7289017341040465,0.15929301911960872,4.5,0.95,0.08608270342374388,0.07321031569586482,0.4072476656291686,0.43345931525122267,0.5993590588145226,0.3990508591803811,0.10080871483777684,0.05420517586039998,3,0,5,1,0.05,0.0,52,173,noisy,6,127
1,Win-Stay Lose-Shift,2.1612716763005784,0.5093152512227657,2.0,0.9423076923076923,0.24179635393508225,0.2675188972876834,0.22498888394842154,0.26569586482881274,0.9512989759026302,0.048935109350777876,0.048085110184474165,0.951230504677584,3,0,5,1,0.05,0.0,52,173,noisy,6,127
2,Meta Mixer: 5 players,2.094219653179191,0.42910182303245886,4.0,0.6461538461538462,0.18732770120053358,0.2417741218319253,0.24266340595820365,0.3282347710093375,0.47572790448637986,0.40783441344839433,0.4435419439314403,0.428649627999561,3,0,5,1,0.05,0.0,52,173,noisy,6,127
3,Alternator,1.9115606936416185,0.5018452645620276,1.0,0.9653846153846154,0.2008670520231214,0.3009782125389062,0.20246776345042244,0.29568697198755,0.05064822743013501,0.04994563423494021,0.951451029705203,0.9508657930868519,3,0,5,1,0.05,0.0,52,173,noisy,6,127
4,Cycler DC,1.9109826589595376,0.4963761671854157,2.0,0.03076923076923077,0.19659848821698533,0.29977767896843044,0.20522454424188527,0.298399288572699,0.0948133483925819,0.09159025321620765,0.9085069480219305,0.9052840882845304,3,0,5,1,0.05,0.0,52,173,noisy,6,127
5,Random: 0.5,1.9040462427745666,0.5008670520231214,1.0,0.4653846153846154,0.20111160515784793,0.29975544686527344,0.20042240995998223,0.2987105380168964,0.5067510454902566,0.5032171192002945,0.4944084592684689,0.5005624192840878,3,0,5,1,0.05,0.0,52,173,noisy,6,127
0,Defector,2.994744744744745,0.10063635063635064,9.0,0.09656084656084656,0.05429536679536681,0.04634098384098385,0.4826254826254826,0.4167381667381668,0.099667355936317,0.09815090033881635,0.1005855708921829,0.10272245078439553,3,0,5,1,0.1,0.08,84,148,noisy,10,128
1,"DoubleCrosser: (D, D)",2.902027027027027,0.266525454025454,8.0,0.8888888888888888,0.1949270699270699,0.0715983840983841,0.3966287716287716,0.3368457743457743,0.48301884452459287,0.4280493123541953,0.16117517838895704,0.1209870942889027,3,0,5,1,0.1,0.08,84,148,noisy,10,128
2,Alternator,2.278528528528528,0.5007507507507507,5.0,0.8902116402116402,0.28332797082797084,0.21742277992277992,0.23303660803660808,0.26621264121264127,0.0969997411566284,0.09788355574197219,0.8994396257021696,0.8997677205405521,3,0,5,1,0.1,0.08,84,148,noisy,10,128
3,Random: 0.5,2.25,0.49914199914199914,5.0,0.5092592592592593,0.24808737308737308,0.25105462605462603,0.25051837551837547,0.25033962533962534,0.4991067281603389,0.49790547058843004,0.4944206873396838,0.4920405759691779,3,0,5,1,0.1,0.08,84,148,noisy,10,128
4,Meta Mixer: 9 players,2.24024024024024,0.5034051909051909,5.0,0.6917989417989417,0.25700700700700696,0.24639818389818385,0.24406549406549408,0.252529315029315,0.4706416135006819,0.5378880797920056,0.47453604004530575,0.5493742590316518,3,0,5,1,0.1,0.08,84,148,noisy,10,128
5,Bully,2.1940690690690694,0.5113327613327613,5.0,0.07936507936507936,0.21745852995852993,0.29387423137423135,0.26424638924638927,0.2244208494208494,0.1028529338888344,0.8955662242444523,0.09835377278846097,0.8993815539613157,3,0,5,1,0.1,0.08,84,148,noisy,10,128
6,Anti Tit For Tat,2.1854354354354353,0.5170438295438295,5.0,0.9034391534391535,0.2201934076934077,0.2968504218504218,0.2611718861718862,0.22178428428428426,0.10070269552742829,0.9003929802225564,0.09985721500202697,0.8989300911722857,3,0,5,1,0.1,0.08,84,148,noisy,10,128
7,GTFT: 0.33,2.018393393393393,0.6425175175175175,2.0,0.8981481481481481,0.35472972972972977,0.28778778778778785,0.15830115830115832,0.1991813241813242,0.9033358682213043,0.3686545586945159,0.9021992790126223,0.3634806481951523,3,0,5,1,0.1,0.08,84,148,noisy,10,128
8,Tit For 2 Tats,1.9981231231231231,0.6866688116688117,1.0,0.9007936507936508,0.4037340912340912,0.2829347204347204,0.12222043472043473,0.1911107536107536,0.8994321635265438,0.6331108259127577,0.9041674754204289,0.35610934867957567,3,0,5,1,0.1,0.08,84,148,noisy,10,128
9,Cooperator,1.625,0.9010617760617761,0.0,0.8994708994708994,0.4346221221221221,0.4664396539396539,0.04788717288717289,0.05105105105105106,0.9001793291693855,0.9008571352766186,0.8935779359704434,0.8988870394913943,3,0,5,1,0.1,0.08,84,148,noisy,10,128
0,Cycler DC,2.8499999999999996,0.40661764705882353,11.0,0.06433823529411764,0.21360294117647055,0.19301470588235292,0.4051470588235294,0.18823529411764706,0.1416725495687458,0.09114180606811308,0.9024328427562107,0.7298306960607698,3,0,5,1,0.06,0.07,34,5,noisy,17,129
1,Win-Shift Lose-Stay: D,2.675,0.46433823529411766,8.0,0.05330882352941176,0.23933823529411766,0.225,0.35625000000000007,0.17941176470588235,0.06960890497744962,0.9390028859070098,0.9341989264839787,0.13526982419153144,3,0,5,1,0.06,0.07,34,5,noisy,17,129
2,"DoubleCrosser: (D, D)",2.65,0.5875,8.0,0.9485294117647058,0.4154411764705882,0.17205882352941176,0.24191176470588244,0.17058823529411768,0.6518032417876509,0.6268691100948975,0.1575067843201145,0.20643498228637547,3,0,5,1,0.06,0.07,34,5,noisy,17,129
3,Suspicious Tit For Tat,2.65,0.5095588235294117,8.0,0.0661764705882353,0.29448529411764707,0.21507352941176472,0.3125,0.17794117647058827,0.9245573731004371,0.07489865485312382,0.9446078980443016,0.10564634190119997,3,0,5,1,0.06,0.07,34,5,noisy,17,129
4,Alternator,2.6375,0.5731617647058823,6.0,0.9264705882352942,0.31286764705882353,0.2602941176470588,0.31176470588235294,0.11507352941176473,0.0801302548297866,0.07732666245772343,0.9380929667047403,0.9795474910394266,3,0,5,1,0.06,0.07,34,5,noisy,17,129
5,Bully,2.6125,0.36213235294117646,10.0,0.05514705882352941,0.18051470588235297,0.18161764705882355,0.3628676470588236,0.27499999999999997,0.07131086962880245,0.8969970772041873,0.07425936862430432,0.9367019836040995,3,0,5,1,0.06,0.07,34,5,noisy,17,129
6,Evolved FSM 16,2.5625,0.7147058823529412,3.0,0.9393382352941176,0.5106617647058823,0.20404411764705888,0.1849264705882353,0.10036764705882353,0.8084124864931006,0.2422260375813439,0.7867506965392995,0.29482358600005665,3,0,5,1,0.06,0.07,34,5,noisy,17,129
7,Meta Mixer: 15 players,2.53125,0.6297794117647059,5.0,0.6452205882352942,0.41066176470588234,0.21911764705882356,0.2297794117647059,0.14044117647058824,0.7277265987035433,0.4141009840107609,0.733559057781168,0.4574795285627863,3,0,5,1,0.06,0.07,34,5,noisy,17,129
8,Tit For Tat,2.525,0.7330882352941176,2.0,0.9283088235294118,0.5113970588235294,0.22169117647058822,0.1786764705882353,0.08823529411764705,0.9236243789997669,0.06971154855716266,0.934136724636571,0.14848710317460317,3,0,5,1,0.06,0.07,34,5,noisy,17,129
9,Random: 0.5,2.5125,0.5055147058823529,7.5,0.5202205882352942,0.2952205882352941,0.21029411764705883,0.2889705882352941,0.20551470588235293,0.4921066089985965,0.512205724148659,0.539407865376226,0.49081532376687415,3,0,5,1,0.06,0.07,34,5,noisy,17,129
10,Win-Stay Lose-Shift,2.50625,0.6669117647058823,3.0,0.9393382352941176,0.47242647058823534,0.19448529411764706,0.1963235294117647,0.1367647058823529,0.94144445496747,0.07630484921054738,0.07991191821184433,0.9362186630924771,3,0,5,1,0.06,0.07,34,5,noisy,17,129
11,Evolved HMM 5,2.475,0.7522058823529412,2.0,0.9503676470588235,0.5558823529411765,0.1963235294117647,0.1397058823529412,0.10808823529411764,0.8930063601934168,0.4303733962271754,0.43591089466089467,0.4188622598162072,3,0,5,1,0.06,0.07,34,5,noisy,17,129
12,Soft Joss: 0.9,2.4625,0.7386029411764706,2.0,0.9301470588235294,0.5117647058823529,0.2268382352941177,0.16838235294117648,0.09301470588235294,0.943541578577423,0.17219277070183425,0.9351328971273825,0.2313771617286559,3,0,5,1,0.06,0.07,34,5,noisy,17,129
13,GTFT: 0.33,2.36875,0.8044117647058824,1.0,0.9448529411764706,0.549264705882353,0.2551470588235294,0.13345588235294117,0.06213235294117647,0.9335888262585821,0.38262027506333474,0.9462298118548119,0.44305004409171067,3,0,5,1,0.06,0.07,34,5,noisy,17,129
14,Meta Winner: 15 players,2.35,0.674264705882353,4.0,0.9375,0.41985294117647054,0.2544117647058823,0.1952205882352941,0.13051470588235292,0.6508967723160111,0.855451131564396,0.37487455043311746,0.8134128531770479,3,0,5,1,0.06,0.07,34,5,noisy,17,129
15,Tit For 2 Tats,2.24375,0.8915441176470589,1.0,0.9246323529411765,0.6290441176470589,0.26249999999999996,0.06066176470588236,0.04779411764705883,0.9448033505720572,0.845427170652875,0.9265716921966922,0.6228395061728396,3,0,5,1,0.06,0.07,34,5,noisy,17,129
16,Cooperator,2.1187500000000004,0.9448529411764706,0.0,0.9522058823529411,0.6363970588235295,0.30845588235294114,0.0338235294117647,0.021323529411764703,0.9444033216006116,0.9358163288006639,0.9155555555555556,0.9540816326530612,3,0,5,1,0.06,0.07,34,5,noisy,17,129
0,Evolved HMM 5,2.750897129186603,0.38997515642252484,13.0,0.9655870445344129,0.2875337381916328,0.10244141823089192,0.31637989203778677,0.2936449515396884,0.8161833357387226,0.3615923193351535,0.13085431594022748,0.162864848447958,3,0,5,1,0.03,0.02,78,88,noisy,20,130
1,"DoubleCrosser: (D, D)",2.67494019138756,0.4255382775119617,11.0,0.9642375168690959,0.35701140964298855,0.06852686786897312,0.2576140964298859,0.31684762605815237,0.8176614489132426,0.6514210919076536,0.2517671314875849,0.055196285412014746,3,0,5,1,0.03,0.02,78,88,noisy,20,130
2,Evolved FSM 16,2.623504784688995,0.4140979634400687,13.0,0.9736842105263158,0.22784781008465219,0.18625015335541653,0.3380873512452459,0.2478146853146853,0.5374597700931613,0.43848950814323856,0.3559420982960165,0.34016565810934174,3,0,5,1,0.03,0.02,78,88,noisy,20,130
3,Grudger,2.6055622009569377,0.15836247086247085,17.0,0.9628879892037787,0.13164795730585208,0.026714513556618812,0.344919335050914,0.49671819408661516,0.6140563349762309,0.03172384849833107,0.056500110607401725,0.03117760410024752,3,0,5,1,0.03,0.02,78,88,noisy,20,130
4,Defector,2.5580143540669855,0.029298552324868114,18.0,0.032388663967611336,0.011908048092258618,0.017390504232609492,0.3874601275917065,0.5832413200834253,0.04109167121703327,0.0354274929086448,0.028719584203311006,0.030821942436345343,3,0,5,1,0.03,0.02,78,88,noisy,20,130
5,Meta Winner: 18 players,2.528409090909091,0.06309041835357625,17.0,0.97165991902834,0.03179824561403508,0.03129217273954116,0.3739878542510121,0.5629217273954117,0.358922933218496,0.2205536840578979,0.051684630561196536,0.05647515518108499,3,0,5,1,0.03,0.02,78,88,noisy,20,130
6,Tit For Tat,2.3089114832535884,0.5606213961477119,7.0,0.9588394062078273,0.370207643233959,0.1904137529137529,0.18904888970678443,0.2503297141455036,0.9720281929833661,0.03176827049613719,0.9699686130608083,0.028773124373847356,3,0,5,1,0.03,0.02,78,88,noisy,20,130
7,Soft Joss: 0.9,2.2879784688995217,0.6183367071524967,3.0,0.9689608636977058,0.41209667525457,0.20624003189792664,0.1671957428536376,0.2144675499938658,0.9711487169394052,0.12397207053056254,0.9674218841979073,0.13273448651090405,3,0,5,1,0.03,0.02,78,88,noisy,20,130
8,Suspicious Tit For Tat,2.2470095693779903,0.5122070911544596,10.5,0.033063427800269905,0.321854680407312,0.19035241074714762,0.19791283278125382,0.28988007606428673,0.9667704361896989,0.03185007014753343,0.9698596466698658,0.029664245029652987,3,0,5,1,0.03,0.02,78,88,noisy,20,130
9,GTFT: 0.33,2.164772727272727,0.712696294933137,2.0,0.970310391363023,0.46455956324377373,0.24813673168936323,0.12176420071156911,0.16553950435529385,0.9703391845025869,0.3417432694692179,0.968305093947079,0.355967181979875,3,0,5,1,0.03,0.02,78,88,noisy,20,130
10,Win-Stay Lose-Shift,2.1459330143540667,0.5289381670960618,8.0,0.9649122807017544,0.27196816341553187,0.25697000368053,0.21848546190651447,0.2525763709974237,0.9697897849121899,0.03079049860489527,0.029744942779399514,0.970550662259238,3,0,5,1,0.03,0.02,78,88,noisy,20,130
11,Tit For 2 Tats,2.1124401913875595,0.7576294319715372,1.0,0.9709851551956815,0.5372730339835603,0.22035639798797693,0.06624953993375049,0.17612102809471233,0.9720351246756159,0.7267401705305212,0.9654849145686505,0.3197491891028964,3,0,5,1,0.03,0.02,78,88,noisy,20,130
12,Meta Mixer: 18 players,2.0648923444976077,0.4508802600907864,11.0,0.6767881241565452,0.20564961354435035,0.24523064654643603,0.22501073487915596,0.32410900503005763,0.5399818987664382,0.39528974765178565,0.5184961537765644,0.39480343810969387,3,0,5,1,0.03,0.02,78,88,noisy,20,130
13,Alternator,1.9904306220095693,0.5028677462887989,7.0,0.97165991902834,0.1918476260581524,0.3110201202306465,0.2299487792908846,0.2671834744203166,0.027410697988737256,0.03306336341285134,0.9702626747083377,0.9707976159353284,3,0,5,1,0.03,0.02,78,88,noisy,20,130
14,Cycler DC,1.9898325358851674,0.5006670960618329,7.0,0.02766531713900135,0.18822843822843827,0.31243865783339464,0.23106827383143175,0.26826463010673535,0.1010517577341004,0.08582689343133876,0.9189132234730326,0.8884673227368239,3,0,5,1,0.03,0.02,78,88,noisy,20,130
15,Random: 0.5,1.97188995215311,0.49928689731321313,8.0,0.4885290148448043,0.2101889338731444,0.2890979634400687,0.21031928597718072,0.2903938167096062,0.5036061400219761,0.4955663730655227,0.5081128757750046,0.4996872715212386,3,0,5,1,0.03,0.02,78,88,noisy,20,130
16,Win-Shift Lose-Stay: D,1.9093899521531101,0.550852656115814,8.0,0.022267206477732792,0.20126364863206972,0.3495890074837444,0.21122408293460926,0.23792326094957675,0.02710485714494155,0.9701850694230423,0.9705425042100878,0.028270416640599177,3,0,5,1,0.03,0.02,78,88,noisy,20,130
17,Bully,1.7966507177033493,0.5925729971782603,8.0,0.033063427800269905,0.19017605201815727,0.4023969451601031,0.20492884308673787,0.20249815973500185,0.03328464479713454,0.9673432443768316,0.03131250606906618,0.9700126147533512,3,0,5,1,0.03,0.02,78,88,noisy,20,130
18,Anti Tit For Tat,1.7682416267942584,0.6046957428536376,7.0,0.9730094466936572,0.1957351858667648,0.4089605569868728,0.1982808857808858,0.19702337136547668,0.03380943692084809,0.9725822959189072,0.027330306855898368,0.9707798900377024,3,0,5,1,0.03,0.02,78,88,noisy,20,130
19,Cooperator,1.680921052631579,0.9701800392589867,0.0,0.9770580296896086,0.5277573303889094,0.4424227088700774,0.016355355171144642,0.01346460556986873,0.9702282236649026,0.9693341353737244,0.9798293093214665,0.9689039330167819,3,0,5,1,0.03,0.02,78,88,noisy,20,130
0,Grudger,2.672138047138047,0.1085546826287567,6.0,0.904320987654321,0.055025564284823546,0.05352911834393315,0.4027621897992268,0.48868312757201643,0.36771781100461715,0.09122863800851953,0.09685787330756468,0.08773375625584538,3,0,5,1,0.09,0.04,54,198,noisy,7,131
1,Meta Winner: 6 players,2.6405723905723906,0.11160992642474124,5.0,0.9074074074074074,0.05148709315375983,0.06012283327098142,0.3965581743359521,0.49183189923930665,0.11452872271396115,0.2654827837081594,0.08900708257305989,0.11336741015657453,3,0,5,1,0.09,0.04,54,198,noisy,7,131
2,Tit For Tat,1.9515993265993263,0.4145778775408405,2.0,0.9320987654320988,0.2032516523257264,0.2113262252151141,0.19012657438583366,0.39529554807332584,0.9066169258436547,0.0893550951810723,0.9087999698187454,0.09144055541146164,3,0,5,1,0.09,0.04,54,198,noisy,7,131
3,Soft Joss: 0.9,1.8737373737373737,0.4617003367003367,0.0,0.9166666666666666,0.21541027559546078,0.24629006110487586,0.172169223095149,0.3661304402045143,0.9120996845755851,0.17004497869972093,0.9096668025506363,0.17743892996009802,3,0,5,1,0.09,0.04,54,198,noisy,7,131
4,Win-Stay Lose-Shift,1.8345959595959596,0.512517146776406,2.0,0.9104938271604939,0.20626013218605813,0.30625701459034793,0.1815531861828158,0.3059296670407781,0.9124484735191077,0.09140384864612915,0.08819031364746627,0.9090243811348911,3,0,5,1,0.09,0.04,54,198,noisy,7,131
5,Anti Tit For Tat,1.6902356902356903,0.6052967951116099,3.0,0.9166666666666666,0.195099139543584,0.4101976555680259,0.17949557301409153,0.21520763187429853,0.08846915849069148,0.9114661921161605,0.08812749949835946,0.9151320959779884,3,0,5,1,0.09,0.04,54,198,noisy,7,131
6,Bully,1.6734006734006732,0.6061385459533608,3.0,0.07716049382716049,0.19218418755455793,0.41395435839880285,0.17901234567901236,0.21484910836762686,0.095306983596312,0.9113742530107035,0.09708866835230257,0.9108141315764123,3,0,5,1,0.09,0.04,54,198,noisy,7,131
0,Grudger,2.590080971659919,0.15789473684210525,18.0,0.9203413940256046,0.10395010395010394,0.05394463289200131,0.3588740562424773,0.48323120691541743,0.578470899451505,0.06401894735660679,0.09714640397487191,0.0660986694898613,3,0,5,1,0.07,0.07,37,52,noisy,20,132
1,Evolved HMM 5,2.580971659919028,0.3654119706751286,13.0,0.9231863442389758,0.23137104716052082,0.1340409235146077,0.3131086552139184,0.321479374110953,0.7505633721563566,0.3637176479456481,0.16097466457689785,0.19747921957348358,3,0,5,1,0.07,0.07,37,52,noisy,20,132
2,Defector,2.549595141700405,0.06726665937192253,18.0,0.07539118065433854,0.029571069044753255,0.03769559032716927,0.384806871648977,0.5479264689791006,0.0828525611086627,0.07821821384432127,0.06867747139975787,0.0689488004747701,3,0,5,1,0.07,0.07,37,52,noisy,20,132
3,Meta Winner: 18 players,2.5364372469635628,0.12170368749316118,17.0,0.9246088193456614,0.061877667140825036,0.05982602035233615,0.3634971003392056,0.5147992121676332,0.32437458219720244,0.23112284760603052,0.0968249602643574,0.09495421318535302,3,0,5,1,0.07,0.07,37,52,noisy,20,132
4,"DoubleCrosser: (D, D)",2.5080971659919027,0.3971167523799103,12.0,0.9416785206258891,0.29002079002079,0.10709596235912025,0.2617354196301565,0.3411478279899332,0.7568480578490238,0.5779244736213566,0.23993706902552403,0.11099234441299817,3,0,5,1,0.07,0.07,37,52,noisy,20,132
5,Evolved FSM 16,2.4595141700404857,0.403572600941022,13.0,0.9331436699857752,0.20664186453660138,0.1969307364044206,0.31056461319619216,0.28586278586278574,0.5178801935939238,0.4235123486381715,0.33216909797178107,0.33816479365101104,3,0,5,1,0.07,0.07,37,52,noisy,20,132
6,Tit For Tat,2.269230769230769,0.533373454426086,7.0,0.9345661450924608,0.32555531239741764,0.20781814202866833,0.20338658496553233,0.26323996060838173,0.9333191243122904,0.07178018375487058,0.9298697087090043,0.07062998893546939,3,0,5,1,0.07,0.07,37,52,noisy,20,132
7,Suspicious Tit For Tat,2.2287449392712553,0.49305175620965097,9.0,0.05547652916073969,0.28671079986869463,0.20634095634095637,0.21427399058978008,0.292674253200569,0.9338451432449117,0.07062431969673133,0.9303687156194007,0.06974402570406193,3,0,5,1,0.07,0.07,37,52,noisy,20,132
8,Soft Joss: 0.9,2.1973684210526314,0.5774975380238538,3.0,0.9260312944523471,0.3479319400372032,0.22956559798665063,0.18215887952730056,0.24034358244884557,0.9335857351979636,0.16344373307424878,0.9391916021200836,0.16395195420414224,3,0,5,1,0.07,0.07,37,52,noisy,20,132
9,Win-Stay Lose-Shift,2.167004048582996,0.5269996717365139,8.0,0.9345661450924608,0.2685195316774264,0.25848014005908737,0.22127694496115546,0.2517233833023306,0.9301988883745134,0.07084334775974728,0.06676036820017507,0.9347386211123534,3,0,5,1,0.07,0.07,37,52,noisy,20,132
10,Meta Mixer: 18 players,2.1204453441295548,0.4568059962796805,10.0,0.6728307254623044,0.21542291279133388,0.24138308348834667,0.2326567458146406,0.31053725790567893,0.5259937344666935,0.39812866310238054,0.5240587331559763,0.3974943636115804,3,0,5,1,0.07,0.07,37,52,noisy,20,132
11,GTFT: 0.33,2.077935222672065,0.6697395776343145,2.0,0.9388335704125178,0.3927946164788271,0.27694496115548745,0.1430681693839589,0.18719225298172662,0.9278883016563889,0.3610294062036732,0.9323322010546592,0.37879921832409363,3,0,5,1,0.07,0.07,37,52,noisy,20,132
12,Tit For 2 Tats,2.061740890688259,0.7204289309552467,1.0,0.9231863442389758,0.4675566254513623,0.2528723055038845,0.09443046285151546,0.18514060619323774,0.9334224424136268,0.6786170365080761,0.9282821250526322,0.3150668035977067,3,0,5,1,0.07,0.07,37,52,noisy,20,132
13,Alternator,2.0384615384615388,0.503392056023635,7.0,0.9416785206258891,0.20404311193784877,0.29934894408578616,0.23235583761899545,0.2642521063573695,0.07134925954339517,0.06683500554244436,0.918401941349553,0.9354964832756778,3,0,5,1,0.07,0.07,37,52,noisy,20,132
14,Random: 0.5,2.0303643724696356,0.4981124849545902,8.0,0.4694167852062589,0.21821315242367875,0.2798993325309115,0.21865083707188965,0.2832366779735201,0.49399540493778804,0.48879589007204566,0.501413405895679,0.506018205366766,3,0,5,1,0.07,0.07,37,52,noisy,20,132
15,Cycler DC,2.0202429149797574,0.5003282634861582,7.0,0.08108108108108109,0.19873618557829084,0.30159207790786735,0.23243790349053503,0.26723383302330667,0.1649650419675934,0.13537547974153252,0.8651275242490908,0.8366937379419853,3,0,5,1,0.07,0.07,37,52,noisy,20,132
16,Win-Shift Lose-Stay: D,1.958502024291498,0.5269176058649743,8.0,0.08534850640113797,0.20557500820658714,0.32134259765838713,0.21867819236240285,0.2544042017726228,0.07151170036890396,0.9300089197422882,0.9323271892570194,0.06742948964400214,3,0,5,1,0.07,0.07,37,52,noisy,20,132
17,Bully,1.8977732793522266,0.5635463398621293,8.0,0.06258890469416785,0.20070576649524022,0.3628405733668892,0.21482109640004377,0.2216325637378269,0.07318879562150439,0.931361921862808,0.06791142923413723,0.9285824261630051,3,0,5,1,0.07,0.07,37,52,noisy,20,132
18,Anti Tit For Tat,1.8572874493927127,0.5805339752708174,7.0,0.914651493598862,0.2132071342597658,0.36732684101105156,0.20179997811576758,0.21766604661341504,0.07307401576700989,0.924870077659793,0.07268829389497218,0.9393905361468712,3,0,5,1,0.07,0.07,37,52,noisy,20,132
19,Cooperator,1.6619433198380567,0.9317211948790897,0.0,0.9345661450924608,0.48897581792318623,0.4427453769559032,0.03545245650508809,0.0328263486158223,0.9337083566197634,0.9356878470732192,0.9352078899605574,0.9339686129639949,3,0,5,1,0.07,0.07,37,52,noisy,20,132
0,"DoubleCrosser: (D, D)",2.426545086119554,0.4155015197568389,4.0,0.9857142857142858,0.36534954407294834,0.05015197568389058,0.19219858156028372,0.3922998986828774,0.9385754076269324,0.7005002137476082,0.25240948308266625,0.0099462565010011,3,0,5,1,0.01,0.08,10,141,noisy,8,133
1,Suspicious Tit For Tat,2.2522796352583585,0.5184397163120568,3.0,0.014285714285714285,0.33100303951367777,0.1874366767983789,0.1905775075987842,0.2909827760891591,0.9917944283776737,0.012939476511920697,0.9847662710566774,0.01697844421349669,3,0,5,1,0.01,0.08,10,141,noisy,8,133
2,Defector,2.2370820668693012,0.010739614994934144,7.0,0.0,0.002735562310030395,0.00800405268490375,0.30962512664640324,0.6796352583586627,0.09090909090909091,0.0,0.010887705982829943,0.010552219953541598,3,0,5,1,0.01,0.08,10,141,noisy,8,133
3,GTFT: 0.33,2.182877406281661,0.7389057750759879,0.0,1.0,0.4961499493414387,0.2427558257345491,0.10780141843971631,0.15329280648429583,0.9914101319855779,0.35653880558500955,0.992476483406999,0.2888090906245056,3,0,5,1,0.01,0.08,10,141,noisy,8,133
4,Win-Stay Lose-Shift,2.0911854103343464,0.5837892603850051,2.0,1.0,0.33404255319148934,0.24974670719351572,0.1696048632218845,0.24660587639311043,0.9945910599149418,0.0111379313644334,0.009450244374409297,0.991918758074142,3,0,5,1,0.01,0.08,10,141,noisy,8,133
5,Meta Mixer: 7 players,1.9929078014184398,0.37193515704154,4.0,0.42857142857142855,0.15136778115501517,0.22056737588652484,0.23323201621073958,0.3948328267477204,0.6042718508676785,0.2610324402311971,0.5175147016159597,0.2956048840953332,3,0,5,1,0.01,0.08,10,141,noisy,8,133
6,Cycler DC,1.8657548125633232,0.496048632218845,2.0,0.014285714285714285,0.12512664640324214,0.3709219858156028,0.2453900709219858,0.2585612968591692,0.11968756231208139,0.020593219323467575,0.9826270482842009,0.9169293546576615,3,0,5,1,0.01,0.08,10,141,noisy,8,133
7,Random: 0.5,1.8383991894630194,0.4966565349544073,2.0,0.4857142857142857,0.1861195542046606,0.3105369807497468,0.19169199594731512,0.31165146909827757,0.5147670470924692,0.5068023217817604,0.5180535710787041,0.507820463488094,3,0,5,1,0.01,0.08,10,141,noisy,8,133
0,"DoubleCrosser: (D, D)",2.8390022675736963,0.4146815237445038,4.0,0.98805256869773,0.3749786653012459,0.039702858443257834,0.2794723624216712,0.3058461138338251,0.770396322495547,0.7471993716105194,0.22033699441130714,0.01802284438810552,3,0,5,1,0.01,0.08,93,147,noisy,10,134
1,Evolved FSM 16,2.724867724867725,0.4815952665415031,5.0,0.991636798088411,0.2495712741488471,0.23202399239265598,0.35694373328781936,0.1614610001706776,0.49547563521125615,0.5175368529318047,0.43387288591843065,0.43940031731446677,3,0,5,1,0.01,0.08,93,147,noisy,10,134
2,Defector,2.4625850340136055,0.01010248782906233,9.0,0.011947431302270013,0.0038117995107242422,0.0062906883183380885,0.3652988076951211,0.6245987044758167,0.02020983832129343,0.011350699771556002,0.009721676419022206,0.010186136771666065,3,0,5,1,0.01,0.08,93,147,noisy,10,134
3,Meta Winner: 9 players,2.4383975812547245,0.02981168572566422,8.0,0.992831541218638,0.01436130007558579,0.015450385650078427,0.35517193735319696,0.6150163769211389,0.4495701838699692,0.2577667722669185,0.07322427103143243,0.014710068860395177,3,0,5,1,0.01,0.08,93,147,noisy,10,134
4,Tit For Tat,2.2154195011337867,0.5174619429611749,2.0,0.991636798088411,0.33119579970578433,0.18626614325539056,0.18216175359032502,0.3003763034485,0.9918186456121014,0.011821186840768681,0.9928022466502853,0.012709278417701916,3,0,5,1,0.01,0.08,93,147,noisy,10,134
5,Soft Joss: 0.9,2.1927437641723357,0.588488202927527,0.0,0.991636798088411,0.3862271312348117,0.20226107169271534,0.15473142662082753,0.2567803704516454,0.9925161959392818,0.10811017218989083,0.9906948264292966,0.11463172711487098,3,0,5,1,0.01,0.08,93,147,noisy,10,134
6,Suspicious Tit For Tat,2.1594860166288736,0.47125708108811026,4.0,0.008363201911589008,0.27075155032144277,0.2005055307666675,0.20278123196709988,0.3259616869447899,0.9910992193490595,0.008907471415114932,0.988235424871958,0.009402694859169692,3,0,5,1,0.01,0.08,93,147,noisy,10,134
7,Alternator,1.5736961451247167,0.5017677321824787,2.0,0.980884109916368,0.12804883004575784,0.3737189021367209,0.1727257211128179,0.3255065467047034,0.009895613137953702,0.010242722063041089,0.9873629345374011,0.9887913936652237,3,0,5,1,0.01,0.08,93,147,noisy,10,134
8,Bully,1.3915343915343916,0.6799876461934834,3.0,0.011947431302270013,0.16513463210851845,0.514853014084965,0.14670145238501614,0.17331090142150052,0.012346015616845063,0.9903302894245866,0.010061229006438242,0.9877872090970204,3,0,5,1,0.01,0.08,93,147,noisy,10,134
9,Anti Tit For Tat,1.2071050642479215,0.7208933752712554,2.0,0.989247311827957,0.16784109103617556,0.5530522842350799,0.1081364445419745,0.17097018018677007,0.008318700269611092,0.986721573149826,0.01056622285794448,0.9877225446914009,3,0,5,1,0.01,0.08,93,147,noisy,10,134
0,Win-Stay Lose-Shift,3.05,0.7287234042553191,1.0,0.9468085106382979,0.6648936170212766,0.06382978723404256,0.21808510638297873,0.05319148936170212,0.9209129260084372,0.07846153846153847,0.11729166666666666,0.8782051282051282,3,0,5,1,0.09,0.1,47,10,noisy,3,135
1,Meta Mixer: 2 players,2.8,0.8436170212765958,1.0,0.9574468085106383,0.7095744680851064,0.13404255319148936,0.11808510638297873,0.03829787234042553,0.8839293217917472,0.5366666666666666,0.8246606334841629,0.9166666666666667,3,0,5,1,0.09,0.1,47,10,noisy,3,135
2,Cooperator,2.6,0.9138297872340425,0.0,0.925531914893617,0.7085106382978724,0.20531914893617023,0.0670212765957447,0.01914893617021277,0.9187965695119622,0.913296568627451,0.8864285714285715,0.8461538461538461,3,0,5,1,0.09,0.1,47,10,noisy,3,135
0,Grudger,2.5346092503987245,0.11367858148043906,18.0,0.9109907120743034,0.05706445257528848,0.05661412890515058,0.3695374800637959,0.5167839384557651,0.36583261034311143,0.09129037787569684,0.09692433092285375,0.08951346126280314,3,0,5,1,0.09,0.03,68,165,noisy,20,136
1,Defector,2.530781499202552,0.08941739375175908,18.0,0.09055727554179567,0.03661694342808894,0.05280045032367014,0.3774228351627732,0.5331597710854677,0.08966743813413416,0.08486652404732345,0.09099234308337326,0.08939378797141527,3,0,5,1,0.09,0.03,68,165,noisy,20,136
2,Meta Winner: 18 players,2.5028708133971294,0.10504737780279576,17.0,0.9140866873065016,0.0461394127028802,0.05890796509991556,0.36739844263064075,0.5275541795665636,0.2059619131490101,0.14541202799971198,0.0957197799466166,0.0960811160781918,3,0,5,1,0.09,0.03,68,165,noisy,20,136
3,Evolved HMM 5,2.499840510366826,0.31765644056665726,14.0,0.9102167182662538,0.1745989304812834,0.14305751008537385,0.3220377146073742,0.36030584482596867,0.6731843466519978,0.34351681484303326,0.15994788152058917,0.21610571872226178,3,0,5,1,0.09,0.03,68,165,noisy,20,136
4,"DoubleCrosser: (D, D)",2.4925039872408297,0.2499108734402852,14.0,0.8993808049535603,0.16431184914157052,0.08559902429871469,0.31334552959939954,0.4367435969603152,0.6074410537247126,0.4066903359485819,0.17450812577499686,0.09948545564274973,3,0,5,1,0.09,0.03,68,165,noisy,20,136
5,Evolved FSM 16,2.4387559808612442,0.2764142977765269,14.0,0.9171826625386997,0.11356130969134064,0.16285298808518625,0.3433014354066985,0.38028426681677463,0.3957388828050688,0.35544324404335176,0.21737951315717596,0.22895673878171946,3,0,5,1,0.09,0.03,68,165,noisy,20,136
6,Tit For Tat,2.160287081339713,0.4889999061825687,8.0,0.9009287925696594,0.2736044657097289,0.21539544047283987,0.20961628670607002,0.3013838071113613,0.9088803909985049,0.0910794058537157,0.9092708039497923,0.08937001286255448,3,0,5,1,0.09,0.03,68,165,noisy,20,136
7,Suspicious Tit For Tat,2.1483253588516744,0.47322919598461394,9.0,0.09907120743034056,0.2583966600994465,0.21483253588516743,0.21251055446101888,0.3142602495543672,0.9079236115969774,0.08745426905405708,0.9103223311670953,0.09135853888019531,3,0,5,1,0.09,0.03,68,165,noisy,20,136
8,Soft Joss: 0.9,2.1261562998405106,0.5355145886105639,4.0,0.9040247678018576,0.29746692935547425,0.23804765925508958,0.1924805328830097,0.27200487850642646,0.9116774075249382,0.1706253923668844,0.9087849212406369,0.16930248305829265,3,0,5,1,0.09,0.03,68,165,noisy,20,136
9,Win-Stay Lose-Shift,2.069218500797448,0.49973731119241954,8.5,0.9187306501547987,0.22321981424148607,0.2765174969509335,0.22771366919973723,0.27254901960784317,0.9120578985173363,0.08854316370175178,0.09157012539107336,0.9107792926707436,3,0,5,1,0.09,0.03,68,165,noisy,20,136
10,Meta Mixer: 18 players,2.06555023923445,0.444821277793414,11.5,0.6656346749226006,0.19732151233699224,0.2474997654564218,0.23118960502861427,0.32398911717797163,0.5168586064196589,0.40261632624043786,0.49984708236584935,0.399152663741629,3,0,5,1,0.09,0.03,68,165,noisy,20,136
11,Alternator,2.001913875598086,0.5010601369734496,8.0,0.9071207430340558,0.19801576132845486,0.3030443756449948,0.22775588704381272,0.2711839759827376,0.08839969735782847,0.09013825933175604,0.9129775751397586,0.9092967293075468,3,0,5,1,0.09,0.03,68,165,noisy,20,136
12,Cycler DC,1.9976076555023923,0.4979453982549958,8.0,0.07894736842105263,0.19840041279669757,0.29954498545829816,0.22539637864715262,0.27665822309785154,0.19143199668079008,0.17414703293468706,0.8294249934936601,0.8036977339344172,3,0,5,1,0.09,0.03,68,165,noisy,20,136
13,Random: 0.5,1.9843700159489632,0.49972323857772777,8.0,0.5030959752321982,0.2120649216624449,0.2876583169152829,0.2123088469837696,0.2879679144385026,0.49915186692351815,0.5032375859867326,0.5016221534716936,0.49866053377486363,3,0,5,1,0.09,0.03,68,165,noisy,20,136
14,GTFT: 0.33,1.9738437001594897,0.6331691528285955,2.0,0.9071207430340558,0.3404118585233136,0.2927572943052819,0.14989210995402946,0.216938737217375,0.9116722657099412,0.3657257836086348,0.9110359211978385,0.357193937124532,3,0,5,1,0.09,0.03,68,165,noisy,20,136
15,Tit For 2 Tats,1.9732057416267943,0.6698048597429402,1.0,0.9063467492260062,0.4054461018857304,0.26435875785720986,0.10741626794258374,0.22277887231447605,0.9106532459362496,0.633450961119726,0.9075806790440814,0.30739873606939855,3,0,5,1,0.09,0.03,68,165,noisy,20,136
16,Win-Shift Lose-Stay: D,1.9502392344497608,0.525884229289802,8.0,0.09210526315789473,0.20552584670231724,0.3203583825874848,0.21423210432498357,0.25988366638521443,0.09014699855346099,0.9084696170907135,0.9105635649270178,0.08968584425109498,3,0,5,1,0.09,0.03,68,165,noisy,20,136
17,Bully,1.8545454545454545,0.5725959283234825,8.0,0.08591331269349846,0.20468148982080872,0.3679144385026738,0.20304437564499483,0.22435969603152264,0.09024469558078367,0.9104938062745067,0.0886615268463888,0.9094887775314813,3,0,5,1,0.09,0.03,68,165,noisy,20,136
18,Anti Tit For Tat,1.8390749601275918,0.5791631485129937,7.0,0.9055727554179567,0.2061684961065766,0.37299465240641716,0.19874284642086498,0.2220940050661413,0.08906983644264128,0.9075211437518688,0.09344940704559668,0.9100678143865831,3,0,5,1,0.09,0.03,68,165,noisy,20,136
19,Cooperator,1.5226475279106857,0.9109438033586641,0.0,0.9102167182662538,0.4241814429120931,0.48676236044657106,0.0421756262313538,0.04688057040998219,0.9103774908624611,0.9106750423937114,0.9068419929465856,0.9123742202504923,3,0,5,1,0.09,0.03,68,165,noisy,20,136
0,Evolved HMM 5,2.5196969696969695,0.35399900645802285,12.0,0.9526411657559198,0.2238450074515648,0.13015399900645802,0.3007285974499089,0.3452723960920683,0.7627638592107305,0.35383210551926,0.14884765694518798,0.19886485620088526,3,0,5,1,0.06,0.06,61,110,noisy,19,137
1,Grudger,2.4585858585858587,0.11489485014075178,17.0,0.9426229508196722,0.071692333167743,0.043202516973008774,0.3388309322735552,0.546274217585693,0.5386070464766788,0.06666551084793032,0.07601271376511734,0.059435642315158375,3,0,5,1,0.06,0.06,61,110,noisy,19,137
2,"DoubleCrosser: (D, D)",2.447979797979798,0.34932935916542474,12.0,0.9444444444444444,0.2641000165590329,0.08522934260639177,0.2498012916045703,0.400869349230005,0.745165012130482,0.5292281268959637,0.22195087280451753,0.07460896022896113,3,0,5,1,0.06,0.06,61,110,noisy,19,137
3,Defector,2.4388888888888887,0.059604239112435835,17.0,0.0482695810564663,0.022661036595462824,0.036943202516973,0.35617651929127336,0.5842192415962908,0.06552420186702534,0.05890763363533601,0.059488662899868615,0.05994751602236181,3,0,5,1,0.06,0.06,61,110,noisy,19,137
4,Meta Winner: 17 players,2.436868686868687,0.08555224374896506,16.0,0.9453551912568307,0.03894684550422255,0.0466053982447425,0.34942043384666327,0.5650273224043716,0.2786901293171383,0.1699404929412744,0.07121709277535573,0.073566574363156,3,0,5,1,0.06,0.06,61,110,noisy,19,137
5,Evolved FSM 16,2.4101010101010103,0.36037423414472597,12.0,0.9389799635701275,0.1646547441629409,0.19571948998178507,0.31756913396257663,0.32205663189269745,0.4604844016103857,0.43296101640191,0.2954192492199234,0.29575499281357004,3,0,5,1,0.06,0.06,61,110,noisy,19,137
6,Tit For Tat,2.2338383838383837,0.5195644974333499,8.0,0.936247723132969,0.31830601092896177,0.20125848650438816,0.1998675277363802,0.28056797483026996,0.9402028732029974,0.05961099303204767,0.9395752058079798,0.05520286415271326,3,0,5,1,0.06,0.06,61,110,noisy,19,137
7,Soft Joss: 0.9,2.1924242424242424,0.5677016062261964,4.0,0.9462659380692168,0.3446762709057791,0.22302533532041727,0.18173538665341946,0.25056300712038415,0.9376841214262169,0.1475215958432282,0.9422119434851839,0.15164809057303297,3,0,5,1,0.06,0.06,61,110,noisy,19,137
8,Suspicious Tit For Tat,2.187878787878788,0.4858420268256334,9.0,0.06466302367941712,0.2835072031793343,0.20233482364629907,0.20553071700612685,0.3086272561682398,0.936418731223672,0.05782845800331266,0.9395332298565273,0.05884731780942106,3,0,5,1,0.06,0.06,61,110,noisy,19,137
9,Win-Stay Lose-Shift,2.0999999999999996,0.5076337141910913,8.0,0.9198542805100182,0.23570127504553737,0.2719324391455539,0.22390296406689847,0.26846332174201026,0.9401175820749211,0.058322884088936676,0.06155570293011069,0.9429211870897309,3,0,5,1,0.06,0.06,61,110,noisy,19,137
10,GTFT: 0.33,2.076767676767677,0.6714439476734558,2.0,0.930783242258652,0.4022437489650605,0.2692001987083954,0.1359248219903958,0.19263123033614837,0.9395854468656254,0.3517446178667671,0.9417440590064733,0.36008958607832425,3,0,5,1,0.06,0.06,61,110,noisy,19,137
11,Meta Mixer: 17 players,2.056060606060606,0.4408676933267097,10.0,0.6411657559198543,0.20040569630733568,0.2404619970193741,0.22680907435005798,0.33232323232323235,0.5527400229598685,0.36862753383636776,0.5386842667004825,0.3597904953761639,3,0,5,1,0.06,0.06,61,110,noisy,19,137
12,Tit For 2 Tats,2.047979797979798,0.7130733565159795,1.0,0.930783242258652,0.47699122371253516,0.2360821328034443,0.08319258155323726,0.20373406193078325,0.934972215968595,0.6846036755103174,0.94082462168387,0.3065068350275453,3,0,5,1,0.06,0.06,61,110,noisy,19,137
13,Alternator,1.9954545454545456,0.5019291273389634,7.0,0.9444444444444444,0.17952475575426396,0.3224043715846994,0.24003146216260968,0.25803941049842694,0.05622960878664191,0.060463521449293206,0.9422026535483714,0.935735979186323,3,0,5,1,0.06,0.06,61,110,noisy,19,137
14,Cycler DC,1.9818181818181817,0.5,7.0,0.060109289617486336,0.17944196058950157,0.3205580394104984,0.2355356847160125,0.2644643152839874,0.1520309469390301,0.11273938526381445,0.8872280937241273,0.8420500612830072,3,0,5,1,0.06,0.06,61,110,noisy,19,137
15,Random: 0.5,1.963131313131313,0.4983772147706574,7.0,0.48816029143898,0.20792349726775952,0.29045371750289783,0.21078820996853784,0.2908345752608048,0.49700924953936515,0.4933373568434264,0.509059764158928,0.49996317082614133,3,0,5,1,0.06,0.06,61,110,noisy,19,137
16,Win-Shift Lose-Stay: D,1.893939393939394,0.5367776121874482,7.0,0.05737704918032787,0.1987994701109455,0.3379781420765028,0.2096870342771982,0.2535353535353535,0.05690556787306216,0.9378924856897601,0.9403933218330065,0.05913670999645962,3,0,5,1,0.06,0.06,61,110,noisy,19,137
17,Bully,1.7999999999999998,0.5881685709554562,8.0,0.061930783242258654,0.19398907103825136,0.39417949991720486,0.20051333002152677,0.21131809902301707,0.05986716069036359,0.9396724981581713,0.06401728422735001,0.9396422272157979,3,0,5,1,0.06,0.06,61,110,noisy,19,137
18,Cooperator,1.6641414141414141,0.9411988739857592,0.0,0.9444444444444444,0.4925070375890049,0.4486918363967546,0.03036926643484021,0.02843185957940057,0.9409913179580341,0.9409753739179325,0.9386270735180252,0.9358474483279774,3,0,5,1,0.06,0.06,61,110,noisy,19,137
0,Grudger,2.3499999999999996,0.515625,2.0,0.985,0.46375,0.051875000000000004,0.10687500000000001,0.37750000000000006,0.9227166451854092,0.06896551724137931,0.21051829268292682,0.022115948224209286,3,0,5,1,0.03,0.04,40,16,noisy,6,138
1,Soft Joss: 0.9,2.2625,0.66125,1.0,0.955,0.5253125,0.1359375,0.0853125,0.2534375,0.9747458371718573,0.10860387298550855,0.9703403207948049,0.1048451232367179,3,0,5,1,0.03,0.04,40,16,noisy,6,138
2,Tit For 2 Tats,2.2125,0.7446875,0.0,0.97,0.5900000000000001,0.1546875,0.04781250000000001,0.20749999999999996,0.977235055624677,0.6564011661076701,0.9824999999999999,0.07177153607077065,3,0,5,1,0.03,0.04,40,16,noisy,6,138
3,Meta Mixer: 5 players,2.15,0.436875,2.0,0.795,0.27874999999999994,0.158125,0.17843750000000003,0.38468749999999996,0.6874925955623186,0.21024897837676923,0.5897199119898506,0.22413741067910128,3,0,5,1,0.03,0.04,40,16,noisy,6,138
4,Win-Stay Lose-Shift,2.1125,0.671875,1.0,0.99,0.43875000000000003,0.23312499999999997,0.1084375,0.21968749999999998,0.973717774038828,0.02908314181782876,0.024828910423363604,0.9775038085409603,3,0,5,1,0.03,0.04,40,16,noisy,6,138
5,Defector,1.925,0.035625,5.0,0.03,0.0090625,0.0265625,0.23343750000000002,0.7309374999999999,0.14166666666666666,0.058333333333333334,0.05165066038222573,0.03325342725491125,3,0,5,1,0.03,0.04,40,16,noisy,6,138
0,Grudger,2.321637426900585,0.17673261167102153,7.0,0.9881796690307328,0.1612293144208038,0.015503297250217743,0.24967027497822572,0.5735971133507527,0.8881001329093582,0.02715366606776165,0.048992183496816895,0.009538115928852025,3,0,5,1,0.01,0.09,47,95,noisy,10,139
1,Win-Stay Lose-Shift,2.3169590643274853,0.5200447928331468,3.0,0.9929078014184397,0.28331466965285557,0.2367301231802911,0.24887395794450665,0.23108124922234666,0.9921571955922871,0.012276740453916656,0.012452300298838037,0.992147889622289,3,0,5,1,0.01,0.09,47,95,noisy,10,139
2,Soft Joss: 0.9,2.2093567251461987,0.5935796939156401,0.0,0.9905437352245863,0.3745925096429015,0.21898718427273858,0.1716312056737588,0.23478910041060097,0.9926421639206244,0.10365636567562744,0.9905561082523489,0.11806392763164902,3,0,5,1,0.01,0.09,47,95,noisy,10,139
3,Tit For Tat,2.1941520467836257,0.5023267388328978,1.0,0.9929078014184397,0.2925718551698395,0.20975488366305836,0.20383227572477292,0.29384098544232923,0.9898299637474925,0.010258113892000606,0.9889584719198861,0.009965472157493403,3,0,5,1,0.01,0.09,47,95,noisy,10,139
4,Suspicious Tit For Tat,1.992982456140351,0.38758243125544356,4.0,0.0070921985815602835,0.17561279084235412,0.21196964041308947,0.2131392310563643,0.3992783376881921,0.9940848367326613,0.01353925501871758,0.9899722429488467,0.011725061081648714,3,0,5,1,0.01,0.09,47,95,noisy,10,139
5,Defector,1.9777777777777779,0.00935672514619883,8.0,0.009456264775413711,0.00253826054497947,0.00681846460121936,0.2497698146074406,0.7408734602463606,0.05,0.04347395523866112,0.009909346456708708,0.009713329607901772,3,0,5,1,0.01,0.09,47,95,noisy,10,139
6,Cycler DC,1.936842105263158,0.4951598855294264,3.0,0.009456264775413711,0.10772676371780515,0.38743312181162126,0.27669528431006596,0.22814483016050768,0.10756089446406446,0.01686052159343523,0.9877655441354389,0.8882884671380701,3,0,5,1,0.01,0.09,47,95,noisy,10,139
7,Meta Mixer: 9 players,1.9064327485380117,0.34510389448799306,6.0,0.5059101654846335,0.12920243872091575,0.21590145576707725,0.21575214632325498,0.439143959188752,0.6080004968440293,0.23200560620918292,0.5720067519227882,0.2345866268434219,3,0,5,1,0.01,0.09,47,95,noisy,10,139
8,Random: 0.5,1.8514619883040935,0.49864377255194725,3.0,0.4940898345153664,0.19216125419932809,0.3064825183526192,0.19494836381734476,0.306407863630708,0.4786949210661687,0.4975838888651768,0.4892404263527114,0.5044820754456072,3,0,5,1,0.01,0.09,47,95,noisy,10,139
9,Win-Shift Lose-Stay: D,1.6257309941520468,0.5447057359711335,2.0,0.009456264775413711,0.16175189747418192,0.38295383849695164,0.1682219733731492,0.28707229065571727,0.01069706152294823,0.990122926328141,0.9919716770011264,0.01259206690784938,3,0,5,1,0.01,0.09,47,95,noisy,10,139
0,Grudger,2.8194444444444446,0.14757727652464495,9.0,0.9122807017543859,0.089515455304929,0.05806182121971595,0.42798663324979114,0.42443609022556394,0.46322148747126207,0.09734351198317832,0.10322726344701988,0.08909558221444501,3,0,5,1,0.09,0.08,95,56,noisy,10,140
1,Evolved HMM 5,2.6865079365079363,0.28308270676691727,7.0,0.9134502923976608,0.14778613199665833,0.13529657477025897,0.3774018379281537,0.339515455304929,0.6204555083109144,0.3396774230522363,0.14727470623438382,0.19871757454407155,3,0,5,1,0.09,0.08,95,56,noisy,10,140
2,Meta Winner: 9 players,2.5892857142857144,0.1941938178780284,8.0,0.9076023391812865,0.08828320802005013,0.10591060985797826,0.3791144527986633,0.4266917293233083,0.28974529347689487,0.47821564876896094,0.11712000924695071,0.14775963215451568,3,0,5,1,0.09,0.08,95,56,noisy,10,140
3,Evolved FSM 16,2.490079365079365,0.3301796157059315,6.0,0.9087719298245615,0.14131161236424394,0.18886800334168752,0.3461152882205514,0.3237050960735171,0.4988208184754803,0.35284369710233887,0.23622091698747263,0.31506939924147137,3,0,5,1,0.09,0.08,95,56,noisy,10,140
4,Soft Joss: 0.9,2.017857142857143,0.5039891395154553,1.0,0.9157894736842105,0.24070593149540517,0.2632832080200502,0.19686716791979952,0.29914369256474527,0.9118440697250154,0.17848031289756838,0.9089409144890668,0.16910729899196617,3,0,5,1,0.09,0.08,95,56,noisy,10,140
5,Win-Stay Lose-Shift,1.9523809523809526,0.4963450292397661,3.0,0.92046783625731,0.20093984962406014,0.2954051796157059,0.21752297410192142,0.28613199665831246,0.9098137103682993,0.08907698385258489,0.09199383149453477,0.9046551376767228,3,0,5,1,0.09,0.08,95,56,noisy,10,140
6,Alternator,1.7023809523809523,0.5034878863826232,3.0,0.9099415204678363,0.19791144527986632,0.30557644110275695,0.1545530492898914,0.34195906432748535,0.08810584630671314,0.08496605257576445,0.9076267557661182,0.9111376394300551,3,0,5,1,0.09,0.08,95,56,noisy,10,140
7,Win-Shift Lose-Stay: D,1.6825396825396826,0.5448830409356725,2.0,0.10409356725146199,0.16340852130325817,0.3814745196324144,0.18439849624060153,0.27071846282372597,0.0929175299285162,0.9094542232178731,0.910369231668932,0.0852133864833564,3,0,5,1,0.09,0.08,95,56,noisy,10,140
8,Bully,1.5753968253968254,0.612719298245614,3.0,0.08888888888888889,0.1963659147869674,0.41635338345864653,0.15474101921470343,0.23253968253968255,0.09396519970984574,0.9099071072420306,0.09026497648994698,0.909529902313115,3,0,5,1,0.09,0.08,95,56,noisy,10,140
9,Anti Tit For Tat,1.5238095238095237,0.633249791144528,2.0,0.9099415204678363,0.2041144527986633,0.4291353383458646,0.14066416040100252,0.22608604845446953,0.08899222189118317,0.9096765855223775,0.08945411594324439,0.9130624241392626,3,0,5,1,0.09,0.08,95,56,noisy,10,140
0,Evolved HMM 5,2.501831501831502,0.4671738517892364,4.0,0.9047619047619048,0.3354466046773739,0.1317272471118625,0.2421808960270499,0.2906452521837137,0.8592062594677443,0.34672302829169643,0.23312143139599575,0.2206702601928387,3,0,5,1,0.09,0.02,78,39,noisy,8,141
1,Grudger,2.4798534798534795,0.2321780783319245,7.0,0.9102564102564102,0.16276885507654737,0.0694092232553771,0.3060486522024984,0.46177326946557723,0.7224203199397427,0.09313854647636084,0.13649141816652147,0.0927926948831485,3,0,5,1,0.09,0.02,78,39,noisy,8,141
2,Soft Joss: 0.9,2.3681318681318677,0.6290973983281676,2.0,0.9084249084249084,0.43885601577909267,0.19024138254907486,0.16976613130459284,0.20113647036723958,0.9121372851174032,0.16376998394291506,0.9129625792726775,0.1675014414355019,3,0,5,1,0.09,0.02,78,39,noisy,8,141
3,Tit For Tat,2.358974358974359,0.590964590964591,3.0,0.9120879120879121,0.41175918098995024,0.17920540997464077,0.17967502582887201,0.22936038320653707,0.9182329191878494,0.08732513020695147,0.9181495843918421,0.10946714612964333,3,0,5,1,0.09,0.02,78,39,noisy,8,141
4,Suspicious Tit For Tat,2.3479853479853476,0.5409035409035409,4.0,0.09157509157509157,0.35432516201746966,0.18657837888607118,0.20874424720578566,0.2503522118906734,0.9162915577367354,0.09071879877717733,0.920140621392668,0.08787419725387499,3,0,5,1,0.09,0.02,78,39,noisy,8,141
5,GTFT: 0.33,2.315018315018315,0.7135343289189443,1.0,0.9285714285714286,0.49450549450549447,0.2190288344134498,0.13473278857894241,0.15173288250211328,0.9064319608226699,0.36540812490705216,0.9048674865239243,0.36061792992708036,3,0,5,1,0.09,0.02,78,39,noisy,8,141
6,Win-Stay Lose-Shift,2.3003663003663,0.554193669578285,3.0,0.8827838827838828,0.32868413637644406,0.2255095332018409,0.21949845026768103,0.22630788015403397,0.9104758328285453,0.08925673086410137,0.09452302020040912,0.9010218537159737,3,0,5,1,0.09,0.02,78,39,noisy,8,141
7,Cooperator,2.087912087912088,0.9121818352587583,0.0,0.9065934065934066,0.5967878275570583,0.31539400770169995,0.0564478256785949,0.031370339062646746,0.9122358662904039,0.9112095637525444,0.9078803520084894,0.9238418938061657,3,0,5,1,0.09,0.02,78,39,noisy,8,141
0,Evolved HMM 5,3.2364672364672367,0.6691804927099044,4.0,0.9901960784313726,0.6381766381766383,0.031003854533266307,0.23370202781967492,0.09711747947042068,0.9021286069965972,0.3931516593060105,0.1627639434387231,0.1648603755991643,3,0,5,1,0.01,0.05,17,117,noisy,7,142
1,"DoubleCrosser: (D, D)",3.1424501424501425,0.792357968828557,3.0,0.9803921568627451,0.7435897435897436,0.048768225238813474,0.1791520026814144,0.02849002849002849,0.8866361668499461,0.8595274941813843,0.4340228490697083,0.04024980050991612,3,0,5,1,0.01,0.05,17,117,noisy,7,142
2,Evolved FSM 16,3.0968660968660973,0.6618903971845148,4.0,1.0,0.5503603150661974,0.11153008211831743,0.26747109100050276,0.07063851181498242,0.7857285453333634,0.5046705391807306,0.6322316177554659,0.43642230064919985,3,0,5,1,0.01,0.05,17,117,noisy,7,142
3,Soft Joss: 0.9,2.7535612535612537,0.8486676721970839,2.0,0.9901960784313726,0.7545667839785487,0.09410088821853528,0.08639182168593933,0.0649405061169767,0.9905267434798741,0.0788337618510046,0.993855212251271,0.08065615121994714,3,0,5,1,0.01,0.05,17,117,noisy,7,142
4,Tit For 2 Tats,2.688034188034188,0.9163733869616223,0.0,0.9901960784313726,0.811295458354282,0.10507792860734037,0.04265124853360147,0.04097536450477627,0.9906105675844868,0.8444068866209853,0.9987012987012988,0.36744704570791525,3,0,5,1,0.01,0.05,17,117,noisy,7,142
5,GTFT: 0.33,2.6424501424501425,0.8710407239819005,1.0,1.0,0.762359644712586,0.10868107926931456,0.059661471426177316,0.06929780459192224,0.9902838307139739,0.28497122929161284,0.9824379352753585,0.42048300114127013,3,0,5,1,0.01,0.05,17,117,noisy,7,142
6,Anti Tit For Tat,1.4173789173789173,0.6840120663650076,3.0,0.9901960784313726,0.13164069046421986,0.5523713759007877,0.18250377073906485,0.1334841628959276,0.007633810462575864,0.9897589163251338,0.014975136674644684,0.9885937879254652,3,0,5,1,0.01,0.05,17,117,noisy,7,142
0,Bully,3.5,0.020833333333333332,5.0,0.020833333333333332,0.011904761904761904,0.008928571428571428,0.6101190476190477,0.36904761904761907,0,0,0,0,3,0,5,1,0.03,0.0,42,1,noisy,9,143
1,"DoubleCrosser: (D, D)",3.5,0.020833333333333332,5.0,0.020833333333333332,0.008928571428571428,0.011904761904761904,0.6130952380952381,0.3660714285714285,0,0,0,0,3,0,5,1,0.03,0.0,42,1,noisy,9,143
2,Win-Shift Lose-Stay: D,3.5,0.02976190476190476,5.0,0.02976190476190476,0.011904761904761904,0.017857142857142856,0.6309523809523809,0.33928571428571425,0,0,0,0,3,0,5,1,0.03,0.0,42,1,noisy,9,143
3,Meta Mixer: 8 players,2.5,0.5327380952380952,2.0,0.5327380952380952,0.29464285714285715,0.2380952380952381,0.27380952380952384,0.19345238095238093,0,0,0,0,3,0,5,1,0.03,0.0,42,1,noisy,9,143
4,Random: 0.5,2.375,0.5416666666666666,2.0,0.5416666666666666,0.29761904761904767,0.24404761904761904,0.2648809523809524,0.193452380952381,0,0,0,0,3,0,5,1,0.03,0.0,42,1,noisy,9,143
5,Anti Tit For Tat,1.5,0.9732142857142857,0.0,0.9732142857142857,0.4851190476190476,0.4880952380952381,0.008928571428571428,0.017857142857142856,0,0,0,0,3,0,5,1,0.03,0.0,42,1,noisy,9,143
6,Grudger,1.5,0.9761904761904762,0.0,0.9761904761904762,0.5029761904761905,0.4732142857142857,0.017857142857142856,0.005952380952380952,0,0,0,0,3,0,5,1,0.03,0.0,42,1,noisy,9,143
7,Evolved FSM 16,1.5,0.9732142857142857,0.0,0.9732142857142857,0.4910714285714286,0.4821428571428571,0.005952380952380952,0.020833333333333332,0,0,0,0,3,0,5,1,0.03,0.0,42,1,noisy,9,143
8,Alternator,1.5,0.9583333333333334,0.0,0.9583333333333334,0.4851190476190476,0.47321428571428575,0.011904761904761906,0.029761904761904764,0,0,0,0,3,0,5,1,0.03,0.0,42,1,noisy,9,143
0,Defector,2.4242424242424243,0.09163059163059163,10.0,0.07532467532467532,0.03607503607503608,0.05555555555555555,0.36248196248196246,0.545887445887446,0.130575032698666,0.09479689485622333,0.08729827588052402,0.09536952899657485,3,0,5,1,0.09,0.01,70,9,noisy,12,144
1,Grudger,2.3737373737373737,0.3774891774891775,6.0,0.9090909090909091,0.2512265512265512,0.12626262626262627,0.2544011544011544,0.36810966810966816,0.6887230035818465,0.0719450028138205,0.22487182432428732,0.08173490608226641,3,0,5,1,0.09,0.01,70,9,noisy,12,144
2,Meta Winner: 11 players,2.2979797979797976,0.3295815295815296,7.0,0.9090909090909091,0.18023088023088024,0.14935064935064937,0.27316017316017316,0.3972582972582972,0.5677690031175586,0.3205191663024981,0.23232720013521896,0.12255437231499199,3,0,5,1,0.09,0.01,70,9,noisy,12,144
3,Evolved HMM 5,2.292929292929293,0.5304473304473305,4.0,0.9181818181818182,0.32525252525252524,0.20519480519480518,0.20923520923520925,0.2603174603174603,0.8552420951265862,0.36587307697656346,0.26302179024290195,0.21404827695482737,3,0,5,1,0.09,0.01,70,9,noisy,12,144
4,Suspicious Tit For Tat,2.1717171717171717,0.42958152958152956,4.0,0.09090909090909091,0.22294372294372292,0.20663780663780662,0.23174603174603173,0.3386724386724387,0.9335140512025862,0.0902293238298678,0.8909500202436539,0.080248427450233,3,0,5,1,0.09,0.01,70,9,noisy,12,144
5,Cycler DC,2.1565656565656566,0.4564213564213564,4.0,0.08961038961038961,0.17056277056277055,0.28585858585858587,0.2696969696969697,0.2738816738816739,0.22132854299880336,0.16140609844422238,0.8567273484933374,0.7881374968968328,3,0,5,1,0.09,0.01,70,9,noisy,12,144
6,Tit For Tat,2.1464646464646466,0.5721500721500722,1.0,0.9064935064935065,0.3277056277056277,0.24444444444444444,0.1862914862914863,0.24155844155844158,0.910629842923058,0.08817575236291347,0.9108367600230508,0.1057334847650978,3,0,5,1,0.09,0.01,70,9,noisy,12,144
7,Win-Shift Lose-Stay: D,2.070707070707071,0.4637806637806638,4.0,0.08961038961038961,0.18715728715728722,0.27662337662337666,0.24199134199134198,0.29422799422799417,0.07907524082915919,0.895036358452705,0.906793782286892,0.08315067132439162,3,0,5,1,0.09,0.01,70,9,noisy,12,144
8,Random: 0.5,2.0656565656565657,0.4909090909090909,4.0,0.4805194805194805,0.2152958152958153,0.2756132756132756,0.2227994227994228,0.28629148629148626,0.5167346135002361,0.47687803161205783,0.49740062902754373,0.4900793364522659,3,0,5,1,0.09,0.01,70,9,noisy,12,144
9,Soft Joss: 0.9,2.0606060606060606,0.5984126984126984,1.0,0.9155844155844156,0.33217893217893213,0.2662337662337662,0.16926406926406926,0.2323232323232323,0.9103941973374522,0.16711272619153747,0.9144291028178517,0.18316213968058423,3,0,5,1,0.09,0.01,70,9,noisy,12,144
10,"DoubleCrosser: (D, D)",2.04040404040404,0.6753246753246753,2.0,0.9181818181818182,0.3874458874458874,0.28787878787878785,0.14025974025974025,0.1844155844155844,0.81916520694561,0.7235484295176883,0.32471632563555125,0.2904217515058179,3,0,5,1,0.09,0.01,70,9,noisy,12,144
11,Anti Tit For Tat,1.8434343434343434,0.5974025974025974,3.0,0.912987012987013,0.22683982683982684,0.37056277056277054,0.18888888888888886,0.2137085137085137,0.09822484992784088,0.9141014120524221,0.0857252756822854,0.8930524399529666,3,0,5,1,0.09,0.01,70,9,noisy,12,144
0,Evolved HMM 5,2.8558352402745997,0.5161556064073226,10.0,0.9852631578947368,0.4337299771167048,0.08242562929061785,0.2679176201372997,0.21592677345537759,0.9396053700516249,0.38798509945364945,0.14147107291413807,0.16731542458366505,3,0,5,1,0.01,0.09,25,46,noisy,20,145
1,"DoubleCrosser: (D, D)",2.8558352402745997,0.5504347826086956,13.0,0.991578947368421,0.49116704805492,0.05926773455377575,0.2326315789473684,0.21693363844393593,0.9060438928815744,0.7919135478412157,0.1604980407431155,0.09363644463179929,3,0,5,1,0.01,0.09,25,46,noisy,20,145
2,Grudger,2.8100686498855834,0.3426544622425629,13.0,0.9873684210526316,0.3210068649885583,0.02164759725400458,0.28768878718535473,0.36965675057208236,0.9396617529752754,0.04537684537684537,0.07744418951094537,0.01189357831940893,3,0,5,1,0.01,0.09,25,46,noisy,20,145
3,Evolved FSM 16,2.8089244851258584,0.5579405034324942,9.0,0.9936842105263158,0.41359267734553773,0.1443478260869565,0.2708466819221968,0.1712128146453089,0.7105610304368003,0.4946442808891997,0.47119940276507677,0.42127050100295754,3,0,5,1,0.01,0.09,25,46,noisy,20,145
4,Meta Winner: 18 players,2.5846681922196795,0.07633867276887872,16.0,0.9894736842105263,0.04393592677345537,0.032402745995423345,0.37652173913043485,0.5471395881006864,0.48872944245781164,0.3521201134556154,0.06655782054381244,0.07405125132094034,3,0,5,1,0.01,0.09,25,46,noisy,20,145
5,Defector,2.556064073226545,0.009794050343249427,18.0,0.010526315789473684,0.0039816933638443935,0.005812356979405035,0.3869565217391304,0.60324942791762,0.0,0.12142857142857143,0.01397052644901982,0.00988824071653954,3,0,5,1,0.01,0.09,25,46,noisy,20,145
6,Tit For Tat,2.4473684210526314,0.648695652173913,2.0,0.9873684210526316,0.4818306636155607,0.1668649885583524,0.1602288329519451,0.19107551487414193,0.9888243122935132,0.014752996797729796,0.9927557233770615,0.013768939350597689,3,0,5,1,0.01,0.09,25,46,noisy,20,145
7,Soft Joss: 0.9,2.4164759725400455,0.6935469107551487,1.0,0.9873684210526316,0.5155148741418764,0.1780320366132723,0.13908466819221968,0.16736842105263158,0.9918852700715698,0.11530392656903511,0.988659268500381,0.11597970228352103,3,0,5,1,0.01,0.09,25,46,noisy,20,145
8,Win-Stay Lose-Shift,2.32837528604119,0.6336384439359267,5.0,0.9873684210526316,0.42933638443935923,0.2043020594965675,0.17020594965675054,0.19615560640732266,0.9918384622177495,0.011540472202117067,0.0131917331494525,0.9871506056309926,3,0,5,1,0.01,0.09,25,46,noisy,20,145
9,Suspicious Tit For Tat,2.3054919908466815,0.5363844393592677,10.0,0.01263157894736842,0.35478260869565215,0.18160183066361557,0.19418764302059496,0.26942791762013735,0.9832221739050789,0.012461495546919573,0.9889685803752251,0.011514544592492293,3,0,5,1,0.01,0.09,25,46,noisy,20,145
10,GTFT: 0.33,2.278032036613272,0.7690160183066361,1.0,0.9894736842105263,0.5533638443935927,0.21565217391304345,0.10077803203661324,0.13020594965675056,0.9901799089767045,0.3442363567534009,0.9910360491670535,0.407166362987701,3,0,5,1,0.01,0.09,25,46,noisy,20,145
11,Tit For 2 Tats,2.217391304347826,0.8098398169336385,1.0,0.9873684210526316,0.6159267734553775,0.19391304347826088,0.045446224256292925,0.14471395881006868,0.9910881015036401,0.7770944316807121,0.9943541877374336,0.28961653540466925,3,0,5,1,0.01,0.09,25,46,noisy,20,145
12,Meta Mixer: 18 players,2.1384439359267735,0.468558352402746,10.0,0.6547368421052632,0.2320366132723112,0.23652173913043478,0.22466819221967965,0.30677345537757433,0.5807060486760625,0.3904587532916936,0.5529329590830063,0.3953830470406875,3,0,5,1,0.01,0.09,25,46,noisy,20,145
13,Alternator,2.0320366132723113,0.502745995423341,6.0,0.9873684210526316,0.1886956521739131,0.3140503432494279,0.24265446224256293,0.25459954233409615,0.012860967079203334,0.010190568227077281,0.9939579665939569,0.9927323944523785,3,0,5,1,0.01,0.09,25,46,noisy,20,145
14,Cycler DC,2.0125858123569795,0.5010068649885584,6.0,0.010526315789473684,0.179954233409611,0.3210526315789474,0.24384439359267737,0.25514874141876426,0.08643030230967752,0.05649471246541033,0.9735970769041301,0.95350444964321,3,0,5,1,0.01,0.09,25,46,noisy,20,145
15,Random: 0.5,2.009153318077803,0.5022883295194508,7.0,0.5052631578947369,0.21688787185354688,0.28540045766590394,0.21560640732265454,0.2821052631578947,0.5031291387730137,0.5154757576546096,0.5185112373642258,0.5206878925009488,3,0,5,1,0.01,0.09,25,46,noisy,20,145
16,Bully,1.9016018306636155,0.5708924485125858,8.0,0.00631578947368421,0.18279176201372999,0.3881006864988558,0.23102974828375286,0.19807780320366133,0.015747207115446346,0.9908537277810294,0.01115398576062659,0.9875775190437107,3,0,5,1,0.01,0.09,25,46,noisy,20,145
17,Cooperator,1.8810068649885583,0.9902517162471396,0.0,0.9810526315789474,0.617070938215103,0.3731807780320366,0.0061784897025171604,0.003569794050343249,0.9909557177423391,0.9910460799354882,0.9844028520499108,0.9897959183673469,3,0,5,1,0.01,0.09,25,46,noisy,20,145
18,Win-Shift Lose-Stay: D,1.8752860411899313,0.5729519450800915,8.0,0.010526315789473684,0.199816933638444,0.3731350114416476,0.21313501144164756,0.21391304347826087,0.01266660537107557,0.9903069158807863,0.9929262757068437,0.013546698478473842,3,0,5,1,0.01,0.09,25,46,noisy,20,145
19,Anti Tit For Tat,1.736842105263158,0.6187185354691076,7.0,0.991578947368421,0.19258581235697939,0.42613272311212813,0.19423340961098395,0.18704805491990845,0.008670849530979342,0.9895277620285088,0.011608310253614102,0.9927723056430569,3,0,5,1,0.01,0.09,25,46,noisy,20,145
0,Evolved HMM 5,2.97037037037037,0.6759259259259259,6.5,0.9861111111111112,0.5787037037037037,0.09722222222222224,0.22469135802469137,0.09938271604938272,0.9613708508935495,0.33978424534361396,0.3338363772048365,0.09253668304633167,3,0,5,1,0.02,0.09,24,9,noisy,16,146
1,Evolved FSM 16,2.8814814814814813,0.6876543209876543,5.0,0.9555555555555556,0.5589506172839507,0.12870370370370368,0.22592592592592595,0.08641975308641975,0.8131216329524096,0.2804264361932535,0.6388193989725893,0.2949953977295086,3,0,5,1,0.02,0.09,24,9,noisy,16,146
2,"DoubleCrosser: (D, D)",2.6444444444444444,0.7290123456790123,7.0,0.9833333333333333,0.5515432098765432,0.17746913580246912,0.17685185185185182,0.09413580246913579,0.8442620492725156,0.7988963827020912,0.11584902372793865,0.188601492556423,3,0,5,1,0.02,0.09,24,9,noisy,16,146
3,Win-Shift Lose-Stay: D,2.6296296296296293,0.5160493827160494,9.0,0.022222222222222223,0.26604938271604944,0.25,0.32932098765432094,0.15462962962962967,0.035747599318177906,0.9770624965669553,0.9862887133560115,0.030288444409479292,3,0,5,1,0.02,0.09,24,9,noisy,16,146
4,Alternator,2.622222222222222,0.5472222222222223,6.0,0.9944444444444445,0.3148148148148149,0.2324074074074074,0.30493827160493825,0.14783950617283956,0.022787963133776238,0.027287434630066824,0.9855721273397816,0.9882054629094104,3,0,5,1,0.02,0.09,24,9,noisy,16,146
5,Bully,2.622222222222222,0.4015432098765432,9.0,0.008333333333333333,0.17530864197530865,0.22623456790123464,0.3759259259259259,0.22253086419753085,0.04293359823898771,0.990856348359501,0.02531319261810449,0.982142885779279,3,0,5,1,0.02,0.09,24,9,noisy,16,146
6,Soft Joss: 0.9,2.6185185185185182,0.7839506172839507,1.0,0.9638888888888889,0.6043209876543209,0.17962962962962964,0.14320987654320988,0.0728395061728395,0.9731950027919942,0.14753156719712646,0.9893507387005839,0.16334578021061125,3,0,5,1,0.02,0.09,24,9,noisy,16,146
7,Tit For Tat,2.611111111111111,0.7685185185185185,1.0,0.9805555555555555,0.5907407407407408,0.17777777777777776,0.15185185185185182,0.0796296296296296,0.9841784007285662,0.0416562123174974,0.9835110420979986,0.05587121212121212,3,0,5,1,0.02,0.09,24,9,noisy,16,146
8,Suspicious Tit For Tat,2.611111111111111,0.5601851851851852,10.0,0.025,0.3549382716049382,0.2052469135802469,0.28086419753086417,0.1589506172839506,0.9823417469207585,0.04194805194805195,0.9881280134728005,0.03427227342549923,3,0,5,1,0.02,0.09,24,9,noisy,16,146
9,Win-Stay Lose-Shift,2.5888888888888886,0.7305555555555555,2.0,0.9972222222222222,0.5796296296296295,0.15092592592592594,0.1462962962962963,0.12314814814814816,0.9795356073438602,0.055848631168582075,0.0667718136400604,0.9738189970948591,3,0,5,1,0.02,0.09,24,9,noisy,16,146
10,GTFT: 0.33,2.496296296296296,0.8299382716049383,1.0,0.9722222222222222,0.6342592592592593,0.195679012345679,0.10524691358024692,0.06481481481481483,0.9809980722972892,0.3547360616444371,0.9766045548654245,0.4780474715257324,3,0,5,1,0.02,0.09,24,9,noisy,16,146
11,Meta Mixer: 14 players,2.4925925925925925,0.6503086419753087,6.0,0.7777777777777778,0.4354938271604939,0.2148148148148148,0.20956790123456792,0.14012345679012342,0.7152731307257578,0.5166635946629577,0.6791211206778365,0.48762677937695387,3,0,5,1,0.02,0.09,24,9,noisy,16,146
12,Tit For 2 Tats,2.4,0.904320987654321,0.0,0.9916666666666667,0.6962962962962963,0.2080246913580247,0.0515432098765432,0.04413580246913581,0.9769272708145552,0.806886611449151,0.9738095238095238,0.738095238095238,3,0,5,1,0.02,0.09,24,9,noisy,16,146
13,Meta Winner: 14 players,2.3851851851851853,0.5910493827160493,6.0,0.9944444444444445,0.3126543209876543,0.2783950617283951,0.2623456790123457,0.14660493827160495,0.5647493622271827,0.8413337528242573,0.30758902985961434,0.8147988095849531,3,0,5,1,0.02,0.09,24,9,noisy,16,146
14,Anti Tit For Tat,2.377777777777778,0.512962962962963,7.0,0.9888888888888889,0.2419753086419753,0.27098765432098765,0.29104938271604947,0.1959876543209877,0.02664857146454041,0.9819554163987624,0.026535280340867818,0.9763452531183029,3,0,5,1,0.02,0.09,24,9,noisy,16,146
15,Cooperator,2.1037037037037036,0.975,0.0,0.9833333333333333,0.6703703703703704,0.30462962962962964,0.01851851851851852,0.00648148148148148,0.9775597424591298,0.9638767215573549,0.9871794871794872,0.9444444444444444,3,0,5,1,0.02,0.09,24,9,noisy,16,146
0,Evolved HMM 5,2.7330246913580245,0.4166666666666667,12.0,0.9379084967320261,0.30383079157588966,0.11283587509077707,0.31163761801016704,0.2716957153231663,0.8148485797953887,0.3710875752074847,0.16850764317732198,0.18231417936009084,3,0,5,1,0.05,0.08,17,36,noisy,19,147
1,"DoubleCrosser: (D, D)",2.7129629629629632,0.5072621641249092,11.0,0.9673202614379085,0.39896514161220037,0.10829702251270878,0.2531771968046478,0.23956063907044303,0.816152104839817,0.6964632819266597,0.29922191568837075,0.08332682034876757,3,0,5,1,0.05,0.08,17,36,noisy,19,147
2,Grudger,2.6759259259259256,0.2342955700798838,16.0,0.954248366013072,0.18473129992737836,0.049564270152505446,0.34468046477850395,0.42102396514161217,0.6783213560833188,0.07075074034594998,0.10133743967060582,0.0585330170405073,3,0,5,1,0.05,0.08,17,36,noisy,19,147
3,Defector,2.623456790123457,0.051107480029048656,18.0,0.049019607843137254,0.022421931735657232,0.028685548293391434,0.4047748729121279,0.5441176470588235,0.09055304478130564,0.08604782416399054,0.0522216221980474,0.052484286880632856,3,0,5,1,0.05,0.08,17,36,noisy,19,147
4,Evolved FSM 16,2.5925925925925926,0.46768336964415397,12.0,0.9248366013071896,0.28985112563543936,0.17783224400871464,0.298474945533769,0.23384168482207693,0.5855666559803023,0.41234222915006585,0.3998157681897841,0.36118387783260947,3,0,5,1,0.05,0.08,17,36,noisy,19,147
5,Suspicious Tit For Tat,2.3719135802469133,0.5364923747276689,10.0,0.05555555555555555,0.3256172839506173,0.2108750907770516,0.22884894698620187,0.23465867828612927,0.9541037654036061,0.05052736781201436,0.9460612946356921,0.05766831950657525,3,0,5,1,0.05,0.08,17,36,noisy,19,147
6,Tit For Tat,2.368827160493827,0.5877814088598402,6.0,0.9640522875816994,0.381717501815541,0.20606390704429922,0.20252360203340597,0.2096949891067538,0.9502734394670926,0.05677131505885858,0.9508813224457155,0.05408165541529093,3,0,5,1,0.05,0.08,17,36,noisy,19,147
7,Soft Joss: 0.9,2.3379629629629632,0.6383442265795207,4.0,0.9313725490196079,0.41721132897603475,0.22113289760348584,0.18255265068990562,0.17910312273057372,0.957700657793263,0.14375707001745203,0.94105588103442,0.20995471789345602,3,0,5,1,0.05,0.08,17,36,noisy,19,147
8,Win-Stay Lose-Shift,2.3055555555555554,0.5442992011619463,7.0,0.9607843137254902,0.30891430646332607,0.2353848946986202,0.22921205519244736,0.22648874364560642,0.9516415470966562,0.049329973971285114,0.04583470657678236,0.957800070934575,3,0,5,1,0.05,0.08,17,36,noisy,19,147
9,GTFT: 0.33,2.259259259259259,0.7310275962236746,2.0,0.9183006535947712,0.4757625272331154,0.2552650689905592,0.14179375453885254,0.12717864923747277,0.9540151216094741,0.3450908290382135,0.9635983380232567,0.4170591454444585,3,0,5,1,0.05,0.08,17,36,noisy,19,147
10,Tit For 2 Tats,2.2098765432098766,0.7924836601307189,1.0,0.9444444444444444,0.5649963689179377,0.22748729121278138,0.07761437908496732,0.1299019607843137,0.9525492876687842,0.7258987373238858,0.9440780387918924,0.37740686347837094,3,0,5,1,0.05,0.08,17,36,noisy,19,147
11,Meta Mixer: 18 players,2.20679012345679,0.47739651416122003,10.0,0.7091503267973857,0.2445533769063181,0.23284313725490197,0.24074074074074073,0.28186274509803916,0.5525222079097224,0.409126708876559,0.5266758779672105,0.39799541989724685,3,0,5,1,0.05,0.08,17,36,noisy,19,147
12,Alternator,2.131172839506173,0.5055374001452433,7.0,0.9444444444444444,0.20905954974582425,0.296477850399419,0.2523602033405955,0.2421023965141612,0.05735863166504689,0.04932996206462498,0.9538735605114409,0.939911707665166,3,0,5,1,0.05,0.08,17,36,noisy,19,147
13,Cycler DC,2.117283950617284,0.49836601307189543,7.0,0.05555555555555555,0.20098039215686272,0.2973856209150327,0.25000000000000006,0.25163398692810457,0.14581188517276877,0.11940234339034468,0.8850678350859164,0.8570598496880604,3,0,5,1,0.05,0.08,17,36,noisy,19,147
14,Random: 0.5,2.1126543209876543,0.503721859114016,8.0,0.4803921568627451,0.23765432098765438,0.26606753812636164,0.22884894698620187,0.26742919389978215,0.5114971326347644,0.5124828918606671,0.4970282912101153,0.5063596064427024,3,0,5,1,0.05,0.08,17,36,noisy,19,147
15,Win-Shift Lose-Stay: D,2.0555555555555554,0.5409404502541757,7.0,0.058823529411764705,0.21614015976761072,0.324800290486565,0.23329702251270878,0.22576252723311546,0.05144649927514808,0.9532548146819201,0.9520931377033217,0.054419507839290567,3,0,5,1,0.05,0.08,17,36,noisy,19,147
16,Bully,1.9969135802469136,0.5439360929557008,8.0,0.058823529411764705,0.20415758896151048,0.33977850399419024,0.2314814814814815,0.2245824255628177,0.05057664612274017,0.9428099503406187,0.0541804601230821,0.9452253935597494,3,0,5,1,0.05,0.08,17,36,noisy,19,147
17,Anti Tit For Tat,1.9290123456790123,0.5757080610021786,7.0,0.9607843137254902,0.21741103848946988,0.3582970225127088,0.2096949891067538,0.21459694989106756,0.05459409167874858,0.9498596584166995,0.0537747841828099,0.9464150021039112,3,0,5,1,0.05,0.08,17,36,noisy,19,147
18,Cooperator,1.7824074074074074,0.9473493100944081,1.0,0.9640522875816994,0.5436637618010168,0.4036855482933914,0.031045751633986936,0.021604938271604937,0.9435989302053345,0.9552866545059161,0.9407365898674799,0.9419364147057866,3,0,5,1,0.05,0.08,17,36,noisy,19,147
0,Evolved HMM 5,2.5740259740259743,0.34021965688632355,9.0,0.9417989417989417,0.2103815937149271,0.1298380631713965,0.31792528459195124,0.3418550585217252,0.7526028618112408,0.35220581999061584,0.1436332641184485,0.19727398439520427,3,0,5,1,0.06,0.0,54,165,noisy,15,148
1,Defector,2.540909090909091,0.06084656084656084,13.0,0.06746031746031746,0.024579124579124582,0.03626743626743626,0.3801507134840469,0.5590027256693922,0.05643256785024188,0.05947663384877192,0.059122761836119815,0.062011872415399086,3,0,5,1,0.06,0.0,54,165,noisy,15,148
2,Meta Winner: 14 players,2.534632034632035,0.07671957671957672,13.0,0.9338624338624338,0.0349366682700016,0.041782908449575114,0.3741221741221742,0.5491582491582492,0.23946592487308146,0.1456271375125427,0.0719392891518258,0.06992934803794962,3,0,5,1,0.06,0.0,54,165,noisy,15,148
3,"DoubleCrosser: (D, D)",2.4831168831168826,0.3162257495590829,9.0,0.9417989417989417,0.2379589546256213,0.0782667949334616,0.27055475388808725,0.41321949655282986,0.6887404010811428,0.48983127969746515,0.18224824355384878,0.07867679992726141,3,0,5,1,0.06,0.0,54,165,noisy,15,148
4,Evolved FSM 16,2.4242424242424243,0.3235449735449735,9.0,0.9338624338624338,0.13455186788520118,0.18899310565977226,0.3402356902356902,0.3362193362193362,0.41042259846803414,0.43749457063020547,0.267469274368704,0.26246922019733876,3,0,5,1,0.06,0.0,54,165,noisy,15,148
5,Tit For Tat,2.229220779220779,0.5172198172198172,7.0,0.9457671957671958,0.31788520121853453,0.1993346160012827,0.19869328202661538,0.28408690075356746,0.9374454066583386,0.05975138914285421,0.9405896157349991,0.06294779183610003,3,0,5,1,0.06,0.0,54,165,noisy,15,148
6,Suspicious Tit For Tat,2.182683982683983,0.48963443963443964,7.0,0.06878306878306878,0.28961840628507296,0.20001603334936666,0.200681417348084,0.3096841430174763,0.941193607627979,0.060918893162765386,0.9389431675393889,0.06084751463720217,3,0,5,1,0.06,0.0,54,165,noisy,15,148
7,Soft Joss: 0.9,2.158008658008658,0.5617123617123617,3.0,0.9206349206349206,0.34214365881032544,0.21956870290203626,0.17844316177649513,0.2598444765111432,0.9432356871789327,0.14736056293579725,0.9407573797666483,0.14495712011646167,3,0,5,1,0.06,0.0,54,165,noisy,15,148
8,Win-Stay Lose-Shift,2.1186147186147184,0.4977873977873978,6.0,0.9365079365079365,0.22623857623857618,0.2715488215488216,0.232996632996633,0.2692159692159692,0.9392509074191853,0.05947796533362719,0.05858318615731124,0.9368378547077914,3,0,5,1,0.06,0.0,54,165,noisy,15,148
9,GTFT: 0.33,2.084848484848485,0.6719656886323553,2.0,0.9325396825396826,0.40507455507455503,0.2668911335578002,0.13236331569664903,0.19567099567099566,0.9391780068611103,0.35602349303670744,0.94156171630412,0.34604819756340416,3,0,5,1,0.06,0.0,54,165,noisy,15,148
10,Random: 0.5,1.9339826839826841,0.4987012987012987,6.0,0.5198412698412699,0.2035193201859868,0.29518197851531186,0.20617283950617288,0.2951258617925285,0.5070689236525515,0.4963417254093566,0.5006871598976207,0.493430704095223,3,0,5,1,0.06,0.0,54,165,noisy,15,148
11,Cycler DC,1.9303030303030304,0.49679333012666343,6.0,0.056878306878306875,0.16593714927048264,0.33085618085618085,0.2313852813852814,0.2718213884880552,0.16144046794606323,0.11640482475645651,0.8789581581107726,0.8260964373941667,3,0,5,1,0.06,0.0,54,165,noisy,15,148
12,Win-Shift Lose-Stay: D,1.8233766233766233,0.5506734006734006,5.0,0.07275132275132275,0.19036395703062375,0.36030944364277695,0.2003447170113837,0.24898188231521565,0.06197400944408192,0.9388610770178826,0.9411562735938338,0.05848072055378739,3,0,5,1,0.06,0.0,54,165,noisy,15,148
13,Bully,1.7774891774891775,0.5947971781305115,6.0,0.062169312169312166,0.18092833092833094,0.4138688472021804,0.20671797338463999,0.19848484848484846,0.057026304625889986,0.9416219117506052,0.06061132536636401,0.9401563964841687,3,0,5,1,0.06,0.0,54,165,noisy,15,148
14,Cooperator,1.6155844155844155,0.9400513067179734,0.0,0.9484126984126984,0.4723745390412057,0.4676767676767676,0.029613596280262944,0.03033509700176367,0.9389404630066984,0.9382991086911148,0.9413996255256408,0.9478136548704104,3,0,5,1,0.06,0.0,54,165,noisy,15,148
0,Evolved HMM 5,2.6875,0.4798747276688453,10.0,0.9882352941176471,0.3971949891067538,0.0826797385620915,0.24419934640522875,0.27592592592592596,0.9160745178407209,0.3489824932926039,0.11641260669777076,0.17025283143587305,3,0,5,1,0.01,0.05,17,144,noisy,16,149
1,"DoubleCrosser: (D, D)",2.6402777777777775,0.559177559912854,7.0,0.984313725490196,0.5076525054466231,0.05152505446623093,0.1671296296296296,0.27369281045751637,0.9263282987391911,0.7443578512951997,0.35895154089513265,0.01998610043736114,3,0,5,1,0.01,0.05,17,144,noisy,16,149
2,Grudger,2.6046296296296294,0.2409313725490196,13.0,0.9764705882352941,0.22982026143790849,0.011111111111111112,0.28820806100217866,0.47086056644880175,0.9028514033902094,0.0373015873015873,0.05711020109106467,0.01329704514052442,3,0,5,1,0.01,0.05,17,144,noisy,16,149
3,Evolved FSM 16,2.4324074074074074,0.529656862745098,10.0,0.9803921568627451,0.3356481481481482,0.19400871459694988,0.24640522875816995,0.223937908496732,0.660371878333857,0.5108365952152177,0.4850712472190335,0.3738426916064525,3,0,5,1,0.01,0.05,17,144,noisy,16,149
4,Meta Winner: 14 players,2.425,0.022930283224400872,14.0,0.9921568627450981,0.014433551198257082,0.008496732026143792,0.35043572984749455,0.6266339869281045,0.45226183468868986,0.2461636511636512,0.011381689680395537,0.009189529858860006,3,0,5,1,0.01,0.05,17,144,noisy,16,149
5,Defector,2.421759259259259,0.010130718954248366,14.0,0.00392156862745098,0.0031590413943355117,0.006971677559912853,0.3556917211328976,0.634177559912854,0.1,0.05045529183460218,0.01021918938781578,0.01048360654439865,3,0,5,1,0.01,0.05,17,144,noisy,16,149
6,Tit For Tat,2.385648148148148,0.6232570806100218,6.0,0.996078431372549,0.4819989106753813,0.1412581699346405,0.14128540305010892,0.23545751633986925,0.988886159981139,0.01222995759764867,0.9880482809458079,0.009640385032094911,3,0,5,1,0.01,0.05,17,144,noisy,16,149
7,Soft Joss: 0.9,2.3759259259259258,0.6758442265795207,3.0,0.9764705882352941,0.5177015250544662,0.15814270152505447,0.12211328976034856,0.2020424836601307,0.9925355266656131,0.11566550759862615,0.9895730152053812,0.11056880679359818,3,0,5,1,0.01,0.05,17,144,noisy,16,149
8,GTFT: 0.33,2.2453703703703707,0.7596132897603486,2.0,0.9882352941176471,0.5606753812636166,0.19893790849673196,0.08684640522875815,0.15354030501089325,0.9902294353883555,0.32281919505871814,0.9933123114739106,0.33508118683865373,3,0,5,1,0.01,0.05,17,144,noisy,16,149
9,Tit For 2 Tats,2.2421296296296296,0.7706971677559913,0.0,0.996078431372549,0.6141339869281045,0.15656318082788667,0.03690087145969499,0.1924019607843137,0.991236213020748,0.75403796982237,0.989177923314754,0.14962481583387918,3,0,5,1,0.01,0.05,17,144,noisy,16,149
10,Win-Stay Lose-Shift,2.088888888888889,0.6174564270152505,6.0,0.984313725490196,0.3765795206971678,0.24087690631808284,0.1423202614379085,0.24022331154684096,0.992032254005002,0.01072438580206535,0.010669283679454765,0.9891118808895804,3,0,5,1,0.01,0.05,17,144,noisy,16,149
11,Meta Mixer: 14 players,1.9787037037037036,0.4457788671023965,9.0,0.8549019607843137,0.21870915032679739,0.22706971677559912,0.20209694989106755,0.352124183006536,0.6013228811019147,0.3611594467475526,0.582474677910303,0.3428562667932841,3,0,5,1,0.01,0.05,17,144,noisy,16,149
12,Cycler DC,1.8916666666666666,0.4996187363834423,6.0,0.01568627450980392,0.1635348583877996,0.3360838779956427,0.22437363834422655,0.2760076252723312,0.06039167138322584,0.03437607071679966,0.954868357997448,0.9315860281595553,3,0,5,1,0.01,0.05,17,144,noisy,16,149
13,Alternator,1.8842592592592593,0.50119825708061,6.0,0.984313725490196,0.16519607843137257,0.3360021786492374,0.22306644880174295,0.275735294117647,0.020439688534322528,0.010053259754264727,0.9909635827309516,0.9925628638207061,3,0,5,1,0.01,0.05,17,144,noisy,16,149
14,Cooperator,1.7884259259259259,0.9895969498910675,0.0,0.984313725490196,0.588834422657952,0.4007625272331154,0.006372549019607844,0.004030501089324619,0.9873043831564289,0.98970082850029,0.9924812030075189,1.0,3,0,5,1,0.01,0.05,17,144,noisy,16,149
15,Anti Tit For Tat,1.6226851851851853,0.6426742919389978,5.0,0.9882352941176471,0.1714052287581699,0.4712690631808279,0.18431372549019615,0.17301198257080605,0.013900180613940032,0.9883640783233468,0.012802622808695787,0.9895621310325589,3,0,5,1,0.01,0.05,17,144,noisy,16,149
0,Evolved FSM 16,3.374193548387096,0.26441725373872205,2.0,0.9885057471264368,0.13029291805710047,0.13412433568162155,0.5415894203435917,0.19399332591768634,0.34563086066160914,0.4620038823072121,0.3359890971173644,0.293156532817709,3,0,5,1,0.01,0.04,87,155,noisy,4,150
1,Suspicious Tit For Tat,2.270967741935484,0.49882585588925965,1.0,0.007662835249042145,0.2347546656779137,0.26407119021134595,0.2660239772586825,0.23515016685205783,0.9886755872893757,0.009530695969174044,0.9923086234942976,0.00872632141398451,3,0,5,1,0.01,0.04,87,155,noisy,4,150
2,Meta Mixer: 3 players,1.931182795698925,0.3910023482882215,1.0,0.39846743295019155,0.13654678037325424,0.2544555679149672,0.23769620566061056,0.37130144605116794,0.38898874486476176,0.4029983395805417,0.3849851506534205,0.38629118352299185,3,0,5,1,0.01,0.04,87,155,noisy,4,150
3,Bully,1.2903225806451613,0.6922012112223458,0.0,0.007662835249042145,0.16892843900630328,0.5232727722160425,0.1306142627610926,0.17718452601656162,0.012831878515471268,0.991672436874937,0.006112671150906451,0.9868584913780034,3,0,5,1,0.01,0.04,87,155,noisy,4,150
0,Cooperator,2.78525641025641,0.9457593688362919,0.0,0.9615384615384616,0.8451676528599606,0.10059171597633138,0.04918639053254439,0.005054240631163709,0.9460949405605827,0.9382341291943609,0.9493461945168029,0.9761904761904762,3,0,5,1,0.05,0.09,52,78,noisy,3,151
1,Suspicious Tit For Tat,2.6794871794871797,0.6932938856015779,1.0,0.028846153846153848,0.5363658777120316,0.15692800788954636,0.188732741617357,0.1179733727810651,0.9493895834056119,0.031031951852033078,0.95106447806864,0.048372842586816386,3,0,5,1,0.05,0.09,52,78,noisy,3,151
2,Meta Winner: 2 players,2.6602564102564106,0.701060157790927,1.0,0.9615384615384616,0.5393244575936884,0.16173570019723865,0.18133629191321501,0.11760355029585799,0.9493867031723544,0.0625399627164741,0.946814600968831,0.056162057253760306,3,0,5,1,0.05,0.09,52,78,noisy,3,151
0,Evolved HMM 5,2.5621508379888267,0.41805763728028345,6.0,0.9207317073170732,0.29784371167734025,0.12021392560294318,0.2677817141299904,0.31416064858972614,0.8167450820524311,0.37547665064377317,0.18184401772139308,0.2283135734913787,3,0,5,1,0.07,0.08,41,179,noisy,9,152
1,Tit For Tat,2.4029329608938546,0.5783655811418449,5.0,0.9207317073170732,0.3803481400735795,0.1980174410682654,0.20907139937321162,0.21256301948494344,0.9276941965033192,0.0721100071746688,0.9320377061881829,0.0744837026445772,3,0,5,1,0.07,0.08,41,179,noisy,9,152
2,Suspicious Tit For Tat,2.3798882681564244,0.5616909660716719,5.0,0.06402439024390244,0.36214061861289,0.19955034745878183,0.21293772993595858,0.22537130399236954,0.9295300509064225,0.06890323714291874,0.9297968205447057,0.06875843983912591,3,0,5,1,0.07,0.08,41,179,noisy,9,152
3,Evolved FSM 16,2.370111731843575,0.29305763728028345,6.0,0.9298780487804879,0.14646068946722984,0.14659694781305355,0.3029874642321842,0.40395489848753235,0.43203284167209677,0.43905142611227244,0.30086016065983734,0.1873464485001021,3,0,5,1,0.07,0.08,41,179,noisy,9,152
4,Win-Stay Lose-Shift,2.286312849162011,0.48768565199618474,4.0,0.9207317073170732,0.2381795884997956,0.24950606349638915,0.2668279057092247,0.24548644229459057,0.9262355868754414,0.07355108076112324,0.06419773868269169,0.9281707154578309,3,0,5,1,0.07,0.08,41,179,noisy,9,152
5,GTFT: 0.33,2.25768156424581,0.7093609483580869,1.0,0.9512195121951219,0.4646409592587546,0.24471998909933235,0.1456772039787437,0.14496184766316939,0.9326110391626877,0.3557976658464923,0.9327754677697202,0.3675122635294166,3,0,5,1,0.07,0.08,41,179,noisy,9,152
6,Meta Mixer: 8 players,2.221368715083799,0.4689671617386565,5.0,0.698170731707317,0.25100490530044967,0.21796225643820683,0.23581209974110914,0.2952207385202344,0.6645778740258634,0.3106648751756779,0.6469388432761392,0.28251989081768003,3,0,5,1,0.07,0.08,41,179,noisy,9,152
7,Tit For 2 Tats,2.2185754189944134,0.7683437798065131,0.0,0.9176829268292683,0.5393275650633602,0.22901621474315303,0.09463142117454694,0.13702479901893994,0.9287627844928735,0.700197783521695,0.9276226506576892,0.293250626693011,3,0,5,1,0.07,0.08,41,179,noisy,9,152
8,Win-Shift Lose-Stay: D,1.9664804469273742,0.5669709769723396,3.0,0.07926829268292683,0.21142185583867013,0.3555491211336695,0.22540536857882545,0.207623654448835,0.06965024485572022,0.9352244828101464,0.9260264474392346,0.06824380911897715,3,0,5,1,0.07,0.08,41,179,noisy,9,152
0,Evolved HMM 5,2.54931640625,0.39288411458333333,10.0,0.9575,0.27604817708333335,0.11683593749999999,0.27390625,0.3332096354166667,0.8142138129635781,0.3575737167811075,0.14594283433025484,0.17625967953392285,3,0,5,1,0.04,0.03,75,128,noisy,17,153
1,"DoubleCrosser: (D, D)",2.4677734375,0.41541666666666666,9.0,0.955,0.34368489583333334,0.07173177083333332,0.21634114583333336,0.3682421875,0.7937539518353852,0.584654359717159,0.26161762453764453,0.0653307785045748,3,0,5,1,0.04,0.03,75,128,noisy,17,153
2,Grudger,2.44140625,0.11535807291666667,14.0,0.95,0.08481770833333334,0.030540364583333337,0.32416015624999994,0.5604817708333334,0.621909878006006,0.04143096577338564,0.058287159607724764,0.039078248403217684,3,0,5,1,0.04,0.03,75,128,noisy,17,153
3,Evolved FSM 16,2.4189453125,0.40504557291666665,10.0,0.9641666666666666,0.19561197916666673,0.20943359375,0.305625,0.28932942708333337,0.4969436611540472,0.4672431656347537,0.3461517050322087,0.3148459947304494,3,0,5,1,0.04,0.03,75,128,noisy,17,153
4,Defector,2.3984375,0.03930338541666667,15.0,0.0375,0.014440104166666669,0.024863281250000004,0.34901041666666666,0.6116861979166667,0.049299135750252784,0.04457832051385763,0.04147771569260374,0.03955627192479346,3,0,5,1,0.04,0.03,75,128,noisy,17,153
5,Meta Winner: 16 players,2.3837890625,0.0635546875,14.0,0.9666666666666667,0.028977864583333336,0.034576822916666666,0.3397851562499999,0.5966601562500001,0.31328820210355096,0.17464414544283674,0.05653320475503937,0.05739411559348663,3,0,5,1,0.04,0.03,75,128,noisy,17,153
6,Tit For Tat,2.28857421875,0.5472721354166666,8.0,0.9541666666666667,0.36371093750000005,0.1835611979166667,0.18430338541666663,0.2684244791666667,0.9585471040384831,0.03898337208963996,0.9603895777715455,0.04412730371166662,3,0,5,1,0.04,0.03,75,128,noisy,17,153
7,Soft Joss: 0.9,2.2421875,0.5930013020833333,4.0,0.9541666666666667,0.39091796874999996,0.20208333333333334,0.16274739583333334,0.24425130208333332,0.9619440260155622,0.13025242702694068,0.9592106548640358,0.12693849905498117,3,0,5,1,0.04,0.03,75,128,noisy,17,153
8,Suspicious Tit For Tat,2.2197265625,0.5062760416666666,9.0,0.03916666666666667,0.32065104166666664,0.185625,0.1905794270833333,0.30314453125000007,0.954907469152416,0.037243368142199355,0.9593134892796398,0.04305972789473967,3,0,5,1,0.04,0.03,75,128,noisy,17,153
9,Tit For 2 Tats,2.14013671875,0.7318880208333334,1.0,0.9658333333333333,0.53515625,0.19673177083333335,0.06518880208333333,0.20292317708333332,0.9621063645347325,0.7130943183747529,0.9593729496630314,0.36608390953411474,3,0,5,1,0.04,0.03,75,128,noisy,17,153
10,GTFT: 0.33,2.1298828125,0.6974153645833333,2.0,0.9575,0.4515104166666667,0.24590494791666667,0.11642578125,0.18615885416666667,0.9608902160808229,0.35305599976156354,0.9585588752110128,0.35056268303961774,3,0,5,1,0.04,0.03,75,128,noisy,17,153
11,Win-Stay Lose-Shift,2.0009765625,0.54181640625,7.0,0.9641666666666666,0.26785156250000003,0.27396484375,0.1845703125,0.27361328125,0.9613484933867664,0.0389171600654533,0.04063605114905239,0.9604075258386652,3,0,5,1,0.04,0.03,75,128,noisy,17,153
12,Alternator,1.95654296875,0.501796875,6.0,0.9608333333333333,0.16968750000000005,0.332109375,0.23754557291666664,0.26065755208333335,0.040767517944474675,0.039181435713925586,0.9582506970381803,0.9588150749521107,3,0,5,1,0.04,0.03,75,128,noisy,17,153
13,Cycler DC,1.951171875,0.50044921875,6.0,0.043333333333333335,0.17014973958333335,0.3302994791666667,0.23546874999999998,0.26408203124999996,0.12565339311933466,0.08341588733461558,0.9189371752643523,0.8694826447653972,3,0,5,1,0.04,0.03,75,128,noisy,17,153
14,Random: 0.5,1.92578125,0.4992578125,7.0,0.4825,0.20221354166666666,0.29704427083333335,0.20453125000000003,0.2962109375,0.4963186772768774,0.5008205986050773,0.5005093063666688,0.49800774525103914,3,0,5,1,0.04,0.03,75,128,noisy,17,153
15,Bully,1.72412109375,0.6081510416666667,7.0,0.04666666666666667,0.18260416666666668,0.425546875,0.19505208333333335,0.19679687500000004,0.04154506655259281,0.961568105806749,0.04120180906415014,0.9593523013852016,3,0,5,1,0.04,0.03,75,128,noisy,17,153
16,Cooperator,1.669921875,0.95986328125,1.0,0.9633333333333334,0.5136588541666667,0.4462044270833334,0.02181640625,0.018320312500000005,0.9582365857613693,0.9590126600368813,0.9674986989989531,0.957915377709354,3,0,5,1,0.04,0.03,75,128,noisy,17,153
0,Evolved FSM 16,2.399092970521542,0.45924181638467354,6.0,0.9715099715099715,0.26077097505668934,0.1984708413279842,0.2658294086865516,0.27492877492877493,0.5902650895337636,0.5507252304046262,0.4566731895286551,0.29402638149354665,3,0,5,1,0.03,0.02,39,98,noisy,10,154
1,Grudger,2.2800453514739227,0.15079365079365079,9.0,0.9544159544159544,0.12268155125297985,0.028112099540670968,0.2653933368219083,0.5838130123844409,0.754329415025626,0.038698358068422936,0.059409233765206605,0.0300349546160677,3,0,5,1,0.03,0.02,39,98,noisy,10,154
2,Tit For Tat,2.2777777777777777,0.5675039246467818,4.0,0.9629629629629629,0.40685504971219255,0.16064887493458924,0.15864294435723006,0.2738531309959881,0.9692875071663491,0.030234833450547553,0.9690556957550738,0.04795671089851486,3,0,5,1,0.03,0.02,39,98,noisy,10,154
3,Soft Joss: 0.9,2.2369614512471654,0.6061398918541776,2.0,0.98005698005698,0.4193848479562765,0.18675504389790104,0.14509564509564513,0.24876446305017735,0.9714414715239322,0.13194951567596125,0.9699533210755669,0.1122776005602511,3,0,5,1,0.03,0.02,39,98,noisy,10,154
4,Meta Winner: 8 players,2.1587301587301586,0.11878597592883307,8.0,0.9686609686609686,0.06732949590092446,0.05145648002790859,0.2643176928891215,0.6168963311820455,0.42827812250213493,0.3841055284337511,0.1929934501346175,0.042921730349592076,3,0,5,1,0.03,0.02,39,98,noisy,10,154
5,Tit For 2 Tats,2.1417233560090705,0.7710041281469853,0.0,0.9829059829059829,0.5719518576661433,0.1990522704808419,0.05192162335019477,0.17707424850281994,0.9685767669820043,0.7759092793477053,0.9704189834908635,0.33718714428050744,3,0,5,1,0.03,0.02,39,98,noisy,10,154
6,GTFT: 0.33,2.136054421768707,0.7083260654689226,1.0,0.9686609686609686,0.46528867957439385,0.24303738589452875,0.11082039653468227,0.18085353799639514,0.971506371156443,0.34484083430362555,0.9754549680025184,0.36283202138950155,3,0,5,1,0.03,0.02,39,98,noisy,10,154
7,Meta Mixer: 8 players,2.046485260770975,0.44525844525844527,5.0,0.8148148148148148,0.2382696668410954,0.2069887784173499,0.1967556253270539,0.35798592941450086,0.6844751329592076,0.3110013719289168,0.6603810566333859,0.2393698564535828,3,0,5,1,0.03,0.02,39,98,noisy,10,154
8,Win-Shift Lose-Stay: D,2.0068027210884356,0.5290133147276005,4.0,0.019943019943019943,0.2155357869643584,0.31347752776324206,0.22251293679865108,0.24847374847374848,0.031713575033437,0.9675127588789159,0.9694953544749146,0.03163550750970606,3,0,5,1,0.03,0.02,39,98,noisy,10,154
9,Random: 0.5,1.9297052154195014,0.5001744287458573,4.0,0.49572649572649574,0.20268620268620272,0.29748822605965464,0.20419791848363278,0.29562765277050995,0.494337451008439,0.5026506112401046,0.49863215659904964,0.49922713679948966,3,0,5,1,0.03,0.02,39,98,noisy,10,154
0,Evolved HMM 5,2.7792397660818713,0.49278438030560273,11.0,0.9847198641765704,0.3963403131484626,0.09644406715714017,0.27244859460479154,0.23476702508960573,0.8786786028869478,0.34564923427698946,0.14778898263522974,0.1621430100981312,3,0,5,1,0.02,0.08,31,36,noisy,20,155
1,"DoubleCrosser: (D, D)",2.7383040935672516,0.5471609130352764,12.0,0.9881154499151104,0.4651480852669308,0.08201282776834559,0.22245802678739862,0.230381060177325,0.8968424139772196,0.7633859286465492,0.22198229721959162,0.0495509944513462,3,0,5,1,0.02,0.08,31,36,noisy,20,155
2,Grudger,2.7119883040935675,0.3080079230333899,14.0,0.9728353140916808,0.2751367666478023,0.03287115638558763,0.2997076023391813,0.3922844746274287,0.7713300436073397,0.038665952913856404,0.08491276310937367,0.021778248367629156,3,0,5,1,0.02,0.08,31,36,noisy,20,155
3,Evolved FSM 16,2.66812865497076,0.5328711563855876,10.0,0.9728353140916808,0.36870401810979053,0.16416713827579704,0.2726843991699679,0.19444444444444445,0.6372530356887905,0.4206009066409539,0.4403171113377646,0.37461076888538897,3,0,5,1,0.02,0.08,31,36,noisy,20,155
4,Defector,2.539473684210526,0.019005847953216373,18.0,0.010186757215619695,0.007781550650820601,0.011224297302395778,0.38695529145444263,0.594038860592341,0.07828282828282829,0.04923245614035088,0.02482192549889879,0.01926234027081889,3,0,5,1,0.02,0.08,31,36,noisy,20,155
5,Meta Winner: 18 players,2.5350877192982457,0.10446142237313714,16.0,0.9762308998302207,0.059564233163554026,0.0448971892095831,0.36375212224108666,0.5317864553857763,0.4810286771267992,0.30522932347082254,0.05849585208055139,0.08384930959409499,3,0,5,1,0.02,0.08,31,36,noisy,20,155
6,Tit For Tat,2.4078947368421053,0.6247877758913413,4.0,0.9864176570458404,0.44468024900962083,0.1801075268817204,0.17331635540464063,0.2018958687040181,0.9820562313619505,0.027529133710252323,0.9852715756791921,0.029759489081772703,3,0,5,1,0.02,0.08,31,36,noisy,20,155
7,Soft Joss: 0.9,2.364035087719298,0.6692605168836069,2.0,0.9728353140916808,0.4778343708734201,0.19142614601018673,0.15299000188643652,0.17774948122995662,0.9847783260859287,0.10898785619378232,0.9819560673506608,0.1675105258429942,3,0,5,1,0.02,0.08,31,36,noisy,20,155
8,Suspicious Tit For Tat,2.314327485380117,0.5282493869081305,10.0,0.013582342954159592,0.33908696472363703,0.18916242218449347,0.2038766270514997,0.26787398604036977,0.9824340563420737,0.024876271341179344,0.9792515927132511,0.025014858578740643,3,0,5,1,0.02,0.08,31,36,noisy,20,155
9,Win-Stay Lose-Shift,2.2923976608187133,0.5963025844180343,6.0,0.9762308998302207,0.37554235049990564,0.2207602339181287,0.19019996227126953,0.2134974533106961,0.9791912014921353,0.018599225662102342,0.025814125197166502,0.9806557309564274,3,0,5,1,0.02,0.08,31,36,noisy,20,155
10,GTFT: 0.33,2.2777777777777777,0.7581116770420675,1.0,0.9813242784380306,0.5301829843425768,0.22792869269949068,0.11115827202414637,0.1307300509337861,0.9809798245693638,0.34616925227840556,0.9780143020001559,0.36668803634685554,3,0,5,1,0.02,0.08,31,36,noisy,20,155
11,Tit For 2 Tats,2.194444444444444,0.7971609130352764,0.0,0.9813242784380306,0.5897000565930957,0.2074608564421807,0.05348047538200338,0.1493586115827202,0.979093326233199,0.7646812822647613,0.9776715293531352,0.3432478776631965,3,0,5,1,0.02,0.08,31,36,noisy,20,155
12,Meta Mixer: 18 players,2.1315789473684212,0.47821165817770234,9.0,0.6893039049235993,0.24099226561026224,0.23721939256744012,0.22142048670062256,0.3003678551216752,0.5818360621269434,0.38284778737934255,0.5589672097518292,0.39766947319665286,3,0,5,1,0.02,0.08,31,36,noisy,20,155
13,Alternator,2.06140350877193,0.5049047349556688,7.0,0.9813242784380306,0.199490662139219,0.3054140728164498,0.24287870213167323,0.25221656291265804,0.024690074718243714,0.03134024851522707,0.9819483271376805,0.9849856450786125,3,0,5,1,0.02,0.08,31,36,noisy,20,155
14,Random: 0.5,2.054093567251462,0.5027824938690814,7.0,0.5042444821731749,0.2256178079607621,0.2771646859083191,0.21764761365780044,0.2795698924731183,0.5095095419949269,0.5174456873816788,0.5085823628816862,0.49601190510158955,3,0,5,1,0.02,0.08,31,36,noisy,20,155
15,Cycler DC,2.039473684210526,0.5005659309564233,6.0,0.025466893039049237,0.18755895114129406,0.3130069798151292,0.2451895868704018,0.2542444821731749,0.09614069941488333,0.07413323505791557,0.9448074939439808,0.9096882820799683,3,0,5,1,0.02,0.08,31,36,noisy,20,155
16,Win-Shift Lose-Stay: D,1.9883040935672516,0.5450858328617242,8.0,0.022071307300509338,0.20599886813808713,0.33908696472363703,0.22311827956989252,0.2317958875683834,0.02724295518622346,0.9758407230205259,0.9756566216111162,0.02075409675912288,3,0,5,1,0.02,0.08,31,36,noisy,20,155
17,Bully,1.935672514619883,0.5639501980758348,9.0,0.015280135823429542,0.18708734201094132,0.37686285606489345,0.23283342765515938,0.2032163742690058,0.02360455517474799,0.9820163194268663,0.023324502537434132,0.981608315383817,3,0,5,1,0.02,0.08,31,36,noisy,20,155
18,Cooperator,1.8640350877192982,0.9797679683078664,0.0,0.969439728353141,0.59644406715714,0.3833239011507263,0.012026032823995473,0.008205998868138087,0.9788300155526616,0.9772686146500851,0.9822666480779954,0.994375,3,0,5,1,0.02,0.08,31,36,noisy,20,155
19,Anti Tit For Tat,1.7807017543859651,0.6121486511978872,6.0,0.9796264855687606,0.20109413318241842,0.4110545180154688,0.1934540652707036,0.19439728353140914,0.021924966056713128,0.9787684535500722,0.025119758795045743,0.9802671276863295,3,0,5,1,0.02,0.08,31,36,noisy,20,155
0,"DoubleCrosser: (D, D)",2.846836847946726,0.4143108963896324,11.0,0.9792387543252595,0.36214663445844486,0.05216426193118756,0.28617440316859266,0.29951470044177486,0.7866710094201349,0.6561311125424225,0.26276991828209434,0.02768289375684185,3,0,5,1,0.02,0.05,17,159,noisy,18,156
1,Evolved HMM 5,2.819089900110988,0.4082174490217841,12.0,0.986159169550173,0.3232356205523274,0.0849818284694566,0.31557528671846097,0.2762072642597549,0.8032487256880604,0.38246070512947566,0.12446915160257122,0.16287525270195458,3,0,5,1,0.02,0.05,17,159,noisy,18,156
2,Evolved FSM 16,2.707732149463559,0.362255446018585,13.0,0.9757785467128027,0.20367347827033147,0.1585819677482536,0.3694805336118909,0.26826402036952407,0.5143574076738041,0.4508947470694067,0.33403398946887836,0.27738114275572345,3,0,5,1,0.02,0.05,17,159,noisy,18,156
3,Grudger,2.614502404735479,0.12391460468760201,17.0,0.9965397923875432,0.10709233748993495,0.01682226719766708,0.3531587995908685,0.5229265957215296,0.6966514072948864,0.02836850636717826,0.04453476642278159,0.01984270199841789,3,0,5,1,0.02,0.05,17,159,noisy,18,156
4,Meta Winner: 16 players,2.463189049204588,0.07031403016256448,15.0,0.9792387543252595,0.03020608909490544,0.040107941067659025,0.3576853604926987,0.5720006093447368,0.38374670383351184,0.47405667680733216,0.08073566081766691,0.03754675836344125,3,0,5,1,0.02,0.05,17,159,noisy,18,156
5,Soft Joss: 0.9,2.334443211246763,0.6341320101847621,2.0,0.972318339100346,0.41983852364475194,0.21429348654001004,0.17557833344214488,0.19028965637309306,0.9806829716659744,0.11382800696393297,0.9774197276650026,0.1168684737199976,3,0,5,1,0.02,0.05,17,159,noisy,18,156
6,Tit For Tat,2.322974472807991,0.5716741746643164,6.0,0.986159169550173,0.37246197035973105,0.19921220430458533,0.19842876107157628,0.22989706426410744,0.9812378868733231,0.020735565046596446,0.9801632206821319,0.026336183402799987,3,0,5,1,0.02,0.05,17,159,noisy,18,156
7,Suspicious Tit For Tat,2.2604513503514614,0.5245805314356597,9.0,0.010380622837370242,0.3222345541990381,0.20234597723662162,0.2067202019542556,0.26869926661008464,0.9827771457659435,0.020712501126787942,0.9799646470646776,0.023439466127393598,3,0,5,1,0.02,0.05,17,159,noisy,18,156
8,GTFT: 0.33,2.183499815020348,0.7241409327326935,1.0,0.9584775086505191,0.4724815564405562,0.2516593762921373,0.12365345694326567,0.1522056103240408,0.9768791886241202,0.3383142908827345,0.9800839331287975,0.33212375587447296,3,0,5,1,0.02,0.05,17,159,noisy,18,156
9,Win-Stay Lose-Shift,2.165371809100999,0.5315444712846292,7.0,0.972318339100346,0.27975452112032384,0.2517899501643055,0.21775369415246676,0.25070183456290396,0.980978415202847,0.02066430311902681,0.019183093933683643,0.9788497270724624,3,0,5,1,0.02,0.05,17,159,noisy,18,156
10,Tit For 2 Tats,2.1457639659637437,0.7898631150573437,0.0,0.986159169550173,0.5610759287066659,0.2287871863506779,0.06287131944897825,0.14726556549367806,0.9795865695898909,0.7574291394950228,0.9774779280745293,0.28804331817543355,3,0,5,1,0.02,0.05,17,159,noisy,18,156
11,Meta Mixer: 16 players,2.0332963374028856,0.4287175469521882,11.0,0.7301038062283737,0.18915801614763553,0.23955953080455275,0.22656743052381886,0.3447150225239929,0.5483988561859229,0.36726380113314105,0.5083830266766137,0.37137151282206304,3,0,5,1,0.02,0.05,17,159,noisy,18,156
12,Alternator,1.9408065112837587,0.5011207590694435,6.0,0.9826989619377162,0.17677526060368653,0.324345498465757,0.22824312854997716,0.2706361123805793,0.016254481744401972,0.021389235520356275,0.9797506849420127,0.9823060905204543,3,0,5,1,0.02,0.05,17,159,noisy,18,156
13,Cycler DC,1.9393266740658528,0.4964200996713891,8.0,0.01730103806228374,0.17285804443864117,0.3235620552327479,0.22941829339949077,0.27416160692912017,0.0775808088472616,0.06527612175901586,0.9335429863931358,0.8865441850985996,3,0,5,1,0.02,0.05,17,159,noisy,18,156
14,Random: 0.5,1.9189789123196448,0.5009466605732193,7.0,0.5363321799307958,0.20284651041326626,0.29810015015995306,0.20252007573284586,0.29653326369393485,0.4944636872724865,0.5035824214823631,0.5023000198841097,0.5009770295625263,3,0,5,1,0.02,0.05,17,159,noisy,18,156
15,Win-Shift Lose-Stay: D,1.7758046614872365,0.5737851189310352,6.0,0.031141868512110725,0.1914648212226067,0.38232029770842857,0.19773236708667927,0.22848251398228547,0.024156607850341516,0.9787030142185851,0.9834803411230425,0.01896135581790116,3,0,5,1,0.02,0.05,17,159,noisy,18,156
16,Bully,1.7118017018128007,0.6074514156383974,7.0,0.010380622837370242,0.20369524058235947,0.40375617505603795,0.1795173119192183,0.21303127244238432,0.018738987272967394,0.9767503544282959,0.020378111348554273,0.9803977202714302,3,0,5,1,0.02,0.05,17,159,noisy,18,156
17,Anti Tit For Tat,1.657417684054754,0.6278427020086614,6.0,0.9896193771626297,0.20898348240517076,0.41885921960349065,0.16017061652629974,0.21198668146503885,0.01845284189703069,0.9808112841206549,0.02489023706973926,0.9821069775930152,3,0,5,1,0.02,0.05,17,159,noisy,18,156
0,Evolved HMM 5,3.214201183431953,0.43571812802582033,9.0,0.988011988011988,0.38647506339814025,0.049243064627680015,0.37414892799508187,0.1901329439790978,0.8394220775957343,0.3767483237514114,0.1272856380362762,0.12442044197288304,3,0,5,1,0.01,0.02,77,65,noisy,14,157
1,Grudger,3.1573964497041422,0.3113962960116806,11.0,0.989010989010989,0.29585798816568043,0.015538307846000157,0.39786367478675166,0.2907400292015677,0.7142007528867811,0.024622026526985353,0.056834144337684515,0.009249311364215322,3,0,5,1,0.01,0.02,77,65,noisy,14,157
2,Win-Stay Lose-Shift,2.596449704142012,0.5999077845231692,5.0,0.984015984015984,0.42489817874433256,0.1750096057788366,0.2299546607238915,0.17013755475293937,0.9910147541967235,0.009655172780399002,0.010084724384307393,0.9906281510963482,3,0,5,1,0.01,0.02,77,65,noisy,14,157
3,Tit For Tat,2.5242603550295857,0.6673480365788058,2.0,0.99000999000999,0.46846999154691465,0.19887804503189116,0.19575808806578038,0.13689387535541384,0.9894594934788531,0.013838343597568324,0.992069218433048,0.010803911549311136,3,0,5,1,0.01,0.02,77,65,noisy,14,157
4,Soft Joss: 0.9,2.4828402366863904,0.7089218473833858,1.0,0.993006993006993,0.5011142703450396,0.20780757703834626,0.1741028202566664,0.11697533235994774,0.9908413538322193,0.10876942159043954,0.9879703004570958,0.10690794133179465,3,0,5,1,0.01,0.02,77,65,noisy,14,157
5,Cycler DC,2.306508875739645,0.4921847383385845,7.0,0.011988011988011988,0.2407131330208253,0.25147160531775914,0.269253823099977,0.23856143856143855,0.05075323337020474,0.07408355964638565,0.9454396505079168,0.9266923140251202,3,0,5,1,0.01,0.02,77,65,noisy,14,157
6,Alternator,2.2875739644970414,0.5048489971566895,5.0,0.986013986013986,0.2505801890417275,0.25426880811496194,0.26120033812341503,0.23395066471989542,0.01079156344056024,0.011388003049166774,0.9896374762921287,0.9915962697282285,3,0,5,1,0.01,0.02,77,65,noisy,14,157
7,Random: 0.5,2.26508875739645,0.4999462076385153,7.0,0.4925074925074925,0.25177899024052874,0.2481672173979866,0.2523015446092369,0.24775224775224777,0.5020282727499663,0.5169568164051419,0.49931773409297175,0.5072123246974798,3,0,5,1,0.01,0.02,77,65,noisy,14,157
8,Meta Mixer: 13 players,2.259171597633136,0.5219549681088143,6.0,0.7462537462537463,0.2810420348881887,0.2409129332206255,0.23476523476523473,0.243279797125951,0.556985773105111,0.4982527331533667,0.5472411419834381,0.4787366286685375,3,0,5,1,0.01,0.02,77,65,noisy,14,157
9,Bully,2.2485207100591715,0.4984553907630831,8.0,0.017982017982017984,0.22543610235917927,0.27301928840390377,0.2679781756704834,0.23356643356643356,0.011555486043066542,0.993007375917757,0.010851068140461021,0.9875791042784596,3,0,5,1,0.01,0.02,77,65,noisy,14,157
10,Win-Shift Lose-Stay: D,2.2130177514792897,0.5787443325904864,7.0,0.006993006993006993,0.24621532313840008,0.3325290094520864,0.2573119188503804,0.16394374855913318,0.010910124143815196,0.9918571006092646,0.98984178952831,0.012383778539684512,3,0,5,1,0.01,0.02,77,65,noisy,14,157
11,Tit For 2 Tats,2.2071005917159763,0.8580650119111658,0.0,0.993006993006993,0.6034119726427419,0.25465303926842386,0.0621686006301391,0.07976638745869515,0.9907148375222197,0.7708015684806578,0.9925398556114818,0.3826938659674862,3,0,5,1,0.01,0.02,77,65,noisy,14,157
12,Anti Tit For Tat,2.0319526627218933,0.545085683547222,6.0,0.989010989010989,0.23396603396603394,0.311119649581188,0.2267885960193652,0.22812572043341278,0.010205828584266118,0.992373858398117,0.010390279279594216,0.9913882589783017,3,0,5,1,0.01,0.02,77,65,noisy,14,157
13,Cooperator,1.834319526627219,0.9906708675939445,0.0,0.994005994005994,0.5938369322984707,0.39683393529547367,0.005855682778759702,0.003473449627295781,0.9903846842197482,0.9918411768618036,0.985274725274725,1.0,3,0,5,1,0.01,0.02,77,65,noisy,14,157
0,Defector,3.6666666666666665,0.041428571428571426,2.0,0.04285714285714286,0.02761904761904762,0.01380952380952381,0.6461904761904762,0.3123809523809524,0.13333333333333333,0.0,0.0372435606288613,0.048766018035121025,3,0,5,1,0.04,0.04,70,15,noisy,3,158
1,Random: 0.5,1.4,0.49476190476190474,0.0,0.5142857142857142,0.13142857142857142,0.36333333333333334,0.1238095238095238,0.38142857142857145,0.4467754467754468,0.46135351285685366,0.6045487020719219,0.5059347877081868,3,0,5,1,0.04,0.04,70,15,noisy,3,158
2,Bully,1.2833333333333332,0.6661904761904762,0.5,0.05714285714285714,0.13428571428571429,0.5319047619047619,0.13904761904761906,0.19476190476190477,0.03803418803418804,0.9684175125351595,0.08847402597402597,0.9556713891116457,3,0,5,1,0.04,0.04,70,15,noisy,3,158
0,Evolved HMM 5,2.8034482758620687,0.3146949602122016,4.0,0.9307692307692308,0.21082228116710877,0.10387267904509283,0.37031830238726793,0.3149867374005305,0.6268375919731746,0.32254227970603777,0.16954401945275027,0.18763098296458242,3,0,5,1,0.08,0.06,52,145,noisy,6,159
1,Suspicious Tit For Tat,2.2875862068965516,0.5032095490716181,3.0,0.06923076923076923,0.24583554376657824,0.2573740053050398,0.2626525198938992,0.23413793103448274,0.9125945432289454,0.07948284281996493,0.9185884374107914,0.08290611329749595,3,0,5,1,0.08,0.06,52,145,noisy,6,159
2,Tit For Tat,2.2606896551724143,0.5064986737400531,2.0,0.9615384615384616,0.2452519893899204,0.2612466843501326,0.25840848806366046,0.23509283819628646,0.91860629411763,0.07842121112599883,0.91964745177798,0.08255247652625818,3,0,5,1,0.08,0.06,52,145,noisy,6,159
3,Random: 0.5,2.08,0.5016180371352785,2.0,0.49615384615384617,0.2273209549071618,0.2742970822281167,0.22474801061007957,0.27363395225464193,0.5044253062361024,0.505529819765253,0.49703851130654153,0.4979554807395853,3,0,5,1,0.08,0.06,52,145,noisy,6,159
4,Cycler DC,2.0220689655172412,0.4994164456233422,2.0,0.08461538461538462,0.18159151193633954,0.31782493368700265,0.2430769230769231,0.2575066312997348,0.22123363068171625,0.16772241603925053,0.8471871388422944,0.7817814345436856,3,0,5,1,0.08,0.06,52,145,noisy,6,159
5,Anti Tit For Tat,1.8744827586206898,0.5654376657824933,2.0,0.9423076923076923,0.24387267904509283,0.3215649867374005,0.1769761273209549,0.2575862068965517,0.07543159001575471,0.9198413572080233,0.07793196325366539,0.9175738888696838,3,0,5,1,0.08,0.06,52,145,noisy,6,159
0,Suspicious Tit For Tat,2.169047619047619,0.4928042328042328,1.0,0.0,0.3213227513227513,0.17148148148148148,0.17386243386243386,0.3333333333333333,1.0,0.0,1.0,0.0,3,0,5,1,0.0,0.01,45,140,noisy,4,160
1,Defector,2.0952380952380953,0.0,2.0,0.0,0.0,0.0,0.275026455026455,0.7249735449735449,0.0,0.0,0.0,0.0,3,0,5,1,0.0,0.01,45,140,noisy,4,160
2,Alternator,2.0047619047619047,0.5,1.0,1.0,0.05666666666666667,0.44333333333333336,0.3333333333333333,0.16666666666666666,0.0,0.0,1.0,1.0,3,0,5,1,0.0,0.01,45,140,noisy,4,160
3,GTFT: 0.33,1.9333333333333336,0.6602116402116402,0.0,1.0,0.37798941798941793,0.2822222222222222,0.11481481481481481,0.22497354497354496,1.0,0.3266409761274897,1.0,0.32100521574205787,3,0,5,1,0.0,0.01,45,140,noisy,4,160
0,Grudger,2.536363636363636,0.25984848484848483,8.0,0.9424242424242424,0.18878787878787884,0.07106060606060606,0.305,0.4351515151515152,0.6827128965350462,0.05532887563274966,0.116815342587542,0.05683536543055742,3,0,5,1,0.06,0.08,60,20,noisy,12,161
1,Evolved HMM 5,2.456818181818182,0.4521969696969697,5.0,0.9393939393939394,0.2910606060606061,0.1611363636363636,0.2602272727272727,0.28757575757575754,0.8006807423046964,0.39146923981017534,0.19328610878440877,0.20839706902740388,3,0,5,1,0.06,0.08,60,20,noisy,12,161
2,Defector,2.4431818181818183,0.059848484848484845,10.0,0.051515151515151514,0.022424242424242426,0.03742424242424242,0.35515151515151516,0.5850000000000001,0.06676534171078763,0.07322576817237218,0.05651813912542292,0.06453457554825394,3,0,5,1,0.06,0.08,60,20,noisy,12,161
3,Meta Winner: 10 players,2.3204545454545453,0.19196969696969696,8.5,0.9348484848484848,0.09545454545454546,0.0965151515151515,0.3065909090909091,0.501439393939394,0.41936360119624916,0.31858272283932904,0.14309960339194994,0.0993635837460798,3,0,5,1,0.06,0.08,60,20,noisy,12,161
4,Tit For Tat,2.1681818181818184,0.5302272727272728,2.0,0.9242424242424242,0.3408333333333334,0.18939393939393945,0.1676515151515152,0.3021212121212121,0.9369212014106943,0.06721141556049527,0.9321796294176206,0.05993810511272808,3,0,5,1,0.06,0.08,60,20,noisy,12,161
5,Suspicious Tit For Tat,2.0999999999999996,0.44196969696969696,5.0,0.0696969696969697,0.2718181818181818,0.17015151515151516,0.18431818181818185,0.37371212121212116,0.951354400638116,0.046383588212409406,0.932638116147378,0.0631112409584921,3,0,5,1,0.06,0.08,60,20,noisy,12,161
6,Meta Mixer: 10 players,2.0636363636363635,0.42583333333333334,5.0,0.5636363636363636,0.19363636363636363,0.23219696969696965,0.2278787878787879,0.3462878787878788,0.5027383034237266,0.3713946144188985,0.5202795355204552,0.36263084481617747,3,0,5,1,0.06,0.08,60,20,noisy,12,161
7,GTFT: 0.33,1.9954545454545454,0.6672727272727272,1.0,0.9484848484848485,0.39492424242424234,0.27234848484848484,0.12310606060606061,0.20962121212121212,0.9373584870000553,0.3371625490883594,0.9396824108883355,0.3375645986537028,3,0,5,1,0.06,0.08,60,20,noisy,12,161
8,Tit For 2 Tats,1.981818181818182,0.6947727272727273,0.0,0.9106060606060606,0.44568181818181807,0.2490909090909091,0.08742424242424242,0.21780303030303028,0.942017564397528,0.6558595363544786,0.9493955650362861,0.2525867403588738,3,0,5,1,0.06,0.08,60,20,noisy,12,161
9,Win-Shift Lose-Stay: D,1.9613636363636364,0.5006818181818182,4.5,0.06818181818181818,0.19272727272727275,0.3079545454545455,0.22045454545454543,0.27886363636363637,0.060930638850961276,0.9413310899161416,0.9263263249704454,0.05907432862807509,3,0,5,1,0.06,0.08,60,20,noisy,12,161
10,Bully,1.768181818181818,0.5787878787878787,4.0,0.05757575757575758,0.16833333333333333,0.4104545454545454,0.2131818181818182,0.20803030303030304,0.05848366015043198,0.9502997487194513,0.0642937010484088,0.938528688239175,3,0,5,1,0.06,0.08,60,20,noisy,12,161
11,Anti Tit For Tat,1.6363636363636362,0.6271969696969697,3.0,0.943939393939394,0.1903787878787879,0.43681818181818177,0.18356060606060606,0.18924242424242424,0.059001369175195294,0.9416048495912782,0.06215326252422215,0.9412048308823632,3,0,5,1,0.06,0.08,60,20,noisy,12,161
0,Evolved FSM 16,2.841720779220779,0.46582365003417636,9.0,0.9924812030075187,0.29784688995215314,0.16797676008202322,0.35137559808612445,0.1828007518796993,0.5888777697653824,0.47726942483603874,0.4570819569767463,0.39376861185124734,3,0,5,1,0.01,0.04,19,88,noisy,15,162
1,Grudger,2.813311688311688,0.21898496240601503,11.0,0.9962406015037594,0.2051435406698565,0.013841421736158576,0.35799726589200276,0.42301777170198224,0.8019256129628662,0.04918579977588632,0.05305347735057757,0.00910182483796287,3,0,5,1,0.01,0.04,19,88,noisy,15,162
2,Meta Winner: 14 players,2.7069805194805197,0.04536910457963089,12.0,1.0,0.024436090225563905,0.020933014354066984,0.42118079289131927,0.5334501025290498,0.46791381431860746,0.402372629254402,0.06810653940383928,0.06368692430686863,3,0,5,1,0.01,0.04,19,88,noisy,15,162
3,Defector,2.6850649350649354,0.009270334928229665,13.0,0.015037593984962405,0.004143882433356117,0.005126452494873548,0.42951127819548873,0.5612183868762816,0.06666666666666667,0.2857142857142857,0.009599264640467387,0.014956826389763691,3,0,5,1,0.01,0.04,19,88,noisy,15,162
4,Soft Joss: 0.9,2.2613636363636362,0.6185064935064936,1.0,0.9924812030075187,0.4062286397812714,0.21227785372522212,0.1666097060833903,0.21488380041011618,0.9666528620222852,0.11744042292560904,0.9864271426217689,0.15805500992554247,3,0,5,1,0.01,0.04,19,88,noisy,15,162
5,Suspicious Tit For Tat,2.221590909090909,0.5107228298017772,8.0,0.0037593984962406013,0.33266404647983594,0.17805878332194122,0.18510765550239233,0.3041695146958306,0.991693237865065,0.012101999735725993,0.9849973150722454,0.009909945686095083,3,0,5,1,0.01,0.04,19,88,noisy,15,162
6,GTFT: 0.33,2.193181818181818,0.7344497607655502,1.0,1.0,0.4865430622009569,0.24790669856459327,0.11325187969924812,0.1522983595352016,0.9917698753963433,0.3657887007717348,0.979664100823177,0.39651611627741645,3,0,5,1,0.01,0.04,19,88,noisy,15,162
7,Win-Shift Lose-Stay: D,2.119318181818182,0.5263157894736842,7.0,0.015037593984962405,0.22731544771018455,0.29900034176349966,0.23329630895420367,0.24038790157211207,0.01717122438673188,0.990799388939325,0.9903043451798793,0.013969201271110471,3,0,5,1,0.01,0.04,19,88,noisy,15,162
8,Cycler DC,2.101461038961039,0.4997863978127136,6.0,0.007518796992481203,0.2089029391660971,0.2908834586466166,0.24252392344497606,0.25768967874231036,0.05392540124350287,0.07047379394577695,0.9537807058572333,0.9315724296395665,3,0,5,1,0.01,0.04,19,88,noisy,15,162
9,Alternator,2.0990259740259742,0.5022214627477786,6.0,0.9962406015037594,0.21360218728639782,0.2886192754613807,0.23957621326042378,0.25820232399179766,0.013156567459087465,0.010879228482986789,0.9889288740024007,0.9939361036583335,3,0,5,1,0.01,0.04,19,88,noisy,15,162
10,Tit For 2 Tats,2.0625,0.7617053998632946,0.0,0.9887218045112782,0.5470352016404647,0.2146701982228298,0.04630895420369104,0.19198564593301434,0.9928993358601513,0.771829767197786,0.9889076645628594,0.36988289338060554,3,0,5,1,0.01,0.04,19,88,noisy,15,162
11,Random: 0.5,2.034902597402598,0.5019224196855776,7.0,0.5112781954887218,0.220352016404648,0.28157040328092964,0.2194121667805878,0.27866541353383456,0.47602827875936893,0.514619735072084,0.4819124564525413,0.5392539972604355,3,0,5,1,0.01,0.04,19,88,noisy,15,162
12,Bully,1.935064935064935,0.5659603554340397,7.0,0.0,0.1930963773069036,0.37286397812713606,0.2326982228298017,0.20134142173615857,0.014134527216867903,0.990971277730608,0.013157153187291765,0.9900775468246142,3,0,5,1,0.01,0.04,19,88,noisy,15,162
13,Anti Tit For Tat,1.797077922077922,0.5959501025290499,5.0,0.9887218045112782,0.19958988380041012,0.3963602187286398,0.20740772385509226,0.19664217361585784,0.008779527509101525,0.9909449844590602,0.008690098013073124,0.9915588956430667,3,0,5,1,0.01,0.04,19,88,noisy,15,162
14,Cooperator,1.6193181818181819,0.9896616541353384,1.0,0.981203007518797,0.5278537252221464,0.461807928913192,0.005639097744360902,0.004699248120300751,0.9887480335181943,0.9913825108604003,0.988960113960114,1.0,3,0,5,1,0.01,0.04,19,88,noisy,15,162
0,Defector,2.4863636363636363,0.029186602870813396,10.0,0.015789473684210527,0.010287081339712918,0.018899521531100475,0.3698564593301435,0.600956937799043,0.08333333333333333,0.10989010989010989,0.0340398319546848,0.027189901342835197,3,0,5,1,0.03,0.02,19,22,noisy,11,163
1,Evolved FSM 16,2.459090909090909,0.5578947368421052,5.0,0.9842105263157894,0.3715311004784689,0.18636363636363634,0.22200956937799043,0.2200956937799043,0.6740753523728106,0.38413911298933046,0.45594435152956525,0.36595392811770394,3,0,5,1,0.03,0.02,19,22,noisy,11,163
2,"DoubleCrosser: (D, D)",2.4454545454545453,0.5361244019138756,6.0,0.9526315789473684,0.40311004784689003,0.13301435406698564,0.19665071770334927,0.26722488038277514,0.9020949280940767,0.7437764225264225,0.19896280074022937,0.11005775562847642,3,0,5,1,0.03,0.02,19,22,noisy,11,163
3,Meta Winner: 9 players,2.3863636363636362,0.11794258373205742,9.0,0.9631578947368421,0.07272727272727274,0.045215311004784695,0.3162679425837321,0.5657894736842105,0.4451780838275092,0.26084357719696066,0.03602249222324618,0.038470300090185205,3,0,5,1,0.03,0.02,19,22,noisy,11,163
4,Tit For Tat,2.2954545454545454,0.5842105263157895,2.0,0.968421052631579,0.39043062200956935,0.1937799043062201,0.1763157894736842,0.23947368421052628,0.9687770774589938,0.04346680839736543,0.9760905009016134,0.025325458159664683,3,0,5,1,0.03,0.02,19,22,noisy,11,163
5,GTFT: 0.33,2.1272727272727274,0.7155502392344497,0.0,0.9578947368421052,0.4466507177033493,0.26889952153110047,0.12392344497607659,0.16052631578947368,0.9724609121485843,0.378215897116998,0.9815464880032507,0.29644106800969544,3,0,5,1,0.03,0.02,19,22,noisy,11,163
6,Meta Mixer: 9 players,2.1227272727272726,0.47822966507177034,5.0,0.7421052631578947,0.2566985645933014,0.22153110047846888,0.21100478468899522,0.31076555023923447,0.6154491089451362,0.3962898138770222,0.5408501128331207,0.3712797609778208,3,0,5,1,0.03,0.02,19,22,noisy,11,163
7,Alternator,2.0636363636363635,0.507177033492823,3.0,0.9789473684210527,0.20071770334928232,0.30645933014354065,0.24090909090909088,0.25191387559808615,0.02580075947026537,0.028246012756904817,0.9286442862182918,0.9749279442458276,3,0,5,1,0.03,0.02,19,22,noisy,11,163
8,Cycler DC,2.0545454545454547,0.5033492822966508,3.0,0.021052631578947368,0.1909090909090909,0.3124401913875598,0.2466507177033493,0.25,0.11887847093374457,0.07573626593108534,0.9492359305927218,0.9198922767854413,3,0,5,1,0.03,0.02,19,22,noisy,11,163
9,Tit For 2 Tats,2.0545454545454547,0.7602870813397129,0.0,0.9473684210526315,0.5366028708133971,0.2236842105263158,0.04760765550239235,0.19210526315789475,0.9762671838722318,0.780253798697139,0.9853492453492454,0.39127759532733475,3,0,5,1,0.03,0.02,19,22,noisy,11,163
10,Anti Tit For Tat,1.6681818181818184,0.6229665071770335,3.0,0.9631578947368421,0.22177033492822965,0.40119617224880394,0.16028708133971292,0.2167464114832536,0.02962075425231978,0.9630438677741612,0.04420049422243367,0.9716416314992973,3,0,5,1,0.03,0.02,19,22,noisy,11,163
0,Evolved HMM 5,2.953416149068323,0.4254658385093168,4.5,0.967032967032967,0.33444816053511706,0.09101767797419973,0.3435260391782131,0.23100812231247012,0.8630723594980247,0.2580734305239686,0.1479510277770637,0.14465278725864264,3,0,5,1,0.04,0.03,26,23,noisy,8,164
1,"DoubleCrosser: (D, D)",2.8571428571428568,0.5422838031533683,5.0,0.9505494505494505,0.40492116579073106,0.13736263736263735,0.29359770664118484,0.16411849020544672,0.8742492926442891,0.7184110945952467,0.18394752836108985,0.07783286540627034,3,0,5,1,0.04,0.03,26,23,noisy,8,164
2,Evolved FSM 16,2.686335403726708,0.5119445771619685,4.0,0.9835164835164835,0.3664596273291925,0.14548494983277593,0.27544194935499283,0.2126134734830387,0.7069774620881868,0.3820592641762163,0.4384149420759184,0.37119596773117297,3,0,5,1,0.04,0.03,26,23,noisy,8,164
3,Soft Joss: 0.9,2.369565217391304,0.6567128523650263,1.0,0.9560439560439561,0.42881032011466796,0.2279025322503583,0.18227424749163879,0.1610129001433349,0.9614002198124124,0.11233081590333213,0.9480133618315912,0.13190974480785503,3,0,5,1,0.04,0.03,26,23,noisy,8,164
4,Meta Mixer: 6 players,2.2267080745341614,0.47802197802197804,3.0,0.9230769230769231,0.25203057811753465,0.2259913999044434,0.24056378404204493,0.2814142379359771,0.5406393026879311,0.41742105510472655,0.4822139982886074,0.4067653873918099,3,0,5,1,0.04,0.03,26,23,noisy,8,164
5,Meta Winner: 6 players,2.0776397515527947,0.5088389870998566,3.0,0.9725274725274725,0.19493549928332538,0.3139034878165313,0.24271380793119923,0.2484472049689441,0.60253849614193,0.7362846377089298,0.13590035123336713,0.46252164708884763,3,0,5,1,0.04,0.03,26,23,noisy,8,164
6,Alternator,1.7608695652173914,0.510989010989011,1.0,0.9560439560439561,0.19445771619684663,0.31653129479216435,0.17056856187290972,0.3184424271380793,0.04293267686130037,0.040363571014608815,0.9686900164150829,0.9626367366621732,3,0,5,1,0.04,0.03,26,23,noisy,8,164
7,Anti Tit For Tat,1.518633540372671,0.6442904921165791,2.0,0.9725274725274725,0.20377448638318205,0.4405160057333971,0.15002388915432396,0.205685618729097,0.031992849398064564,0.9649185985443355,0.044387874361297895,0.9582150221243239,3,0,5,1,0.04,0.03,26,23,noisy,8,164
0,Evolved FSM 16,2.899659863945578,0.37392224331593105,11.0,0.9593023255813954,0.23351724410694505,0.14040499920898594,0.3915915203290619,0.23448623635500712,0.5145324300734615,0.4020073197577815,0.359517770232953,0.2938589589361396,3,0,5,1,0.04,0.01,86,84,noisy,15,165
1,"DoubleCrosser: (D, D)",2.8341836734693877,0.4234792754311027,9.5,0.9609634551495017,0.3469981015662079,0.07648117386489481,0.30241457047935455,0.2741061540895428,0.7881806305237832,0.6453304511561034,0.2688521987589491,0.07071654747501556,3,0,5,1,0.04,0.01,86,84,noisy,15,165
2,Grudger,2.815051020408163,0.14715828191741814,14.0,0.9617940199335548,0.117890760955545,0.029267520961873125,0.40378302483784206,0.4490586932447398,0.6010552250620248,0.034512055192046774,0.06678382560292151,0.03789121256731789,3,0,5,1,0.04,0.01,86,84,noisy,15,165
3,Win-Stay Lose-Shift,2.3928571428571432,0.5115389178927385,7.0,0.9617940199335548,0.2785951589938301,0.23294375889890845,0.26215195380477774,0.2263091283024838,0.9611727479682513,0.04040873444274493,0.04017076397768516,0.965557153576336,3,0,5,1,0.04,0.01,86,84,noisy,15,165
4,Soft Joss: 0.9,2.389030612244898,0.6382890365448505,3.0,0.9634551495016611,0.4191484733428255,0.21914056320202505,0.18749011232399934,0.17422085113115018,0.9594417974127476,0.13512223113179644,0.9604281116286536,0.13436752012772646,3,0,5,1,0.04,0.01,86,84,noisy,15,165
5,Tit For Tat,2.3856292517006805,0.5832542319253283,6.0,0.96843853820598,0.3770862996361335,0.20616793228919472,0.20791805094130675,0.20882771713336498,0.9594371072340611,0.039446949058669405,0.9585434625749872,0.03972846360186303,3,0,5,1,0.04,0.01,86,84,noisy,15,165
6,Suspicious Tit For Tat,2.3137755102040813,0.5352792279702578,7.0,0.049003322259136214,0.32826095554500867,0.20701827242524917,0.21600616990982438,0.24871460211991775,0.9579072684368519,0.043160985154042604,0.9609894361484491,0.045005643651826834,3,0,5,1,0.04,0.01,86,84,noisy,15,165
7,Meta Mixer: 14 players,2.2015306122448983,0.48764040499920897,8.0,0.7159468438538206,0.2526004587881664,0.2350399462110426,0.23561343141907926,0.2767461635817118,0.563443820917083,0.4296353467688454,0.5466069052254757,0.4202924040160034,3,0,5,1,0.04,0.01,86,84,noisy,15,165
8,Alternator,2.1930272108843534,0.5030256288561936,6.0,0.9559800664451827,0.22709025470653374,0.27593537414965985,0.25323327005220697,0.2437411010915995,0.04086722828083992,0.04239188083364477,0.9585862030877489,0.9637551895545097,3,0,5,1,0.04,0.01,86,84,noisy,15,165
9,Tit For 2 Tats,2.1883503401360547,0.7971938775510204,0.0,0.9543189368770764,0.5518608606233191,0.2453330169277013,0.08414412276538522,0.11866199968359435,0.9591091336258865,0.7333008592092797,0.9602108197547644,0.34875534270652825,3,0,5,1,0.04,0.01,86,84,noisy,15,165
10,Random: 0.5,2.1475340136054424,0.49787414965986393,6.5,0.4983388704318937,0.23437747191900016,0.26349667774086377,0.23734377471919002,0.264782075620946,0.5009082196057421,0.5011609316215484,0.4985499939482496,0.49238606793839246,3,0,5,1,0.04,0.01,86,84,noisy,15,165
11,Bully,2.068452380952381,0.5394320518905237,7.0,0.049003322259136214,0.20108566682486953,0.3383463850656542,0.2505537098560354,0.21001423825344093,0.044940314526976555,0.963714591958775,0.04097179456173073,0.9578923646589973,3,0,5,1,0.04,0.01,86,84,noisy,15,165
12,Win-Shift Lose-Stay: D,2.060374149659864,0.5492307388071508,6.0,0.04983388704318937,0.22442058218636293,0.3248101566207879,0.23404129093497866,0.2167279702578706,0.03803175198887006,0.9606712907065756,0.9592066617842204,0.039795459372056106,3,0,5,1,0.04,0.01,86,84,noisy,15,165
13,Anti Tit For Tat,2.0225340136054424,0.551030295839266,6.0,0.9443521594684385,0.21081514000949214,0.3402151558297738,0.23871816168327792,0.21025154247745606,0.04072302994307857,0.9593305324467272,0.04296268135783765,0.9614597406242453,3,0,5,1,0.04,0.01,86,84,noisy,15,165
14,Cooperator,1.8239795918367347,0.9591638981173864,1.0,0.9584717607973422,0.5647148394241418,0.39444905869324476,0.024046828033539004,0.016789273849074516,0.9594870784011593,0.9567631045439208,0.9541864826917079,0.9532519109168514,3,0,5,1,0.04,0.01,86,84,noisy,15,165
0,Evolved HMM 5,2.9224806201550386,0.4269595176571921,10.5,0.9703703703703703,0.33763996554694226,0.08931955211024978,0.3347114556416882,0.23832902670111972,0.8142515476257159,0.3410294682058658,0.1519824784162376,0.16679242261071683,3,0,5,1,0.03,0.05,18,43,noisy,16,166
1,Grudger,2.862015503875969,0.28044788975021534,13.0,0.9851851851851852,0.24771748492678725,0.03273040482342808,0.3532299741602067,0.366322136089578,0.8564437302285371,0.042034038709230524,0.08095501247447613,0.029701922845147607,3,0,5,1,0.03,0.05,18,43,noisy,16,166
2,"DoubleCrosser: (D, D)",2.8232558139534882,0.5058570198105082,9.5,0.9703703703703703,0.42170542635658914,0.08415159345391905,0.2647717484926787,0.22937123169681312,0.8105648955905582,0.7242198629776179,0.30088679180962563,0.14478929746392574,3,0,5,1,0.03,0.05,18,43,noisy,16,166
3,Defector,2.8124031007751937,0.03049095607235142,15.0,0.040740740740740744,0.013781223083548668,0.016709732988802753,0.45288544358311794,0.5166236003445307,0.06994047619047619,0.1046288798920378,0.03509819156815049,0.0290321965096544,3,0,5,1,0.03,0.05,18,43,noisy,16,166
4,Evolved FSM 16,2.757364341085271,0.48664944013781225,10.0,0.9592592592592593,0.33178294573643413,0.15486649440137815,0.30818260120585705,0.20516795865633075,0.6414771858526975,0.3743764372352661,0.3934967539655781,0.39351772401341417,3,0,5,1,0.03,0.05,18,43,noisy,16,166
5,Tit For Tat,2.407751937984496,0.6229974160206718,4.0,0.9740740740740741,0.43953488372093025,0.1834625322997416,0.1780361757105943,0.19896640826873385,0.9694364035409386,0.03902294337853988,0.9741586654293759,0.03543794146220786,3,0,5,1,0.03,0.05,18,43,noisy,16,166
6,Win-Stay Lose-Shift,2.351162790697675,0.5750215331610681,6.0,0.9666666666666667,0.35934539190353143,0.2156761412575366,0.21636520241171409,0.2086132644272179,0.9798586479552482,0.026910563684899493,0.032388953800194,0.9710661411539598,3,0,5,1,0.03,0.05,18,43,noisy,16,166
7,GTFT: 0.33,2.249612403100775,0.7433247200689062,1.5,0.9666666666666667,0.5027562446167096,0.24056847545219642,0.12368647717484925,0.1329888027562446,0.9721746504342816,0.3447229332212205,0.967706569249701,0.3694060164021945,3,0,5,1,0.03,0.05,18,43,noisy,16,166
8,Tit For 2 Tats,2.109302325581395,0.7890611541774333,1.0,0.9666666666666667,0.5508182601205857,0.23824289405684754,0.06468561584840653,0.14625322997416018,0.9711086970333979,0.7542882715015656,0.9588920813996962,0.2508239495946404,3,0,5,1,0.03,0.05,18,43,noisy,16,166
9,Cycler DC,2.0627906976744184,0.48742463393626184,7.0,0.03333333333333333,0.21765719207579673,0.2697674418604652,0.22549526270456502,0.2870801033591731,0.0885839032701281,0.10783586276819163,0.9030751372949368,0.9131767175724418,3,0,5,1,0.03,0.05,18,43,noisy,16,166
10,Random: 0.5,2.049612403100775,0.5037898363479759,7.0,0.5703703703703704,0.22859603789836347,0.2751937984496124,0.2209302325581395,0.2752799310938846,0.5078723254341385,0.5181245227428808,0.48994430529344035,0.5056678948568291,3,0,5,1,0.03,0.05,18,43,noisy,16,166
11,Alternator,2.022480620155039,0.5047372954349698,5.0,0.9666666666666667,0.2260981912144703,0.27863910422049953,0.21257536606373814,0.28268733850129196,0.03481420021290132,0.03771606946880727,0.9671995855458272,0.9652026098062431,3,0,5,1,0.03,0.05,18,43,noisy,16,166
12,Win-Shift Lose-Stay: D,1.9496124031007753,0.5583118001722653,6.0,0.025925925925925925,0.20749354005167958,0.35081826012058565,0.22532299741602066,0.21636520241171406,0.04422759296015186,0.9702878870131114,0.9677658018477683,0.03495524117227806,3,0,5,1,0.03,0.05,18,43,noisy,16,166
13,Bully,1.8829457364341085,0.5733850129198966,7.0,0.037037037037037035,0.18475452196382428,0.38863049095607227,0.2219638242894057,0.20465116279069762,0.03921396334590891,0.9699178138367557,0.03490004341814639,0.9655168056092817,3,0,5,1,0.03,0.05,18,43,noisy,16,166
14,Anti Tit For Tat,1.826356589147287,0.5940568475452196,6.0,0.9592592592592593,0.20387596899224805,0.3901808785529717,0.20680447889750214,0.19913867355727818,0.031064003072664204,0.9766925166850859,0.0508262409206175,0.9715164718831804,3,0,5,1,0.03,0.05,18,43,noisy,16,166
15,Cooperator,1.7666666666666666,0.970198105081826,0.0,0.9703703703703703,0.5524547803617571,0.4177433247200689,0.017054263565891473,0.012747631352282516,0.9679597076592352,0.974794966147511,0.9523616393925991,0.971705217859064,3,0,5,1,0.03,0.05,18,43,noisy,16,166
0,"DoubleCrosser: (D, D)",2.8001700680272106,0.5963750668806849,9.0,1.0,0.578517924023542,0.017857142857142856,0.1645073759841015,0.23911755713521363,0.9926973684210527,0.7916666666666666,0.0,0.0,3,0,5,1,0.0,0.04,89,98,noisy,13,167
1,Grudger,2.6573129251700682,0.5068027210884354,3.0,1.0,0.5008503401360545,0.005952380952380952,0.16563479324313993,0.32756248566842466,1.0,0.0,0.0,0.0,3,0,5,1,0.0,0.04,89,98,noisy,13,167
2,Tit For Tat,2.45578231292517,0.6705361920048919,0.0,1.0,0.5411793931055567,0.12935679889933502,0.1254872735611098,0.2039765344339983,1.0,0.0,1.0,0.0,3,0,5,1,0.0,0.04,89,98,noisy,13,167
3,Soft Joss: 0.9,2.4489795918367347,0.7327447833065811,0.0,1.0,0.6162004127493693,0.11654437055721166,0.08260720018344415,0.18464801650997476,1.0,0.10104217517124217,1.0,0.1038749259188541,3,0,5,1,0.0,0.04,89,98,noisy,13,167
4,GTFT: 0.33,2.3494897959183674,0.8001127417259039,0.0,1.0,0.641490866009325,0.15862187571657876,0.05622754719865474,0.1436597110754414,1.0,0.3342912166837761,1.0,0.33398160102758334,3,0,5,1,0.0,0.04,89,98,noisy,13,167
5,Defector,2.3367346938775513,0.0,11.0,0.0,0.0,0.0,0.3344129786746159,0.665587021325384,0.0,0.0,0.0,0.0,3,0,5,1,0.0,0.04,89,98,noisy,13,167
6,Meta Winner: 12 players,2.332482993197279,0.030965757089352595,9.0,1.0,0.019022777650385996,0.011942979438966599,0.3269223419704961,0.6421119009401514,0.49131925010329863,0.3708924370011713,0.017878951491539313,0.013331025348731472,3,0,5,1,0.0,0.04,89,98,noisy,13,167
7,Win-Stay Lose-Shift,2.238095238095238,0.7512325154781013,0.0,1.0,0.5698329893755255,0.18139952610257593,0.070081403347856,0.17868608117404267,1.0,0.0,0.0,1.0,3,0,5,1,0.0,0.04,89,98,noisy,13,167
8,Suspicious Tit For Tat,2.2159863945578233,0.5169303676526791,6.0,0.0,0.3543434227623634,0.16258694489031567,0.16726859283039056,0.31580103951693034,1.0,0.0,1.0,0.0,3,0,5,1,0.0,0.04,89,98,noisy,13,167
9,Cooperator,2.0,1.0,0.0,1.0,0.6664755789956431,0.33352442100435686,0.0,0.0,1.0,1.0,0.0,0.0,3,0,5,1,0.0,0.04,89,98,noisy,13,167
10,Cycler DC,1.9583333333333333,0.5,3.0,0.0,0.14504509669036153,0.35495490330963847,0.25545555300771994,0.24454444699228006,0.0,0.0,1.0,1.0,3,0,5,1,0.0,0.04,89,98,noisy,13,167
11,Random: 0.5,1.9192176870748299,0.4980317969884583,5.0,0.48782771535580527,0.2013299701903233,0.296701826798135,0.20285867155851103,0.2991095314530306,0.5027844917258825,0.4958043804646061,0.5082867148821809,0.4956813944692828,3,0,5,1,0.0,0.04,89,98,noisy,13,167
12,Bully,1.8605442176870748,0.5874799357945425,5.0,0.0,0.17180692501719788,0.41567301077734464,0.2336524497439426,0.17886761446151495,0.0,1.0,0.0,1.0,3,0,5,1,0.0,0.04,89,98,noisy,13,167
0,Defector,2.552688560086611,0.10131537277487682,16.0,0.09843937575030012,0.04213464526915062,0.059180727505726206,0.38085418216366307,0.51783044506146,0.09783680542694574,0.10170322695790601,0.10012827664410923,0.10172144309376731,3,0,5,1,0.1,0.03,98,163,noisy,18,168
1,Grudger,2.5503428365211116,0.1211674853990676,16.0,0.8919567827130852,0.059099713505033916,0.06206777189403369,0.3742441761980866,0.5045883384028459,0.3349327970761288,0.09745193177631795,0.10692544055449467,0.10064216368869025,3,0,5,1,0.1,0.03,98,163,noisy,18,168
2,Meta Winner: 16 players,2.5409599422591125,0.11527187562141421,15.0,0.9099639855942377,0.05135551152976528,0.06391636409164893,0.3749217478402404,0.5098063765383455,0.2058964818584325,0.16048267539239008,0.10474659713687282,0.10564871845717091,3,0,5,1,0.1,0.03,98,163,noisy,18,168
3,"DoubleCrosser: (D, D)",2.505593648502346,0.2462420551042503,13.0,0.9111644657863145,0.15849652744533393,0.08774552765891631,0.32124628992701376,0.43251165496873606,0.5671762351216908,0.38341519529261014,0.17438534643867573,0.11279800038434991,3,0,5,1,0.1,0.03,98,163,noisy,18,168
4,Evolved HMM 5,2.5045110068567302,0.3095876387364762,12.0,0.8949579831932774,0.16409385840225663,0.14549378033421956,0.3314651013779746,0.35894725988554926,0.6460019106721689,0.3392309066352949,0.16752933051261382,0.22183359697248914,3,0,5,1,0.1,0.03,98,163,noisy,18,168
5,Tit For Tat,2.1607722843738726,0.4896265254568085,7.0,0.8991596638655462,0.27033635540105605,0.21929017005575235,0.21259546763490672,0.2977780069082848,0.9014119768471683,0.1002541126498765,0.9009451796029855,0.09975126570371305,3,0,5,1,0.1,0.03,98,163,noisy,18,168
6,Suspicious Tit For Tat,2.1488632262721037,0.47363730768380974,8.0,0.1092436974789916,0.2565234682830187,0.21711383940079101,0.2135602707340605,0.3128024215821298,0.900304656903173,0.09853474376127742,0.8989214744819747,0.09935787144497785,3,0,5,1,0.1,0.03,98,163,noisy,18,168
7,Win-Stay Lose-Shift,2.1205341032118374,0.4964022418783464,7.5,0.8907563025210085,0.22590017602132875,0.27050206585701764,0.23627365056452032,0.26732410755713326,0.8988225343500768,0.09910203348029117,0.09967268404577956,0.8988830907296483,3,0,5,1,0.1,0.03,98,163,noisy,18,168
8,Meta Mixer: 16 players,2.1019487549621076,0.4581525861878494,10.0,0.6152460984393757,0.20719330677056103,0.25095927941728835,0.2344876600947127,0.3073597537174379,0.5035236455436971,0.43083840719847344,0.4921941060106623,0.4316478559248459,3,0,5,1,0.1,0.03,98,163,noisy,18,168
9,Cycler DC,2.0494406351497654,0.4972676187039233,8.0,0.09663865546218488,0.21228982390502213,0.2849777947989011,0.2268244721201364,0.2759079091759403,0.2033621009340448,0.1909263990432444,0.8072023763257624,0.7929848302437411,3,0,5,1,0.1,0.03,98,163,noisy,18,168
10,Alternator,2.048177553229881,0.5007291260062308,7.0,0.8949579831932774,0.21247762908844517,0.28825149691778545,0.2275646454900979,0.27170622850367143,0.09658604679248507,0.09850618503059197,0.8989286250958144,0.8983624750882884,3,0,5,1,0.1,0.03,98,163,noisy,18,168
11,Random: 0.5,2.0279682425117285,0.5012262573741153,7.0,0.4885954381752701,0.21986095051517537,0.2813653068589398,0.2174673550401756,0.2813063875857092,0.498507123551599,0.5028823282510602,0.49864232171025913,0.5026753888370289,3,0,5,1,0.1,0.03,98,163,noisy,18,168
12,Win-Shift Lose-Stay: D,1.9819559725730787,0.5219474292784598,7.0,0.10624249699879952,0.2097968021564454,0.3121506271220144,0.2184579353213678,0.2595946354001724,0.09979219866271105,0.9004297993625247,0.9007026480318561,0.09900006363292542,3,0,5,1,0.1,0.03,98,163,noisy,18,168
13,GTFT: 0.33,1.9806928906531938,0.6291363171035286,2.0,0.8991596638655462,0.33165290656139756,0.297483410542131,0.1567105369755264,0.21415314592094506,0.8993366463259533,0.3666717783731762,0.8998021433658023,0.36924787942787124,3,0,5,1,0.1,0.03,98,163,noisy,18,168
14,Tit For 2 Tats,1.97239263803681,0.6694665596299869,1.0,0.9069627851140456,0.39435774309723887,0.2751088165327481,0.11371787978995278,0.21681556058006027,0.8992883545719693,0.6291326476094412,0.8991687710262978,0.31877448797801716,3,0,5,1,0.1,0.03,98,163,noisy,18,168
15,Bully,1.9095994225911224,0.5609888127029953,7.0,0.08883553421368548,0.21031971070636843,0.3506691019966269,0.20980048461102233,0.22921070268598234,0.10015471194411465,0.8992816027305264,0.09895067369848425,0.899897265833724,3,0,5,1,0.1,0.03,98,163,noisy,18,168
16,Anti Tit For Tat,1.9031035727174306,0.565963808836418,7.0,0.8997599039615847,0.2135455409157528,0.3524182679206652,0.20670354031183025,0.22733265085175175,0.09799141109939097,0.9012338275481687,0.10068431238001385,0.9002745474638778,3,0,5,1,0.1,0.03,98,163,noisy,18,168
17,Cooperator,1.53915553951642,0.9008977824258538,0.0,0.8925570228091236,0.4168170335618911,0.48408074886396285,0.0458797015738811,0.053222516000265147,0.9000769804224976,0.901329204553134,0.8991441440379664,0.9049229036208866,3,0,5,1,0.1,0.03,98,163,noisy,18,168
0,Evolved HMM 5,2.9851851851851854,0.5680650037792895,8.0,0.9857142857142858,0.48133030990173853,0.08673469387755099,0.2794028722600151,0.15253212396069535,0.8834521358231473,0.37953091428398605,0.18404882427007113,0.15207467307257522,3,0,5,1,0.02,0.08,98,18,noisy,16,169
1,Grudger,2.975925925925926,0.41693121693121693,10.0,0.9782312925170068,0.3722222222222222,0.04470899470899472,0.31753590325018893,0.2655328798185941,0.7522581703272587,0.01904187045035202,0.09972256837659392,0.024240644841372123,3,0,5,1,0.02,0.08,98,18,noisy,16,169
2,Meta Winner: 14 players,2.637037037037037,0.3696900982615268,11.0,0.9836734693877551,0.19648526077097508,0.1732048374905518,0.34947089947089943,0.2808390022675737,0.45345921367985315,0.7279373122752621,0.1195704100760931,0.40207515690108236,3,0,5,1,0.02,0.08,98,18,noisy,16,169
3,Win-Stay Lose-Shift,2.55,0.6456916099773242,4.0,0.9823129251700681,0.4691609977324263,0.17653061224489797,0.19682539682539682,0.1574829931972789,0.9790757079337078,0.025591347514514227,0.022696393944511714,0.9833735663680283,3,0,5,1,0.02,0.08,98,18,noisy,16,169
4,Tit For Tat,2.5314814814814817,0.6952380952380952,2.0,0.9823129251700681,0.5079365079365078,0.18730158730158727,0.17532123960695392,0.12944066515495087,0.9763628011611403,0.02839280690782373,0.9841791187556236,0.021531755019752765,3,0,5,1,0.02,0.08,98,18,noisy,16,169
5,Soft Joss: 0.9,2.501851851851852,0.7297430083144368,1.0,0.9782312925170068,0.5344293272864701,0.1953136810279667,0.15718065003779289,0.11307634164777022,0.9801903764860221,0.11409017194881146,0.9842617925024322,0.11342064518641103,3,0,5,1,0.02,0.08,98,18,noisy,16,169
6,GTFT: 0.33,2.4203703703703705,0.7939909297052155,1.0,0.9809523809523809,0.5778911564625849,0.21609977324263044,0.11965230536659108,0.08635676492819348,0.979979818669771,0.3236199390131842,0.9798036853391118,0.34111374916830256,3,0,5,1,0.02,0.08,98,18,noisy,16,169
7,Suspicious Tit For Tat,2.3592592592592596,0.5214663643235071,9.0,0.019727891156462583,0.332312925170068,0.18915343915343913,0.2226757369614513,0.25585789871504155,0.9832824881069965,0.018505336616165075,0.9801868950445548,0.09876364338799094,3,0,5,1,0.02,0.08,98,18,noisy,16,169
8,Bully,2.333333333333333,0.4749433106575964,8.0,0.02108843537414966,0.1931972789115646,0.28174603174603174,0.30461073318216175,0.22044595616024187,0.021356930889831042,0.9810702855419758,0.021628097627842197,0.9824960103082759,3,0,5,1,0.02,0.08,98,18,noisy,16,169
9,Cycler DC,2.3314814814814815,0.4999622071050642,6.0,0.0163265306122449,0.2250188964474679,0.27494331065759636,0.28805744520030235,0.21198034769463345,0.1030765894591154,0.08628438080839407,0.9419094694820854,0.9123571176078376,3,0,5,1,0.02,0.08,98,18,noisy,16,169
10,Tit For 2 Tats,2.3296296296296295,0.8717309145880574,0.0,0.9863945578231292,0.6491307634164777,0.22260015117157977,0.06417233560090703,0.06409674981103554,0.9782271094103396,0.7698142664112009,0.9833200890110749,0.3811662153470761,3,0,5,1,0.02,0.08,98,18,noisy,16,169
11,Random: 0.5,2.3129629629629633,0.49981103552532125,7.0,0.5142857142857142,0.2615268329554044,0.23828420256991686,0.25804988662131517,0.24213907785336355,0.4932350068281382,0.510116454030666,0.5041537890164364,0.48982405065228185,3,0,5,1,0.02,0.08,98,18,noisy,16,169
12,Meta Mixer: 14 players,2.3092592592592593,0.5633408919123205,6.0,0.6714285714285714,0.33318216175359033,0.23015873015873015,0.22203325774754346,0.214625850340136,0.6419005242013138,0.4514061747219286,0.6357757700342856,0.4531522116042693,3,0,5,1,0.02,0.08,98,18,noisy,16,169
13,Win-Shift Lose-Stay: D,2.2222222222222223,0.5416099773242631,8.0,0.02108843537414966,0.2355631141345427,0.3060468631897203,0.2651927437641723,0.19319727891156463,0.021834042568592758,0.9833458797196887,0.9811633229834542,0.023799668785702253,3,0,5,1,0.02,0.08,98,18,noisy,16,169
14,Anti Tit For Tat,2.140740740740741,0.5467120181405896,7.0,0.9795918367346939,0.2310657596371882,0.31564625850340133,0.25030234315948596,0.2029856386999244,0.020719293237767826,0.9832116984267522,0.022054282344523266,0.9833409765429653,3,0,5,1,0.02,0.08,98,18,noisy,16,169
15,Cooperator,1.9796296296296296,0.9801965230536659,0.0,0.9843537414965986,0.6357520786092214,0.3444444444444444,0.01243386243386243,0.007369614512471654,0.9804940555620935,0.9788081870865735,0.9831312704253035,0.9905507010770169,3,0,5,1,0.02,0.08,98,18,noisy,16,169
0,Evolved HMM 5,2.6574074074074074,0.35216016231053826,14.0,0.9548872180451128,0.23366949118828817,0.11849067112225006,0.32564049011417434,0.32219934757528745,0.7565091422617013,0.3505404858640763,0.1394845233616693,0.1845101191244841,3,0,5,1,0.05,0.09,98,108,noisy,20,170
1,"DoubleCrosser: (D, D)",2.578460038986355,0.35699864741218124,12.0,0.9532760472610097,0.28097525559931574,0.07602339181286549,0.27468472769224644,0.36831662489557226,0.7446513545593779,0.5613684535351824,0.2185576071410779,0.0680537621140794,3,0,5,1,0.05,0.09,98,108,noisy,20,170
2,Grudger,2.5704191033138404,0.11370191351394358,18.0,0.943609022556391,0.07681903170624974,0.03688288180769385,0.36353284003659947,0.522765246449457,0.5494009135748814,0.05292196460345116,0.06569354568191994,0.04925594733576224,3,0,5,1,0.05,0.09,98,108,noisy,20,170
3,Defector,2.5487329434697856,0.04981203007518797,18.0,0.05370569280343716,0.020671718979989654,0.029140311095198306,0.3838863030592353,0.5663016668655767,0.049490609984892686,0.04827884825879621,0.05021468481988449,0.050614220392106266,3,0,5,1,0.05,0.09,98,108,noisy,20,170
4,Meta Winner: 18 players,2.5285087719298245,0.07655547599156622,17.0,0.9468313641245972,0.03623642439431913,0.04031905159724708,0.3736225484345785,0.5498219755738551,0.2883227030134655,0.191036448610778,0.06420671053684009,0.06406693378573274,3,0,5,1,0.05,0.09,98,108,noisy,20,170
5,Evolved FSM 16,2.5209551656920075,0.3576202410788877,13.0,0.9452201933404941,0.16826291920276884,0.1893573218761189,0.3443579186060389,0.29802184031507334,0.47709108612818396,0.42161290366197335,0.2965465098639157,0.2977112996952583,3,0,5,1,0.05,0.09,98,108,noisy,20,170
6,Tit For Tat,2.2565789473684212,0.5298911962445797,8.0,0.9462943071965628,0.32997175478378493,0.19991944146079485,0.19846242590603494,0.2716463778493854,0.9489245269640257,0.051659185104865855,0.950355085851801,0.05445072146971886,3,0,5,1,0.05,0.09,98,108,noisy,20,170
7,Suspicious Tit For Tat,2.210282651072125,0.49678760393046106,10.0,0.04403866809881848,0.29674881648565854,0.20003878744480247,0.20350479373035765,0.2997076023391813,0.9496757944122206,0.05039566099020465,0.950286155987175,0.054838085917617234,3,0,5,1,0.05,0.09,98,108,noisy,20,170
8,Soft Joss: 0.9,2.206140350877193,0.5772466881489438,4.0,0.9398496240601504,0.35668039145482744,0.22056629669411626,0.17874547479810637,0.24400783705294984,0.949383216660876,0.13867522553485842,0.9527205302842227,0.13528739435288234,3,0,5,1,0.05,0.09,98,108,noisy,20,170
9,Win-Stay Lose-Shift,2.132553606237817,0.5103930461073318,9.0,0.9511278195488722,0.24361498985559135,0.26677805625174045,0.22586724748378884,0.2637397064088793,0.948752490331652,0.04875113828683136,0.05135697763163919,0.9490326589739394,3,0,5,1,0.05,0.09,98,108,noisy,20,170
10,GTFT: 0.33,2.1013645224171538,0.6798195886541751,2.0,0.9505907626208379,0.412494529975733,0.2673250586784421,0.13449795122727456,0.18568246011855036,0.948553939617188,0.349257773242893,0.9496828028359109,0.33649728400642426,3,0,5,1,0.05,0.09,98,108,noisy,20,170
11,Tit For 2 Tats,2.0653021442495128,0.721754783784859,1.0,0.952201933404941,0.48556908143374305,0.23618570235111588,0.08175199904523213,0.1964932171699089,0.9488685687788826,0.691116033722651,0.9490516376972176,0.31093186037214754,3,0,5,1,0.05,0.09,98,108,noisy,20,170
12,Meta Mixer: 18 players,2.0623781676413255,0.4452201933404941,11.0,0.6831364124597207,0.20026753391415048,0.24495265942634364,0.22887078808131442,0.3259090185781915,0.5319939443738858,0.39219879177167033,0.5132275756009186,0.39455723608948573,3,0,5,1,0.05,0.09,98,108,noisy,20,170
13,Alternator,1.994152046783626,0.5020835819708,7.0,0.9484425349087003,0.1944195806977762,0.3076640012730238,0.227891156462585,0.2700252615666149,0.050457781115345116,0.04880874820301425,0.9500078230327562,0.9508201512778084,3,0,5,1,0.05,0.09,98,108,noisy,20,170
14,Cycler DC,1.983187134502924,0.49997513625333173,7.0,0.04296455424274973,0.19147571309225445,0.30849942316107726,0.22796077495325615,0.2720640887934121,0.12973296963099443,0.11296776339759511,0.8922735080983678,0.8620585439389299,3,0,5,1,0.05,0.09,98,108,noisy,20,170
15,Random: 0.5,1.9783138401559455,0.4988115129092573,8.0,0.4849624060150376,0.21073019851215338,0.2880813143971038,0.21206289533357206,0.28912559175717073,0.5025167759661099,0.4978988800558699,0.49362456181487724,0.4995434737820171,3,0,5,1,0.05,0.09,98,108,noisy,20,170
16,Win-Shift Lose-Stay: D,1.9171539961013644,0.5387924175518161,8.0,0.04618689581095596,0.20144607550622587,0.3373463420455902,0.2117048573815491,0.2495027250666348,0.04938844142398992,0.9503155877361299,0.9478894940828453,0.0497647334908157,3,0,5,1,0.05,0.09,98,108,noisy,20,170
17,Bully,1.821881091617934,0.584994231610773,8.0,0.04779806659505908,0.1944991446871146,0.3904950869236584,0.2052949834904722,0.20971078489875483,0.04749289679917612,0.9468591082554599,0.050113251432392675,0.9497408563411848,3,0,5,1,0.05,0.09,98,108,noisy,20,170
18,Anti Tit For Tat,1.7938596491228072,0.5964464733261726,7.0,0.9543501611170784,0.20097366431952896,0.39547280900664356,0.1963291164418984,0.20722441023192903,0.05092835981081571,0.9527699001310774,0.050186615715061646,0.950393241238838,3,0,5,1,0.05,0.09,98,108,noisy,20,170
19,Cooperator,1.5882066276803117,0.9498199864741218,1.0,0.9575725026852846,0.4797857739587064,0.47003421251541555,0.02490352866292716,0.02527648486295103,0.948459708228166,0.9505837037197465,0.9424623842938082,0.9463472953487306,3,0,5,1,0.05,0.09,98,108,noisy,20,170
0,Grudger,2.2915734526472784,0.09649147034183077,7.0,0.9835390946502057,0.07699247843418859,0.019498991907642167,0.29285313153073533,0.6106553981274341,0.5758700469976429,0.01848213285575348,0.044548696738068924,0.020466461060030427,3,0,5,1,0.02,0.07,81,149,noisy,10,171
1,Defector,2.2065622669649514,0.019876451146647517,9.0,0.0205761316872428,0.006472045000506348,0.01340440614614117,0.3012400916949761,0.6788834571583764,0.0580896612875804,0.02587088418209103,0.017860452998604087,0.02126101804314623,3,0,5,1,0.02,0.07,81,149,noisy,10,171
2,Meta Winner: 9 players,2.191648023862789,0.03459736146785612,8.0,0.9807956104252401,0.015346940278583333,0.019250421189272792,0.2962318520359783,0.6691707864961657,0.33686899590279895,0.13245537795063167,0.02643551546022803,0.02159835722825125,3,0,5,1,0.02,0.07,81,149,noisy,10,171
3,Tit For Tat,2.0723340790454885,0.452002835547454,3.0,0.9794238683127572,0.2559726019830419,0.19603023356441204,0.19008294896935216,0.35791421548319385,0.9814445863771234,0.018113385607603602,0.9774053666579232,0.020604566639744092,3,0,5,1,0.02,0.07,81,149,noisy,10,171
4,Soft Joss: 0.9,1.9850857568978373,0.49771222875871146,1.0,0.9753086419753086,0.2662100330506992,0.23150219570801228,0.17225030150707504,0.3300374697342135,0.9824732341815072,0.11475550851450317,0.9774552052694726,0.11859491265524985,3,0,5,1,0.02,0.07,81,149,noisy,10,171
5,Cycler DC,1.930648769574944,0.4965062004584749,4.0,0.02194787379972565,0.1694515793446939,0.327054621113781,0.22997394610618574,0.27351985343533936,0.08034061859762782,0.06408830099867151,0.936777003949343,0.8996244032975813,3,0,5,1,0.02,0.07,81,149,noisy,10,171
6,Alternator,1.929157345264728,0.5015604717319855,3.0,0.9753086419753086,0.17243442796512642,0.32912604376685906,0.22860220399370285,0.26983732427431156,0.017564516572081808,0.017966544834057505,0.9783802779989608,0.9782186898198749,3,0,5,1,0.02,0.07,81,149,noisy,10,171
7,Random: 0.5,1.8173005219985088,0.49866968634057873,4.0,0.49382716049382713,0.18582042146546246,0.3128492648751162,0.18991723515710593,0.3114130785023154,0.48818527566181547,0.5020934768188537,0.49455204796255714,0.49817280999526936,3,0,5,1,0.02,0.07,81,149,noisy,10,171
8,Tit For 2 Tats,1.789709172259508,0.6359543734636949,0.0,0.9862825788751715,0.4122039016396461,0.22375047182404875,0.05112271107796835,0.31292291545833684,0.9752745212385315,0.684997250117269,0.9773763537770862,0.396859479274665,3,0,5,1,0.02,0.07,81,149,noisy,10,171
9,Anti Tit For Tat,1.5741983594332587,0.6378416696587216,4.0,0.9849108367626886,0.2202428627981698,0.41759880686055184,0.13779103488275746,0.22436729545852088,0.018829729353960593,0.9808504298538756,0.024695201349561224,0.977950968050535,3,0,5,1,0.02,0.07,81,149,noisy,10,171
0,Win-Stay Lose-Shift,2.4910873440285206,0.4977718360071301,3.5,0.9652777777777778,0.2803401663695781,0.217431669637552,0.2894385026737968,0.2127896613190731,0.96073710528841,0.0431193000972164,0.04782222836167816,0.9548073068812544,3,0,5,1,0.04,0.1,24,187,noisy,7,172
1,Soft Joss: 0.9,2.323083778966132,0.6220662507427214,1.0,0.9513888888888888,0.41640671420083186,0.20565953654188948,0.17297979797979798,0.2049539512774807,0.9566112147503517,0.1309441614290521,0.9626450697564873,0.13255223434510935,3,0,5,1,0.04,0.1,24,187,noisy,7,172
2,GTFT: 0.33,2.3150623885918007,0.7480689245395128,0.0,0.9513888888888888,0.5257724301841948,0.22229649435531793,0.12165775401069519,0.13027332144979206,0.9584591087746647,0.34513350111326596,0.9671366925069386,0.3808587962689436,3,0,5,1,0.04,0.1,24,187,noisy,7,172
3,Tit For Tat,2.272281639928699,0.5334595959595959,3.0,0.9722222222222222,0.33790106951871657,0.19555852644087937,0.1938131313131313,0.27272727272727276,0.9610357956137299,0.04160878430033579,0.9594508949151015,0.05055580243072074,3,0,5,1,0.04,0.1,24,187,noisy,7,172
4,Suspicious Tit For Tat,2.2330659536541893,0.5095439691027926,3.0,0.027777777777777776,0.3162878787878788,0.1932560903149138,0.19897504456327983,0.2914809863339275,0.9645996607227185,0.04213521880740687,0.9587829130838906,0.03970513897397131,3,0,5,1,0.04,0.1,24,187,noisy,7,172
5,Grudger,2.1301247771836005,0.07857991681521093,6.0,0.9375,0.04578877005347593,0.032791146761735,0.26931075460487225,0.6521093285799168,0.5659828161601317,0.03648082645885223,0.05135552098574886,0.04027359734514515,3,0,5,1,0.04,0.1,24,187,noisy,7,172
6,Win-Shift Lose-Stay: D,1.8738859180035652,0.5951426024955436,3.0,0.05555555555555555,0.2030228758169935,0.3921197266785503,0.2129382055852644,0.19191919191919193,0.04263811402414649,0.958430316643959,0.9625319561494647,0.043352644059229166,3,0,5,1,0.04,0.1,24,187,noisy,7,172
0,Defector,2.905172413793103,0.03026674793916173,12.0,0.029461279461279462,0.014607279693486594,0.015659468245675143,0.4718303726924416,0.4979028793683966,0.04627486775128464,0.041352550507308176,0.03125844548963032,0.031733706446129155,3,0,5,1,0.03,0.01,99,116,noisy,13,173
1,Evolved HMM 5,2.880747126436782,0.3330140485312899,9.0,0.9562289562289562,0.23644490885870198,0.09656913967258794,0.3708492975734356,0.2961366538952746,0.7646566956210098,0.3317453905433434,0.09547142720001907,0.1423024122861137,3,0,5,1,0.03,0.01,99,116,noisy,13,173
2,Meta Winner: 11 players,2.8685344827586206,0.0460423197492163,11.0,0.9562289562289562,0.024389004992453268,0.021653314756763038,0.45873969580866136,0.49521798444212234,0.02442371518143975,0.13301136053480014,0.03171748472265642,0.0701396414800614,3,0,5,1,0.03,0.01,99,116,noisy,13,173
3,"DoubleCrosser: (D, D)",2.7607758620689657,0.40991089051433877,7.0,0.9654882154882155,0.3378250899802624,0.07208580053407641,0.2887568210844073,0.30133228840125387,0.7747723786682218,0.6449720323114772,0.210330294787065,0.0738359355351814,3,0,5,1,0.03,0.01,99,116,noisy,13,173
4,Evolved FSM 16,2.7054597701149423,0.38641443167305234,9.0,0.9705387205387206,0.21352171136653894,0.17289272030651343,0.35461656797863694,0.25896900034831066,0.5902467155335074,0.35418940379959823,0.24535861250458738,0.3317639643068296,3,0,5,1,0.03,0.01,99,116,noisy,13,173
5,Tit For 2 Tats,2.064655172413793,0.6966431556948798,1.0,0.9595959595959596,0.47995036572622785,0.21669278996865204,0.08001712527574596,0.22333971902937422,0.9663505373671893,0.6699715026699241,0.9692646153944519,0.244439453560004,3,0,5,1,0.03,0.01,99,116,noisy,13,173
6,GTFT: 0.33,2.0560344827586206,0.6901994078718217,2.0,0.9772727272727273,0.44276819923371646,0.24743120863810517,0.10418843608498779,0.2056121560431905,0.9712410116183491,0.34822644550131404,0.9697410030610166,0.3705291340945462,3,0,5,1,0.03,0.01,99,116,noisy,13,173
7,Meta Mixer: 11 players,1.997844827586207,0.4709813653779171,7.0,0.7954545454545454,0.20224515267618715,0.2687362127017299,0.21745471960989196,0.3115639150121909,0.4685683766387392,0.4829007185477812,0.44172549195315813,0.4950531363877082,3,0,5,1,0.03,0.01,99,116,noisy,13,173
8,Win-Stay Lose-Shift,1.9863505747126435,0.5518620109137351,5.0,0.9688552188552189,0.278888018112156,0.2729739928015791,0.17557761523278764,0.2725603738534773,0.9687815895296404,0.028459167097995328,0.035143702139870905,0.9707752238184532,3,0,5,1,0.03,0.01,99,116,noisy,13,173
9,Alternator,1.8829022988505748,0.5024091489608731,4.0,0.9663299663299664,0.229718158597469,0.2726909903634042,0.173741727621038,0.3238491234180889,0.03147259103143085,0.026782661440943562,0.9679800565433045,0.9720164346997663,3,0,5,1,0.03,0.01,99,116,noisy,13,173
10,Bully,1.7169540229885056,0.6144490885870196,5.0,0.02441077441077441,0.15586903517938003,0.45858005340763963,0.21644606989434576,0.1691048415186346,0.031315014676924234,0.9724227854566881,0.02491253772875904,0.9692846454720367,3,0,5,1,0.03,0.01,99,116,noisy,13,173
11,Anti Tit For Tat,1.6616379310344829,0.632742656449553,4.0,0.9671717171717171,0.1630239173342622,0.46971873911529083,0.19931353767560667,0.1679438058748404,0.030120378801732014,0.9734178882241475,0.03117542053445709,0.9728499070874724,3,0,5,1,0.03,0.01,99,116,noisy,13,173
12,Cooperator,1.3591954022988506,0.9696679438058748,0.0,0.9638047138047138,0.4301854754440961,0.5394824683617786,0.013634912341808893,0.016697143852316264,0.9706921163270898,0.9697940593088411,0.9735865784248744,0.9764298482869421,3,0,5,1,0.03,0.01,99,116,noisy,13,173
0,Grudger,2.1676003734827267,0.12181956115779645,8.0,0.9427083333333334,0.07564484126984126,0.046174719887955185,0.26829481792717086,0.6098856209150327,0.6250648741843343,0.0634544856455901,0.08351778136303166,0.05672970369615547,3,0,5,1,0.06,0.03,64,119,noisy,10,174
1,Meta Winner: 8 players,2.167133520074697,0.06748949579831932,8.0,0.9288194444444444,0.02487453314659197,0.04261496265172735,0.2884862278244631,0.6440242763772175,0.059265846875052014,0.07195316949185211,0.06154528937658575,0.059754141265298225,3,0,5,1,0.06,0.03,64,119,noisy,10,174
2,Defector,2.1633986928104574,0.059873949579831935,8.0,0.059027777777777776,0.01801762371615313,0.0418563258636788,0.29117063492063494,0.6489554154995332,0.06383427551520997,0.0584950155467914,0.06070253879685361,0.06116281460550807,3,0,5,1,0.06,0.03,64,119,noisy,10,174
3,"DoubleCrosser: (D, D)",2.142390289449113,0.3445378151260504,5.0,0.9513888888888888,0.26046043417366943,0.08407738095238096,0.17886321195144725,0.47659897292250236,0.7846649014881275,0.49970673690267575,0.23794608472256387,0.07460285277379958,3,0,5,1,0.06,0.03,64,119,noisy,10,174
4,Tit For Tat,2.022408963585434,0.4626371381886088,3.0,0.9340277777777778,0.30174778244631184,0.1608893557422969,0.15108543417366946,0.3862774276377217,0.9400024403798503,0.06227377604516265,0.9366947476067007,0.05612995984374917,3,0,5,1,0.06,0.03,64,119,noisy,10,174
5,Tit For 2 Tats,1.9509803921568627,0.6271737861811392,1.0,0.9565972222222222,0.4217145191409897,0.20545926704014938,0.07478408029878619,0.29804213352007475,0.939587562024005,0.6247054658023833,0.9413973622611872,0.33353397642689075,3,0,5,1,0.06,0.03,64,119,noisy,10,174
6,Meta Mixer: 8 players,1.9495798319327728,0.4211747198879552,4.0,0.8576388888888888,0.20308123249299723,0.21809348739495799,0.19361286181139123,0.38521241830065356,0.5958250057692623,0.3362032035362824,0.546251901359126,0.34691098385433716,3,0,5,1,0.06,0.03,64,119,noisy,10,174
7,Alternator,1.9360410830999066,0.5021737861811392,3.0,0.9236111111111112,0.17801704014939307,0.32415674603174605,0.22699288048552754,0.27083333333333326,0.0609944932151221,0.0604639013078811,0.940119125738259,0.9449995954920863,3,0,5,1,0.06,0.03,64,119,noisy,10,174
8,Win-Stay Lose-Shift,1.8800186741363212,0.5152894491129785,3.0,0.9201388888888888,0.22054446778711484,0.2947449813258637,0.19145366479925302,0.29325688608776845,0.9387170411356482,0.06056725987643176,0.06388524309922955,0.9354587549640052,3,0,5,1,0.06,0.03,64,119,noisy,10,174
9,Cooperator,1.596638655462185,0.9401260504201681,0.0,0.921875,0.4634687208216621,0.47665732959850615,0.029980742296918772,0.02989320728291317,0.9383977367565021,0.9389241156540873,0.9590753373416584,0.9306196054073439,3,0,5,1,0.06,0.03,64,119,noisy,10,174
0,Defector,3.028409090909091,0.0595,8.0,0.0475,0.03170454545454546,0.02779545454545454,0.4970000000000001,0.4435,0.06193882890172937,0.07506261971534545,0.06122632529534386,0.06199598468194992,3,0,5,1,0.06,0.04,100,55,noisy,9,175
1,Grudger,2.9954545454545456,0.15961363636363637,7.0,0.94125,0.11797727272727274,0.04163636363636364,0.4508409090909091,0.38954545454545453,0.5123471059280744,0.05726303671987616,0.07763450916509383,0.061485570770082786,3,0,5,1,0.06,0.04,100,55,noisy,9,175
2,Evolved HMM 5,2.8375,0.30629545454545454,5.0,0.93125,0.17452272727272727,0.13177272727272726,0.41095454545454546,0.28275,0.6831391193824343,0.350417104975395,0.13102039559017647,0.18216653222810159,3,0,5,1,0.06,0.04,100,55,noisy,9,175
3,Evolved FSM 16,2.565909090909091,0.4223863636363636,4.0,0.93625,0.19411363636363638,0.2282727272727273,0.35072727272727267,0.22688636363636364,0.5688931871062172,0.39718957332736116,0.2962254749899454,0.4282499505298198,3,0,5,1,0.06,0.04,100,55,noisy,9,175
4,Tit For Tat,2.1386363636363637,0.5012045454545454,3.0,0.95625,0.32318181818181824,0.17802272727272728,0.16649999999999998,0.33229545454545456,0.9418864563468852,0.061683572419310766,0.9399779553094713,0.06143817961583865,3,0,5,1,0.06,0.04,100,55,noisy,9,175
5,Win-Shift Lose-Stay: D,1.8465909090909092,0.5340227272727273,3.0,0.07,0.18927272727272726,0.34475,0.20213636363636361,0.26384090909090907,0.06382916730008156,0.9346698984500255,0.9487145630027182,0.06230594458979993,3,0,5,1,0.06,0.04,100,55,noisy,9,175
6,Bully,1.6761363636363638,0.6148863636363636,2.0,0.065,0.1401590909090909,0.4747272727272728,0.21815909090909089,0.16695454545454544,0.059610622212420306,0.9391395383450309,0.058600026980812,0.9414820438429071,3,0,5,1,0.06,0.04,100,55,noisy,9,175
7,Anti Tit For Tat,1.5977272727272727,0.6382272727272728,2.0,0.9425,0.14775,0.4904772727272727,0.1998409090909091,0.16193181818181818,0.060690999757161954,0.9366195033602502,0.06331298485954236,0.9401553264741676,3,0,5,1,0.06,0.04,100,55,noisy,9,175
8,Cooperator,1.1579545454545452,0.9393181818181818,0.0,0.94125,0.3397727272727273,0.5995454545454546,0.02084090909090909,0.039840909090909093,0.9397711147439791,0.9391960290875824,0.9525951203412715,0.9348618254871062,3,0,5,1,0.06,0.04,100,55,noisy,9,175
0,"DoubleCrosser: (D, D)",2.688516260162602,0.3775142540386443,7.0,0.9718614718614719,0.3236788617886178,0.053835392250026405,0.26949371766444935,0.3529920282969064,0.7292809815673674,0.6071120833973899,0.2541677686660066,0.06009496962080694,3,0,5,1,0.03,0.09,77,164,noisy,13,176
1,Grudger,2.6402439024390243,0.11100332594235034,11.0,0.9664502164502164,0.08967506071164609,0.02132826523070425,0.3701166719459403,0.5188800021117094,0.6223527196982083,0.029355657176229094,0.05120674685382012,0.0291290467766555,3,0,5,1,0.03,0.09,77,164,noisy,13,176
2,Defector,2.5909552845528454,0.02939235561186781,11.0,0.031385281385281384,0.01235350015837821,0.017038855453489602,0.3959257206208426,0.5746819237672897,0.037745982635575714,0.042880521781617796,0.029219442242169224,0.02863599414001729,3,0,5,1,0.03,0.09,77,164,noisy,13,176
3,Meta Winner: 11 players,2.579268292682927,0.04515098722415795,10.0,0.9729437229437229,0.022351124485270827,0.022799862738887126,0.38954439869074015,0.5653046140851019,0.23844893983390414,0.19335815159920575,0.03221265268538142,0.04765095186278668,3,0,5,1,0.03,0.09,77,164,noisy,13,176
4,Tit For Tat,2.214430894308943,0.5277293844367015,5.0,0.9761904761904762,0.3747756308731918,0.15295375356350965,0.15113240418118468,0.3211382113821138,0.9739070100849155,0.032530611774863626,0.9679208523347252,0.03198952493206521,3,0,5,1,0.03,0.09,77,164,noisy,13,176
5,Win-Stay Lose-Shift,2.0589430894308944,0.5401554746066941,5.0,0.9718614718614719,0.27282625910674696,0.2673292154999472,0.19276607538802662,0.26707845000527924,0.9662935738314546,0.030882115080046763,0.032777723898368215,0.9709011987517006,3,0,5,1,0.03,0.09,77,164,noisy,13,176
6,Meta Mixer: 11 players,2.040650406504065,0.46214100939710695,7.0,0.7251082251082251,0.21645021645021645,0.24569079294689047,0.2146420652518213,0.32321692535107166,0.5046826047375158,0.4489443291479085,0.49308383493707786,0.4569578132282279,3,0,5,1,0.03,0.09,77,164,noisy,13,176
7,GTFT: 0.33,2.026930894308943,0.6791455495723788,2.0,0.9783549783549783,0.43367912575229645,0.2454664238200824,0.09915135677330798,0.22170309365431318,0.9688660984885878,0.34548364800806874,0.9691619075145702,0.3670645463415343,3,0,5,1,0.03,0.09,77,164,noisy,13,176
8,Tit For 2 Tats,2.0238821138211383,0.6570253933058811,1.0,0.9751082251082251,0.4585247070003167,0.1985006863055644,0.07462913103157005,0.26834547566254885,0.9735012988275811,0.6606633083714208,0.9653658375027456,0.2908722890636716,3,0,5,1,0.03,0.09,77,164,noisy,13,176
9,Cycler DC,2.021849593495935,0.5006929046563193,5.0,0.04004329004329004,0.22534579241896316,0.2753471122373561,0.2103064618308521,0.2890006335128286,0.08456754500474571,0.10241320284621347,0.9017846697821428,0.8956404143684248,3,0,5,1,0.03,0.09,77,164,noisy,13,176
10,Bully,1.874491869918699,0.5846267553584626,6.0,0.027056277056277056,0.1709230809840566,0.4137036743744062,0.23536321402175062,0.1800100306197867,0.030130515582341994,0.9723582369018349,0.031345051950421886,0.9693976152420407,3,0,5,1,0.03,0.09,77,164,noisy,13,176
11,Anti Tit For Tat,1.8246951219512193,0.5969142645971914,5.0,0.974025974025974,0.17385307781649242,0.42306118678069904,0.2251610178439447,0.17792471755886394,0.029703779018460094,0.9708224693822252,0.029354865775790658,0.9678311195075956,3,0,5,1,0.03,0.09,77,164,noisy,13,176
12,Cooperator,1.4852642276422763,0.9700599197550417,1.0,0.974025974025974,0.46413393517052054,0.5059259845845212,0.014748970541653472,0.015191109703304824,0.9687919670232948,0.9683271578950512,0.9777464650368639,0.9741120881840843,3,0,5,1,0.03,0.09,77,164,noisy,13,176
0,Evolved HMM 5,2.7635024549918166,0.4800872885979269,7.0,0.9775641025641025,0.3803191489361702,0.0997681396617567,0.26902618657937805,0.25088652482269497,0.840974799313156,0.38835296516945034,0.15536473736400638,0.17417060736200624,3,0,5,1,0.03,0.02,24,47,noisy,14,177
1,"DoubleCrosser: (D, D)",2.7528641571194763,0.5540098199672667,8.0,0.9551282051282052,0.47776868521549376,0.07624113475177305,0.22060829241680308,0.22538188761593017,0.8601981239807087,0.716674438679891,0.32176365149004355,0.12887777933692884,3,0,5,1,0.03,0.02,24,47,noisy,14,177
2,Grudger,2.6129296235679216,0.27018548827059463,11.0,0.967948717948718,0.2367703218767049,0.0334151663938898,0.2946672122204037,0.43514729950900155,0.7750359629111353,0.046028608988870026,0.08796414259918686,0.03573966328635975,3,0,5,1,0.03,0.02,24,47,noisy,14,177
3,Tit For Tat,2.4091653027823243,0.611974904528096,4.0,0.9743589743589743,0.4293507910529187,0.18262411347517735,0.18023731587561376,0.20778777959629022,0.9662168192007498,0.03035947118293933,0.974319857456014,0.054684980257975614,3,0,5,1,0.03,0.02,24,47,noisy,14,177
4,Meta Winner: 12 players,2.4083469721767594,0.17273595199127115,11.0,0.9743589743589743,0.078696126568467,0.09403982542280415,0.33851609383524284,0.48874795417348604,0.38431346386659776,0.6198943807792487,0.09769439481551045,0.16420332426350906,3,0,5,1,0.03,0.02,24,47,noisy,14,177
5,Soft Joss: 0.9,2.3772504091653026,0.6669394435351882,2.0,0.967948717948718,0.47408619749045283,0.1928532460447354,0.1560965630114566,0.17696399345335517,0.9676881980243769,0.12000963348210622,0.9677503642616672,0.13573416939996655,3,0,5,1,0.03,0.02,24,47,noisy,14,177
6,Win-Stay Lose-Shift,2.355155482815057,0.5199127114020731,6.0,0.9807692307692307,0.2870976541189307,0.23281505728314242,0.2548417894162575,0.22524549918166936,0.96602355044659,0.02356246997473827,0.03329374261395609,0.971256726707951,3,0,5,1,0.03,0.02,24,47,noisy,14,177
7,Suspicious Tit For Tat,2.3036006546644843,0.5316421167484997,7.0,0.038461538461538464,0.3506546644844517,0.18098745226404803,0.1933306055646481,0.2750272776868522,0.9647694588358212,0.032872739629600516,0.9695880394095434,0.027453118616325333,3,0,5,1,0.03,0.02,24,47,noisy,14,177
8,Tit For 2 Tats,2.3019639934533553,0.8343562465902892,1.0,0.9775641025641025,0.6288188761593017,0.20553737043098746,0.06185215493726131,0.10379159847244951,0.9716193151397678,0.762892473135764,0.9726041840162256,0.4642737857109534,3,0,5,1,0.03,0.02,24,47,noisy,14,177
9,Meta Mixer: 12 players,2.195581014729951,0.5081151118385161,5.5,0.6474358974358975,0.28627932351336605,0.22183578832515005,0.21181123840698307,0.2800736497545008,0.6581234792238977,0.37830098186764516,0.6346719812501873,0.36248254488141074,3,0,5,1,0.03,0.02,24,47,noisy,14,177
10,Cycler DC,2.1374795417348613,0.488202400436443,6.0,0.028846153846153848,0.18562465902891434,0.30257774140752863,0.266366612111293,0.24543098745226405,0.10572401936716472,0.0779624879392278,0.9205828984582407,0.8717711050550567,3,0,5,1,0.03,0.02,24,47,noisy,14,177
11,Win-Shift Lose-Stay: D,1.9689034369885432,0.557760501909438,5.0,0.028846153846153848,0.20806055646481178,0.3496999454446263,0.2246999454446263,0.2175395526459356,0.0356419726264406,0.9703940281888516,0.9663400468101242,0.03862377145357963,3,0,5,1,0.03,0.02,24,47,noisy,14,177
12,Cooperator,1.936988543371522,0.9701991271140207,1.0,0.9711538461538461,0.6138843426077469,0.35631478450627385,0.01854882705946536,0.011252045826513912,0.9696016330017768,0.974291355055054,0.9745697852781949,0.98617001659598,3,0,5,1,0.03,0.02,24,47,noisy,14,177
13,Bully,1.8968903436988542,0.5722176759410802,5.0,0.028846153846153848,0.18132842334969992,0.3908892525913803,0.22899618112384068,0.19878614293507907,0.037171606982468776,0.972437839322694,0.03257821484994548,0.9697101809161472,3,0,5,1,0.03,0.02,24,47,noisy,14,177
0,Grudger,2.9371069182389937,0.039018742764166586,3.0,0.9552238805970149,0.018179542538877935,0.02083920022528865,0.4814606214211959,0.4795206358146375,0.24502280417127298,0.029746209187977612,0.02866402983621147,0.02933056243851585,3,0,5,1,0.03,0.02,67,159,noisy,4,178
1,Random: 0.5,1.7169811320754718,0.49892049188022153,1.0,0.4626865671641791,0.17031196220157072,0.32860852967865073,0.1756938577552489,0.3253856503645295,0.5104961361704584,0.49022050640706305,0.525826045902009,0.4959020120341773,3,0,5,1,0.03,0.02,67,159,noisy,4,178
2,Alternator,1.7127882599580715,0.501642729747489,1.0,0.9701492537313433,0.16605650990331364,0.3355862198441753,0.17947995869708064,0.31887731155543036,0.025025696371672318,0.03017160655441654,0.9663512234648733,0.9710639516334618,3,0,5,1,0.03,0.02,67,159,noisy,4,178
3,Cycler DC,1.7106918238993714,0.49707437654494824,1.0,0.05472636815920398,0.16424168465846867,0.3328326918864795,0.18123220376106888,0.3216934196939829,0.07346043768741016,0.059506561836304296,0.9395670437097445,0.9395278016617659,3,0,5,1,0.03,0.02,67,159,noisy,4,178
0,Evolved HMM 5,2.865158371040724,0.43014915367856543,12.0,0.9760348583877996,0.3517512988101223,0.07839785486844308,0.3081839003407631,0.2616669459806714,0.8220718033654434,0.35136487599785615,0.12981509829200213,0.14761662627584846,3,0,5,1,0.02,0.04,81,130,noisy,18,179
1,"DoubleCrosser: (D, D)",2.8122171945701355,0.4874811463046757,10.0,0.9803921568627451,0.43078040332942286,0.056700742975252766,0.2525668957041506,0.2599519579911737,0.8309869753234123,0.6913208268695931,0.30651603607602623,0.05228101991047991,3,0,5,1,0.02,0.04,81,130,noisy,18,179
2,Evolved FSM 16,2.7606334841628963,0.4163286967208536,12.0,0.981118373275236,0.2622479191106642,0.15408077761018937,0.3471482040109491,0.2365230992681973,0.5512873531044917,0.4475260076179019,0.38180288606535256,0.2977492382147753,3,0,5,1,0.02,0.04,81,130,noisy,18,179
3,Grudger,2.694570135746606,0.16093514328808448,17.0,0.9731299927378358,0.14359532986983967,0.01733981341824479,0.35430981509412884,0.4847550416177867,0.7042959473851159,0.023722711980874483,0.04466618804980476,0.020966098704697882,3,0,5,1,0.02,0.04,81,130,noisy,18,179
4,Meta Winner: 16 players,2.5778280542986427,0.08054857270543545,15.0,0.9818445896877269,0.03702027819674878,0.04352829450868667,0.3822859058153177,0.5371655214792469,0.3674055169644061,0.5236508329716864,0.07794311105614737,0.10381890737682424,3,0,5,1,0.02,0.04,81,130,noisy,18,179
5,Tit For Tat,2.4085972850678736,0.6084632143455673,7.0,0.9767610748002905,0.42317747611865253,0.18528573822691471,0.18639182168593935,0.20514496396849338,0.9804805755915991,0.019576898069652154,0.9786865389253007,0.027092346505261003,3,0,5,1,0.02,0.04,81,130,noisy,18,179
6,Soft Joss: 0.9,2.3945701357466063,0.6654823752862968,3.0,0.9803921568627451,0.47286185129322383,0.19262052399307303,0.15923691413887492,0.17528071057482822,0.9809541893259774,0.11304088910500568,0.9793092824996651,0.11322511320756444,3,0,5,1,0.02,0.04,81,130,noisy,18,179
7,Suspicious Tit For Tat,2.344796380090498,0.5613261828948104,10.0,0.017429193899782137,0.37187866599631303,0.18944751689849731,0.19644712585889051,0.24222669124629914,0.977607672786024,0.019109093540587478,0.9818074926438358,0.020957467919276475,3,0,5,1,0.02,0.04,81,130,noisy,18,179
8,GTFT: 0.33,2.2945701357466066,0.7534495279593318,2.0,0.981118373275236,0.5317356572258534,0.2217138707334786,0.11078152058544218,0.13576895145522594,0.9812886847281445,0.3366813070680299,0.9811447749224653,0.3599858759789215,3,0,5,1,0.02,0.04,81,130,noisy,18,179
9,Tit For 2 Tats,2.2380090497737553,0.7965197475001397,1.0,0.9803921568627451,0.5937377800122899,0.20278196748784985,0.06298530808334729,0.140494944416513,0.9796791688269793,0.7550140733482389,0.9790612952732622,0.34295993580939715,3,0,5,1,0.02,0.04,81,130,noisy,18,179
10,Win-Stay Lose-Shift,2.157918552036199,0.567281157477236,7.0,0.9760348583877996,0.3219038042567454,0.24537735322049048,0.1878442545109212,0.24487458801184292,0.978773287742978,0.02005573558496698,0.021469964190587505,0.97991579946503,3,0,5,1,0.02,0.04,81,130,noisy,18,179
11,Meta Mixer: 16 players,2.104977375565611,0.47582816602424444,10.0,0.7770515613652869,0.2319870398301771,0.24384112619406734,0.22406010837383386,0.3001117256019216,0.5782274306531358,0.4074220811305102,0.549930516641211,0.4011372376781737,3,0,5,1,0.02,0.04,81,130,noisy,18,179
12,Alternator,2.055203619909502,0.5022847885592984,7.0,0.9803921568627451,0.19441371990391598,0.3078710686553824,0.24335511982570804,0.25436009161499357,0.020596103701294468,0.021525659549506842,0.9814152419797441,0.9810647206043418,3,0,5,1,0.02,0.04,81,130,noisy,18,179
13,Cycler DC,2.042986425339367,0.5005251103290319,7.0,0.023238925199709513,0.1909111222836713,0.3096139880453605,0.24341098262666894,0.2560639070442992,0.0867106153952993,0.07184379260780632,0.9343393576602933,0.9007911914760769,3,0,5,1,0.02,0.04,81,130,noisy,18,179
14,Random: 0.5,2.0108597285067873,0.5008379420144126,7.0,0.4829339143064633,0.2183788615161164,0.2824590804982961,0.21553544494720964,0.2836266130383778,0.4974082985270299,0.4983838422862248,0.5033032563038775,0.5008520419201397,3,0,5,1,0.02,0.04,81,130,noisy,18,179
15,Bully,1.8891402714932126,0.5785710295514217,8.0,0.02178649237472767,0.1921736215853863,0.38639740796603533,0.22136752136752136,0.20006144908105689,0.019083091077442993,0.9804213165305328,0.0178748252842727,0.980468759631719,3,0,5,1,0.02,0.04,81,130,noisy,18,179
16,Cooperator,1.8176470588235294,0.9805932629462041,1.0,0.9818445896877269,0.583442265795207,0.39715099715099716,0.01144628791687615,0.007960449136919725,0.9802749511762772,0.9809693108097766,0.9768871659255898,0.9879005577307105,3,0,5,1,0.02,0.04,81,130,noisy,18,179
17,Anti Tit For Tat,1.806787330316742,0.5958270487682252,7.0,0.981118373275236,0.19731299927378357,0.39851404949444164,0.20576504105915872,0.19840791017261605,0.018825506054739035,0.9806431853481206,0.019549705642406975,0.9803936336414317,3,0,5,1,0.02,0.04,81,130,noisy,18,179
0,Evolved HMM 5,2.586682427107959,0.33696039379513587,12.0,0.9337899543378996,0.20720662370327192,0.12975377009186392,0.3241847210078046,0.3388548851970595,0.7228717086496457,0.35640474884212064,0.14472909644435275,0.19452538171430359,3,0,5,1,0.06,0.08,73,141,noisy,19,180
1,"DoubleCrosser: (D, D)",2.5524034672970846,0.294855187452098,13.0,0.9292237442922374,0.22455390394766667,0.07030128350443127,0.292178071396958,0.4129667411509441,0.6747165495594357,0.49497052907207895,0.1832586113180582,0.07516907476149888,3,0,5,1,0.06,0.08,73,141,noisy,19,180
2,Grudger,2.5303388494877854,0.10115828448676015,17.0,0.9452054794520548,0.06066150674136683,0.04049677774539331,0.36179928106480136,0.5370424344484385,0.4828653030606632,0.06340710148791422,0.07097262568260192,0.060340026254854004,3,0,5,1,0.06,0.08,73,141,noisy,19,180
3,Defector,2.521276595744681,0.059495665878644605,17.0,0.0547945205479452,0.024067057439252134,0.03542860843939247,0.3770901475652277,0.5634141865561277,0.05124333056252834,0.05476035325036753,0.06168255867163183,0.05787998123413075,3,0,5,1,0.06,0.08,73,141,noisy,19,180
4,Meta Winner: 17 players,2.49645390070922,0.07925558901950625,16.0,0.952054794520548,0.03617884862419983,0.04307674039530641,0.3674449733907619,0.553299437589732,0.2525313248840495,0.16606796972055907,0.06989892562257576,0.06865490922272656,3,0,5,1,0.06,0.08,73,141,noisy,19,180
5,Evolved FSM 16,2.4605988967691093,0.3304942949361486,12.0,0.9444444444444444,0.14139598648488183,0.18909830845126677,0.3444843852888155,0.3250213197750359,0.41866635016521825,0.41080277155071765,0.27283887258895634,0.27263983364342986,3,0,5,1,0.06,0.08,73,141,noisy,19,180
6,Tit For Tat,2.22301024428684,0.512246726469985,8.0,0.9398782343987824,0.3103943348769931,0.20185239159299198,0.20007664324190116,0.2876766302881138,0.9384354928700271,0.06066075586791539,0.9401786589674219,0.05940617174481696,3,0,5,1,0.06,0.08,73,141,noisy,19,180
7,Suspicious Tit For Tat,2.1749408983451537,0.4842935328216587,9.0,0.0532724505327245,0.28247352569707573,0.20182000712458306,0.2033420771398038,0.3123643900385375,0.9399330647473906,0.05770402757104439,0.9434442444194815,0.05876284327549687,3,0,5,1,0.06,0.08,73,141,noisy,19,180
8,Soft Joss: 0.9,2.1721828211189913,0.5592959616567894,4.0,0.9444444444444444,0.33241037598367823,0.22688558567311123,0.18353897470773015,0.2571650636354804,0.9397723823245069,0.15012209223350995,0.9408984205650778,0.1434938928750672,3,0,5,1,0.06,0.08,73,141,noisy,19,180
9,Meta Mixer: 17 players,2.0350669818754925,0.4406068849379837,11.0,0.6811263318112634,0.19300603430594687,0.24760085063203688,0.2253257337780801,0.3340673812839362,0.5173578581856639,0.38984316441904643,0.5095817008908043,0.3904799817737281,3,0,5,1,0.06,0.08,73,141,noisy,19,180
10,Tit For 2 Tats,2.028368794326241,0.7031153858609411,1.0,0.9467275494672754,0.46379956173019415,0.2393158241307469,0.08373544048274445,0.21314917365631444,0.9391750825580059,0.6830909438347167,0.9421038577998166,0.30531681739672106,3,0,5,1,0.06,0.08,73,141,noisy,19,180
11,GTFT: 0.33,2.0263987391646965,0.6557854852812591,2.0,0.943683409436834,0.3749743622958429,0.2808111229854162,0.13959325107678355,0.2046212636419573,0.9396542292918661,0.35016802228243676,0.9385229966927928,0.34860609160274464,3,0,5,1,0.06,0.08,73,141,noisy,19,180
12,Win-Shift Lose-Stay: D,1.9830575256107172,0.5134233621555102,8.0,0.06468797564687975,0.21069874888003715,0.302724613275473,0.21636603085160352,0.2702106069928862,0.0593724807977016,0.9385918278028237,0.9411757289562437,0.060155653302445704,3,0,5,1,0.06,0.08,73,141,noisy,19,180
13,Alternator,1.9728132387706856,0.5017271716484774,7.0,0.936834094368341,0.190253354491186,0.31147381715729133,0.22620551183652315,0.27206731651499944,0.06160271055338548,0.05985683233609688,0.9381543235415966,0.9383666325791241,3,0,5,1,0.06,0.08,73,141,noisy,19,180
14,Cycler DC,1.9728132387706856,0.4966320152854691,7.0,0.0563165905631659,0.18778134006930272,0.3088506752161664,0.22681002191349028,0.2765579628010406,0.15001931247508454,0.12655707404677097,0.8695605339365111,0.8402745050418496,3,0,5,1,0.06,0.08,73,141,noisy,19,180
15,Random: 0.5,1.9436564223798267,0.4996977449615165,7.0,0.5068493150684932,0.20585727085289898,0.2938404741086175,0.20640780681585108,0.2938944482226324,0.495580073449152,0.4972864612022525,0.5032193333426086,0.5016519830014603,3,0,5,1,0.06,0.08,73,141,noisy,19,180
16,Bully,1.7931442080378253,0.5900234247654825,7.0,0.06316590563165905,0.19437697680192578,0.3956464479635567,0.19971501667800123,0.2102615585565163,0.05858081062998136,0.9391348663580966,0.06466853020374484,0.9422773415299842,3,0,5,1,0.06,0.08,73,141,noisy,19,180
17,Anti Tit For Tat,1.7702915681639084,0.5973693016829129,7.0,0.9322678843226788,0.19797165279531934,0.3993976488875935,0.19446873279575116,0.20816196552133595,0.059658900832898536,0.9415793563118561,0.060882318042030224,0.9410961846603139,3,0,5,1,0.06,0.08,73,141,noisy,19,180
18,Cooperator,1.5602836879432624,0.9396137612401092,1.0,0.9322678843226788,0.4554821507604952,0.48413161047961395,0.029739736822220062,0.030646501937670694,0.9380823494408236,0.9413268222329572,0.9436099648495312,0.9327605547841438,3,0,5,1,0.06,0.08,73,141,noisy,19,180
0,Tit For Tat,1.9522123893805312,0.4316055625790139,1.0,0.9619047619047619,0.3006321112515803,0.13097345132743363,0.11807838179519595,0.45031605562579013,0.9816182493983217,0.02737754279413567,0.977883443199606,0.02953634224680842,3,0,5,1,0.03,0.09,21,113,noisy,6,181
1,"DoubleCrosser: (D, D)",1.91858407079646,0.404551201011378,1.0,0.9809523809523809,0.3209439528023599,0.08360724820901813,0.08015170670037927,0.5152970922882427,0.8675217264681232,0.5225471109408467,0.36454969882038546,0.032489700199026986,3,0,5,1,0.03,0.09,21,113,noisy,6,181
2,Suspicious Tit For Tat,1.784070796460177,0.34024441635061103,1.0,0.009523809523809525,0.20834386852085968,0.13190054782975139,0.12128107880320269,0.5384745048461863,0.9857922124901034,0.02930128004077352,0.9714313177391023,0.036373402308344245,3,0,5,1,0.03,0.09,21,113,noisy,6,181
3,Win-Stay Lose-Shift,1.7168141592920354,0.5475769068689422,1.0,0.9904761904761905,0.22545301306363258,0.32212389380530976,0.13206911083017278,0.32035398230088497,0.9736059717967555,0.03153155932043774,0.030527611296046597,0.9703003276443294,3,0,5,1,0.03,0.09,21,113,noisy,6,181
4,Grudger,1.6902654867256637,0.1367045933417615,4.0,0.9333333333333333,0.10670037926675094,0.030004214075010534,0.12911925832279814,0.7341761483354403,0.7506186800126498,0.04283729041855977,0.06863896195252636,0.02853893990520212,3,0,5,1,0.03,0.09,21,113,noisy,6,181
5,Defector,1.5557522123893806,0.030931310577328276,4.0,0.01904761904761905,0.00606826801517067,0.024863042562157607,0.14277286135693218,0.8262958280657395,0.06976744186046512,0.04956140350877193,0.033576498287417995,0.03210211078439611,3,0,5,1,0.03,0.09,21,113,noisy,6,181
0,Grudger,2.8076923076923075,0.40905448717948717,6.0,0.9850427350427351,0.35897435897435903,0.050080128205128194,0.280982905982906,0.30996260683760685,0.9069900433168314,0.023809523809523808,0.09375566033634618,0.017798640787437883,3,0,5,1,0.01,0.02,36,16,noisy,14,182
1,Evolved FSM 16,2.75,0.5793269230769231,5.0,0.9807692307692307,0.42214209401709396,0.15718482905982906,0.26175213675213677,0.1589209401709402,0.7141027208846018,0.33045504608663,0.48497222520717453,0.3475214236629704,3,0,5,1,0.01,0.02,36,16,noisy,14,182
2,"DoubleCrosser: (D, D)",2.6466346153846154,0.6002938034188035,8.0,0.9935897435897436,0.45058760683760685,0.14970619658119658,0.22008547008547008,0.17962072649572647,0.9108746195104758,0.7791290641096127,0.08076931523649779,0.10575331751266658,3,0,5,1,0.01,0.02,36,16,noisy,14,182
3,Meta Winner: 12 players,2.5552884615384617,0.18790064102564102,10.0,0.9850427350427351,0.1047008547008547,0.08319978632478633,0.3481570512820512,0.4639423076923077,0.5585235239945574,0.3726537467960647,0.12219898677932454,0.08454332581703246,3,0,5,1,0.01,0.02,36,16,noisy,14,182
4,Defector,2.5096153846153846,0.009748931623931624,11.0,0.00641025641025641,0.004407051282051282,0.005341880341880342,0.3812767094017095,0.6089743589743589,0.0,0.0,0.010620557266212272,0.017305406513239804,3,0,5,1,0.01,0.02,36,16,noisy,14,182
5,Win-Stay Lose-Shift,2.2524038461538463,0.6593215811965812,2.0,0.9935897435897436,0.4425747863247862,0.21674679487179485,0.14396367521367517,0.19671474358974356,0.9929589026227152,0.022274581453524074,0.03009795983533564,0.992386258404372,3,0,5,1,0.01,0.02,36,16,noisy,14,182
6,GTFT: 0.33,2.206730769230769,0.7556089743589743,0.0,0.9893162393162394,0.515491452991453,0.2401175213675214,0.10363247863247864,0.140758547008547,0.9880683682233863,0.343557863913601,0.98732703049574,0.40518833982174657,3,0,5,1,0.01,0.02,36,16,noisy,14,182
7,Suspicious Tit For Tat,2.1634615384615383,0.44738247863247865,5.5,0.014957264957264958,0.2792467948717948,0.16813568376068375,0.19551282051282054,0.3571047008547008,0.9902312307267209,0.015180063320343282,0.985176784673053,0.012300737977602323,3,0,5,1,0.01,0.02,36,16,noisy,14,182
8,Meta Mixer: 12 players,2.137019230769231,0.46941773504273504,6.0,0.6132478632478633,0.23811431623931625,0.23130341880341881,0.2254273504273504,0.30515491452991456,0.5148676911699254,0.41613276772133684,0.5118403806408394,0.4191260033677477,3,0,5,1,0.01,0.02,36,16,noisy,14,182
9,Tit For 2 Tats,2.1298076923076925,0.7975427350427351,0.0,0.9871794871794872,0.5719818376068375,0.2255608974358974,0.0500801282051282,0.15237713675213677,0.9896222148013459,0.7373257914533126,0.9978428978428978,0.36244947579512515,3,0,5,1,0.01,0.02,36,16,noisy,14,182
10,Cycler DC,1.9711538461538463,0.5001335470085471,3.0,0.010683760683760684,0.21220619658119658,0.2879273504273504,0.20913461538461542,0.29073183760683763,0.03430837225580512,0.08084581284579137,0.9445482046512398,0.9504158107803305,3,0,5,1,0.01,0.02,36,16,noisy,14,182
11,Bully,1.8846153846153846,0.5608974358974359,5.0,0.014957264957264958,0.16720085470085475,0.39369658119658124,0.23571047008547005,0.20339209401709402,0.011276407496240063,0.9911445206959502,0.025741949212654276,0.9881782768622716,3,0,5,1,0.01,0.02,36,16,noisy,14,182
12,Win-Shift Lose-Stay: D,1.84375,0.5400641025641025,5.0,0.01282051282051282,0.1781517094017094,0.3619123931623932,0.21354166666666666,0.24639423076923078,0.015302506432051725,0.9871182998683632,0.9778815330877695,0.012516702800817915,3,0,5,1,0.01,0.02,36,16,noisy,14,182
13,Anti Tit For Tat,1.5625,0.6586538461538461,3.0,0.9957264957264957,0.19925213675213674,0.4594017094017093,0.16105769230769232,0.18028846153846154,0.015766748238063143,0.9888779091991698,0.017512591616628992,0.9873469213657089,3,0,5,1,0.01,0.02,36,16,noisy,14,182
0,"DoubleCrosser: (D, D)",2.2906746031746033,0.3327380952380952,5.0,0.9259259259259259,0.25187389770723106,0.0808641975308642,0.2198853615520282,0.4473765432098766,0.7531180087113296,0.440385112580815,0.19924553521286378,0.08658981484195065,3,0,5,1,0.08,0.09,45,168,noisy,7,183
1,Tit For Tat,2.2807539682539684,0.5447530864197531,3.0,0.9259259259259259,0.34836860670194003,0.19638447971781306,0.2037037037037037,0.2515432098765432,0.9205981285302752,0.08505775832879918,0.9138125772549689,0.07938081274480394,3,0,5,1,0.08,0.09,45,168,noisy,7,183
2,Meta Winner: 5 players,2.2261904761904763,0.20502645502645503,5.0,0.9296296296296296,0.09722222222222221,0.1078042328042328,0.2816137566137566,0.5133597883597883,0.28851681743570057,0.13248500281812836,0.42558306048318945,0.12497840824475821,3,0,5,1,0.08,0.09,45,168,noisy,7,183
3,Tit For 2 Tats,2.2033730158730163,0.7868165784832452,0.0,0.9333333333333333,0.5561507936507937,0.23066578483245145,0.07680776014109347,0.13637566137566137,0.9217924587144531,0.748184734949462,0.9257112149726434,0.3274097490497431,3,0,5,1,0.08,0.09,45,168,noisy,7,183
4,Cycler DC,2.1626984126984126,0.4986331569664903,3.0,0.0962962962962963,0.18608906525573188,0.31254409171075836,0.27656525573192237,0.22480158730158728,0.19958446140677122,0.12392041234581402,0.8746547290632462,0.7824180163238837,3,0,5,1,0.08,0.09,45,168,noisy,7,183
5,Meta Mixer: 5 players,2.1458333333333335,0.524537037037037,3.0,0.737037037037037,0.3152336860670194,0.20930335097001765,0.19572310405643736,0.2797398589065256,0.7253919993750145,0.3617359189202174,0.7097703881840126,0.3002111352156118,3,0,5,1,0.08,0.09,45,168,noisy,7,183
6,GTFT: 0.33,2.0982142857142856,0.6763668430335097,1.0,0.9259259259259259,0.40758377425044096,0.2687830687830688,0.15205026455026457,0.1715828924162258,0.9245155873448038,0.36472128177400015,0.9229476940288409,0.35339837447222644,3,0,5,1,0.08,0.09,45,168,noisy,7,183
0,Evolved HMM 5,2.326543209876543,0.3938122861817641,6.0,0.9289156626506024,0.23970697605235758,0.1541053101294065,0.2541871188457534,0.35200059497248243,0.7445741028242285,0.39816297709971354,0.18600237061157465,0.23291044489991558,3,0,5,1,0.07,0.05,83,162,noisy,11,184
1,"DoubleCrosser: (D, D)",2.303703703703704,0.2845009668302841,7.0,0.9325301204819277,0.20675293767663244,0.07774802915365164,0.24490554811839949,0.4705934850513164,0.6586362556547839,0.42723249172831756,0.2237964329278242,0.07623762581105356,3,0,5,1,0.07,0.05,83,162,noisy,11,184
2,Grudger,2.1771604938271603,0.10256581883087908,9.0,0.9542168674698795,0.05030492339729287,0.05226089543358618,0.28023203926818385,0.617202141900937,0.4647158981978536,0.06797653931882279,0.08229362296944101,0.07098213714560374,3,0,5,1,0.07,0.05,83,162,noisy,11,184
3,Defector,2.117283950617284,0.06964896623531161,9.0,0.08072289156626505,0.021813178640487877,0.04783578759482374,0.2795180722891566,0.6508329614755318,0.07404193126934804,0.06942299855991117,0.06998816412346157,0.06965678195783168,3,0,5,1,0.07,0.05,83,162,noisy,11,184
4,Tit For Tat,2.1154320987654325,0.48340026773761713,4.0,0.9301204819277108,0.2896697902721999,0.19373047746541724,0.18875502008032127,0.32784471218206157,0.9298704131297171,0.06537559846712829,0.9309686394708292,0.07104780561109368,3,0,5,1,0.07,0.05,83,162,noisy,11,184
5,Soft Joss: 0.9,2.109259259259259,0.540480440279637,2.0,0.9313253012048193,0.3181169120928157,0.22236352818682134,0.1752565818830879,0.28426297783727505,0.928055965578251,0.15538114961822858,0.9297824352021902,0.15864438961676827,3,0,5,1,0.07,0.05,83,162,noisy,11,184
6,Suspicious Tit For Tat,2.084567901234568,0.4535921463632307,5.0,0.06144578313253012,0.2576007734642273,0.1959913728990034,0.19059199762011003,0.3558158560166592,0.9307242028963918,0.07184213174402167,0.9258441495383087,0.07192500205312821,3,0,5,1,0.07,0.05,83,162,noisy,11,184
7,Tit For 2 Tats,2.0327160493827163,0.6820243938717835,0.0,0.9409638554216867,0.4551465119738213,0.2268778818979622,0.08278298378699986,0.2351926223412167,0.928396529426536,0.6628758875798535,0.9254399267162133,0.2675267779829325,3,0,5,1,0.07,0.05,83,162,noisy,11,184
8,Win-Shift Lose-Stay: D,1.8617283950617285,0.512516733601071,4.0,0.060240963855421686,0.19297932470623236,0.3195374088948386,0.1987803064108285,0.2887029599881005,0.07038225738486151,0.9294386084021047,0.9287529738127102,0.06991397499782588,3,0,5,1,0.07,0.05,83,162,noisy,11,184
9,Cycler DC,1.8580246913580247,0.49930090733303584,4.0,0.06867469879518072,0.15957905696861518,0.3397218503644207,0.2203629332143388,0.28033615945262536,0.19234663404929514,0.13635107856325343,0.8636362869551604,0.8072023900039328,3,0,5,1,0.07,0.05,83,162,noisy,11,184
10,Bully,1.5561728395061727,0.6300907333035847,4.0,0.06626506024096386,0.1873270861222668,0.44276364718131783,0.1575635876840696,0.21234567901234563,0.07141818263100659,0.9297568077282199,0.07354550341182683,0.9304689409423018,3,0,5,1,0.07,0.05,83,162,noisy,11,184
0,Grudger,2.382537688442211,0.11055276381909548,4.0,0.825,0.04711055276381909,0.06344221105527638,0.3380653266331658,0.5513819095477387,0.3628540850808327,0.1155722049894777,0.10400798279912751,0.09573863955021159,3,0,5,1,0.1,0.03,10,199,noisy,5,185
1,Suspicious Tit For Tat,2.2286432160804024,0.5118090452261307,2.0,0.05,0.32223618090452266,0.18957286432160803,0.19309045226130656,0.2951005025125628,0.91208666164177,0.1020362798023697,0.8966281016614559,0.09506297769314823,3,0,5,1,0.1,0.03,10,199,noisy,5,185
2,Soft Joss: 0.9,2.140075376884422,0.5453517587939698,1.0,0.95,0.3270100502512563,0.21834170854271356,0.17474874371859297,0.2798994974874372,0.9003528490300627,0.16461576942926817,0.8880793867462792,0.21410788611490988,3,0,5,1,0.1,0.03,10,199,noisy,5,185
3,Tit For 2 Tats,2.037060301507538,0.6467336683417085,0.0,0.85,0.40515075376884413,0.2415829145728643,0.11570351758793967,0.2375628140703517,0.8995610293259342,0.6196796408774107,0.8979117612657985,0.304262162370786,3,0,5,1,0.1,0.03,10,199,noisy,5,185
4,Bully,1.9962311557788945,0.5439698492462312,2.5,0.05,0.19597989949748745,0.34798994974874375,0.23932160804020097,0.21670854271356782,0.08549963342520699,0.8936498680041565,0.07891735411859276,0.8998628256312363,3,0,5,1,0.1,0.03,10,199,noisy,5,185
0,Grudger,2.5169082125603865,0.1488650651843028,11.0,0.910958904109589,0.08105022831050228,0.06781483687380054,0.3548573886572695,0.4962775461584276,0.45680562244311806,0.09989107561366069,0.115340190194128,0.09803141403205506,3,0,5,1,0.1,0.08,73,69,noisy,13,186
1,Defector,2.5144927536231885,0.09992720534709815,12.0,0.12100456621004566,0.04193964661504864,0.0579875587320495,0.371368539474555,0.528704255178347,0.09051368805220732,0.1043149393762452,0.09734126465904358,0.10038128724584038,3,0,5,1,0.1,0.08,73,69,noisy,13,186
2,Evolved FSM 16,2.4094202898550727,0.3242836344384885,9.0,0.8961187214611872,0.15402686784461647,0.170256766593872,0.3171861557805572,0.35853020978095423,0.44474062271682974,0.374896608343038,0.268399186258806,0.2564579112629148,3,0,5,1,0.1,0.08,73,69,noisy,13,186
3,Tit For Tat,2.2089371980676327,0.49973529217126594,5.0,0.9075342465753424,0.2631692144795182,0.23656607769174773,0.2307921381774866,0.26947256965124744,0.8957094676719272,0.09817893919976693,0.8969802936602386,0.09875232451898212,3,0,5,1,0.1,0.08,73,69,noisy,13,186
4,Soft Joss: 0.9,2.141304347826087,0.5401859572496857,2.0,0.9155251141552512,0.2810535371583615,0.2591324200913242,0.20878829991396994,0.2510257428363444,0.8983077024712193,0.1841099961600943,0.9029374557407893,0.18547846952647698,3,0,5,1,0.1,0.08,73,69,noisy,13,186
5,Meta Mixer: 12 players,2.130434782608696,0.44429554629078155,7.0,0.7557077625570776,0.20306399311759646,0.24123155317318504,0.24316722917080272,0.3125372245384157,0.5352293321800042,0.37516647967906686,0.515494434199465,0.3764511015265179,3,0,5,1,0.1,0.08,73,69,noisy,13,186
6,Alternator,2.0990338164251208,0.5016047912117001,5.0,0.8961187214611872,0.2009297862484283,0.30067500496327176,0.24842829726689164,0.24996691152140824,0.09734767175837972,0.09588673777631289,0.8957500868498727,0.8981155050862112,3,0,5,1,0.1,0.08,73,69,noisy,13,186
7,Cycler DC,2.092995169082126,0.4947223876646152,6.0,0.10273972602739725,0.20185626364899742,0.29286612401561773,0.2467738733373039,0.2585037389980809,0.20967865032181218,0.17627498860520838,0.8241400683520593,0.7770149171202568,3,0,5,1,0.1,0.08,73,69,noisy,13,186
8,Random: 0.5,2.043478260869565,0.5013731718615578,6.0,0.4954337899543379,0.22162662960757062,0.27974654225398715,0.22058434253193038,0.27804248560651185,0.504937190689667,0.5002510938652812,0.49129322450796603,0.5050987621328573,3,0,5,1,0.1,0.08,73,69,noisy,13,186
9,Win-Stay Lose-Shift,2.026570048309179,0.5202832373767454,5.0,0.8938356164383562,0.24487128581827802,0.27541195155846737,0.2060419561908544,0.2736748064324002,0.8985227533813304,0.10027145524079677,0.09750854369436618,0.9002316633868138,3,0,5,1,0.1,0.08,73,69,noisy,13,186
10,GTFT: 0.33,2.010869565217391,0.6357620276619681,1.0,0.8995433789954338,0.33166236516444975,0.3040996624975184,0.16349017272185826,0.20074779961617364,0.8973365451722496,0.3674963754327735,0.9035987899280524,0.3639991284403768,3,0,5,1,0.1,0.08,73,69,noisy,13,186
11,Tit For 2 Tats,1.9565217391304348,0.6870822579577791,0.0,0.8926940639269406,0.3947951823175171,0.2922870756402621,0.11349348156971743,0.1994242604725035,0.9002924064820665,0.6421486765141254,0.900810202419211,0.33301070278100464,3,0,5,1,0.1,0.08,73,69,noisy,13,186
12,Anti Tit For Tat,1.8937198067632848,0.5686916815564821,5.0,0.8995433789954338,0.2361855601879426,0.33250612136853946,0.18560982066044604,0.24569849778307196,0.1015765078298207,0.9016034745332185,0.10922289049295904,0.9035434828108678,3,0,5,1,0.1,0.08,73,69,noisy,13,186
0,"DoubleCrosser: (D, D)",2.871794871794872,0.44107744107744107,1.0,1.0,0.4066951566951567,0.034382284382284384,0.2435897435897436,0.3153328153328153,0.9150715296788889,0.7216624317298986,0.23450787084203772,0.010434028150202812,3,0,5,1,0.01,0.09,66,117,noisy,3,187
1,Suspicious Tit For Tat,2.6965811965811968,0.6496373996373996,1.0,0.015151515151515152,0.39788914788914787,0.2517482517482517,0.2564102564102564,0.09395234395234395,0.9938853082135184,0.007456810356746621,0.9921621083424801,0.007477889659799779,3,0,5,1,0.01,0.09,66,117,noisy,3,187
2,Cycler DC,1.6153846153846154,0.49572649572649574,0.0,0.007575757575757576,0.02097902097902098,0.47474747474747475,0.2608780108780109,0.2433954933954934,0.16026180458158018,0.013733165603119062,0.9923292793633365,0.893002505222011,3,0,5,1,0.01,0.09,66,117,noisy,3,187
0,Defector,2.775641025641026,0.0928062678062678,12.0,0.08205128205128205,0.04323361823361824,0.04957264957264958,0.4319088319088319,0.4752849002849003,0.11740589624903826,0.08991409798921829,0.09400042439182116,0.0912981567327251,3,0,5,1,0.09,0.03,45,24,noisy,14,188
1,Grudger,2.6794871794871797,0.2155982905982906,11.0,0.8769230769230769,0.1398148148148148,0.07578347578347579,0.3722934472934473,0.4121082621082621,0.4968512964935933,0.10037565706765587,0.11126584654225563,0.09236332045727307,3,0,5,1,0.09,0.03,45,24,noisy,14,188
2,Meta Winner: 13 players,2.5865384615384617,0.1987179487179487,11.0,0.9076923076923077,0.10042735042735043,0.0982905982905983,0.3705840455840456,0.4306980056980057,0.381318209043295,0.3532628776901076,0.14246822655876426,0.14129967866294474,3,0,5,1,0.09,0.03,45,24,noisy,14,188
3,Evolved FSM 16,2.4647435897435894,0.4294159544159544,8.0,0.9196581196581196,0.22991452991452987,0.19950142450142452,0.2999287749287749,0.2706552706552707,0.5383299178499088,0.37932345337584955,0.3445931303288005,0.3547578615492339,3,0,5,1,0.09,0.03,45,24,noisy,14,188
4,Suspicious Tit For Tat,2.173076923076923,0.46125356125356126,6.0,0.09572649572649573,0.2313390313390313,0.22991452991452993,0.23390313390313386,0.30484330484330485,0.9086855785089651,0.10813733954090117,0.9212757895320925,0.0946059154989739,3,0,5,1,0.09,0.03,45,24,noisy,14,188
5,Soft Joss: 0.9,2.1121794871794872,0.5528490028490028,2.0,0.9128205128205128,0.2963675213675213,0.2564814814814815,0.19729344729344733,0.24985754985754988,0.9136894656290283,0.16500258052058986,0.9140976886050629,0.17572923913822283,3,0,5,1,0.09,0.03,45,24,noisy,14,188
6,Random: 0.5,2.092948717948718,0.49943019943019945,5.0,0.5282051282051282,0.22649572649572647,0.2729344729344729,0.22770655270655268,0.27286324786324784,0.5084737444642214,0.4952897784222871,0.5046044182289487,0.5000296952220596,3,0,5,1,0.09,0.03,45,24,noisy,14,188
7,Win-Shift Lose-Stay: D,2.0897435897435894,0.49273504273504276,6.0,0.08376068376068375,0.21723646723646725,0.2754985754985755,0.23753561253561253,0.26972934472934473,0.0990433398799459,0.9132093250328499,0.9019293962574525,0.09600209228788638,3,0,5,1,0.09,0.03,45,24,noisy,14,188
8,Alternator,2.064102564102564,0.5116809116809117,5.0,0.9196581196581196,0.22293447293447294,0.2887464387464388,0.2259259259259259,0.2623931623931624,0.08592758085462103,0.09241992848113857,0.9131007313202181,0.9066095435672579,3,0,5,1,0.09,0.03,45,24,noisy,14,188
9,Cycler DC,2.0608974358974357,0.49572649572649574,5.0,0.0905982905982906,0.21232193732193727,0.2834045584045584,0.2312678062678063,0.273005698005698,0.1910399913175442,0.18974013899069261,0.8265791622121589,0.8054495392861777,3,0,5,1,0.09,0.03,45,24,noisy,14,188
10,GTFT: 0.33,2.03525641025641,0.6499287749287749,1.0,0.9076923076923077,0.34494301994301996,0.304985754985755,0.16274928774928774,0.18732193732193736,0.9041993929046505,0.3593244407944581,0.9229415860869365,0.34763842882747265,3,0,5,1,0.09,0.03,45,24,noisy,14,188
11,Bully,1.987179487179487,0.5358974358974359,6.0,0.09572649572649573,0.21310541310541306,0.32279202279202274,0.2243589743589744,0.23974358974358975,0.08705087292647049,0.9221960811396793,0.09487594339311932,0.9077463514041508,3,0,5,1,0.09,0.03,45,24,noisy,14,188
12,Anti Tit For Tat,1.9519230769230769,0.5640313390313391,5.0,0.8940170940170941,0.22784900284900284,0.33618233618233617,0.20876068376068377,0.2272079772079772,0.08790639049865738,0.9094844182464309,0.08733446042759213,0.9068036077953389,3,0,5,1,0.09,0.03,45,24,noisy,14,188
13,Cooperator,1.5769230769230769,0.9128917378917379,0.0,0.9094017094017094,0.44430199430199435,0.46858974358974353,0.03846153846153846,0.048646723646723636,0.9118497830321783,0.9101476081860894,0.8832577619583292,0.9168213840190292,3,0,5,1,0.09,0.03,45,24,noisy,14,188
0,"DoubleCrosser: (D, D)",2.753831417624521,0.5341446923597025,10.0,0.9764705882352941,0.46710615280594997,0.06703853955375252,0.22084741942754113,0.24500788821275632,0.8661569747515915,0.7372264584278785,0.27333832365435357,0.05714886433570573,3,0,5,1,0.02,0.01,85,58,noisy,19,189
1,Evolved HMM 5,2.747126436781609,0.4832657200811359,11.0,0.984313725490196,0.3937908496732026,0.08947487040793331,0.26050259184133423,0.25623168807752994,0.8662070648044552,0.35345574694578885,0.13836953261297996,0.15743956676978346,3,0,5,1,0.02,0.01,85,58,noisy,19,189
2,Grudger,2.663793103448276,0.2637480279468109,15.0,0.9803921568627451,0.23949740815866574,0.024250619788145147,0.3046202389001578,0.4316317331530314,0.7398666916704684,0.021143640029768398,0.06682081563943235,0.020436191637033467,3,0,5,1,0.02,0.01,85,58,noisy,19,189
3,Evolved FSM 16,2.6082375478927204,0.5060063105702051,11.0,0.9803921568627451,0.3317331530313275,0.17427315753887762,0.2811359026369169,0.21285778679287806,0.6190018722810577,0.4394197511618081,0.43087949991849106,0.36285607272099474,3,0,5,1,0.02,0.01,85,58,noisy,19,189
4,Defector,2.5517241379310343,0.019686725264818572,17.0,0.01568627450980392,0.008226279017354067,0.011460446247464505,0.38735632183908053,0.5929569528961011,0.03598010896534504,0.02957681253868657,0.022000766651679913,0.0183131706151832,3,0,5,1,0.02,0.01,85,58,noisy,19,189
5,Meta Winner: 17 players,2.506704980842912,0.07241379310344828,16.0,0.9784313725490196,0.04054541356772594,0.03186837953572233,0.364412891593419,0.5631733153031326,0.43685792873549617,0.29095062565173574,0.06444829666755741,0.07331088893743977,3,0,5,1,0.02,0.01,85,58,noisy,19,189
6,Tit For Tat,2.361111111111111,0.6032228983547442,5.0,0.9869281045751634,0.4296934865900383,0.17352941176470588,0.16986702727067843,0.22691007437457744,0.9817991997011588,0.02047612996331547,0.981768863600454,0.02030708694106575,3,0,5,1,0.02,0.01,85,58,noisy,19,189
7,Soft Joss: 0.9,2.335249042145594,0.6499211178724363,3.0,0.9784313725490196,0.46300428217263917,0.1869168356997971,0.14772368717601983,0.20235519495154383,0.9775664864789957,0.11124746783431368,0.9790213746530123,0.12065851446048231,3,0,5,1,0.02,0.01,85,58,noisy,19,189
8,Suspicious Tit For Tat,2.3055555555555554,0.5364097363083165,10.0,0.01568627450980392,0.3520734730673879,0.18433626324092856,0.19570655848546312,0.2678837052062204,0.9778804602851311,0.020372789995287428,0.9836861215781213,0.01880033157588281,3,0,5,1,0.02,0.01,85,58,noisy,19,189
9,GTFT: 0.33,2.2413793103448274,0.7464953797610998,1.0,0.9823529411764705,0.5198670272706784,0.22662835249042146,0.1057696641875141,0.1477349560513861,0.9791443585549519,0.3408066395614109,0.9802599977667822,0.3394644017569321,3,0,5,1,0.02,0.01,85,58,noisy,19,189
10,Tit For 2 Tats,2.221264367816092,0.7842461122379987,1.0,0.9803921568627451,0.5929456840207348,0.19130042821726387,0.05717827360829389,0.15857561415370747,0.9805060348905936,0.7500954555009407,0.9794196817041819,0.35938178113004093,3,0,5,1,0.02,0.01,85,58,noisy,19,189
11,Win-Stay Lose-Shift,2.134099616858238,0.5944782510705432,6.0,0.9856209150326798,0.3505747126436781,0.243903538426865,0.16654270903763807,0.2389790398918188,0.981009996698227,0.022282967980139585,0.021045237137257648,0.9806408603905488,3,0,5,1,0.02,0.01,85,58,noisy,19,189
12,Meta Mixer: 17 players,2.0909961685823757,0.4635339193148524,10.0,0.7372549019607844,0.22783412215460894,0.23569979716024336,0.21941627225602886,0.3170498084291189,0.5678028046044079,0.3899532653712619,0.5351274300781702,0.38738524067505914,3,0,5,1,0.02,0.01,85,58,noisy,19,189
13,Cycler DC,1.9980842911877394,0.5009015100292991,7.0,0.018300653594771243,0.18453910299752088,0.31636240703177815,0.23604913229659674,0.2630493576741041,0.08913322667025894,0.07145005420002794,0.9432241320114019,0.904706333641408,3,0,5,1,0.02,0.01,85,58,noisy,19,189
14,Alternator,1.9971264367816093,0.5037638043723236,6.0,0.9810457516339869,0.18882127563669146,0.3149425287356322,0.2336150552174893,0.262621140410187,0.02312558051894591,0.024138908105357206,0.9788587164700302,0.9826855205606877,3,0,5,1,0.02,0.01,85,58,noisy,19,189
15,Random: 0.5,1.9655172413793105,0.5015889114266396,7.0,0.5026143790849673,0.2101419878296146,0.291446923597025,0.21014198782961463,0.2882691007437457,0.5013538452020513,0.5060595128980996,0.512906766589108,0.4984471190220585,3,0,5,1,0.02,0.01,85,58,noisy,19,189
16,Bully,1.868773946360153,0.5789610096912328,8.0,0.02091503267973856,0.1806175343700699,0.39834347532116293,0.22676357899481628,0.1942754113139509,0.019993830562901334,0.9815210070259123,0.021594916463632343,0.9754323551966105,3,0,5,1,0.02,0.01,85,58,noisy,19,189
17,Cooperator,1.8103448275862069,0.9798174442190669,0.0,0.9869281045751634,0.5827248140635565,0.39709263015551044,0.012249267523101194,0.007933288257831869,0.9785717181880496,0.9815437102189247,0.9820906202305513,0.9815878674252985,3,0,5,1,0.02,0.01,85,58,noisy,19,189
18,Anti Tit For Tat,1.7030651340996168,0.6220644579670949,7.0,0.9823529411764705,0.18915934189767858,0.43290511606941623,0.19187514086094207,0.18606040117196304,0.02084180794364431,0.9834243459715383,0.020491263175244613,0.9768639539880523,3,0,5,1,0.02,0.01,85,58,noisy,19,189
0,Grudger,2.4636363636363634,0.10916573138795362,5.0,0.9197530864197531,0.04971941638608305,0.05944631500187056,0.35207631874298545,0.538757949869061,0.2818757667346272,0.09702856946548044,0.09847741345799817,0.08918614436967824,3,0,5,1,0.09,0.01,27,165,noisy,7,190
1,Defector,2.433333333333333,0.08885147774036663,6.0,0.09876543209876543,0.0341937897493453,0.054657687991021324,0.3547699214365881,0.5563786008230452,0.07294830654870173,0.08003409471360612,0.08855693080706578,0.08761744758445084,3,0,5,1,0.09,0.01,27,165,noisy,7,190
2,Evolved HMM 5,2.197979797979798,0.2945379723157501,4.0,0.9074074074074074,0.12297044519266741,0.17156752712308268,0.2804339693228582,0.42502805836139174,0.6447250423590932,0.35300513775925463,0.15791274125408236,0.21887425958134973,3,0,5,1,0.09,0.01,27,165,noisy,7,190
3,Meta Mixer: 6 players,1.927272727272727,0.33890759446315,3.0,0.6728395061728395,0.11672278338945007,0.2221848110737,0.22989150766928546,0.43120089786756455,0.3416857482926705,0.32688218035618716,0.3425819754496837,0.345801035977736,3,0,5,1,0.09,0.01,27,165,noisy,7,190
4,Soft Joss: 0.9,1.7777777777777777,0.42869435091657315,0.0,0.9197530864197531,0.1619154508043397,0.26677890011223343,0.1799850355405911,0.39132061354283576,0.915530636590795,0.17602319782800838,0.9069790117996477,0.17481568878269715,3,0,5,1,0.09,0.01,27,165,noisy,7,190
5,Alternator,1.4808080808080808,0.4995510662177329,1.0,0.8950617283950617,0.14710063598952486,0.35245043022820804,0.13434343434343435,0.3661054994388328,0.10728905885044952,0.08488280753972932,0.9067663177789363,0.9078031956538544,3,0,5,1,0.09,0.01,27,165,noisy,7,190
6,Bully,1.2414141414141413,0.6811073699962589,2.0,0.12962962962962962,0.18683127572016459,0.49427609427609426,0.08986157875046763,0.2290310512532735,0.08983466494094251,0.9123853559113052,0.09868861916123446,0.9137402478926817,3,0,5,1,0.09,0.01,27,165,noisy,7,190
0,Evolved FSM 16,2.7596914556962027,0.36451102490812576,12.0,0.9798387096774194,0.19301883421804822,0.17149219069007757,0.38261152511229074,0.2528774499795835,0.5028252356003682,0.4008556480191404,0.29212307659362824,0.3388517982931224,3,0,5,1,0.02,0.07,62,158,noisy,17,191
1,Grudger,2.7029272151898733,0.10836693548387097,15.0,0.9808467741935484,0.09190613515720703,0.016460800326663947,0.3835366476112699,0.5080964169048592,0.5613028550070447,0.022892268373326436,0.03750971867957143,0.020008372770680148,3,0,5,1,0.02,0.07,62,158,noisy,17,191
2,"DoubleCrosser: (D, D)",2.684137658227848,0.3376314311964067,10.0,0.9788306451612904,0.2824941302572479,0.05513730093915885,0.2958286545528787,0.3665399142507146,0.7699161638000209,0.6312361655286591,0.20545160653753353,0.03141508551876438,3,0,5,1,0.02,0.07,62,158,noisy,17,191
3,Defector,2.6724683544303796,0.019752960391996734,15.0,0.02721774193548387,0.00838352388730094,0.011369436504695792,0.41597973662719473,0.5642673029808085,0.023320936106596434,0.025710503493806998,0.020486925410768006,0.020356450831977815,3,0,5,1,0.02,0.07,62,158,noisy,17,191
4,Meta Winner: 15 players,2.6554588607594938,0.039040169456921195,14.0,0.9747983870967742,0.019823142098815843,0.019217027358105352,0.40820870763576966,0.5527511229073091,0.34042231807579754,0.2526509996151824,0.043305494132711383,0.0460432945006791,3,0,5,1,0.02,0.07,62,158,noisy,17,191
5,Soft Joss: 0.9,2.2013449367088604,0.5809195079624336,2.0,0.9798387096774194,0.36245023478971017,0.2184692731727236,0.17219400775826868,0.24688648427929766,0.9813343401967769,0.11414553166547273,0.9799727490950454,0.13749723399300223,3,0,5,1,0.02,0.07,62,158,noisy,17,191
6,Win-Stay Lose-Shift,2.1738528481012658,0.5055890159248673,7.0,0.96875,0.24484483462637815,0.26074418129848914,0.23644217027358105,0.2579688138015516,0.9785084216162601,0.019460617075170453,0.019875041853228193,0.9799082855105858,3,0,5,1,0.02,0.07,62,158,noisy,17,191
7,Suspicious Tit For Tat,2.163370253164557,0.48307982850142916,8.0,0.018145161290322582,0.28763015516537355,0.19544967333605548,0.19740838097182523,0.3195117905267456,0.9787006322847899,0.018178114987511006,0.9788181204040867,0.02944190806198592,3,0,5,1,0.02,0.07,62,158,noisy,17,191
8,Meta Mixer: 15 players,2.0124604430379747,0.4428529501837485,10.0,0.6431451612903226,0.1916407207023275,0.25121222948142097,0.2222590853409555,0.33488796447529606,0.4867687797419695,0.43000562012694643,0.4646396706234655,0.43401440740385855,3,0,5,1,0.02,0.07,62,158,noisy,17,191
9,Tit For 2 Tats,1.9742879746835444,0.7199239485504287,0.5,0.9818548387096774,0.4797493875051041,0.24017456104532464,0.06526898734177215,0.2148070641077991,0.981615059251723,0.7218504939675197,0.9793379939076026,0.28234987508498016,3,0,5,1,0.02,0.07,62,158,noisy,17,191
10,Alternator,1.9562895569620253,0.5016269395671703,6.0,0.9737903225806451,0.20688929154757046,0.2947376480195999,0.20877143732135572,0.289601623111474,0.0218916336457632,0.020332561014196678,0.9807830802299005,0.9803944027201998,3,0,5,1,0.02,0.07,62,158,noisy,17,191
11,Cycler DC,1.9513449367088609,0.5002233054307881,6.0,0.014112903225806451,0.2043244691710902,0.2958988362596978,0.21005384850959577,0.2897228460596162,0.0661799418881031,0.07153241173515745,0.9370838593857136,0.9351395546270802,3,0,5,1,0.02,0.07,62,158,noisy,17,191
12,Random: 0.5,1.9074367088607596,0.5022394344630461,6.0,0.5100806451612904,0.20170222539812172,0.3005372090649244,0.2013959779501837,0.29636458758677015,0.5020857024610457,0.5014149084084787,0.5030055851132755,0.4953722405983705,3,0,5,1,0.02,0.07,62,158,noisy,17,191
13,Win-Shift Lose-Stay: D,1.8350474683544302,0.5500076561861984,6.0,0.02217741935483871,0.19346544507962435,0.3565422111065742,0.1986588913842385,0.2513334524295631,0.0214908571296488,0.9816765494380956,0.9792677683190167,0.022578537478487204,3,0,5,1,0.02,0.07,62,158,noisy,17,191
14,Bully,1.8071598101265822,0.5952493364638628,7.0,0.02721774193548387,0.19146207635769708,0.40378726010616584,0.2060981523070641,0.19865251122907307,0.019670179169369615,0.9679841865368682,0.021926520126393637,0.9816328337762394,3,0,5,1,0.02,0.07,62,158,noisy,17,191
15,Anti Tit For Tat,1.7268591772151898,0.6138155879951,6.0,0.9717741935483871,0.1937142711310739,0.4201013168640262,0.19027536749693752,0.19590904450796243,0.02067460797467712,0.9805269135147227,0.023714756280542836,0.9800765197802688,3,0,5,1,0.02,0.07,62,158,noisy,17,191
16,Cooperator,1.5158227848101267,0.9801194365046958,0.0,0.9707661290322581,0.4863464679461004,0.4937729685585954,0.010112545937117192,0.009768017558187013,0.9809358766679749,0.9807821008270781,0.9725694393742936,0.9838713654024247,3,0,5,1,0.02,0.07,62,158,noisy,17,191
0,Evolved HMM 5,2.5753424657534243,0.4478034955125177,1.0,0.9482758620689655,0.35301527318532516,0.09478822232719257,0.23634073374271766,0.31585577074476456,0.8930617956767846,0.3233023641755312,0.1893440768302494,0.17208820609622458,3,0,5,1,0.06,0.06,87,73,noisy,3,192
1,Suspicious Tit For Tat,2.3424657534246576,0.5525901432845222,1.0,0.06321839080459771,0.3728546685561329,0.17973547472838922,0.19335537710596756,0.25405447960951033,0.9431773298119341,0.06286015395894429,0.9370056497175141,0.058990087979890304,3,0,5,1,0.06,0.06,87,73,noisy,3,192
2,Win-Stay Lose-Shift,1.7465753424657535,0.540938434892143,0.0,0.9195402298850575,0.23366398992284682,0.3072744449692962,0.15210203117619275,0.30695953393166436,0.947318261870957,0.056889018756609344,0.05378216745197535,0.94207056670282,3,0,5,1,0.06,0.06,87,73,noisy,3,192
0,Random: 0.5,3.0350877192982453,0.5037280701754386,2.0,0.5,0.366593567251462,0.1371345029239766,0.35928362573099415,0.13698830409356724,0.5074797228844943,0.5090655267058571,0.5021403451484926,0.5091604724229412,3,0,5,1,0.06,0.02,60,76,noisy,4,193
1,Tit For Tat,2.7565789473684212,0.7567982456140351,2.0,0.9611111111111111,0.6359649122807018,0.12083333333333335,0.15190058479532165,0.09130116959064329,0.9408850572883031,0.05545435672225752,0.9397467650436444,0.07062882095582304,3,0,5,1,0.06,0.02,60,76,noisy,4,193
2,Tit For 2 Tats,2.5504385964912277,0.8646198830409356,0.0,0.9444444444444444,0.6903508771929824,0.1742690058479532,0.08472222222222221,0.0506578947368421,0.9427188565478432,0.8003196316552555,0.933526184415622,0.4818782164028402,3,0,5,1,0.06,0.02,60,76,noisy,4,193
3,Cooperator,2.442982456140351,0.9421052631578948,0.0,0.9611111111111111,0.7325292397660818,0.20957602339181283,0.045906432748538006,0.011988304093567251,0.9410887386407696,0.9416258816617349,0.9381622959914276,0.9501980758347481,3,0,5,1,0.06,0.02,60,76,noisy,4,193
0,Grudger,2.7169117647058822,0.11513157894736842,2.0,0.9210526315789473,0.09984520123839011,0.01528637770897833,0.38680340557275544,0.4980650154798762,0.5706436420722135,0.05263157894736842,0.02228953339458993,0.017935270104527064,3,0,5,1,0.02,0.06,19,136,noisy,3,194
1,Cycler DC,1.7830882352941175,0.502515479876161,1.0,0.07894736842105263,0.0998452012383901,0.4026702786377709,0.24787151702786378,0.24961300309597523,0.07262302914476829,0.03537445092101641,0.9923387096774193,0.8328810635701964,3,0,5,1,0.02,0.06,19,136,noisy,3,194
2,GTFT: 0.33,1.6139705882352942,0.5714009287925697,0.0,0.9736842105263158,0.18962848297213622,0.38177244582043346,0.16505417956656346,0.26354489164086686,0.9794883170659568,0.33885222079247457,0.9919154228855722,0.34280835676978705,3,0,5,1,0.02,0.06,19,136,noisy,3,194
0,Evolved HMM 5,2.670212765957447,0.37633089816740434,13.0,0.960735171261487,0.266259620682913,0.11007127748449139,0.3137009189640768,0.30996818286851885,0.7814673009656757,0.3563559531369915,0.13325647387669376,0.17211779519092166,3,0,5,1,0.04,0.08,63,94,noisy,20,195
1,"DoubleCrosser: (D, D)",2.5985442329227326,0.3886133774151691,12.0,0.9573934837092731,0.3132654330862618,0.07534794432890737,0.265975221742299,0.3454114008425319,0.7842739126796346,0.6011310552120592,0.23472822400631213,0.05316083382969029,3,0,5,1,0.04,0.08,63,94,noisy,20,195
2,Grudger,2.5907054871220607,0.12602428055955492,18.0,0.9649122807017544,0.09425158641284061,0.031772694146714305,0.3565829467285234,0.5173927727119216,0.575824203678084,0.04207185682901683,0.05972560605330801,0.03952327326071031,3,0,5,1,0.04,0.08,63,94,noisy,20,195
3,Evolved FSM 16,2.5643896976483767,0.38394745729572155,13.0,0.9665831244778613,0.19774613839563449,0.1862013189000871,0.33966120976199365,0.27639133294228474,0.5155417290423914,0.42973939085898544,0.3128766318642786,0.3181132760697956,3,0,5,1,0.04,0.08,63,94,noisy,20,195
4,Defector,2.550951847704367,0.040295774898238504,18.0,0.03508771929824561,0.015864128406121693,0.024431646492116817,0.3855560888035692,0.5741481362981923,0.0520941234665214,0.037157501594577536,0.03866615017610045,0.040626862641859954,3,0,5,1,0.04,0.08,63,94,noisy,20,195
5,Meta Winner: 18 players,2.517357222844345,0.07061981194120052,17.0,0.9674185463659147,0.0352832435699177,0.03533656837128281,0.370527382285501,0.5588528057732983,0.32177829356366516,0.2092226528805444,0.05799304638425353,0.060451852622292475,3,0,5,1,0.04,0.08,63,94,noisy,20,195
6,Tit For Tat,2.2799552071668536,0.5436285749835582,8.0,0.949874686716792,0.348193177980412,0.19543539700314613,0.1934801542864253,0.2628912707300165,0.9598608621091959,0.04171899166358297,0.9629260514333936,0.04217755970201456,3,0,5,1,0.04,0.08,63,94,noisy,20,195
7,Soft Joss: 0.9,2.25531914893617,0.5943315736148883,4.0,0.9640768588137009,0.3810590305551112,0.21327254305977714,0.17326116710215253,0.2324072592829592,0.9582843443733255,0.13478290294541242,0.9599265529730219,0.13377911143320312,3,0,5,1,0.04,0.08,63,94,noisy,20,195
8,Suspicious Tit For Tat,2.230683090705487,0.5037682859631348,10.0,0.029239766081871343,0.309257185516984,0.1945111004461509,0.2002790664604774,0.2959526475763878,0.9589492383455779,0.04167526357064844,0.9594688476614913,0.05082814887032259,3,0,5,1,0.04,0.08,63,94,noisy,20,195
9,Win-Stay Lose-Shift,2.1562150055991043,0.5216409818873424,9.0,0.9565580618212197,0.262100286176434,0.2595406957109085,0.22282656997102682,0.2555324481416306,0.9612419824871179,0.039773989775610814,0.03861031642897378,0.9594313298733126,3,0,5,1,0.04,0.08,63,94,noisy,20,195
10,GTFT: 0.33,2.119820828667413,0.693133543077552,2.0,0.948203842940685,0.431273218507261,0.26186032457029096,0.12925043104214437,0.1776160258803036,0.9593261567684203,0.34246164548531915,0.9573774000623531,0.3462110027726988,3,0,5,1,0.04,0.08,63,94,noisy,20,195
11,Tit For 2 Tats,2.0923852183650613,0.7395172327983078,1.0,0.9632414369256475,0.5131445635365008,0.22637266926180696,0.07344602641355161,0.18703674078814056,0.9600093361494345,0.7097174751706802,0.9583379106753401,0.32610618536140684,3,0,5,1,0.04,0.08,63,94,noisy,20,195
12,Meta Mixer: 18 players,2.071668533034714,0.45241650224852914,11.0,0.6842105263157895,0.20787785065500625,0.2445386515935228,0.22563500950958962,0.3219484882418813,0.5377147069873573,0.4011718859710402,0.5243661610864961,0.39925908833322965,3,0,5,1,0.04,0.08,63,94,noisy,20,195
13,Alternator,1.998320268756999,0.5024618283296894,7.0,0.9732664995822891,0.1935956913560497,0.30886613697363974,0.2290389093300628,0.26849926234024774,0.04075567720178125,0.036632210497829415,0.959858668575435,0.9612846896125333,3,0,5,1,0.04,0.08,63,94,noisy,20,195
14,Cycler DC,1.9843225083986564,0.4998489130627988,7.0,0.03926482873851295,0.1905117403437672,0.3093371727190316,0.22770578929593488,0.2724452976412663,0.11446868342708359,0.0963988688397099,0.9073390191771202,0.8725085914052204,3,0,5,1,0.04,0.08,63,94,noisy,20,195
15,Random: 0.5,1.9725643896976484,0.5024085035283243,8.0,0.5405179615705932,0.21143283741268062,0.2909756661156437,0.21010860484544694,0.28748289162622864,0.5086610950900183,0.498351890220282,0.5091576664981164,0.4981618178913044,3,0,5,1,0.04,0.08,63,94,noisy,20,195
16,Win-Shift Lose-Stay: D,1.9272116461366184,0.5416999946675198,8.0,0.03842940685045948,0.20251870811781225,0.3391812865497076,0.2126415329102899,0.2456584724221902,0.04148770119987896,0.959519644967596,0.96020738613027,0.03922794395354662,3,0,5,1,0.04,0.08,63,94,noisy,20,195
17,Bully,1.812989921612542,0.5861017792708723,8.0,0.04093567251461988,0.19213814678540322,0.39396363248546906,0.20758456424749822,0.2063136564816296,0.04043844056968817,0.9608293727246234,0.042712780357212134,0.9589164172102871,3,0,5,1,0.04,0.08,63,94,noisy,20,195
18,Anti Tit For Tat,1.7816349384098544,0.6001973017650509,7.0,0.960735171261487,0.19691071650758105,0.4032865852574699,0.1984126984126984,0.20138999982225067,0.04355045294037418,0.9608389799704297,0.04450784015923826,0.9574838974960849,3,0,5,1,0.04,0.08,63,94,noisy,20,195
19,Cooperator,1.6349384098544233,0.9591265397536394,0.0,0.9598997493734336,0.5066922625713219,0.45243427718231755,0.021063296539220396,0.019810163707140192,0.9605266525103435,0.9583176340702447,0.9548646970542972,0.9594559967508917,3,0,5,1,0.04,0.08,63,94,noisy,20,195
0,Evolved HMM 5,3.0381944444444446,0.2826867816091954,3.0,0.896551724137931,0.2077346743295019,0.07495210727969348,0.4171455938697318,0.3001676245210728,0.5942868988760488,0.31680954357968544,0.12766987969615415,0.1364048279563807,3,0,5,1,0.06,0.05,29,72,noisy,5,196
1,Suspicious Tit For Tat,2.3472222222222223,0.5197557471264368,2.0,0.0603448275862069,0.26412835249042144,0.25562739463601536,0.2687978927203065,0.2114463601532567,0.9323340721696127,0.057784177595324324,0.9411025242269954,0.06247920000966159,3,0,5,1,0.06,0.05,29,72,noisy,5,196
2,Win-Stay Lose-Shift,2.006944444444444,0.5170019157088123,1.0,0.9396551724137931,0.2326388888888889,0.28436302681992337,0.20390325670498086,0.2790948275862069,0.9376577476246727,0.062021039403835646,0.061912512179944736,0.9433168500151462,3,0,5,1,0.06,0.05,29,72,noisy,5,196
3,Cycler DC,1.9131944444444444,0.5009578544061303,1.0,0.05172413793103448,0.19935344827586207,0.3016044061302682,0.20402298850574713,0.29501915708812265,0.14844683956602617,0.16951367833153075,0.8652722362508356,0.8622557367986474,3,0,5,1,0.06,0.05,29,72,noisy,5,196
4,Bully,1.7986111111111112,0.58022030651341,1.0,0.05172413793103448,0.24700670498084293,0.33321360153256707,0.15589080459770116,0.2638888888888889,0.05531224165205193,0.9498178845951306,0.06751810651056683,0.9377065674621332,3,0,5,1,0.06,0.05,29,72,noisy,5,196
0,"DoubleCrosser: (D, D)",2.8903061224489797,0.33215126710024667,3.0,0.9560439560439561,0.23870262390670557,0.09344864319354117,0.3800599910293788,0.28778874187037456,0.7164406013454512,0.5843216082403326,0.21737005564341746,0.05952446178043918,3,0,5,1,0.05,0.04,91,196,noisy,5,197
1,Evolved FSM 16,2.7589285714285716,0.30964061448755326,3.0,0.9423076923076923,0.16313915676160573,0.14650145772594753,0.4084996636017044,0.2818597219107423,0.46150613540938684,0.3763397976926555,0.33725595334649505,0.22863572612174615,3,0,5,1,0.05,0.04,91,196,noisy,5,197
2,Tit For Tat,2.2512755102040822,0.5247813411078717,2.0,0.9560439560439561,0.32477853778874183,0.20000280331912984,0.198713276519399,0.2765053823727293,0.9501438554892684,0.051048633050127606,0.9532577093759107,0.050060527511120445,3,0,5,1,0.05,0.04,91,196,noisy,5,197
3,Win-Stay Lose-Shift,1.7423469387755102,0.5159508858488451,1.0,0.9395604395604396,0.20108208118412202,0.31486880466472306,0.17140894819466246,0.31264016595649247,0.9491511451601025,0.05285093761437875,0.05411644449029673,0.9517880926854666,3,0,5,1,0.05,0.04,91,196,noisy,5,197
4,Anti Tit For Tat,1.3214285714285716,0.6917189952904239,1.0,0.945054945054945,0.15258466023772144,0.5391343350527025,0.1352741646108993,0.17300684009867684,0.04969015088280755,0.9502952397301527,0.055004997950357716,0.9503066673710725,3,0,5,1,0.05,0.04,91,196,noisy,5,197
0,Defector,3.642250530785563,0.009710253528162857,3.0,0.00980392156862745,0.005963531909579118,0.003746721618583739,0.6579867615836142,0.3323029848882228,0.009433962264150943,0.01818181818181818,0.010790071847657052,0.014077183213942383,3,0,5,1,0.01,0.04,68,157,noisy,4,198
1,Alternator,2.2505307855626326,0.5023104783314599,1.0,0.9901960784313726,0.2514050206069689,0.2509054577244911,0.24912576495566383,0.24856375671287623,0.009908679887192802,0.01461529144260502,0.9885284077153961,0.9832161545931739,3,0,5,1,0.01,0.04,68,157,noisy,4,198
2,Win-Stay Lose-Shift,2.2197452229299364,0.5118333957786937,1.0,0.9950980392156863,0.26039715249156986,0.2514362432871238,0.2393530660671912,0.24881353815411514,0.9922628261120708,0.01074643161009534,0.012719631483415312,0.981249626359201,3,0,5,1,0.01,0.04,68,157,noisy,4,198
3,Cooperator,1.070063694267516,0.9887910578244037,0.0,0.9803921568627451,0.34441738478831024,0.6443736730360934,0.003996503059822655,0.007212439115773697,0.9917166730443424,0.9895489062044046,0.9952380952380953,0.9947916666666666,3,0,5,1,0.01,0.04,68,157,noisy,4,198
0,Grudger,2.5051081730769234,0.08846153846153847,12.0,0.9230769230769231,0.041065705128205135,0.04739583333333334,0.36526442307692314,0.5462740384615384,0.3201075100152507,0.072445994622049,0.07612688578069557,0.06533898910387811,3,0,5,1,0.07,0.07,30,128,noisy,14,199
1,Defector,2.480168269230769,0.07045272435897436,12.0,0.06923076923076923,0.02854567307692308,0.0419070512820513,0.368349358974359,0.5611979166666666,0.08040474977226865,0.0712982161441452,0.06929729640204081,0.06938833998385972,3,0,5,1,0.07,0.07,30,128,noisy,14,199
2,Evolved HMM 5,2.4711538461538463,0.30849358974358976,9.0,0.9384615384615385,0.16310096153846157,0.1453926282051282,0.32465945512820504,0.36684695512820514,0.6552981135290511,0.36842881026771257,0.14780504897831043,0.20628535594219374,3,0,5,1,0.07,0.07,30,128,noisy,14,199
3,Meta Winner: 12 players,2.4669471153846154,0.09046474358974359,12.0,0.9282051282051282,0.03870192307692307,0.05176282051282051,0.3605769230769231,0.5489583333333333,0.23098219334090955,0.17522450060917003,0.08255444998553615,0.07275350511757686,3,0,5,1,0.07,0.07,30,128,noisy,14,199
4,Suspicious Tit For Tat,2.1006610576923075,0.44841746794871795,6.0,0.08717948717948718,0.2269230769230769,0.22149439102564103,0.21702724358974362,0.3345552884615385,0.9268337669806722,0.07141426018986533,0.9296411493244492,0.06958815851309119,3,0,5,1,0.07,0.07,30,128,noisy,14,199
5,Soft Joss: 0.9,2.02734375,0.5035056089743589,1.0,0.9333333333333333,0.24755608974358972,0.25594951923076925,0.19735576923076925,0.2991386217948719,0.937989135241835,0.15152173406027322,0.9303944113020297,0.15793456761757296,3,0,5,1,0.07,0.07,30,128,noisy,14,199
6,Meta Mixer: 12 players,2.0252403846153846,0.4209334935897436,8.0,0.5435897435897435,0.17189503205128204,0.24903846153846151,0.2311097756410256,0.3479567307692308,0.4475497044541145,0.41471508232301996,0.4418595799984792,0.4027458794498273,3,0,5,1,0.07,0.07,30,128,noisy,14,199
7,Win-Shift Lose-Stay: D,1.9314903846153846,0.5089142628205128,5.0,0.07948717948717948,0.20308493589743587,0.30582932692307696,0.20883413461538464,0.2822516025641026,0.07361772356717594,0.9300728837674808,0.9254470276888694,0.07312222101332715,3,0,5,1,0.07,0.07,30,128,noisy,14,199
8,Cycler DC,1.9056490384615383,0.5013421474358974,5.0,0.05897435897435897,0.19893830128205126,0.3024038461538462,0.20312499999999997,0.2955328525641026,0.16248278013730924,0.16288932329991723,0.8444611170328186,0.8460360992483289,3,0,5,1,0.07,0.07,30,128,noisy,14,199
9,Alternator,1.9056490384615383,0.5020633012820512,4.0,0.9256410256410257,0.20218349358974358,0.29987980769230776,0.20016025641025642,0.29777644230769235,0.0677688951909009,0.07556969024596712,0.9293996907352866,0.9306960745421323,3,0,5,1,0.07,0.07,30,128,noisy,14,199
10,Random: 0.5,1.895733173076923,0.49955929487179485,5.0,0.44358974358974357,0.19853766025641026,0.3010216346153846,0.19903846153846153,0.3014022435897436,0.5014650494681056,0.5015239506233375,0.4976199949895284,0.49854268226795073,3,0,5,1,0.07,0.07,30,128,noisy,14,199
11,Tit For 2 Tats,1.8106971153846154,0.6461738782051282,0.0,0.9282051282051282,0.3521434294871795,0.2940304487179487,0.09949919871794874,0.25432692307692306,0.929155546705082,0.6300182425962504,0.9308865922763397,0.2615888758311838,3,0,5,1,0.07,0.07,30,128,noisy,14,199
12,Bully,1.70703125,0.5978966346153847,5.0,0.0641025641025641,0.2146634615384616,0.38323317307692306,0.16484374999999998,0.23725961538461543,0.06969963050547597,0.9285035195498187,0.06797305965685031,0.9268541231020697,3,0,5,1,0.07,0.07,30,128,noisy,14,199
13,Anti Tit For Tat,1.6565504807692308,0.6126402243589744,5.0,0.9435897435897436,0.21875,0.3938902243589745,0.15338541666666666,0.23397435897435892,0.06758774873896546,0.9297291854124594,0.07389076298603642,0.9304408885495113,3,0,5,1,0.07,0.07,30,128,noisy,14,199
0,Grudger,2.8431677018633543,0.0869378133652623,4.0,0.9518072289156626,0.05631220534311157,0.030625608022150717,0.44063832971638106,0.47242385691835664,0.5025533476284667,0.05399392077452249,0.0570111259144678,0.04930773938994222,3,0,5,1,0.05,0.03,83,161,noisy,5,200
1,Evolved HMM 5,2.6149068322981366,0.3226259073561326,3.0,0.9397590361445783,0.19028287061288632,0.1323430367432463,0.34279353438599114,0.33458055825787625,0.7177900691807522,0.3601309304862209,0.1278354316642134,0.1920189335760036,3,0,5,1,0.05,0.03,83,161,noisy,5,200
2,Soft Joss: 0.9,1.9518633540372672,0.48862530868816884,0.0,0.9367469879518072,0.27768839332485223,0.2109369153633166,0.1505088677692135,0.3608658235426177,0.9513793531524724,0.13874300926610977,0.9458562843862788,0.13778210250855547,3,0,5,1,0.05,0.03,83,161,noisy,5,200
3,Random: 0.5,1.6661490683229816,0.4972872857891192,1.0,0.4367469879518072,0.1668974032777071,0.3303898825114121,0.16874953229065331,0.3339631819202275,0.5049517977656408,0.49342044333335133,0.5090187950421841,0.49792537919234403,3,0,5,1,0.05,0.03,83,161,noisy,5,200
4,Anti Tit For Tat,1.329192546583851,0.6897590361445783,1.0,0.9608433734939759,0.15271645588565444,0.5370425802589239,0.1386477587368106,0.1715932051186111,0.05026817456206484,0.9481882125228815,0.048288017130471275,0.9529082890868841,3,0,5,1,0.05,0.03,83,161,noisy,5,200
0,"DoubleCrosser: (D, D)",2.6951219512195124,0.5984595635430039,7.0,0.9543859649122807,0.5010269576379975,0.09743260590500642,0.1965768078733419,0.20496362858365424,0.8962229057828498,0.7169876796836935,0.32635823476516523,0.11971238462248635,3,0,5,1,0.05,0.06,57,41,noisy,11,201
1,Evolved HMM 5,2.629268292682927,0.4692768506632435,7.0,0.9456140350877194,0.36628155755241765,0.10299529311082585,0.2575952075310227,0.27312794180573385,0.8883675883114401,0.34370240107053734,0.16517842906388117,0.18590031229718434,3,0,5,1,0.05,0.06,57,41,noisy,11,201
2,Evolved FSM 16,2.5878048780487806,0.5206675224646984,7.0,0.9403508771929825,0.36585365853658536,0.15481386392811297,0.2477535301668806,0.23157894736842105,0.662692516287882,0.453934159331422,0.46943615062320954,0.31578288992053893,3,0,5,1,0.05,0.06,57,41,noisy,11,201
3,Tit For Tat,2.5390243902439025,0.6656824989302524,4.0,0.9403508771929825,0.48399657680787334,0.1816859221223791,0.18763371844244756,0.1466837826273,0.9533665678168676,0.056993262328849326,0.9528149933047132,0.07634407113477054,3,0,5,1,0.05,0.06,57,41,noisy,11,201
4,Soft Joss: 0.9,2.4682926829268292,0.6911424903722722,3.0,0.9280701754385965,0.49516474112109543,0.19597774925117675,0.16906290115532735,0.13979460847240052,0.9538858776914548,0.15405172201820658,0.959924436794598,0.16584162573560038,3,0,5,1,0.05,0.06,57,41,noisy,11,201
5,Meta Winner: 9 players,2.4121951219512194,0.37205819426615316,8.0,0.9526315789473684,0.2199400941377835,0.1521181001283697,0.28057338468121523,0.3473684210526316,0.5543647633483799,0.4304911273814221,0.3492509654230086,0.25447350425107224,3,0,5,1,0.05,0.06,57,41,noisy,11,201
6,Tit For 2 Tats,2.3804878048780487,0.8632434745400086,1.0,0.9421052631578948,0.6579375267436884,0.20530594779632008,0.0709456568249893,0.06581086863500214,0.9503853170427655,0.7869680928854811,0.9470273454995433,0.46118478214433206,3,0,5,1,0.05,0.06,57,41,noisy,11,201
7,Meta Mixer: 9 players,2.348780487804878,0.5713735558408216,5.0,0.9210526315789473,0.3672229353872486,0.20415062045357296,0.20171159606332906,0.2269148480958494,0.7198014171148548,0.40724404254150137,0.6605328389822145,0.36776591113289103,3,0,5,1,0.05,0.06,57,41,noisy,11,201
8,Cooperator,2.195121951219512,0.9524604193410355,0.0,0.9543859649122807,0.6732135216089005,0.2792468977321353,0.033376123234916566,0.014163457424047928,0.9538265846275598,0.9496337432861847,0.9507300010199071,0.9512585970213088,3,0,5,1,0.05,0.06,57,41,noisy,11,201
9,Alternator,2.158536585365854,0.5070603337612324,4.0,0.9456140350877194,0.19396662387676505,0.3130937098844672,0.2709028669234061,0.22203679931536158,0.05635927617255228,0.0565737891125612,0.9529584812764803,0.9452752881519991,3,0,5,1,0.05,0.06,57,41,noisy,11,201
10,Random: 0.5,2.151219512195122,0.5025673940949936,4.0,0.4807017543859649,0.23620025673940948,0.26636713735558415,0.237056054771074,0.2603765511339324,0.5014021677014783,0.48830771015187124,0.5023858237497347,0.5004061147716169,3,0,5,1,0.05,0.06,57,41,noisy,11,201
0,Grudger,2.6973684210526314,0.4620065789473684,10.0,0.9555921052631579,0.37730263157894733,0.08470394736842106,0.2575657894736842,0.28042763157894735,0.8379787336646791,0.05443664337851894,0.17373339306362834,0.03940688266285287,3,0,5,1,0.04,0.09,32,10,noisy,20,202
1,Defector,2.6736842105263157,0.040625,17.5,0.03618421052631579,0.015789473684210527,0.024835526315789475,0.41710526315789476,0.5422697368421052,0.10555555555555556,0.1001082251082251,0.04348306223125075,0.0456203350180728,3,0,5,1,0.04,0.09,32,10,noisy,20,202
2,Evolved HMM 5,2.626315789473684,0.5929276315789473,8.0,0.9555921052631579,0.44901315789473684,0.14391447368421054,0.21595394736842102,0.19111842105263155,0.8990562712995432,0.35493742626670977,0.24395044128304869,0.1676954939684006,3,0,5,1,0.04,0.09,32,10,noisy,20,202
3,Meta Winner: 18 players,2.5710526315789473,0.32549342105263157,14.0,0.9654605263157895,0.19210526315789472,0.13338815789473682,0.32845394736842104,0.3460526315789474,0.512182224723575,0.42334233331925913,0.11096352373832265,0.24976037372045998,3,0,5,1,0.04,0.09,32,10,noisy,20,202
4,Evolved FSM 16,2.560526315789474,0.6269736842105263,7.0,0.9654605263157895,0.45723684210526316,0.16973684210526313,0.20707236842105262,0.16595394736842103,0.7715953146349226,0.28775269001698717,0.5719297720089439,0.29665851222084794,3,0,5,1,0.04,0.09,32,10,noisy,20,202
5,"DoubleCrosser: (D, D)",2.442105263157895,0.6980263157894737,7.0,0.962171052631579,0.4863486842105263,0.2116776315789474,0.1685855263157895,0.13338815789473688,0.8632926361958402,0.7788696599893801,0.1921892384328988,0.2936183418165634,3,0,5,1,0.04,0.09,32,10,noisy,20,202
6,Tit For Tat,2.4105263157894736,0.6690789473684211,2.0,0.962171052631579,0.46842105263157885,0.20065789473684212,0.16726973684210528,0.16365131578947367,0.9680871050296593,0.055243323762786276,0.9541925307114555,0.0444126257794722,3,0,5,1,0.04,0.09,32,10,noisy,20,202
7,Win-Stay Lose-Shift,2.3947368421052633,0.6345394736842105,5.0,0.9391447368421053,0.4236842105263157,0.21085526315789477,0.18338815789473684,0.18207236842105262,0.956160872758655,0.043703966298168674,0.05883649587245692,0.9686786384427751,3,0,5,1,0.04,0.09,32,10,noisy,20,202
8,Suspicious Tit For Tat,2.3921052631578945,0.49654605263157897,9.0,0.046052631578947366,0.29309210526315793,0.20345394736842107,0.25049342105263156,0.2529605263157894,0.9722660466039637,0.054436353489423814,0.9633583311203431,0.043023285598325585,3,0,5,1,0.04,0.09,32,10,noisy,20,202
9,Soft Joss: 0.9,2.373684210526316,0.6916118421052632,1.0,0.9555921052631579,0.4707236842105263,0.22088815789473681,0.15937499999999996,0.14901315789473685,0.9642078964447461,0.1299181970331212,0.9523582631026709,0.13425136331782772,3,0,5,1,0.04,0.09,32,10,noisy,20,202
10,Alternator,2.360526315789474,0.5157894736842106,7.0,0.9654605263157895,0.2473684210526316,0.26842105263157895,0.2825657894736842,0.20164473684210527,0.04455578209515756,0.05412178084690602,0.9654242425127917,0.954874285778741,3,0,5,1,0.04,0.09,32,10,noisy,20,202
11,Meta Mixer: 18 players,2.3210526315789473,0.5416118421052631,8.0,0.7039473684210527,0.3085526315789474,0.23305921052631576,0.23009868421052632,0.22828947368421054,0.6226791416316538,0.44133270192436536,0.5796675573716644,0.39401283327716663,3,0,5,1,0.04,0.09,32,10,noisy,20,202
12,GTFT: 0.33,2.305263157894737,0.7774671052631579,1.0,0.9720394736842105,0.537828947368421,0.23963815789473683,0.11726973684210526,0.10526315789473684,0.9604299700822484,0.38581723842416477,0.9640223450586717,0.37194257870079667,3,0,5,1,0.04,0.09,32,10,noisy,20,202
13,Cycler DC,2.289473684210526,0.5008223684210527,7.0,0.046052631578947366,0.21891447368421046,0.281907894736842,0.28322368421052635,0.21595394736842108,0.16436727878086643,0.09921012044661849,0.9227512771452491,0.8703175038734624,3,0,5,1,0.04,0.09,32,10,noisy,20,202
14,Random: 0.5,2.284210526315789,0.5026315789473684,8.5,0.48026315789473684,0.2588815789473684,0.24375000000000002,0.2567434210526316,0.240625,0.4934491628037844,0.49327017882825525,0.48788797885991453,0.5249953942341088,3,0,5,1,0.04,0.09,32,10,noisy,20,202
15,Win-Shift Lose-Stay: D,2.263157894736842,0.5074013157894737,10.0,0.03289473684210526,0.21792763157894737,0.28947368421052627,0.2768092105263158,0.2157894736842105,0.055924760262466705,0.9670020812522322,0.9650794640120166,0.06125593736508267,3,0,5,1,0.04,0.09,32,10,noisy,20,202
16,Tit For 2 Tats,2.210526315789474,0.837171052631579,1.0,0.9572368421052632,0.5907894736842105,0.24638157894736845,0.06644736842105262,0.09638157894736843,0.9591222805339742,0.7625716449422413,0.95606025227583,0.46509583641194474,3,0,5,1,0.04,0.09,32,10,noisy,20,202
17,Bully,2.1973684210526314,0.4774671052631579,8.0,0.05263157894736842,0.17845394736842105,0.29901315789473687,0.2833881578947369,0.23914473684210522,0.04563172362983817,0.9480048304648193,0.04256792642604025,0.9578360148230787,3,0,5,1,0.04,0.09,32,10,noisy,20,202
18,Anti Tit For Tat,2.068421052631579,0.5713815789473684,7.0,0.9769736842105263,0.24177631578947367,0.3296052631578947,0.225,0.2036184210526316,0.04045974092450219,0.9358259013146902,0.05447117891475487,0.9700932037750587,3,0,5,1,0.04,0.09,32,10,noisy,20,202
19,Cooperator,1.9157894736842105,0.9554276315789474,0.0,0.962171052631579,0.5855263157894738,0.3699013157894738,0.028453947368421065,0.01611842105263158,0.961923451211748,0.9422132830641189,0.964594356261023,0.9943181818181819,3,0,5,1,0.04,0.09,32,10,noisy,20,202
0,Grudger,2.7935130196436733,0.219566210499136,10.0,0.9901185770750988,0.2108665858938964,0.008699624605239637,0.3396627405803722,0.4407710489204918,0.8191146893302518,0.017887135474344777,0.03767964928526736,0.010173416184643189,3,0,5,1,0.01,0.05,46,199,noisy,12,203
1,Evolved FSM 16,2.7713567839195976,0.48556021212783285,9.0,0.9881422924901185,0.3368423143384909,0.14871789778934197,0.30797266967247305,0.20646711819969416,0.6165199386561017,0.4301031420837688,0.4398850166411537,0.35175552153068784,3,0,5,1,0.01,0.05,46,199,noisy,12,203
2,"DoubleCrosser: (D, D)",2.7366377341251713,0.5108943929131825,6.0,0.9901185770750988,0.4615270026019425,0.049367390311239996,0.21433253222634915,0.2747730748604683,0.8438172970773864,0.7303536748139401,0.295798051038116,0.0562828023800977,3,0,5,1,0.01,0.05,46,199,noisy,12,203
3,Defector,2.679990863407949,0.010238941744294596,11.0,0.011857707509881422,0.004399467694202236,0.005839474050092361,0.41885315907601245,0.570907899179693,0.009345794392523364,0.01958793968202471,0.01348953564750141,0.009899131016067354,3,0,5,1,0.01,0.05,46,199,noisy,12,203
4,Soft Joss: 0.9,2.3928734582000915,0.6811130752577115,2.0,0.9822134387351779,0.5088386597016704,0.17227441555604106,0.1380916439907045,0.180795280751584,0.9907627099709924,0.11569446060867983,0.9900012980837694,0.10189017142824965,3,0,5,1,0.01,0.05,46,199,noisy,12,203
5,GTFT: 0.33,2.306532663316583,0.7696287762925298,2.0,0.9822134387351779,0.5624466204540489,0.20718215583848093,0.09723518779669096,0.13313603591077916,0.9907757006263916,0.33308613158457984,0.9914629021074678,0.3276152506963289,3,0,5,1,0.01,0.05,46,199,noisy,12,203
6,Win-Stay Lose-Shift,2.2167656464138874,0.5967287028025503,6.0,0.9861660079051383,0.36616878860706686,0.23055991419548338,0.17220489800782568,0.231066399189624,0.9903710181174326,0.008042364416622124,0.00974879343759158,0.9881034738181054,3,0,5,1,0.01,0.05,46,199,noisy,12,203
7,Tit For 2 Tats,2.1699406121516676,0.7827080064353388,1.0,0.9940711462450593,0.5975827755377678,0.18512523089757085,0.04152183844121794,0.1757701551234433,0.9903390878778783,0.7746678958347668,0.9852380448712988,0.20806054155960613,3,0,5,1,0.01,0.05,46,199,noisy,12,203
8,Cycler DC,2.0440840566468705,0.4973881264027648,6.0,0.005928853754940711,0.1998530200409161,0.2975351063618488,0.23509841698611636,0.2675134566111188,0.029182402891513987,0.04859253468475195,0.9566420244873083,0.9304580780573847,3,0,5,1,0.01,0.05,46,199,noisy,12,203
9,Alternator,2.0411146642302422,0.5013605577293583,5.0,0.9960474308300395,0.20304089618050727,0.298319661548851,0.23358889308201086,0.2650505491886309,0.010875391782118538,0.010379122586310774,0.9917890466237528,0.9892269113493447,3,0,5,1,0.01,0.05,46,199,noisy,12,203
10,Bully,1.8131566925536775,0.5988241603273283,6.0,0.009881422924901186,0.1810634198661291,0.41776074046119926,0.21442191193119753,0.18675392774147417,0.01215293703722184,0.9887865108484405,0.009792967580294937,0.989374858236775,3,0,5,1,0.01,0.05,46,199,noisy,12,203
11,Cooperator,1.7887163088168112,0.9901185770750988,1.0,0.9920948616600791,0.5925675809879437,0.39755099608715516,0.005948715911573679,0.003932707013327507,0.990373152333328,0.9897758175665213,0.9940572844461125,0.9920663214780863,3,0,5,1,0.01,0.05,46,199,noisy,12,203
0,Defector,2.670454545454546,0.050089940500899405,8.0,0.053082191780821915,0.021672201466722014,0.028417739034177388,0.4155424104054241,0.5343676490936765,0.045605494192859086,0.05524318954902483,0.04945759657162224,0.049977783038724355,3,0,5,1,0.05,0.06,73,198,noisy,9,204
1,Evolved HMM 5,2.6136363636363638,0.2826034315760343,5.0,0.9503424657534246,0.1598778884737789,0.12272554310225545,0.3574270098242701,0.35996955859969554,0.7031802060222643,0.33671469263429654,0.11963712952911339,0.17738172140747172,3,0,5,1,0.05,0.06,73,198,noisy,9,204
2,"DoubleCrosser: (D, D)",2.539141414141414,0.28211913657119136,6.0,0.9263698630136986,0.21885810156358101,0.06326103500761035,0.28816417600664174,0.42971668742216695,0.6528963978461946,0.47771490971986275,0.1404876723682118,0.05891844209270185,3,0,5,1,0.05,0.06,73,198,noisy,9,204
3,Evolved FSM 16,2.390151515151515,0.321269198837692,5.0,0.952054794520548,0.12136778746367788,0.19990141137401413,0.34339975093399755,0.3353310502283105,0.41844026515045846,0.41480822027877373,0.23304901003343206,0.2875205125564117,3,0,5,1,0.05,0.06,73,198,noisy,9,204
4,Tit For Tat,2.221590909090909,0.5204614639546147,4.0,0.9657534246575342,0.30757921682579215,0.21288224712882248,0.21202608274526086,0.2675124533001246,0.9501614041488771,0.05104814583497809,0.9505714298753771,0.05100348912634819,3,0,5,1,0.05,0.06,73,198,noisy,9,204
5,Win-Shift Lose-Stay: D,1.7544191919191918,0.535059499100595,3.0,0.032534246575342464,0.17968209492182097,0.35537740417877406,0.18749135187491356,0.27744914902449147,0.048278207691276234,0.9487174324623935,0.9474439522242817,0.046358634966463586,3,0,5,1,0.05,0.06,73,198,noisy,9,204
6,Cycler DC,1.7279040404040404,0.4991178912411789,2.0,0.05650684931506849,0.14572955583229555,0.35338833540888337,0.19744534384945345,0.30343676490936766,0.1332358068621438,0.08702466251835053,0.9103768321070618,0.8720855164222577,3,0,5,1,0.05,0.06,73,198,noisy,9,204
7,Alternator,1.7272727272727273,0.5009772381347724,2.0,0.9554794520547946,0.14449287394492874,0.35648436418984364,0.1988982288639823,0.3001245330012453,0.047024455341144855,0.0513933200640045,0.9505743224288344,0.9494323678798354,3,0,5,1,0.05,0.06,73,198,noisy,9,204
8,Cooperator,1.4191919191919193,0.9496160232461602,0.0,0.952054794520548,0.4188978829389787,0.5307181403071813,0.022761865227618645,0.027622111526221106,0.9504519900385611,0.9485803453322788,0.9530669626880756,0.9509441844862778,3,0,5,1,0.05,0.06,73,198,noisy,9,204
0,Win-Stay Lose-Shift,3.343023255813953,0.5142706131078224,2.0,0.9545454545454546,0.42283298097251587,0.09143763213530656,0.39957716701902746,0.08615221987315011,0.9397836722213728,0.05714285714285714,0.06391974039032862,0.9253483742534837,3,0,5,1,0.06,0.07,11,86,noisy,3,205
1,Tit For 2 Tats,2.546511627906977,0.8165961945031712,1.0,0.8636363636363636,0.6342494714587738,0.18234672304439745,0.1072938689217759,0.07610993657505286,0.9425185243679342,0.711571447420504,0.9095622119815668,0.572992700729927,3,0,5,1,0.06,0.07,11,86,noisy,3,205
2,Cooperator,2.1686046511627906,0.9408033826638478,0.0,0.8636363636363636,0.6617336152219873,0.27906976744186046,0.0459830866807611,0.013213530655391121,0.9368368844518438,0.9507519853819664,0.9560731132075472,0.9545454545454546,3,0,5,1,0.06,0.07,11,86,noisy,3,205
0,Win-Shift Lose-Stay: D,2.4153439153439153,0.47921390778533635,2.0,0.005291005291005291,0.2580414882002184,0.221172419585118,0.26064499874023683,0.2601410934744268,0.02122985615004282,0.9792441987543904,0.9801057408327414,0.021344618555773937,3,0,5,1,0.02,0.1,63,126,noisy,4,206
1,Bully,2.4021164021164023,0.4621651129587638,2.0,0.015873015873015872,0.31288317796254306,0.14928193499622072,0.22360796170319983,0.3142269253380365,0.019989048586393762,0.9820711259390503,0.015578552183161322,0.9827016048226547,3,0,5,1,0.02,0.1,63,126,noisy,4,206
2,Cycler DC,2.0952380952380953,0.5006718736877467,1.0,0.021164021164021163,0.3958175862937768,0.10485428739396992,0.10363651633492903,0.3956916099773243,0.029518785994118068,0.24726989210905229,0.771717658769265,0.9715598227476206,3,0,5,1,0.02,0.1,63,126,noisy,4,206
3,Anti Tit For Tat,1.9179894179894184,0.5581590660955741,1.0,0.9735449735449735,0.3156966490299824,0.24246241706559166,0.12988158226253466,0.3119593516418913,0.02025965397702732,0.9821207245118586,0.023370855033291584,0.9806103015342146,3,0,5,1,0.02,0.1,63,126,noisy,4,206
0,Defector,2.641146589259797,0.0910549232296998,13.0,0.10020242914979757,0.04044763578030708,0.05060728744939272,0.40228019249866315,0.506664884271637,0.08520597079918403,0.09057200435048679,0.08932425680928024,0.0912527803453178,3,0,5,1,0.09,0.09,76,106,noisy,14,207
1,Meta Winner: 13 players,2.605587808417997,0.11385684821633184,12.0,0.9078947368421053,0.05430257428767856,0.05955427392865327,0.38877855014895724,0.49736460163471097,0.22874836094920822,0.1835941227923523,0.10003189465786283,0.10106498112343211,3,0,5,1,0.09,0.09,76,106,noisy,14,207
2,Evolved HMM 5,2.5965166908563138,0.3242590329233825,9.0,0.9109311740890689,0.19276602245817737,0.13149301046520512,0.3385245588572302,0.3372164082193873,0.6584256561779716,0.32798434226125983,0.16761166656771415,0.20060083054949046,3,0,5,1,0.09,0.09,76,106,noisy,14,207
3,"DoubleCrosser: (D, D)",2.5740203193033384,0.30529562294706286,10.0,0.917004048582996,0.2151287143839279,0.09016690856313497,0.3096975021006798,0.38500687495225727,0.6290385340677324,0.46193147450204725,0.18102287591674798,0.1153742107758755,3,0,5,1,0.09,0.09,76,106,noisy,14,207
4,Suspicious Tit For Tat,2.240566037735849,0.5048029180352914,7.0,0.09716599190283401,0.29578527232449775,0.20901764571079368,0.21538652509357575,0.2798105568711328,0.9081160965543925,0.08903862746117401,0.9094654267179266,0.08851929966432427,3,0,5,1,0.09,0.09,76,106,noisy,14,207
5,Soft Joss: 0.9,2.197024673439768,0.5670785272324498,4.0,0.9210526315789473,0.33806622870674513,0.22901229852570465,0.19121915820029028,0.24170231456726,0.9086562037214841,0.1727146291528712,0.9132923883131991,0.17422756995082136,3,0,5,1,0.09,0.09,76,106,noisy,14,207
6,Alternator,2.117198838896952,0.5016614467955084,6.0,0.9159919028340081,0.22312084638301127,0.2785406004124972,0.23678481399434725,0.2615537392101444,0.08686267510418687,0.08649357254556236,0.9132790665651744,0.9115851654038838,3,0,5,1,0.09,0.09,76,106,noisy,14,207
7,Cycler DC,2.113570391872279,0.5006683981361241,6.0,0.09008097165991903,0.22191772973798793,0.2787506683981361,0.2369375907111756,0.26239401115270033,0.19148004222693393,0.18582450180793997,0.8210059957858135,0.801879779895523,3,0,5,1,0.09,0.09,76,106,noisy,14,207
8,GTFT: 0.33,2.083091436865022,0.6548392025055382,2.0,0.9200404858299596,0.37805553433656713,0.27678366816897104,0.15090520204720798,0.19425559544725382,0.9093316988234791,0.359528016069745,0.9125287726858274,0.36132037580289694,3,0,5,1,0.09,0.09,76,106,noisy,14,207
9,Win-Stay Lose-Shift,2.0656748911465894,0.5228974104346498,6.0,0.9159919028340081,0.2571996027805362,0.26569780765411344,0.2111278741119853,0.26597471545336493,0.9093417885982065,0.09141877284523482,0.0907860059443747,0.9094048420013779,3,0,5,1,0.09,0.09,76,106,noisy,14,207
10,Tit For 2 Tats,2.0417271407837445,0.6876861966236345,1.0,0.8947368421052632,0.43264456496829884,0.2550416316553358,0.10788900771522421,0.20442479566114127,0.9117810833732816,0.6393705677333382,0.9106046043963633,0.3203455812724132,3,0,5,1,0.09,0.09,76,106,noisy,14,207
11,Bully,1.9785921625544267,0.5501489572989077,7.0,0.08299595141700405,0.21056450996868079,0.3395844473302268,0.2244767397448629,0.22537430295622948,0.09336377514763751,0.9144539235195533,0.08682680137241044,0.9096866312870119,3,0,5,1,0.09,0.09,76,106,noisy,14,207
12,Anti Tit For Tat,1.9517416545718433,0.5606905507600641,6.0,0.9068825910931174,0.2158066610648537,0.3448838896952104,0.21576846688564663,0.22354098235428918,0.09072472574442342,0.9143304468953516,0.09407781414214292,0.9080379026692449,3,0,5,1,0.09,0.09,76,106,noisy,14,207
13,Cooperator,1.6291727140783743,0.9111985333435184,0.0,0.9180161943319838,0.44680505690932704,0.46439347643419143,0.04375143228172026,0.045050034374761294,0.911742607112405,0.9108600441393909,0.9066430283025123,0.9179228547053653,3,0,5,1,0.09,0.09,76,106,noisy,14,207
0,Grudger,2.599647266313933,0.1505475575243017,14.0,0.8920265780730897,0.08658381526598583,0.06396374225831591,0.37426684713506414,0.47518559534063415,0.4876872240572423,0.09642659466066815,0.11708611460324095,0.0990101891061196,3,0,5,1,0.1,0.02,43,81,noisy,15,208
1,Evolved FSM 16,2.5476190476190474,0.33165169599278127,10.0,0.9086378737541528,0.16391862515893524,0.16773307083384603,0.34578155120790777,0.32256675279931096,0.46649101574028057,0.3901824336640237,0.27371669472301147,0.26915324823616554,3,0,5,1,0.1,0.02,43,81,noisy,15,208
2,"DoubleCrosser: (D, D)",2.537037037037037,0.33759895000205076,11.0,0.8853820598006644,0.2349575489110372,0.1026414010910135,0.29309708379475824,0.369303966203191,0.6917992687829295,0.4895987369460282,0.225428327637931,0.11456246449947292,3,0,5,1,0.1,0.02,43,81,noisy,15,208
3,Meta Winner: 13 players,2.5317460317460316,0.17199868750256347,12.0,0.8920265780730897,0.0819695664656905,0.09002912103687297,0.3613879660391288,0.4666133464583078,0.2694980520796827,0.39465375372475264,0.13265179734555615,0.1713481406527522,3,0,5,1,0.1,0.02,43,81,noisy,15,208
4,Tit For Tat,2.2389770723104054,0.5195439071408063,6.0,0.893687707641196,0.32098765432098764,0.1985562528198187,0.19919199376563723,0.2812640990935565,0.898670149596399,0.09461133207512282,0.9009136246167858,0.09169567107591763,3,0,5,1,0.1,0.02,43,81,noisy,15,208
5,Win-Stay Lose-Shift,2.2319223985890653,0.4973955128993889,7.0,0.8986710963455149,0.24182765268036588,0.25556786021902306,0.25122021246052256,0.25138427464008867,0.9010484539762267,0.0998801132916897,0.09534336786308505,0.89299213448159,3,0,5,1,0.1,0.02,43,81,noisy,15,208
6,Suspicious Tit For Tat,2.207231040564374,0.49081251794430086,7.0,0.07475083056478406,0.2880726795455478,0.20273983839875312,0.2072105327919281,0.30197694926377094,0.8980555817649104,0.10540185622583784,0.9038378414867152,0.09088156651406396,3,0,5,1,0.1,0.02,43,81,noisy,15,208
7,Soft Joss: 0.9,2.2001763668430336,0.5657684262335425,4.0,0.8870431893687708,0.34178253558098526,0.22398589065255733,0.18614905049013575,0.24808252327632177,0.8966202836925833,0.17368347518658184,0.9048312127084042,0.18650827271359496,3,0,5,1,0.1,0.02,43,81,noisy,15,208
8,Meta Mixer: 13 players,2.131393298059965,0.4980517616176531,6.0,0.7358803986710963,0.2493129896230671,0.248738771994586,0.22283745539559496,0.27911078298675196,0.5872177015088089,0.4297229099076842,0.5772845912869241,0.4227403929335048,3,0,5,1,0.1,0.02,43,81,noisy,15,208
9,GTFT: 0.33,2.111992945326279,0.6560436405397646,2.0,0.9069767441860465,0.3895041220622616,0.26653951847750296,0.14960419999179692,0.19435215946843853,0.8942161770690497,0.3660744223449558,0.9000929652224318,0.3756336787988715,3,0,5,1,0.1,0.02,43,81,noisy,15,208
10,Tit For 2 Tats,2.1067019400352733,0.6979205118740003,0.0,0.9086378737541528,0.44762314917353674,0.2502973627004635,0.11675074853369427,0.1853287395923055,0.9005216782708094,0.6450184418238204,0.8981480562004409,0.30423677933451787,3,0,5,1,0.1,0.02,43,81,noisy,15,208
11,Win-Shift Lose-Stay: D,2.0714285714285716,0.5210409745293466,6.0,0.10299003322259136,0.21957671957671956,0.3014642549526271,0.233296419342931,0.24566260612772242,0.09733529207412636,0.9003213008007082,0.8933073380920663,0.09667456637656939,3,0,5,1,0.1,0.02,43,81,noisy,15,208
12,Anti Tit For Tat,2.0476190476190474,0.5450965916082195,6.0,0.8853820598006644,0.1998072269390099,0.3452893646692096,0.24514991181657847,0.20975349657520198,0.10041476375667825,0.8942587961546982,0.09891505413353116,0.8996724961679462,3,0,5,1,0.1,0.02,43,81,noisy,15,208
13,Bully,2.0141093474426808,0.5451581149255568,7.0,0.07475083056478406,0.19506993150404003,0.35008818342151676,0.24096632623764408,0.21387555883679912,0.09923876556557712,0.902645994725056,0.1031970890213143,0.8968332244031609,3,0,5,1,0.1,0.02,43,81,noisy,15,208
14,Cooperator,1.7874779541446209,0.8985480497108405,1.0,0.9102990033222591,0.48367581313317753,0.4148722365776629,0.055596571100447086,0.04585537918871253,0.8948108662706896,0.901073153392176,0.8858647249543553,0.8948038680188253,3,0,5,1,0.1,0.02,43,81,noisy,15,208
0,Meta Winner: 8 players,2.9406565656565657,0.37755968778696053,6.0,0.9681818181818181,0.20376492194674015,0.1737947658402204,0.41866391184573004,0.20377640036730946,0.2714698546867406,0.7093534166089556,0.25982472144799,0.6763205492443376,3,0,5,1,0.03,0.01,55,198,noisy,9,209
1,Win-Stay Lose-Shift,2.884469696969697,0.5111570247933884,6.0,0.9886363636363636,0.354212580348944,0.15694444444444444,0.33461891643709823,0.15422405876951334,0.9703953593625465,0.02881191608633945,0.03035482445938473,0.9677195783782996,3,0,5,1,0.03,0.01,55,198,noisy,9,209
2,Bully,2.765151515151515,0.4100665748393021,6.0,0.029545454545454545,0.2192033976124885,0.1908631772268136,0.3743801652892562,0.2155532598714417,0.03135082163275871,0.9719081119495974,0.029509120978475578,0.9722587283363625,3,0,5,1,0.03,0.01,55,198,noisy,9,209
3,Anti Tit For Tat,2.6767676767676765,0.4236570247933884,6.0,0.9727272727272728,0.22335858585858584,0.2002984389348026,0.36046831955922864,0.21587465564738292,0.028729223485221243,0.9707628383502447,0.03030948631956152,0.9662455600269163,3,0,5,1,0.03,0.01,55,198,noisy,9,209
4,Soft Joss: 0.9,2.5126262626262625,0.7080693296602387,3.0,0.9795454545454545,0.5241161616161616,0.1839531680440771,0.16359044995408634,0.12834022038567494,0.9703674432607167,0.12889523186153445,0.9733774800657164,0.13226757599862543,3,0,5,1,0.03,0.01,55,198,noisy,9,209
5,Win-Shift Lose-Stay: D,2.4015151515151514,0.5992883379247016,5.0,0.038636363636363635,0.2772153351698806,0.3220730027548209,0.2862718089990817,0.11443985307621671,0.030893268086803906,0.9681927369870346,0.9730644069376063,0.028790382918337184,3,0,5,1,0.03,0.01,55,198,noisy,9,209
6,GTFT: 0.33,2.375,0.7668732782369146,2.0,0.9704545454545455,0.5491505968778697,0.217722681359045,0.12428833792470156,0.10883838383838385,0.9703240162516895,0.34470563848185765,0.9703001184078635,0.34345281793114857,3,0,5,1,0.03,0.01,55,198,noisy,9,209
7,Tit For 2 Tats,2.231691919191919,0.791712580348944,1.0,0.9681818181818181,0.5304522497704316,0.26126033057851245,0.10808080808080808,0.10020661157024793,0.9688266457284112,0.7217621312605673,0.9711539634014819,0.3288770908189561,3,0,5,1,0.03,0.01,55,198,noisy,9,209
8,Cooperator,1.5776515151515151,0.9710169880624426,0.0,0.9545454545454546,0.4924471992653811,0.4785697887970615,0.015117079889807162,0.01386593204775023,0.9703988270722708,0.9706184868460417,0.9716810961634508,0.9756643286030089,3,0,5,1,0.03,0.01,55,198,noisy,9,209
0,Grudger,2.977272727272727,0.31047544409613376,6.0,0.978448275862069,0.2237460815047022,0.08672936259143156,0.39563740856844304,0.2938871473354232,0.6495919500948373,0.027947736304477878,0.10080495569243747,0.03664067747551332,3,0,5,1,0.03,0.07,87,11,noisy,9,210
1,Tit For Tat,2.4204545454545454,0.6247387669801463,0.0,0.9770114942528736,0.33111285266457685,0.2936259143155695,0.25862068965517243,0.1166405433646813,0.9713438578694784,0.03150047076757556,0.9656875514930758,0.028126998461567947,3,0,5,1,0.03,0.07,87,11,noisy,9,210
2,Meta Winner: 8 players,2.2954545454545454,0.48014629049111807,4.0,0.9683908045977011,0.23079937304075238,0.24934691745036575,0.27285788923719956,0.24699582027168232,0.5608151483830651,0.7171534598914996,0.14585630319945703,0.358134170766475,3,0,5,1,0.03,0.07,87,11,noisy,9,210
3,Alternator,2.284090909090909,0.5326541274817137,2.0,0.9655172413793104,0.19422675026123304,0.33842737722048066,0.30472831765935215,0.16261755485893417,0.028168696721157606,0.03593466326304855,0.9682113871656812,0.9661532495003198,3,0,5,1,0.03,0.07,87,11,noisy,9,210
4,Cycler DC,2.2613636363636362,0.4533699059561129,3.0,0.035919540229885055,0.14472309299895508,0.3086468129571578,0.3168756530825496,0.2297544409613375,0.1634775969832309,0.07278610676610284,0.9154887887538338,0.8106141293433102,3,0,5,1,0.03,0.07,87,11,noisy,9,210
5,GTFT: 0.33,2.2386363636363633,0.7462121212121212,0.0,0.9583333333333334,0.43116509926854757,0.3150470219435737,0.1649686520376176,0.08881922675026126,0.9724120712908905,0.34760307725219497,0.9739559869814662,0.37661043169182573,3,0,5,1,0.03,0.07,87,11,noisy,9,210
6,Suspicious Tit For Tat,2.159090909090909,0.39537617554858934,3.0,0.027298850574712645,0.15948275862068964,0.23589341692789967,0.2686781609195402,0.33594566353187044,0.9596069408203273,0.031310126502565525,0.970489167441219,0.027382477766974705,3,0,5,1,0.03,0.07,87,11,noisy,9,210
7,Win-Shift Lose-Stay: D,2.102272727272727,0.48693834900731453,3.0,0.021551724137931036,0.19501044932079417,0.2919278996865204,0.24869383490073146,0.26436781609195403,0.024271369711182298,0.9662028191097403,0.9699749369340793,0.022819792931424228,3,0,5,1,0.03,0.07,87,11,noisy,9,210
8,Bully,1.8522727272727273,0.5250783699059561,2.0,0.02586206896551724,0.23654649947753395,0.28853187042842215,0.17711598746081503,0.29780564263322884,0.046639728831655715,0.9609217701372541,0.031634118162083474,0.9710362434958464,3,0,5,1,0.03,0.07,87,11,noisy,9,210
0,Evolved FSM 16,2.825892857142857,0.6994977678571429,4.0,0.9732142857142857,0.5594308035714286,0.14006696428571427,0.20842633928571427,0.09207589285714286,0.7973124353739244,0.26812046780248183,0.6799494005256849,0.250581584874348,3,0,5,1,0.03,0.08,32,8,noisy,15,211
1,Evolved HMM 5,2.8035714285714284,0.7081473214285714,5.0,0.9620535714285714,0.5970982142857143,0.11104910714285714,0.18024553571428573,0.11160714285714286,0.929427469878514,0.28698529173632426,0.3206268607814362,0.1536349429114287,3,0,5,1,0.03,0.08,32,8,noisy,15,211
2,Bully,2.669642857142857,0.38978794642857145,8.0,0.024553571428571428,0.166015625,0.22377232142857142,0.3861607142857143,0.22405133928571427,0.04250581219412988,0.9752519766988269,0.04037394767854641,0.9697073496263273,3,0,5,1,0.03,0.08,32,8,noisy,15,211
3,Alternator,2.6517857142857144,0.5108816964285714,7.0,0.9709821428571429,0.29715401785714285,0.21372767857142858,0.31863839285714285,0.17047991071428573,0.028320365645358826,0.03240079143582513,0.9595231021498716,0.9828634836393596,3,0,5,1,0.03,0.08,32,8,noisy,15,211
4,Suspicious Tit For Tat,2.6428571428571432,0.5920758928571429,6.0,0.03794642857142857,0.37137276785714285,0.220703125,0.27762276785714285,0.13030133928571427,0.9705022465657008,0.03074282953561108,0.9685845058713319,0.059929037453409904,3,0,5,1,0.03,0.08,32,8,noisy,15,211
5,"DoubleCrosser: (D, D)",2.6339285714285716,0.7154017857142857,7.0,0.9642857142857143,0.5505022321428571,0.16489955357142858,0.17550223214285715,0.10909598214285714,0.836813871225418,0.8266116037043181,0.14452719601196076,0.278258547008547,3,0,5,1,0.03,0.08,32,8,noisy,15,211
6,Tit For Tat,2.602678571428571,0.7388392857142857,2.0,0.9799107142857143,0.5580357142857143,0.18080357142857142,0.16015625,0.10100446428571429,0.9616161491560382,0.051552978811021624,0.9666229865041672,0.056038658820344346,3,0,5,1,0.03,0.08,32,8,noisy,15,211
7,Soft Joss: 0.9,2.575892857142857,0.7901785714285714,1.0,0.9776785714285714,0.6051897321428571,0.18498883928571427,0.13588169642857142,0.07393973214285714,0.9727221541916643,0.1253403870389282,0.9731123373043997,0.22808772631859764,3,0,5,1,0.03,0.08,32,8,noisy,15,211
8,Meta Mixer: 14 players,2.575892857142857,0.6537388392857143,6.0,0.8258928571428571,0.45424107142857145,0.19949776785714285,0.21902901785714285,0.12723214285714285,0.6822150367335382,0.46317549454788914,0.6861170119598524,0.5250271747216171,3,0,5,1,0.03,0.08,32,8,noisy,15,211
9,Random: 0.5,2.5669642857142856,0.5047433035714286,8.0,0.5133928571428571,0.30050223214285715,0.20424107142857142,0.29575892857142855,0.19949776785714285,0.4928672337161148,0.5166021285498015,0.490940981579817,0.5495479043939417,3,0,5,1,0.03,0.08,32,8,noisy,15,211
10,Win-Stay Lose-Shift,2.5089285714285716,0.7366071428571429,2.0,0.9799107142857143,0.5753348214285714,0.16127232142857142,0.13253348214285715,0.130859375,0.970673462851502,0.04583018689443091,0.04938874895780495,0.9916862026662391,3,0,5,1,0.03,0.08,32,8,noisy,15,211
11,GTFT: 0.33,2.477678571428571,0.833984375,1.0,0.9709821428571429,0.6316964285714286,0.20228794642857142,0.099609375,0.06640625,0.9782882915776971,0.37525244858573825,0.9416077559550465,0.3217710097548807,3,0,5,1,0.03,0.08,32,8,noisy,15,211
12,Anti Tit For Tat,2.4375,0.5011160714285714,7.0,0.9776785714285714,0.25111607142857145,0.25,0.29185267857142855,0.20703125,0.03398615235658642,0.9695611451868054,0.029154003555127914,0.9509401773896199,3,0,5,1,0.03,0.08,32,8,noisy,15,211
13,Tit For 2 Tats,2.3839285714285716,0.908203125,0.0,0.9553571428571429,0.6953125,0.212890625,0.05078125,0.041015625,0.9782430131744394,0.8144480032844796,0.9868697478991597,0.39000316105579264,3,0,5,1,0.03,0.08,32,8,noisy,15,211
14,Cooperator,2.178571428571429,0.9723772321428571,0.0,0.9598214285714286,0.6905691964285714,0.2818080357142857,0.019810267857142856,0.0078125,0.9769121592523503,0.9778428091088323,1.0,0.9761904761904763,3,0,5,1,0.03,0.08,32,8,noisy,15,211
0,Bully,2.355421686746988,0.47498326639892907,3.0,0.09722222222222222,0.3036813922356091,0.17130187416331993,0.22257362784471216,0.3024431057563588,0.0841116344455347,0.924951987423008,0.07919995091745569,0.9163927495628075,3,0,5,1,0.08,0.04,90,166,noisy,5,212
1,Alternator,2.2289156626506026,0.5011713520749665,2.0,0.9194444444444444,0.3116465863453815,0.18952476572958502,0.19867804551539492,0.30015060240963853,0.07924087314734266,0.07750047893909395,0.9171037370915915,0.9224031140328783,3,0,5,1,0.08,0.04,90,166,noisy,5,212
2,Meta Mixer: 3 players,2.219879518072289,0.49183400267737615,2.0,0.35555555555555557,0.2697289156626506,0.2221050870147256,0.22665662650602408,0.2815093708165997,0.28017137264611547,0.6317511902750323,0.4293495913997391,0.6385126337744429,3,0,5,1,0.08,0.04,90,166,noisy,5,212
3,Win-Shift Lose-Stay: D,2.0542168674698793,0.4397590361445783,1.5,0.1,0.2200970548862115,0.21966198125836678,0.2098728246318608,0.3503681392235609,0.07964188921893328,0.9186170309911459,0.9215971575666344,0.08063802959516425,3,0,5,1,0.08,0.04,90,166,noisy,5,212
4,Meta Winner: 3 players,1.949548192771084,0.47185408299866133,1.0,0.9305555555555556,0.2327309236947791,0.23912315930388217,0.18393574297188753,0.3442101740294512,0.2738405868104703,0.6098141177302482,0.8028684183160744,0.364616716875962,3,0,5,1,0.08,0.04,90,166,noisy,5,212
0,Bully,2.752923976608187,0.4139016018306636,5.0,0.09239130434782608,0.2616323417238749,0.15226926010678868,0.3422006102212052,0.2438977879481312,0.10035482617085878,0.8988372561076924,0.10118311632479234,0.9004303333233089,3,0,5,1,0.1,0.02,92,114,noisy,7,213
1,Anti Tit For Tat,2.6710526315789473,0.429872234935164,5.0,0.9021739130434783,0.26446097126875157,0.1654112636664124,0.32756483600305114,0.2425629290617849,0.09508535553000615,0.8944284324758728,0.10138788522000254,0.9007038350878046,3,0,5,1,0.1,0.02,92,114,noisy,7,213
2,Alternator,2.6359649122807016,0.5016050088990592,5.0,0.9021739130434783,0.30062929061784893,0.20097571828121027,0.30762140859394865,0.19077358250699214,0.10085346025002458,0.10000418395539384,0.8961092887007801,0.8991337621497394,3,0,5,1,0.1,0.02,92,114,noisy,7,213
3,Meta Winner: 6 players,2.5935672514619883,0.4672006102212052,3.0,0.9221014492753623,0.23059687261632345,0.23660373760488176,0.3430428426137808,0.189756547165014,0.43684472765716614,0.6217687361848575,0.47393022811477553,0.6539911364622146,3,0,5,1,0.1,0.02,92,114,noisy,7,213
4,Soft Joss: 0.9,2.41812865497076,0.6131610729722858,2.0,0.9166666666666666,0.36374904652936685,0.24941202644291885,0.23606343757945591,0.15077548944825833,0.8994826288522034,0.17955820829752675,0.8977177120564761,0.17331113186187083,3,0,5,1,0.1,0.02,92,114,noisy,7,213
5,GTFT: 0.33,2.2097953216374266,0.6713227815916603,1.0,0.8967391304347826,0.3811181032290872,0.29020467836257313,0.1850527587083651,0.1436244596999746,0.900389191916742,0.36458391995052963,0.899787689686338,0.37888434747637006,3,0,5,1,0.1,0.02,92,114,noisy,7,213
6,Cooperator,1.503654970760234,0.9015700483091788,0.0,0.9003623188405797,0.41116831934909737,0.49040172896008133,0.04373251970505975,0.05469743198576151,0.9035899177641241,0.9007681558302923,0.9093043739553824,0.904936394886566,3,0,5,1,0.1,0.02,92,114,noisy,7,213
0,"DoubleCrosser: (D, D)",1.8359375,0.346875,1.0,0.9416666666666667,0.251171875,0.095703125,0.1095703125,0.5435546875,0.6258531900892215,0.4210152056902664,0.2315098178956907,0.096908141621798,3,0,5,1,0.09,0.04,60,128,noisy,3,214
1,Defector,1.60546875,0.08854166666666667,2.0,0.05,0.0162109375,0.07233072916666666,0.16536458333333334,0.74609375,0.1252415458937198,0.10880963565270896,0.08295394134081371,0.08764436210857893,3,0,5,1,0.09,0.04,60,128,noisy,3,214
2,Tit For 2 Tats,1.568359375,0.4401041666666667,0.0,0.9583333333333334,0.2583984375,0.18170572916666666,0.0748046875,0.48509114583333335,0.9116068285814853,0.4739897394720043,0.9088766498731995,0.10529229457886863,3,0,5,1,0.09,0.04,60,128,noisy,3,214
0,Evolved HMM 5,2.827256944444444,0.33501157407407406,12.0,0.9625,0.23234953703703703,0.10266203703703702,0.3628858024691358,0.3021026234567901,0.7625562121646783,0.3495860327547618,0.10750682719992152,0.1572705650312916,3,0,5,1,0.04,0.09,45,72,noisy,17,215
1,Defector,2.7881944444444446,0.03991126543209877,16.0,0.041666666666666664,0.018402777777777782,0.021508487654320993,0.44367283950617287,0.5164158950617284,0.05290036379664987,0.05407507565796978,0.0407025159397396,0.037294515256401574,3,0,5,1,0.04,0.09,45,72,noisy,17,215
2,Meta Winner: 15 players,2.7647569444444446,0.08078703703703703,15.0,0.95,0.04211033950617284,0.0386766975308642,0.42743055555555565,0.4917824074074074,0.353380938993179,0.25852038919777576,0.06192929791731677,0.07333720650262274,3,0,5,1,0.04,0.09,45,72,noisy,17,215
3,Evolved FSM 16,2.6597222222222223,0.36298225308641974,11.0,0.9611111111111111,0.18613040123456787,0.17685185185185187,0.3678240740740742,0.2691936728395061,0.48255532359062037,0.4290689643381571,0.28562086237216827,0.3064303647771475,3,0,5,1,0.04,0.09,45,72,noisy,17,215
4,Tit For Tat,2.2803819444444446,0.5352623456790123,6.0,0.9652777777777778,0.31591435185185185,0.21934799382716053,0.21743827160493828,0.24729938271604934,0.9583569093208096,0.03971974474741454,0.9560442653798541,0.04337559228484868,3,0,5,1,0.04,0.09,45,72,noisy,17,215
5,Suspicious Tit For Tat,2.2760416666666665,0.5112461419753086,8.0,0.034722222222222224,0.2915509259259259,0.21969521604938272,0.2265817901234568,0.26217206790123454,0.963007690602663,0.04312619907640476,0.9630023572509755,0.04088142012462497,3,0,5,1,0.04,0.09,45,72,noisy,17,215
6,Soft Joss: 0.9,2.2473958333333335,0.5926311728395062,3.0,0.9708333333333333,0.35532407407407407,0.2373070987654321,0.19367283950617284,0.21369598765432102,0.9644502138215844,0.1370775364106001,0.9587614312295851,0.126333207634238,3,0,5,1,0.04,0.09,45,72,noisy,17,215
7,Win-Stay Lose-Shift,2.220486111111111,0.5179205246913581,7.0,0.9652777777777778,0.2640046296296296,0.2539158950617284,0.23427854938271606,0.24780092592592592,0.9593992870953261,0.03805226124611799,0.0464284855044759,0.9607163046849675,3,0,5,1,0.04,0.09,45,72,noisy,17,215
8,GTFT: 0.33,2.118923611111111,0.6866319444444444,1.0,0.9666666666666667,0.4073302469135802,0.27930169753086426,0.14456018518518515,0.16880787037037037,0.9586076724474311,0.34815839742536264,0.9607819924214199,0.35478475076322985,3,0,5,1,0.04,0.09,45,72,noisy,17,215
9,Meta Mixer: 15 players,2.0894097222222223,0.48020833333333335,8.0,0.5958333333333333,0.21801697530864197,0.2621913580246914,0.2328896604938272,0.2869020061728395,0.5421486540588709,0.43174071446823536,0.5275851594006378,0.4327852621377179,3,0,5,1,0.04,0.09,45,72,noisy,17,215
10,Random: 0.5,2.0746527777777777,0.4994405864197531,7.0,0.4861111111111111,0.22528935185185184,0.27415123456790125,0.22523148148148148,0.27532793209876544,0.4888336549842155,0.5003827236864197,0.5051837682612048,0.5073279794800718,3,0,5,1,0.04,0.09,45,72,noisy,17,215
11,Alternator,2.0460069444444446,0.5033371913580247,6.0,0.9638888888888889,0.19643132716049383,0.3069058641975309,0.2393711419753087,0.25729166666666664,0.03984170062515346,0.03906168824836871,0.9579926084933879,0.9614604261028379,3,0,5,1,0.04,0.09,45,72,noisy,17,215
12,Cycler DC,2.0381944444444446,0.500462962962963,6.0,0.05555555555555555,0.19324845679012345,0.30721450617283946,0.24079861111111112,0.25873842592592594,0.12432593934791478,0.09903584375902365,0.908320107682066,0.8590750285598634,3,0,5,1,0.04,0.09,45,72,noisy,17,215
13,Win-Shift Lose-Stay: D,1.96875,0.542746913580247,7.0,0.029166666666666667,0.2077932098765432,0.3349537037037037,0.22067901234567905,0.23657407407407405,0.04460880411636913,0.955046184102591,0.9600384704351124,0.03765847152973284,3,0,5,1,0.04,0.09,45,72,noisy,17,215
14,Bully,1.9288194444444444,0.5579861111111111,7.0,0.04583333333333333,0.2090470679012346,0.34893904320987656,0.21882716049382714,0.22318672839506176,0.03770410134310096,0.9524451741507105,0.03548446497997127,0.9611125885383422,3,0,5,1,0.04,0.09,45,72,noisy,17,215
15,Anti Tit For Tat,1.9114583333333333,0.574440586419753,6.0,0.9736111111111111,0.21697530864197534,0.35746527777777776,0.20868055555555556,0.21687885802469137,0.04016154711807157,0.9578087010520471,0.0400311914916592,0.9544668388692668,3,0,5,1,0.04,0.09,45,72,noisy,17,215
16,Cooperator,1.5442708333333335,0.9618634259259259,0.0,0.9666666666666667,0.4790702160493827,0.4827932098765433,0.019058641975308644,0.01907793209876544,0.9629390952123017,0.9628319604587549,0.9562586271060481,0.9787263932184933,3,0,5,1,0.04,0.09,45,72,noisy,17,215
0,Defector,2.618131868131868,0.057757718472004185,12.5,0.038461538461538464,0.02511773940345369,0.0326399790685505,0.4032574568288855,0.5389848246991102,0.05633056409567002,0.07306044634227189,0.05892014011039112,0.053621772426097364,3,0,5,1,0.06,0.08,12,98,noisy,14,216
1,Grudger,2.576530612244898,0.11329147043432758,11.0,0.9230769230769231,0.07018576661433805,0.04310570381998954,0.37114076399790685,0.5155677655677655,0.5124591665644199,0.06242096475027484,0.08042729827099539,0.060662740343582426,3,0,5,1,0.06,0.08,12,98,noisy,14,216
2,Meta Winner: 13 players,2.5565149136577707,0.08882783882783883,11.5,0.9743589743589743,0.04186289900575615,0.04696493982208268,0.3839612768184197,0.5272108843537414,0.3010894832943089,0.17158816638585248,0.07483360592099599,0.07052732328451992,3,0,5,1,0.06,0.08,12,98,noisy,14,216
3,Evolved HMM 5,2.5372841444270016,0.31724228152799583,9.0,0.9615384615384616,0.18491627420198847,0.1323260073260073,0.32057823129251695,0.36217948717948717,0.7471150164893314,0.3592300201685094,0.1314475104564311,0.18274478545898545,3,0,5,1,0.06,0.08,12,98,noisy,14,216
4,Evolved FSM 16,2.3865777080062793,0.3568158032443747,8.0,0.9423076923076923,0.15364992150706436,0.20316588173731026,0.31953165881737317,0.3236525379382522,0.4657817441431261,0.41128653954609007,0.2621640156907762,0.3026268099413725,3,0,5,1,0.06,0.08,12,98,noisy,14,216
5,Suspicious Tit For Tat,2.205259026687598,0.4791993720565149,7.5,0.07692307692307693,0.2696886446886447,0.20951072736787024,0.21598639455782315,0.30481423338566194,0.9303968179505794,0.0559101959560734,0.9478812369178987,0.06080054057249748,3,0,5,1,0.06,0.08,12,98,noisy,14,216
6,Soft Joss: 0.9,2.077708006279435,0.5307430664573521,2.0,0.9487179487179487,0.2970303506017792,0.23371271585557302,0.18072998430141288,0.2885269492412349,0.9316170860334171,0.15307694508288586,0.9481666842157737,0.16708904441653208,3,0,5,1,0.06,0.08,12,98,noisy,14,216
7,GTFT: 0.33,1.9658555729984304,0.6380167451596023,1.0,0.8974358974358975,0.34988226059654626,0.288134484563056,0.13716640502354788,0.2248168498168498,0.9401419505607762,0.34509189929995976,0.9464627649156936,0.3633437183420932,3,0,5,1,0.06,0.08,12,98,noisy,14,216
8,Win-Stay Lose-Shift,1.8983516483516483,0.5425170068027211,5.0,0.9423076923076923,0.25876504447933013,0.2837519623233909,0.17274986917844057,0.2847331240188383,0.9417558023873175,0.06712996010730451,0.05497488606540054,0.9413390734042092,3,0,5,1,0.06,0.08,12,98,noisy,14,216
9,Random: 0.5,1.890894819466248,0.5030088958660387,5.0,0.5,0.20440868655154368,0.29860020931449505,0.2013343799058085,0.29565672422815276,0.5114347071700718,0.5064880268068909,0.4891082609040888,0.49564284710823625,3,0,5,1,0.06,0.08,12,98,noisy,14,216
10,Cycler DC,1.8826530612244898,0.49973835688121404,5.0,0.07692307692307693,0.17425431711145997,0.3254840397697541,0.2152668759811617,0.28499476713762434,0.15632468789294432,0.12477616883688102,0.8851927064513259,0.8432197060527802,3,0,5,1,0.06,0.08,12,98,noisy,14,216
11,Alternator,1.881083202511774,0.5040554683411826,4.5,0.9743589743589743,0.17745944531658817,0.32659602302459445,0.2146781789638933,0.28126635269492406,0.060781230610985074,0.06813374073687911,0.9407109708807098,0.9421390173353899,3,0,5,1,0.06,0.08,12,98,noisy,14,216
12,Bully,1.7260596546310831,0.5994897959183674,5.0,0.07051282051282051,0.18890633176347463,0.4105834641548928,0.19001831501831506,0.21049188906331767,0.061815115830490784,0.9410477907345366,0.06656906079593865,0.9324684968772012,3,0,5,1,0.06,0.08,12,98,noisy,14,216
13,Cooperator,1.4250392464678179,0.9368131868131868,0.0,0.967948717948718,0.4173207744636316,0.5194924123495552,0.027668759811616952,0.035518053375196236,0.9376666782383781,0.9341092811498111,0.9401679358036508,0.9427059088495343,3,0,5,1,0.06,0.08,12,98,noisy,14,216
0,Grudger,2.328054298642534,0.1113283775048481,11.0,0.9230769230769231,0.05588235294117646,0.05544602456367161,0.3191580478345184,0.5695135746606336,0.4362443922070299,0.0755220045249463,0.09036258611365486,0.07737380514489482,3,0,5,1,0.08,0.01,70,136,noisy,14,217
1,Defector,2.322680995475113,0.08046218487394959,12.0,0.08681318681318681,0.028959276018099556,0.05150290885585003,0.32714932126696833,0.5923884938590821,0.08099030361662946,0.0768315148012973,0.0845896784581954,0.07942880922621967,3,0,5,1,0.08,0.01,70,136,noisy,14,217
2,Meta Winner: 12 players,2.322680995475113,0.09398836457659987,11.0,0.9208791208791208,0.03784744667097607,0.056140917905623776,0.324248545572075,0.5817630898513252,0.24816837527539082,0.11665904284028636,0.08557422544764824,0.08127606925276884,3,0,5,1,0.08,0.01,70,136,noisy,14,217
3,Evolved HMM 5,2.2440610859728505,0.3318600517129929,7.0,0.9032967032967033,0.16586134453781515,0.16599870717517776,0.26766321913380736,0.40047672915319976,0.7347580678964669,0.3555834820571708,0.15693735167155254,0.2235955077730384,3,0,5,1,0.08,0.01,70,136,noisy,14,217
4,"DoubleCrosser: (D, D)",2.2310520361990953,0.27053975436328376,9.0,0.9230769230769231,0.17850678733031672,0.09203296703296705,0.23967356173238524,0.489786683904331,0.6948270634851871,0.42428795520393275,0.181155759065893,0.09711998664671052,3,0,5,1,0.08,0.01,70,136,noisy,14,217
5,Evolved FSM 16,2.1162330316742084,0.34990303813833223,8.0,0.9175824175824175,0.1264382676147382,0.2234647705235941,0.271961861667744,0.3781351001939237,0.4485894084801141,0.4329871448935045,0.26126122763847487,0.30085894240291156,3,0,5,1,0.08,0.01,70,136,noisy,14,217
6,Tit For Tat,2.0757918552036196,0.459082094376212,5.0,0.9,0.2505817711700064,0.20850032320620557,0.19780219780219782,0.3431157078215902,0.9154888480496134,0.0778713794019956,0.9212270013042472,0.079744651490427,3,0,5,1,0.08,0.01,70,136,noisy,14,217
7,Suspicious Tit For Tat,2.036764705882353,0.43392857142857144,5.0,0.07252747252747253,0.22436974789915964,0.20955882352941171,0.1988283775048481,0.3672430510665805,0.91973320830015,0.07601629084922873,0.922250109819055,0.08037465981429823,3,0,5,1,0.08,0.01,70,136,noisy,14,217
8,Meta Mixer: 12 players,1.927319004524887,0.3925420168067227,7.0,0.6406593406593407,0.15596315449256626,0.23657886231415645,0.21526341305753072,0.3921945701357466,0.5315669326302115,0.32236749629975353,0.5085012830749551,0.31115708007576415,3,0,5,1,0.08,0.01,70,136,noisy,14,217
9,GTFT: 0.33,1.8718891402714932,0.6173804137039431,1.0,0.9230769230769231,0.311384938590821,0.30599547511312214,0.14197640594699418,0.2406431803490627,0.922787875824214,0.35269681722167595,0.9220884106508512,0.35732354023045176,3,0,5,1,0.08,0.01,70,136,noisy,14,217
10,Alternator,1.770927601809955,0.5008160956690368,4.0,0.9252747252747253,0.1378474466709761,0.36296864899806075,0.2146897220426632,0.2844941822882999,0.08095874882783226,0.07657611154131919,0.915535955078071,0.9193090739369795,3,0,5,1,0.08,0.01,70,136,noisy,14,217
11,Cycler DC,1.7632918552036199,0.499991919844861,4.0,0.08021978021978023,0.14066742081447967,0.3593244990303814,0.21021331609566904,0.28979476405946997,0.19262718056447464,0.13279375511136696,0.8672446111722845,0.8051442962531327,3,0,5,1,0.08,0.01,70,136,noisy,14,217
12,Win-Shift Lose-Stay: D,1.7607466063348416,0.5112152553329024,4.0,0.07362637362637363,0.17895927601809955,0.33225597931480283,0.18551228183581123,0.30327246283128634,0.08026509760479748,0.9183985917009181,0.9170530290118479,0.07949679821241448,3,0,5,1,0.08,0.01,70,136,noisy,14,217
13,Cooperator,1.5240384615384615,0.9204993535875888,0.0,0.9296703296703297,0.42962992889463475,0.4908694246929542,0.03649806076276664,0.04300258564964448,0.9206249337016519,0.9213505027766427,0.9231485874396534,0.9209872274860486,3,0,5,1,0.08,0.01,70,136,noisy,14,217
0,Grudger,2.71984649122807,0.12108004385964913,12.0,0.8916666666666667,0.0639391447368421,0.057140899122807016,0.41108826754385963,0.46783168859649127,0.32059164912956634,0.09251803641684432,0.10694853294021889,0.09839634820639483,3,0,5,1,0.1,0.02,40,152,noisy,13,218
1,Meta Winner: 11 players,2.6685855263157894,0.1397203947368421,11.0,0.8895833333333333,0.0684484649122807,0.0712719298245614,0.40046600877192984,0.45981359649122816,0.2224293369650867,0.31158001938112134,0.11321637646846883,0.14914269676499659,3,0,5,1,0.1,0.02,40,152,noisy,13,218
2,Evolved HMM 5,2.622532894736842,0.2873218201754386,10.0,0.9145833333333333,0.15662006578947366,0.1307017543859649,0.360608552631579,0.35206962719298246,0.6224000919228942,0.3234080679125815,0.15447930010578084,0.21155996919613207,3,0,5,1,0.1,0.02,40,152,noisy,13,218
3,Win-Stay Lose-Shift,2.2409539473684212,0.4849643640350877,6.0,0.8875,0.2254797149122807,0.259484649122807,0.2629797149122807,0.25205592105263164,0.8938940382477601,0.10433708403052665,0.09931909591675801,0.8996206866067863,3,0,5,1,0.1,0.02,40,152,noisy,13,218
4,Tit For Tat,2.2297149122807016,0.5049890350877193,5.0,0.90625,0.27657620614035094,0.22841282894736845,0.22632949561403512,0.2686814692982456,0.8992175828297756,0.09739805564947229,0.9018363689298775,0.09140094158212336,3,0,5,1,0.1,0.02,40,152,noisy,13,218
5,Alternator,2.1559758771929824,0.5013157894736842,5.0,0.88125,0.2355126096491228,0.2658031798245614,0.23689692982456143,0.26178728070175433,0.10069085875743271,0.10059985680004589,0.9008708319607708,0.9027086402587244,3,0,5,1,0.1,0.02,40,152,noisy,13,218
6,Cycler DC,2.1491228070175437,0.5007538377192983,5.0,0.09375,0.23460800438596488,0.26614583333333336,0.23584155701754386,0.2634046052631579,0.1927918530291781,0.19269153454353347,0.8091106435913488,0.8088648044885015,3,0,5,1,0.1,0.02,40,152,noisy,13,218
7,Meta Mixer: 11 players,2.146655701754386,0.49453125,5.0,0.6583333333333333,0.2371025219298246,0.25742872807017547,0.2331140350877193,0.2723547149122807,0.5254936073053164,0.48043873055196246,0.5178166504754734,0.47203490160270917,3,0,5,1,0.1,0.02,40,152,noisy,13,218
8,Random: 0.5,2.1321271929824563,0.4995888157894737,5.0,0.49166666666666664,0.23105811403508772,0.268530701754386,0.23378563596491228,0.26662554824561396,0.500004466323464,0.5078433453556207,0.4910896884739498,0.5006619838018757,3,0,5,1,0.1,0.02,40,152,noisy,13,218
9,Win-Shift Lose-Stay: D,2.057565789473684,0.5295641447368421,5.0,0.125,0.22150493421052633,0.3080592105263158,0.230359100877193,0.2400767543859649,0.10002341605642956,0.9000235368019386,0.9052394467026762,0.10066194023747708,3,0,5,1,0.1,0.02,40,152,noisy,13,218
10,Bully,2.033717105263158,0.5358826754385965,6.0,0.1125,0.2224917763157895,0.31339089912280704,0.22737116228070178,0.2367461622807018,0.101082981569244,0.9023290402524501,0.09586456169084723,0.8933221677780018,3,0,5,1,0.1,0.02,40,152,noisy,13,218
11,Tit For 2 Tats,1.9232456140350875,0.6829769736842105,1.0,0.8916666666666667,0.38100328947368417,0.30197368421052634,0.11646107456140353,0.200561951754386,0.9006540644447121,0.6369991975299043,0.9073786542874521,0.338486638039231,3,0,5,1,0.1,0.02,40,152,noisy,13,218
12,Cooperator,1.500548245614035,0.8999862938596491,0.0,0.9083333333333333,0.40829221491228074,0.49169407894736844,0.04473684210526316,0.055276864035087726,0.9011783863861651,0.8994730619823087,0.9042598313884297,0.9011238168719631,3,0,5,1,0.1,0.02,40,152,noisy,13,218
0,Evolved HMM 5,2.7982456140350878,0.13178060092760638,2.0,1.0,0.06281508368622707,0.06896551724137931,0.43819318410969954,0.4300262149626941,0.9899799599198397,0.3130265567765568,0.010520778537611783,0.1412133891213389,3,0,5,1,0.0,0.01,87,57,noisy,3,219
1,Random: 0.5,1.763157894736842,0.49959669288162933,0.0,0.46551724137931033,0.1788667069973785,0.32072998588425083,0.18370639241782616,0.3166969147005445,0.4760263383910679,0.4979155548566194,0.5011199421965318,0.5073221757322175,3,0,5,1,0.0,0.01,87,57,noisy,3,219
2,Alternator,1.4473684210526316,0.5087719298245614,0.0,1.0,0.13964508973583384,0.36912684008872754,0.13692276668683204,0.35430530348860656,0.0,0.0,1.0,1.0,3,0,5,1,0.0,0.01,87,57,noisy,3,219
0,Evolved HMM 5,3.200487012987013,0.30332167832167833,7.0,0.989010989010989,0.24494255744255744,0.05837912087912089,0.4409340659340659,0.2557442557442558,0.7203778369741275,0.33114994395409336,0.09802166064385905,0.13859614596808442,3,0,5,1,0.03,0.06,26,88,noisy,8,220
1,Alternator,2.3530844155844157,0.5023101898101898,4.0,0.9615384615384616,0.2749125874125874,0.2273976023976024,0.2589285714285714,0.23876123876123875,0.03024914209592884,0.03657635137878566,0.9697255360611591,0.9703254084702578,3,0,5,1,0.03,0.06,26,88,noisy,8,220
2,Cycler DC,2.3433441558441555,0.5000624375624375,4.0,0.038461538461538464,0.26873126873126874,0.2313311688311688,0.25892857142857145,0.241008991008991,0.0698135155737735,0.09998937143810685,0.9122974674387985,0.911406178644522,3,0,5,1,0.03,0.06,26,88,noisy,8,220
3,Win-Shift Lose-Stay: D,2.331980519480519,0.5565684315684316,4.0,0.027472527472527472,0.2640484515484516,0.29251998001998003,0.27235264735264736,0.1710789210789211,0.039343664240361946,0.9751939159183431,0.96751465704828,0.028476011294923657,3,0,5,1,0.03,0.06,26,88,noisy,8,220
4,Meta Mixer: 7 players,2.270292207792208,0.5164835164835165,3.0,0.7307692307692307,0.2752247752247752,0.24125874125874128,0.24244505494505494,0.24107142857142858,0.5249230225857056,0.5220551994718523,0.527618188456172,0.48693434256276896,3,0,5,1,0.03,0.06,26,88,noisy,8,220
5,GTFT: 0.33,2.2678571428571432,0.7193431568431569,1.0,0.989010989010989,0.4171453546453546,0.3021978021978022,0.18013236763236762,0.10052447552447553,0.9693610796636023,0.3342080165862013,0.9760918333874786,0.32863422973925305,3,0,5,1,0.03,0.06,26,88,noisy,8,220
6,Anti Tit For Tat,2.120941558441558,0.5223526473526473,4.0,0.967032967032967,0.2718531468531468,0.25049950049950054,0.20922827172827171,0.2684190809190809,0.028101223322257878,0.9674063088532447,0.0279584829293047,0.9690866101154771,3,0,5,1,0.03,0.06,26,88,noisy,8,220
7,Tit For 2 Tats,2.0146103896103895,0.8590784215784216,0.0,0.9835164835164835,0.5304695304695304,0.32860889110889113,0.06924325674325675,0.07167832167832168,0.9679335785071009,0.7935832319726124,0.969688204772954,0.37550246603346343,3,0,5,1,0.03,0.06,26,88,noisy,8,220
0,Grudger,2.5536700868192583,0.11127958016588432,13.0,0.9298245614035088,0.05499937689527686,0.056280203270607454,0.373205112228084,0.5155153076060317,0.3372603132013265,0.08367255504858077,0.09981902483605677,0.08722744341179811,3,0,5,1,0.09,0.1,57,181,noisy,15,221
1,Defector,2.5323599052880823,0.08983785430426897,13.0,0.08270676691729323,0.037462440631966666,0.05237541367230231,0.3778230105650867,0.5323391351306442,0.09179774829187307,0.09105790498810272,0.08995578526092918,0.08980847824437797,3,0,5,1,0.09,0.1,57,181,noisy,15,221
2,"DoubleCrosser: (D, D)",2.4605367008681926,0.25777150057464104,10.0,0.9260651629072681,0.16792672288455948,0.08984477769008156,0.3042551129204226,0.4379733865049364,0.6227983674679493,0.4104394349074381,0.17400513516937702,0.1021284823095194,3,0,5,1,0.09,0.1,57,181,noisy,15,221
3,Evolved FSM 16,2.428966061562747,0.26875199047342113,11.0,0.9147869674185464,0.11022722552236949,0.15852476495105167,0.3430053033135324,0.3882427062130464,0.37369671650091607,0.36381165403884735,0.22154758526485444,0.22281016918458138,3,0,5,1,0.09,0.1,57,181,noisy,15,221
4,Tit For Tat,2.1404893449092346,0.48227613231974964,6.0,0.9197994987468672,0.266550353785015,0.2157257785347346,0.20882316287957464,0.3089007048006757,0.9104785042092486,0.08688520811257076,0.9127535506236413,0.08886042818006538,3,0,5,1,0.09,0.1,57,181,noisy,15,221
5,Win-Stay Lose-Shift,2.1306235201262824,0.4934504770212825,6.0,0.9223057644110275,0.2265331837881998,0.2669172932330827,0.24361317658787854,0.26293634639083896,0.9124181855463458,0.08771090301352488,0.08641909399836012,0.9117533619167212,3,0,5,1,0.09,0.1,57,181,noisy,15,221
6,Suspicious Tit For Tat,2.1239147592738754,0.46847782439524227,6.0,0.11904761904761904,0.2524404934989407,0.21603733089630153,0.20988244090890212,0.32163973469585566,0.9114792443116443,0.0919617678028246,0.91233512601568,0.09080998426780908,3,0,5,1,0.09,0.1,57,181,noisy,15,221
7,Soft Joss: 0.9,2.106156274664562,0.533668425206663,3.0,0.9047619047619048,0.29497085254572897,0.2386975726609341,0.19201318212658716,0.27431839266674973,0.906922635567854,0.1723410407637158,0.9104649070649407,0.17373159363734142,3,0,5,1,0.09,0.1,57,181,noisy,15,221
8,Meta Mixer: 14 players,2.0761641673243885,0.4340478267491934,9.0,0.6140350877192983,0.19271244409365956,0.24133538265553386,0.23471662581869032,0.3312355474321162,0.5259161737756258,0.3660074916007948,0.5220943112015944,0.36799911389581635,3,0,5,1,0.09,0.1,57,181,noisy,15,221
9,Cycler DC,2.018942383583268,0.498726097010482,5.0,0.07518796992481203,0.18465362300779573,0.3140724740026863,0.23982608454838752,0.26144781844113046,0.2018007671383244,0.16038333803060695,0.8409027204862601,0.7863064459563825,3,0,5,1,0.09,0.1,57,181,noisy,15,221
10,Random: 0.5,1.990528808208366,0.5002007781885653,6.0,0.518796992481203,0.21455572633240563,0.2856450518561598,0.21286642019413177,0.28693280161730295,0.49894616589273844,0.4994316122125664,0.4965595608721702,0.49921671356319114,3,0,5,1,0.09,0.1,57,181,noisy,15,221
11,GTFT: 0.33,1.9889502762430937,0.6363837771223639,1.0,0.9072681704260651,0.3471801049585289,0.28920367216383497,0.15172600008308063,0.2118902227945554,0.9114507434237981,0.36365456207890257,0.906141746915176,0.3618800141453954,3,0,5,1,0.09,0.1,57,181,noisy,15,221
12,Win-Shift Lose-Stay: D,1.929755327545383,0.5230271812127003,5.0,0.08521303258145363,0.20162284163447292,0.32140433957822734,0.21103864633960587,0.26593417244769385,0.08321036644061974,0.9091544468473701,0.9092803654242517,0.08779561169138207,3,0,5,1,0.09,0.1,57,181,noisy,15,221
13,Bully,1.8918705603788477,0.5659937135656822,6.0,0.10526315789473684,0.20310444619836887,0.36288926736731325,0.21391877483764662,0.22008751159667123,0.08827229845867526,0.9125089336968576,0.0916180465461103,0.9113118725444586,3,0,5,1,0.09,0.1,57,181,noisy,15,221
14,Cooperator,1.62707182320442,0.9094282667995957,0.0,0.9160401002506265,0.4561541976488183,0.4532740691507775,0.045514338332017894,0.04505739486838645,0.9081190177433912,0.9095103771011287,0.9073820839579173,0.9192977205786924,3,0,5,1,0.09,0.1,57,181,noisy,15,221
0,Grudger,2.2832512315270934,0.15073891625615762,6.0,0.935064935064935,0.0929243170622481,0.057814599193909536,0.28692342140618005,0.5623376623376622,0.5565951299099691,0.06098510310312579,0.08804752675017666,0.06753249261064755,3,0,5,1,0.07,0.09,55,58,noisy,8,222
1,Defector,2.241379310344828,0.07277205553067621,7.0,0.07272727272727272,0.022570532915360503,0.05020152261531572,0.31253918495297806,0.6146887595163457,0.07992337353620997,0.07934159815678905,0.07353946654726651,0.07077057865669914,3,0,5,1,0.07,0.09,55,58,noisy,8,222
2,Meta Mixer: 7 players,2.0788177339901477,0.40564263322884014,4.0,0.7350649350649351,0.1755038065382893,0.23013882669055083,0.2374832064487237,0.35687416032243613,0.5390494144794686,0.3295268242214587,0.5037300822671467,0.32399533833585853,3,0,5,1,0.07,0.09,55,58,noisy,8,222
3,Soft Joss: 0.9,2.061576354679803,0.5209135691894312,1.0,0.9506493506493506,0.26318853560232874,0.2577250335871025,0.19847738468428125,0.2806090461262875,0.9396956642043455,0.15681908849870954,0.9297180985137414,0.14468675693574742,3,0,5,1,0.07,0.09,55,58,noisy,8,222
4,Alternator,2.0591133004926108,0.503269144648455,3.0,0.9272727272727272,0.18934169278996865,0.31392745185848636,0.24854455888938648,0.24818629646215856,0.07275387960805917,0.06671002890064336,0.9289088851164023,0.9331704397484536,3,0,5,1,0.07,0.09,55,58,noisy,8,222
5,Cycler DC,2.039408866995074,0.4993282579489476,3.0,0.06493506493506493,0.183833407971339,0.31549484997760857,0.24572324227496642,0.254948499776086,0.1623203792922657,0.12151058177192675,0.8914382672170845,0.8385056946233064,3,0,5,1,0.07,0.09,55,58,noisy,8,222
6,Win-Stay Lose-Shift,1.9458128078817734,0.52615315718764,2.0,0.9298701298701298,0.23761755485893415,0.28853560232870584,0.19014778325123155,0.2836990595611285,0.9263716576522235,0.07012873189892146,0.07045666666429613,0.9329814395203935,3,0,5,1,0.07,0.09,55,58,noisy,8,222
7,Tit For 2 Tats,1.7832512315270936,0.6651589789520824,0.0,0.9506493506493506,0.373757277205553,0.29140170174652935,0.08540080609046126,0.24944021495745636,0.9201919866471654,0.6545160801425677,0.9268615901349859,0.3382191715351453,3,0,5,1,0.07,0.09,55,58,noisy,8,222
0,Defector,2.8253968253968256,0.09291521486643438,7.0,0.09930313588850175,0.04548974061169182,0.04742547425474254,0.4467673248161053,0.46031746031746035,0.09486916019174083,0.0786388729711553,0.09378879408561572,0.09837522979679836,3,0,5,1,0.09,0.04,82,9,noisy,8,223
1,Grudger,2.515873015873016,0.3975996902826171,4.0,0.9111498257839721,0.27255129694154084,0.12504839334107626,0.2708091366627952,0.3315911730545877,0.7256868535636799,0.08174384743594641,0.17685118396477156,0.10462536401893663,3,0,5,1,0.09,0.04,82,9,noisy,8,223
2,Meta Winner: 7 players,2.4285714285714284,0.2975222609368951,5.0,0.9041811846689896,0.14266356949283782,0.1548586914440573,0.3348819202477739,0.36759581881533104,0.17618631193268072,0.3966326463277446,0.12995538121938474,0.3236542531846912,3,0,5,1,0.09,0.04,82,9,noisy,8,223
3,Bully,2.142857142857143,0.48606271777003485,3.0,0.08362369337979095,0.14556716995741387,0.340495547812621,0.29732868757259007,0.21660859465737511,0.0702882143813097,0.9216149647193511,0.09074546441452906,0.9035943818268585,3,0,5,1,0.09,0.04,82,9,noisy,8,223
4,Random: 0.5,2.134920634920635,0.4893534649632211,3.0,0.4878048780487805,0.2305458768873403,0.2588075880758808,0.23015873015873017,0.28048780487804875,0.49870858467655516,0.48433222262249814,0.4846790735865133,0.4891198471034836,3,0,5,1,0.09,0.04,82,9,noisy,8,223
5,Tit For Tat,2.1031746031746033,0.5588463027487418,1.0,0.9076655052264808,0.3476577622919086,0.21118854045683316,0.15679442508710803,0.2843592721641502,0.8849977911962299,0.09679412551499647,0.9046080971308709,0.09321156462899294,3,0,5,1,0.09,0.04,82,9,noisy,8,223
6,GTFT: 0.33,1.992063492063492,0.6664730933023616,1.0,0.9163763066202091,0.3873403019744483,0.27913279132791324,0.1233062330623306,0.21022067363530775,0.896341182386557,0.34659373205378025,0.8877312888617012,0.346432384956144,3,0,5,1,0.09,0.04,82,9,noisy,8,223
7,Cooperator,1.5396825396825398,0.9088269454123112,0.0,0.9233449477351916,0.4223770809136663,0.486449864498645,0.04336043360433604,0.04781262098335269,0.9063427915719079,0.9070063520801196,0.9363492063492063,0.8905431510583328,3,0,5,1,0.09,0.04,82,9,noisy,8,223
0,Soft Joss: 0.9,2.662790697674419,0.7595348837209303,0.0,0.99,0.5044186046511628,0.2551162790697674,0.22546511627906976,0.015000000000000001,0.98603315485654,0.1204309711529165,0.9926086689413288,0.20476190476190478,3,0,5,1,0.01,0.03,50,43,noisy,5,224
1,Alternator,2.5959302325581395,0.5069767441860465,2.0,0.985,0.1316279069767442,0.37534883720930234,0.4261627906976744,0.06686046511627908,0.01464703622087344,0.00826003468249218,0.9882101794033453,0.9890633964429145,3,0,5,1,0.01,0.03,50,43,noisy,5,224
2,GTFT: 0.33,2.5697674418604652,0.8255813953488372,0.0,0.975,0.5720930232558139,0.2534883720930232,0.17023255813953486,0.004186046511627906,0.9915707899211338,0.32913033696825433,0.9928518376788347,0.5634920634920635,3,0,5,1,0.01,0.03,50,43,noisy,5,224
3,Suspicious Tit For Tat,2.4011627906976747,0.5916279069767442,3.0,0.01,0.3893023255813953,0.2023255813953488,0.21953488372093022,0.1888372093023256,0.9913613413184351,0.011024659955597189,0.9956217460868872,0.007772020725388601,3,0,5,1,0.01,0.03,50,43,noisy,5,224
4,Win-Shift Lose-Stay: D,2.313953488372093,0.48,2.0,0.0,0.2579069767441861,0.22209302325581398,0.26697674418604656,0.2530232558139535,0.009127384806492335,0.9889560297533042,0.9938922145514032,0.015258061607396773,3,0,5,1,0.01,0.03,50,43,noisy,5,224
0,Anti Tit For Tat,2.6607142857142856,0.44387755102040816,2.0,1.0,0.24107142857142858,0.2028061224489796,0.34183673469387754,0.2142857142857143,0.016548089591567852,0.9850212385423653,0.027646179884288274,0.9771626477787615,3,0,5,1,0.02,0.01,42,28,noisy,3,225
1,Soft Joss: 0.9,2.5714285714285716,0.7482993197278912,0.0,0.9761904761904762,0.6016156462585035,0.1466836734693878,0.13052721088435376,0.12117346938775511,0.9740025015634772,0.19114077669902912,0.9781746031746033,0.10256410256410256,3,0,5,1,0.02,0.01,42,28,noisy,3,225
2,Tit For 2 Tats,2.3392857142857144,0.8039965986394558,0.0,0.9761904761904762,0.5790816326530612,0.22491496598639457,0.10204081632653061,0.09396258503401361,0.9877047660716802,0.7371380591318508,0.988262910798122,0.5023696682464455,3,0,5,1,0.02,0.01,42,28,noisy,3,225
0,Grudger,2.5520247469066364,0.11376501324431221,14.0,0.9331797235023042,0.0679542073369861,0.045810805907326106,0.3637740846910265,0.5224609020646613,0.5284465807255441,0.07631185923700494,0.08115974040765124,0.0685817981029654,3,0,5,1,0.07,0.1,62,127,noisy,15,226
1,Evolved HMM 5,2.5292463442069746,0.347645052432962,10.0,0.9274193548387096,0.21760586378315613,0.13003918864980588,0.30558982546536523,0.34676512210167276,0.7520149682040681,0.3524666586862701,0.15898875609801413,0.19850148621970304,3,0,5,1,0.07,0.1,62,127,noisy,15,226
2,"DoubleCrosser: (D, D)",2.4924071991001124,0.3367048876954897,10.0,0.9412442396313364,0.24951014187742662,0.08719474581806308,0.26904096665336186,0.39425414565114847,0.7536844419029639,0.5012240162319742,0.21214923479038558,0.08921108635470999,3,0,5,1,0.07,0.1,62,127,noisy,15,226
3,Meta Winner: 13 players,2.4656917885264344,0.12690953953336478,12.0,0.9297235023041475,0.05719547153380021,0.06971406799956457,0.352407561957981,0.5206828985086542,0.2690671423509113,0.3647830017717307,0.10557045142486492,0.13895765589575187,3,0,5,1,0.07,0.1,62,127,noisy,15,226
4,Evolved FSM 16,2.4071991001124857,0.3214830001088574,10.0,0.9274193548387096,0.1458325773794405,0.1756504227294169,0.3234968612794369,0.35502013861170584,0.4798314938628602,0.3940356511189865,0.26691661277534473,0.25322655598800226,3,0,5,1,0.07,0.1,62,127,noisy,15,226
5,Tit For Tat,2.248875140607424,0.5266065532131065,7.0,0.9320276497695853,0.33257737944047316,0.19402917377263326,0.1940745310062049,0.27931891578068874,0.9313166711624907,0.07073563496215564,0.930594127160308,0.0704696344022595,3,0,5,1,0.07,0.1,62,127,noisy,15,226
6,Suspicious Tit For Tat,2.200224971878515,0.4974509234732755,7.0,0.06912442396313365,0.3025055335824957,0.19494538989077978,0.19666896476650095,0.30588011176022356,0.9278507953373155,0.06935393898152531,0.9326601773869811,0.0752876140514244,3,0,5,1,0.07,0.1,62,127,noisy,15,226
7,Tit For 2 Tats,2.109111361079865,0.6979843245400776,1.0,0.9400921658986175,0.46815922203272986,0.22982510250734786,0.09660183606081499,0.20541383939910735,0.9315617702534839,0.6513815340904429,0.9310386383486392,0.27268810449736935,3,0,5,1,0.07,0.1,62,127,noisy,15,226
8,Meta Mixer: 13 players,2.0832395950506184,0.4627163540041366,8.0,0.7419354838709677,0.22106208498131277,0.24165426902282375,0.22326644653289313,0.3140171994629704,0.5772451989728326,0.3836945931926495,0.5525958478375573,0.3914829142961033,3,0,5,1,0.07,0.1,62,127,noisy,15,226
9,GTFT: 0.33,2.0832395950506184,0.6674951921332414,2.0,0.9182027649769585,0.4051580246017635,0.26233716753147795,0.1312003338292391,0.20130447403751953,0.9302217798076317,0.35814157962544785,0.9272413245206612,0.37290902826116523,3,0,5,1,0.07,0.1,62,127,noisy,15,226
10,Alternator,2.0241844769403823,0.5018959323632933,5.0,0.9308755760368663,0.19178852643419578,0.3101074059290975,0.2375902608948075,0.2605138067418992,0.06562926360886652,0.07176068064490405,0.931764780488649,0.9287414191723409,3,0,5,1,0.07,0.1,62,127,noisy,15,226
11,Win-Stay Lose-Shift,2.0146231721034873,0.519186109800791,6.0,0.9124423963133641,0.2428516999891143,0.2763344098116768,0.20323669218767004,0.27757719801153885,0.9281208473193497,0.06866091070539038,0.07104574675198007,0.9246958163894156,3,0,5,1,0.07,0.1,62,127,noisy,15,226
12,Random: 0.5,1.985095613048369,0.502168075764723,5.0,0.5011520737327189,0.2130973547661381,0.28907072099858483,0.21205413839399104,0.285777785841286,0.49561262439394227,0.500878207265424,0.5058219021118483,0.5045585119510615,3,0,5,1,0.07,0.1,62,127,noisy,15,226
13,Bully,1.8239595050618673,0.5837385246199064,5.0,0.05069124423963134,0.1838782248993069,0.3998602997205995,0.2137686418229979,0.20249283355709569,0.07005265840884135,0.9340795891734498,0.06933512025250044,0.9293479717832144,3,0,5,1,0.07,0.1,62,127,noisy,15,226
14,Cooperator,1.6524184476940382,0.9304492180412932,0.0,0.9320276497695853,0.4784825283936283,0.451966689647665,0.03576871439457165,0.03378206756413513,0.930599835828006,0.928263068950259,0.9340464405269631,0.9327149086095032,3,0,5,1,0.07,0.1,62,127,noisy,15,226
0,Evolved HMM 5,2.504385964912281,0.5143020594965675,5.0,0.9782608695652174,0.3796720061022121,0.13463005339435544,0.21739130434782608,0.2683066361556064,0.9086190635799971,0.3491817999985882,0.1747042296368602,0.17282059170522154,3,0,5,1,0.03,0.03,23,19,noisy,13,227
1,"DoubleCrosser: (D, D)",2.4473684210526314,0.5888634630053394,6.0,0.9782608695652174,0.44660564454614793,0.14225781845919142,0.17257818459191454,0.238558352402746,0.8717266149624994,0.7625866907319723,0.1667104867943585,0.0561806242364123,3,0,5,1,0.03,0.03,23,19,noisy,13,227
2,Evolved FSM 16,2.43859649122807,0.5730358504958047,6.0,0.9601449275362319,0.39549961861174676,0.17753623188405798,0.20327993897787947,0.22368421052631574,0.7157237643960527,0.3855054862562527,0.46055993379344573,0.3206305985675899,3,0,5,1,0.03,0.03,23,19,noisy,13,227
3,Defector,2.4210526315789473,0.02841342486651411,12.0,0.021739130434782608,0.011441647597254004,0.016971777269260104,0.35621662852784136,0.6153699466056445,0.15067340067340065,0.1851851851851852,0.026564174679460106,0.03203226947428529,3,0,5,1,0.03,0.03,23,19,noisy,13,227
4,Meta Winner: 11 players,2.3421052631578947,0.18459191456903126,10.0,0.9710144927536232,0.10564454614797864,0.07894736842105264,0.3009153318077803,0.5144927536231884,0.45147086778884776,0.3721481120155586,0.11826762187460027,0.09370516042668227,3,0,5,1,0.03,0.03,23,19,noisy,13,227
5,Tit For Tat,2.31140350877193,0.6054538520213577,2.0,0.9782608695652174,0.42543859649122817,0.18001525553012968,0.16037376048817698,0.2341723874904653,0.9720640513059206,0.029177918717556116,0.9664323112908565,0.02705722436098183,3,0,5,1,0.03,0.03,23,19,noisy,13,227
6,Suspicious Tit For Tat,2.307017543859649,0.5059115179252479,7.0,0.025362318840579712,0.30911517925247906,0.19679633867276888,0.22368421052631582,0.2704042715484363,0.9632018945907372,0.04400601328555857,0.9677791076704608,0.03423172475720482,3,0,5,1,0.03,0.03,23,19,noisy,13,227
7,Tit For 2 Tats,2.1228070175438596,0.7665903890160183,0.0,0.9746376811594203,0.5436689549961861,0.2229214340198322,0.06540808543096872,0.16800152555301298,0.9781334240738152,0.70710093207548,0.9747514153764154,0.41689551545039905,3,0,5,1,0.03,0.03,23,19,noisy,13,227
8,Meta Mixer: 11 players,2.070175438596491,0.4641495041952708,5.0,0.6847826086956522,0.22997711670480547,0.23417238749046532,0.21033562166285277,0.32551487414187646,0.5849211690914741,0.37444361600718107,0.5573502351209474,0.34945183313709705,3,0,5,1,0.03,0.03,23,19,noisy,13,227
9,Win-Stay Lose-Shift,2.0,0.6102212051868803,2.0,0.9710144927536232,0.34649122807017535,0.2637299771167048,0.14416475972540047,0.24561403508771928,0.9596963794955705,0.03630698325865993,0.039660520336526964,0.9769325736115246,3,0,5,1,0.03,0.03,23,19,noisy,13,227
10,Random: 0.5,1.9868421052631577,0.5028604118993135,4.0,0.5108695652173914,0.2116704805491991,0.2911899313501144,0.20976353928299005,0.2873760488176964,0.5022382932574389,0.4991192455295779,0.49096890559501255,0.5119048940924483,3,0,5,1,0.03,0.03,23,19,noisy,13,227
11,Alternator,1.9605263157894737,0.5169717772692601,2.0,0.9746376811594203,0.20099160945842864,0.31598016781083144,0.21605644546147976,0.2669717772692602,0.036966534544201075,0.04759277774785523,0.9551752897694744,0.9793975270714722,3,0,5,1,0.03,0.03,23,19,noisy,13,227
12,Bully,1.7105263157894737,0.5898169336384439,4.0,0.025362318840579712,0.16876430205949655,0.42105263157894735,0.19603356216628526,0.21414950419527076,0.03815468014668289,0.9765580783161877,0.03223272572845983,0.9642135857068276,3,0,5,1,0.03,0.03,23,19,noisy,13,227
0,Evolved HMM 5,2.9850340136054423,0.46250944822373397,10.0,0.9814814814814815,0.38650793650793647,0.07600151171579742,0.3240362811791384,0.21345427059712774,0.8439507840502538,0.3421483344184455,0.12581612226213934,0.14451256419059977,3,0,5,1,0.02,0.01,36,49,noisy,16,228
1,Grudger,2.9761904761904763,0.26477702191987906,13.0,0.9777777777777777,0.23885109599395316,0.025925925925925925,0.37547241118669683,0.35975056689342405,0.7837176904276412,0.029140766076322516,0.06061596879750667,0.02139292992875809,3,0,5,1,0.02,0.01,36,49,noisy,16,228
2,Evolved FSM 16,2.8741496598639458,0.4897959183673469,9.5,0.9722222222222222,0.3549130763416477,0.13488284202569917,0.3260015117157974,0.1842025699168556,0.6363829379901546,0.42411925858169114,0.4029408551905961,0.38178557094743515,3,0,5,1,0.02,0.01,36,49,noisy,16,228
3,Meta Winner: 14 players,2.68843537414966,0.16258503401360544,13.0,0.975925925925926,0.08121693121693123,0.08136810279667422,0.40389266817838254,0.43352229780801205,0.441624747462513,0.6215091837727594,0.08112585341269338,0.15579805586884685,3,0,5,1,0.02,0.01,36,49,noisy,16,228
4,Tit For Tat,2.406122448979592,0.6186696900982616,4.0,0.9833333333333333,0.43242630385487524,0.18624338624338624,0.18219954648526077,0.19913076341647773,0.9769535660554054,0.018930744251475444,0.9825725610788033,0.017164090613537384,3,0,5,1,0.02,0.01,36,49,noisy,16,228
5,Win-Stay Lose-Shift,2.351700680272109,0.5609977324263039,6.0,0.9703703703703703,0.3412698412698413,0.21972789115646255,0.22475434618291765,0.21424792139077856,0.975891476838063,0.01883579946041263,0.020931218929323533,0.9765855513405933,3,0,5,1,0.02,0.01,36,49,noisy,16,228
6,GTFT: 0.33,2.315646258503401,0.7597127739984882,1.0,0.9740740740740741,0.5335222978080121,0.22619047619047622,0.11840513983371126,0.12188208616780045,0.9793570830596293,0.33226608171977706,0.9813823366758813,0.33930463738687905,3,0,5,1,0.02,0.01,36,49,noisy,16,228
7,Suspicious Tit For Tat,2.295238095238095,0.5297808012093727,8.0,0.011111111111111112,0.34021164021164024,0.1895691609977324,0.20283446712018136,0.26738473167044596,0.9795051282867244,0.026116613470257424,0.9828077423156681,0.021050577426085224,3,0,5,1,0.02,0.01,36,49,noisy,16,228
8,Tit For 2 Tats,2.2170068027210883,0.8102418745275888,0.0,0.9777777777777777,0.5829931972789116,0.2272486772486772,0.06870748299319727,0.12105064247921389,0.9785985750646936,0.752251347949089,0.9773250351229645,0.3492949833854354,3,0,5,1,0.02,0.01,36,49,noisy,16,228
9,Meta Mixer: 14 players,2.1823129251700677,0.5158352229780802,7.0,0.7444444444444445,0.26889644746787605,0.24693877551020413,0.22150415721844294,0.26266061980347694,0.5844071848483507,0.44873768969131184,0.560507748706545,0.4546159707273592,3,0,5,1,0.02,0.01,36,49,noisy,16,228
10,Alternator,2.150340136054422,0.5052910052910053,5.0,0.9833333333333333,0.22879818594104312,0.2764928193499622,0.24164777021919875,0.2530612244897959,0.0201498158434739,0.025482841467769024,0.9761306225508517,0.9800764550645139,3,0,5,1,0.02,0.01,36,49,noisy,16,228
11,Random: 0.5,2.1340136054421768,0.49754346182917614,7.0,0.5074074074074074,0.22955404383975817,0.26798941798941806,0.23518518518518514,0.2672713529856387,0.48997758024067756,0.5056862284122939,0.48408083201571833,0.5039784342623855,3,0,5,1,0.02,0.01,36,49,noisy,16,228
12,Bully,2.0510204081632653,0.5400226757369615,7.0,0.022222222222222223,0.18178382464096748,0.3582388510959939,0.26216931216931216,0.1978080120937264,0.02025434834363178,0.9814985923293438,0.022088928541135845,0.979908884714679,3,0,5,1,0.02,0.01,36,49,noisy,16,228
13,Win-Shift Lose-Stay: D,1.980952380952381,0.5685185185185185,6.5,0.027777777777777776,0.2123204837490552,0.35619803476946327,0.22724867724867728,0.20423280423280424,0.021905075055084565,0.9778616305311997,0.9798564741134972,0.01876090265402673,3,0,5,1,0.02,0.01,36,49,noisy,16,228
14,Anti Tit For Tat,1.9040816326530612,0.580347694633409,6.0,0.9814814814814815,0.1984882842025699,0.381859410430839,0.22482993197278914,0.19482237339380196,0.020031995306461294,0.9805272163286559,0.025685393425027944,0.9766185477834749,3,0,5,1,0.02,0.01,36,49,noisy,16,228
15,Cooperator,1.8231292517006803,0.9787226001511716,0.0,0.9907407407407407,0.5819727891156463,0.3967498110355254,0.012736205593348452,0.008541194255479969,0.9808268771971246,0.9739170504421087,0.9548678891846594,0.9948979591836735,3,0,5,1,0.02,0.01,36,49,noisy,16,228
0,Evolved HMM 5,2.6392035074899525,0.34468551527919217,12.0,0.9705882352941176,0.2315044426651326,0.11318107261405949,0.3212050777757912,0.3341094069450167,0.7635302554560719,0.34739170629761623,0.12472036402957895,0.16674465580165684,3,0,5,1,0.04,0.03,94,161,noisy,18,229
1,Grudger,2.5964559736938257,0.09347087586190814,16.0,0.9643304130162703,0.06535731776521894,0.02811355809668918,0.373284929142795,0.533244194995297,0.5492379088685562,0.04393013603486841,0.052537367711211716,0.03963052753355044,3,0,5,1,0.04,0.03,94,161,noisy,18,229
2,Defector,2.5798319327731094,0.04057478680648948,16.0,0.044430538172715896,0.01660071984390426,0.023974066962585222,0.39282799151112807,0.5665972216823825,0.047849999933818055,0.03628349366666081,0.04021076368293507,0.04160255884493397,3,0,5,1,0.04,0.03,94,161,noisy,18,229
3,"DoubleCrosser: (D, D)",2.5701497990500553,0.3410979562963021,10.0,0.9655819774718398,0.2734668335419274,0.06763112275437465,0.2744463187680252,0.3844557249356727,0.7298982601610143,0.5531292420973979,0.21471939173559704,0.057485530561257915,3,0,5,1,0.04,0.03,94,161,noisy,18,229
4,Meta Winner: 16 players,2.5559006211180124,0.05831823941417455,15.0,0.9605757196495619,0.02754607856093409,0.030772160853240468,0.3825239624064242,0.5591577981794013,0.2746885855987424,0.17379571389354712,0.05198533490462786,0.054389383326451164,3,0,5,1,0.04,0.03,94,161,noisy,18,229
5,Evolved FSM 16,2.516258677383997,0.3401262447624748,11.0,0.967459324155194,0.15316505880798204,0.18696118595449282,0.3509083559418217,0.30896539929570344,0.46669737445183873,0.3975966277050588,0.2725770294440836,0.2862540488597565,3,0,5,1,0.04,0.03,94,161,noisy,18,229
6,Tit For Tat,2.25009134088418,0.5285799796329262,7.0,0.9662077596996246,0.33731605500664646,0.19126392462627972,0.18967809140307373,0.2817419289640001,0.958946037136859,0.04042196382173633,0.9583652705385336,0.03939401237287345,3,0,5,1,0.04,0.03,94,161,noisy,18,229
7,Suspicious Tit For Tat,2.1777493606138107,0.49140229634869675,8.0,0.04630788485607009,0.29936100249535524,0.19204129385334154,0.19334338730867,0.3152543163426332,0.9587424937713183,0.042212295936592634,0.9609646522319193,0.04131501845841016,3,0,5,1,0.04,0.03,94,161,noisy,18,229
8,Tit For 2 Tats,2.038911216660577,0.6971874781364905,1.0,0.9655819774718398,0.4720302552103173,0.22515722292617324,0.0785026313948336,0.2243098904686759,0.9566337756955037,0.6774341979597762,0.9605544085862526,0.27493911551619016,3,0,5,1,0.04,0.03,94,161,noisy,18,229
9,GTFT: 0.33,2.021191085129704,0.6691944122699959,2.0,0.9524405506883604,0.40109531324093006,0.26809909902906576,0.12157666026632673,0.20922892746367747,0.9582998865184228,0.34593285968311593,0.9599917858689826,0.3536260280556749,3,0,5,1,0.04,0.03,94,161,noisy,18,229
10,Meta Mixer: 16 players,2.0091340884179756,0.4358514913828621,10.0,0.6839799749687109,0.18729545472212936,0.24855603666073278,0.22188061163410788,0.34226789698303006,0.5050023861413624,0.3995699239517718,0.4884131321635606,0.39969167389755106,3,0,5,1,0.04,0.03,94,161,noisy,18,229
11,Win-Stay Lose-Shift,1.9788089148702959,0.5281563134041776,7.0,0.958072590738423,0.24557871252108612,0.2825776008830914,0.18936325686611372,0.28248042972970877,0.9608028303055356,0.038950693300614715,0.038910777404757464,0.9606431892227141,3,0,5,1,0.04,0.03,94,161,noisy,18,229
12,Cycler DC,1.9260138838143952,0.4967583703231524,6.0,0.0344180225281602,0.18998126540162782,0.3067771049215246,0.21304581036855078,0.2901958193082969,0.10845832170301914,0.09968470556766276,0.8984126161632621,0.8809194824529867,3,0,5,1,0.04,0.03,94,161,noisy,18,229
13,Alternator,1.9196200219218122,0.5013642829934934,6.0,0.9524405506883604,0.1917225724702462,0.30964171052324724,0.21202745668109985,0.28660826032540676,0.0423108727017971,0.03967011443360112,0.9608798522125575,0.960405667565621,3,0,5,1,0.04,0.03,94,161,noisy,18,229
14,Random: 0.5,1.9139568871026675,0.4985929616990182,6.5,0.5,0.2003241629676847,0.2982687987313335,0.2025901942645698,0.29881684403641195,0.49800473960134656,0.49944206068267305,0.5011951927472088,0.49841008722922264,3,0,5,1,0.04,0.03,94,161,noisy,18,229
15,Bully,1.7259773474607236,0.6064879235690576,7.0,0.025031289111389236,0.18507606557886797,0.42141185799018954,0.1949564284548232,0.19855564797611924,0.040958373716207946,0.9571350922767374,0.04374952119631137,0.9605216849766137,3,0,5,1,0.04,0.03,94,161,noisy,18,229
16,Anti Tit For Tat,1.7055169894044573,0.6148368690677011,6.0,0.9618272841051314,0.18949152278857886,0.4253453462791222,0.18822052410233286,0.196942606829966,0.04175871075912144,0.9622393649689488,0.041168304883284344,0.9599155108537365,3,0,5,1,0.04,0.03,94,161,noisy,18,229
17,Cooperator,1.4937888198757765,0.9599266163449653,1.0,0.9468085106382979,0.4602259034973842,0.4997007128475812,0.01909218821663726,0.02098119543839738,0.960128805507411,0.9591599460651236,0.9693237827804775,0.9592305559100003,3,0,5,1,0.04,0.03,94,161,noisy,18,229
0,Evolved HMM 5,3.188721804511278,0.2684729064039409,7.0,0.9482758620689655,0.18568835882810478,0.08278454757583616,0.4780658542908997,0.25346123930515946,0.6993331139632579,0.3030141414365825,0.09169078364081303,0.15048054717588813,3,0,5,1,0.05,0.02,58,95,noisy,8,230
1,Meta Winner: 7 players,2.981203007518797,0.28029556650246307,6.0,0.9310344827586207,0.14809437386569874,0.1322011926367643,0.44493129375162044,0.27477313974591655,0.5344293607923062,0.5957409091257152,0.1475511735245262,0.3326079775465921,3,0,5,1,0.05,0.02,58,95,noisy,8,230
2,Soft Joss: 0.9,2.3428571428571434,0.6207415089447758,1.0,0.9679802955665024,0.37653616800622247,0.24420534093855326,0.20808918848846256,0.17116930256676172,0.9512813442125936,0.14256567472263146,0.9541051606455,0.15116631577680753,3,0,5,1,0.05,0.02,58,95,noisy,8,230
3,Random: 0.5,2.26015037593985,0.5024630541871922,3.0,0.4482758620689655,0.25509463313456054,0.24736842105263154,0.24957220637801397,0.24796473943479386,0.4976193189983654,0.5029042033462524,0.5075413155840092,0.5033059683493161,3,0,5,1,0.05,0.02,58,95,noisy,8,230
4,Win-Shift Lose-Stay: D,2.2172932330827066,0.5406533575317605,4.0,0.04433497536945813,0.24560539279232563,0.2950479647394348,0.2559242934923516,0.203422348975888,0.05198586737026646,0.9494197552912185,0.9481667263133875,0.04496244818641255,3,0,5,1,0.05,0.02,58,95,noisy,8,230
5,Cycler DC,2.144360902255639,0.4975369458128079,3.0,0.04926108374384237,0.23411978221415608,0.2634171635986518,0.23427534353124185,0.2681877106559502,0.11629461100882817,0.13570303266241648,0.8847390303937775,0.8812499285487377,3,0,5,1,0.05,0.02,58,95,noisy,8,230
6,Anti Tit For Tat,2.099248120300752,0.5389421830438165,3.0,0.9458128078817734,0.20482240082966036,0.33411978221415606,0.25670210007778066,0.2043557168784029,0.05337892754720565,0.9573633012202741,0.04373507235950539,0.952301086313703,3,0,5,1,0.05,0.02,58,95,noisy,8,230
7,Cooperator,1.3090225563909774,0.9486647653616801,0.0,0.9532019704433498,0.39852216748768476,0.5501425978739953,0.02172673061965258,0.029608504018667357,0.9489606265186036,0.9454793379035494,0.9464268533090793,0.9427913829348026,3,0,5,1,0.05,0.02,58,95,noisy,8,230
0,Grudger,2.67953216374269,0.09630811034319806,5.0,0.9474747474747475,0.0583023214602162,0.03800578888298187,0.4013586153937031,0.5023332742630988,0.47479345378491056,0.060665820710445816,0.07309926511199469,0.05978833334570897,3,0,5,1,0.06,0.02,99,171,noisy,6,231
1,"DoubleCrosser: (D, D)",2.6198830409356724,0.2458621300726564,3.0,0.9373737373737374,0.16668438773701932,0.07917774233563707,0.34339890129363815,0.4107389686337055,0.6381229133610458,0.4886517732456638,0.23105153552710817,0.06696408477944131,3,0,5,1,0.06,0.02,99,171,noisy,6,231
2,Evolved FSM 16,2.39766081871345,0.36584559040699394,3.0,0.9373737373737374,0.13544804772874947,0.23039754267824444,0.3453718471262331,0.288782562466773,0.4567045286098974,0.43343777747203127,0.30692196566302676,0.34513689812021553,3,0,5,1,0.06,0.02,99,171,noisy,6,231
3,Tit For Tat,1.969590643274854,0.43825388386791897,2.0,0.9434343434343434,0.25409652076318745,0.1841573631047315,0.17253234095339354,0.38921377517868744,0.9369179811104565,0.0602159603558865,0.9359074344731683,0.06022635350249609,3,0,5,1,0.06,0.02,99,171,noisy,6,231
4,Win-Shift Lose-Stay: D,1.417543859649123,0.5210939807431035,1.0,0.06464646464646465,0.12957646641857168,0.39151751432453186,0.13590879555791838,0.3429972236989781,0.0572293501573364,0.938667259447859,0.9343142161507485,0.06171598766409442,3,0,5,1,0.06,0.02,99,171,noisy,6,231
5,Bully,1.1087719298245615,0.7209403981333806,1.0,0.08484848484848485,0.1336995687872881,0.5872408293460926,0.11192628034733296,0.16713332151928642,0.06106209630131321,0.9408700546856579,0.0625423677872318,0.9420063652135594,3,0,5,1,0.06,0.02,99,171,noisy,6,231
0,Evolved HMM 5,2.9039961013645224,0.4657009849184364,12.0,0.9937673130193906,0.390626603057351,0.07507438186108546,0.29755309325946444,0.2367459218220991,0.8701306754968402,0.3680117072619049,0.12065780126586481,0.14637475314994963,3,0,5,1,0.01,0.04,76,108,noisy,20,232
1,"DoubleCrosser: (D, D)",2.841374269005848,0.49476762080640196,11.0,0.9930747922437673,0.4493882733148661,0.045379347491535854,0.24523571355288806,0.25999666564070995,0.8635254316527392,0.7476015554045877,0.26303227070915025,0.031471336074112045,3,0,5,1,0.01,0.04,76,108,noisy,20,232
2,Evolved FSM 16,2.746345029239766,0.48614958448753465,12.0,0.9916897506925207,0.321938801682569,0.16421078280496562,0.3151674874320304,0.19868292808043506,0.6309741770066117,0.44636659401431866,0.43419244680060526,0.38071111945112596,3,0,5,1,0.01,0.04,76,108,noisy,20,232
3,Grudger,2.6961500974658867,0.2449535754591156,16.0,0.9909972299168975,0.23234072022160665,0.012612855237508977,0.31483405150302657,0.4402123730378579,0.8469076802736648,0.016454542971399744,0.05006040106011156,0.008832047576655332,3,0,5,1,0.01,0.04,76,108,noisy,20,232
4,Defector,2.555311890838207,0.00962475633528265,18.0,0.008310249307479225,0.0037319175130809475,0.005892838822201704,0.3885746896480969,0.6018005540166205,0.03547767825562115,0.03260895020177995,0.00880915205418759,0.009716321706066917,3,0,5,1,0.01,0.04,76,108,noisy,20,232
5,Meta Winner: 18 players,2.5448343079922027,0.038672155535036425,17.0,0.989612188365651,0.021134708115317532,0.017537447419718886,0.3806684107930645,0.580659433671899,0.43569490874227873,0.26150528437050397,0.054272500924447374,0.05097051746659747,3,0,5,1,0.01,0.04,76,108,noisy,20,232
6,Tit For Tat,2.3871832358674467,0.6126885195444752,5.0,0.989612188365651,0.44454704011490714,0.16814147942956806,0.16637811634349034,0.22093336411203449,0.9902479072446826,0.009529860464827232,0.9908146594492742,0.010588668507753533,3,0,5,1,0.01,0.04,76,108,noisy,20,232
7,Soft Joss: 0.9,2.3686647173489277,0.6688532368934031,2.0,0.9930747922437673,0.4891505078485688,0.1797027290448343,0.1431017236072638,0.18804503949933313,0.9898474137244458,0.11149023286744134,0.9903432159642266,0.10474296677750494,3,0,5,1,0.01,0.04,76,108,noisy,20,232
8,Suspicious Tit For Tat,2.2853313840155947,0.5453601108033241,10.0,0.0110803324099723,0.36958807838309227,0.17577203242023187,0.18158151226018263,0.2730583769364932,0.9920913139768404,0.010516853818068779,0.988775438112917,0.010887690976968893,3,0,5,1,0.01,0.04,76,108,noisy,20,232
9,GTFT: 0.33,2.262914230019493,0.7595221606648199,2.0,0.9847645429362881,0.5427375089771211,0.21678465168769878,0.10117215553503642,0.13930568380014363,0.9905500626515024,0.3424081498151141,0.9904452551236776,0.3913901371671757,3,0,5,1,0.01,0.04,76,108,noisy,20,232
10,Win-Stay Lose-Shift,2.2451267056530213,0.57709423412332,7.0,0.9903047091412742,0.34995383194829177,0.22714040217502818,0.19817636195752542,0.2247294039191546,0.9883139911432469,0.011114397201957865,0.009743308649716436,0.9907228067140291,3,0,5,1,0.01,0.04,76,108,noisy,20,232
11,Tit For 2 Tats,2.189327485380117,0.7868126090078998,0.0,0.9916897506925207,0.5934454191033138,0.193367189904586,0.04887401251667179,0.16431337847542835,0.9901248786186886,0.7684325839951609,0.9887119136960006,0.3105400268049236,3,0,5,1,0.01,0.04,76,108,noisy,20,232
12,Meta Mixer: 18 players,2.0409356725146197,0.44936903662665434,11.0,0.6994459833795014,0.2068072227352006,0.24256181389145381,0.2180991587155022,0.33253180465784343,0.539203666763619,0.3955539928363607,0.5328104512860298,0.3890280805284297,3,0,5,1,0.01,0.04,76,108,noisy,20,232
13,Alternator,1.972953216374269,0.5019685544270032,6.0,0.9909972299168975,0.1831973940699702,0.3187711603570329,0.23126346568174821,0.26676797989124856,0.012734556027123497,0.00996870447345104,0.9895255692312762,0.9878558842516577,3,0,5,1,0.01,0.04,76,108,noisy,20,232
14,Cycler DC,1.9695419103313838,0.4998974043295373,7.0,0.011772853185595568,0.1798694470093362,0.3200279573202011,0.232789576279881,0.2673130193905817,0.06575894978934349,0.05145708789897053,0.9558142407523954,0.9286437314468298,3,0,5,1,0.01,0.04,76,108,noisy,20,232
15,Random: 0.5,1.9541910331384018,0.4984610649430594,8.0,0.5096952908587258,0.20616599979480865,0.2922950651482507,0.20854493690366266,0.292993998153278,0.49051848295315503,0.4949700100620782,0.4933024081136299,0.4937435487107583,3,0,5,1,0.01,0.04,76,108,noisy,20,232
16,Win-Shift Lose-Stay: D,1.831384015594542,0.5810954652713656,7.0,0.009695290858725761,0.19647712116548682,0.38461834410587875,0.20332538216887244,0.21557915255976198,0.014497141851394437,0.99032446184679,0.9914661990315189,0.011078351348831469,3,0,5,1,0.01,0.04,76,108,noisy,20,232
17,Bully,1.7828947368421055,0.5969080229814302,8.0,0.011772853185595568,0.18326151636400942,0.4136465066174207,0.21247563352826512,0.1906163434903047,0.013857907914162127,0.990155753722801,0.01043342690467701,0.9904421468877486,3,0,5,1,0.01,0.04,76,108,noisy,20,232
18,Cooperator,1.7802144249512672,0.9898622653124038,0.5,0.9882271468144044,0.5853467733661639,0.4045154919462398,0.006110854621934953,0.004026880065661228,0.9888268715399654,0.9897019111804044,0.9930023951742903,0.9893327822361379,3,0,5,1,0.01,0.04,76,108,noisy,20,232
19,Anti Tit For Tat,1.726120857699805,0.6185044116138299,7.0,0.9916897506925207,0.19037267877295583,0.42813173284087414,0.192257874217708,0.18923771416846208,0.010935193920049777,0.9886459652148896,0.01187368497678273,0.9888893010358369,3,0,5,1,0.01,0.04,76,108,noisy,20,232
0,Evolved HMM 5,3.375,0.5443206921944035,4.0,1.0,0.5185705081001474,0.02575018409425626,0.33964239690721654,0.11603691089837999,0.9978138400739931,0.5786501377410469,0.018290655138011307,0.16858320676936428,3,0,5,1,0.0,0.01,97,112,noisy,9,233
1,"DoubleCrosser: (D, D)",3.3671875,0.5315951767304861,7.0,1.0,0.5113102908689249,0.020284885861561117,0.34035576215022095,0.1280490611192931,0.9945690145839932,0.8005976095617531,0.008504398826979473,0.0,3,0,5,1,0.0,0.01,97,112,noisy,9,233
2,Soft Joss: 0.9,2.6283482142857144,0.7749562776141384,0.0,1.0,0.5877439248895434,0.187212352724595,0.16035760309278352,0.06468611929307805,1.0,0.09612500409135248,1.0,0.09731898630868338,3,0,5,1,0.0,0.01,97,112,noisy,9,233
3,GTFT: 0.33,2.521205357142857,0.8350975699558174,0.0,1.0,0.6346074189985272,0.20049015095729011,0.11467921575846833,0.05022321428571429,1.0,0.3144331515930306,1.0,0.3203242298446741,3,0,5,1,0.0,0.01,97,112,noisy,9,233
4,Suspicious Tit For Tat,2.470982142857143,0.6581254602356407,4.0,0.0,0.521941734167894,0.13618372606774667,0.14114276509572898,0.20073177466863032,1.0,0.0,1.0,0.0,3,0,5,1,0.0,0.01,97,112,noisy,9,233
5,Meta Mixer: 8 players,2.138392857142857,0.4432069219440353,5.0,0.4806701030927835,0.21093750000000003,0.23226942194403535,0.23936855670103094,0.3174245213549337,0.5665613932181404,0.3474834229898158,0.5794099276684785,0.34712156478432665,3,0,5,1,0.0,0.01,97,112,noisy,9,233
6,Cycler DC,1.9587053571428572,0.5,2.0,0.0,0.1484259941089838,0.3515740058910162,0.25303755522827687,0.24696244477172313,0.0,0.0,1.0,1.0,3,0,5,1,0.0,0.01,97,112,noisy,9,233
7,Win-Shift Lose-Stay: D,1.7957589285714286,0.5652268961708394,3.0,0.0,0.1919527798232695,0.3732741163475699,0.19615243004418262,0.23862067378497792,0.0,1.0,1.0,0.0,3,0,5,1,0.0,0.01,97,112,noisy,9,233
8,Bully,1.6183035714285714,0.6264842599410898,2.0,0.0,0.22612527614138442,0.4003589837997055,0.14266154270986747,0.23085419734904272,0.0,1.0,0.0,1.0,3,0,5,1,0.0,0.01,97,112,noisy,9,233
0,Defector,2.8333333333333335,0.03165849673202614,16.0,0.03431372549019608,0.015114379084967319,0.01654411764705882,0.46058006535947704,0.5077614379084967,0.47222222222222215,0.0,0.03726941528741671,0.03374601626077292,3,0,5,1,0.03,0.03,68,4,noisy,19,234
1,Win-Shift Lose-Stay: D,2.6319444444444446,0.4221813725490196,11.5,0.028594771241830064,0.21854575163398693,0.20363562091503268,0.35151143790849676,0.22630718954248363,0.056511668047956494,0.9845698144543685,0.9757670743117496,0.03719248896797237,3,0,5,1,0.03,0.03,68,4,noisy,19,234
2,"DoubleCrosser: (D, D)",2.6180555555555554,0.5004084967320261,10.0,0.9656862745098039,0.355187908496732,0.14522058823529413,0.2640931372549019,0.23549836601307192,0.4735134623254399,0.5688109746644944,0.09089450170360844,0.10824758508794738,3,0,5,1,0.03,0.03,68,4,noisy,19,234
3,Grudger,2.5694444444444446,0.6587009803921569,4.0,0.9787581699346405,0.5063316993464052,0.15236928104575165,0.1746323529411765,0.16666666666666663,0.858542282472863,0.04867163848893963,0.332890230138807,0.044099689726518815,3,0,5,1,0.03,0.03,68,4,noisy,19,234
4,Bully,2.5694444444444446,0.36151960784313725,9.0,0.027777777777777776,0.1388888888888889,0.22263071895424838,0.37990196078431376,0.258578431372549,0.0381295525990335,0.9052310128387713,0.040306210050191055,0.9815316957239671,3,0,5,1,0.03,0.03,68,4,noisy,19,234
5,Suspicious Tit For Tat,2.5416666666666665,0.4483251633986928,8.0,0.032679738562091505,0.25898692810457513,0.18933823529411764,0.3031045751633986,0.2485702614379085,0.9693408450331544,0.05592907438439948,0.9654904780926596,0.05285639866270528,3,0,5,1,0.03,0.03,68,4,noisy,19,234
6,Random: 0.5,2.5,0.5018382352941176,8.0,0.49673202614379086,0.28084150326797386,0.22099673202614378,0.28472222222222227,0.21343954248366012,0.5051517407647769,0.5387921570851448,0.49340594015055117,0.5346273372643223,3,0,5,1,0.03,0.03,68,4,noisy,19,234
7,Cycler DC,2.4930555555555554,0.5036764705882353,7.0,0.029411764705882353,0.23651960784313722,0.26715686274509803,0.31964869281045755,0.17667483660130717,0.2566968436346234,0.15646550868712006,0.9464915825975265,0.9130066057604915,3,0,5,1,0.03,0.03,68,4,noisy,19,234
8,Meta Winner: 17 players,2.486111111111111,0.6337826797385621,8.0,0.9730392156862745,0.41339869281045755,0.22038398692810457,0.21834150326797389,0.14787581699346405,0.6441611893656776,0.7425924877434559,0.396035609268153,0.7997027510959399,3,0,5,1,0.03,0.03,68,4,noisy,19,234
9,Tit For Tat,2.4513888888888893,0.7424428104575164,1.0,0.9722222222222222,0.5408496732026142,0.20159313725490202,0.1401143790849673,0.11744281045751635,0.9713295096454535,0.04909842907248312,0.9661168620561276,0.04258182971471368,3,0,5,1,0.03,0.03,68,4,noisy,19,234
10,Meta Mixer: 17 players,2.4444444444444446,0.5978349673202614,6.0,0.6658496732026143,0.37459150326797386,0.22324346405228765,0.22651143790849673,0.1756535947712418,0.6476342982432439,0.405242841807664,0.6918856154351087,0.3970085602488571,3,0,5,1,0.03,0.03,68,4,noisy,19,234
11,Soft Joss: 0.9,2.4166666666666665,0.7655228758169934,1.0,0.9673202614379085,0.5557598039215687,0.2097630718954248,0.12581699346405226,0.10866013071895424,0.9450438911647646,0.12337007320893434,0.9817992773884888,0.1255107969863609,3,0,5,1,0.03,0.03,68,4,noisy,19,234
12,Evolved FSM 16,2.4027777777777777,0.7512254901960784,2.0,0.9648692810457516,0.5488153594771242,0.2024101307189543,0.12847222222222224,0.12030228758169938,0.9559432369831584,0.1750684170705778,0.8636081957092143,0.059138559548290656,3,0,5,1,0.03,0.03,68,4,noisy,19,234
13,Win-Stay Lose-Shift,2.375,0.7361111111111112,2.0,0.9673202614379085,0.5343137254901962,0.20179738562091507,0.12745098039215688,0.13643790849673199,0.9671746339030878,0.09691522365712026,0.04055480578820395,0.9582118881329892,3,0,5,1,0.03,0.03,68,4,noisy,19,234
14,Evolved HMM 5,2.3125,0.8104575163398693,1.0,0.9673202614379085,0.5849673202614379,0.22549019607843132,0.09211601307189542,0.09742647058823528,0.9582592343657694,0.39066566878900155,0.6977754884004884,0.43438235955650817,3,0,5,1,0.03,0.03,68,4,noisy,19,234
15,Anti Tit For Tat,2.3055555555555554,0.5375816993464052,6.0,0.9714052287581699,0.27062908496732024,0.266952614379085,0.2612336601307189,0.20118464052287582,0.03425975377326402,0.9801768395477624,0.042064934027165414,0.9653724968355384,3,0,5,1,0.03,0.03,68,4,noisy,19,234
16,GTFT: 0.33,2.3055555555555554,0.8176062091503268,1.0,0.9673202614379085,0.5804738562091503,0.2371323529411765,0.09497549019607843,0.08741830065359475,0.9756544862312769,0.3371699951037806,0.9330084822433835,0.43599065622765476,3,0,5,1,0.03,0.03,68,4,noisy,19,234
17,Tit For 2 Tats,2.145833333333333,0.8970588235294118,0.0,0.9722222222222222,0.6243872549019608,0.27267156862745107,0.04370915032679739,0.05923202614379085,0.9605040372292419,0.8177299164280842,1.0,0.6778533942883219,3,0,5,1,0.03,0.03,68,4,noisy,19,234
18,Cooperator,2.0,0.9728349673202614,0.0,0.9673202614379085,0.6366421568627448,0.33619281045751637,0.01858660130718954,0.00857843137254902,0.9690950661403873,0.9722801121500078,0.9818181818181818,0.9857142857142858,3,0,5,1,0.03,0.03,68,4,noisy,19,234
0,Grudger,2.442857142857143,0.26653061224489794,5.0,0.9408163265306122,0.14408163265306123,0.12244897959183675,0.32612244897959186,0.4073469387755102,0.47529092329417544,0.08324725804159712,0.11552566844902837,0.07694331588873995,3,0,5,1,0.07,0.06,70,10,noisy,8,235
1,Defector,2.414285714285714,0.07020408163265306,6.0,0.09387755102040816,0.024693877551020406,0.04551020408163265,0.3583673469387755,0.5714285714285714,0.14657850737194103,0.07303522145443307,0.07553647424680003,0.07019057136284992,3,0,5,1,0.07,0.06,70,10,noisy,8,235
2,Meta Mixer: 7 players,2.1214285714285714,0.4310204081632653,3.0,0.47959183673469385,0.20551020408163265,0.22551020408163266,0.22163265306122448,0.34734693877551026,0.5136314814148427,0.4108912187252156,0.47722911713756755,0.36942039096912865,3,0,5,1,0.07,0.06,70,10,noisy,8,235
3,Win-Shift Lose-Stay: D,2.085714285714286,0.4393877551020408,3.0,0.0836734693877551,0.19367346938775512,0.2457142857142857,0.2357142857142857,0.3248979591836734,0.08578579637315915,0.909899174186602,0.9300234460634121,0.06816029851064195,3,0,5,1,0.07,0.06,70,10,noisy,8,235
4,Suspicious Tit For Tat,2.085714285714286,0.3879591836734694,3.0,0.053061224489795916,0.2,0.1879591836734694,0.2204081632653061,0.3916326530612245,0.9171906702442596,0.08007671562058023,0.9351211526682339,0.07048119508609493,3,0,5,1,0.07,0.06,70,10,noisy,8,235
5,Cycler DC,1.9857142857142858,0.5002040816326531,2.0,0.0673469387755102,0.21000000000000002,0.29020408163265304,0.21918367346938777,0.2806122448979592,0.18533069531348362,0.16000972742961456,0.8786581983424637,0.8680047591242568,3,0,5,1,0.07,0.06,70,10,noisy,8,235
6,Tit For 2 Tats,1.8142857142857143,0.7410204081632653,0.0,0.9387755102040817,0.40367346938775517,0.33734693877551025,0.08265306122448979,0.17632653061224493,0.9345284868023652,0.6903978646134183,0.9434325996022951,0.3259869286123454,3,0,5,1,0.07,0.06,70,10,noisy,8,235
7,Anti Tit For Tat,1.7285714285714284,0.6161224489795918,2.0,0.9285714285714286,0.23999999999999996,0.37612244897959185,0.16673469387755105,0.21714285714285714,0.07231456956951329,0.9337376634201722,0.05791208038808596,0.9252135498980488,3,0,5,1,0.07,0.06,70,10,noisy,8,235
0,Win-Stay Lose-Shift,2.9140625,0.8552320075757576,2.0,0.9659090909090909,0.8076467803030303,0.04758522727272727,0.08416193181818182,0.06060606060606061,0.9802993750800864,0.01670000526398905,0.02389211016773659,0.9833642136601897,3,0,5,1,0.02,0.07,44,96,noisy,3,236
1,Meta Mixer: 2 players,2.872395833333333,0.8971354166666666,1.0,0.9545454545454546,0.8338068181818182,0.0633285984848485,0.06155303030303031,0.04131155303030304,0.9713004196636359,0.31301264524948735,0.7485668789808917,0.5433711449840481,3,0,5,1,0.02,0.07,44,96,noisy,3,236
2,GTFT: 0.33,2.7526041666666665,0.8894412878787878,0.0,0.9886363636363636,0.7941524621212122,0.09528882575757576,0.06048768939393939,0.05007102272727273,0.9825298028293752,0.3395374588711718,0.9701267631889641,0.33810467882632833,3,0,5,1,0.02,0.07,44,96,noisy,3,236
0,Tit For Tat,2.567045454545455,0.6404040404040404,3.0,0.9717171717171718,0.394742883379247,0.24566115702479338,0.2539600550964187,0.10563590449954086,0.9676452874296029,0.030978797625486394,0.968969802106732,0.029517556087603737,3,0,5,1,0.03,0.05,99,176,noisy,6,237
1,Soft Joss: 0.9,2.5613636363636365,0.7012167125803489,1.0,0.9797979797979798,0.4634527089072543,0.23776400367309458,0.21730945821854913,0.08147382920110194,0.9697657187127315,0.12443957526930335,0.9699301366107059,0.12877023294860945,3,0,5,1,0.03,0.05,99,176,noisy,6,237
2,GTFT: 0.33,2.5602272727272726,0.8078856749311295,0.0,0.9717171717171718,0.5927915518824608,0.21509412304866848,0.14781910009182733,0.04429522497704315,0.9694355340180325,0.3516658369658396,0.9699204065220111,0.3355148720114792,3,0,5,1,0.03,0.05,99,176,noisy,6,237
3,Cycler DC,2.5363636363636366,0.4992079889807163,4.0,0.024242424242424242,0.15384527089072542,0.3453627180899908,0.3941689623507805,0.10662304866850321,0.15113353011809455,0.038011807028824215,0.9577891589159417,0.7756662996744021,3,0,5,1,0.03,0.05,99,176,noisy,6,237
4,Meta Mixer: 5 players,2.5079545454545453,0.6252754820936639,2.0,0.7818181818181819,0.3898645546372819,0.23541092745638198,0.24154040404040403,0.13318411386593204,0.8119878066486466,0.2653960304063391,0.8013820325631252,0.3453800742903482,3,0,5,1,0.03,0.05,99,176,noisy,6,237
5,Win-Stay Lose-Shift,2.484090909090909,0.5997589531680441,4.0,0.9474747474747475,0.414416896235078,0.185342056932966,0.2098370064279155,0.19040404040404038,0.9690418088918191,0.028226815196953747,0.02926624097509466,0.9682177841062366,3,0,5,1,0.03,0.05,99,176,noisy,6,237
0,Grudger,2.502551020408163,0.1536078717201166,14.0,0.9136904761904762,0.09699951409135084,0.05660835762876579,0.33879980563654033,0.5075923226433431,0.528944032286972,0.070481530455031,0.0844377956843979,0.07388660141063157,3,0,5,1,0.07,0.06,21,49,noisy,17,238
1,Defector,2.493622448979592,0.07033527696793003,15.0,0.09821428571428571,0.026907191448007777,0.043428085519922256,0.3691083576287658,0.5605563654033042,0.0989878922070508,0.09156964491016699,0.06706761679130338,0.0712591168639318,3,0,5,1,0.07,0.06,21,49,noisy,17,238
2,"DoubleCrosser: (D, D)",2.479591836734694,0.3479713313896987,10.0,0.9166666666666666,0.23955296404275997,0.10841836734693876,0.28103741496598644,0.3709912536443148,0.7281245668328131,0.5752326132020031,0.21408709108966997,0.07696419251306616,3,0,5,1,0.07,0.06,21,49,noisy,17,238
3,Evolved HMM 5,2.4719387755102042,0.35932944606413997,11.0,0.9226190476190477,0.21531827016520896,0.144011175898931,0.29865160349854225,0.34201895043731784,0.7455328405768518,0.37200753968721206,0.16408886659186622,0.20514896365450636,3,0,5,1,0.07,0.06,21,49,noisy,17,238
4,Meta Winner: 15 players,2.417091836734694,0.12749028182701652,14.0,0.9196428571428571,0.06110301263362489,0.06638726919339163,0.34110787172011664,0.5314018464528669,0.35638336438040513,0.22268130294662436,0.09619040411132193,0.08891647747663964,3,0,5,1,0.07,0.06,21,49,noisy,17,238
5,Soft Joss: 0.9,2.1364795918367347,0.5422740524781341,3.0,0.9136904761904762,0.30114188532555874,0.24113216715257535,0.1909013605442177,0.2668245869776482,0.9271600724686029,0.14930280102660778,0.9383668083392586,0.15690806821581677,3,0,5,1,0.07,0.06,21,49,noisy,17,238
6,Suspicious Tit For Tat,2.1339285714285716,0.45711856171039844,7.0,0.0625,0.24544460641399418,0.2116739552964043,0.2148931000971817,0.32798833819241985,0.9266338186885669,0.06424315935894072,0.9268123863684938,0.07686788334882125,3,0,5,1,0.07,0.06,21,49,noisy,17,238
7,Win-Stay Lose-Shift,2.1033163265306123,0.5126336248785228,7.0,0.9404761904761905,0.24003887269193389,0.27259475218658896,0.22467201166180759,0.26269436345966957,0.9407727894204889,0.07098016951679804,0.07088651558112638,0.9284060942939139,3,0,5,1,0.07,0.06,21,49,noisy,17,238
8,Meta Mixer: 15 players,2.0625,0.43063654033041787,9.0,0.6160714285714286,0.1896865889212828,0.24094995140913505,0.230745869776482,0.3386175898931001,0.4983513846623921,0.39299364132970194,0.4687815109679128,0.3957322689856433,3,0,5,1,0.07,0.06,21,49,noisy,17,238
9,GTFT: 0.33,2.0089285714285716,0.6628401360544217,1.0,0.9285714285714286,0.36534256559766765,0.2974975704567541,0.1445578231292517,0.1926020408163265,0.9362582336555746,0.3657723543092962,0.9275823117704526,0.39453032649529896,3,0,5,1,0.07,0.06,21,49,noisy,17,238
10,Tit For 2 Tats,1.9795918367346939,0.6956389698736638,0.0,0.9285714285714286,0.4192176870748299,0.2764212827988339,0.0997327502429543,0.20462827988338192,0.9332720489716733,0.6533349564822357,0.9250302046768628,0.30492002385278016,3,0,5,1,0.07,0.06,21,49,noisy,17,238
11,Cycler DC,1.9706632653061225,0.4939261418853256,5.0,0.05357142857142857,0.19345238095238096,0.30047376093294464,0.22108843537414966,0.2849854227405248,0.1547693214597043,0.1459836213614577,0.8667474991758544,0.8510010024955412,3,0,5,1,0.07,0.06,21,49,noisy,17,238
12,Alternator,1.9591836734693877,0.5046768707482994,5.0,0.9315476190476191,0.20068027210884357,0.3039965986394558,0.21604713313896992,0.27927599611273085,0.0630244551032802,0.07099272111108128,0.9348451762612946,0.9411578937438052,3,0,5,1,0.07,0.06,21,49,noisy,17,238
13,Random: 0.5,1.9451530612244898,0.4987852283770651,6.0,0.5357142857142857,0.2064504373177843,0.29233479105928084,0.21209912536443143,0.28911564625850344,0.5141513832478015,0.4917417205914798,0.48928318945499,0.4975463108940754,3,0,5,1,0.07,0.06,21,49,noisy,17,238
14,Win-Shift Lose-Stay: D,1.8864795918367347,0.5250242954324587,6.0,0.0625,0.1940597667638484,0.33096452866861026,0.20948736637512147,0.26548833819241985,0.07603129240752,0.9292869762195527,0.9258032812339866,0.06680221465068943,3,0,5,1,0.07,0.06,21,49,noisy,17,238
15,Bully,1.75,0.5861273080660836,6.0,0.125,0.20833333333333334,0.3777939747327502,0.182033527696793,0.23183916423712347,0.07133490016728111,0.9380826990842375,0.08969300078560719,0.9264558540895316,3,0,5,1,0.07,0.06,21,49,noisy,17,238
16,Anti Tit For Tat,1.7295918367346939,0.6013726919339164,6.0,0.9404761904761905,0.2171404275996113,0.38423226433430513,0.173955296404276,0.22467201166180756,0.07193141714180942,0.9306782616234937,0.08457777638156322,0.9333646503343396,3,0,5,1,0.07,0.06,21,49,noisy,17,238
0,Grudger,2.525925925925926,0.25862433862433865,5.0,0.9904761904761905,0.19068783068783068,0.06793650793650793,0.2907936507936508,0.45058201058201064,0.7907438169066077,0.04159593793740135,0.13042659146208752,0.021375979780765594,3,0,5,1,0.02,0.09,35,15,noisy,10,239
1,Meta Winner: 9 players,2.325925925925926,0.19111111111111112,7.0,0.9841269841269841,0.10116402116402116,0.08994708994708994,0.29058201058201055,0.5183068783068783,0.666039205444153,0.3714864880221642,0.13629831494758612,0.034463768215388,3,0,5,1,0.02,0.09,35,15,noisy,10,239
2,Tit For Tat,2.148148148148148,0.5216931216931217,0.0,0.9777777777777777,0.28698412698412695,0.2347089947089947,0.19640211640211644,0.2819047619047619,0.989338378979777,0.015585739246193527,0.9862627841407137,0.017141733272763644,3,0,5,1,0.02,0.09,35,15,noisy,10,239
3,Defector,2.1333333333333333,0.019894179894179895,7.0,0.009523809523809525,0.00634920634920635,0.013544973544973546,0.28698412698412695,0.6931216931216931,0.2,0.16666666666666666,0.046994567326847925,0.018572370857141432,3,0,5,1,0.02,0.09,35,15,noisy,10,239
4,Soft Joss: 0.9,2.0370370370370368,0.5655026455026455,0.0,0.9904761904761905,0.30857142857142855,0.25693121693121695,0.16804232804232808,0.26645502645502644,0.9789509768249869,0.11180456319099566,0.9809751956799898,0.12404630510485731,3,0,5,1,0.02,0.09,35,15,noisy,10,239
5,Cycler DC,1.9407407407407409,0.4696296296296296,3.0,0.031746031746031744,0.12550264550264548,0.3441269841269841,0.2554497354497354,0.27492063492063495,0.14275281766144837,0.04100972620782811,0.962192004047365,0.889829283042157,3,0,5,1,0.02,0.09,35,15,noisy,10,239
6,Suspicious Tit For Tat,1.9333333333333331,0.34116402116402117,2.0,0.012698412698412698,0.12973544973544973,0.2114285714285714,0.22201058201058205,0.43682539682539684,0.9698089547497725,0.02076144220516426,0.9853382750825621,0.02334817246404027,3,0,5,1,0.02,0.09,35,15,noisy,10,239
7,Random: 0.5,1.8148148148148147,0.49714285714285716,2.0,0.5047619047619047,0.19513227513227513,0.302010582010582,0.1805291005291005,0.32232804232804235,0.4748161898361217,0.4894442602733455,0.5087491291928334,0.498721102575846,3,0,5,1,0.02,0.09,35,15,noisy,10,239
8,Win-Shift Lose-Stay: D,1.8074074074074074,0.4624338624338624,3.0,0.02857142857142857,0.164021164021164,0.29841269841269846,0.19894179894179892,0.3386243386243386,0.02013269514505533,0.9730152597221458,0.9573547303076688,0.01371601532345639,3,0,5,1,0.02,0.09,35,15,noisy,10,239
9,Anti Tit For Tat,1.5925925925925926,0.6395767195767196,2.0,0.9650793650793651,0.21968253968253967,0.4198941798941799,0.14920634920634923,0.2112169312169312,0.023669342991775772,0.9768677333621488,0.02753145024742524,0.9869581061266438,3,0,5,1,0.02,0.09,35,15,noisy,10,239
0,Grudger,2.620347394540943,0.13075014315709105,12.0,0.9408284023668639,0.08455812177896546,0.0461920213781256,0.3713494941782783,0.49790036266463067,0.507322585368338,0.058687684333173805,0.08763835743877921,0.05518998605306597,3,0,5,1,0.06,0.01,13,62,noisy,14,240
1,Evolved HMM 5,2.555831265508685,0.3338423363237259,8.0,0.9704142011834319,0.19288032067188393,0.14096201565184197,0.3230578354647834,0.3430998282114907,0.6787206922383321,0.38148781954268685,0.1625649248041768,0.19442024299819896,3,0,5,1,0.06,0.01,13,62,noisy,14,240
2,Defector,2.5260545905707192,0.061748425271998475,12.0,0.05917159763313609,0.024813895781637722,0.03693452949036075,0.38242030921931663,0.5558312655086849,0.10542293233082707,0.07754946491973069,0.06202678795040777,0.05912669546857856,3,0,5,1,0.06,0.01,13,62,noisy,14,240
3,Meta Winner: 13 players,2.4813895781637716,0.10593624737545333,11.0,0.9112426035502958,0.053445313991219705,0.052490933384233635,0.3540752051918305,0.5399885474327162,0.30548795001049645,0.24388459023134162,0.08337281376369243,0.07545602601182497,3,0,5,1,0.06,0.01,13,62,noisy,14,240
4,Evolved FSM 16,2.4267990074441688,0.34777629318572245,9.0,0.9408284023668639,0.1456384806260737,0.2021378125596488,0.3377552968123688,0.3144684100019087,0.4431905528198335,0.4106354317411824,0.26713863067288196,0.32188347138804685,3,0,5,1,0.06,0.01,13,62,noisy,14,240
5,Suspicious Tit For Tat,2.1228287841191067,0.450753960679519,6.0,0.0650887573964497,0.2347776293185723,0.21597633136094677,0.2149265126932621,0.3343195266272189,0.9354270836153977,0.06334168468871174,0.9411125354439258,0.05892192368136892,3,0,5,1,0.06,0.01,13,62,noisy,14,240
6,Soft Joss: 0.9,2.074441687344913,0.5182286695934338,1.0,0.8698224852071006,0.2667493796526055,0.2514792899408284,0.19564802443214352,0.28612330597442254,0.9500679700982425,0.1334571933713657,0.9450672176678265,0.15744266156512274,3,0,5,1,0.06,0.01,13,62,noisy,14,240
7,Win-Shift Lose-Stay: D,1.8957816377171215,0.5212826875357893,5.0,0.05917159763313609,0.19393013933956865,0.3273525481962206,0.20242412674174465,0.2762931857224661,0.06011069686152432,0.9405904418911102,0.9462860687934973,0.06738844356621666,3,0,5,1,0.06,0.01,13,62,noisy,14,240
8,Alternator,1.8598014888337469,0.5043901507921359,4.0,0.9349112426035503,0.19602977667493798,0.30836037411719797,0.19106699751861042,0.30454285168925366,0.06965624688912361,0.05323779326716723,0.9585091518607027,0.935158460868473,3,0,5,1,0.06,0.01,13,62,noisy,14,240
9,Tit For 2 Tats,1.8560794044665012,0.6796144302347776,0.0,0.9289940828402367,0.39797671311318955,0.2816377171215881,0.08885283451040274,0.2315327352548196,0.939443453473425,0.6544293933958824,0.9362967499313833,0.29745117020496237,3,0,5,1,0.06,0.01,13,62,noisy,14,240
10,Cycler DC,1.8349875930521091,0.4985684290895209,4.0,0.047337278106508875,0.18677228478717314,0.3117961443023478,0.19326207291467837,0.30816949799580073,0.13648934053786146,0.1426425448705961,0.8823763224645675,0.8503299967367882,3,0,5,1,0.06,0.01,13,62,noisy,14,240
11,Random: 0.5,1.816377171215881,0.49980912387860277,4.0,0.4911242603550296,0.18629509448368015,0.3135140293949226,0.18925367436533685,0.31093720175606027,0.4741292614587661,0.5067444162028394,0.5092808542834445,0.497534029531303,3,0,5,1,0.06,0.01,13,62,noisy,14,240
12,Anti Tit For Tat,1.6029776674937966,0.6339950372208437,4.0,0.9408284023668639,0.20843672456575688,0.42555831265508687,0.1473563657186486,0.21864859706050774,0.053567400286830304,0.9430601394773748,0.0933650251287038,0.9472042539270095,3,0,5,1,0.06,0.01,13,62,noisy,14,240
13,Bully,1.5831265508684862,0.6268371826684481,5.0,0.05917159763313609,0.2010879938919641,0.425749188776484,0.1486924985684291,0.22447031876312273,0.07229877981320726,0.9430649165965783,0.07217727924520462,0.9362328403770064,3,0,5,1,0.06,0.01,13,62,noisy,14,240
0,Evolved HMM 5,2.8966861598440548,0.5594015067699278,6.0,0.975975975975976,0.4949159686001791,0.0644855381697487,0.2428744534007692,0.197724039829303,0.9120587766246278,0.38211774623978667,0.1692858703983956,0.18485326251015471,3,0,5,1,0.02,0.06,37,57,noisy,10,241
1,"DoubleCrosser: (D, D)",2.8810916179337234,0.6338443706864759,5.0,0.975975975975976,0.5750487329434698,0.05879563774300616,0.19598545914335389,0.17017017017017017,0.9300893832605607,0.7650252268929724,0.32205440034847244,0.042442460407359064,3,0,5,1,0.02,0.06,37,57,noisy,10,241
2,Evolved FSM 16,2.8167641325536064,0.5473368104947053,6.0,0.990990990990991,0.40777619724988146,0.13956061324482377,0.28354670459933623,0.1691164849059586,0.6331275598942098,0.5309860102569726,0.5353804673841511,0.3427606190218403,3,0,5,1,0.02,0.06,37,57,noisy,10,241
3,Soft Joss: 0.9,2.6393762183235867,0.7578104420209684,2.0,0.984984984984985,0.5683051472525157,0.18950529476845268,0.17069701280227598,0.0714925451767557,0.9767477127764059,0.11086122326485406,0.9776928911656686,0.12075175678124002,3,0,5,1,0.02,0.06,37,57,noisy,10,241
4,Suspicious Tit For Tat,2.5964912280701755,0.6688267214583004,6.0,0.018018018018018018,0.4895948580159107,0.17923186344238975,0.1969864601443549,0.1341868183973447,0.9823933804552557,0.029090873621898907,0.9804187435758873,0.017413056022965463,3,0,5,1,0.02,0.06,37,57,noisy,10,241
5,GTFT: 0.33,2.5867446393762186,0.8338865180970444,1.0,0.984984984984985,0.6454875928560139,0.18839892524103047,0.11853959222380271,0.04757388967915283,0.9800129943286494,0.3357394290691501,0.9867553346763476,0.3198710224483421,3,0,5,1,0.02,0.06,37,57,noisy,10,241
6,Tit For 2 Tats,2.442495126705653,0.934302723776408,0.0,0.96996996996997,0.7433749539012698,0.19092776987513832,0.03492966650861388,0.030767609714978144,0.981528831037836,0.8756150269438672,0.9761643668635364,0.5609614635217681,3,0,5,1,0.02,0.06,37,57,noisy,10,241
7,Alternator,2.1228070175438596,0.5041357146620304,4.0,0.9819819819819819,0.1625309520046362,0.34160476265739426,0.28612823349665456,0.20973605184131502,0.02768405199578307,0.019136108842965703,0.9765046598819396,0.9758045460093925,3,0,5,1,0.02,0.06,37,57,noisy,10,241
8,Random: 0.5,2.046783625730994,0.49681260207575995,4.0,0.5255255255255256,0.22111585269480002,0.2756967493809599,0.21985143037774618,0.28333596754649387,0.49875646329567147,0.4942710702926408,0.4941057214975172,0.4990721950515041,3,0,5,1,0.02,0.06,37,57,noisy,10,241
9,Win-Shift Lose-Stay: D,2.023391812865497,0.5781044202096833,4.0,0.02702702702702703,0.22069437858911545,0.3574100416205679,0.23607818344660447,0.1858173963437121,0.021321257182490266,0.9818265827601037,0.9808173546190145,0.02099055576729869,3,0,5,1,0.02,0.06,37,57,noisy,10,241
0,Win-Stay Lose-Shift,3.25974025974026,0.33431412337662336,1.0,0.984375,0.17207792207792208,0.1622362012987013,0.5247564935064934,0.14092938311688313,0.9488367083153812,0.05126767850983098,0.04992483879076693,0.9463005716798594,3,0,5,1,0.05,0.01,32,154,noisy,3,242
1,Tit For Tat,2.324675324675325,0.5270900974025974,1.0,0.96875,0.2791193181818182,0.2479707792207792,0.24726055194805194,0.22564935064935066,0.9498080393218107,0.05251190527264147,0.950973595370147,0.04836019441053309,3,0,5,1,0.05,0.01,32,154,noisy,3,242
2,Win-Shift Lose-Stay: D,1.4805194805194806,0.6891233766233766,0.0,0.09375,0.15046672077922077,0.5386566558441558,0.17684659090909088,0.13403003246753248,0.04076543478996208,0.9468308495619202,0.9493512217727464,0.059950248756218905,3,0,5,1,0.05,0.01,32,154,noisy,3,242
0,Defector,2.4882044560943646,0.06816659385466725,13.0,0.06507936507936508,0.02710062618319498,0.04106596767147225,0.3684287170525703,0.5634046890927624,0.06843352988051295,0.06249814995004275,0.06715391485204211,0.06688053453660144,3,0,5,1,0.07,0.07,45,109,noisy,15,243
1,Grudger,2.4855832241153344,0.10273773117809815,13.0,0.9222222222222223,0.053866317169069464,0.04887141400902868,0.35558468035532254,0.5416775884665792,0.43386452969058853,0.07063703668382666,0.07486025652529947,0.06855702191201833,3,0,5,1,0.07,0.07,45,109,noisy,15,243
2,Meta Winner: 13 players,2.4619921363040627,0.09054900247560799,13.0,0.9174603174603174,0.040832969273336246,0.04971603320227174,0.3582059123343527,0.5512450851900393,0.255591858547464,0.1232434597603012,0.08062266393934737,0.07150297078604802,3,0,5,1,0.07,0.07,45,109,noisy,15,243
3,Evolved HMM 5,2.380078636959371,0.3078054463375564,10.0,0.9349206349206349,0.16030289791757676,0.14750254841997962,0.30142711518858306,0.39076743847386053,0.7276153686388552,0.3528829653755045,0.13379493123281433,0.1998276254401712,3,0,5,1,0.07,0.07,45,109,noisy,15,243
4,Evolved FSM 16,2.260157273918742,0.31776612785787095,9.0,0.9349206349206349,0.11415465268676281,0.2036114751711082,0.3118101063055191,0.3704237658366099,0.42624187248559453,0.40283499324854327,0.22727220688797653,0.2798169526643376,3,0,5,1,0.07,0.07,45,109,noisy,15,243
5,Suspicious Tit For Tat,2.0825688073394497,0.43758555409931554,6.0,0.06507936507936508,0.2094946847240425,0.22809086937527304,0.2222950342216397,0.3401194116790447,0.9219076417942631,0.0704416674697012,0.9332097522520492,0.06743215952019582,3,0,5,1,0.07,0.07,45,109,noisy,15,243
6,Soft Joss: 0.9,2.0301441677588463,0.5070190767438474,1.0,0.9111111111111111,0.2502548419979613,0.25676423474588617,0.19497597204019226,0.2980049512159604,0.9327135888890649,0.15879725644590784,0.9311091817039393,0.1622652957216355,3,0,5,1,0.07,0.07,45,109,noisy,15,243
7,Meta Mixer: 13 players,1.9482306684141548,0.39916994320664045,9.0,0.6619047619047619,0.14914809960681522,0.25002184359982527,0.2270860637833115,0.37374399301004807,0.47466465453474704,0.3572918127691635,0.45646629631422886,0.3551503629494427,3,0,5,1,0.07,0.07,45,109,noisy,15,243
8,Win-Stay Lose-Shift,1.9305373525557012,0.5001601863987185,5.0,0.9111111111111111,0.20110674239114604,0.29905344400757244,0.20433959516528324,0.2955002184359983,0.9301511424855778,0.06613864647417421,0.06730152160914696,0.9325590959685018,3,0,5,1,0.07,0.07,45,109,noisy,15,243
9,GTFT: 0.33,1.8551769331585846,0.6106159895150721,0.0,0.9396825396825397,0.28934032328527737,0.3212756662297947,0.14926459880588322,0.24011941167904474,0.9274418731621444,0.3603182144585984,0.931488487286986,0.3425625364385997,3,0,5,1,0.07,0.07,45,109,noisy,15,243
10,Random: 0.5,1.817824377457405,0.4960972768312218,5.0,0.49523809523809526,0.18553953691568367,0.31055773991553803,0.18906363768749093,0.3148390854812873,0.505543953409714,0.4915211842504553,0.4955625097751138,0.49372115406396083,3,0,5,1,0.07,0.07,45,109,noisy,15,243
11,Cycler DC,1.7909567496723462,0.49566040483471674,5.0,0.08412698412698413,0.1563419251492646,0.3393184796854521,0.2050094655599243,0.29933012960535893,0.1661216179994596,0.13795653548468292,0.8662385976055953,0.8262447931262075,3,0,5,1,0.07,0.07,45,109,noisy,15,243
12,Alternator,1.7870249017038007,0.5020678607834571,4.0,0.9301587301587302,0.1580748507354012,0.34399301004805594,0.20381534876947718,0.2941167904470657,0.06642736775487514,0.07155615678446359,0.9290833292012961,0.9323253891995368,3,0,5,1,0.07,0.07,45,109,noisy,15,243
13,Win-Shift Lose-Stay: D,1.717562254259502,0.5428134556574924,4.0,0.07777777777777778,0.172695500218436,0.37011795543905635,0.18465123052279014,0.27253531381971746,0.06586883984963503,0.9305714817746711,0.9317491907632341,0.07093139355711518,3,0,5,1,0.07,0.07,45,109,noisy,15,243
14,Anti Tit For Tat,1.5878112712975097,0.6242172710062618,5.0,0.9396825396825397,0.21010630551914955,0.4141109654871123,0.1481141692150866,0.22766855977865147,0.07173995713151851,0.9308565257821934,0.0714148557929732,0.9299200999015899,3,0,5,1,0.07,0.07,45,109,noisy,15,243
0,Grudger,2.6845564074479737,0.12306464916906684,10.0,0.9079685746352413,0.06523738049842467,0.05782726867064216,0.4025259286303463,0.47440942220058685,0.3376294826195678,0.09925473266062936,0.10519542710902438,0.10165981194852618,3,0,5,1,0.1,0.08,81,166,noisy,12,244
1,Defector,2.6818181818181817,0.09863021108001027,10.0,0.09764309764309764,0.04422403418387352,0.05440617689613673,0.40986166889781345,0.4915081200221762,0.10663948184154984,0.10226519534506329,0.0987886209621375,0.0964962334360279,3,0,5,1,0.1,0.08,81,166,noisy,12,244
2,"DoubleCrosser: (D, D)",2.5848849945235486,0.24751531378037403,8.0,0.9012345679012346,0.15708625748786392,0.0904290562925101,0.33824861736508316,0.4142360688545427,0.5740997428040614,0.4034720986506111,0.17221649415805765,0.1112203783557638,3,0,5,1,0.1,0.08,81,166,noisy,12,244
3,Evolved FSM 16,2.4561883899233297,0.2617676091571674,8.0,0.9001122334455668,0.10242316065609237,0.15934444850107501,0.3531364515300259,0.38509593931280683,0.38401085765902876,0.33062042328241564,0.18881062609038216,0.22741729668214863,3,0,5,1,0.1,0.08,81,166,noisy,12,244
4,Meta Mixer: 11 players,2.0514786418400877,0.43139561613457195,7.0,0.6498316498316499,0.18434681486890325,0.24704880126566875,0.23405406136329832,0.3345503225021298,0.4737607315645695,0.40295844592700014,0.45843809503413796,0.4135672112182327,3,0,5,1,0.1,0.08,81,166,noisy,12,244
5,Soft Joss: 0.9,2.0295728368017523,0.5117845117845118,3.0,0.9124579124579124,0.2758644003623923,0.2359201114221194,0.18286614471353427,0.305349343501954,0.8947251350765302,0.1795151208089895,0.903142394530819,0.17249231305566465,3,0,5,1,0.1,0.08,81,166,noisy,12,244
6,Win-Stay Lose-Shift,1.940854326396495,0.5160169296715481,4.0,0.9135802469135802,0.22928752045217904,0.28672940921936907,0.1969358917150082,0.2870471786134437,0.9045590807848295,0.10134661414864722,0.09765055513932067,0.8989507671729071,3,0,5,1,0.1,0.08,81,166,noisy,12,244
7,Random: 0.5,1.933734939759036,0.49726177437020813,5.0,0.4994388327721661,0.2027436344705421,0.2945181398996661,0.2055629927115871,0.29717523291820486,0.493468017857942,0.49654081200701383,0.49660975010226543,0.49396059399639275,3,0,5,1,0.1,0.08,81,166,noisy,12,244
8,Cycler DC,1.9282584884994523,0.5005882114315849,4.0,0.09764309764309764,0.19523210687869322,0.30535610455289164,0.21046475464146147,0.2889470339269536,0.19608297392030083,0.18859273346739683,0.8063300353047477,0.7979260023602364,3,0,5,1,0.1,0.08,81,166,noisy,12,244
9,GTFT: 0.33,1.8658269441401971,0.6103944397117088,1.0,0.8945005611672279,0.31084607791435104,0.2995483617973578,0.14158316768758536,0.24802239260070583,0.9048689624563959,0.3684193249798314,0.8962932924725643,0.3717498163179075,3,0,5,1,0.1,0.08,81,166,noisy,12,244
10,Bully,1.828039430449069,0.5786783497626871,4.0,0.11784511784511785,0.19117547631603857,0.3875028734466486,0.20673941557475695,0.214582234662556,0.0985719633293929,0.9018179937931182,0.10526036180697468,0.8973349262431711,3,0,5,1,0.1,0.08,81,166,noisy,12,244
11,Cooperator,1.4386637458926617,0.899686287236488,0.0,0.8978675645342312,0.392877908942166,0.506808378294322,0.04346003542790691,0.05685367733560505,0.8996357416691446,0.8987319616501707,0.8984417280343191,0.9002380391857829,3,0,5,1,0.1,0.08,81,166,noisy,12,244
0,Evolved HMM 5,2.6609461966604826,0.527447342573393,9.0,0.9957983193277311,0.4552548292044091,0.07219251336898395,0.2049001418749318,0.26765251555167524,0.9260232445107917,0.3788979786557554,0.15238392383613564,0.1520640078189128,3,0,5,1,0.01,0.08,17,154,noisy,15,245
1,"DoubleCrosser: (D, D)",2.60482374768089,0.5757666703044855,7.0,0.9957983193277311,0.5299574375204628,0.045809232784022706,0.14550365600785767,0.27872967368765683,0.9434465600985245,0.7315486289523611,0.4130476143316905,0.07294751371100965,3,0,5,1,0.01,0.08,17,154,noisy,15,245
2,Evolved FSM 16,2.479591836734694,0.5147877332751283,9.0,0.9957983193277311,0.34314634944887035,0.1716413838262578,0.24020517297828223,0.24500709374658955,0.6692701148515449,0.49247509092341574,0.449229021786911,0.336711094176293,3,0,5,1,0.01,0.08,17,154,noisy,15,245
3,Grudger,2.463821892393321,0.2394685146785987,13.0,1.0,0.2279002510094947,0.011568263669104005,0.25111862926988976,0.5094128560515115,0.9072169822089251,0.03801560758082497,0.03664016876336578,0.009282871805515019,3,0,5,1,0.01,0.08,17,154,noisy,15,245
4,Tit For Tat,2.434137291280148,0.6407017352395503,6.0,0.9873949579831933,0.4774637127578304,0.16323802248171998,0.16321073884099094,0.19608752591945874,0.9918738168180025,0.01723713852460442,0.9873562316133678,0.015336210503677712,3,0,5,1,0.01,0.08,17,154,noisy,15,245
5,Suspicious Tit For Tat,2.3552875695732842,0.5769671504965622,9.0,0.012605042016806723,0.40090581687220345,0.1760613336243588,0.1821728691476591,0.24085998035577869,0.9927417596337238,0.01203276908053217,0.9851042678346166,0.008945754732376637,3,0,5,1,0.01,0.08,17,154,noisy,15,245
6,GTFT: 0.33,2.35482374768089,0.7853050311033505,1.0,0.9915966386554622,0.588071592273273,0.19723343883007755,0.0946469496889665,0.12004801920768308,0.9902125618407902,0.3396821839704285,0.9864098111465356,0.3950553794683864,3,0,5,1,0.01,0.08,17,154,noisy,15,245
7,Defector,2.345547309833024,0.01020408163265306,13.0,0.004201680672268907,0.003574156935501474,0.006629924697151588,0.33684382844046706,0.6529520899268798,0.05,0.04092908902691512,0.011584567997041523,0.010155998417338354,3,0,5,1,0.01,0.08,17,154,noisy,15,245
8,Tit For 2 Tats,2.3186456400742115,0.8290952744734257,0.0,0.9915966386554622,0.6674942704354468,0.16160100403797878,0.03222197970097129,0.13868274582560297,0.9921933879772175,0.7959493194927736,0.9930020219313952,0.19260317022100032,3,0,5,1,0.01,0.08,17,154,noisy,15,245
9,Win-Stay Lose-Shift,2.1391465677179964,0.5913729128014842,6.0,0.9873949579831933,0.35460547855505836,0.23676743424642585,0.17286914765906364,0.23575793953945215,0.9918186111629622,0.010632467721456196,0.008212784173347353,0.9858055213608325,3,0,5,1,0.01,0.08,17,154,noisy,15,245
10,Cooperator,2.102968460111317,0.9904780093855724,0.0,0.9831932773109243,0.68214558550693,0.3083324238786424,0.006520790134235512,0.003001200480192077,0.9911671910882234,0.9891902641590403,0.9838398078529657,0.9962121212121212,3,0,5,1,0.01,0.08,17,154,noisy,15,245
11,Meta Mixer: 14 players,2.060296846011132,0.4347648150169159,8.0,0.7394957983193278,0.22127032631234317,0.21349448870457274,0.21062970642802575,0.3546054785550584,0.6235539339083067,0.3183899168177561,0.5678150212758162,0.35839908876711435,3,0,5,1,0.01,0.08,17,154,noisy,15,245
12,Alternator,1.9805194805194806,0.5021008403361344,5.0,0.9915966386554622,0.15745389064716794,0.3446469496889665,0.25261922950998583,0.24527993015387972,0.027419033656404558,0.013488623868563306,0.9922153886244198,0.9946960991247733,3,0,5,1,0.01,0.08,17,154,noisy,15,245
13,Cycler DC,1.9675324675324677,0.4995634617483357,4.0,0.01680672268907563,0.15516206482593034,0.34440139692240535,0.25171886936592813,0.24871766888573615,0.10632462910548092,0.020642363796833138,0.986570766260864,0.9210268838984189,3,0,5,1,0.01,0.08,17,154,noisy,15,245
14,Random: 0.5,1.923469387755102,0.49939975990396157,5.0,0.4957983193277311,0.2059096365819055,0.2934901233220561,0.20192622503546873,0.29867401506056973,0.48968273257962286,0.5088655073568689,0.48022724534839256,0.5121207510178729,3,0,5,1,0.01,0.08,17,154,noisy,15,245
0,Evolved HMM 5,2.729651162790698,0.3475146946077179,9.0,0.9758241758241758,0.23775875287503198,0.10975594173268594,0.3378481983133146,0.3146371070789675,0.7777415323944895,0.39053350287309563,0.10738657174761435,0.1633062618057208,3,0,5,1,0.02,0.05,70,172,noisy,14,246
1,"DoubleCrosser: (D, D)",2.657200357781753,0.3629312547917199,7.0,0.9846153846153847,0.3010286225402504,0.061902632251469455,0.2822961921799131,0.35477255302836697,0.7585557618972477,0.6090754981273119,0.2764397438864274,0.028687883903246194,3,0,5,1,0.02,0.05,70,172,noisy,14,246
2,Grudger,2.580724508050089,0.10568617429082545,12.0,0.9736263736263736,0.08888320981344237,0.016802964477383085,0.35467032967032963,0.539643496038845,0.6307936846801648,0.020964136673844988,0.04535705443201003,0.020762161249679698,3,0,5,1,0.02,0.05,70,172,noisy,14,246
3,Evolved FSM 16,2.5427101967799643,0.38650012777919757,8.0,0.9835164835164835,0.17397776641962687,0.21252236135957064,0.3523511372348581,0.26114873498594426,0.5585566309370713,0.3769658697268076,0.275123977831985,0.3889861007717839,3,0,5,1,0.02,0.05,70,172,noisy,14,246
4,Meta Winner: 12 players,2.4888193202146693,0.03696013289036545,11.0,0.9857142857142858,0.016662407360081778,0.02029772553028367,0.3687196524405827,0.5943202146690518,0.35211992425917676,0.16771357708740967,0.040894991138013564,0.02559220682380425,3,0,5,1,0.02,0.05,70,172,noisy,14,246
5,Defector,2.483005366726297,0.02029772553028367,12.0,0.02197802197802198,0.007781753130590339,0.012515972399693329,0.36742269358548424,0.6122795808842321,0.037587688133115284,0.022839422927235536,0.02211854394319645,0.02055661664026202,3,0,5,1,0.02,0.05,70,172,noisy,14,246
6,Tit For Tat,2.172406082289803,0.504331714796831,5.0,0.9769230769230769,0.3368515205724508,0.16748019422438032,0.16440071556350622,0.3312675696396627,0.9820491710661632,0.019178307172159285,0.9781284461738442,0.020029002046361655,3,0,5,1,0.02,0.05,70,172,noisy,14,246
7,Win-Stay Lose-Shift,1.920840787119857,0.5010477894198825,4.0,0.9802197802197802,0.20206363404037825,0.29898415537950424,0.2033925376948633,0.2955596728852543,0.9795642615106754,0.020795263054157388,0.020202443880025657,0.9804919134755419,3,0,5,1,0.02,0.05,70,172,noisy,14,246
8,Tit For 2 Tats,1.9011627906976745,0.65608228980322,0.0,0.9802197802197802,0.42350498338870435,0.23257730641451568,0.07105162279580884,0.27286608740097107,0.9806546317629997,0.6563118447771455,0.9768519269956839,0.15925433692603222,3,0,5,1,0.02,0.05,70,172,noisy,14,246
9,Meta Mixer: 12 players,1.858005366726297,0.36495016611295683,7.0,0.6582417582417582,0.12662918476871965,0.23832098134423715,0.21082289803220033,0.4242269358548429,0.3992798735791144,0.3681989011828204,0.3736451477471268,0.37533927139616713,3,0,5,1,0.02,0.05,70,172,noisy,14,246
10,Cycler DC,1.5789355992844365,0.4999936110401227,3.0,0.026373626373626374,0.17448888320981348,0.32550472783030926,0.13791208791208792,0.3620943010477894,0.05629611487019051,0.0861786047943675,0.9211170261699952,0.9372846652707026,3,0,5,1,0.02,0.05,70,172,noisy,14,246
11,Win-Shift Lose-Stay: D,1.4474508050089443,0.577772808586762,3.0,0.02197802197802198,0.14240352670585227,0.43536928188090973,0.14922693585484284,0.2730002555583951,0.021169674387284808,0.9806969723627877,0.9773658526706348,0.018314755156513183,3,0,5,1,0.02,0.05,70,172,noisy,14,246
12,Bully,1.2920393559928445,0.7019869665218502,4.0,0.014285714285714285,0.15587784308714542,0.5461091234347049,0.12952977255302836,0.1684832609251214,0.015344334020502533,0.9803293201555336,0.017703103427828583,0.9804143620662428,3,0,5,1,0.02,0.05,70,172,noisy,14,246
13,Anti Tit For Tat,1.207737030411449,0.7218757986199846,3.0,0.9802197802197802,0.15701507794531053,0.5648607206746742,0.11335931510350114,0.16476488627651417,0.01938196876181686,0.979851973084942,0.030103351203397993,0.9801620494291592,3,0,5,1,0.02,0.05,70,172,noisy,14,246
0,Evolved HMM 5,3.01466049382716,0.5189436885865457,8.0,0.9846938775510204,0.46175044091710765,0.057193247669438146,0.29106827916351724,0.18998803224993704,0.9057618036269326,0.3602242652783272,0.12635458389919105,0.15744706981498952,3,0,5,1,0.01,0.04,49,108,noisy,13,247
1,Grudger,2.863425925925926,0.31623204837490554,11.0,0.9880952380952381,0.30435878054925675,0.011873267825648778,0.31290942302847063,0.37085852859662377,0.9100149963263001,0.029569288389513105,0.051647168512135265,0.011239050135189211,3,0,5,1,0.01,0.04,49,108,noisy,13,247
2,Evolved FSM 16,2.814043209876543,0.5596812799193751,7.0,0.9846938775510204,0.40759637188208614,0.152084908037289,0.292123330813807,0.14819538926681783,0.7506290404447751,0.4699966532708879,0.44323666394033534,0.3814546385401047,3,0,5,1,0.01,0.04,49,108,noisy,13,247
3,Meta Winner: 12 players,2.6612654320987654,0.10267069790879314,11.0,0.9897959183673469,0.05308327034517512,0.04958742756361804,0.40101410934744264,0.4963151927437642,0.5216309672111211,0.6532644464318768,0.04648683998310082,0.149569754099218,3,0,5,1,0.01,0.04,49,108,noisy,13,247
4,Soft Joss: 0.9,2.4953703703703702,0.7264581758629378,2.0,0.9965986394557823,0.5744205089443185,0.15203766691861928,0.12449609473418999,0.14904572940287225,0.9895686000447633,0.10190227616632587,0.9874696937209776,0.1132197254787205,3,0,5,1,0.01,0.04,49,108,noisy,13,247
5,Tit For Tat,2.494598765432099,0.6849174855127236,4.0,0.9931972789115646,0.5467687074829933,0.1381487780297304,0.1379283194759385,0.17715419501133786,0.9902919298742962,0.013968374921233529,0.9913528587984693,0.014820478242136734,3,0,5,1,0.01,0.04,49,108,noisy,13,247
6,GTFT: 0.33,2.410493827160494,0.798973293020912,2.0,0.9846938775510204,0.6183704963466868,0.18060279667422524,0.08967939027462837,0.11134731670445959,0.9902389019939831,0.33309728016758816,0.9886405991683906,0.29655619703350783,3,0,5,1,0.01,0.04,49,108,noisy,13,247
7,Win-Stay Lose-Shift,2.3981481481481484,0.6118669690098262,5.0,0.9812925170068028,0.4182571176618796,0.19360985134794653,0.19628684807256233,0.19184618291761146,0.9910486007948339,0.01236486819917066,0.01463403097637809,0.9899800551024964,3,0,5,1,0.01,0.04,49,108,noisy,13,247
8,Tit For 2 Tats,2.3256172839506175,0.825412572436382,0.0,0.9965986394557823,0.6597222222222222,0.16569035021415968,0.03974552784076593,0.1348418997228521,0.9894086546231436,0.7812438706612205,0.995959287893832,0.28769746419693587,3,0,5,1,0.01,0.04,49,108,noisy,13,247
9,Alternator,2.1018518518518516,0.502488032249937,5.0,0.9914965986394558,0.1952790375409423,0.3072089947089947,0.25414147140337623,0.24337049634668684,0.015239389785820083,0.01120091636413154,0.9913876677981817,0.9894371083699588,3,0,5,1,0.01,0.04,49,108,noisy,13,247
10,Cooperator,1.9282407407407407,0.9898589065255732,0.0,0.9914965986394558,0.6342750062988158,0.3555839002267575,0.0063460569412950385,0.003795036533131773,0.9885951234860827,0.990598192437614,0.9876768221965335,0.9941558441558442,3,0,5,1,0.01,0.04,49,108,noisy,13,247
11,Win-Shift Lose-Stay: D,1.922067901234568,0.6398652053413958,5.0,0.003401360544217687,0.21480536659108088,0.425059838750315,0.22370244394053918,0.136432350718065,0.010742875504766696,0.9880905088885296,0.9876119621944008,0.011180132585845949,3,0,5,1,0.01,0.04,49,108,noisy,13,247
12,Anti Tit For Tat,1.861111111111111,0.5912698412698413,6.0,0.9931972789115646,0.17989417989417988,0.41137566137566134,0.23061539430587055,0.17811476442428822,0.013932514642463499,0.9913940425664958,0.009784725615162328,0.9920828470004815,3,0,5,1,0.01,0.04,49,108,noisy,13,247
0,Grudger,2.5272108843537415,0.12924001215606518,17.0,0.9077892325315006,0.06969866984594525,0.05954134231011992,0.3614676110994226,0.5092923767445121,0.42801140586015,0.09186558295210459,0.10226624053831149,0.09145165652803139,3,0,5,1,0.09,0.05,97,98,noisy,19,248
1,Evolved HMM 5,2.5221088435374153,0.3289735138041471,13.0,0.9089347079037801,0.1879047151506651,0.14106879865348204,0.32242209598616084,0.34860439020969214,0.6867706891332626,0.342467210685004,0.1691561755887917,0.21336939175938235,3,0,5,1,0.09,0.05,97,98,noisy,19,248
2,Defector,2.512471655328798,0.08993734951025084,17.0,0.08533791523482245,0.037771465974706035,0.0521658835355448,0.3730509385884939,0.5370117119012554,0.08629135232204752,0.09442901841381572,0.09204968921104614,0.08944363750261003,3,0,5,1,0.09,0.05,97,98,noisy,19,248
3,"DoubleCrosser: (D, D)",2.4954648526077094,0.2848084250882484,14.0,0.9037800687285223,0.19259765761974892,0.09221076746849942,0.3003307852350562,0.4148607896766954,0.6469159787244764,0.4496645211261904,0.18518075020669922,0.10540554173794785,3,0,5,1,0.09,0.05,97,98,noisy,19,248
4,Meta Winner: 17 players,2.4948979591836733,0.11716576665030273,16.0,0.9049255441008018,0.053352268742548566,0.06381349790775416,0.36395142249339596,0.5188828108563013,0.24993265745577561,0.185882259543801,0.10378540083056026,0.10173787999377078,3,0,5,1,0.09,0.05,97,98,noisy,19,248
5,Tit For Tat,2.20124716553288,0.5036117539799425,8.0,0.9123711340206185,0.28840264628188045,0.21520910769806206,0.2109311078383243,0.28545713818173324,0.9131514133613607,0.08888479106828975,0.9114797307205998,0.08940238209181436,3,0,5,1,0.09,0.05,97,98,noisy,19,248
6,Suspicious Tit For Tat,2.183673469387755,0.48331463169460226,8.0,0.09507445589919816,0.2685204666058863,0.2147941650887159,0.21491105033078522,0.3017743179746125,0.9102857902895255,0.0872005894795017,0.915436634715555,0.08941002228619785,3,0,5,1,0.09,0.05,97,98,noisy,19,248
7,Soft Joss: 0.9,2.1434240362811794,0.5449189985272459,4.0,0.9095074455899198,0.30602894078593634,0.2388900577413096,0.19518666573158477,0.2598943357411693,0.9103233677794482,0.17279555871121452,0.9092035584276587,0.1723425705623775,3,0,5,1,0.09,0.05,97,98,noisy,19,248
8,Win-Stay Lose-Shift,2.1258503401360542,0.5045643687028076,8.0,0.9198167239404352,0.23784393482478908,0.2667204338780185,0.23320359071463637,0.26223204058255606,0.9057558086051465,0.08953995729804709,0.08903471343539918,0.9098965788734105,3,0,5,1,0.09,0.05,97,98,noisy,19,248
9,Meta Mixer: 17 players,2.115079365079365,0.4646539027982327,10.0,0.6357388316151202,0.21642471421558312,0.24822918858264956,0.23237370549594408,0.30297239170582324,0.5312772953366176,0.4204928201342701,0.530751541852212,0.4069730037258932,3,0,5,1,0.09,0.05,97,98,noisy,19,248
10,Alternator,2.0821995464852607,0.5024838113939734,7.0,0.9243986254295533,0.20878626364635203,0.29369754774762136,0.23942772985482852,0.25808845875119807,0.08912975678608563,0.09160837765585844,0.9109753100441789,0.9065525115492543,3,0,5,1,0.09,0.05,97,98,noisy,19,248
11,Cycler DC,2.078798185941043,0.4998714262337237,8.0,0.08132875143184422,0.20817261612548799,0.2916988101082357,0.23832316431727332,0.26180540944900293,0.1949060433211827,0.17198556071011098,0.8337320216938826,0.8016513807793665,3,0,5,1,0.09,0.05,97,98,noisy,19,248
12,Random: 0.5,2.0555555555555554,0.4988837459382378,8.0,0.49312714776632305,0.22155597634242702,0.2773277695958109,0.22147415667297848,0.2796420973887837,0.49694021152099754,0.5037810892553614,0.49720821122721137,0.49496314688915416,3,0,5,1,0.09,0.05,97,98,noisy,19,248
13,GTFT: 0.33,2.052721088435374,0.6493793393646118,2.0,0.9175257731958762,0.363700119222947,0.2856792201416649,0.15320148678027914,0.19741917385510904,0.9105540944815773,0.3628575945680556,0.9106053924611123,0.367323819274631,3,0,5,1,0.09,0.05,97,98,noisy,19,248
14,Tit For 2 Tats,2.0209750566893425,0.6920716740304369,1.0,0.9026345933562429,0.42660775650466376,0.2654639175257732,0.10775650466372116,0.20017182130584196,0.9080261934330817,0.6480379864341325,0.9106632014014733,0.33778203466980167,3,0,5,1,0.09,0.05,97,98,noisy,19,248
15,Win-Shift Lose-Stay: D,2.011904761904762,0.5203321878579611,8.0,0.07961053837342497,0.21344414054281508,0.30688804731514596,0.22357809103022655,0.25608972111181244,0.08874051105096176,0.9077434460922859,0.9101072411853326,0.09230055736194234,3,0,5,1,0.09,0.05,97,98,noisy,19,248
16,Bully,1.9404761904761907,0.5541237113402062,8.0,0.08648339060710195,0.21028823900694302,0.3438354723332632,0.2165883535544802,0.22928793510531362,0.08713852371348642,0.9086242850516295,0.0884837397563162,0.9101957238393822,3,0,5,1,0.09,0.05,97,98,noisy,19,248
17,Anti Tit For Tat,1.9302721088435375,0.5626680225354747,8.0,0.9009163802978236,0.2160740584893751,0.34659396404609955,0.2120298291137761,0.22530214835074927,0.09219508855411498,0.907814454405142,0.09126589260319805,0.9114889920997117,3,0,5,1,0.09,0.05,97,98,noisy,19,248
18,Cooperator,1.625283446712018,0.9105418799822335,0.0,0.9077892325315006,0.4505750753909812,0.45996680459125233,0.043586506767655527,0.04587161325011105,0.9093351383809952,0.9109597551146558,0.917111636132019,0.9125870197052899,3,0,5,1,0.09,0.05,97,98,noisy,19,248
0,Defector,2.5422535211267605,0.030901828883750263,8.0,0.04477611940298507,0.01271809964263191,0.018183729241118354,0.381753205801976,0.5873449653142737,0.042495180410731366,0.030159572084454196,0.02678349515614617,0.03086045611221401,3,0,5,1,0.03,0.01,67,71,noisy,9,249
1,Meta Winner: 7 players,2.487676056338028,0.074022493167963,7.0,0.9682835820895522,0.034633172167332346,0.039389321000630646,0.3612570948076519,0.5647204120243852,0.3613815420804337,0.26702204985123745,0.08793710564674165,0.04216460945375766,3,0,5,1,0.03,0.01,67,71,noisy,9,249
2,Evolved HMM 5,2.419014084507042,0.38290939667857893,5.0,0.960820895522388,0.24590077780113517,0.13700861887744376,0.2650830355265924,0.35200756779482867,0.8037461916376477,0.3789526815733737,0.10041568606703302,0.17586132338055188,3,0,5,1,0.03,0.01,67,71,noisy,9,249
3,Suspicious Tit For Tat,2.073943661971831,0.44818162707588816,3.0,0.03544776119402985,0.2843178473828043,0.16386377969308388,0.1656506201387429,0.3861677527853689,0.9672711316672753,0.03404085878614024,0.969768750931459,0.034525135084400166,3,0,5,1,0.03,0.01,67,71,noisy,9,249
4,Meta Mixer: 7 players,1.9225352112676055,0.41554551187723354,4.0,0.5167910447761194,0.15997477401723775,0.2555707378599958,0.21455223880597013,0.3699022493167964,0.5169707065894572,0.36316923025317077,0.4682854648688837,0.37567014645863517,3,0,5,1,0.03,0.01,67,71,noisy,9,249
5,GTFT: 0.33,1.8433098591549295,0.636483077569897,0.0,0.9682835820895522,0.3619928526382173,0.2744902249316796,0.09914336766869873,0.26437355476140423,0.9664023142383077,0.3465703596458912,0.9688543808264236,0.34485716124905796,3,0,5,1,0.03,0.01,67,71,noisy,9,249
6,Random: 0.5,1.7799295774647887,0.5041780533949969,2.0,0.503731343283582,0.18451755307967205,0.3196605003153248,0.1818898465419382,0.31393210006306493,0.49423649366249395,0.5028902583648334,0.5002910267631223,0.5056261369835839,3,0,5,1,0.03,0.01,67,71,noisy,9,249
7,Win-Stay Lose-Shift,1.7588028169014085,0.553000840866092,2.0,0.9626865671641791,0.2493167963001892,0.30368404456590287,0.14523334034055074,0.3017658187933572,0.969595813197096,0.029586411123439463,0.02907511004437941,0.9675220807632696,3,0,5,1,0.03,0.01,67,71,noisy,9,249
8,Bully,1.5440140845070423,0.6418961530376287,3.0,0.041044776119402986,0.1648097540466681,0.4770863989909607,0.17437460584401934,0.18372924111835193,0.028042081871794314,0.9679501902344384,0.027191649330757604,0.9707787676259156,3,0,5,1,0.03,0.01,67,71,noisy,9,249
0,Evolved FSM 16,3.404040404040404,0.3109261630388391,1.0,0.9507042253521126,0.16111822449850619,0.14980793854033292,0.5527102005975245,0.13636363636363635,0.23034449181026256,0.47044622747747744,0.4162362999942618,0.2500790160126426,3,0,5,1,0.04,0.04,71,99,noisy,3,250
1,Suspicious Tit For Tat,2.3333333333333335,0.5183525394793,1.0,0.04225352112676056,0.25842936406316686,0.2599231754161332,0.26625409019775215,0.2153933703229478,0.9618958342677144,0.04328206781113679,0.9555103105546123,0.04266421452755787,3,0,5,1,0.04,0.04,71,99,noisy,3,250
2,Anti Tit For Tat,1.2777777777777777,0.6972542324655001,0.0,0.9788732394366197,0.15236875800256083,0.5448854744629393,0.13565229762412864,0.16709346991037136,0.036975977390485165,0.9546867490807884,0.03335250143760782,0.961526311295785,3,0,5,1,0.04,0.04,71,99,noisy,3,250
