Rank,Name,Median_score,Cooperation_rating,Wins,Initial_C_rate,CC_rate,CD_rate,DC_rate,DD_rate,CC_to_C_rate,CD_to_C_rate,DC_to_C_rate,DD_to_C_rate,R,S,T,P,noise,prob_end,repetitions,turns,tournament,n_strategies,run
0,Grudger,3.144620811287478,0.14728591024887322,9.0,0.9358024691358025,0.10844601214971583,0.03883989809915736,0.49159318048206935,0.36112090926905743,0.4995290873809403,0.057032187749547866,0.08627992460786929,0.05657135188414589,3,0,5,1,0.06,0.0,45,63,prob_noisy,10,1
1,"DoubleCrosser: (D, D)",2.892416225749559,0.35014697236919456,7.0,0.9432098765432099,0.2607485792670977,0.08939839310209681,0.36931216931216926,0.2805408583186361,0.7010212687801157,0.6170177621171092,0.19310684971181236,0.09373846315639893,3,0,5,1,0.06,0.0,45,63,prob_noisy,10,1
2,Evolved FSM 16,2.8536155202821867,0.3434450323339212,7.0,0.928395061728395,0.2031746031746032,0.14027042915931806,0.39733490103860475,0.25922006662747404,0.468922972091417,0.3424111058525168,0.28971723561807455,0.3003021640459817,3,0,5,1,0.06,0.0,45,63,prob_noisy,10,1
3,Soft Joss: 0.9,2.2028218694885364,0.5720556535371351,2.0,0.9555555555555556,0.31326670585929844,0.25878894767783656,0.20779933372525966,0.22014501273760534,0.9430761442817697,0.14248609366626308,0.9419405219566447,0.17364932163693267,3,0,5,1,0.06,0.0,45,63,prob_noisy,10,1
4,Meta Mixer: 9 players,2.112874779541446,0.47767979619831474,5.0,0.7728395061728395,0.22602390750538895,0.2516558886929257,0.2326474622770919,0.28967274152459344,0.4438825609005603,0.5201554653443813,0.43447095735772656,0.48386501361231815,3,0,5,1,0.06,0.0,45,63,prob_noisy,10,1
5,Cycler DC,1.9735449735449733,0.4918283362727807,4.0,0.05185185185185185,0.22567117381932197,0.2661571624534587,0.1964726631393298,0.31169900058788946,0.12778491134774686,0.16275798079994175,0.8345214670072411,0.8700058108564638,3,0,5,1,0.06,0.0,45,63,prob_noisy,10,1
6,Alternator,1.959435626102293,0.5035077405447775,3.0,0.9432098765432099,0.23899666862629823,0.26451107191847933,0.18530276308054086,0.31118949637468163,0.05350403860081027,0.05681623903672502,0.9386608317016388,0.9454122683493765,3,0,5,1,0.06,0.0,45,63,prob_noisy,10,1
7,Bully,1.8924162257495591,0.562100725063688,4.0,0.05185185185185185,0.20489907897315304,0.35720164609053495,0.21305114638447975,0.22484812855183225,0.05588846397062598,0.9435683134628159,0.05828128947355146,0.941532418347438,3,0,5,1,0.06,0.0,45,63,prob_noisy,10,1
8,Anti Tit For Tat,1.8553791887125222,0.5830295904369979,3.0,0.9555555555555556,0.2166176758769351,0.3664119145600627,0.19619831471683324,0.22077209484616891,0.0574226386575426,0.9424103620150464,0.0645547818170267,0.9448296839749124,3,0,5,1,0.06,0.0,45,63,prob_noisy,10,1
9,Cooperator,1.5908289241622575,0.9439545365471291,0.0,0.9530864197530864,0.46016068979031943,0.4837938467568097,0.02731726435430139,0.02872819909856947,0.9427386088315026,0.9433088372475414,0.9079801701407619,0.940426186265471,3,0,5,1,0.06,0.0,45,63,prob_noisy,10,1
0,Evolved HMM 5,2.6252860411899315,0.33754494932984636,13.0,0.9488721804511279,0.21873161163779015,0.11881333769205624,0.32656096763648246,0.3358940830336712,0.7369000633566184,0.3567268266464339,0.13255120277654722,0.18216821300688302,3,0,5,1,0.05,0.0,35,184,prob_noisy,20,2
1,"DoubleCrosser: (D, D)",2.5614988558352403,0.30934946060804186,13.0,0.9458646616541353,0.24023373651520102,0.0691157240928408,0.2859349460608042,0.404715593331154,0.6973018127819448,0.5081054133895091,0.1947645789260991,0.06188964205401195,3,0,5,1,0.05,0.0,35,184,prob_noisy,20,2
2,Grudger,2.556922196796339,0.08568976789800588,18.0,0.9323308270676691,0.05223112128146453,0.033458646616541354,0.37195161817587447,0.5423586139261197,0.47124696039590996,0.053330098178936074,0.05952175572009237,0.04769955050985973,3,0,5,1,0.05,0.0,35,184,prob_noisy,20,2
3,Meta Winner: 18 players,2.5403318077803205,0.06504576659038902,17.0,0.9428571428571428,0.029078130107878398,0.035967636482510626,0.37802386400784566,0.5569303694017652,0.23953435858482522,0.14919449221489664,0.05617961654273035,0.058775004056051086,3,0,5,1,0.05,0.0,35,184,prob_noisy,20,2
4,Defector,2.5337528604118993,0.04923994769532527,18.0,0.06466165413533835,0.019663288656423666,0.0295766590389016,0.38253514220333434,0.5682249101013404,0.04862837376519703,0.064022833013601,0.047555228469173996,0.04820570196838843,3,0,5,1,0.05,0.0,35,184,prob_noisy,20,2
5,Evolved FSM 16,2.4988558352402745,0.3128963713631906,14.0,0.9578947368421052,0.13531382804838182,0.17758254331480877,0.3543069630598234,0.3327966655769859,0.43647365432344276,0.3939706145002878,0.2579721154661861,0.2571453647332298,3,0,5,1,0.05,0.0,35,184,prob_noisy,20,2
6,Tit For Tat,2.2148169336384442,0.5128473357306309,9.0,0.9548872180451128,0.3130107878391631,0.19983654789146782,0.19766263484798954,0.28949002942137964,0.9534774975375216,0.049633953499389614,0.9502882236634175,0.052520156125699054,3,0,5,1,0.05,0.0,35,184,prob_noisy,20,2
7,Suspicious Tit For Tat,2.1916475972540046,0.49120627656096766,9.0,0.04360902255639098,0.29155769859431185,0.19964857796665578,0.20116050997057858,0.3076332134684538,0.947112299135915,0.05002550451399027,0.9494120889065255,0.05288634404534833,3,0,5,1,0.05,0.0,35,184,prob_noisy,20,2
8,Soft Joss: 0.9,2.1799199084668195,0.5641140895717555,4.0,0.9473684210526315,0.3412307943772475,0.22288329519450797,0.18133376920562275,0.25455214122262176,0.9495542026343701,0.13751707759684303,0.950425064575686,0.144779676950957,3,0,5,1,0.05,0.0,35,184,prob_noisy,20,2
9,Win-Stay Lose-Shift,2.1178489702517163,0.5044295521412226,9.0,0.9533834586466166,0.2351503759398496,0.269279176201373,0.22869401765282774,0.26687643020594964,0.9497016285360041,0.04937930603054522,0.04892395384601683,0.9522569275999411,3,0,5,1,0.05,0.0,35,184,prob_noisy,20,2
10,GTFT: 0.33,2.0660755148741416,0.6723439032363517,2.0,0.9518796992481203,0.4022066034651847,0.27013729977116707,0.13206113108859102,0.19559496567505721,0.9505178105467933,0.3494712294163332,0.9483413326043749,0.33981343133933156,3,0,5,1,0.05,0.0,35,184,prob_noisy,20,2
11,Meta Mixer: 18 players,2.043764302059497,0.4401029748283753,12.0,0.681203007518797,0.19196632886564233,0.24813664596273285,0.23002615233736512,0.32987087283425953,0.5222775475798478,0.39212133550678663,0.5105036200624988,0.38864064662885983,3,0,5,1,0.05,0.0,35,184,prob_noisy,20,2
12,Tit For 2 Tats,2.04233409610984,0.7088591042824453,1.0,0.9488721804511279,0.47491010134030726,0.23394900294213797,0.08116214449166397,0.2099787512258908,0.9506742568194655,0.6826114413243846,0.9486200149793246,0.3318043729417361,3,0,5,1,0.05,0.0,35,184,prob_noisy,20,2
13,Alternator,1.981979405034325,0.5019369074861065,7.0,0.9639097744360903,0.19195815626021576,0.30997875122589086,0.22682249101013405,0.27124060150375945,0.05212272117548727,0.0528826815130959,0.950968192198642,0.9511164354467092,3,0,5,1,0.05,0.0,35,184,prob_noisy,20,2
14,Cycler DC,1.9682494279176201,0.5008908139915005,7.0,0.04962406015037594,0.19183556717881664,0.30905524681268387,0.22449329846355012,0.27461588754494937,0.1317849466882509,0.11484937186572493,0.8929699128542238,0.8608328746212355,3,0,5,1,0.05,0.0,35,184,prob_noisy,20,2
15,Random: 0.5,1.9490846681922196,0.5021412226217719,8.0,0.5157894736842106,0.20802549852893107,0.2941157240928407,0.2068568159529258,0.2910019614253024,0.49775846231661,0.5032765230860896,0.5024346366168672,0.502672590125886,3,0,5,1,0.05,0.0,35,184,prob_noisy,20,2
16,Win-Shift Lose-Stay: D,1.8987414187643021,0.5387708401438378,8.0,0.042105263157894736,0.20166721150702846,0.33710362863680937,0.20934128800261523,0.2518878718535469,0.04822349654012572,0.9455158447180011,0.9500899583673693,0.05229844067932915,3,0,5,1,0.05,0.0,35,184,prob_noisy,20,2
17,Bully,1.8017734553775744,0.5907077476299444,8.0,0.05263157894736842,0.19552958483164437,0.39517816279830015,0.20098071265119322,0.20831153971886238,0.04905606258142907,0.9522500940283967,0.05458397089989014,0.9501913024286992,3,0,5,1,0.05,0.0,35,184,prob_noisy,20,2
18,Anti Tit For Tat,1.7871853546910756,0.5969924812030075,8.0,0.9503759398496241,0.19655116050997057,0.400441320693037,0.19809578293559987,0.2049117358613926,0.049600289316883206,0.9525475665990877,0.05117322070152972,0.9489099611890841,3,0,5,1,0.05,0.0,35,184,prob_noisy,20,2
19,Cooperator,1.544050343249428,0.9494606080418437,0.0,0.9503759398496241,0.4610738803530566,0.48838672768878727,0.024640405361229155,0.0258989865969271,0.9503055925975519,0.9492553779160197,0.9423538916173844,0.9480287833752253,3,0,5,1,0.05,0.0,35,184,prob_noisy,20,2
0,Defector,2.957334805931942,0.07120253164556962,15.0,0.06666666666666667,0.03657685314457552,0.0350501728134205,0.42597700808407946,0.5023959659579245,0.16803350970017636,0.15486562049062047,0.0695268164699278,0.07278284888643019,3,0,5,1,0.08,0.06,15,187,prob_noisy,17,3
1,Grudger,2.6488743144243863,0.2689603214465093,9.0,0.9291666666666667,0.21873877521668714,0.07622469327522692,0.3128328574239877,0.39220367408409834,0.6934552297446885,0.13851154780382302,0.12308803588283815,0.07565435074055897,3,0,5,1,0.08,0.06,15,187,prob_noisy,17,3
2,Evolved FSM 16,2.567519733436853,0.45227107116832643,8.0,0.9166666666666666,0.2895235093915019,0.17822376171301985,0.27573676232876304,0.2565159665667152,0.6206672606149423,0.3371462300867712,0.37201226576861807,0.3369378243934029,3,0,5,1,0.08,0.06,15,187,prob_noisy,17,3
3,Meta Winner: 15 players,2.5264930094844957,0.22928956142600668,10.0,0.9625,0.1328853601589948,0.10098398467136285,0.3588767463529887,0.40725390881665363,0.479312405292517,0.413340801759006,0.11504869039664768,0.16677719315207024,3,0,5,1,0.08,0.06,15,187,prob_noisy,17,3
4,Random: 0.5,2.436559350575895,0.5026629469946741,7.0,0.4583333333333333,0.2210957599743516,0.27702809600409317,0.23935381194133595,0.2625223320802192,0.4849718836761186,0.5142861747736749,0.4910778725705724,0.48069596461793485,3,0,5,1,0.08,0.06,15,187,prob_noisy,17,3
5,Evolved HMM 5,2.3906652187902186,0.4347210421976777,7.0,0.9041666666666667,0.2793054588648797,0.15857054240103083,0.2783890964060148,0.28373490232807475,0.7902649137867295,0.3469293794054866,0.21551123579570924,0.20857899069351243,3,0,5,1,0.08,0.06,15,187,prob_noisy,17,3
6,Win-Shift Lose-Stay: D,2.359816228573485,0.4946321026446714,7.0,0.0875,0.21064357076582887,0.2852339433966485,0.2534604910299739,0.2506619948075488,0.08239504329535415,0.9100853766105954,0.9296514684800783,0.07973096204269552,3,0,5,1,0.08,0.06,15,187,prob_noisy,17,3
7,Tit For Tat,2.3506713080663104,0.5708833151581243,4.0,0.925,0.3810377363655342,0.19384817681427807,0.1850075641689416,0.24010652265124616,0.8943885506933222,0.11067816447495975,0.9245977752609291,0.07889167536611912,3,0,5,1,0.08,0.06,15,187,prob_noisy,17,3
8,Meta Mixer: 15 players,2.321866414835165,0.4891494138189075,7.0,0.6916666666666667,0.2401839342239357,0.2460460306391794,0.21804086934359349,0.29572916579329145,0.5501044887751128,0.4298300298412778,0.4776048341298765,0.4675909284927406,3,0,5,1,0.08,0.06,15,187,prob_noisy,17,3
9,Anti Tit For Tat,2.3126179265416615,0.5213439823740017,7.0,0.9333333333333333,0.22578847709879737,0.33464782072847576,0.22909054830878228,0.21047315386394466,0.07838001398574874,0.9100421277312472,0.0965323078407291,0.9329306751853583,3,0,5,1,0.08,0.06,15,187,prob_noisy,17,3
10,Win-Stay Lose-Shift,2.305311594018124,0.5431588613406795,4.0,0.925,0.287851763992178,0.25551924262642256,0.2138138704918208,0.24281512288957863,0.9087185444639851,0.07661771846931328,0.08948247020281296,0.9262647130199775,3,0,5,1,0.08,0.06,15,187,prob_noisy,17,3
11,Bully,2.3048676799700605,0.547810135290071,7.0,0.0875,0.17270349137455207,0.3648645760708054,0.2466387995999462,0.21579313295469632,0.07831517406971805,0.909849136846562,0.104217315630299,0.9210919693069262,3,0,5,1,0.08,0.06,15,187,prob_noisy,17,3
12,Alternator,2.279976532151555,0.5132176234979974,6.0,0.9416666666666667,0.2466743448831486,0.2681945864371451,0.2209386453135903,0.2641924233661158,0.08092382309929451,0.09207620223038118,0.9298263660226969,0.9035286700076781,3,0,5,1,0.08,0.06,15,187,prob_noisy,17,3
13,"DoubleCrosser: (D, D)",2.277709628735388,0.5311871227364185,4.0,0.8916666666666667,0.3738149423542679,0.17935908372100665,0.20484921671835776,0.2419767572063677,0.8226188989115224,0.6821506255200867,0.40479730820993326,0.18850686973515127,3,0,5,1,0.08,0.06,15,187,prob_noisy,17,3
14,Tit For 2 Tats,2.129047177237967,0.7453944260746339,1.0,0.9416666666666667,0.47394380571473527,0.2596761476307722,0.09646918979776217,0.16991085685673027,0.9021674227384572,0.6703840319906198,0.9382996353855908,0.3870824206152074,3,0,5,1,0.08,0.06,15,187,prob_noisy,17,3
15,GTFT: 0.33,2.123997476508353,0.6746289424860853,1.0,0.9291666666666667,0.38621729365748675,0.2808055756963224,0.13227245634070467,0.20070467430548616,0.9141771593192303,0.380399761478807,0.9081963946455796,0.3655958560981928,3,0,5,1,0.08,0.06,15,187,prob_noisy,17,3
16,Cooperator,1.8375295720917684,0.9231716326028072,1.0,0.9291666666666667,0.48643981346421683,0.43735315029433697,0.039881651282904614,0.036325384958541554,0.9040999631029405,0.9203477646435998,0.9827633304195804,0.8687259899665914,3,0,5,1,0.08,0.06,15,187,prob_noisy,17,3
0,Defector,2.873920106932075,0.09177153920619555,14.0,0.09913793103448276,0.03935105841427896,0.05243646414745082,0.4096308903507444,0.49858158708752587,0.11301469147546882,0.11150742632316307,0.09069693314965052,0.09201493032411762,3,0,5,1,0.09,0.09,58,72,prob_noisy,17,4
1,Grudger,2.5069241447781643,0.3319613286110845,8.0,0.9148706896551724,0.2414737503370469,0.09754448064518098,0.2964099525884632,0.364571816429309,0.7072474880971418,0.07516766599792327,0.15908338435484531,0.0976967807914503,3,0,5,1,0.09,0.09,58,72,prob_noisy,17,4
2,Suspicious Tit For Tat,2.5048728303383623,0.4736687835857352,8.0,0.07974137931034483,0.2671123968379703,0.20400758094367794,0.24721207898083555,0.2816679432375163,0.9240164752311799,0.08925629808647824,0.9034473829389954,0.10878788616775134,3,0,5,1,0.09,0.09,58,72,prob_noisy,17,4
3,Win-Shift Lose-Stay: D,2.4769593253968254,0.5012648375170267,7.0,0.10129310344827586,0.21574341962272706,0.28382014733973715,0.26080964278008334,0.23962679025745248,0.09605392369541588,0.915104574601755,0.9166805464030132,0.08421097429448371,3,0,5,1,0.09,0.09,58,72,prob_noisy,17,4
4,Meta Winner: 15 players,2.469374246100589,0.28888888888888886,9.0,0.8976293103448276,0.16881850862459835,0.12499646999247854,0.32409562496667177,0.3820893964162514,0.4612066189702538,0.3725715903663993,0.1592366040778986,0.19123942968062158,3,0,5,1,0.09,0.09,58,72,prob_noisy,17,4
5,Cycler DC,2.429692503975909,0.48102302721398016,7.0,0.07543103448275862,0.20944548804741933,0.2719391275105006,0.262153939935898,0.25646144450618225,0.2244712662030167,0.17505514063928504,0.8535997294057769,0.8028472295004248,3,0,5,1,0.09,0.09,58,72,prob_noisy,17,4
6,Bully,2.423248869609388,0.4898079184633477,8.0,0.08081896551724138,0.19192083255928571,0.29465386474294264,0.2728758027019208,0.24054949999585074,0.08168312147832207,0.9037136642430945,0.09189566476631326,0.919077581401233,3,0,5,1,0.09,0.09,58,72,prob_noisy,17,4
7,Evolved HMM 5,2.3811007418070345,0.48778858996374735,6.0,0.9116379310344828,0.3261253940784276,0.16634391869402912,0.251252475944345,0.25627821128319817,0.8188457843542875,0.3749776988246732,0.21822844560069377,0.2049900485060925,3,0,5,1,0.09,0.09,58,72,prob_noisy,17,4
8,Evolved FSM 16,2.3796583767002693,0.5397771696637998,5.0,0.9310344827586207,0.3402360094921774,0.20611622399718146,0.23053585853514696,0.22311190797549424,0.6751476525792932,0.3603299206374071,0.4689281486862785,0.3217051871315563,3,0,5,1,0.09,0.09,58,72,prob_noisy,17,4
9,Meta Mixer: 15 players,2.3771562175994765,0.5036538461538461,6.0,0.6476293103448276,0.2738919584477169,0.2314063819671088,0.2370405283957529,0.25766113118942147,0.5930042916752704,0.391280494518177,0.5496294943196097,0.4204000513785716,3,0,5,1,0.09,0.09,58,72,prob_noisy,17,4
10,Win-Stay Lose-Shift,2.356204170979986,0.5774689826302729,4.0,0.8943965517241379,0.3543965555957857,0.23122754242146748,0.20672497203991702,0.20765092994282988,0.9116164037040805,0.08780651241824784,0.08663404707480694,0.9122131576154766,3,0,5,1,0.09,0.09,58,72,prob_noisy,17,4
11,Tit For Tat,2.3153387141378143,0.5816953316953317,3.0,0.9105603448275862,0.37356426415060323,0.21105597400317658,0.18682562486229395,0.2285541369839262,0.9154433962576638,0.09054065373843798,0.898462020284845,0.09869605282870428,3,0,5,1,0.09,0.09,58,72,prob_noisy,17,4
12,Soft Joss: 0.9,2.3034069868117246,0.6271567126084737,3.0,0.9181034482758621,0.39461738823765324,0.22913895486586988,0.17742641258002467,0.19881724431645217,0.9076871308611539,0.16125032988297738,0.9121489308860604,0.18318951749621004,3,0,5,1,0.09,0.09,58,72,prob_noisy,17,4
13,GTFT: 0.33,2.1942247944810322,0.6980598615579604,2.0,0.9094827586206896,0.4344564002058589,0.26845901375927694,0.13868407652257495,0.15840050951228907,0.9134698607792189,0.35997922964412304,0.9229238520878422,0.37713540025320563,3,0,5,1,0.09,0.09,58,72,prob_noisy,17,4
14,Anti Tit For Tat,2.189297075688329,0.5586661177439275,6.0,0.9073275862068966,0.23178887864357883,0.33474667873217606,0.22842228175168147,0.2050421608725637,0.08141146088132392,0.9059530870582777,0.10704819961054549,0.9116016829562579,3,0,5,1,0.09,0.09,58,72,prob_noisy,17,4
15,Tit For 2 Tats,2.1438807482006013,0.7575210589651022,1.0,0.9116379310344828,0.4862032300697516,0.2695542998489891,0.10026472385195534,0.14397774622930395,0.9138331118802018,0.680777695433598,0.916476472234544,0.34332257105551034,3,0,5,1,0.09,0.09,58,72,prob_noisy,17,4
16,Cooperator,1.897434550393184,0.9086314152410575,0.5,0.9137931034482759,0.505813418434592,0.4033658597831878,0.050448096606122476,0.040372625176097736,0.9057385931134162,0.9088418659941103,0.9264498532888215,0.8880567887258883,3,0,5,1,0.09,0.09,58,72,prob_noisy,17,4
0,Defector,2.805282512191248,0.1007581157260416,11.0,0.10493827160493827,0.048196806320641356,0.05263627180196356,0.4103093149273731,0.48885760695002195,0.1017120411994338,0.1187476139024149,0.10151071120605194,0.09755550076818635,3,0,5,1,0.1,0.06,81,57,prob_noisy,13,5
1,Meta Winner: 11 players,2.5073249281582615,0.21571196805191564,8.0,0.911522633744856,0.12033559039750365,0.0962795031924784,0.35985802513767534,0.42352688127234256,0.4403595198629792,0.26705744692255134,0.15153497357607446,0.1089381476190316,3,0,5,1,0.1,0.06,81,57,prob_noisy,13,5
2,Suspicious Tit For Tat,2.4906016688625385,0.4953100573215216,6.0,0.10905349794238683,0.28473374317007316,0.21066987367043835,0.2441943506264985,0.26040203253299,0.8928146046277384,0.10295726196675231,0.8982272890446922,0.087630919065718,3,0,5,1,0.1,0.06,81,57,prob_noisy,13,5
3,Cycler DC,2.446597456284389,0.4878301398239254,6.0,0.10493827160493827,0.22736273255445846,0.26070609863625827,0.27879810407519184,0.23313306473409146,0.21493489858629378,0.18053845405363345,0.8305518043130103,0.8005047982115617,3,0,5,1,0.1,0.06,81,57,prob_noisy,13,5
4,Evolved FSM 16,2.3655477171781523,0.47066857440166493,6.0,0.9074074074074074,0.28145089325505473,0.19140878794024155,0.26553941104542406,0.26160090775927963,0.5875768428479213,0.37945359623226116,0.39002366129921046,0.30553441321275654,3,0,5,1,0.1,0.06,81,57,prob_noisy,13,5
5,Random: 0.5,2.3440447700556324,0.5004186256198879,5.0,0.4742798353909465,0.2526342778180691,0.24754779591419673,0.25063046976897224,0.24918745649876198,0.48442429641542684,0.4988480380002715,0.506845400054778,0.5110990657026577,3,0,5,1,0.1,0.06,81,57,prob_noisy,13,5
6,Meta Mixer: 11 players,2.294188716878934,0.5308021589428624,4.0,0.6409465020576132,0.2850557600831101,0.2484588890179057,0.22629723753938205,0.24018811335960222,0.5980347724522848,0.4371676447109574,0.6297724208238279,0.43778280437996603,3,0,5,1,0.1,0.06,81,57,prob_noisy,13,5
7,Tit For Tat,2.2876750700280115,0.5620276257492833,3.0,0.8919753086419753,0.3441592175571375,0.21560929830128503,0.20116301722151197,0.23906846692006542,0.9077159915676701,0.0987928827241597,0.9063859250634114,0.08915785662735694,3,0,5,1,0.1,0.06,81,57,prob_noisy,13,5
8,Win-Stay Lose-Shift,2.2327798238821988,0.5454661476612852,4.0,0.904320987654321,0.2947430118483932,0.25079577626310406,0.21675671313345726,0.23770449875504554,0.9052273248468167,0.08475648318772977,0.10253279675319647,0.9002261170308361,3,0,5,1,0.1,0.06,81,57,prob_noisy,13,5
9,Anti Tit For Tat,2.230462534541482,0.5324136993748301,5.0,0.897119341563786,0.23635706750007987,0.29940117391012855,0.2502103261096377,0.2140314324801539,0.0930039131881207,0.8933050598306722,0.10193623681688803,0.9108790540410805,3,0,5,1,0.1,0.06,81,57,prob_noisy,13,5
10,GTFT: 0.33,2.13319868361688,0.6783190544681383,2.0,0.8981481481481481,0.400525773358098,0.27982871079573074,0.15189918275386763,0.16774633309230355,0.8977073193793133,0.3791512901281275,0.905714010404259,0.37806989282070397,3,0,5,1,0.1,0.06,81,57,prob_noisy,13,5
11,Tit For 2 Tats,2.079281537176274,0.7335825223947928,0.0,0.9166666666666666,0.4654604533940083,0.2649901514945358,0.10413101473792852,0.16541838037352732,0.8951408486010913,0.6609255124817088,0.9018239866541893,0.3726004454337684,3,0,5,1,0.1,0.06,81,57,prob_noisy,13,5
12,Cooperator,1.9399221898790862,0.9006626736332356,1.0,0.904320987654321,0.502804707521284,0.3978029277528692,0.05634809161421573,0.04304427311163105,0.897586546961186,0.9009727899506587,0.872443076641526,0.9183217259412529,3,0,5,1,0.1,0.06,81,57,prob_noisy,13,5
0,Win-Stay Lose-Shift,2.6350258537758537,0.5525210084033614,2.0,0.8928571428571429,0.3400993307658051,0.21576349552946913,0.2552847247158641,0.18885244898886167,0.9259611793949407,0.09338342161297901,0.08328158857873423,0.9269902011241706,3,0,5,1,0.09,0.06,28,68,prob_noisy,7,6
1,Tit For Tat,2.5878144186967718,0.6228968544257498,2.0,0.8630952380952381,0.4231084460351025,0.20602720113930806,0.2076062685044097,0.1632580843211797,0.9234108284136061,0.08101755378801133,0.9129315212141965,0.10702933026771107,3,0,5,1,0.09,0.06,28,68,prob_noisy,7,6
2,Evolved FSM 16,2.553265572015572,0.5203136136849608,3.0,0.9047619047619048,0.3416591111206619,0.1893597934471941,0.24290382458037454,0.2260772708517694,0.6512657781398209,0.45506877438170146,0.4896129622396416,0.3632607174942049,3,0,5,1,0.09,0.06,28,68,prob_noisy,7,6
3,"DoubleCrosser: (D, D)",2.514241828264912,0.6014362657091562,2.0,0.9047619047619048,0.436961785189079,0.16630237912219534,0.20399767654740428,0.19273815914132125,0.8615624524803994,0.6460291142997909,0.37215131242955574,0.14506692509521155,3,0,5,1,0.09,0.06,28,68,prob_noisy,7,6
4,Soft Joss: 0.9,2.494965363037577,0.6276700624383832,1.0,0.9226190476190477,0.3979559991111734,0.226571577576828,0.19406110615862038,0.18141131715337824,0.9051377045045786,0.17147411492954523,0.9187250130167172,0.18286685241472478,3,0,5,1,0.09,0.06,28,68,prob_noisy,7,6
5,Meta Mixer: 6 players,2.477003955345169,0.53385240352065,3.0,0.7976190476190477,0.3146107472365553,0.2157671380899093,0.2247356371860368,0.24488647748749867,0.7084688897680153,0.314050118012038,0.636518440851419,0.3169583551909915,3,0,5,1,0.09,0.06,28,68,prob_noisy,7,6
6,Win-Shift Lose-Stay: D,2.307639996455786,0.5420899854862119,2.0,0.13690476190476192,0.19128999556133888,0.3458228090035753,0.23702515621576944,0.22586203921931636,0.0923289860057931,0.9076880254241099,0.8946493199935004,0.08807446027379011,3,0,5,1,0.09,0.06,28,68,prob_noisy,7,6
0,Defector,2.6780943599889753,0.03883866647534319,16.0,0.0457516339869281,0.015361155570909594,0.02384763146576497,0.4014791636475486,0.5593120493157768,0.07111260074205121,0.0463431407067377,0.035642730019682545,0.0378743462411608,3,0,5,1,0.04,0.02,27,131,prob_noisy,18,7
1,Evolved HMM 5,2.652502873062953,0.36318126003589307,10.0,0.9564270152505446,0.2625655473956737,0.11126267102342623,0.32566092426348814,0.3005108573174119,0.7936140951750155,0.34593965279462674,0.12938676385371634,0.16523367378586493,3,0,5,1,0.04,0.02,27,131,prob_noisy,18,7
2,Grudger,2.6343777262501016,0.16591867875415134,13.0,0.9673202614379085,0.12656032944918824,0.039106733875172765,0.35559245641305365,0.4787404802625854,0.655022004827202,0.04887928447135634,0.06958820250816,0.038525526109277924,3,0,5,1,0.04,0.02,27,131,prob_noisy,18,7
3,Meta Winner: 16 players,2.523105833580309,0.1035799990205201,13.0,0.971677559912854,0.0544137164622993,0.05061375513385188,0.3695229323073879,0.5254495960964609,0.4357248470349719,0.3267410463760299,0.07564077064096765,0.07341467790613423,3,0,5,1,0.04,0.02,27,131,prob_noisy,18,7
4,Suspicious Tit For Tat,2.3026314095699507,0.4843538683952805,9.0,0.032679738562091505,0.29357682737199886,0.20090396239946767,0.21227003665288943,0.29324917357564406,0.9606693370268506,0.04057675147959767,0.9649389596692219,0.07135996211315189,3,0,5,1,0.04,0.02,27,131,prob_noisy,18,7
5,Win-Stay Lose-Shift,2.30044818365384,0.5390259838166558,6.0,0.9520697167755992,0.28624544868504265,0.24762417372018247,0.22856697643247262,0.2375634011623023,0.9598262897904585,0.04096762098652804,0.03456911501762606,0.9668920160809826,3,0,5,1,0.04,0.02,27,131,prob_noisy,18,7
6,Tit For Tat,2.300309474149829,0.5355067328136074,5.0,0.9673202614379085,0.34201538425042943,0.20366406548726615,0.19697554300938863,0.25734500725291576,0.9646564549296996,0.048100691972851384,0.9622251103537519,0.04285332855904518,3,0,5,1,0.04,0.02,27,131,prob_noisy,18,7
7,Meta Mixer: 16 players,2.274984720263012,0.4814181161486551,8.0,0.6078431372549019,0.23457393244193567,0.245865639217788,0.23720919380021233,0.282351234540064,0.5671841153822522,0.4089030421271507,0.5489721233412077,0.42161617522238026,3,0,5,1,0.04,0.02,27,131,prob_noisy,18,7
8,Soft Joss: 0.9,2.2717885660378867,0.6061561632230432,2.0,0.9564270152505446,0.38612917050028117,0.21922744831493085,0.17318087510040434,0.22146250608438361,0.96370588197947,0.13691885672458376,0.9587984577645294,0.15360912242304492,3,0,5,1,0.04,0.02,27,131,prob_noisy,18,7
9,Cycler DC,2.2641561117116424,0.49546454095656955,8.0,0.032679738562091505,0.20520617658793072,0.29000677809684605,0.26209147701916885,0.24269556829605435,0.13201616242480338,0.10203990529717014,0.908652585491911,0.860583523776007,3,0,5,1,0.04,0.02,27,131,prob_noisy,18,7
10,Alternator,2.1996508390314156,0.5040366249876932,6.0,0.9520697167755992,0.21044362024855823,0.29355019667057314,0.2574421871261948,0.2385639959546739,0.03720057673078161,0.03903101932603547,0.9575658283127003,0.9512030581824847,3,0,5,1,0.04,0.02,27,131,prob_noisy,18,7
11,Bully,2.1970514378582546,0.5373244278558098,9.0,0.0392156862745098,0.20803174040475603,0.32670200863525567,0.23954949436236267,0.22571675659762555,0.04107604333200929,0.9358085575768984,0.05429784646613621,0.9541054049100476,3,0,5,1,0.04,0.02,27,131,prob_noisy,18,7
12,Random: 0.5,2.177904683888862,0.5023930050621261,7.0,0.5163398692810458,0.23399584310518687,0.26743739747691264,0.22554383792974356,0.27302292148815693,0.5017491358463255,0.4998811363538293,0.47398060877539255,0.521970728448627,3,0,5,1,0.04,0.02,27,131,prob_noisy,18,7
13,GTFT: 0.33,2.1153040473369447,0.6922011557380964,1.0,0.9760348583877996,0.4217017532250276,0.26991911537366,0.13370676379081967,0.17467236761049273,0.9505547153473588,0.3364832536886972,0.963039584818321,0.3859252265333667,3,0,5,1,0.04,0.02,27,131,prob_noisy,18,7
14,Win-Shift Lose-Stay: D,2.1088105747035786,0.5417115051700744,6.0,0.037037037037037035,0.21507074286660763,0.3256360931102458,0.23023724743727914,0.22905591658586752,0.04261190733983699,0.9600474145821771,0.9601784951411628,0.041074425271181735,3,0,5,1,0.04,0.02,27,131,prob_noisy,18,7
15,Tit For 2 Tats,2.0742821027468463,0.7539423346085659,1.0,0.9782135076252724,0.5037077290181425,0.24060790360736456,0.07674803446946167,0.17893633290503125,0.9531381945968046,0.7096017145883364,0.9619727561026551,0.38439341977215197,3,0,5,1,0.04,0.02,27,131,prob_noisy,18,7
16,Anti Tit For Tat,2.004369162766314,0.5725920346483382,7.0,0.9651416122004357,0.22082603836702513,0.342340688753752,0.21981842094297183,0.21701485193625106,0.040100114836190186,0.9557242545298452,0.040955435814829806,0.9585821274741294,3,0,5,1,0.04,0.02,27,131,prob_noisy,18,7
17,Cooperator,1.6714861773307548,0.9608959402706486,0.0,0.9586056644880174,0.493110027746942,0.46775760863564914,0.020478306293261934,0.018654057324146912,0.9647220195683124,0.9614318153791785,0.9798846850028935,0.9492105423962469,3,0,5,1,0.04,0.02,27,131,prob_noisy,18,7
0,Defector,2.7702054154995333,0.0693271936556664,9.0,0.06538461538461539,0.028915337414607094,0.04033725457412418,0.37993931933495545,0.5508080886763133,0.08393079059745726,0.08640028350377517,0.07051107955338527,0.06734701371491608,3,0,5,1,0.07,0.07,78,193,prob_noisy,11,8
1,Cycler DC,2.5716397885971505,0.4841262703480529,5.0,0.0858974358974359,0.210638505801662,0.273579797539963,0.29890596150457427,0.2168757351538007,0.18954499823729104,0.12083119176187422,0.874656463776305,0.822137593879237,3,0,5,1,0.07,0.07,78,193,prob_noisy,11,8
2,Grudger,2.545532459438955,0.3284278535534817,6.0,0.9230769230769231,0.2471142543973222,0.07756604012639354,0.29619680304410034,0.3791229024321839,0.7003844335081204,0.06613058701797866,0.13808744704126774,0.07023320820200138,3,0,5,1,0.07,0.07,78,193,prob_noisy,11,8
3,Alternator,2.5021835402067305,0.5189454785977511,4.0,0.9294871794871795,0.2463750790413417,0.27283196380464203,0.2907121375869163,0.19008081956709993,0.07563389938036799,0.06545191865401023,0.9344467994202817,0.9349254952422832,3,0,5,1,0.07,0.07,78,193,prob_noisy,11,8
4,Win-Stay Lose-Shift,2.488343422611715,0.559454365969667,4.0,0.9256410256410257,0.3383860269678414,0.2193189591363612,0.2450739216984404,0.19722109219735703,0.9207328615577202,0.07057290639706966,0.0737854538734323,0.926520403314899,3,0,5,1,0.07,0.07,78,193,prob_noisy,11,8
5,Tit For Tat,2.4539597781118716,0.613858566682487,2.0,0.9243589743589744,0.41855341799212686,0.19681910665644792,0.19246618806838958,0.1921612872830356,0.9321940350203783,0.06971537596834797,0.9228158303360956,0.0575747661738299,3,0,5,1,0.07,0.07,78,193,prob_noisy,11,8
6,Win-Shift Lose-Stay: D,2.4342151894050357,0.5129828424626113,5.0,0.07435897435897436,0.22209103158139754,0.2899197193317385,0.26277329030017627,0.22521595878668776,0.06545108520913782,0.9280241040016071,0.9257503803369846,0.0787447932804614,3,0,5,1,0.07,0.07,78,193,prob_noisy,11,8
7,"DoubleCrosser: (D, D)",2.312937355042618,0.6452109360854608,2.0,0.9461538461538461,0.48802670783830343,0.1632654856875511,0.14896568947936142,0.19974211699478395,0.882626482991624,0.7481286005316694,0.4806368717806807,0.27243778667407553,3,0,5,1,0.07,0.07,78,193,prob_noisy,11,8
8,GTFT: 0.33,2.3048073575339023,0.7250340754202635,1.0,0.9346153846153846,0.48343355812595334,0.24975341105855398,0.14343768104900062,0.12337534976649218,0.9242661997609224,0.37102618716891167,0.9336696525830993,0.35222293896131973,3,0,5,1,0.07,0.07,78,193,prob_noisy,11,8
9,Tit For 2 Tats,2.158444164661537,0.7833854399285395,1.0,0.9230769230769231,0.5498259997876144,0.23928659959138088,0.07284511798234179,0.13804228263866294,0.9298531082201261,0.7426066286508816,0.9149095660011237,0.5221669380000761,3,0,5,1,0.07,0.07,78,193,prob_noisy,11,8
10,Cooperator,2.083676629016073,0.9286993908993192,1.0,0.9230769230769231,0.5761601012419544,0.35257879192641317,0.04394101938531296,0.027320087446319502,0.9330366234440474,0.9299577834542537,0.8902006522738833,0.9383097433408902,3,0,5,1,0.07,0.07,78,193,prob_noisy,11,8
0,Defector,2.5493528357164723,0.08185509724300064,10.0,0.07114624505928854,0.026817124773772464,0.054611208730951356,0.3176112581405468,0.6009604083547294,0.11866912037947842,0.06678670225468256,0.0730482921656036,0.08834830975699234,3,0,5,1,0.08,0.05,23,161,prob_noisy,12,9
1,Evolved HMM 5,2.3578885078885077,0.4292712798530312,5.0,0.9446640316205533,0.2917160084590543,0.15972476360992893,0.23850331673186964,0.31005591119914705,0.8163710812004831,0.3966293018949019,0.2175795716612419,0.22339028183834986,3,0,5,1,0.08,0.05,23,161,prob_noisy,12,9
2,Grudger,2.348746295188983,0.2194465795541891,7.0,0.8972332015810277,0.14579124871097834,0.07913404588728525,0.27091577155587065,0.5041589338458657,0.6371945225116464,0.09884153046195801,0.1243079494040288,0.06941099990205925,3,0,5,1,0.08,0.05,23,161,prob_noisy,12,9
3,Suspicious Tit For Tat,2.340743732609761,0.4306767500484778,6.0,0.04743083003952569,0.2272679604255126,0.21965235279846737,0.24250654664184135,0.31057314013417875,0.9422315662777886,0.07253821728877118,0.9099527677239955,0.08420839649404271,3,0,5,1,0.08,0.05,23,161,prob_noisy,12,9
4,Soft Joss: 0.9,2.237250079304562,0.5805464926590538,2.0,0.9169960474308301,0.3237527985725186,0.2552294663495091,0.2016177601828162,0.2193999748951562,0.9132455496453715,0.16431878257038166,0.9098574145446391,0.19136509385535888,3,0,5,1,0.08,0.05,23,161,prob_noisy,12,9
5,Tit For Tat,2.227149026390013,0.5469765609611975,2.0,0.9090909090909091,0.29279813064037735,0.240549899631879,0.22087007221906987,0.24578189750867363,0.9312532595033253,0.07324322330273701,0.935854396421547,0.09662195233901641,3,0,5,1,0.08,0.05,23,161,prob_noisy,12,9
6,Win-Stay Lose-Shift,2.1972213326532257,0.5226998794696666,3.0,0.9090909090909091,0.25297515717860414,0.26344973208318073,0.23823707787226497,0.24533803286595016,0.9146895320169904,0.07564343455751549,0.08388526971127228,0.9172390852484035,3,0,5,1,0.08,0.05,23,161,prob_noisy,12,9
7,Alternator,2.187554049736076,0.5140327745338105,3.0,0.8853754940711462,0.17338329285705945,0.3410666188590586,0.2723191661567684,0.21323092212711356,0.07511985162279555,0.08596168496315744,0.9339657066846075,0.9174869730724802,3,0,5,1,0.08,0.05,23,161,prob_noisy,12,9
8,Cycler DC,2.1406237701692246,0.4882206473855583,4.0,0.06719367588932806,0.15953515950280878,0.3274584137077456,0.2775409535151153,0.23546547327433043,0.22330174597403926,0.12187285881611416,0.8833215012399015,0.8080609612834052,3,0,5,1,0.08,0.05,23,161,prob_noisy,12,9
9,Random: 0.5,2.0920239043119317,0.48366013071895425,4.0,0.43873517786561267,0.21096590995771794,0.27176775313334,0.22438547578523077,0.29288086112371137,0.4612493331861509,0.4813055152009528,0.4941777044052719,0.4993688695792248,3,0,5,1,0.08,0.05,23,161,prob_noisy,12,9
10,Win-Shift Lose-Stay: D,2.089447938504542,0.5113122171945701,3.0,0.06719367588932806,0.19634904466309275,0.3200767342787513,0.2235899821806383,0.25998423887751776,0.07618922289553379,0.9358965081026607,0.9263314497233719,0.08071427107430161,3,0,5,1,0.08,0.05,23,161,prob_noisy,12,9
11,Tit For 2 Tats,2.0260774582683165,0.7557022809123649,0.0,0.8893280632411067,0.46385744227447206,0.28336340480717864,0.08798701289524377,0.16479214002310547,0.9351791422512302,0.6998709819904296,0.9206201918203066,0.3605012788824513,3,0,5,1,0.08,0.05,23,161,prob_noisy,12,9
0,Evolved FSM 16,3.0,0.449438202247191,1.0,1.0,0.4004728132387707,0.08982653845596021,0.3841324747276973,0.12556817357757183,0.8629629629629629,0.3333333333333333,0.21025641025641026,0.24630541871921183,3,0,5,1,0.0,0.09,49,62,prob_noisy,4,10
1,Meta Mixer: 3 players,2.4392029539088362,0.4721095334685598,1.0,0.673469387755102,0.24746941126200075,0.22793480279770437,0.2564922377280637,0.26810354821223115,0.49875470944032596,0.41108521108521107,0.49371987535058465,0.43173744593622887,3,0,5,1,0.0,0.09,49,62,prob_noisy,4,10
2,Tit For Tat,2.3333333333333335,0.6803482587064676,0.0,1.0,0.5071881689044561,0.17935229199677538,0.15101548383509855,0.16244405526366998,1.0,0.0,1.0,0.0,3,0,5,1,0.0,0.09,49,62,prob_noisy,4,10
3,Bully,1.8040540540540542,0.6305392418579818,1.0,0.0,0.14869731800766284,0.47148518641643244,0.17695862337601284,0.20285887219989185,0.0,1.0,0.0,1.0,3,0,5,1,0.0,0.09,49,62,prob_noisy,4,10
0,Defector,2.7376660512689925,0.06736451122741854,5.0,0.06196581196581197,0.030920601574972156,0.03676723014693422,0.4027630461557877,0.529549122122306,0.07521628970461007,0.07707506613756614,0.07139261361066454,0.06635087503846639,3,0,5,1,0.07,0.08,78,197,prob_noisy,7,11
1,Meta Mixer: 6 players,2.1494261762676086,0.4045212277154935,2.0,0.42735042735042733,0.1761347705794877,0.2283004755373905,0.22799030956961022,0.3675744443135116,0.44714689232358856,0.38745939924174216,0.42128931388470736,0.3838650568682307,3,0,5,1,0.07,0.08,78,197,prob_noisy,7,11
2,Win-Shift Lose-Stay: D,2.149320525965263,0.47453037739042137,2.0,0.057692307692307696,0.16538013351995623,0.3104449951757072,0.20240281169147578,0.3217720596128608,0.07851170265104991,0.9271329263550369,0.9095438208236272,0.06728513287865104,3,0,5,1,0.07,0.08,78,197,prob_noisy,7,11
3,Cycler DC,2.0603853662677194,0.4768280123583934,2.0,0.0641025641025641,0.1758381132894793,0.30071703626828034,0.18774307633042905,0.33570177411181135,0.10976915576307057,0.11821481173577182,0.8775455019195668,0.8630778566874739,3,0,5,1,0.07,0.08,78,197,prob_noisy,7,11
4,Evolved FSM 16,2.0224177170868347,0.4484922433327523,2.0,0.9252136752136753,0.20945109757357808,0.23968617398460945,0.25065869932925633,0.3002040291125561,0.5855840872790664,0.36802411887275416,0.344964606781216,0.34754591620128766,3,0,5,1,0.07,0.08,78,197,prob_noisy,7,11
5,Random: 0.5,2.006395787448419,0.5077134041823792,2.0,0.5277777777777778,0.19573298929315405,0.3115328121967042,0.19038212988346037,0.30235206862668124,0.5174641986685499,0.5085478332853679,0.5253733596582714,0.4950502836758575,3,0,5,1,0.07,0.08,78,197,prob_noisy,7,11
6,"DoubleCrosser: (D, D)",1.8405281710159758,0.4912611377655929,1.0,0.938034188034188,0.24880977019054376,0.24391856390637665,0.20942721425598307,0.2978444516470965,0.8753147367052346,0.6929667285390524,0.16308731061125303,0.1112876209144661,3,0,5,1,0.07,0.08,78,197,prob_noisy,7,11
0,Grudger,2.846078431372549,0.46655693550800537,4.0,0.9335443037974683,0.40478861805509037,0.0670877198429958,0.2807728742839883,0.24735078781792555,0.8281822966604867,0.057805341475973514,0.19946226216559185,0.053322414242180496,3,0,5,1,0.06,0.1,79,194,prob_noisy,9,12
1,Random: 0.5,2.792013888888889,0.4912163292621717,4.0,0.49050632911392406,0.28498560259978784,0.20651011924746507,0.2881381560518723,0.22036612210087486,0.5237816009932689,0.4688764381422697,0.46340115647724733,0.4770164942566073,3,0,5,1,0.06,0.1,79,194,prob_noisy,9,12
2,Evolved HMM 5,2.721685049019608,0.5749216300940438,3.0,0.939873417721519,0.4514072292380272,0.12443151269478955,0.23195113612570917,0.1922101219414741,0.8965000284144111,0.31224422249405626,0.24212156045053937,0.2037996977790399,3,0,5,1,0.06,0.1,79,194,prob_noisy,9,12
3,Anti Tit For Tat,2.658500874125874,0.5364145658263305,4.0,0.9367088607594937,0.21796026138472846,0.31152565199328225,0.30125389644285705,0.16926019017913235,0.07043096033710161,0.9506104097428753,0.05218244402686174,0.9385496808656928,3,0,5,1,0.06,0.1,79,194,prob_noisy,9,12
4,Win-Stay Lose-Shift,2.6372549019607843,0.6485981308411215,2.0,0.9224683544303798,0.46433537696396787,0.18462885543709326,0.17942679802469322,0.17160896957424565,0.9396802566464297,0.05548667441473466,0.050009046977957744,0.9414151822857086,3,0,5,1,0.06,0.1,79,194,prob_noisy,9,12
5,Soft Joss: 0.9,2.6166841736694675,0.721216848673947,1.0,0.9556962025316456,0.56841129464323,0.15362073039810673,0.12308656179445612,0.15488141316420725,0.932987520048265,0.18003510139381446,0.9417531798102972,0.1845684747942518,3,0,5,1,0.06,0.1,79,194,prob_noisy,9,12
6,"DoubleCrosser: (D, D)",2.5791666666666666,0.7397811393627293,1.0,0.9509493670886076,0.5891067448692189,0.1540006663431191,0.13863724739574065,0.11825534139192148,0.9122653716541922,0.7660396508199774,0.5530818841018572,0.22750067103135427,3,0,5,1,0.06,0.1,79,194,prob_noisy,9,12
7,Tit For 2 Tats,2.535325091575092,0.8266180203045685,1.0,0.9367088607594937,0.6508087803898187,0.17795908917333256,0.08492067644983549,0.08631145398701327,0.9475602482985678,0.7021878785306678,0.9445621579697497,0.24467815866891968,3,0,5,1,0.06,0.1,79,194,prob_noisy,9,12
8,Cooperator,2.362575414781297,0.9431410883023786,0.0,0.9462025316455697,0.6556246913115086,0.2873400279111602,0.03891702647219227,0.01811825430513894,0.9445338301714445,0.9300925419065449,0.9467254966662462,0.9718137254901961,3,0,5,1,0.06,0.1,79,194,prob_noisy,9,12
0,Defector,2.897379250595625,0.029721155451661378,8.0,0.03133903133903134,0.01400008322080145,0.015660095887358384,0.44663950182244644,0.5237003190693938,0.5208333333333334,0.10830280830280829,0.03410390268814621,0.030028351141084354,3,0,5,1,0.03,0.06,39,151,prob_noisy,10,13
1,Evolved FSM 16,2.4676617364117366,0.4360996594371751,4.0,0.9686609686609686,0.2227212603391642,0.20468158811342793,0.34382350276326523,0.2287736487841427,0.6193118357461582,0.3997858278845335,0.3179507581069043,0.31904893876308416,3,0,5,1,0.03,0.06,39,151,prob_noisy,10,13
2,Meta Winner: 8 players,2.3621539255685597,0.19894894894894896,6.0,0.9743589743589743,0.0996077940103322,0.10362280684159736,0.3841648257417319,0.4126045734063385,0.4829065458685614,0.39905396778686386,0.11009819540010614,0.06936799658549915,3,0,5,1,0.03,0.06,39,151,prob_noisy,10,13
3,Win-Shift Lose-Stay: D,2.3408628408628407,0.49090226974301254,4.0,0.039886039886039885,0.19849766645002762,0.3071329955622515,0.23433042495302253,0.26003891303469834,0.03425604836905561,0.971737138517612,0.9667836700390181,0.03078816511059004,3,0,5,1,0.03,0.06,39,151,prob_noisy,10,13
4,Tit For Tat,2.185159029085583,0.5119800332778702,1.0,0.98005698005698,0.2702407607179526,0.23353409951124615,0.20621211346602014,0.2900130263047811,0.9554445912130218,0.033655149424046314,0.9711098258463718,0.025202635997129356,3,0,5,1,0.03,0.06,39,151,prob_noisy,10,13
5,Bully,2.1520529719360133,0.555378627034678,4.0,0.039886039886039885,0.18766713837141616,0.3751924155275084,0.20370933143721215,0.23343111466386324,0.033818155107444015,0.9752989149110061,0.031409936526952516,0.9639556020012091,3,0,5,1,0.03,0.06,39,151,prob_noisy,10,13
6,Meta Mixer: 8 players,2.077552367748446,0.45481149939748666,3.0,0.6581196581196581,0.18489333477975814,0.27058892237463256,0.22173471830598268,0.32278302453962665,0.4511351755540556,0.4119215124683729,0.4808881869093691,0.4452389514100889,3,0,5,1,0.03,0.06,39,151,prob_noisy,10,13
7,Soft Joss: 0.9,2.065308222491035,0.543872504121634,0.0,0.9857549857549858,0.28968197393905526,0.26280707799685443,0.1839727289150084,0.26353821914908193,0.9771868428488065,0.1215443814925762,0.9587368164351268,0.10725260531554623,3,0,5,1,0.03,0.06,39,151,prob_noisy,10,13
8,Alternator,2.0273537653972435,0.5180677775697435,2.0,0.9544159544159544,0.2092908113905595,0.3090626137654469,0.1789651112554957,0.30268146358849785,0.04015797239309933,0.037634611897283086,0.9766929228728889,0.976452175295474,3,0,5,1,0.03,0.06,39,151,prob_noisy,10,13
9,Anti Tit For Tat,1.7115430793725368,0.6767314909587172,3.0,0.9686609686609686,0.22137372839767425,0.4477582758076828,0.12648863272782127,0.2043793630668217,0.02543321306052518,0.9678681200980024,0.06671986789899927,0.9786933377818889,3,0,5,1,0.03,0.06,39,151,prob_noisy,10,13
0,Suspicious Tit For Tat,2.7916666666666665,0.5526671168129642,4.0,0.03153153153153153,0.342878662580016,0.21550716922401553,0.26846857783530964,0.17314559036065869,0.9759193317521851,0.028830112874411205,0.9785378507169984,0.02674195111277349,3,0,5,1,0.02,0.07,37,139,prob_noisy,7,14
1,Tit For Tat,2.5968419918999777,0.7035573122529645,0.0,0.9774774774774775,0.5212994690918898,0.1936921480585814,0.175110591535129,0.10989779131439979,0.9899570839223678,0.03475556290842915,0.9749955845361669,0.04284486199379817,3,0,5,1,0.02,0.07,37,139,prob_noisy,7,14
2,Meta Mixer: 5 players,2.5955165692007798,0.6385339609952926,2.0,0.7072072072072072,0.4522407259298091,0.18401576751218152,0.20333852382175924,0.16040498273625015,0.8290732178808328,0.31520122346978824,0.7873068464395107,0.19186948826501984,3,0,5,1,0.02,0.07,37,139,prob_noisy,7,14
3,Evolved FSM 16,2.5904040404040405,0.6660033167495855,1.0,0.972972972972973,0.50203138148783,0.16537999079371288,0.18326033383715298,0.149328293881304,0.7169513838173228,0.5001317442378787,0.662922510869839,0.32497884284652223,3,0,5,1,0.02,0.07,37,139,prob_noisy,7,14
4,Meta Winner: 5 players,2.548748353096179,0.5424543415571932,2.0,0.9954954954954955,0.363624836157247,0.18739161627028358,0.2395227057410003,0.20946084183146918,0.7392013181683731,0.40290805218530984,0.5139615147145501,0.3124579851028217,3,0,5,1,0.02,0.07,37,139,prob_noisy,7,14
5,Random: 0.5,2.5028203651187524,0.5050732807215332,3.0,0.5135135135135135,0.2565963116277962,0.2477891491772529,0.2508049631132531,0.24480957608169773,0.5300434897456512,0.4823918636807853,0.49701153841849094,0.5095354395115853,3,0,5,1,0.02,0.07,37,139,prob_noisy,7,14
6,Tit For 2 Tats,2.4611801242236027,0.9032364597093792,0.0,0.963963963963964,0.7301475246582937,0.17898876852094625,0.05225891367336968,0.03860479314739042,0.980589095066871,0.8262173693522903,0.9848484848484849,0.4632897603485839,3,0,5,1,0.02,0.07,37,139,prob_noisy,7,14
0,Evolved HMM 5,2.6654488507288843,0.4905329958040018,7.0,0.9846153846153847,0.38021316407871203,0.10722877305681858,0.25334850422486865,0.2592095586396007,0.9141406893469811,0.3623541838648624,0.1446545398736395,0.18910740461052514,3,0,5,1,0.02,0.01,65,91,prob_noisy,16,15
1,Grudger,2.579529009690719,0.23982168887080918,11.0,0.9856410256410256,0.21801268487312117,0.02394864191468353,0.2804789925568082,0.4775596806553871,0.8205882869081239,0.02523034284942267,0.06235198735200766,0.020709827380111283,3,0,5,1,0.02,0.01,65,91,prob_noisy,16,15
2,"DoubleCrosser: (D, D)",2.577778123249645,0.5607852493098395,4.0,0.9764102564102564,0.47964025043129715,0.07298082947690603,0.1739782460149012,0.27340067407689556,0.917102350151421,0.7245813853988444,0.416675425688466,0.09330467268325533,3,0,5,1,0.02,0.01,65,91,prob_noisy,16,15
3,Evolved FSM 16,2.498533015259899,0.522544696270468,7.0,0.9835897435897436,0.3104767513940689,0.2211967248240699,0.2673017295231196,0.20102479425874156,0.6527480437019945,0.4990009066617158,0.4457853229667098,0.42699522719919575,3,0,5,1,0.02,0.01,65,91,prob_noisy,16,15
4,Defector,2.46708770568454,0.020065377660314368,14.0,0.019487179487179488,0.007431383943233004,0.012635084480298153,0.36025850095120204,0.6196750306252667,0.03611793662741265,0.04072942459551027,0.01882627649354856,0.021616770979761345,3,0,5,1,0.02,0.01,65,91,prob_noisy,16,15
5,Meta Winner: 14 players,2.461792008584853,0.05811770175783695,13.0,0.9805128205128205,0.035211347856157184,0.022957683175674957,0.34559981779304005,0.5962311511751278,0.4280746200034657,0.07697048802269471,0.08114994443079945,0.024595997279046725,3,0,5,1,0.02,0.01,65,91,prob_noisy,16,15
6,Tit For Tat,2.3346960908433663,0.5851115421920465,4.0,0.9805128205128205,0.44374932797589023,0.1431374154151698,0.13952833249905683,0.27358492410988305,0.98063961633739,0.021859964627412767,0.9809860921996851,0.026980707947238444,3,0,5,1,0.02,0.01,65,91,prob_noisy,16,15
7,Soft Joss: 0.9,2.3253509648246493,0.64968299101072,2.0,0.9866666666666667,0.4875524568071899,0.16118029139613563,0.12210114790645456,0.22916610389022002,0.9768093553652804,0.11866229768861528,0.979923851510198,0.10795830711997731,3,0,5,1,0.02,0.01,65,91,prob_noisy,16,15
8,Win-Stay Lose-Shift,2.27199046258884,0.562872610155554,5.0,0.9805128205128205,0.318194534571755,0.24287805838423354,0.20056945575785223,0.2383579512861592,0.9796963070735045,0.020053835703524207,0.024431385656072693,0.9807319192684019,3,0,5,1,0.02,0.01,65,91,prob_noisy,16,15
9,Suspicious Tit For Tat,2.2412819811095672,0.5049402241382243,8.0,0.017435897435897435,0.34915516281333286,0.15471119403966047,0.1629573547930047,0.3331762883540021,0.9849369392860257,0.021316828247699003,0.980048778531476,0.02619304042298688,3,0,5,1,0.02,0.01,65,91,prob_noisy,16,15
10,GTFT: 0.33,2.233439184034296,0.7370522059204728,1.0,0.9805128205128205,0.5335127623663325,0.2059059177460975,0.08657982959818167,0.1740014902893884,0.9804739057188077,0.3314390507080383,0.9828729021166844,0.34626472738394876,3,0,5,1,0.02,0.01,65,91,prob_noisy,16,15
11,Meta Mixer: 14 players,2.055913985978641,0.43563687982550287,7.0,0.757948717948718,0.2058548036364117,0.23110853527535682,0.20313497784610626,0.3599016832421252,0.6017222642889322,0.3353854210793325,0.556226212786679,0.3260892928478532,3,0,5,1,0.02,0.01,65,91,prob_noisy,16,15
12,Random: 0.5,1.9463186609271879,0.5014811093595718,5.0,0.5158974358974359,0.19498293290930108,0.30665880129053125,0.1938323708290873,0.30452589497108046,0.4994146451009294,0.5082844208616478,0.5011423021731873,0.49489961476516786,3,0,5,1,0.02,0.01,65,91,prob_noisy,16,15
13,Cooperator,1.9154047696390675,0.9802615390023552,0.0,0.9856410256410256,0.5879816581504562,0.39224565951141266,0.012562206215854427,0.007210476122276798,0.9804687297359488,0.9802388665179156,0.9897122323789639,0.9813094085011894,3,0,5,1,0.02,0.01,65,91,prob_noisy,16,15
14,Win-Shift Lose-Stay: D,1.7253602821968603,0.5741527550098692,5.0,0.022564102564102566,0.16757125387190033,0.4081158611239336,0.18007120666201917,0.24424167834214686,0.01983748256286972,0.9785181389741275,0.9784806368716386,0.020557376743770683,3,0,5,1,0.02,0.01,65,91,prob_noisy,16,15
15,Anti Tit For Tat,1.7200197463355356,0.6442155173884123,5.0,0.9753846153846154,0.15595040490851728,0.482293680182917,0.20688047812234267,0.154875436786223,0.022234050166108684,0.981582632940902,0.01844237857435147,0.9773704812191711,3,0,5,1,0.02,0.01,65,91,prob_noisy,16,15
0,Grudger,2.7482551883544604,0.18605194047271667,14.0,0.9473684210526315,0.16454754596248036,0.030686175776504055,0.3463104939002038,0.4584557843608117,0.703027623097924,0.063564566541566,0.06991145343731002,0.028978673774387467,3,0,5,1,0.03,0.02,19,114,prob_noisy,20,16
1,Defector,2.70872788844938,0.028759990312424315,18.0,0.030470914127423823,0.012368551509396608,0.016273111425303514,0.3940501818172988,0.577308155248001,0.15633903133903132,0.07161172161172161,0.02859137662627994,0.03147881502299882,3,0,5,1,0.03,0.02,19,114,prob_noisy,20,16
2,Evolved HMM 5,2.706744321235269,0.4410045603442739,10.0,0.9584487534626038,0.3353296562671873,0.10567924864461484,0.2931208955814382,0.26587019950675966,0.8484683929941762,0.35841014418114014,0.13502991787909827,0.17175116715307023,3,0,5,1,0.03,0.02,19,114,prob_noisy,20,16
3,Evolved FSM 16,2.6423808037823275,0.4554802806677958,10.0,0.9778393351800554,0.2767604130780783,0.18615906604298416,0.3119873186450521,0.22509320223388538,0.6059073582375256,0.4376885490792971,0.4287803452680902,0.36120890922580806,3,0,5,1,0.03,0.02,19,114,prob_noisy,20,16
4,"DoubleCrosser: (D, D)",2.5108758409032133,0.4905803996194101,7.0,0.9584487534626038,0.39427596949355287,0.08612015958894735,0.23135260099930027,0.2882512699181995,0.8651118020176564,0.717388998881021,0.3425285455137076,0.14010251910711655,3,0,5,1,0.03,0.02,19,114,prob_noisy,20,16
5,Meta Winner: 18 players,2.4918688048940014,0.09706013647088833,15.0,0.9722991689750693,0.05456117203101186,0.04413670468287333,0.3703802115582613,0.5309219117278534,0.4143624925201093,0.2664646069355018,0.053142200086161356,0.0810472340380866,3,0,5,1,0.03,0.02,19,114,prob_noisy,20,16
6,Tit For Tat,2.383448742952979,0.5549678159454464,4.0,0.9667590027700831,0.38635904255826237,0.1895831626148633,0.18589200889346547,0.23816578593340887,0.9696863327096303,0.03544561463228621,0.9692335935937547,0.02960063198204257,3,0,5,1,0.03,0.02,19,114,prob_noisy,20,16
7,Suspicious Tit For Tat,2.326030527237431,0.5047647951441578,10.0,0.019390581717451522,0.3097748934139177,0.1955443980216315,0.20723650970118962,0.2874441988632613,0.9476967365739493,0.03189380575359502,0.9699484619171768,0.029527428157141152,3,0,5,1,0.03,0.02,19,114,prob_noisy,20,16
8,Soft Joss: 0.9,2.305227650665245,0.6234639603839335,3.0,0.9667590027700831,0.41930992646515836,0.20557042319273305,0.16542212911121695,0.20969752123089164,0.9737803487473841,0.11326793170346999,0.9757311479466556,0.14844737800925578,3,0,5,1,0.03,0.02,19,114,prob_noisy,20,16
9,Win-Stay Lose-Shift,2.274326402030008,0.578432650932325,5.0,0.9861495844875346,0.3341152352345195,0.23655080191438158,0.20208852626716955,0.2272454365839294,0.9763553510609594,0.03314926236993153,0.0313467897370097,0.9714917455873173,3,0,5,1,0.03,0.02,19,114,prob_noisy,20,16
10,Tit For 2 Tats,2.2379485455028965,0.7869519639884073,1.0,0.9722991689750693,0.5697050318051788,0.21745375143210358,0.061999804381107054,0.15084141238161064,0.9774086736299807,0.7472975207635547,0.9742863660394327,0.4238346453538557,3,0,5,1,0.03,0.02,19,114,prob_noisy,20,16
11,GTFT: 0.33,2.2057594919763037,0.7278249510124102,2.0,0.9584487534626038,0.4751232821220474,0.24925850125057725,0.12055998082870312,0.15505823579867214,0.9690995337258178,0.3415615759740635,0.9696283190220358,0.36872977886513003,3,0,5,1,0.03,0.02,19,114,prob_noisy,20,16
12,Cycler DC,2.189220929261202,0.496046608406159,8.0,0.024930747922437674,0.18481565887687762,0.31023105016754426,0.24490534478937817,0.2600479461661999,0.10262302518840734,0.0946580640298851,0.9319833515155286,0.8805071276405897,3,0,5,1,0.03,0.02,19,114,prob_noisy,20,16
13,Meta Mixer: 18 players,2.174411905223902,0.46460581671849277,8.0,0.703601108033241,0.2178160352873884,0.24920325479289893,0.22800496601329415,0.30497574390641863,0.5474462595448887,0.3970300315410844,0.5378094132763489,0.40014640490632997,3,0,5,1,0.03,0.02,19,114,prob_noisy,20,16
14,Alternator,2.103098585764117,0.5069264343095705,7.0,0.9778393351800554,0.1961973450294013,0.3108190374948063,0.23938432130325552,0.2535992961725369,0.03965272892489003,0.0366884639756805,0.9772411456782566,0.9657938216037055,3,0,5,1,0.03,0.02,19,114,prob_noisy,20,16
15,Random: 0.5,2.0996498547553597,0.5059336238685886,7.0,0.5263157894736842,0.2159325497229841,0.29052436215040317,0.2138080196215699,0.27973506850504276,0.4825206894323933,0.5080209849626924,0.5095871999348095,0.5211930667336059,3,0,5,1,0.03,0.02,19,114,prob_noisy,20,16
16,Win-Shift Lose-Stay: D,2.0529207063412978,0.5324634590050812,8.0,0.038781163434903045,0.20653319948421212,0.3295537823260309,0.2218500741618345,0.24206294402792242,0.034497838699917995,0.9689828127150975,0.9697482178979409,0.037969477888226466,3,0,5,1,0.03,0.02,19,114,prob_noisy,20,16
17,Bully,2.0489109235667953,0.5712939106391001,8.0,0.0221606648199446,0.18887517510009277,0.384461232611639,0.21728522053250765,0.20937837175576055,0.037575432812811796,0.9668377136643695,0.04135679886006033,0.965687016679941,3,0,5,1,0.03,0.02,19,114,prob_noisy,20,16
18,Anti Tit For Tat,1.8484246417262076,0.5993835702604101,7.0,0.9806094182825484,0.20580765112482707,0.4005078866011448,0.19036382938329052,0.20332063289073765,0.03782990081529153,0.9543987439916819,0.04142796670921175,0.9671163331690388,3,0,5,1,0.03,0.02,19,114,prob_noisy,20,16
19,Cooperator,1.8319387041146429,0.9721753794266442,1.0,0.9722991689750693,0.5491692071577192,0.4228586643618341,0.015172337604282332,0.012799790876164402,0.9731841152333426,0.9717173764261801,0.9794321895424836,0.9831018518518518,3,0,5,1,0.03,0.02,19,114,prob_noisy,20,16
0,Defector,2.675698802497048,0.03042776432606941,13.0,0.026470588235294117,0.011758057036973088,0.01839655613909423,0.3482657365209724,0.6215796503029603,0.07393162393162393,0.06203007518796992,0.03214259852418836,0.03045639877634255,3,0,5,1,0.03,0.08,68,74,prob_noisy,16,17
1,Cycler DC,2.519815243236296,0.48081678232432,6.0,0.03431372549019608,0.16471886888075005,0.31595580035506565,0.3068061681845064,0.212519162579678,0.10947997647668176,0.05510856769527228,0.9652408879099454,0.88543315222095,3,0,5,1,0.03,0.08,68,74,prob_noisy,16,17
2,Grudger,2.4984141583054624,0.3985512771635532,6.0,0.9803921568627451,0.34316917986932116,0.06369007231626476,0.2284864613207777,0.3646542864936364,0.7876330542725144,0.0470111918032917,0.12134735270072271,0.031416383738258946,3,0,5,1,0.03,0.08,68,74,prob_noisy,16,17
3,Suspicious Tit For Tat,2.476297867155015,0.4632546920931635,7.0,0.026470588235294117,0.27399248111441105,0.20034416253047024,0.2386390921862073,0.2870242641689113,0.9733827540130096,0.03891410164691459,0.9672743045915085,0.03687122211673064,3,0,5,1,0.03,0.08,68,74,prob_noisy,16,17
4,Meta Winner: 14 players,2.444527497328009,0.20604502609644,9.5,0.9637254901960784,0.132628376510114,0.07569096547615585,0.30570644058057667,0.48597421743315355,0.5878089860495999,0.3099724417938869,0.118991573918391,0.04232151725942896,3,0,5,1,0.03,0.08,68,74,prob_noisy,16,17
5,Evolved FSM 16,2.412307598526597,0.6025163094128612,4.0,0.9666666666666667,0.4178686489138944,0.18088001643632381,0.2019741213359607,0.19927721331382098,0.6849335053286343,0.38717984144869555,0.508565822356518,0.36782985044640965,3,0,5,1,0.03,0.08,68,74,prob_noisy,16,17
6,Tit For Tat,2.393933386865325,0.6382665322893247,2.0,0.9705882352941176,0.43783751830406775,0.19419256165359772,0.17163533784106597,0.19633458220126865,0.9527828012837519,0.03498818298355527,0.9698129871981496,0.040576226253503656,3,0,5,1,0.03,0.08,68,74,prob_noisy,16,17
7,Win-Shift Lose-Stay: D,2.391031191164339,0.5045414355759184,6.0,0.03725490196078431,0.19664770222988073,0.31167222018781954,0.24447890335937675,0.24720117422292295,0.03328132930810511,0.9723243802022399,0.9664921545312101,0.025136068182686527,3,0,5,1,0.03,0.08,68,74,prob_noisy,16,17
8,Soft Joss: 0.9,2.385421344508032,0.6809830589358148,1.0,0.9686274509803922,0.46852070492263154,0.21282131892843195,0.15962526182766018,0.1590327143212763,0.9685052820854915,0.12976815495500282,0.9705679338156645,0.11366563447571425,3,0,5,1,0.03,0.08,68,74,prob_noisy,16,17
9,Win-Stay Lose-Shift,2.384191287107954,0.6102278315030323,3.0,0.9637254901960784,0.38278794216659373,0.22427293267093404,0.1988004489063341,0.19413867625613812,0.9637691278365172,0.04085990440302278,0.04619698976556727,0.967414339445144,3,0,5,1,0.03,0.08,68,74,prob_noisy,16,17
10,Random: 0.5,2.359540164027006,0.4973996739889777,6.0,0.48137254901960785,0.2283749823930102,0.26938282162339666,0.23601739978574857,0.26622479619784456,0.49846879439986547,0.49002268217455547,0.4875714724373125,0.4872624872676694,3,0,5,1,0.03,0.08,68,74,prob_noisy,16,17
11,Meta Mixer: 14 players,2.356048061224917,0.5113142183238741,6.0,0.6686274509803921,0.2971357742941368,0.21781477224635032,0.21036130761268212,0.27468814584683077,0.6706245398288367,0.3615229156900932,0.6312057672152833,0.33937023102660235,3,0,5,1,0.03,0.08,68,74,prob_noisy,16,17
12,Alternator,2.313123261920806,0.5201473462637197,5.0,0.9754901960784313,0.1998868567668358,0.32046699175511945,0.2835024452711431,0.19614370620690172,0.0358292389750608,0.03021589276624276,0.9713557088096981,0.962580246584921,3,0,5,1,0.03,0.08,68,74,prob_noisy,16,17
13,"DoubleCrosser: (D, D)",2.249291653568435,0.7096208983752788,2.0,0.9696078431372549,0.5509898838402763,0.1541206415708478,0.10895739174194592,0.18593208284692994,0.9478609083925633,0.8079625661981399,0.4421392065456579,0.18590504567932362,3,0,5,1,0.03,0.08,68,74,prob_noisy,16,17
14,Tit For 2 Tats,2.204106191079875,0.8477641807126914,0.0,0.9823529411764705,0.6206003620836904,0.22084672985874249,0.041910472405342784,0.11664243565222428,0.972195067920209,0.797442575291664,0.9831780240552171,0.4703537882500625,3,0,5,1,0.03,0.08,68,74,prob_noisy,16,17
15,Cooperator,2.1302212556576885,0.968319774718398,0.0,0.9764705882352941,0.6431132547224655,0.32525514125157234,0.020636716119886135,0.01099488790607598,0.9659111422469626,0.9762668304013867,0.9664605734767024,0.9615384615384616,3,0,5,1,0.03,0.08,68,74,prob_noisy,16,17
0,Defector,2.927560710894044,0.05264322052643221,15.0,0.05,0.02027137284275095,0.03269993827873251,0.4314314135144321,0.5155972753640845,0.2259259259259259,0.1365079365079365,0.06329040529861729,0.050994735387208404,3,0,5,1,0.05,0.09,30,15,prob_noisy,19,18
1,Grudger,2.643397266313933,0.4314279504455553,8.0,0.9740740740740741,0.3373038707254173,0.09379143458408766,0.2736246594722752,0.2952800352182197,0.8103148187808391,0.1099097329392896,0.13756209865532917,0.05673282046641663,3,0,5,1,0.05,0.09,30,15,prob_noisy,19,18
2,Suspicious Tit For Tat,2.58500296000296,0.48203788373612017,9.0,0.05185185185185185,0.2900390018718696,0.19500173353776862,0.2604661790537071,0.25449308553665473,0.9524619486651773,0.07390568868047147,0.9552984467193555,0.04901821913690478,3,0,5,1,0.05,0.09,30,15,prob_noisy,19,18
3,Cycler DC,2.5577380952380953,0.46117804551539493,8.0,0.046296296296296294,0.20563989363882312,0.2548262867405409,0.2915517438135758,0.24798207580706022,0.14072088536165867,0.12574294103765568,0.8897966038360285,0.8468234881888795,3,0,5,1,0.05,0.09,30,15,prob_noisy,19,18
4,Bully,2.5127980815480817,0.4821508255243195,9.0,0.05555555555555555,0.17880091709751922,0.29836360935902034,0.28617488871229474,0.2366605848311657,0.06048418194581197,0.9564258301989464,0.0852129245326663,0.9558164474185415,3,0,5,1,0.05,0.09,30,15,prob_noisy,19,18
5,Win-Shift Lose-Stay: D,2.495734126984127,0.48410596026490066,9.0,0.044444444444444446,0.2084266200358661,0.27498161314185515,0.2762741884262839,0.2403175783959947,0.06339605512477683,0.9432241538006108,0.928346676242688,0.06713618212502309,3,0,5,1,0.05,0.09,30,15,prob_noisy,19,18
6,Evolved FSM 16,2.4776617672451007,0.5917561938171454,5.0,0.9462962962962963,0.40654385198767024,0.18424364607625549,0.2214621674091831,0.18775033452689108,0.7102914406195517,0.30426783335150465,0.5233253537678993,0.32753706808130034,3,0,5,1,0.05,0.09,30,15,prob_noisy,19,18
7,Meta Winner: 17 players,2.4461682607515938,0.3414905450500556,10.0,0.9462962962962963,0.20846575546604484,0.136590752868716,0.3163225070496486,0.33862098461559054,0.5522841247909498,0.4447360170707077,0.13327380322842608,0.2013651475523509,3,0,5,1,0.05,0.09,30,15,prob_noisy,19,18
8,Random: 0.5,2.4418464251797585,0.4952054794520548,8.0,0.5222222222222223,0.2562006865591051,0.23935791584208044,0.253258339490563,0.2511830581082515,0.5053166004031998,0.4929834706936457,0.5348787450373031,0.47996311357876714,3,0,5,1,0.05,0.09,30,15,prob_noisy,19,18
9,Evolved HMM 5,2.4257326007326006,0.5737483085250338,6.0,0.9481481481481482,0.41733477757018594,0.15741310581284768,0.23490075596478985,0.19035136065217656,0.8887624175960803,0.38693251523084293,0.2053896635811006,0.18865533577365706,3,0,5,1,0.05,0.09,30,15,prob_noisy,19,18
10,Tit For Tat,2.4210430772930773,0.6560693641618497,2.0,0.9574074074074074,0.4332512353288729,0.21323751685616255,0.18172914258390796,0.17178210523105653,0.9525110287647838,0.06173307873512841,0.9462608629521149,0.05552545058427412,3,0,5,1,0.05,0.09,30,15,prob_noisy,19,18
11,Win-Stay Lose-Shift,2.3843584656084653,0.6217765042979942,4.0,0.9555555555555556,0.4004508482929835,0.22313037045605524,0.18599822604286712,0.19042055520809414,0.9452184979916167,0.053058643823943506,0.08771008350298254,0.9392614611686716,3,0,5,1,0.05,0.09,30,15,prob_noisy,19,18
12,Meta Mixer: 17 players,2.378622920289587,0.5446075005823433,7.0,0.6851851851851852,0.313855287305367,0.23006431574469272,0.2330790974937763,0.223001299456164,0.5814780245501718,0.43523959017247127,0.5788284246242447,0.4889569776137424,3,0,5,1,0.05,0.09,30,15,prob_noisy,19,18
13,Alternator,2.336622174122174,0.5352272727272728,5.5,0.9537037037037037,0.2618784887552795,0.2740888218615433,0.24714865641593914,0.21688403296723813,0.07976328705043347,0.0599392508436987,0.9528005247382778,0.9632497825138773,3,0,5,1,0.05,0.09,30,15,prob_noisy,19,18
14,GTFT: 0.33,2.2496118079451413,0.7440351611552951,1.0,0.9407407407407408,0.48467174298109467,0.26422420371354527,0.12809719222632854,0.12300686107903158,0.9523507759219287,0.37223577168859234,0.9559771393879202,0.4884365337441193,3,0,5,1,0.05,0.09,30,15,prob_noisy,19,18
15,"DoubleCrosser: (D, D)",2.2301754572587904,0.7557458314556106,2.0,0.937037037037037,0.5293051834312277,0.2294755567912288,0.12833122851440612,0.11288803126313744,0.9282877306937442,0.8168362184043414,0.4876212353767827,0.3119634554340436,3,0,5,1,0.05,0.09,30,15,prob_noisy,19,18
16,Anti Tit For Tat,2.2008597883597885,0.5666591978489806,6.0,0.95,0.24794735767622733,0.3218254663550634,0.22194889136912838,0.208278284599581,0.07179676256811955,0.9240094953175569,0.045669707300085204,0.9367832692068458,3,0,5,1,0.05,0.09,30,15,prob_noisy,19,18
17,Tit For 2 Tats,2.1336379669713006,0.8280471227911191,1.0,0.95,0.5577860046406036,0.2657981015312742,0.0679636095596141,0.10845228426850817,0.9478325981016198,0.7441196424518417,0.9551266431748888,0.48467528494626216,3,0,5,1,0.05,0.09,30,15,prob_noisy,19,18
18,Cooperator,1.9444564694564694,0.9443231441048034,1.0,0.9333333333333333,0.5612762860520932,0.38292232008758215,0.032273822526331514,0.023527571333993164,0.9433560682856326,0.9372229748437153,0.982534190146647,0.9702071737786023,3,0,5,1,0.05,0.09,30,15,prob_noisy,19,18
0,Bully,2.6002371697113613,0.4553688632186926,4.0,0.08139534883720931,0.27094548666929735,0.18256403875869695,0.27067687345151875,0.2758136011204869,0.0773373207363136,0.9365316744954543,0.07492114025115372,0.9282517352513083,3,0,5,1,0.07,0.03,43,102,prob_noisy,7,19
1,Alternator,2.5383668676007387,0.507295554801493,3.0,0.9302325581395349,0.21647335509705387,0.29077450469771865,0.3344085513916724,0.158343588813555,0.06337385064657729,0.06949761964235047,0.9314099651557566,0.9327829282319132,3,0,5,1,0.07,0.03,43,102,prob_noisy,7,19
2,Tit For Tat,2.43828320802005,0.589850453542535,2.0,0.9457364341085271,0.3391018345881694,0.25320364281106594,0.2538324877927712,0.15386203480799346,0.9367140396588066,0.07914496467500039,0.9250336539867124,0.06770979563643556,3,0,5,1,0.07,0.03,43,102,prob_noisy,7,19
3,Win-Stay Lose-Shift,2.4097196849754394,0.5696493349455864,2.0,0.9341085271317829,0.35154304649131346,0.21646318624353758,0.21867514990131035,0.21331861736383861,0.926652242648711,0.0712591328651966,0.061675416280383845,0.9341141798949071,3,0,5,1,0.07,0.03,43,102,prob_noisy,7,19
4,Soft Joss: 0.9,2.397048920578332,0.6311881188118812,1.0,0.9302325581395349,0.37746009474532366,0.2568326075105902,0.22396495721953977,0.14174234052454623,0.9308436777391244,0.14889136876314232,0.9454459651853483,0.1728780475238639,3,0,5,1,0.07,0.03,43,102,prob_noisy,7,19
5,Meta Winner: 6 players,2.3354500338371307,0.5057249744926879,3.0,0.9147286821705426,0.24800837628297387,0.2620497279999226,0.2743782007846452,0.21556369493245833,0.40227995303139047,0.640033891123544,0.36180245388042387,0.7242831313109052,3,0,5,1,0.07,0.03,43,102,prob_noisy,7,19
6,GTFT: 0.33,2.24088693957115,0.7007726527745258,0.0,0.9534883720930233,0.4182953531711191,0.28662749249210623,0.17257897997218033,0.12249817436459436,0.9299935400636082,0.36160051930139364,0.934560672152938,0.3501271015264636,3,0,5,1,0.07,0.03,43,102,prob_noisy,7,19
0,Defector,2.8476190476190477,0.10199556541019955,7.0,0.1118421052631579,0.05676281065367303,0.04603190767466776,0.4171289620818462,0.48007631958981306,0.15079365079365079,0.22002923976608185,0.09903460719298221,0.10094470130690693,3,0,5,1,0.1,0.1,19,138,prob_noisy,9,20
1,Grudger,2.384577922077922,0.3434065934065934,4.0,0.9473684210526315,0.234590750925937,0.12436335932794297,0.32084137273647734,0.3202045170096427,0.577758665310202,0.11387190355940356,0.17650875963860196,0.12223615964574637,3,0,5,1,0.1,0.1,19,138,prob_noisy,9,20
2,Win-Shift Lose-Stay: D,2.3447115384615382,0.4749009247027741,3.0,0.10526315789473684,0.19426434195676978,0.27460229639369993,0.24267173671691075,0.28846162493261956,0.14243667986812966,0.9176185697007903,0.9322297935252661,0.07894952521577382,3,0,5,1,0.1,0.1,19,138,prob_noisy,9,20
3,Evolved HMM 5,2.3368055555555554,0.45183343691733996,3.0,0.8618421052631579,0.28244735858447323,0.17643507762054708,0.2776223349376683,0.2634952288573114,0.7752285571602273,0.41432893795188375,0.218263976167202,0.2597616084658768,3,0,5,1,0.1,0.1,19,138,prob_noisy,9,20
4,Cycler DC,2.3032667815276513,0.48455598455598453,3.0,0.14473684210526316,0.19882406370085579,0.28610056452149335,0.22694787478627473,0.28812749699137624,0.16420068027210882,0.22868923598156377,0.8154106080577104,0.8303668580155847,3,0,5,1,0.1,0.1,19,138,prob_noisy,9,20
5,Evolved FSM 16,2.2827380952380953,0.5275650842266463,2.0,0.9210526315789473,0.3423538028651061,0.20682558815565041,0.21835613496639453,0.23246447401284898,0.6268970940838896,0.35460256174541893,0.5274639476540398,0.37487506815337,3,0,5,1,0.1,0.1,19,138,prob_noisy,9,20
6,Soft Joss: 0.9,2.1427373581011353,0.5927029039463887,1.0,0.8355263157894737,0.3727920868001959,0.23344209608155667,0.15993268847749528,0.23383312864075215,0.9167273340419817,0.2128055401969911,0.9191964285714285,0.18627688998494757,3,0,5,1,0.1,0.1,19,138,prob_noisy,9,20
7,Bully,2.083949372759857,0.5271260997067448,3.0,0.13815789473684212,0.1719638783430396,0.35183066110330663,0.2389848911411579,0.23722056941249586,0.15726029542251682,0.9297176802447886,0.10632521987430334,0.8876127422018295,3,0,5,1,0.1,0.1,19,138,prob_noisy,9,20
8,Cooperator,1.7318910256410256,0.9027882441597589,0.0,0.881578947368421,0.45414087173455775,0.4500939606154438,0.0472395156500836,0.048525651999914834,0.9063965014692387,0.9051371035833693,0.8883219954648526,0.9647149725274725,3,0,5,1,0.1,0.1,19,138,prob_noisy,9,20
0,Defector,2.8911332977472153,0.018626833438315487,16.0,0.018333333333333333,0.008527085723924795,0.010217085797753092,0.4212335770035152,0.560022251474807,0.0818702553485162,0.1485042735042735,0.018538672508575178,0.0193007759001251,3,0,5,1,0.02,0.08,100,78,prob_noisy,19,21
1,Grudger,2.706940691145634,0.42709107603515367,7.0,0.9794444444444445,0.38057376662664755,0.05398177949215248,0.2793807565956294,0.2860636972855705,0.7423320563602434,0.033388158757937006,0.11090869664742549,0.020341665612213636,3,0,5,1,0.02,0.08,100,78,prob_noisy,19,21
2,Evolved FSM 16,2.6177767815819086,0.6129820275693596,5.0,0.9788888888888889,0.4574127783449533,0.1482428644610867,0.24662515114184266,0.1477192060521173,0.7220929223090308,0.350238292293193,0.5311551540385878,0.3573237148170422,3,0,5,1,0.02,0.08,100,78,prob_noisy,19,21
3,Suspicious Tit For Tat,2.5853572768820445,0.5092667203867849,10.0,0.022222222222222223,0.3294226409499015,0.1893343574585728,0.236728433205579,0.24451456838594668,0.9767053328807249,0.020385648569505428,0.9763295613650246,0.03128469844375322,3,0,5,1,0.02,0.08,100,78,prob_noisy,19,21
4,Evolved HMM 5,2.5674587447855637,0.5794059038880393,5.5,0.9811111111111112,0.4748088645375908,0.1094786499323107,0.23893626625615783,0.17677621927394063,0.9175347860640523,0.38052603284235703,0.16494841328368143,0.15307132815673738,3,0,5,1,0.02,0.08,100,78,prob_noisy,19,21
5,Cycler DC,2.508868294680485,0.4813627425835684,8.0,0.020555555555555556,0.19628256784986198,0.2849390230475028,0.2865876222939193,0.23219078680871594,0.10055434169856642,0.07283372903272241,0.9564110595492458,0.9274632026747796,3,0,5,1,0.02,0.08,100,78,prob_noisy,19,21
6,Bully,2.49385185439107,0.5007835625979453,9.5,0.023333333333333334,0.1801381428891318,0.32239990783263645,0.27584183408503465,0.221620115193197,0.023478913820598375,0.9806951222664564,0.023962342293885136,0.9805033175351782,3,0,5,1,0.02,0.08,100,78,prob_noisy,19,21
7,Tit For Tat,2.44533340608673,0.6818650180319423,2.0,0.9805555555555555,0.5017853762126324,0.18430477414020896,0.16686526397853801,0.14704458566862055,0.9686651459243676,0.017964009900557933,0.9758179224488652,0.02037391675752078,3,0,5,1,0.02,0.08,100,78,prob_noisy,19,21
8,Win-Shift Lose-Stay: D,2.441034626622918,0.5173605113145621,9.0,0.015555555555555555,0.21339105199426073,0.30174866556575924,0.26089741717678366,0.22396286526319642,0.021046301229633378,0.9751060709299636,0.9805010534953311,0.03132369267183952,3,0,5,1,0.02,0.08,100,78,prob_noisy,19,21
9,Soft Joss: 0.9,2.4263744621137535,0.715771458662454,1.0,0.9788888888888889,0.5203916346825436,0.19687265384490574,0.15020014955988867,0.13253556191266205,0.9791961045380277,0.11866368791318932,0.9768268089124602,0.13034047642798835,3,0,5,1,0.02,0.08,100,78,prob_noisy,19,21
10,"DoubleCrosser: (D, D)",2.423244249247483,0.6937910948325317,3.0,0.98,0.5636020050733356,0.13956203369757839,0.16737878391117297,0.12945717731791312,0.9383766269019057,0.8168033231483312,0.4911984811709862,0.12188547452790284,3,0,5,1,0.02,0.08,100,78,prob_noisy,19,21
11,Win-Stay Lose-Shift,2.4152028624165913,0.6419683988461704,3.0,0.9816666666666667,0.44130020054436186,0.19988671047147819,0.18211763325671318,0.17669545572744688,0.9792480018564387,0.025134831635191285,0.02083229508799455,0.9804664040298672,3,0,5,1,0.02,0.08,100,78,prob_noisy,19,21
12,Random: 0.5,2.3867379414973584,0.49875566616300776,8.0,0.49,0.23847907737648605,0.2603840038275977,0.24755773886766694,0.2535791799282494,0.4916695869428403,0.4903979209353139,0.4880162056610873,0.5209408101954163,3,0,5,1,0.02,0.08,100,78,prob_noisy,19,21
13,Alternator,2.3803050631393567,0.5201770144152829,6.0,0.9827777777777778,0.23256158722587442,0.28773243120614206,0.2666190718848095,0.213086909683174,0.028741419589994266,0.023590192850392572,0.9751773715683486,0.9850346675692511,3,0,5,1,0.02,0.08,100,78,prob_noisy,19,21
14,Meta Mixer: 18 players,2.3778961556559164,0.5235531039313546,7.0,0.6894444444444444,0.2969961160576271,0.22465378833513425,0.23377301658479924,0.24457707902243941,0.6086319005663516,0.4295141376319971,0.5687904301240689,0.4030451442327509,3,0,5,1,0.02,0.08,100,78,prob_noisy,19,21
15,GTFT: 0.33,2.3442445359636435,0.7957200178332591,1.0,0.9772222222222222,0.5829240356348573,0.21518841056700613,0.10420404351617578,0.09768351028196084,0.9813028893661365,0.34729427106439514,0.9852579766196291,0.396192781326159,3,0,5,1,0.02,0.08,100,78,prob_noisy,19,21
16,Tit For 2 Tats,2.240804575541418,0.8568079270990002,0.0,0.9833333333333333,0.6418062311302353,0.2155337001625552,0.04921728860916936,0.09344278009804032,0.9821259155684889,0.7920628040890533,0.9749701445116943,0.32934421371671624,3,0,5,1,0.02,0.08,100,78,prob_noisy,19,21
17,Anti Tit For Tat,2.1335966113775076,0.5902207786507484,7.0,0.9766666666666667,0.22834319901243516,0.3600731561847701,0.21415853845293564,0.19742510634985927,0.018780696069473073,0.9806600287776686,0.018323654114895335,0.9787094355201744,3,0,5,1,0.02,0.08,100,78,prob_noisy,19,21
18,Cooperator,2.0533662767504515,0.9794238683127572,0.0,0.97,0.6423369191782957,0.3370173908314063,0.013228800476225995,0.007416889514072043,0.9770596206821089,0.9762274667917471,0.9829684095860567,0.9582201086956521,3,0,5,1,0.02,0.08,100,78,prob_noisy,19,21
0,Grudger,2.7310017076321422,0.27833500501504516,12.0,0.95,0.20522721965877697,0.07047646239672156,0.35512256202128545,0.3691737559232159,0.7214970351379678,0.08106736171751651,0.10233429478520328,0.05863185507475492,3,0,5,1,0.05,0.03,16,24,prob_noisy,16,22
1,Evolved HMM 5,2.7224389689893123,0.4338287331917905,9.0,0.9333333333333333,0.30192121318822646,0.12622557450001592,0.3082042407778549,0.26364897153390254,0.8206727088847422,0.37725802274513964,0.14641609208411024,0.1703235789261097,3,0,5,1,0.05,0.03,16,24,prob_noisy,16,22
2,Evolved FSM 16,2.591520861332074,0.4634703196347032,7.0,0.9666666666666667,0.2955651247716814,0.1712014565979848,0.30999572948966575,0.22323768914066794,0.5957643345835961,0.4030473991061532,0.4244508415915637,0.3044947527953206,3,0,5,1,0.05,0.03,16,24,prob_noisy,16,22
3,Suspicious Tit For Tat,2.4401105484929015,0.4845725847243298,7.5,0.04583333333333333,0.23758886432387974,0.2437971451720695,0.2669558412177316,0.2516581492863192,0.9483157514331857,0.0583865737863939,0.9614641502497098,0.0587009470977099,3,0,5,1,0.05,0.03,16,24,prob_noisy,16,22
4,Tit For Tat,2.37176357257879,0.5889967637540453,3.0,0.9625,0.3512610599210468,0.23745036334223305,0.22198564808289184,0.18930292865382833,0.9491131016702639,0.047633861506339796,0.9619521582065998,0.06276381627485184,3,0,5,1,0.05,0.03,16,24,prob_noisy,16,22
5,Win-Stay Lose-Shift,2.3553045157456927,0.556910569105691,4.0,0.9541666666666667,0.3270056980458449,0.23609143074954017,0.21572452973212158,0.22117834147249335,0.9325389580661165,0.06922775660549738,0.04615557952741697,0.9352139433963558,3,0,5,1,0.05,0.03,16,24,prob_noisy,16,22
6,Soft Joss: 0.9,2.3329352588303998,0.6358832410669351,1.5,0.95,0.3845418301169607,0.2478539147400179,0.20540045036849108,0.16220380477453036,0.9408261871174767,0.15044831406710507,0.9342397377987898,0.17848667352696135,3,0,5,1,0.05,0.03,16,24,prob_noisy,16,22
7,Bully,2.2918362193362194,0.5227160493827161,6.5,0.05,0.2082469741576651,0.312682179201945,0.23713054261504735,0.24194030402534242,0.05223756588609189,0.9602734170597529,0.060759713098313975,0.9586374523157045,3,0,5,1,0.05,0.03,16,24,prob_noisy,16,22
8,Meta Winner: 14 players,2.246515177575549,0.3878756742871821,7.0,0.9541666666666667,0.19252699459466063,0.19903708729426967,0.29206531772268546,0.31637060038838427,0.5243173160433886,0.6689957810065209,0.17029414577428356,0.2689490174011945,3,0,5,1,0.05,0.03,16,24,prob_noisy,16,22
9,Alternator,2.21282153032153,0.5149345840533202,5.0,0.9541666666666667,0.2105922654029077,0.30460726037398145,0.2494327054657258,0.23536776875738502,0.06485356031389584,0.05770238381390333,0.9369030835809882,0.9360206711359982,3,0,5,1,0.05,0.03,16,24,prob_noisy,16,22
10,Random: 0.5,2.211124338624338,0.5045367717287488,6.0,0.5041666666666667,0.2284097271025348,0.27637022031303643,0.23550538528964754,0.25971466729478127,0.4946638486224552,0.5171269773083776,0.5068539709649589,0.5098977508438075,3,0,5,1,0.05,0.03,16,24,prob_noisy,16,22
11,Meta Mixer: 14 players,2.2091209008856065,0.4757258448357925,6.5,0.6833333333333333,0.23364541170379255,0.24236860923731912,0.24413935872143702,0.27984662033745134,0.5783377693212137,0.3838453486910475,0.5417641410889172,0.36504066533294843,3,0,5,1,0.05,0.03,16,24,prob_noisy,16,22
12,GTFT: 0.33,2.177660926030491,0.721048612878595,1.0,0.9208333333333333,0.43332245103555495,0.2898199271350133,0.15362456654485643,0.12323305528457541,0.9545931154223289,0.37819899511713123,0.9299074001695485,0.35665173255606614,3,0,5,1,0.05,0.03,16,24,prob_noisy,16,22
13,Cycler DC,2.154256744717271,0.4945420028476507,4.0,0.05,0.18434314894948053,0.3099613016964854,0.24501682268281907,0.260678726671215,0.13843166720087816,0.13529677840744952,0.8895727703154854,0.8892468484471231,3,0,5,1,0.05,0.03,16,24,prob_noisy,16,22
14,Win-Shift Lose-Stay: D,2.140447206831646,0.5451331604996464,7.0,0.05416666666666667,0.20064661141558732,0.3412294468440872,0.237195561617022,0.22092838012330357,0.05751196239901141,0.9546752765617519,0.9434812963165263,0.04936410084274005,3,0,5,1,0.05,0.03,16,24,prob_noisy,16,22
15,Anti Tit For Tat,1.9532073536485304,0.5939622641509434,5.0,0.9333333333333333,0.24230218076462223,0.3501736228668713,0.181846740112309,0.2256774562561974,0.06431083136694651,0.9525706792100702,0.06660645143262389,0.9610247362451794,3,0,5,1,0.05,0.03,16,24,prob_noisy,16,22
0,Grudger,2.8217954144058632,0.43964401294498384,4.0,0.9444444444444444,0.36422523369000964,0.06532818379932742,0.2964955299870969,0.273951052523566,0.7667734581904088,0.06261772616200575,0.16597277308271116,0.04743438916840461,3,0,5,1,0.05,0.08,84,142,prob_noisy,7,23
1,Cycler DC,2.7695105820105823,0.4750609260763607,4.0,0.037698412698412696,0.2330282130004621,0.24236463310853837,0.28984884701984553,0.2347583068711541,0.10253434080626461,0.15074718122547381,0.893848178698421,0.8648301581853022,3,0,5,1,0.05,0.08,84,142,prob_noisy,7,23
2,Soft Joss: 0.9,2.5488095238095236,0.6921750039203387,1.0,0.9484126984126984,0.5025563036118798,0.1928248616351702,0.15624262705442402,0.14837620769852597,0.9511516360465314,0.1395840377385966,0.9436834282147166,0.14714397564639112,3,0,5,1,0.05,0.08,84,142,prob_noisy,7,23
3,"DoubleCrosser: (D, D)",2.4886953236318026,0.6868836291913215,1.0,0.9583333333333334,0.5267781568080379,0.1594854904526117,0.17932457210401023,0.13441178063534023,0.9076584508766157,0.7620050264508277,0.5157145933521792,0.25288132824623427,3,0,5,1,0.05,0.08,84,142,prob_noisy,7,23
4,Win-Stay Lose-Shift,2.4600555644762965,0.6463058976020739,1.0,0.9523809523809523,0.4595783948461168,0.19500876049781904,0.1621949380595662,0.18321790659649795,0.952337346196605,0.03920511223374928,0.040813128905099784,0.9514649465150796,3,0,5,1,0.05,0.08,84,142,prob_noisy,7,23
5,Anti Tit For Tat,2.411173694742243,0.5542671614100185,3.0,0.9503968253968254,0.2509834634854064,0.3032565166814845,0.22427635534516996,0.22148366448793907,0.044401484897630544,0.9451697125069982,0.04842935567743614,0.9480248977681208,3,0,5,1,0.05,0.08,84,142,prob_noisy,7,23
6,Tit For 2 Tats,2.358267195767196,0.8219878555449025,0.0,0.9583333333333334,0.5924556431569107,0.2277376325607224,0.07762320916556077,0.10218351511680616,0.9462781175036633,0.7340547174803226,0.9652010100019709,0.39803133059275214,3,0,5,1,0.05,0.08,84,142,prob_noisy,7,23
0,Grudger,2.6049382716049383,0.1838757949869061,9.0,0.9151515151515152,0.11649831649831649,0.0673774784885896,0.35843621399176956,0.4576879910213244,0.5206869864548672,0.10070374950685172,0.13035871409450828,0.09744758484305022,3,0,5,1,0.1,0.0,55,54,prob_noisy,10,24
1,"DoubleCrosser: (D, D)",2.504115226337449,0.41414141414141414,6.0,0.8787878787878788,0.29936401047512157,0.11477740366629258,0.25361017583239803,0.33224841002618777,0.7434893332472634,0.5431425515574827,0.26998462479173657,0.14389380600151896,3,0,5,1,0.1,0.0,55,54,prob_noisy,10,24
2,Meta Winner: 9 players,2.4382716049382718,0.20598578376356155,7.0,0.8868686868686869,0.09405162738496073,0.11193415637860084,0.33602693602693606,0.45798728020950247,0.3192105314378465,0.4532206203213874,0.16354756475060764,0.20296987309696968,3,0,5,1,0.1,0.0,55,54,prob_noisy,10,24
3,Evolved FSM 16,2.4012345679012346,0.4097643097643098,6.0,0.9111111111111111,0.21436588103254767,0.19539842873176205,0.2946502057613169,0.29558548447437333,0.5157483741105746,0.39969048417900194,0.35111314599730636,0.32647531772726385,3,0,5,1,0.1,0.0,55,54,prob_noisy,10,24
4,Soft Joss: 0.9,2.191358024691358,0.5669659558548448,3.0,0.9030303030303031,0.345679012345679,0.22128694350916575,0.17919940142162366,0.2538346427235316,0.9066508520955142,0.1793606375282407,0.9035829087946714,0.18468368232840782,3,0,5,1,0.1,0.0,55,54,prob_noisy,10,24
5,Suspicious Tit For Tat,2.1893004115226335,0.48791619902731015,4.0,0.07878787878787878,0.2888514777403667,0.1990647212869435,0.20385334829779272,0.3082304526748971,0.902482310888439,0.10526835183328859,0.9049180369986656,0.09922775182438683,3,0,5,1,0.1,0.0,55,54,prob_noisy,10,24
6,Tit For 2 Tats,2.0905349794238686,0.6884399551066218,1.0,0.8585858585858586,0.4479985035540591,0.2404414515525627,0.1068462401795735,0.20471380471380468,0.904683094421888,0.6445744736645518,0.8932623972723746,0.320380603102116,3,0,5,1,0.1,0.0,55,54,prob_noisy,10,24
7,Cycler DC,2.039094650205761,0.5010849233071455,3.0,0.10909090909090909,0.20052375607931167,0.30056116722783394,0.23247287691732132,0.26644219977553313,0.2159974013833519,0.19482106954769682,0.8209270713656017,0.7950350342330111,3,0,5,1,0.1,0.0,55,54,prob_noisy,10,24
8,Bully,1.8847736625514402,0.5627759072203516,4.0,0.09494949494949495,0.18032173587729142,0.3824541713430602,0.2264122708567153,0.21081182192293302,0.10172175192407987,0.8941009710197674,0.09007942015213695,0.8918063022736941,3,0,5,1,0.1,0.0,55,54,prob_noisy,10,24
9,Cooperator,1.7798353909465021,0.9024317246539468,1.0,0.896969696969697,0.4920314253647587,0.41040029928918825,0.05218855218855219,0.04537972315750094,0.9016042219585635,0.9031403530976877,0.8923535800988388,0.9200199384564187,3,0,5,1,0.1,0.0,55,54,prob_noisy,10,24
0,Defector,2.953620235973177,0.0,8.0,0.0,0.0,0.0,0.4017815949452011,0.5982184050547988,0.0,0.0,0.0,0.0,3,0,5,1,0.0,0.07,52,106,prob_noisy,10,25
1,Win-Shift Lose-Stay: D,2.870619621077287,0.5604208571870648,5.0,0.0,0.24892744784169007,0.31320005008860885,0.2918659513012455,0.14600655076845553,0.0,1.0,1.0,0.0,3,0,5,1,0.0,0.07,52,106,prob_noisy,10,25
2,Evolved FSM 16,2.859920634920635,0.7520635891164782,2.0,1.0,0.6810791724846326,0.08539154736935448,0.17850321793698942,0.055026062209023556,1.0,0.4594059405940594,0.08898305084745763,0.6473684210526316,3,0,5,1,0.0,0.07,52,106,prob_noisy,10,25
3,Evolved HMM 5,2.835648148148148,0.7381818181818182,1.5,1.0,0.6804713638778002,0.06470147000848374,0.1799744276334883,0.07485273848022773,1.0,0.42736562625420643,0.0,0.23770491803278687,3,0,5,1,0.0,0.07,52,106,prob_noisy,10,25
4,Tit For Tat,2.622863247863248,0.8048744019138756,0.0,1.0,0.73324809093347,0.0750117059673147,0.06118364056919975,0.13055656253001557,1.0,0.0,1.0,0.0,3,0,5,1,0.0,0.07,52,106,prob_noisy,10,25
5,Soft Joss: 0.9,2.594067370537959,0.8218611068526751,0.0,1.0,0.7334934318909259,0.09210870091958845,0.05614852839592012,0.11824933879356557,1.0,0.11363522330151114,1.0,0.0974852295106802,3,0,5,1,0.0,0.07,52,106,prob_noisy,10,25
6,"DoubleCrosser: (D, D)",2.5407407407407403,0.8033605057394776,1.0,1.0,0.6979953099411037,0.09035731778042151,0.12393553214485076,0.08771184013362397,1.0,0.7927288391360247,0.0,0.0,3,0,5,1,0.0,0.07,52,106,prob_noisy,10,25
7,Tit For 2 Tats,2.424867724867725,0.8823066015440365,0.0,1.0,0.7472582318714948,0.12092543243666448,0.01819589624467673,0.11362043944716398,1.0,0.6851699702166991,1.0,0.0,3,0,5,1,0.0,0.07,52,106,prob_noisy,10,25
8,Anti Tit For Tat,2.1967378770540913,0.6267325155328979,4.0,1.0,0.15996405899358165,0.455030938364357,0.2571998753347843,0.12780512730727703,0.0,1.0,0.0,1.0,3,0,5,1,0.0,0.07,52,106,prob_noisy,10,25
9,Cooperator,2.18968253968254,1.0,0.0,1.0,0.7279384984284372,0.27206150157156284,0.0,0.0,1.0,1.0,0.0,0.0,3,0,5,1,0.0,0.07,52,106,prob_noisy,10,25
0,Suspicious Tit For Tat,3.1833333333333336,0.7910284463894968,2.0,0.038461538461538464,0.7070408059870011,0.08131281694965958,0.16711781480248397,0.0445285622608553,0.9758008477520672,0.07771739130434782,0.9704486626402071,0.0,3,0,5,1,0.03,0.08,39,58,prob_noisy,3,26
1,Tit For 2 Tats,2.739583333333333,0.9420018709073901,0.0,0.9871794871794872,0.8518312673242251,0.0873774113210733,0.03664645213940989,0.02414486921529175,0.9633369302707979,0.8971994535519126,0.9782608695652174,0.13043478260869565,3,0,5,1,0.03,0.08,39,58,prob_noisy,3,26
2,GTFT: 0.33,2.708333333333333,0.9120323559150657,0.0,0.9230769230769231,0.7922724757257132,0.11120893494994216,0.07613489627878119,0.020383693045563554,0.9748073382537432,0.4236842105263158,0.9625,0.375,3,0,5,1,0.03,0.08,39,58,prob_noisy,3,26
0,Evolved HMM 5,2.6757674437446903,0.41694433243489887,10.0,0.9765432098765432,0.31742808036070125,0.10450501922862546,0.2838555175529848,0.29421138285768855,0.8179040537465837,0.35502181408438765,0.13752770410659368,0.1669552557413716,3,0,5,1,0.03,0.01,45,90,prob_noisy,19,27
1,Defector,2.6078319852363845,0.029356233631768074,17.0,0.03333333333333333,0.01193945288645772,0.01744070253887703,0.3866095886753418,0.5840102558993234,0.061485508062092416,0.05037148114673315,0.026993869401910627,0.02890988367983247,3,0,5,1,0.03,0.01,45,90,prob_noisy,19,27
2,"DoubleCrosser: (D, D)",2.6053697295906053,0.46918265221017513,7.0,0.9753086419753086,0.39296370425508237,0.07747384852117925,0.23056620198704916,0.29899624523668916,0.855923316704831,0.6968453426004428,0.3273618237479288,0.09096367939440062,3,0,5,1,0.03,0.01,45,90,prob_noisy,19,27
3,Grudger,2.597569417506472,0.19072850478140635,15.0,0.9740740740740741,0.15935650302822435,0.030053716703109443,0.3298586358573294,0.48073114441133696,0.7244794003027434,0.039684346796853384,0.06668712687504927,0.029374278984590337,3,0,5,1,0.03,0.01,45,90,prob_noisy,19,27
4,Evolved FSM 16,2.5567838752201832,0.44056870538450893,10.0,0.9691358024691358,0.25842746681606354,0.18343845715601717,0.30946867333244116,0.24866540269547827,0.5556486407489198,0.4369255693604692,0.3784013113960966,0.3325442960727776,3,0,5,1,0.03,0.01,45,90,prob_noisy,19,27
5,Meta Winner: 17 players,2.5092134130417323,0.08062272963155163,16.0,0.9691358024691358,0.042940823544387295,0.03795473651971,0.3606375777020627,0.5584668622338399,0.4173410588656929,0.2411348188334449,0.06017020302373374,0.06445728776944831,3,0,5,1,0.03,0.01,45,90,prob_noisy,19,27
6,Tit For Tat,2.364216830784853,0.5766801284042663,6.0,0.9753086419753086,0.38892809102537185,0.18521018538949613,0.18227981352501016,0.24358191006012186,0.9694843477083955,0.028622739028470748,0.9687562704198284,0.02844232594633966,3,0,5,1,0.03,0.01,45,90,prob_noisy,19,27
7,Soft Joss: 0.9,2.3389416883438625,0.6205686278581961,3.0,0.9679012345679012,0.42727257403953245,0.1980594244458501,0.16035391084544598,0.2143140906691715,0.9720144368315888,0.11702696037032166,0.9685706364335801,0.13402727207613957,3,0,5,1,0.03,0.01,45,90,prob_noisy,19,27
8,Suspicious Tit For Tat,2.3328284794088545,0.5166715291960156,10.0,0.030864197530864196,0.32585666696454685,0.190154574789666,0.20047976942596726,0.2835089888198199,0.9697509512133021,0.02902710128355687,0.9687134830044444,0.03092996719957768,3,0,5,1,0.03,0.01,45,90,prob_noisy,19,27
9,GTFT: 0.33,2.1957349945901288,0.719743132065407,2.0,0.9777777777777777,0.47885423973992797,0.24120029698860065,0.11499347266674802,0.16495199060472332,0.970708775116472,0.3456974392125399,0.9654211649149838,0.3465291993087131,3,0,5,1,0.03,0.01,45,90,prob_noisy,19,27
10,Tit For 2 Tats,2.1839362443381667,0.7615236339255783,1.0,0.9679012345679012,0.5569522473690437,0.20142074677716165,0.06508884202798543,0.17653816382580928,0.9721327014760399,0.7252257940350875,0.9750282062254462,0.31587664559531836,3,0,5,1,0.03,0.01,45,90,prob_noisy,19,27
11,Meta Mixer: 17 players,2.130101669874223,0.4586073420461167,9.0,0.7296296296296296,0.21713521965358054,0.24218883752990517,0.21957870849568778,0.32109723432082654,0.5772025854459408,0.39625694187622734,0.527035123165449,0.3877941357665565,3,0,5,1,0.03,0.01,45,90,prob_noisy,19,27
12,Win-Stay Lose-Shift,2.118202796444825,0.5677224153469809,5.0,0.9691358024691358,0.3136874768574694,0.2562634855659154,0.17580932127760482,0.25423971629901043,0.9692894572665914,0.029494805525747046,0.027663954438374456,0.9670642440866839,3,0,5,1,0.03,0.01,45,90,prob_noisy,19,27
13,Cycler DC,2.066703310514552,0.4963119284494021,7.0,0.037037037037037035,0.1855345091734632,0.3106415024537275,0.2350342637289418,0.2687897246438674,0.0983547031145126,0.0791325183494132,0.9272290052528402,0.8888833492736681,3,0,5,1,0.03,0.01,45,90,prob_noisy,19,27
14,Alternator,2.0507157820164483,0.5034759739862592,6.0,0.9728395061728395,0.19082874113585435,0.31266694437873693,0.23075006191191416,0.2657542525734945,0.027606428165264287,0.02753218463639488,0.9692950749697508,0.9703065206669721,3,0,5,1,0.03,0.01,45,90,prob_noisy,19,27
15,Random: 0.5,2.031287962802034,0.49934837501018164,7.0,0.4962962962962963,0.20977512853422955,0.2894398343822049,0.20970731287519787,0.29107772420836764,0.49520968434248214,0.49522606436261385,0.49507196756296473,0.5040363276017223,3,0,5,1,0.03,0.01,45,90,prob_noisy,19,27
16,Bully,1.9691453612620546,0.57764359477682,9.0,0.037037037037037035,0.1839395016565446,0.39868542089034414,0.21754748448707348,0.19982759296603794,0.030712738889437645,0.9740434457391461,0.025811566611465737,0.9714121816301557,3,0,5,1,0.03,0.01,45,90,prob_noisy,19,27
17,Anti Tit For Tat,1.8234896200195476,0.6157308939228117,7.0,0.9790123456790123,0.19630073205688797,0.4131163900322668,0.19409024759555868,0.19649263031528652,0.03038370852960294,0.9628899102373842,0.028309876933933074,0.9715961330625515,3,0,5,1,0.03,0.01,45,90,prob_noisy,19,27
18,Cooperator,1.7657130619974746,0.9686657751260158,1.0,0.9765432098765432,0.5350570782448307,0.43375663750501503,0.016961357826064637,0.014224926424089604,0.9658915782709604,0.9714932497811906,0.9712982648081488,0.964367503451435,3,0,5,1,0.03,0.01,45,90,prob_noisy,19,27
0,Defector,2.983783068783069,0.03522645578720345,14.0,0.023809523809523808,0.01578410414729297,0.019631151424069727,0.4711172528346838,0.4934674915939535,0.2121212121212121,0.13438375350140055,0.03612390622918959,0.037828912245835684,3,0,5,1,0.04,0.06,42,12,prob_noisy,16,28
1,Grudger,2.634992784992785,0.480203414456956,7.0,0.9492063492063492,0.40194560758972064,0.08377109619693347,0.25456455445691784,0.259718741756428,0.8182823816677034,0.06054150535663141,0.19561290358066505,0.05318864450631577,3,0,5,1,0.04,0.06,42,12,prob_noisy,16,28
2,Evolved HMM 5,2.5576455026455025,0.5912619606427153,5.0,0.9523809523809523,0.46018295326042047,0.14029554402752548,0.21702942213678506,0.18249208057526897,0.8999622284331327,0.3450815534523466,0.2101683307644954,0.14732094446813473,3,0,5,1,0.04,0.06,42,12,prob_noisy,16,28
3,Evolved FSM 16,2.5439898989898992,0.6155215379138483,5.0,0.9571428571428572,0.4602897580434973,0.16565565912493616,0.20405521418774702,0.16999936864381954,0.6774778437771858,0.3248217626907414,0.561398925305329,0.3427044067735229,3,0,5,1,0.04,0.06,42,12,prob_noisy,16,28
4,Suspicious Tit For Tat,2.5352861952861954,0.4868543725526757,8.0,0.049206349206349205,0.27734295961818667,0.20563810825646475,0.26974652494220025,0.2472724071831485,0.9635893168732436,0.03952668973370022,0.9487110588346612,0.04655911962383618,3,0,5,1,0.04,0.06,42,12,prob_noisy,16,28
5,Tit For Tat,2.3930555555555557,0.6528894707312511,2.0,0.946031746031746,0.45325475464115494,0.20604256964847875,0.1754934842634639,0.16520919144690238,0.9598146608661456,0.049232310091643534,0.9689805395683728,0.0783611729748824,3,0,5,1,0.04,0.06,42,12,prob_noisy,16,28
6,Meta Mixer: 15 players,2.383023088023088,0.5289603508130825,6.0,0.7063492063492064,0.30528346924181965,0.22308681108026118,0.23353621868972155,0.2380935009881976,0.568040869043826,0.40154007819945287,0.5622410281235859,0.4263264033546004,3,0,5,1,0.04,0.06,42,12,prob_noisy,16,28
7,Cycler DC,2.318994708994709,0.4822148239004731,6.0,0.031746031746031744,0.2007624052765167,0.28147156492949743,0.2777472432476297,0.2400187865463562,0.13706747821858348,0.10221240233482781,0.9093693281386105,0.87720567098909,3,0,5,1,0.04,0.06,42,12,prob_noisy,16,28
8,"DoubleCrosser: (D, D)",2.3162121212121214,0.7801521187975371,1.0,0.9603174603174603,0.5651293561231464,0.21495675507329817,0.11731528677969913,0.10259860202385634,0.9354463626378359,0.814924500051456,0.5379292541975371,0.2729704255718043,3,0,5,1,0.04,0.06,42,12,prob_noisy,16,28
9,GTFT: 0.33,2.2957683982683985,0.759506858829658,1.0,0.9507936507936507,0.51996243172362,0.24251559330087252,0.1217999330650721,0.11572204191043539,0.9655878840621935,0.3707155595674965,0.9432484236601405,0.35421417143435846,3,0,5,1,0.04,0.06,42,12,prob_noisy,16,28
10,Random: 0.5,2.2927910052910057,0.49902878333039025,6.0,0.4888888888888889,0.2502767549267128,0.2491522432774012,0.25321196230337206,0.24735903949251392,0.48521143270902556,0.503479419258663,0.5177851957652368,0.4798337379944112,3,0,5,1,0.04,0.06,42,12,prob_noisy,16,28
11,Win-Stay Lose-Shift,2.2906878306878307,0.6723851687880464,2.0,0.9698412698412698,0.45730638030108095,0.21097532383557205,0.14924889403752697,0.18246940182582005,0.9617046805574855,0.0492644640367614,0.04736687501856478,0.9736935277718355,3,0,5,1,0.04,0.06,42,12,prob_noisy,16,28
12,Bully,2.2835449735449735,0.47815095702419647,7.0,0.03492063492063492,0.17566822789178047,0.298751055271677,0.28292945562930094,0.24265126120724162,0.06243945783493025,0.9660098338132244,0.04212323491466535,0.9588319806649676,3,0,5,1,0.04,0.06,42,12,prob_noisy,16,28
13,Alternator,2.2757671957671954,0.5236331569664903,5.0,0.9634920634920635,0.24908531933119057,0.2746509903722606,0.2521018239497651,0.22416186634678367,0.039951496625999554,0.045778867225721144,0.9629566263579651,0.9631641917465248,3,0,5,1,0.04,0.06,42,12,prob_noisy,16,28
14,Anti Tit For Tat,2.0853114478114474,0.5857093184979137,5.0,0.9698412698412698,0.23636672503218023,0.34957926255440347,0.21554375849183866,0.19851025392157767,0.04137100420845278,0.9635648988300796,0.045721590717542164,0.9585465709515278,3,0,5,1,0.04,0.06,42,12,prob_noisy,16,28
15,Cooperator,1.9704761904761905,0.9635115606936416,0.0,0.9650793650793651,0.6120538055394199,0.35160420168668716,0.022336901044615023,0.014005091729278002,0.9628801331249578,0.9667440817277339,0.9839572192513368,0.9826923076923078,3,0,5,1,0.04,0.06,42,12,prob_noisy,16,28
0,Defector,2.544191919191919,0.030592294422081657,7.0,0.028125,0.009525211953555672,0.020842137022201133,0.34312253889879774,0.6265101121254455,0.15656565656565657,0.0949414296611093,0.03164464007451337,0.027925947863432478,3,0,5,1,0.03,0.07,80,33,prob_noisy,9,29
1,Cycler DC,2.4726022417917832,0.48038392321535694,3.5,0.028125,0.1949757513752434,0.2848143566294817,0.25695607510574753,0.26325381688952737,0.0650555251760988,0.05933293582955517,0.9446397915599491,0.9418599781154696,3,0,5,1,0.03,0.07,80,33,prob_noisy,9,29
2,Meta Winner: 7 players,2.3554544979873926,0.1876523151909017,5.0,0.96875,0.10212854012764369,0.08678779909193277,0.32126505145381773,0.48981860932660576,0.630271793051501,0.2765387571313734,0.141013849730856,0.026260730076709357,3,0,5,1,0.03,0.07,80,33,prob_noisy,9,29
3,Win-Stay Lose-Shift,2.2711169593379914,0.5379061371841155,2.0,0.9625,0.27447839349161507,0.26364004722015444,0.23602415333749202,0.2258574059507385,0.9819588427097545,0.03162938862754671,0.032476620095675986,0.973913270046769,3,0,5,1,0.03,0.07,80,33,prob_noisy,9,29
4,Win-Shift Lose-Stay: D,2.2207630458309806,0.5203878957822176,3.0,0.0296875,0.17655148961647604,0.34853223161261676,0.2217926870223233,0.25312359174858395,0.02884028618380986,0.970355365914082,0.9625070520271668,0.031399645703901496,3,0,5,1,0.03,0.07,80,33,prob_noisy,9,29
5,Alternator,2.2152498833894345,0.5204336947456214,2.0,0.975,0.22550868139035157,0.2949493250543733,0.2334141455001271,0.24612784805514804,0.030347774871632465,0.03307853483836425,0.958612547004983,0.9799325018453432,3,0,5,1,0.03,0.07,80,33,prob_noisy,9,29
6,Meta Mixer: 7 players,2.1957840192215192,0.4674832680894052,3.0,0.553125,0.23593373995031144,0.23308184248192454,0.21227329824739416,0.31871111932036983,0.5751229710961293,0.4322297519383437,0.5281789764018792,0.3985464995035842,3,0,5,1,0.03,0.07,80,33,prob_noisy,9,29
7,"DoubleCrosser: (D, D)",1.9824688852813854,0.5379026398643739,1.0,0.96875,0.33072758510884437,0.20736481366384765,0.16481518846791945,0.2970924127593885,0.9503571061789934,0.759802685164899,0.21829421896426882,0.05525099010083751,3,0,5,1,0.03,0.07,80,33,prob_noisy,9,29
8,Tit For 2 Tats,1.793632305194805,0.7315891472868217,0.0,0.9546875,0.44701169533606405,0.294540787088504,0.044890201831417294,0.21355731574401446,0.9553856543950328,0.7367964709214346,0.9905852192362093,0.28173032199622877,3,0,5,1,0.03,0.07,80,33,prob_noisy,9,29
0,Defector,2.6784836252662783,0.02790932381026318,11.0,0.028769841269841268,0.011440207497738684,0.016399871586439064,0.3858204436852483,0.5863394772305739,0.03675176056338028,0.0595835051192194,0.027634964844355805,0.025954481415194155,3,0,5,1,0.03,0.04,84,156,prob_noisy,13,30
1,Grudger,2.541689554362259,0.2151889178273506,7.0,0.9742063492063492,0.17310480129741193,0.045889335848585816,0.32013870661928495,0.4608671562347173,0.6719842842274364,0.03862961379732146,0.06628071842949748,0.02947308086712024,3,0,5,1,0.03,0.04,84,156,prob_noisy,13,30
2,Evolved FSM 16,2.4506515387369743,0.47354682873616954,5.0,0.9662698412698413,0.2725188142090679,0.20080998577105627,0.291261297403716,0.23540990261615988,0.5944017881206215,0.4292086412330878,0.3896189767862493,0.3461986788402213,3,0,5,1,0.03,0.04,84,156,prob_noisy,13,30
3,Meta Winner: 11 players,2.398565381883034,0.14030494378561528,8.0,0.9702380952380952,0.07318552122226173,0.06797016847425447,0.33904594724298365,0.5197983630605001,0.4825316400145847,0.31974885262455893,0.10255223578508706,0.06550495364486363,3,0,5,1,0.03,0.04,84,156,prob_noisy,13,30
4,Suspicious Tit For Tat,2.343015563324964,0.4754474341647213,6.0,0.026785714285714284,0.2716585843680656,0.19427391994498044,0.21076049536743027,0.32330700031952375,0.9767551220905669,0.028934579873066735,0.9705882794822803,0.026075440535573854,3,0,5,1,0.03,0.04,84,156,prob_noisy,13,30
5,Soft Joss: 0.9,2.1744268653245804,0.583313903784876,1.0,0.9732142857142857,0.3563750936548187,0.22132197849354798,0.1617689108358794,0.26053401701575374,0.9732457695129911,0.11765658245932119,0.9681776568337673,0.12989454710754852,3,0,5,1,0.03,0.04,84,156,prob_noisy,13,30
6,Cycler DC,2.1671678248274544,0.49157733537519144,5.0,0.026785714285714284,0.19378795794164697,0.2976235234802587,0.22414481216429152,0.28444370641380273,0.11549714217397482,0.10289749607505756,0.9180614342530475,0.8890659633523406,3,0,5,1,0.03,0.04,84,156,prob_noisy,13,30
7,Meta Mixer: 11 players,2.139304893480191,0.4410559305689489,5.0,0.558531746031746,0.19785991279229784,0.24329960028906164,0.22074520470409778,0.3380952822145427,0.5143642175951845,0.3930964263033862,0.5008998263502442,0.3976083651433447,3,0,5,1,0.03,0.04,84,156,prob_noisy,13,30
8,GTFT: 0.33,2.0535192670670517,0.6847252406085067,0.5,0.9672619047619048,0.4147710149276104,0.27398843814713764,0.11529922149583077,0.19594132542942108,0.9665790040176633,0.35134106507757634,0.9761831077382969,0.3623176126652332,3,0,5,1,0.03,0.04,84,156,prob_noisy,13,30
9,Random: 0.5,2.025564468600598,0.4969202463802896,5.0,0.4861111111111111,0.20375556722349786,0.29329101166150573,0.20596630481386816,0.29698711630112834,0.49831902201734507,0.5045962615972169,0.5098882390649891,0.4895657157668219,3,0,5,1,0.03,0.04,84,156,prob_noisy,13,30
10,Bully,2.0210518000590962,0.5916723991421519,5.0,0.02976190476190476,0.1825320120411532,0.3996621677076971,0.20474571131401956,0.2130601089371301,0.03065645632935288,0.9715385201219376,0.030074346587815534,0.9664746764671905,3,0,5,1,0.03,0.04,84,156,prob_noisy,13,30
11,Tit For 2 Tats,2.0178660786759766,0.7088218335575629,0.0,0.9761904761904762,0.47448059636533624,0.23432068487521782,0.0725422336294805,0.2186564851299654,0.9633622449035667,0.6894691607577293,0.9664526491444926,0.3350494929127785,3,0,5,1,0.03,0.04,84,156,prob_noisy,13,30
12,Anti Tit For Tat,1.7395809869163026,0.6355068869472319,4.0,0.9751984126984127,0.20202417484731305,0.4320098028470604,0.16862119985067214,0.19734482245495447,0.03408083066334241,0.9682881018723313,0.026973490752452603,0.9689582675094154,3,0,5,1,0.03,0.04,84,156,prob_noisy,13,30
0,Cycler DC,2.909410665092483,0.47794275876909836,7.0,0.011363636363636364,0.196946165988615,0.2809340711478742,0.38769938088120576,0.1344203819823051,0.14654242663924547,0.06966670789839494,0.9831223593401393,0.9211395414947886,3,0,5,1,0.01,0.1,40,173,prob_noisy,12,31
1,Suspicious Tit For Tat,2.9091866189869817,0.5529094585486407,7.0,0.00909090909090909,0.2929661027310712,0.25673688287042,0.32148033694596223,0.12881667745254657,0.991703766218869,0.01999568763656052,0.9879788581541782,0.01904761904761905,3,0,5,1,0.01,0.1,40,173,prob_noisy,12,31
2,Alternator,2.703190137879133,0.5253475935828877,5.0,0.9863636363636363,0.24058877059129535,0.28544467834589693,0.3469913351491505,0.1269752159136572,0.016132865800240804,0.009225739086326807,0.993012244653951,0.9973587855000807,3,0,5,1,0.01,0.1,40,173,prob_noisy,12,31
3,Random: 0.5,2.6988944667241963,0.5041382667964946,5.0,0.48409090909090907,0.2898796501177866,0.2144908968923032,0.292944899572714,0.20268455341719618,0.5138375743648962,0.49403303717848474,0.49569316774503275,0.5105796135678102,3,0,5,1,0.01,0.1,40,173,prob_noisy,12,31
4,Meta Mixer: 10 players,2.5974124360488,0.6319947333772219,4.0,0.7522727272727273,0.4069205599087659,0.22333568834019443,0.2276988173608327,0.14204493439020696,0.7149926684604757,0.4540401442701837,0.6965929939434345,0.43869850968141677,3,0,5,1,0.01,0.1,40,173,prob_noisy,12,31
5,Anti Tit For Tat,2.551381488328259,0.5141031291317761,5.0,0.9886363636363636,0.2856234699542943,0.21020083642796403,0.27605168722249285,0.22812400639524893,0.007855741578083216,0.9948971790386227,0.04162254831245547,0.9880455911058863,3,0,5,1,0.01,0.1,40,173,prob_noisy,12,31
6,Tit For Tat,2.522535160214586,0.7182775996335319,1.0,0.9840909090909091,0.4830721526164588,0.23334942898239433,0.20575182828444685,0.07782659011670003,0.9900502053174697,0.018826106308437573,0.9701248608026571,0.10031360370235051,3,0,5,1,0.01,0.1,40,173,prob_noisy,12,31
7,Soft Joss: 0.9,2.502361603043421,0.7632606199770379,0.0,0.990909090909091,0.5339569975150507,0.22455097074912664,0.16844210666110443,0.07304992507471811,0.98874470723037,0.11782972966912506,0.9878650497411052,0.17838792791706848,3,0,5,1,0.01,0.1,40,173,prob_noisy,12,31
8,Meta Winner: 10 players,2.4934265329301213,0.5611382836816363,3.0,0.9863636363636363,0.3421822733780564,0.23240735538982743,0.29656932562654414,0.1288410456055721,0.7372978948780143,0.6125496557413456,0.28959359591693856,0.6556730262717868,3,0,5,1,0.01,0.1,40,173,prob_noisy,12,31
9,Win-Stay Lose-Shift,2.472233487515619,0.6793635486981678,1.0,0.9886363636363636,0.4849276704379648,0.19272551652898687,0.16575353973824455,0.15659327329480366,0.9907448372980934,0.018315672292315784,0.016986443741891684,0.9956099031153061,3,0,5,1,0.01,0.1,40,173,prob_noisy,12,31
10,"DoubleCrosser: (D, D)",2.4692662556298917,0.766572484242556,1.0,0.990909090909091,0.5897882276113356,0.16586194476028535,0.15522969791981425,0.08912012970856485,0.9726697997115799,0.8589373671756259,0.5320204938743599,0.031116931941674215,3,0,5,1,0.01,0.1,40,173,prob_noisy,12,31
11,Cooperator,2.1106032125768968,0.9896580835795694,0.0,0.990909090909091,0.6567378737094753,0.33290733374906867,0.00833264882182982,0.002022143719626179,0.9914077825216875,0.9823909987010968,0.9772727272727273,1.0,3,0,5,1,0.01,0.1,40,173,prob_noisy,12,31
0,Defector,2.532567812855797,0.07012828344532682,5.0,0.06284153005464481,0.024436536159832715,0.045459832555367286,0.33815400921613925,0.5919496220686608,0.07678594117273363,0.08756904640725025,0.07759882198386735,0.07211445354328615,3,0,5,1,0.07,0.04,61,63,prob_noisy,7,32
1,Grudger,2.48909498470902,0.3150550795593635,4.0,0.9234972677595629,0.25913611733898073,0.06685292318720205,0.23600029871319136,0.43801066076062595,0.746275255317539,0.060137916764646464,0.15843986429386459,0.08680566600299944,3,0,5,1,0.07,0.04,61,63,prob_noisy,7,32
2,Alternator,2.387062638675542,0.5100794135613927,3.0,0.9398907103825137,0.2197945290199721,0.29068438598353014,0.2704062733055227,0.2191148116909751,0.07096096363160205,0.0662549627987458,0.9311910690577497,0.9153397906698802,3,0,5,1,0.07,0.04,61,63,prob_noisy,7,32
3,Tit For Tat,2.3797258297258295,0.5895670439957988,2.0,0.9316939890710383,0.42729654815464974,0.15362825415425704,0.1511277531879385,0.2679474445031547,0.9269011387350835,0.08274849418958886,0.8977017347826122,0.10147595074065663,3,0,5,1,0.07,0.04,61,63,prob_noisy,7,32
4,"DoubleCrosser: (D, D)",2.3488142292490117,0.6158579057348502,2.0,0.9426229508196722,0.4741805409343453,0.12541408847627655,0.11938064595833413,0.28102472463104405,0.8957716354091226,0.6886092659890567,0.4581825097331256,0.15062315090728357,3,0,5,1,0.07,0.04,61,63,prob_noisy,7,32
5,Tit For 2 Tats,2.260003306878307,0.7504504504504504,1.0,0.9453551912568307,0.5541515331537458,0.18982546329019426,0.06526021913041534,0.19076278442564454,0.9198907064718652,0.7206374530994596,0.9265213949883472,0.3993380992917386,3,0,5,1,0.07,0.04,61,63,prob_noisy,7,32
6,Cooperator,2.068580389144905,0.934984126984127,0.0,0.9289617486338798,0.5865746157257562,0.3484611741028511,0.03999692223813715,0.02496728793325556,0.9269556011442263,0.9260505710024987,0.9174923151896835,0.9600279524807825,3,0,5,1,0.07,0.04,61,63,prob_noisy,7,32
0,Grudger,2.664430439410191,0.2835434488968933,13.0,0.9512195121951219,0.23214736400740393,0.05358575664451707,0.30181402865359225,0.41245285069448684,0.6941828088332838,0.06216390662370217,0.10381235647805759,0.05531029005939945,3,0,5,1,0.05,0.01,41,32,prob_noisy,17,33
1,Evolved HMM 5,2.6073350694444444,0.4755766621438263,9.0,0.9435975609756098,0.35442725614560255,0.12041871165612379,0.26399503235250743,0.26115899984576624,0.8502313837060878,0.3732150054072394,0.19216725548987168,0.19240097640112763,3,0,5,1,0.05,0.01,41,32,prob_noisy,17,33
2,"DoubleCrosser: (D, D)",2.5847785027472527,0.5973411947936367,6.0,0.9314024390243902,0.48296735921299133,0.11891535060856027,0.19286658088345712,0.20525070929499134,0.861261561630725,0.7304428163291924,0.4240486778962985,0.2090297249798017,3,0,5,1,0.05,0.01,41,32,prob_noisy,17,33
3,Evolved FSM 16,2.5583082250597373,0.5106596159198441,9.0,0.9573170731707317,0.3255865457584466,0.1852267632404766,0.27233079316167014,0.21685589783940667,0.6238420518474367,0.4024059499347348,0.4358438193022609,0.371952819635051,3,0,5,1,0.05,0.01,41,32,prob_noisy,17,33
4,Defector,2.5088252314814814,0.05373436971949983,15.0,0.05945121951219512,0.020659785492523737,0.03310412212330957,0.37315653841366314,0.5730795539705035,0.07183564084966325,0.05376816172653223,0.05274605349964773,0.053246546439214296,3,0,5,1,0.05,0.01,41,32,prob_noisy,17,33
5,Tit For Tat,2.3928667368215404,0.6117030085564449,5.0,0.9405487804878049,0.4252496434405849,0.18712622558258604,0.1860458766410895,0.2015782543357395,0.9374925653431598,0.04687604019018969,0.9520899270739909,0.056123405020892275,3,0,5,1,0.05,0.01,41,32,prob_noisy,17,33
6,Soft Joss: 0.9,2.3829691274154587,0.6562414416388235,4.0,0.9603658536585366,0.4499526080583182,0.20045344254028855,0.16480955257722765,0.1847843968241655,0.9392817734829579,0.1439060728087579,0.9499768815376124,0.1516088902429914,3,0,5,1,0.05,0.01,41,32,prob_noisy,17,33
7,Suspicious Tit For Tat,2.3623660581940316,0.5263157894736842,8.0,0.039634146341463415,0.34271523532885123,0.18255146114700527,0.207387062558987,0.2673462409651565,0.9489935804455224,0.04153830480663616,0.9508618830434312,0.0425912953616931,3,0,5,1,0.05,0.01,41,32,prob_noisy,17,33
8,Win-Stay Lose-Shift,2.334274885583524,0.5604747446867238,6.0,0.9375,0.3304407120327913,0.23043465381252062,0.220974364149607,0.21815027000508114,0.9513032365013706,0.052955320148097305,0.05485912042258395,0.9576575974680992,3,0,5,1,0.05,0.01,41,32,prob_noisy,17,33
9,GTFT: 0.33,2.26171875,0.7339566983914955,2.0,0.9435975609756098,0.5004393792971717,0.23423081247921942,0.12657450097432338,0.1387553072492855,0.94796641047954,0.3479364555487767,0.9588881670491897,0.36669602251629224,3,0,5,1,0.05,0.01,41,32,prob_noisy,17,33
10,Tit For 2 Tats,2.253974076433673,0.7944481906046302,1.0,0.9496951219512195,0.5794348404717743,0.21411128526576556,0.07691212077071724,0.12954175349174285,0.9458446317986554,0.7297776264821623,0.9417882215761734,0.35284046677993086,3,0,5,1,0.05,0.01,41,32,prob_noisy,17,33
11,Meta Mixer: 16 players,2.240234375,0.49396195202646814,8.0,0.6509146341463414,0.2706976311720934,0.22406851413135923,0.22613222259885965,0.2791016320976877,0.6057741291314778,0.35621354528934657,0.5804953717088391,0.3716869103181467,3,0,5,1,0.05,0.01,41,32,prob_noisy,17,33
12,Cycler DC,2.185453869047619,0.49807278086384765,7.0,0.057926829268292686,0.19607398229707712,0.3017547681844329,0.2625792594971631,0.23959199002132697,0.15742465670072286,0.10073231694195259,0.903291420934193,0.867318962243548,3,0,5,1,0.05,0.01,41,32,prob_noisy,17,33
13,Random: 0.5,2.1509486607142856,0.4968769001160798,7.0,0.4771341463414634,0.23063285726511829,0.26624520644522015,0.23025053324877218,0.2728714030408895,0.4988974390711063,0.5036421999003672,0.47300646977963406,0.5119883316901924,3,0,5,1,0.05,0.01,41,32,prob_noisy,17,33
14,Win-Shift Lose-Stay: D,2.0448221939792663,0.5531267293857222,6.0,0.04878048780487805,0.20741917379799973,0.34479205850513905,0.23180988805238528,0.2159788796444759,0.05619284831389715,0.9562473872713115,0.9536878188881781,0.0495865231526036,3,0,5,1,0.05,0.01,41,32,prob_noisy,17,33
15,Cooperator,1.9896599264705883,0.949957971420566,1.0,0.9557926829268293,0.6011715728642013,0.348725478375081,0.03077655540733636,0.01932639335338132,0.9483906888770719,0.9500946586617918,0.9578994666048237,0.9348603066247123,3,0,5,1,0.05,0.01,41,32,prob_noisy,17,33
16,Bully,1.9854684265010352,0.55250809965367,7.0,0.05945121951219512,0.18324904350928387,0.3645190153661561,0.2418487161664027,0.21038322495815728,0.045185303478550244,0.9441700126817385,0.05165802882984774,0.9522092618958184,3,0,5,1,0.05,0.01,41,32,prob_noisy,17,33
0,Defector,2.898111423111423,0.07584269662921349,16.0,0.06419753086419754,0.034939404744866426,0.03998692939016689,0.4221287891924048,0.5029448766725619,0.13648474591208276,0.08558429241833937,0.07957927919402841,0.07418472999748674,3,0,5,1,0.08,0.08,45,197,prob_noisy,19,34
1,Grudger,2.5438030748279266,0.31181556195965415,11.0,0.9209876543209876,0.2313466270185529,0.08812549033037241,0.30774050821249366,0.372787374438581,0.6842155322351461,0.08986428931279422,0.15146460352981095,0.07422847040470318,3,0,5,1,0.08,0.08,45,197,prob_noisy,19,34
2,Cycler DC,2.508212341751329,0.4843624699278268,9.0,0.06666666666666667,0.21605074103346494,0.2681593469658827,0.2782099446850912,0.2375799673155613,0.19833267606566096,0.16160002877085117,0.8662060966888969,0.8311567788950759,3,0,5,1,0.08,0.08,45,197,prob_noisy,19,34
3,Suspicious Tit For Tat,2.4912788192199957,0.47553033122441385,9.0,0.07654320987654321,0.26848960037715935,0.21536193194167755,0.24741015941863656,0.2687383082625264,0.9265817533789418,0.08323799352738956,0.930762962090779,0.08591416279830326,3,0,5,1,0.08,0.08,45,197,prob_noisy,19,34
4,Meta Winner: 17 players,2.4854764819806445,0.26241771394374624,10.0,0.9074074074074074,0.15331066933491877,0.11269385594751007,0.3389348706014923,0.39506060411607885,0.46957975898393856,0.39644843585386286,0.1522776710565174,0.1512922395041331,3,0,5,1,0.08,0.08,45,197,prob_noisy,19,34
5,Evolved FSM 16,2.4705924801319536,0.5049313675648195,7.0,0.9209876543209876,0.3231970957297843,0.18779047885855749,0.2638740364143913,0.2251383889972668,0.6361272352421677,0.3552531551426727,0.43147731797816546,0.32848356608380735,3,0,5,1,0.08,0.08,45,197,prob_noisy,19,34
6,Win-Shift Lose-Stay: D,2.4696994305430837,0.5066003249390739,8.0,0.08765432098765433,0.2193425383625255,0.2863021385213209,0.26311842618384673,0.2312368969323069,0.08082450167243328,0.9219864594124295,0.9211741847225201,0.08748489449708087,3,0,5,1,0.08,0.08,45,197,prob_noisy,19,34
7,Bully,2.4209800177472593,0.49631052259173153,9.0,0.08518518518518518,0.19677544696053587,0.2950906918033213,0.26675033221410954,0.24138352902203325,0.08581640500554082,0.9063014884182158,0.08562106776269307,0.92276631031846,3,0,5,1,0.08,0.08,45,197,prob_noisy,19,34
8,Win-Stay Lose-Shift,2.3724657287157287,0.5461695310224294,5.0,0.9308641975308642,0.30221787404222317,0.24385111641052784,0.23518606537510525,0.2187449441721438,0.9115719067916372,0.08122066244259409,0.08226430354028691,0.9094000207890846,3,0,5,1,0.08,0.08,45,197,prob_noisy,19,34
9,Tit For Tat,2.3525052108385442,0.5764213395638629,3.0,0.9123456790123456,0.35592493271384407,0.22162147950827468,0.20317177151572832,0.2192818162621528,0.9104039894767243,0.08282436793648493,0.9217072208774025,0.10383852750782217,3,0,5,1,0.08,0.08,45,197,prob_noisy,19,34
10,Alternator,2.3489895561841734,0.5171259842519685,7.0,0.9345679012345679,0.24061970910034708,0.27666357924501206,0.26270704049195026,0.22000967116269074,0.09063661547014959,0.07098385375984362,0.9200461731197643,0.9136875468923703,3,0,5,1,0.08,0.08,45,197,prob_noisy,19,34
11,Random: 0.5,2.3471002204093994,0.505744829653312,8.0,0.5111111111111111,0.24626800574611943,0.25966645439467645,0.24253416389895902,0.25153137596024516,0.4987360297451485,0.4942087997243325,0.4958559208391895,0.5282698235938719,3,0,5,1,0.08,0.08,45,197,prob_noisy,19,34
12,Meta Mixer: 17 players,2.336532556235326,0.5126632370399683,7.0,0.6506172839506172,0.28048944420442923,0.23555113100533737,0.2316132071893813,0.25234621760085196,0.584317220729386,0.44021418794573297,0.5746407288034544,0.41460298245155236,3,0,5,1,0.08,0.08,45,197,prob_noisy,19,34
13,Soft Joss: 0.9,2.328982816779226,0.6236418134132634,3.0,0.9185185185185185,0.3824712073600736,0.23798033826663545,0.18785856587925853,0.19168988849403246,0.9107418818547129,0.16761410169829827,0.9125004648163679,0.18888784943434622,3,0,5,1,0.08,0.08,45,197,prob_noisy,19,34
14,"DoubleCrosser: (D, D)",2.2615611587222,0.6347982781059165,4.0,0.9222222222222223,0.43046974095997026,0.20318231465688003,0.18322179786744625,0.18312614651570353,0.8569813858915095,0.7562234322435009,0.3778403423377592,0.1750523193253482,3,0,5,1,0.08,0.08,45,197,prob_noisy,19,34
15,GTFT: 0.33,2.2246949444317865,0.7062606773188624,2.0,0.9358024691358025,0.4309078343146397,0.27574658588564116,0.1468990093156938,0.1464465704840253,0.91715947613972,0.35919727517965017,0.9368028167703267,0.36730804760237573,3,0,5,1,0.08,0.08,45,197,prob_noisy,19,34
16,Anti Tit For Tat,2.128983179119791,0.5709861608438982,7.0,0.9222222222222223,0.23617975641579292,0.3280572494193804,0.22126121175589808,0.2145017824089285,0.08275760239935664,0.9227107584407288,0.07188032724659929,0.9226978184801207,3,0,5,1,0.08,0.08,45,197,prob_noisy,19,34
17,Tit For 2 Tats,2.1013019981183927,0.7681174730614833,1.0,0.9209876543209876,0.49666441915232706,0.2737543069981884,0.0945174792549464,0.13506379459453802,0.9084029866213843,0.7054645626591223,0.9396738161941128,0.45647907772868646,3,0,5,1,0.08,0.08,45,197,prob_noisy,19,34
18,Cooperator,1.9335745054166107,0.9211505581816353,1.0,0.9234567901234568,0.5289980090758147,0.39204716629466735,0.04449520637719702,0.034459618252320814,0.9200294715730413,0.9181137953411215,0.9361142297674806,0.9066001075340154,3,0,5,1,0.08,0.08,45,197,prob_noisy,19,34
0,Defector,2.6042276028864,0.06881860410071304,18.0,0.05857385398981324,0.028452177571048676,0.04037191982434817,0.38706587552191996,0.5441100270826832,0.0699049030200764,0.07175702412739272,0.06486505085030335,0.0680318160723073,3,0,5,1,0.07,0.01,62,85,prob_noisy,20,35
1,Grudger,2.582676829308073,0.1541383906003462,16.0,0.9320882852292021,0.10091131160757161,0.05260889257124315,0.358933811772081,0.48754598404910415,0.5754079922155685,0.06395979081252,0.08524031403012591,0.07266802548847259,3,0,5,1,0.07,0.01,62,85,prob_noisy,20,35
2,Evolved HMM 5,2.568552905290919,0.3574876425993303,12.0,0.9448217317487266,0.22627630080262795,0.13304502155729483,0.3151581840538011,0.32552049358627616,0.7537682455405196,0.34754656714155663,0.15181598096974472,0.2047434008836044,3,0,5,1,0.07,0.01,62,85,prob_noisy,20,35
3,"DoubleCrosser: (D, D)",2.486953659560167,0.3752515677409946,10.5,0.9363327674023769,0.2736530693625505,0.1008447081558563,0.2686600068901041,0.35684221559148915,0.753858008412601,0.5602074713418823,0.22121551641106618,0.09576210478483761,3,0,5,1,0.07,0.01,62,85,prob_noisy,20,35
4,Meta Winner: 18 players,2.4791518540166817,0.11613541635431347,16.0,0.9210526315789473,0.057119406136605926,0.05918662441649102,0.36256312254406986,0.5211308469028332,0.32803679144960873,0.23569240324064977,0.08940327230114421,0.08878072811825576,3,0,5,1,0.07,0.01,62,85,prob_noisy,20,35
5,Evolved FSM 16,2.473226605618086,0.3706658844235846,12.0,0.9388794567062818,0.18404147406659235,0.1871793872050325,0.32122023768720354,0.3075589010411717,0.5028521803083973,0.42305657001642666,0.2952262326729385,0.29919565795606573,3,0,5,1,0.07,0.01,62,85,prob_noisy,20,35
6,Tit For Tat,2.2668445278891856,0.5276165567098168,6.0,0.9202037351443124,0.3162890580966488,0.20988315895222795,0.2046229760757235,0.2692048068753998,0.929742785083579,0.06939065174619603,0.9333209559901378,0.0718870581204632,3,0,5,1,0.07,0.01,62,85,prob_noisy,20,35
7,Suspicious Tit For Tat,2.2657368490688086,0.4850188662361486,10.0,0.07045840407470289,0.27308005846301553,0.2085336585669886,0.2152191199264242,0.30316716304357183,0.9305385367228834,0.06533827799571275,0.9314898024157445,0.07262242729130886,3,0,5,1,0.07,0.01,62,85,prob_noisy,20,35
8,Soft Joss: 0.9,2.204237477079816,0.5661670235546039,4.0,0.9473684210526315,0.33584602932694896,0.2320304220180054,0.18666769777171668,0.24545585088332897,0.9249334844110656,0.15424198797189373,0.9265796935189355,0.1688281328408147,3,0,5,1,0.07,0.01,62,85,prob_noisy,20,35
9,Win-Stay Lose-Shift,2.1694191936330607,0.5183603505090657,7.0,0.933786078098472,0.2529368653127033,0.26427407388455515,0.2231544100638951,0.25963465073884645,0.9315750319595789,0.06841006071059658,0.06919022908676992,0.9275431043885733,3,0,5,1,0.07,0.01,62,85,prob_noisy,20,35
10,Meta Mixer: 18 players,2.146360197009754,0.4609619839215152,9.0,0.6740237691001698,0.21556682289829707,0.2454035856049544,0.22882589283824153,0.31020369865850694,0.5401489353516286,0.4086907689320881,0.5174065118842982,0.4011189530157567,3,0,5,1,0.07,0.01,62,85,prob_noisy,20,35
11,GTFT: 0.33,2.121916089179833,0.6663322514015934,2.0,0.9235993208828522,0.38664625490841087,0.2797513555343559,0.1450042668328825,0.18859812272435075,0.9336945628889937,0.35108883023239623,0.9328388989838705,0.3519887083631134,3,0,5,1,0.07,0.01,62,85,prob_noisy,20,35
12,Alternator,2.089015698668743,0.5043278333784149,7.0,0.9295415959252971,0.2025344114231772,0.30179803338336725,0.2325896893902857,0.2630778658031698,0.06686906946530305,0.07162204037699958,0.9315551985892861,0.9308657880173712,3,0,5,1,0.07,0.01,62,85,prob_noisy,20,35
13,Tit For 2 Tats,2.0757848187119903,0.719209082023908,1.0,0.931239388794567,0.4664560144913523,0.2522494307949658,0.09415368237721745,0.18714087233646437,0.9287448543530001,0.6694566282076215,0.9319371926396975,0.314588187806913,3,0,5,1,0.07,0.01,62,85,prob_noisy,20,35
14,Random: 0.5,2.0678723022839405,0.4969997352707592,8.0,0.5118845500848896,0.21871142505299385,0.27830721920332574,0.21447853308678977,0.2885028226568906,0.49843988575537956,0.4959036145345724,0.4996028796504434,0.49695598768054555,3,0,5,1,0.07,0.01,62,85,prob_noisy,20,35
15,Cycler DC,2.060341009981636,0.49555963195900304,8.0,0.06791171477079797,0.19792414224220664,0.29759126472483305,0.23274005552196358,0.27174453751099675,0.16025563624922476,0.14215076991272543,0.8679140400068527,0.8361137866431,3,0,5,1,0.07,0.01,62,85,prob_noisy,20,35
16,Win-Shift Lose-Stay: D,2.0460007690773128,0.5296744710525535,8.0,0.07130730050933787,0.20624019688895193,0.32312018545800014,0.22065678424644491,0.24998283340660307,0.07014992335165893,0.9314079720825317,0.9272843944645961,0.07310860685477301,3,0,5,1,0.07,0.01,62,85,prob_noisy,20,35
17,Bully,1.954297346630128,0.5685102519482484,8.0,0.07045840407470289,0.19672523666203406,0.3692111168702686,0.21347985085490276,0.2205837956127946,0.06257266884456014,0.9315003818113555,0.06386178731520123,0.9271009173405673,3,0,5,1,0.07,0.01,62,85,prob_noisy,20,35
18,Anti Tit For Tat,1.904802263104998,0.58346751741885,7.0,0.9269949066213922,0.20852992261408754,0.3747207635387609,0.20171611787578145,0.21503319597137016,0.07114740929059776,0.9292724658206972,0.07413384508561749,0.9246054268503684,3,0,5,1,0.07,0.01,62,85,prob_noisy,20,35
19,Cooperator,1.713048824389426,0.9288614895683136,1.0,0.9320882852292021,0.4759880518261311,0.4528155371193432,0.0360160440527693,0.03518036700175634,0.924904831308677,0.9254724050419952,0.9362598417719861,0.9437962577904906,3,0,5,1,0.07,0.01,62,85,prob_noisy,20,35
0,Defector,2.6515644924764588,0.020932179737650013,11.0,0.02564102564102564,0.008844944130455527,0.012606764783065973,0.3782343107371753,0.6003139803493033,0.25,0.16666666666666666,0.02662307720549948,0.023341729264337887,3,0,5,1,0.02,0.04,13,100,prob_noisy,13,36
1,Suspicious Tit For Tat,2.584665177023606,0.5076195480819758,8.0,0.01282051282051282,0.32049875328005234,0.20968739672863226,0.23792527675710015,0.2318885732342153,0.9862150631940392,0.03297533115683142,0.9858427703690471,0.04702739383259063,3,0,5,1,0.02,0.04,13,100,prob_noisy,13,36
2,Evolved FSM 16,2.4901565332815334,0.5134264232008593,5.0,0.9743589743589743,0.33322827180113856,0.18319745661666023,0.26316961909818093,0.22040465248402033,0.6669281014466826,0.4862102350583829,0.4644564302981789,0.3548427252931016,3,0,5,1,0.02,0.04,13,100,prob_noisy,13,36
3,Meta Winner: 12 players,2.4434872397289236,0.12708638360175695,9.0,0.9807692307692307,0.07878274339988002,0.05047250991085341,0.3330427791877526,0.5377019675015139,0.6128779642781311,0.31357774170274166,0.08971376665803575,0.03323994340969323,3,0,5,1,0.02,0.04,13,100,prob_noisy,13,36
4,Cycler DC,2.406355170915673,0.48633879781420764,5.0,0.05128205128205128,0.1695598459617313,0.3165455592815526,0.2741538229600211,0.23974077179669506,0.09496865628790781,0.07979856513526143,0.9768130866833077,0.9131543300028344,3,0,5,1,0.02,0.04,13,100,prob_noisy,13,36
5,Random: 0.5,2.3644213572036397,0.5063430777716492,6.0,0.5576923076923077,0.23487720888265648,0.2697027959879073,0.22450989304372382,0.27091010208571237,0.4957751086180117,0.5000593743775904,0.5497349346264305,0.4843143330845751,3,0,5,1,0.02,0.04,13,100,prob_noisy,13,36
6,"DoubleCrosser: (D, D)",2.273454502889987,0.5712982669504408,3.0,0.967948717948718,0.4418314127582965,0.12392742755125698,0.1920305579965121,0.24221060169393446,0.9626411310117754,0.7668960090108068,0.3766492141405888,0.16438814784612166,3,0,5,1,0.02,0.04,13,100,prob_noisy,13,36
7,Soft Joss: 0.9,2.2678930871865655,0.6568064330844342,1.0,0.9871794871794872,0.434629216329302,0.214998330985629,0.16545362362486618,0.18491882906020282,0.9812662115717831,0.10138827333384139,0.9799537635546375,0.1493505867394545,3,0,5,1,0.02,0.04,13,100,prob_noisy,13,36
8,GTFT: 0.33,2.224745521931707,0.7502090883746864,1.0,0.9807692307692307,0.5093712921084591,0.2338869111247369,0.10597303194157535,0.15076876482522863,0.9814942200009992,0.3473223003434129,0.9854821600745515,0.29962890936106856,3,0,5,1,0.02,0.04,13,100,prob_noisy,13,36
9,Alternator,2.1893456868252783,0.5111688311688312,4.0,0.9935897435897436,0.1844350153563249,0.3271731608244558,0.25659891201083157,0.23179291180838768,0.029695967420450387,0.020190438154542523,0.9860986306090647,0.9750820305888223,3,0,5,1,0.02,0.04,13,100,prob_noisy,13,36
10,Tit For 2 Tats,2.1323601756666273,0.755638166047088,0.0,0.9871794871794872,0.563759012056572,0.21163801788008707,0.04946720716915234,0.1751357628941886,0.9850174327315923,0.7729062212363041,0.9463264008718554,0.3513084797569142,3,0,5,1,0.02,0.04,13,100,prob_noisy,13,36
11,Win-Stay Lose-Shift,2.099530891513054,0.6460225708780623,2.0,1.0,0.3913364444884838,0.25005381893671025,0.12502698930307563,0.23358274727173023,0.9855179345542903,0.032530564703333376,0.025517085157497826,0.9809591049480084,3,0,5,1,0.02,0.04,13,100,prob_noisy,13,36
12,Anti Tit For Tat,1.9604523007459467,0.608944357774311,5.0,0.9551282051282052,0.23042348551267292,0.3767671624908971,0.17507128927247773,0.21773806272395224,0.014444261885357397,0.9644010376077089,0.03040104066567347,0.9822531243578947,3,0,5,1,0.02,0.04,13,100,prob_noisy,13,36
0,Defector,2.6195044331819,0.010300429184549357,13.0,0.004464285714285714,0.0033206595105672453,0.006889238486547245,0.3422429630934722,0.6475471389094133,0.0,0.0,0.012142435680714313,0.01377619224747465,3,0,5,1,0.01,0.05,16,67,prob_noisy,15,37
1,Suspicious Tit For Tat,2.5796375650651253,0.5757847533632287,8.0,0.004464285714285714,0.3823590428045956,0.19038350930589193,0.21953135704331156,0.207726090846201,0.9950992724469998,0.02719292390465772,0.9910645407854684,0.026895696074231177,3,0,5,1,0.01,0.05,16,67,prob_noisy,15,37
2,Evolved HMM 5,2.471887501092679,0.5907628676470589,5.0,0.9955357142857143,0.479550781017286,0.10308725598145485,0.1830274636277452,0.23433449937351392,0.9743157110446637,0.41075626890897826,0.14487252933242936,0.1787623446478532,3,0,5,1,0.01,0.05,16,67,prob_noisy,15,37
3,Meta Winner: 13 players,2.4410193643758697,0.13906953476738368,10.0,0.9910714285714286,0.09158423929554482,0.05189854135988224,0.300579549742586,0.5559376696019869,0.6175486164088697,0.34359150904849833,0.11017853469914848,0.018625562322795854,3,0,5,1,0.01,0.05,16,67,prob_noisy,15,37
4,"DoubleCrosser: (D, D)",2.434358292882929,0.7024663677130045,2.0,0.9910714285714286,0.5566706502170714,0.11175953144989623,0.13865292446001234,0.19291689387302005,0.9899692569469439,0.8521075798762483,0.6648914898870614,0.0544589885161919,3,0,5,1,0.01,0.05,16,67,prob_noisy,15,37
5,Tit For Tat,2.4186474685015265,0.6569160997732426,1.0,1.0,0.49573622841285586,0.16407815114341395,0.14850626009124085,0.19167936035248928,0.994077179516959,0.01865210071731811,0.9815768027507127,0.09350183516850183,3,0,5,1,0.01,0.05,16,67,prob_noisy,15,37
6,Cycler DC,2.4066169888233095,0.4884989328906806,7.0,0.008928571428571428,0.14376368905480244,0.34446477129156367,0.2948532365158929,0.21691830313774102,0.13248272702840092,0.0864601833100042,0.9737366776290496,0.9568967472704701,3,0,5,1,0.01,0.05,16,67,prob_noisy,15,37
7,Evolved FSM 16,2.4006676458462177,0.5868532866783304,3.5,0.9910714285714286,0.4610002058423625,0.16161594622414874,0.19431236590573991,0.18307148202774864,0.7421515030066195,0.5128646768327116,0.6618456281224459,0.3713050291633403,3,0,5,1,0.01,0.05,16,67,prob_noisy,15,37
8,Meta Mixer: 13 players,2.396617131267707,0.4521702486304256,7.0,0.7098214285714286,0.24229814089004711,0.21341733951941252,0.22993539154813858,0.3143491280424017,0.6186228127357464,0.32629102157180717,0.5962644949966609,0.2854886727643506,3,0,5,1,0.01,0.05,16,67,prob_noisy,15,37
9,Soft Joss: 0.9,2.3618051396359103,0.6788008565310493,1.0,0.9866071428571429,0.507254937664105,0.1810188567427076,0.1351901575387671,0.17653604805442027,0.9918090662322143,0.16029516257616325,0.9844622650615623,0.21235355974672204,3,0,5,1,0.01,0.05,16,67,prob_noisy,15,37
10,Alternator,2.2508223933271614,0.5158508749682983,4.5,0.9955357142857143,0.17327904922787787,0.34350503439575475,0.273002825523644,0.21021309085272338,0.0895946758314051,0.015229489486550762,0.9935812117253515,0.9952928516654006,3,0,5,1,0.01,0.05,16,67,prob_noisy,15,37
11,Tit For 2 Tats,2.2407325941722993,0.7904472020604074,0.0,0.9910714285714286,0.628745929865945,0.18193402595359454,0.036562746089979996,0.15275729809048044,0.9883530735704135,0.8212472236980471,1.0,0.19123444689955446,3,0,5,1,0.01,0.05,16,67,prob_noisy,15,37
12,Random: 0.5,2.2398041192604365,0.4941569282136895,7.0,0.5133928571428571,0.211373348137554,0.2846187681690363,0.21585861598546915,0.28814926770794047,0.46771499790720267,0.5217929639054707,0.49421591658935704,0.4907380994210232,3,0,5,1,0.01,0.05,16,67,prob_noisy,15,37
13,GTFT: 0.33,2.2396360290358404,0.7783635113454045,0.5,0.9821428571428571,0.5577032933869172,0.2227777181708864,0.08999767815453073,0.1295213102876657,0.988883403498546,0.3446595400216182,0.9799425799425799,0.49121442519980946,3,0,5,1,0.01,0.05,16,67,prob_noisy,15,37
14,Anti Tit For Tat,1.9471711094047928,0.623868916605527,4.0,0.9910714285714286,0.21894562047938895,0.41030497116776266,0.16950012404142326,0.20124928431142516,0.18079492408200667,0.9890353687136166,0.01202021316271911,0.9866852433867951,3,0,5,1,0.01,0.05,16,67,prob_noisy,15,37
0,Suspicious Tit For Tat,2.699404761904762,0.4894217207334274,2.0,0.006578947368421052,0.14181033043434366,0.3424786244695702,0.3900293472844263,0.1256816978116599,0.9974226804123711,0.01406093906093906,0.9888350317523632,0.015639481000926783,3,0,5,1,0.01,0.1,38,167,prob_noisy,5,38
1,Alternator,2.412615740740741,0.5282485875706214,1.0,0.993421052631579,0.23168400619069635,0.2972278299967957,0.29503468737311006,0.17605347643939792,0.020430211919573626,0.015358205937916083,0.9818877551020408,1.0,3,0,5,1,0.01,0.1,38,167,prob_noisy,5,38
2,Meta Mixer: 4 players,2.2704951298701297,0.5094066570188133,1.0,0.7105263157894737,0.2532045098735892,0.2539468102135345,0.25499647470951053,0.23785220520336575,0.5389651392613453,0.391687216553288,0.6117064986135017,0.38603157353157347,3,0,5,1,0.01,0.1,38,167,prob_noisy,5,38
3,Anti Tit For Tat,2.2626124971519705,0.5229057591623036,1.0,0.993421052631579,0.3404778215812197,0.18246659359455067,0.18695724294787044,0.2900983418763591,0.011648145668764227,0.992471667566109,0.009708737864077669,0.994783386327504,3,0,5,1,0.01,0.1,38,167,prob_noisy,5,38
4,Tit For Tat,2.201425438596491,0.5700934579439252,0.0,1.0,0.2148377851441246,0.3570010907835074,0.30610319674304126,0.12205792732932681,0.9903083302475264,0.015526478100419676,0.9914335664335664,0.012152777777777776,3,0,5,1,0.01,0.1,38,167,prob_noisy,5,38
0,Grudger,2.610408442267508,0.1070589617101245,4.0,0.9371428571428572,0.05952620699399454,0.04898342905668448,0.3859546435890789,0.5055357203602421,0.4150501686501202,0.06587298018482224,0.06578289318076334,0.054012231475887185,3,0,5,1,0.06,0.02,70,172,prob_noisy,6,39
1,Meta Mixer: 5 players,2.070714862454772,0.4092606865476967,3.0,0.4342857142857143,0.17050587077306228,0.23909682755811565,0.23162715954311325,0.3587701421257089,0.512632149495382,0.3514931822130616,0.5311144316469332,0.32404570744221906,3,0,5,1,0.06,0.02,70,172,prob_noisy,6,39
2,Soft Joss: 0.9,2.0468951682384944,0.5107131435881036,0.0,0.9514285714285714,0.24528583967603593,0.2697246716280309,0.20537923037141734,0.2796102583245159,0.9459813368081813,0.14240591883165193,0.938646783195168,0.1561901587343598,3,0,5,1,0.06,0.02,70,172,prob_noisy,6,39
3,Suspicious Tit For Tat,2.0289983144006785,0.3942670354538597,2.0,0.06,0.19333358125728628,0.21028612806551336,0.211849836550821,0.3845304541263793,0.922054912301822,0.05087386054574196,0.9338050097175936,0.05714218082202447,3,0,5,1,0.06,0.02,70,172,prob_noisy,6,39
4,Win-Shift Lose-Stay: D,1.9408739086999958,0.48092660203953164,2.0,0.045714285714285714,0.1929000888139135,0.2868912693053321,0.20372770221353403,0.31648093966722046,0.05387041541614705,0.9380723844179398,0.9404408734844708,0.05967805938778925,3,0,5,1,0.06,0.02,70,172,prob_noisy,6,39
5,Bully,1.8406849430146646,0.5931852192931968,1.0,0.05142857142857143,0.20818909350452813,0.3716025581147958,0.18804631146050776,0.2321620369201683,0.05532017949810465,0.9389209123578872,0.06109979427142063,0.9361967862729401,3,0,5,1,0.06,0.02,70,172,prob_noisy,6,39
0,Alternator,2.702447716487125,0.5261737722611981,3.0,0.9345238095238095,0.2696581804816884,0.2576149438159305,0.3151963494468032,0.1575305262555779,0.06939120100110445,0.07734560700041117,0.9386965906764042,0.9194145712136716,3,0,5,1,0.06,0.1,24,200,prob_noisy,8,40
1,Grudger,2.622689909297052,0.3846994535519126,4.0,0.9523809523809523,0.3363114356574349,0.07364791284406916,0.25788370397425436,0.33215694752424163,0.8053512816177243,0.06042313664596273,0.1380134614155109,0.07368793307427608,3,0,5,1,0.06,0.1,24,200,prob_noisy,8,40
2,Suspicious Tit For Tat,2.6055306905370843,0.5379501385041551,4.0,0.08333333333333333,0.3056454676219125,0.20265626749433038,0.25723590194324564,0.23446236294051154,0.9337853854563305,0.09408424908424909,0.9368176935846108,0.0563548130087261,3,0,5,1,0.06,0.1,24,200,prob_noisy,8,40
3,Win-Stay Lose-Shift,2.5988477209065444,0.6480156148340924,1.0,0.9226190476190477,0.4656005813313823,0.17895207829146723,0.19637709524167,0.15907024513548046,0.9517496568438413,0.06681096681096681,0.053511586452762924,0.9246556172410211,3,0,5,1,0.06,0.1,24,200,prob_noisy,8,40
4,Meta Winner: 6 players,2.589115646258503,0.5069215557020436,2.0,0.9166666666666666,0.33381117584787345,0.16901191236006471,0.2716119735193256,0.22556493827273627,0.6734428102294451,0.18162240358358436,0.5963738583526393,0.24192705297675093,3,0,5,1,0.06,0.1,24,200,prob_noisy,8,40
5,Cooperator,2.473659003074914,0.9301470588235294,0.0,0.9166666666666666,0.6263212107853944,0.3021877895967373,0.04827767248721456,0.023213327130653657,0.9308652728650367,0.9418241958379067,0.9234126984126984,0.9180555555555555,3,0,5,1,0.06,0.1,24,200,prob_noisy,8,40
6,Tit For 2 Tats,2.470543345543345,0.8586244541484717,1.0,0.9047619047619048,0.6470328912837623,0.20844918019230835,0.06023625299660917,0.0842816755273201,0.9500530850158436,0.7562353720165529,0.9303147939017504,0.5398203300458939,3,0,5,1,0.06,0.1,24,200,prob_noisy,8,40
7,Meta Mixer: 6 players,2.466630591630592,0.6168903803131991,2.0,0.7857142857142857,0.4068378947721408,0.2161576487721331,0.20185878375791838,0.17514567269780776,0.7274412947886724,0.4157343086077872,0.7211222422216641,0.4757217676273186,3,0,5,1,0.06,0.1,24,200,prob_noisy,8,40
0,Grudger,3.1399603174603175,0.6923315259488768,1.0,0.9888888888888889,0.6720669477755955,0.023169317330274636,0.21553944685934465,0.08922428803478537,0.9718325497189152,0.0,0.1245137244944587,0.011650813008956,3,0,5,1,0.01,0.07,90,63,prob_noisy,6,41
1,Anti Tit For Tat,2.913980463980464,0.47365356622998545,3.0,0.9955555555555555,0.16681138587851416,0.3257105585914342,0.37646438125417675,0.13101367427587482,0.015932088274076422,0.99134649949544,0.013373298542655513,0.9872413764074711,3,0,5,1,0.01,0.07,90,63,prob_noisy,6,41
2,"DoubleCrosser: (D, D)",2.8983333333333334,0.7943089430894309,1.0,0.9822222222222222,0.7383871299241376,0.06830892683557996,0.15058215587741863,0.042721787362863584,0.9702333621676124,0.7959820174550897,0.6186083213773313,0.021982308567674424,3,0,5,1,0.01,0.07,90,63,prob_noisy,6,41
3,GTFT: 0.33,2.7015000000000002,0.856061776061776,0.0,0.9844444444444445,0.7477556172065856,0.11446924353119114,0.045821221309999896,0.09195391795222332,0.9888751740687193,0.3093444638470456,0.987047619047619,0.2827130900730367,3,0,5,1,0.01,0.07,90,63,prob_noisy,6,41
4,Win-Stay Lose-Shift,2.6788888888888893,0.840032154340836,0.0,1.0,0.7327484026440749,0.10834267566275138,0.057280093697102484,0.1016288279960712,0.9899531587277419,0.03437288544639526,0.02015746333045729,0.9894928306062429,3,0,5,1,0.01,0.07,90,63,prob_noisy,6,41
5,Cooperator,2.4422500000000005,0.9906050955414013,0.0,0.9911111111111112,0.7775437768929038,0.2130141861466055,0.007327609099794382,0.002114427860696518,0.9923845089655385,0.9975592246949031,1.0,1.0,3,0,5,1,0.01,0.07,90,63,prob_noisy,6,41
0,Win-Shift Lose-Stay: D,2.8833333333333333,0.45,10.0,0.04779874213836478,0.2436453412966972,0.20655113496754007,0.3847731030107863,0.16503042072497645,0.04775742044385351,0.9567846305472391,0.9748533393151697,0.08818717125168737,3,0,5,1,0.04,0.05,53,4,prob_noisy,16,42
1,Suspicious Tit For Tat,2.8333333333333335,0.4686546933242968,9.0,0.042767295597484274,0.28491113783140454,0.18412571695002922,0.34877396166064073,0.1821891835579255,0.9631927667910497,0.05548991238646411,0.9597506241876007,0.06962235557414133,3,0,5,1,0.04,0.05,53,4,prob_noisy,16,42
2,Random: 0.5,2.7944444444444443,0.4830047586675731,8.0,0.46163522012578617,0.29705100213139224,0.18586887745383737,0.3267502969179762,0.1903298234967942,0.47128178378805324,0.564911386127066,0.5036608796460641,0.4942415810295285,3,0,5,1,0.04,0.05,53,4,prob_noisy,16,42
3,Bully,2.7666666666666666,0.3490276356192426,7.0,0.04150943396226415,0.16165144473077575,0.18725739525673887,0.38836751056568763,0.2627236494467978,0.048417421644505014,0.9551995772926006,0.041026173099278675,0.968797794390935,3,0,5,1,0.04,0.05,53,4,prob_noisy,16,42
4,Grudger,2.75,0.6974789915966386,4.0,0.9622641509433962,0.5660395249550458,0.12996465614675173,0.19349935780380342,0.11049646109439899,0.8629533220793953,0.07469000135666802,0.41227984668050344,0.12550101303735026,3,0,5,1,0.04,0.05,53,4,prob_noisy,16,42
5,Cycler DC,2.7277777777777774,0.4869181107713218,6.0,0.04150943396226415,0.245848358524998,0.24104457373410249,0.35958501025061734,0.15352205749028222,0.2458830949743984,0.12277288175923906,0.9488784356377955,0.8807928538957356,3,0,5,1,0.04,0.05,53,4,prob_noisy,16,42
6,Evolved FSM 16,2.6444444444444444,0.8221465076660988,2.0,0.9647798742138365,0.6419727861880092,0.1798551214529798,0.13281132392816994,0.04536076843084115,0.958272688426368,0.2240788303761688,0.8999451962426259,0.18909560723514213,3,0,5,1,0.04,0.05,53,4,prob_noisy,16,42
7,Meta Mixer: 15 players,2.6166666666666667,0.6940451745379876,4.0,0.7094339622641509,0.4994691106849835,0.19480946764461143,0.20174939813215015,0.1039720235382549,0.792454561510951,0.4837259527556722,0.7705943742735164,0.4181714651681281,3,0,5,1,0.04,0.05,53,4,prob_noisy,16,42
8,Win-Stay Lose-Shift,2.6166666666666667,0.757035003431709,2.0,0.9509433962264151,0.5993048490346783,0.1567642990878481,0.1513546198468981,0.09257623203057554,0.9612252106040782,0.07912337662337664,0.06751716751716752,0.9862415952841485,3,0,5,1,0.04,0.05,53,4,prob_noisy,16,42
9,Tit For Tat,2.6,0.7873720136518771,1.0,0.9685534591194969,0.5984871349063451,0.19027578302837464,0.15330126306071967,0.05793581900456059,0.9628973297796789,0.09554576750814468,0.9427569974724848,0.04583333333333334,3,0,5,1,0.04,0.05,53,4,prob_noisy,16,42
10,Soft Joss: 0.9,2.566666666666667,0.8045190003423485,1.0,0.9622641509433962,0.6151291530206519,0.1887190313612731,0.14101887948336922,0.055132936134705775,0.9686761970809926,0.16157304024951083,0.9679259678230266,0.3132284382284382,3,0,5,1,0.04,0.05,53,4,prob_noisy,16,42
11,Evolved HMM 5,2.5277777777777777,0.8538593481989708,1.0,0.9559748427672956,0.6641432361550315,0.18924932694949195,0.10151368702245302,0.04509374987302368,0.9584090008853298,0.4655609098697585,0.7252398395255539,0.4022896963663514,3,0,5,1,0.04,0.05,53,4,prob_noisy,16,42
12,GTFT: 0.33,2.488888888888889,0.8480840963038319,1.0,0.9584905660377359,0.6479219760599844,0.19848485055332735,0.1061039613554699,0.04748921203121847,0.9581854967756331,0.4085719022733485,0.9704761904761905,0.31067645092035334,3,0,5,1,0.04,0.05,53,4,prob_noisy,16,42
13,Tit For 2 Tats,2.4,0.9101654846335697,0.0,0.959748427672956,0.7008602324833924,0.20887568996506917,0.059538541299530866,0.030725536252007697,0.952975600766241,0.838980764144656,0.9600769600769602,0.7721956406166932,3,0,5,1,0.04,0.05,53,4,prob_noisy,16,42
14,Cooperator,2.3333333333333335,0.9643099932019035,1.0,0.959748427672956,0.7349376160443376,0.22921903658368845,0.02745290103463667,0.008390446337337385,0.9668717807774694,0.9507679281948288,0.9871794871794872,0.9714285714285714,3,0,5,1,0.04,0.05,53,4,prob_noisy,16,42
15,"DoubleCrosser: (D, D)",2.316666666666667,0.9650184998318198,1.0,0.969811320754717,0.731896684953303,0.23304594614172058,0.027517091904475134,0.0075402770005013305,0.9626889804072054,0.9449658147115335,0.9807692307692307,0.9375,3,0,5,1,0.04,0.05,53,4,prob_noisy,16,42
0,Defector,2.669965777686366,0.0345679012345679,14.0,0.03869047619047619,0.010136413342783214,0.024642697900410706,0.36044453310166985,0.6047763556551363,0.1,0.18148148148148147,0.0375210865936153,0.03678451974831013,3,0,5,1,0.03,0.09,21,72,prob_noisy,17,43
1,Cycler DC,2.666328819207109,0.4757969303423849,8.0,0.026785714285714284,0.17846867378128717,0.2958887730615412,0.3112101938420776,0.21443235931509402,0.1304569815141503,0.07372566757065094,0.9476956563647523,0.8546676771723933,3,0,5,1,0.03,0.09,21,72,prob_noisy,17,43
2,Suspicious Tit For Tat,2.596108488431858,0.5154522256875531,9.0,0.02976190476190476,0.31278864944066265,0.18621164712360402,0.23924488941804098,0.26175481401769235,0.9782931983059482,0.057115917592108066,0.9631280031415239,0.06196832400108648,3,0,5,1,0.03,0.09,21,72,prob_noisy,17,43
3,Evolved FSM 16,2.5603174603174605,0.6673387096774194,4.0,0.9791666666666666,0.4898981303184381,0.16545618665297387,0.18758308373604202,0.15706259929254612,0.7003609774937145,0.4186516234980739,0.5676435749407605,0.3022943074059062,3,0,5,1,0.03,0.09,21,72,prob_noisy,17,43
4,Win-Shift Lose-Stay: D,2.548958333333333,0.5092511013215859,7.0,0.02976190476190476,0.20562054441350147,0.2954357662480168,0.26441573032861004,0.23452795900987178,0.050814015762234724,0.9754106212652914,0.9771974664861912,0.08983547319288943,3,0,5,1,0.03,0.09,21,72,prob_noisy,17,43
5,Grudger,2.5284114280874954,0.4541631623212784,6.0,0.9642857142857143,0.3849553019861308,0.06908539450433458,0.22285933949876674,0.32309996401076785,0.9015215882253108,0.10409858387799564,0.17030760823605331,0.04661041181111355,3,0,5,1,0.03,0.09,21,72,prob_noisy,17,43
6,Tit For Tat,2.473809176934177,0.6732542819499341,2.0,0.9553571428571429,0.48887518976036964,0.19161500488170502,0.17111978235205666,0.14839002300586868,0.9671198405869934,0.05038383151141776,0.9705043544974592,0.08906755668334101,3,0,5,1,0.03,0.09,21,72,prob_noisy,17,43
7,Meta Winner: 15 players,2.4276960784313726,0.24938406788940598,9.0,0.9702380952380952,0.1539711971359506,0.10086326543690825,0.3227421204459928,0.42242341698114844,0.5128450303750118,0.3957987748539019,0.09078251409210836,0.14089995857678533,3,0,5,1,0.03,0.09,21,72,prob_noisy,17,43
8,Evolved HMM 5,2.407831702566757,0.6367751060820368,3.0,0.9732142857142857,0.4935659128100474,0.13574961010655168,0.19317323677798517,0.17751124030541568,0.9203838030023854,0.41821286509118105,0.22018273166249352,0.21971351987649695,3,0,5,1,0.03,0.09,21,72,prob_noisy,17,43
9,Meta Mixer: 15 players,2.3989834817959816,0.5474325500435161,5.0,0.6755952380952381,0.3241700020067241,0.2217350220495555,0.21335409711793418,0.2407408788257862,0.6774490938194635,0.39093459447227574,0.6543618487203666,0.36714784663409095,3,0,5,1,0.03,0.09,21,72,prob_noisy,17,43
10,Alternator,2.39767324463677,0.5239383283743576,6.0,0.9672619047619048,0.21210642865005047,0.31244719928859177,0.2832386362964876,0.19220773576487013,0.04376989604788066,0.040638493454767735,0.976749728451892,0.9713502453689407,3,0,5,1,0.03,0.09,21,72,prob_noisy,17,43
11,Soft Joss: 0.9,2.392356957735247,0.6877980364656382,1.0,0.9821428571428571,0.5036210790034629,0.19401728864424966,0.13956916850705187,0.16279246384523574,0.9680826272677785,0.1612702849176689,0.9691148463061223,0.1360378051355495,3,0,5,1,0.03,0.09,21,72,prob_noisy,17,43
12,Bully,2.380001514008867,0.5345193839617631,8.0,0.023809523809523808,0.16804596081703482,0.3633728747751564,0.2476200188872882,0.2209611455205206,0.09151389122783357,0.9746260090443826,0.02987653164862584,0.9738055417290014,3,0,5,1,0.03,0.09,21,72,prob_noisy,17,43
13,GTFT: 0.33,2.375703842940685,0.7570020746887967,1.0,0.9583333333333334,0.5410365577373799,0.2289548549166228,0.11256212147338078,0.11744646587261659,0.9766257970352075,0.3209039883585358,0.9835697063281073,0.39861899251423244,3,0,5,1,0.03,0.09,21,72,prob_noisy,17,43
14,"DoubleCrosser: (D, D)",2.2492950871450312,0.7083961789844143,2.0,0.9761904761904762,0.5839575163794573,0.14283160413927398,0.12225488616485622,0.1509559933164125,0.9224876218095392,0.827439499362743,0.5990215922522614,0.1497787995864526,3,0,5,1,0.03,0.09,21,72,prob_noisy,17,43
15,Tit For 2 Tats,2.2395833333333335,0.8556291390728477,1.0,0.9494047619047619,0.6293228115757714,0.2143372335244631,0.04669072368848813,0.10964923121127741,0.9677824788571939,0.8060815894356061,0.9602564102564103,0.4855898806477333,3,0,5,1,0.03,0.09,21,72,prob_noisy,17,43
16,Cooperator,2.1329545454545453,0.9704890387858347,1.0,0.9732142857142857,0.6539250869195015,0.3165905285681017,0.021152390185332194,0.008331994327064721,0.9703860282022818,0.9631101831301232,0.9566666666666667,0.95,3,0,5,1,0.03,0.09,21,72,prob_noisy,17,43
0,Grudger,2.675461956344309,0.4564586357039187,5.0,0.9411764705882353,0.38361517780313537,0.06683856418066056,0.24079550765540722,0.30875075036079686,0.8899015477832456,0.09517103738992795,0.17116702074443124,0.04803574807218725,3,0,5,1,0.06,0.05,34,22,prob_noisy,10,44
1,Tit For Tat,2.636863136863137,0.6821223709369025,2.0,0.9248366013071896,0.517235606637501,0.1709343064293315,0.17306701518119227,0.1387630717519753,0.9340858076549383,0.0727993815615983,0.9477080997575581,0.08943114177489177,3,0,5,1,0.06,0.05,34,22,prob_noisy,10,44
2,Evolved FSM 16,2.630113636363636,0.6122211895910781,4.0,0.9411764705882353,0.4616825921139195,0.1622209586190554,0.19202279644016587,0.18407365282685917,0.7706235706122128,0.39007036211911883,0.5769142032395331,0.3883121200240039,3,0,5,1,0.06,0.05,34,22,prob_noisy,10,44
3,Evolved HMM 5,2.6007375340708676,0.5708342962791773,4.0,0.9379084967320261,0.4499594398190132,0.12265633028425649,0.19564064444344678,0.23174358545328355,0.9001767104182006,0.34726242165552107,0.28292272788154565,0.1998418815058166,3,0,5,1,0.06,0.05,34,22,prob_noisy,10,44
4,GTFT: 0.33,2.528787878787879,0.7710084033613446,1.0,0.934640522875817,0.554199957372979,0.21538770011954542,0.13566282118328196,0.09474952132419362,0.9426238346487406,0.33202121520692535,0.9319578886331714,0.4396358145372482,3,0,5,1,0.06,0.05,34,22,prob_noisy,10,44
5,"DoubleCrosser: (D, D)",2.4980963480963476,0.7502413127413128,1.0,0.9313725490196079,0.5919595968453288,0.1595737791100399,0.12036235611675908,0.12810426792787227,0.9300588959267923,0.7764693346283339,0.5370365708817554,0.23546968422445833,3,0,5,1,0.06,0.05,34,22,prob_noisy,10,44
6,Tit For 2 Tats,2.4774621212121213,0.8767657087189479,0.5,0.9379084967320261,0.6843044265083792,0.19143122971363852,0.06566306060727764,0.05860128317070471,0.9483592550830104,0.7844813882836879,0.9383418167459481,0.5309918041290591,3,0,5,1,0.06,0.05,34,22,prob_noisy,10,44
7,Meta Mixer: 9 players,2.4681083712946457,0.5937062937062937,4.0,0.9019607843137255,0.39837843940269635,0.19375773305428473,0.2005649744576212,0.20729885308539764,0.7397670324373229,0.3432620886826301,0.6533266983422067,0.3335487609384089,3,0,5,1,0.06,0.05,34,22,prob_noisy,10,44
8,Random: 0.5,2.4248977873977875,0.5,4.0,0.48366013071895425,0.23784683620340313,0.261284760639563,0.24548387781883507,0.2553845253381988,0.510438937594474,0.4727203219922129,0.4976512514053386,0.5022141837703518,3,0,5,1,0.06,0.05,34,22,prob_noisy,10,44
9,Alternator,2.353331930415264,0.5122960239025511,3.5,0.9117647058823529,0.20815069247645027,0.3042724943231729,0.2790948025695614,0.2084820106308155,0.057553945677141574,0.05511376116624965,0.9244146425725676,0.9071766372274208,3,0,5,1,0.06,0.05,34,22,prob_noisy,10,44
0,Evolved HMM 5,2.4492541464363797,0.5090614637155857,4.0,0.9897959183673469,0.38950533352137456,0.1226757174459665,0.1990817806474468,0.288737168385212,0.9452135401133641,0.44842383729672775,0.162877086564755,0.19020255123600782,3,0,5,1,0.01,0.02,98,63,prob_noisy,12,45
1,"DoubleCrosser: (D, D)",2.4144467983897053,0.5212554011746746,3.0,0.9860853432282004,0.4515450894362235,0.07585201534702406,0.1577639857972015,0.31483890941955095,0.9586652031182387,0.7779735571138082,0.36354776827625496,0.045109330068820744,3,0,5,1,0.01,0.02,98,63,prob_noisy,12,45
2,Grudger,2.387907574809489,0.27605619516153573,6.0,0.9879406307977736,0.25689537942784824,0.025860194428918574,0.21637066761451337,0.5008737585287198,0.7990723941139681,0.011936678376138942,0.0778058345586507,0.009504068768422042,3,0,5,1,0.01,0.02,98,63,prob_noisy,12,45
3,Evolved FSM 16,2.3272905845884244,0.5663969171483623,3.0,0.9897959183673469,0.3347632761890429,0.23262711532286542,0.21418633777035548,0.21842327071773615,0.6463974576895642,0.5007094199317885,0.5311660566163733,0.5083440811889894,3,0,5,1,0.01,0.02,98,63,prob_noisy,12,45
4,Tit For Tat,2.2113062272788166,0.5439598971455287,1.0,0.9907235621521335,0.3749330653217386,0.1727418865781336,0.15897404681601696,0.2933510012841108,0.9921470265661753,0.012890797133928551,0.9852206199728722,0.01071329538055648,3,0,5,1,0.01,0.02,98,63,prob_noisy,12,45
5,Meta Winner: 10 players,2.159734563418774,0.07740330930869962,8.0,0.9897959183673469,0.046569019063458936,0.031048536950324838,0.2604700815578557,0.6619123624283605,0.5788171027721153,0.35088393350253344,0.1023681766686624,0.01154252016534791,3,0,5,1,0.01,0.02,98,63,prob_noisy,12,45
6,Suspicious Tit For Tat,2.0886212750512954,0.4134852850380737,4.0,0.012059369202226345,0.2485532811847503,0.16614340729838276,0.17538318414306808,0.4099201273737988,0.9931304032394395,0.01341273274605822,0.990652977585324,0.011774016844989204,3,0,5,1,0.01,0.02,98,63,prob_noisy,12,45
7,Defector,2.0059225728715613,0.0101931330472103,9.0,0.0055658627087198514,0.0026172093000690418,0.00754155610539882,0.24529132815575644,0.7445499064387757,0.0,0.02774963869416643,0.011808615218956759,0.010225052366766383,3,0,5,1,0.01,0.02,98,63,prob_noisy,12,45
8,Meta Mixer: 10 players,1.872465944699829,0.3162099871959027,5.0,0.5398886827458256,0.11729321901727885,0.19892141746148287,0.18121594472782096,0.5025694187934173,0.5347897858141565,0.23649856900769323,0.5172268085745549,0.23162989757855493,3,0,5,1,0.01,0.02,98,63,prob_noisy,12,45
9,Random: 0.5,1.6596250423227628,0.5018985870379459,2.0,0.4935064935064935,0.1452979836212761,0.3567982065389659,0.14216067781267297,0.35574313202708496,0.5226511412770264,0.5057806440987718,0.5003042870275716,0.49670977140709643,3,0,5,1,0.01,0.02,98,63,prob_noisy,12,45
10,Cycler DC,1.6411766787063478,0.4908126491041064,2.0,0.012059369202226345,0.07742526046626007,0.4132727942021519,0.17805757055770885,0.3312443747738792,0.09119708707051463,0.01741893211198775,0.9877867144797925,0.9389891689735443,3,0,5,1,0.01,0.02,98,63,prob_noisy,12,45
11,Win-Shift Lose-Stay: D,1.4724844033405389,0.5643661159718218,2.0,0.008348794063079777,0.1101016023546849,0.4530665220910125,0.12759376417021054,0.3092381113840921,0.010569640359219134,0.9899695861439344,0.9929713937780105,0.010472891148167447,3,0,5,1,0.01,0.02,98,63,prob_noisy,12,45
0,Defector,2.338246225207718,0.03133534569498347,4.0,0.052941176470588235,0.010374265560502107,0.02107767002529735,0.33453159957507445,0.6340164648391262,0.07703081232492998,0.04287252658500471,0.03728034823763079,0.028244758759552326,3,0,5,1,0.03,0.02,34,81,prob_noisy,6,46
1,Meta Winner: 5 players,2.1155324856634863,0.09747237778114122,3.0,0.9705882352941176,0.044663908577542315,0.05398062844327437,0.3043868369533643,0.5969686260258189,0.5434188317046221,0.3591049724625042,0.11821695352978387,0.034641447887040155,3,0,5,1,0.03,0.02,34,81,prob_noisy,6,46
2,Suspicious Tit For Tat,1.950695196007696,0.3619385707670937,2.0,0.029411764705882353,0.13119509474109778,0.21999241443948286,0.2195355022685746,0.4292769885508448,0.8800846593928068,0.03247348791396454,0.9837562356058953,0.02964982196712252,3,0,5,1,0.03,0.02,34,81,prob_noisy,6,46
3,Evolved FSM 16,1.8109222867926837,0.4074741107609185,2.0,0.9705882352941176,0.10742493442106345,0.30630285750495767,0.2332450392659154,0.3530271688080635,0.42687740119414574,0.5091513161330965,0.3073959779271374,0.3656291571593442,3,0,5,1,0.03,0.02,34,81,prob_noisy,6,46
4,Cycler DC,1.5943581330753647,0.4949822904368359,1.0,0.011764705882352941,0.07643312354294328,0.41832947946090027,0.17162293408626345,0.33361446290989294,0.1148956898409231,0.0533102390905578,0.9673321130498287,0.9216548207788614,3,0,5,1,0.03,0.02,34,81,prob_noisy,6,46
5,Random: 0.5,1.4991751504809434,0.49867724867724866,1.0,0.5411764705882353,0.12644594519570895,0.37241679292057417,0.12877793064529458,0.37235933123842235,0.5189952929518148,0.5062772657025271,0.5286748517734325,0.47827754199222056,3,0,5,1,0.03,0.02,34,81,prob_noisy,6,46
0,Grudger,2.6237373737373737,0.3437426349281169,6.0,0.9208972845336482,0.24261650024649867,0.09677945330212546,0.33317204632316133,0.3274320001282145,0.6492898998357267,0.062474997511129976,0.14624383880995603,0.06570950671806106,3,0,5,1,0.07,0.1,77,153,prob_noisy,12,47
1,Cycler DC,2.5667060212514756,0.4792834511333171,5.0,0.06729634002361275,0.20857162258200682,0.27091877185133817,0.30932568773923214,0.2111839178274228,0.21198988009183187,0.14626640086241402,0.8682946759248186,0.8352020009548782,3,0,5,1,0.07,0.1,77,153,prob_noisy,12,47
2,Bully,2.559750936583781,0.4684268159143448,6.0,0.08028335301062574,0.2180554088181629,0.24042765920968828,0.28497241330907935,0.2565445186630695,0.06672084458769356,0.9039003022662073,0.06888099513298412,0.9374092217360036,3,0,5,1,0.07,0.1,77,153,prob_noisy,12,47
3,Suspicious Tit For Tat,2.5378907856849033,0.4792107117688513,6.0,0.06729634002361275,0.26504427636537004,0.22471297144829327,0.2789315589956214,0.23131119319071525,0.9294812550757577,0.0739363170987601,0.923060491053111,0.06823693455396615,3,0,5,1,0.07,0.1,77,153,prob_noisy,12,47
4,Win-Shift Lose-Stay: D,2.5308905186953967,0.4946736867882944,5.0,0.0755608028335301,0.22713430808842353,0.2713227199335621,0.28396227165934085,0.21758070031867363,0.07461457340008719,0.9348474904502635,0.9366522734098143,0.07280863654036293,3,0,5,1,0.07,0.1,77,153,prob_noisy,12,47
5,Random: 0.5,2.4410936285936287,0.5037923678596824,5.0,0.4887839433293979,0.2738296208208744,0.23010879848580607,0.263793637273904,0.23226794341941553,0.5122999338263299,0.517066609524988,0.5050331115594474,0.49391861845824114,3,0,5,1,0.07,0.1,77,153,prob_noisy,12,47
6,Win-Stay Lose-Shift,2.4216974944247673,0.5808390289889229,3.0,0.9268004722550177,0.35985101639556094,0.21882056088784196,0.23804810233350934,0.1832803203830877,0.9245363886232323,0.07773814413408274,0.07884930975670791,0.9294059806302972,3,0,5,1,0.07,0.1,77,153,prob_noisy,12,47
7,Alternator,2.4167955233172624,0.5244156162036471,4.0,0.9268004722550177,0.23860107862860025,0.2863169585395901,0.28701066720396673,0.18807129562784278,0.07545230931696174,0.07077817453178283,0.9300136628160618,0.9333429518397136,3,0,5,1,0.07,0.1,77,153,prob_noisy,12,47
8,Tit For Tat,2.3972238619965895,0.6359701851406588,2.0,0.9421487603305785,0.39467203105917614,0.23863107417785717,0.21611566541323513,0.15058122934973153,0.9354037007560407,0.07067839524993051,0.9278784383137978,0.07776983410668474,3,0,5,1,0.07,0.1,77,153,prob_noisy,12,47
9,Soft Joss: 0.9,2.357431457431457,0.674625468164794,1.0,0.9291617473435655,0.42242541662585986,0.2493965781801983,0.19753548494451126,0.1306425202494306,0.9299640888335418,0.17035151711993185,0.9220528818142967,0.1792799234078008,3,0,5,1,0.07,0.1,77,153,prob_noisy,12,47
10,"DoubleCrosser: (D, D)",2.179983022898383,0.6986650485436893,1.0,0.9421487603305785,0.470675874234171,0.22055844237107863,0.16462090847399724,0.14414477492075312,0.8872253963637747,0.771794488465468,0.4156771465822926,0.22555660381369574,3,0,5,1,0.07,0.1,77,153,prob_noisy,12,47
11,Cooperator,1.9887224949425906,0.9282453470677748,0.0,0.9327036599763873,0.5750731998001454,0.35385626028881545,0.044361805006636154,0.026708734904402974,0.9338442224328631,0.9250096907098416,0.9332542100097739,0.9428090479130377,3,0,5,1,0.07,0.1,77,153,prob_noisy,12,47
0,Alternator,2.752134876296888,0.5038752744052686,4.0,1.0,0.19401661205438847,0.30986294068184694,0.4091890981572021,0.08693134910656247,0.0,0.0,1.0,1.0,3,0,5,1,0.0,0.01,47,179,prob_noisy,7,48
1,Tit For Tat,2.701757946171354,0.7801680965030702,0.0,1.0,0.567526032684074,0.18757646448463317,0.18498363226046077,0.05991387057083212,1.0,0.0,1.0,0.0,3,0,5,1,0.0,0.01,47,179,prob_noisy,7,48
2,Win-Stay Lose-Shift,2.6615836675579323,0.7465356178332669,1.0,1.0,0.6255912809954247,0.12388685583868315,0.1298797692680788,0.12064209389781329,1.0,0.0,0.0,1.0,3,0,5,1,0.0,0.01,47,179,prob_noisy,7,48
3,Soft Joss: 0.9,2.6612905256196995,0.7751240433941636,0.0,1.0,0.5849407016427675,0.19594439945806852,0.16998637046959153,0.04912852842957253,1.0,0.09771198814966135,1.0,0.08834729626808835,3,0,5,1,0.0,0.01,47,179,prob_noisy,7,48
4,Random: 0.5,2.6412483212675,0.4977977610570747,4.0,0.5390070921985816,0.3023692425645648,0.1954990242458459,0.30072334526097605,0.20140838792861318,0.4997380859180042,0.5024726922413568,0.48951074005451084,0.5005073578382473,3,0,5,1,0.0,0.01,47,179,prob_noisy,7,48
5,Meta Winner: 6 players,2.6085529850068725,0.5434264674030755,3.0,1.0,0.2521101952352153,0.2918958437751476,0.34804911642367803,0.10794484456595906,0.5795182641374789,0.19383221456320834,0.8268550217931673,0.5730486939051568,3,0,5,1,0.0,0.01,47,179,prob_noisy,7,48
6,Cooperator,2.2946640316205533,1.0,0.0,1.0,0.7618541966442381,0.23814580335576188,0.0,0.0,1.0,1.0,0.0,0.0,3,0,5,1,0.0,0.01,47,179,prob_noisy,7,48
0,Bully,3.2041666666666666,0.4425473004153207,3.5,0.03333333333333333,0.14446490769416556,0.29149663702560613,0.38350720971662955,0.18053124556359884,0.045047421993251215,0.9799490279753437,0.02620442629622958,0.9675025486022928,3,0,5,1,0.03,0.1,42,123,prob_noisy,6,49
1,Evolved HMM 5,2.7643704906204905,0.3798076923076923,3.0,0.9857142857142858,0.27193131153300515,0.12774910581734972,0.44268091756541567,0.1576386650842295,0.75970051687443,0.3663899334491475,0.16282608540742255,0.1446322098953678,3,0,5,1,0.03,0.1,42,123,prob_noisy,6,49
2,Random: 0.5,2.501266788766789,0.5131810193321616,2.0,0.5,0.24849256013848273,0.262757446329455,0.26143923872413755,0.22731075480792465,0.5301080494041798,0.4922045855536207,0.5320737790669624,0.5114840240698364,3,0,5,1,0.03,0.1,42,123,prob_noisy,6,49
3,Meta Winner: 5 players,2.129579831932773,0.49154135338345867,2.0,0.9523809523809523,0.20251015187954308,0.29116130453748695,0.29532367139691906,0.2110048721860509,0.3322134805117936,0.7979422070044542,0.1485876371088167,0.5818477364836923,3,0,5,1,0.03,0.1,42,123,prob_noisy,6,49
4,Anti Tit For Tat,1.9461310428701732,0.5938552188552189,2.0,0.9761904761904762,0.20491365353508537,0.40007331918448585,0.20963624957205246,0.1853767777083762,0.027003784793057747,0.9540732159797036,0.14594407068841098,0.9515822508593594,3,0,5,1,0.03,0.1,42,123,prob_noisy,6,49
5,Tit For 2 Tats,1.9245030425963492,0.725499303297724,0.0,0.9857142857142858,0.39740239126059435,0.33995222102900263,0.12060274694823211,0.14204264076217105,0.9780124505480412,0.6162012528346882,0.9896735509660226,0.0656595798744599,3,0,5,1,0.03,0.1,42,123,prob_noisy,6,49
0,Suspicious Tit For Tat,2.9410984848484847,0.6757158795091112,6.5,0.006944444444444444,0.474473315061211,0.20074321988654445,0.2631988119690111,0.06158465308323338,0.9933530897675268,0.016839391959398205,0.9956415844196543,0.025133942641033722,3,0,5,1,0.01,0.06,48,22,prob_noisy,10,50
1,"DoubleCrosser: (D, D)",2.861195286195286,0.8938567793529626,1.0,0.9884259259259259,0.8525185292244121,0.05569216058615297,0.05145204977641778,0.04033726041301717,0.9912601883326284,0.8912471147484816,0.7263902460208889,0.5049751243781094,3,0,5,1,0.01,0.06,48,22,prob_noisy,10,50
2,Evolved FSM 16,2.854978354978355,0.8241613267998492,1.0,0.9907407407407407,0.7397180729701602,0.08583493888515623,0.11356105082569015,0.06088593731899336,0.7670648111519208,0.5690483539549094,0.7616365234012293,0.36623280770402306,3,0,5,1,0.01,0.06,48,22,prob_noisy,10,50
3,Tit For Tat,2.835016835016835,0.8524981631153563,0.5,0.9861111111111112,0.725751217304035,0.12705414208986063,0.12587969807761118,0.02131494252849319,0.9823043457461019,0.006779661016949152,0.9937312584751703,0.037707115009746585,3,0,5,1,0.01,0.06,48,22,prob_noisy,10,50
4,Evolved HMM 5,2.8195773524720895,0.8489877804121831,1.0,0.9930555555555556,0.805581259391203,0.04383922754518149,0.07507965680171894,0.07549985626189666,0.9814810266035242,0.37038329456076213,0.3185903385903386,0.21119934284186828,3,0,5,1,0.01,0.06,48,22,prob_noisy,10,50
5,Soft Joss: 0.9,2.783960774156853,0.8812095032397408,0.0,0.9953703703703703,0.7455256649172122,0.12753361235018257,0.11019449652061017,0.016746226211994977,0.9921736492187156,0.16422449840211395,0.9919522822679208,0.13657407407407407,3,0,5,1,0.01,0.06,48,22,prob_noisy,10,50
6,Cycler DC,2.7645124698143277,0.485807268125113,4.0,0.006944444444444444,0.18003337770912015,0.30566569231425056,0.3620154345294783,0.15228549544715098,0.10690877060488908,0.018747435900523614,0.9834308192181483,0.930391822259513,3,0,5,1,0.01,0.06,48,22,prob_noisy,10,50
7,Tit For 2 Tats,2.760964912280702,0.9845958680681406,0.0,0.9976851851851852,0.9022243519786161,0.08214383711279767,0.012020533664389006,0.0036112772441973954,0.9893532428413848,0.9078324225865209,1.0,0.5,3,0,5,1,0.01,0.06,48,22,prob_noisy,10,50
8,Cooperator,2.7585775335775335,0.9880746297364877,0.0,0.9884259259259259,0.8933855006937015,0.0947299639905392,0.010513385014179739,0.0013711503015797612,0.9876955464072186,0.9987834549878346,1.0,1.0,3,0,5,1,0.01,0.06,48,22,prob_noisy,10,50
9,Win-Stay Lose-Shift,2.756253006253006,0.8014481707317073,0.0,0.9814814814814815,0.7045050035357222,0.10334908404206017,0.10267076162361957,0.08947515079859805,0.993481787981303,0.020982142857142855,0.03792042021793073,0.9907335204173593,3,0,5,1,0.01,0.06,48,22,prob_noisy,10,50
0,Defector,2.817843982998248,0.027162841233192993,4.0,0.01818181818181818,0.013272933456007188,0.01383891616133463,0.46886056340213356,0.5040275869805246,0.0,0.0,0.022694363067318195,0.04080597391350995,3,0,5,1,0.03,0.06,88,190,prob_noisy,6,51
1,Meta Winner: 5 players,2.4494580770276917,0.17667745111830074,2.0,0.9704545454545455,0.08208704229739808,0.09474293144570631,0.4182333560225965,0.4049366702342992,0.5378111324217275,0.49247980539251657,0.19779828317576617,0.1778096073185364,3,0,5,1,0.03,0.06,88,190,prob_noisy,6,51
2,Win-Shift Lose-Stay: D,2.1102651273372697,0.4257575757575758,2.0,0.025,0.19548232252945336,0.23081225582792575,0.21785078624317852,0.35585463539944234,0.02820268008109222,0.9777124091735097,0.9608041149419744,0.050329206352965505,3,0,5,1,0.03,0.06,88,190,prob_noisy,6,51
3,Suspicious Tit For Tat,2.0395540935672516,0.3685273330448579,2.0,0.015909090909090907,0.27048536177055493,0.11539227494291118,0.13267010996270803,0.4814522533238259,0.978215267319745,0.05089633166725296,0.9792909193434814,0.03295161331973063,3,0,5,1,0.03,0.06,88,190,prob_noisy,6,51
4,Bully,2.011312398859837,0.5334346504559271,1.0,0.015909090909090907,0.1301815187826508,0.41669733195545094,0.28190081772468606,0.17122033153721217,0.03865865849791652,0.9764120086328394,0.03183055350168733,0.9773073931165894,3,0,5,1,0.03,0.06,88,190,prob_noisy,6,51
5,Cooperator,0.9944444444444445,0.96949699369409,0.0,0.9681818181818181,0.314021873348815,0.6556060373238491,0.007574114301875284,0.022797975025460607,0.9684920196017597,0.9665500618522692,1.0,0.9846465970629087,3,0,5,1,0.03,0.06,88,190,prob_noisy,6,51
0,"DoubleCrosser: (D, D)",2.6229354512626504,0.5646072374227714,4.5,0.99375,0.5076090554399199,0.062407000539633994,0.16270873263854668,0.2672752113818995,0.9173284435225453,0.7394861580452621,0.48007480322911306,0.10963218113615243,3,0,5,1,0.02,0.01,10,105,prob_noisy,17,52
1,Evolved HMM 5,2.565465396245667,0.5327186464953898,8.0,0.975,0.44116491981941125,0.0941525221047344,0.20660885188381836,0.258073706192036,0.9142767298489098,0.3703675912094965,0.17817927476783424,0.18489638741888748,3,0,5,1,0.02,0.01,10,105,prob_noisy,17,52
2,Grudger,2.5480322029451257,0.23019851614196912,12.0,0.98125,0.20151041091674146,0.024746145019944796,0.27999666333424955,0.49374678072906425,0.8528707931494898,0.04006410256410256,0.07150708431393483,0.02541661181271485,3,0,5,1,0.02,0.01,10,105,prob_noisy,17,52
3,Evolved FSM 16,2.5249814233435597,0.5355181417124336,8.0,0.975,0.330019473022493,0.20538414495282598,0.2517259029776598,0.2128704790470213,0.6442883875660055,0.5267205575120845,0.5427607081507638,0.4298773915824232,3,0,5,1,0.02,0.01,10,105,prob_noisy,17,52
4,Meta Winner: 15 players,2.4676779862807523,0.05895261845386534,13.5,1.0,0.036585144306235,0.023341929729541515,0.3288899620306925,0.611182963933531,0.45945144391233117,0.3060474474690161,0.06456790195579282,0.02295334626915629,3,0,5,1,0.02,0.01,10,105,prob_noisy,17,52
5,Tit For Tat,2.4148312836055803,0.6319984060569834,5.5,0.94375,0.4673094264814136,0.1526113915703723,0.14927032588762598,0.23080885606058815,0.9848025537186168,0.03856742294735077,0.987931792880949,0.020259850555705915,3,0,5,1,0.02,0.01,10,105,prob_noisy,17,52
6,Defector,2.4128117363233725,0.021431459765467044,15.0,0.025,0.008469280214427197,0.013178874903686197,0.3409225248820746,0.6374293199998121,0.09401709401709402,0.13333333333333333,0.027002838524777032,0.02711420514247649,3,0,5,1,0.02,0.01,10,105,prob_noisy,17,52
7,Soft Joss: 0.9,2.3236006012819637,0.664713923061902,3.5,0.975,0.500684319827042,0.16154602903077897,0.12161658745369469,0.21615306368848447,0.9799379834134924,0.11220940491748835,0.9829796553398025,0.12427485206896885,3,0,5,1,0.02,0.01,10,105,prob_noisy,17,52
8,Tit For 2 Tats,2.3075435021554207,0.7815126050420168,1.0,0.98125,0.6107639924195356,0.15322558032515463,0.049044119530389105,0.1869663077249207,0.9768617366401378,0.7264394064283763,0.992252043460925,0.2547141473270143,3,0,5,1,0.02,0.01,10,105,prob_noisy,17,52
9,Suspicious Tit For Tat,2.30696738955856,0.5380332200830502,9.0,0.0125,0.3779458347771122,0.16358168661607372,0.17471135666425344,0.2837611219425607,0.9775334492057176,0.02517623424373224,0.9725302766900356,0.02413017399639462,3,0,5,1,0.02,0.01,10,105,prob_noisy,17,52
10,GTFT: 0.33,2.262040864332975,0.7514944491887275,1.5,0.9875,0.5488110457269766,0.20103374861759274,0.08685653672718338,0.16329866892824738,0.9794964739511975,0.35423639934100815,0.9804920599466601,0.3167119294181639,3,0,5,1,0.02,0.01,10,105,prob_noisy,17,52
11,Win-Stay Lose-Shift,2.104888130302901,0.5944224645372962,5.0,0.975,0.34488856069116647,0.24873139066293593,0.1627313479432238,0.24364870070267372,0.9850089654118532,0.023885660268550768,0.02500425453926546,0.9827376404364925,3,0,5,1,0.02,0.01,10,105,prob_noisy,17,52
12,Cycler DC,2.1023981899500663,0.4965993198639728,6.0,0.0375,0.16377736015590655,0.33266808392055003,0.24240610283829256,0.26114845308525086,0.10791305338632333,0.057609639134996914,0.9602983727852763,0.8852153669905745,3,0,5,1,0.02,0.01,10,105,prob_noisy,17,52
13,Meta Mixer: 15 players,2.1023607178314743,0.45221153846153844,8.0,0.8,0.22355803590479673,0.2288149930306584,0.20467893742641152,0.34294803363813336,0.612258810985843,0.34616306005044983,0.5902867768254536,0.3366233478091311,3,0,5,1,0.02,0.01,10,105,prob_noisy,17,52
14,Random: 0.5,2.075321026357451,0.5023972253391819,7.0,0.475,0.20478787599496692,0.2976891148948822,0.20449600656937633,0.29302700254077463,0.4943736009888932,0.5072418208980056,0.4971319851939737,0.5059465545979781,3,0,5,1,0.02,0.01,10,105,prob_noisy,17,52
15,Cooperator,1.9622002457498149,0.9786049237983587,0.5,0.95625,0.6034028450385549,0.37563980719339807,0.012574646214748584,0.008382701553298452,0.9824079675254852,0.9808167553149574,0.9781481481481482,0.9839371155160628,3,0,5,1,0.02,0.01,10,105,prob_noisy,17,52
16,Anti Tit For Tat,1.7661154309893252,0.631803527403755,6.0,0.98125,0.17387739784579775,0.4479271493999468,0.20744098751046966,0.1707544652437858,0.03207230195557072,0.9837874218242769,0.026303858512514225,0.9769331495890288,3,0,5,1,0.02,0.01,10,105,prob_noisy,17,52
0,Defector,2.807497385082524,0.041867561794324076,9.0,0.0391304347826087,0.018720809078956017,0.023095707496960282,0.4201506862772617,0.538032797146822,0.07642188324858992,0.03957266146233955,0.042045569503632044,0.040690402280842634,3,0,5,1,0.04,0.05,92,39,prob_noisy,11,53
1,Grudger,2.6459524188122385,0.2786101782485146,5.0,0.9554347826086956,0.21822194251397747,0.061962677315023584,0.3295007809623206,0.3903145992086782,0.7302522935740317,0.039541296740229166,0.09353327691610061,0.04144161692516897,3,0,5,1,0.04,0.05,92,39,prob_noisy,11,53
2,Meta Winner: 10 players,2.4304780252679543,0.17961791264819707,7.0,0.9619565217391305,0.09620722629503221,0.08406981885610648,0.35406353618235525,0.46565941866650606,0.4004498234837704,0.3777008856228883,0.06074023198373307,0.08403329290087594,3,0,5,1,0.04,0.05,92,39,prob_noisy,11,53
3,Evolved FSM 16,2.3857614316629663,0.47000181257930035,4.0,0.9532608695652174,0.26661585650834496,0.2042587098853234,0.2800753265091516,0.24905010709717995,0.616967075051322,0.3877057604217745,0.3551385317366743,0.3400625285634297,3,0,5,1,0.04,0.05,92,39,prob_noisy,11,53
4,Tit For Tat,2.1635410884864044,0.5232353679979904,1.0,0.9771739130434782,0.313336478377909,0.2119959216486767,0.18083017384123937,0.2938374261321749,0.9685918371065739,0.038992684227484656,0.9625236322900221,0.0447685306388827,3,0,5,1,0.04,0.05,92,39,prob_noisy,11,53
5,Soft Joss: 0.9,2.0976831501831503,0.5641744345218695,0.0,0.9619565217391305,0.32794287749258383,0.23560063099478082,0.16232444376942987,0.2741320477432055,0.9624000466900433,0.12318822472758965,0.9571321459307308,0.134469944885898,3,0,5,1,0.04,0.05,92,39,prob_noisy,11,53
6,Cycler DC,1.9731070464623095,0.4834956367775389,4.0,0.04565217391304348,0.1705686629754182,0.3128906281543881,0.19115998030735146,0.3253807285628422,0.11232733967903472,0.1128645048485775,0.8957719127203354,0.8657903618771627,3,0,5,1,0.04,0.05,92,39,prob_noisy,11,53
7,Random: 0.5,1.9637046387520525,0.49933320632501427,3.0,0.49782608695652175,0.19104475148574737,0.3081363149971561,0.1933534563614724,0.3074654771556241,0.4872633146014794,0.49147527371478084,0.5037562492957323,0.5093858983201398,3,0,5,1,0.04,0.05,92,39,prob_noisy,11,53
8,Bully,1.9558036883036882,0.5982286634460547,4.0,0.043478260869565216,0.17419533068849752,0.4124509493269421,0.19685613410575034,0.21649758587880993,0.03644429251469576,0.9661805166930069,0.03632990497599687,0.9634841548603722,3,0,5,1,0.04,0.05,92,39,prob_noisy,11,53
9,Win-Stay Lose-Shift,1.9422477848948436,0.6050955414012739,1.0,0.967391304347826,0.3282151145318876,0.2796059244470638,0.1280054076646941,0.2641735533563546,0.9631795916470786,0.0340900974998474,0.05490844097959778,0.9564871219509626,3,0,5,1,0.04,0.05,92,39,prob_noisy,11,53
10,Anti Tit For Tat,1.7176834868562811,0.650740534176117,3.0,0.9608695652173913,0.20463316340860924,0.4492685494078611,0.14701590654925584,0.1990823806342739,0.04101062716266946,0.9542770740873324,0.055676174050224514,0.9598310347026183,3,0,5,1,0.04,0.05,92,39,prob_noisy,11,53
0,Grudger,2.616417225379123,0.23391276864728192,13.0,0.953551912568306,0.18299935247703963,0.05232958515630093,0.3139404816162955,0.45073058075036393,0.6765213955500591,0.051610222980091734,0.10157883703521955,0.05126218387105827,3,0,5,1,0.05,0.03,61,70,prob_noisy,19,54
1,Defector,2.555045444908043,0.050227588822860034,17.0,0.06557377049180328,0.019694606580210144,0.030603278412605864,0.36135558856684774,0.5883465264403361,0.0743468505496845,0.05161857712002705,0.04955692877557491,0.048993125005596425,3,0,5,1,0.05,0.03,61,70,prob_noisy,19,54
2,Evolved HMM 5,2.5453906279290712,0.4171878336739986,9.0,0.9453551912568307,0.2898556452166036,0.12880623819353967,0.2821470601637888,0.299191056426068,0.8085400311712766,0.3694760371453136,0.175215652829325,0.18509522480381022,3,0,5,1,0.05,0.03,61,70,prob_noisy,19,54
3,Evolved FSM 16,2.482237605960457,0.45098589791588667,9.0,0.9617486338797814,0.2581124627240327,0.19353227086426114,0.29511774925632345,0.2532375171553828,0.5954035241803625,0.4209369377449776,0.3835627377130159,0.33772345199871645,3,0,5,1,0.05,0.03,61,70,prob_noisy,19,54
4,"DoubleCrosser: (D, D)",2.456498476619206,0.47715904296992706,6.0,0.9571948998178507,0.3657891929837701,0.12010098193317598,0.2371984963536796,0.2769113287293743,0.8393102765568623,0.6806658800201987,0.30629198700501464,0.08870304690036163,3,0,5,1,0.05,0.03,61,70,prob_noisy,19,54
5,Meta Winner: 17 players,2.423528976589081,0.1441079782526236,13.0,0.9453551912568307,0.07659578054717686,0.06792678579796771,0.3248366952559453,0.5306407383989101,0.43194736573711257,0.2853713835018581,0.09732101330749711,0.07673233416206149,3,0,5,1,0.05,0.03,61,70,prob_noisy,19,54
6,Suspicious Tit For Tat,2.3407407116442154,0.48486137933291873,8.0,0.06830601092896176,0.2850652173016787,0.2058128177143843,0.22081102247696896,0.288310942506968,0.9364213818185658,0.04975982612717536,0.9491426783515249,0.055300882379548354,3,0,5,1,0.05,0.03,61,70,prob_noisy,19,54
7,Tit For Tat,2.3321367147505665,0.5566644217228923,4.0,0.9517304189435337,0.345341498639396,0.20848776389869936,0.1999423266592083,0.2462284108026964,0.9470958562999522,0.04688195998230545,0.9511669440947154,0.048655882879521425,3,0,5,1,0.05,0.03,61,70,prob_noisy,19,54
8,Soft Joss: 0.9,2.255307815777567,0.5902786264206281,3.0,0.9398907103825137,0.35824897955880897,0.2300861497407602,0.1839802025441578,0.2276846681562731,0.9509137126051015,0.1329097314348046,0.9452251610362121,0.14300234901278544,3,0,5,1,0.05,0.03,61,70,prob_noisy,19,54
9,Win-Stay Lose-Shift,2.201317294971672,0.5408499344482461,5.0,0.9480874316939891,0.27920859389486663,0.26558567196479305,0.20101570129705512,0.2541900328432853,0.9469489508566503,0.04952005534935405,0.05378535685745664,0.9508032571873836,3,0,5,1,0.05,0.03,61,70,prob_noisy,19,54
10,GTFT: 0.33,2.1849205886705887,0.6992659690769951,1.0,0.9508196721311475,0.4273693757112558,0.2717261818058661,0.13591819551538106,0.1649862469674971,0.9504950063263973,0.3626997396508164,0.9491979832334826,0.33829293832129775,3,0,5,1,0.05,0.03,61,70,prob_noisy,19,54
11,Meta Mixer: 17 players,2.172194409169356,0.4381409960269796,8.0,0.639344262295082,0.20079725751121671,0.23724394330593584,0.22850490274285504,0.3334538964399924,0.5423270005683338,0.3770656624942148,0.5124916793149683,0.3586647280262865,3,0,5,1,0.05,0.03,61,70,prob_noisy,19,54
12,Cycler DC,2.1549256338610583,0.4936097512895489,7.0,0.051001821493624776,0.17729135953787936,0.3162627074776495,0.23528664171194602,0.2711592912725252,0.13078758638713256,0.12129952991741495,0.8977401002705485,0.8670246185753938,3,0,5,1,0.05,0.03,61,70,prob_noisy,19,54
13,Tit For 2 Tats,2.0990278193357903,0.7489051094890511,0.0,0.9453551912568307,0.5043258205713363,0.24759655820661772,0.07971228169371396,0.16836533952833208,0.951858930689129,0.7058676672466827,0.9492827024946935,0.24855195063746155,3,0,5,1,0.05,0.03,61,70,prob_noisy,19,54
14,Random: 0.5,2.081070077553454,0.49912054777310133,7.0,0.5136612021857924,0.21027259431846385,0.2889271010121486,0.21063372569983654,0.2901665789695511,0.5039525047719442,0.49918305420374093,0.5014732778622564,0.492079054784359,3,0,5,1,0.05,0.03,61,70,prob_noisy,19,54
15,Alternator,2.0761589652973504,0.5074608459736095,5.0,0.9499089253187614,0.18883990913163184,0.3187629071238281,0.22456799572890546,0.2678291880156346,0.04642443449641318,0.051408932743567344,0.9502954092747099,0.9481808594492447,3,0,5,1,0.05,0.03,61,70,prob_noisy,19,54
16,Win-Shift Lose-Stay: D,2.066610755206621,0.5356257547829403,7.0,0.042805100182149364,0.18769747747088858,0.3426247785886041,0.2109576782754296,0.25872006566507766,0.05201217373508051,0.9485377960088103,0.956027480938568,0.048537006451405504,3,0,5,1,0.05,0.03,61,70,prob_noisy,19,54
17,Bully,2.0197738008862403,0.5824078323389934,8.0,0.04735883424408015,0.1949257542512535,0.3862247077632336,0.19307093661524236,0.2257786013702705,0.045498035041763946,0.9512796146733979,0.047412929988419124,0.9488110434561067,3,0,5,1,0.05,0.03,61,70,prob_noisy,19,54
18,Anti Tit For Tat,1.859905893863844,0.6140097212822249,6.0,0.9462659380692168,0.21576305059132184,0.3971143178096955,0.17075706459648676,0.21636556700249587,0.04601267273131262,0.9475252954311499,0.04582106283492874,0.9587496733604441,3,0,5,1,0.05,0.03,61,70,prob_noisy,19,54
0,Defector,2.83791355683406,0.05610607117934403,16.0,0.0642361111111111,0.025562377732457956,0.03074700017083745,0.40850535157221396,0.5351852705244906,0.15620915032679736,0.10074281778827233,0.05904316600821155,0.06168689040223902,3,0,5,1,0.06,0.08,32,121,prob_noisy,19,55
1,Suspicious Tit For Tat,2.571713677946774,0.47945610404966005,10.0,0.04861111111111111,0.2909136022645335,0.19022195812833934,0.2390557176308029,0.27980872197632434,0.9299288588114185,0.0657110372817285,0.9368388583868553,0.06844800539289973,3,0,5,1,0.06,0.08,32,121,prob_noisy,19,55
2,Grudger,2.5707511147498474,0.3649466705102335,9.0,0.9548611111111112,0.2763361009718121,0.08239713716717935,0.2875627942524763,0.3537039676085323,0.7725361408737987,0.0903247116408381,0.13967230904555325,0.05825558677239102,3,0,5,1,0.06,0.08,32,121,prob_noisy,19,55
3,Meta Winner: 17 players,2.508005590644073,0.25599025314742113,11.0,0.9357638888888888,0.15140449178472967,0.1063082703169153,0.33816005400632987,0.4041271838920253,0.506666416533307,0.40302046501406336,0.12338102542285984,0.15723882533260436,3,0,5,1,0.06,0.08,32,121,prob_noisy,19,55
4,Evolved HMM 5,2.4874814302719788,0.53549607215595,6.0,0.9340277777777778,0.3971565633217288,0.14698422928875965,0.23842790475736994,0.21743130263214164,0.860512504508336,0.37724967146829885,0.22401990022826984,0.204416804476166,3,0,5,1,0.06,0.08,32,121,prob_noisy,19,55
5,Evolved FSM 16,2.450108995908803,0.5472577209797657,6.0,0.9375,0.34740407002365986,0.198356359308797,0.2480646681423654,0.20617490252517778,0.6543582668050371,0.34833484803337883,0.4976414674586899,0.3811726884923112,3,0,5,1,0.06,0.08,32,121,prob_noisy,19,55
6,Win-Shift Lose-Stay: D,2.436923186559086,0.5025255972696245,8.5,0.059027777777777776,0.20652450870316075,0.29186168729158374,0.2527015914883202,0.2489122125169352,0.0633178608050484,0.9399532369592172,0.9381782503009171,0.05863045855566343,3,0,5,1,0.06,0.08,32,121,prob_noisy,19,55
7,Cycler DC,2.423909329038758,0.49011358855700465,8.0,0.059027777777777776,0.21185117021697328,0.27726484267103063,0.26786159639857743,0.24302239071341866,0.1639319762236622,0.14092007403047124,0.904020887149315,0.864692271964355,3,0,5,1,0.06,0.08,32,121,prob_noisy,19,55
8,Random: 0.5,2.4154874594918248,0.4928803045255886,8.0,0.4809027777777778,0.23840430244104066,0.25461802581776877,0.249676420533078,0.2573012512081126,0.47633315139349264,0.48627447817402675,0.506298615686883,0.5110086872133683,3,0,5,1,0.06,0.08,32,121,prob_noisy,19,55
9,Tit For Tat,2.4121509564150987,0.6069622136268967,3.0,0.9496527777777778,0.4098023390819003,0.2066773718658372,0.18833690897490435,0.19518338007735805,0.9419798955927394,0.048162968418695724,0.9460584268093728,0.06996990244255816,3,0,5,1,0.06,0.08,32,121,prob_noisy,19,55
10,Bully,2.3846162911833204,0.5050661412890515,8.0,0.05555555555555555,0.17669739296562403,0.3333975625375801,0.2637915936403969,0.2261134508563988,0.06858096522891352,0.939036001528211,0.047363684070012846,0.9428037707413297,3,0,5,1,0.06,0.08,32,121,prob_noisy,19,55
11,Soft Joss: 0.9,2.351871515453861,0.6422519814156874,3.0,0.9340277777777778,0.43052510287173773,0.21317368635616443,0.16547917675721877,0.19082203401487913,0.9361884585846444,0.14702378626665064,0.9450216161427186,0.16774177331739054,3,0,5,1,0.06,0.08,32,121,prob_noisy,19,55
12,Win-Stay Lose-Shift,2.3513382790547825,0.5814886346753826,4.5,0.9305555555555556,0.3568176967732685,0.22924213631098395,0.2028066945753083,0.21113347234043928,0.9272984173504746,0.052611539319318626,0.05986599249135761,0.9421527942846358,3,0,5,1,0.06,0.08,32,121,prob_noisy,19,55
13,Meta Mixer: 17 players,2.3176519402568223,0.5287823990355636,7.0,0.6215277777777778,0.2863188373739448,0.24323920703172502,0.22473484546457756,0.24570711012975271,0.6037712601174154,0.40645127439935386,0.6149662796937463,0.42893511955507874,3,0,5,1,0.06,0.08,32,121,prob_noisy,19,55
14,"DoubleCrosser: (D, D)",2.291249258435249,0.6634382566585957,3.0,0.9513888888888888,0.48183305846833835,0.18348693690262058,0.1630737220220586,0.1716062826069824,0.8726192437869513,0.7720469898947957,0.4397022857713507,0.18664642957090616,3,0,5,1,0.06,0.08,32,121,prob_noisy,19,55
15,GTFT: 0.33,2.2266325191889984,0.7302437717653362,1.0,0.9513888888888888,0.47220209937376406,0.2541774330492396,0.1249021176769711,0.1487183499000252,0.9309130800976523,0.35627189682852,0.9268244199882437,0.3890820140673949,3,0,5,1,0.06,0.08,32,121,prob_noisy,19,55
16,Anti Tit For Tat,2.2168526101783037,0.5768290929998563,7.0,0.9392361111111112,0.2282283586037494,0.3515234218210364,0.2251803490818166,0.19506787049339752,0.06345037084698445,0.9489615061937565,0.08892845174469731,0.9493178519529096,3,0,5,1,0.06,0.08,32,121,prob_noisy,19,55
17,Tit For 2 Tats,2.179724285616702,0.7796373779637378,1.0,0.9496527777777778,0.5339571541456664,0.24047570810884622,0.08390155398845879,0.14166558375702856,0.9260097665216289,0.7062763084962,0.9282566274544245,0.3702513658732712,3,0,5,1,0.06,0.08,32,121,prob_noisy,19,55
18,Cooperator,1.9840518809872676,0.9410876132930514,0.0,0.9513888888888888,0.5666807347311688,0.3736699069453507,0.03559982012735044,0.024049538196130177,0.9372289602704308,0.9324195791449734,0.9341069015656966,0.9330111666798975,3,0,5,1,0.06,0.08,32,121,prob_noisy,19,55
0,Defector,2.637545812681682,0.08243192838493099,11.0,0.06740196078431372,0.033255447534634386,0.049055518251997055,0.37443051498582286,0.5432585192275458,0.09456983538101259,0.08656622362692855,0.08680593487041555,0.08657259517694676,3,0,5,1,0.08,0.06,68,23,prob_noisy,13,56
1,Suspicious Tit For Tat,2.522472719700644,0.5096236713588049,7.0,0.07720588235294118,0.31195807045040724,0.18911955919041137,0.23570465825767792,0.2632177121015035,0.9194578195722767,0.06943985560761551,0.9207031222033892,0.06347033176118923,3,0,5,1,0.08,0.06,68,23,prob_noisy,13,56
2,Meta Winner: 11 players,2.469096634042286,0.2220484753713839,8.0,0.9142156862745098,0.1288987649270119,0.0936892173983856,0.32617486734827345,0.45123715032632905,0.46899122578159114,0.1350538442178619,0.18198164337446066,0.08284034100267605,3,0,5,1,0.08,0.06,68,23,prob_noisy,13,56
3,Win-Shift Lose-Stay: D,2.4505878491772033,0.4798104265402844,6.0,0.06740196078431372,0.22837824878374455,0.2506931533766764,0.2682358892358978,0.2526927086036812,0.06642293658253644,0.9120285289579608,0.9262455955994368,0.08041521256439822,3,0,5,1,0.08,0.06,68,23,prob_noisy,13,56
4,Alternator,2.377894575704678,0.5179055361982191,5.0,0.9203431372549019,0.22405127362645763,0.29396905626166575,0.28962255127407577,0.1923571188378008,0.07039876259072118,0.08632864061460706,0.9215867552219924,0.9083922300517724,3,0,5,1,0.08,0.06,68,23,prob_noisy,13,56
5,Random: 0.5,2.3671794942175377,0.490814884597268,5.0,0.4987745098039216,0.24281763923175656,0.24801935105964826,0.2546890240016297,0.25447398570696544,0.4977991350533599,0.48752955059686814,0.48814324701889916,0.48221726352531186,3,0,5,1,0.08,0.06,68,23,prob_noisy,13,56
6,Tit For Tat,2.3534672966452144,0.605913717886573,3.0,0.9117647058823529,0.40265361109507425,0.20393508761569665,0.1876084649937948,0.20580283629543428,0.9290645304458699,0.07850135269821926,0.9200448550272324,0.09549695199732548,3,0,5,1,0.08,0.06,68,23,prob_noisy,13,56
7,Evolved FSM 16,2.347357186630642,0.5644806127333653,4.5,0.9325980392156863,0.35572640540183503,0.20878129042646357,0.2183510624027342,0.21714124176896712,0.6628573156902905,0.3873776160482403,0.5355263726713417,0.34325460989562395,3,0,5,1,0.08,0.06,68,23,prob_noisy,13,56
8,Meta Mixer: 11 players,2.33294674578642,0.5452920143027413,5.0,0.6605392156862745,0.3217819066472099,0.22817651346638754,0.22488755159640014,0.22515402829000244,0.6827703243416744,0.4100440253866798,0.658329719952107,0.3701476165730812,3,0,5,1,0.08,0.06,68,23,prob_noisy,13,56
9,GTFT: 0.33,2.300478011970979,0.726342470897484,1.0,0.9301470588235294,0.4745129319689447,0.2508449515658111,0.13998949533079477,0.13465262113444945,0.9136536788291872,0.38061405134297527,0.917872758969723,0.3957284462789499,3,0,5,1,0.08,0.06,68,23,prob_noisy,13,56
10,"DoubleCrosser: (D, D)",2.2322274386347614,0.6671462829736211,2.0,0.9362745098039216,0.4782013656260285,0.19106323387054833,0.13338169151680448,0.19735370898661864,0.8907122247469083,0.7584676726898655,0.43299200444208497,0.2569737179351647,3,0,5,1,0.08,0.06,68,23,prob_noisy,13,56
11,Tit For 2 Tats,2.191035995387818,0.7891839690970546,1.0,0.9534313725490197,0.5484306971667741,0.23861103662597216,0.07948837382486977,0.13346989238238396,0.9180008593548371,0.7448350827957769,0.9168864104322556,0.4249161134132607,3,0,5,1,0.08,0.06,68,23,prob_noisy,13,56
12,Cooperator,2.063729203063442,0.9213922565506453,1.0,0.9338235294117647,0.5844652596775413,0.3367494971389203,0.05014332147980846,0.02864192170373013,0.9214722939219827,0.9320862082797503,0.9064344466817014,0.909662649516363,3,0,5,1,0.08,0.06,68,23,prob_noisy,13,56
0,Evolved FSM 16,2.439797410192147,0.3855064655172414,1.0,0.9595959595959596,0.18291931137199371,0.196828144384805,0.36445046579344353,0.2558020784497577,0.357757890138195,0.44790768140838116,0.38693189903628983,0.27536042320660387,3,0,5,1,0.06,0.05,66,195,prob_noisy,4,57
1,Suspicious Tit For Tat,2.319583157818452,0.4777307788006967,1.0,0.06060606060606061,0.19821661140998545,0.28068444884627547,0.29676195195544924,0.22433698778828978,0.9311479257642891,0.061109859264623534,0.954675467995958,0.052740743440106756,3,0,5,1,0.06,0.05,66,195,prob_noisy,4,57
2,Cycler DC,2.0481448578595316,0.49361702127659574,1.0,0.07575757575757576,0.14556615365976816,0.34836872239347033,0.2542981052563123,0.2517670186904492,0.22214623267838343,0.10735823276634844,0.9035880634263483,0.8486116096807569,3,0,5,1,0.06,0.05,66,195,prob_noisy,4,57
3,Win-Shift Lose-Stay: D,1.9078798996251827,0.47771516393442626,1.0,0.08080808080808081,0.18447227097425087,0.29940747509617444,0.20977826771552022,0.30634198621405445,0.06015066888189441,0.9295070445756318,0.9296778337250112,0.0659270994372248,3,0,5,1,0.06,0.05,66,195,prob_noisy,4,57
0,Defector,2.4102286886174356,0.09075959279561473,4.0,0.09696969696969697,0.0319426821364542,0.059157365194708475,0.3334568592896895,0.5754430933791478,0.10013822240483976,0.070134821718489,0.09178481265091046,0.09184893550899427,3,0,5,1,0.09,0.04,99,125,prob_noisy,6,58
1,Meta Winner: 5 players,2.267494553376906,0.153149543196025,3.0,0.9030303030303031,0.07035846096783079,0.08269223080274878,0.30641908521571304,0.5405302230137073,0.35662550182505504,0.09166170710393735,0.16230632007968188,0.09071962220085131,3,0,5,1,0.09,0.04,99,125,prob_noisy,6,58
2,Win-Stay Lose-Shift,2.0587362637362636,0.4735394076711442,1.0,0.9171717171717172,0.1677238050044315,0.304385688053636,0.24806128564802887,0.27982922129390364,0.9052322412475193,0.09147365154636408,0.08462356170533775,0.9065066922501599,3,0,5,1,0.09,0.04,99,125,prob_noisy,6,58
3,Tit For Tat,1.8987838915470494,0.4076082351944421,1.0,0.9050505050505051,0.15831471260968794,0.2501057045234104,0.20160023655884043,0.38997934630806125,0.9095193988002389,0.08282418231234845,0.921235708546902,0.0902246789182137,3,0,5,1,0.09,0.04,99,125,prob_noisy,6,58
4,Alternator,1.8643939393939395,0.5109021304926764,1.0,0.9353535353535354,0.15155942090855534,0.3596661616945559,0.21037729824460255,0.27839711915228615,0.10843746520062067,0.08889699149919765,0.9129206236398201,0.9127840533994366,3,0,5,1,0.09,0.04,99,125,prob_noisy,6,58
5,Win-Shift Lose-Stay: D,1.6826068376068377,0.5357226700054777,1.0,0.07878787878787878,0.13324530996779418,0.4076562425412617,0.16374862785344682,0.29534981963749724,0.09431957611801078,0.9115500055897376,0.9050197131197459,0.08677427560795711,3,0,5,1,0.09,0.04,99,125,prob_noisy,6,58
0,Evolved HMM 5,2.8033356814712302,0.3436206896551724,3.5,0.9666666666666667,0.2301237943155116,0.09342743026632105,0.37043963398374274,0.3060091414344246,0.8071710294279246,0.36009520858342225,0.10415351112340039,0.15281977561208682,3,0,5,1,0.04,0.02,24,119,prob_noisy,6,59
1,Win-Stay Lose-Shift,2.4840987844379923,0.442934337645325,2.0,0.95,0.19417435181716175,0.24216406542420432,0.3350577127212575,0.22860387003737634,0.9501444875283653,0.03790893312984854,0.03911896721964479,0.9568110211291613,3,0,5,1,0.04,0.02,24,119,prob_noisy,6,59
2,Suspicious Tit For Tat,2.24563484973769,0.5015036263930657,2.0,0.05,0.24208280559061973,0.24780531591877844,0.2568435998018923,0.2532682786887096,0.9450004133822499,0.037590272574101566,0.9733851330164207,0.03514438970841462,3,0,5,1,0.04,0.02,24,119,prob_noisy,6,59
3,Random: 0.5,2.102793453339687,0.501018675721562,2.0,0.4666666666666667,0.22061998719320006,0.28081126401638856,0.2284058863573414,0.27016286243307,0.5001485330291728,0.5145360331697633,0.5054366546574112,0.4866259194309513,3,0,5,1,0.04,0.02,24,119,prob_noisy,6,59
4,Cycler DC,2.018060954883035,0.4945016582300576,1.0,0.03333333333333333,0.16223144038123954,0.3326679441056469,0.25092580007780674,0.25417481543530684,0.14956133988682832,0.08391074336855107,0.9125537921124506,0.884077111321379,3,0,5,1,0.04,0.02,24,119,prob_noisy,6,59
5,Win-Shift Lose-Stay: D,1.6610681089250523,0.6024144072828023,1.0,0.05,0.1613409888101108,0.42796104593539264,0.18316443272469113,0.2275335325298055,0.03694629585768034,0.9634917721168756,0.9685944497341795,0.03853959238782495,3,0,5,1,0.04,0.02,24,119,prob_noisy,6,59
0,Defector,2.92766969872233,0.08680917622523462,17.0,0.08472400513478819,0.038809080743480724,0.047629610266195305,0.41595081010227924,0.4976104988880446,0.10345017636684302,0.11852598061266792,0.08870466791771502,0.08304810364004338,3,0,5,1,0.08,0.1,41,117,prob_noisy,20,60
1,Suspicious Tit For Tat,2.586832465779834,0.48037125297880345,10.0,0.06803594351732992,0.27442251222578706,0.20348193355671515,0.25113735319727787,0.27095820102021984,0.9229882178491133,0.08974920369799035,0.9188858120817026,0.09224206263138697,3,0,5,1,0.08,0.1,41,117,prob_noisy,20,60
2,Grudger,2.5841632590247547,0.3590462833099579,10.0,0.9152759948652118,0.2617353938101739,0.09896293023881403,0.2977265461080072,0.341575129843005,0.7304184551201198,0.09205236947243009,0.16485062550356408,0.07404847935729335,3,0,5,1,0.08,0.1,41,117,prob_noisy,20,60
3,Cycler DC,2.5205548701475053,0.4780015902464882,9.0,0.07958921694480103,0.20512857814886376,0.27201719533953517,0.2785469934689092,0.24430723304269192,0.1878538283963963,0.16224203747846913,0.8544161609892942,0.8337751678000266,3,0,5,1,0.08,0.1,41,117,prob_noisy,20,60
4,Win-Shift Lose-Stay: D,2.498560205373078,0.4857397504456328,10.0,0.07317073170731707,0.21009765819380782,0.27637384058234427,0.2676756218988164,0.24585287932503144,0.09233806760126434,0.9203734253737931,0.9081171980982106,0.07976883555673212,3,0,5,1,0.08,0.1,41,117,prob_noisy,20,60
5,Random: 0.5,2.417290896238265,0.5033035367275553,8.0,0.5070603337612324,0.249712892670628,0.25290369820750547,0.25010002525922553,0.24728338386264098,0.5223427200022229,0.5069105895451261,0.5085129001945947,0.4862566688134481,3,0,5,1,0.08,0.1,41,117,prob_noisy,20,60
6,Bully,2.41641297299192,0.4840954274353877,10.0,0.0834403080872914,0.1877169257515311,0.2976081597048584,0.27344440413531695,0.2412305104082936,0.09046180556603284,0.9129864497478909,0.09313723068655812,0.9134831736240328,3,0,5,1,0.08,0.1,41,117,prob_noisy,20,60
7,Meta Winner: 18 players,2.4046634992496165,0.2998879621561061,10.0,0.9242618741976893,0.17918043341017537,0.1264239943093515,0.31313795768341784,0.38125761459705537,0.49376645816908554,0.4050024643919466,0.13464152452331304,0.17094453887769792,3,0,5,1,0.08,0.1,41,117,prob_noisy,20,60
8,Evolved FSM 16,2.4036192454821266,0.5598710039259674,6.0,0.9281129653401797,0.36553028961671236,0.20022728868100145,0.23314064838922502,0.20110177331306128,0.6818168980662578,0.3426139806989435,0.49594826526104707,0.341564010853734,3,0,5,1,0.08,0.1,41,117,prob_noisy,20,60
9,Alternator,2.398505110123024,0.5234536082474227,7.0,0.9152759948652118,0.2509790056723733,0.27290881623021496,0.2589578242447989,0.21715435385261278,0.08571309644489955,0.09402870287526664,0.9212867943009359,0.9149131993591029,3,0,5,1,0.08,0.1,41,117,prob_noisy,20,60
10,Meta Mixer: 18 players,2.383599149388623,0.5245487820270099,7.0,0.6842105263157895,0.2864397436594318,0.23981313687518813,0.22643235676588744,0.2473147626994926,0.6158057161672418,0.4196033358425747,0.5675960224998563,0.4481630622888163,3,0,5,1,0.08,0.1,41,117,prob_noisy,20,60
11,Evolved HMM 5,2.366700228587706,0.5078325629173087,6.0,0.9473684210526315,0.3301192739404558,0.17444939008914523,0.2507514616121084,0.24467987435829058,0.8218142442160495,0.3759408362731072,0.22802736760511083,0.20419056060370921,3,0,5,1,0.08,0.1,41,117,prob_noisy,20,60
12,Soft Joss: 0.9,2.3527866002744857,0.6366279069767442,2.0,0.9101412066752247,0.40998980346890934,0.23093667994109948,0.17737428560202997,0.18169923098796117,0.9281532691710702,0.1539173142482346,0.9250043884978574,0.18869985165864975,3,0,5,1,0.08,0.1,41,117,prob_noisy,20,60
13,Tit For Tat,2.3509670154406996,0.5977241465549581,3.0,0.9127086007702182,0.38894766744860704,0.21531474240996035,0.1959910580881088,0.19974653205332382,0.9282765972502739,0.06799544099333751,0.9148509069965808,0.08176703186944888,3,0,5,1,0.08,0.1,41,117,prob_noisy,20,60
14,Win-Stay Lose-Shift,2.3232813239392187,0.5697718391529056,5.0,0.9255455712451861,0.33976467896609613,0.23564034543340587,0.21262453025470146,0.21197044534579662,0.9233819144636225,0.07137383153900703,0.07576504196741576,0.9152645604723372,3,0,5,1,0.08,0.1,41,117,prob_noisy,20,60
15,GTFT: 0.33,2.2676371229389805,0.7209846153846153,2.0,0.9306803594351734,0.4566033516531928,0.26494786983513824,0.14041421029407125,0.13803456821759771,0.9267785510035381,0.35934796890135984,0.924128364421786,0.34896140263692516,3,0,5,1,0.08,0.1,41,117,prob_noisy,20,60
16,"DoubleCrosser: (D, D)",2.1969353623958887,0.6449696500064575,4.0,0.9319640564826701,0.44684221616312464,0.20829787732330693,0.16987439106878738,0.17498551544478108,0.86156374025762,0.7448119405771988,0.4356557097456032,0.2738082273732861,3,0,5,1,0.08,0.1,41,117,prob_noisy,20,60
17,Tit For 2 Tats,2.1591183841957835,0.7615876746311528,1.0,0.9216944801026957,0.509385546387717,0.2634790074472793,0.09549903038287957,0.13163641578212398,0.9168530428123016,0.6828143607024012,0.9096251583809947,0.4338016090980354,3,0,5,1,0.08,0.1,41,117,prob_noisy,20,60
18,Anti Tit For Tat,2.1499227416428957,0.560092920894975,7.0,0.9191270860077022,0.24217407617973014,0.3180396847563723,0.2209242343547132,0.21886200470918435,0.08418938442695113,0.9027982248380935,0.0833325080215441,0.9067324723738337,3,0,5,1,0.08,0.1,41,117,prob_noisy,20,60
19,Cooperator,1.988471177944862,0.925774321189794,1.0,0.9345314505776636,0.5557579328700687,0.36950592763926915,0.039258385956139126,0.03547775353452307,0.9273889720643641,0.9271356248147434,0.9161654698631413,0.9267752715121136,3,0,5,1,0.08,0.1,41,117,prob_noisy,20,60
0,Defector,2.7398567465610473,0.03399329321512242,14.0,0.03560126582278481,0.014493764557855246,0.01957643412078576,0.39035534717514353,0.5755744541462154,0.09560359231411864,0.06368081134402309,0.03565160226793777,0.03142277506645904,3,0,5,1,0.03,0.06,79,97,prob_noisy,17,61
1,Evolved HMM 5,2.6329283681243427,0.5409704899515225,6.0,0.9691455696202531,0.4306296748578977,0.11728169804781255,0.23091568534853382,0.22117294174575594,0.9237580938690835,0.3474930149669645,0.17248279791811236,0.18914031307609258,3,0,5,1,0.03,0.06,79,97,prob_noisy,17,61
2,Meta Winner: 15 players,2.591689257796136,0.15327946768060838,11.0,0.9723101265822784,0.1018726621073845,0.05333961087921283,0.345592030289098,0.4991956967243046,0.5077842185488157,0.10328857185718432,0.12485464932701439,0.04042591114178431,3,0,5,1,0.03,0.06,79,97,prob_noisy,17,61
3,Suspicious Tit For Tat,2.580619272535033,0.5377686698756136,9.0,0.0245253164556962,0.35106987836616566,0.18203820442845384,0.2183239561653606,0.24856796104001982,0.973757788124486,0.028673438427728903,0.9741496504487925,0.028791101949861078,3,0,5,1,0.03,0.06,79,97,prob_noisy,17,61
4,Evolved FSM 16,2.56965648259163,0.5827352085354025,5.0,0.9675632911392406,0.41355273097511785,0.17513459567776796,0.23175829842378504,0.17955437492332926,0.7282818961019604,0.4064620518647658,0.5065272253407577,0.37167721785456664,3,0,5,1,0.03,0.06,79,97,prob_noisy,17,61
5,"DoubleCrosser: (D, D)",2.432830468320398,0.6552609067579127,3.0,0.9699367088607594,0.5394377100410226,0.1262693980943346,0.15635898489935532,0.17793390696528757,0.9429287924501969,0.8001477416809697,0.4485701342073799,0.24543494230494745,3,0,5,1,0.03,0.06,79,97,prob_noisy,17,61
6,Random: 0.5,2.4314523077150954,0.5000242119025713,7.0,0.5055379746835443,0.24507634022198108,0.2544783996096705,0.24259186380892983,0.2578533963594187,0.5081873932156948,0.49927118279643173,0.49879649238178675,0.49121097708830386,3,0,5,1,0.03,0.06,79,97,prob_noisy,17,61
7,Tit For Tat,2.4307439691950563,0.6447662552240256,2.0,0.9636075949367089,0.47317817171443505,0.1741013166307112,0.15993969210366962,0.1927808195511841,0.9732836052353353,0.02880593710900667,0.9770462710834478,0.03445141265757803,3,0,5,1,0.03,0.06,79,97,prob_noisy,17,61
8,Soft Joss: 0.9,2.4216740912672137,0.6923266959830031,2.0,0.9691455696202531,0.4996033029818426,0.18945830017421458,0.14775081241806193,0.16318758442588105,0.9678923092412923,0.12205654733364633,0.9700483785216334,0.11674210101738895,3,0,5,1,0.03,0.06,79,97,prob_noisy,17,61
9,Win-Shift Lose-Stay: D,2.4170304572878103,0.5310434099209468,8.0,0.029272151898734177,0.21448590862754363,0.3180374119463936,0.2507798300325917,0.21669684939347117,0.034688209287695206,0.9676209546330057,0.9695720073344338,0.03181216767129184,3,0,5,1,0.03,0.06,79,97,prob_noisy,17,61
10,Win-Stay Lose-Shift,2.4035151688026306,0.5994723700946907,4.0,0.9699367088607594,0.3808499383511859,0.21731017546356748,0.2021313006706884,0.19970858551455817,0.9645992988256018,0.031568748920057246,0.02953849540811906,0.9659691228824014,3,0,5,1,0.03,0.06,79,97,prob_noisy,17,61
11,Alternator,2.384826798332085,0.5141465242645681,6.0,0.9762658227848101,0.2160171349754969,0.29824204146571015,0.2691992754082475,0.21654154815054544,0.03099483701615126,0.03096552188180787,0.9725849429739526,0.9774096440965898,3,0,5,1,0.03,0.06,79,97,prob_noisy,17,61
12,Meta Mixer: 15 players,2.3568266604337387,0.5351351351351351,6.0,0.7468354430379747,0.30301453496596165,0.2316923548578806,0.22073553624101497,0.24455757393514282,0.6623214445359389,0.3898157533978934,0.6277362239172156,0.3780555855606764,3,0,5,1,0.03,0.06,79,97,prob_noisy,17,61
13,GTFT: 0.33,2.3388815443788986,0.7627603909566592,1.0,0.9659810126582279,0.5542438888572344,0.21743415814477143,0.10649395568106841,0.12182799731692572,0.9665818793340342,0.3495895726779287,0.9757085545526474,0.37442494937909804,3,0,5,1,0.03,0.06,79,97,prob_noisy,17,61
14,Tit For 2 Tats,2.2898563293114207,0.8106382978723404,1.0,0.9778481012658228,0.61945466439914,0.19758179977987686,0.0526830276532539,0.13028050816772924,0.9708558960745277,0.7693540018579842,0.9751070888151812,0.4684147190911609,3,0,5,1,0.03,0.06,79,97,prob_noisy,17,61
15,Anti Tit For Tat,2.179330139585074,0.5813096170683378,7.0,0.9762658227848101,0.2152891128738764,0.3635919736372728,0.22916505258201741,0.19195386090683347,0.030184603244154253,0.9754428379063409,0.033895285105573304,0.9737042179508318,3,0,5,1,0.03,0.06,79,97,prob_noisy,17,61
16,Cooperator,2.0790191743038045,0.9707353559908373,0.0,0.9754746835443038,0.6332394242547569,0.3375430996845641,0.018336323742180766,0.010881152318498287,0.9710581722828904,0.9686127300714292,0.985340027326397,0.9561631944444444,3,0,5,1,0.03,0.06,79,97,prob_noisy,17,61
0,Grudger,2.623405850905851,0.1762348673387607,5.0,0.908235294117647,0.10746589657458216,0.06938831836900601,0.3584565641594302,0.46468922089698167,0.6104149280375616,0.09544365961937817,0.12064202762949675,0.09535118272766221,3,0,5,1,0.1,0.01,85,85,prob_noisy,6,62
1,Meta Winner: 5 players,2.459389426656739,0.2061472362224242,4.0,0.9058823529411765,0.10839894874198301,0.09775858563801443,0.3400853135912677,0.4537571520287348,0.40334805633630877,0.20425197198934045,0.2068723318521101,0.16269167155072836,3,0,5,1,0.1,0.01,85,85,prob_noisy,6,62
2,Evolved HMM 5,2.389763505111343,0.3353120620001649,3.0,0.908235294117647,0.17159173818001963,0.15959906993782225,0.2971533750195338,0.3716558168626243,0.7228380060501924,0.32383889640599983,0.17566048062554707,0.2162243381680747,3,0,5,1,0.1,0.01,85,85,prob_noisy,6,62
3,Soft Joss: 0.9,2.106866520903032,0.5278595974472263,1.0,0.908235294117647,0.2883424050655074,0.23080141230135015,0.17522676997000364,0.3056294126631388,0.9053047328978836,0.1728705618574019,0.8940132887097502,0.1796881641046091,3,0,5,1,0.1,0.01,85,85,prob_noisy,6,62
4,Alternator,1.9001524330662498,0.5034953731765467,2.0,0.9058823529411765,0.16212355468758144,0.3413893345414116,0.21883694089986636,0.27765016987114055,0.10001755018279501,0.10665656750073071,0.8960746539122407,0.9063077163445806,3,0,5,1,0.1,0.01,85,85,prob_noisy,6,62
5,Cooperator,1.4868215182040088,0.9008317855123961,0.0,0.8894117647058823,0.3691410208244109,0.5315258412048323,0.04070359835233493,0.05862953961842199,0.9004804275403491,0.9019299407991344,0.9023980222612922,0.8876589961927122,3,0,5,1,0.1,0.01,85,85,prob_noisy,6,62
0,Defector,2.7840505899329426,0.008154020385050963,15.0,0.012170385395537525,0.0040416393292075645,0.004440627983252267,0.39590161127884493,0.5956161214086952,0.0,0.0,0.012497780417096637,0.012393699482261735,3,0,5,1,0.01,0.09,29,20,prob_noisy,18,63
1,Suspicious Tit For Tat,2.667234255556055,0.4926660914581536,9.0,0.016227180527383367,0.28955903970707175,0.2080038642703184,0.2675887998955241,0.23484829612708577,0.9905136665780153,0.02805400978015457,0.9864868079004403,0.022748643129573788,3,0,5,1,0.01,0.09,29,20,prob_noisy,18,63
2,Evolved FSM 16,2.609640522875817,0.6134219554030875,4.0,0.9837728194726166,0.4678131794647934,0.15098285370242182,0.23669513935457603,0.14450882747820867,0.7974191599608298,0.413464387267123,0.5491941177467428,0.36339666035682416,3,0,5,1,0.01,0.09,29,20,prob_noisy,18,63
3,Cycler DC,2.5647531064212905,0.47784200385356457,7.0,0.012170385395537525,0.19250468761332376,0.2849131377397844,0.2964663327814424,0.2261158418654494,0.1355983278570553,0.06423772710251482,0.9626632018720448,0.9366824835973871,3,0,5,1,0.01,0.09,29,20,prob_noisy,18,63
4,Evolved HMM 5,2.480142252979623,0.6232456140350877,4.0,0.9918864097363083,0.48620571558498893,0.13111002927230908,0.21525758223278738,0.16742667290991467,0.9803260842305667,0.43199331426350823,0.2514900644354162,0.1874157238435256,3,0,5,1,0.01,0.09,29,20,prob_noisy,18,63
5,Win-Shift Lose-Stay: D,2.440701128936423,0.5414793624846751,7.0,0.008113590263691683,0.20816362495710355,0.31682015943979175,0.26244687035698255,0.2125693452461221,0.028893847991209795,0.990292935411059,0.9908499593538121,0.029056448094203467,3,0,5,1,0.01,0.09,29,20,prob_noisy,18,63
6,Meta Winner: 16 players,2.4036606668185616,0.29172836894436216,11.0,0.9939148073022313,0.1703089306709767,0.1255066089711177,0.3167707699018921,0.38741369045601354,0.5768626939545473,0.4077970322010336,0.09327792666969853,0.11165812397501976,3,0,5,1,0.01,0.09,29,20,prob_noisy,18,63
7,Bully,2.394607843137255,0.49613899613899615,8.0,0.018255578093306288,0.1827628751274613,0.3137791221541146,0.26008058883790974,0.24337741388051448,0.022447104020042224,0.9636864688462606,0.02706294308904174,0.994334098286068,3,0,5,1,0.01,0.09,29,20,prob_noisy,18,63
8,Meta Mixer: 16 players,2.3909313725490198,0.5255854293148309,7.0,0.6713995943204868,0.294940242001828,0.22936505270677002,0.23336177747216685,0.2423329278192351,0.6026874024540263,0.41144583964030007,0.5886833826035207,0.40394933216359163,3,0,5,1,0.01,0.09,29,20,prob_noisy,18,63
9,Tit For Tat,2.3909231867709373,0.65234375,0.0,0.9959432048681541,0.47539678660732093,0.1993012691154009,0.17045784001435746,0.1548441042629208,0.9890888830104695,0.020849196705610216,0.9943708252531782,0.02203525641025641,3,0,5,1,0.01,0.09,29,20,prob_noisy,18,63
10,Soft Joss: 0.9,2.3830065359477124,0.7105098855359001,0.0,0.9898580121703854,0.5113839722505689,0.20377543911691393,0.14921328020753988,0.1356273084249774,0.9885911054141177,0.15528732064087683,0.9889965167173478,0.16655360220570306,3,0,5,1,0.01,0.09,29,20,prob_noisy,18,63
11,Alternator,2.3737861811391223,0.5256059009483667,5.0,0.9878296146044625,0.23909109183155194,0.2870406261891809,0.2641767794230539,0.20969150255621327,0.02631307903114445,0.02219921560026531,0.9892827386061867,0.9828884427768299,3,0,5,1,0.01,0.09,29,20,prob_noisy,18,63
12,Random: 0.5,2.343098323245382,0.49959514170040487,8.0,0.48073022312373226,0.2428894441692849,0.25771482880130825,0.2503843087119811,0.24901141831742568,0.49723320106954794,0.5146262642414487,0.48066570722414015,0.5266469947922027,3,0,5,1,0.01,0.09,29,20,prob_noisy,18,63
13,"DoubleCrosser: (D, D)",2.307703081232493,0.7222462203023758,2.0,0.9939148073022313,0.5605971357623939,0.18148492678092015,0.14139389557129564,0.11652404188539014,0.9593872527618466,0.8658499120812728,0.5561583347367101,0.02776911351080873,3,0,5,1,0.01,0.09,29,20,prob_noisy,18,63
14,Win-Stay Lose-Shift,2.30718954248366,0.6780456582035417,2.0,0.9898580121703854,0.48246886216024976,0.2027567048037389,0.1490538304760648,0.16572060255994647,0.9940513378988928,0.05476119093171274,0.04344785706134559,0.9901960784313727,3,0,5,1,0.01,0.09,29,20,prob_noisy,18,63
15,GTFT: 0.33,2.283333333333333,0.7861952861952862,0.0,0.9939148073022313,0.5571683809601662,0.23385877123973908,0.09644826096120018,0.11252458683889448,0.9931721625078531,0.4099542262008361,0.9991197183098591,0.4318424164712474,3,0,5,1,0.01,0.09,29,20,prob_noisy,18,63
16,Tit For 2 Tats,2.1157401422107305,0.8394024276377218,0.0,0.9776876267748479,0.6043157297768643,0.23757311830476155,0.048521981111169295,0.10958917080720493,0.9894365587770075,0.7824833739885508,0.9882352941176471,0.3062402405699507,3,0,5,1,0.01,0.09,29,20,prob_noisy,18,63
17,Anti Tit For Tat,1.9834033613445377,0.6020579588408231,5.0,0.9918864097363083,0.23988641679352973,0.3709269672992878,0.18513445930234299,0.2040521566048395,0.024088804703888425,0.9910614643323706,0.017086522333395707,0.9825149700998296,3,0,5,1,0.01,0.09,29,20,prob_noisy,18,63
0,Defector,2.9717803322408587,0.06976744186046512,5.0,0.09090909090909091,0.03766294540892255,0.03270059032995755,0.4773633930405844,0.4522730712205355,0.11240815714499924,0.11262763504611331,0.0600500099997065,0.07477576849675736,3,0,5,1,0.07,0.04,22,195,prob_noisy,6,64
1,Meta Mixer: 5 players,2.0931113721804513,0.4457831325301205,3.0,0.7545454545454545,0.20121006119153312,0.24105612435643606,0.2323691442743973,0.3253646701776335,0.4018949220387789,0.3904264667977748,0.4312888553885273,0.46524405038158323,3,0,5,1,0.07,0.04,22,195,prob_noisy,6,64
2,Win-Stay Lose-Shift,2.03131013016412,0.5373931623931624,1.5,0.9363636363636364,0.24792054579938094,0.28887045506159065,0.18529592386120552,0.2779130752778229,0.9359772813995129,0.07227007831563186,0.06271187659342331,0.932466314053603,3,0,5,1,0.07,0.04,22,195,prob_noisy,6,64
3,Alternator,1.972539126067758,0.5130616509926855,1.0,0.9272727272727272,0.23330893524351964,0.27948933274490684,0.19334608099376469,0.29385565101780886,0.06807391920955363,0.060869808545074476,0.930707986898463,0.9676498812300942,3,0,5,1,0.07,0.04,22,195,prob_noisy,6,64
4,Soft Joss: 0.9,1.9644277806324113,0.48546824542518835,0.0,0.9454545454545454,0.20337462920132027,0.28944178308287094,0.2006082999001868,0.30657528781562193,0.9320610284024919,0.1637222419145254,0.9300697049402459,0.17972672096666928,3,0,5,1,0.07,0.04,22,195,prob_noisy,6,64
5,Anti Tit For Tat,1.892154854245037,0.5615978516280631,2.0,0.9363636363636364,0.2595794049737348,0.3175164342334094,0.1600918777390328,0.26281228305382304,0.061083917611401015,0.9264594980194051,0.10949488287312477,0.9216185282212125,3,0,5,1,0.07,0.04,22,195,prob_noisy,6,64
0,Defector,2.911946386946387,0.08070751981442104,6.0,0.07602339181286549,0.03797684230272712,0.042738696161929074,0.4259702452000102,0.4933142163353336,0.07488585245164192,0.09022138990276245,0.08046272438346357,0.08409159543520743,3,0,5,1,0.08,0.03,57,111,prob_noisy,7,65
1,Evolved HMM 5,2.495662012518055,0.3581007611453425,3.0,0.8918128654970761,0.18733347707958325,0.1594169534335572,0.33131428241887134,0.3219352870679882,0.6619566086777462,0.38749806775450785,0.1689957871411125,0.21329977974978045,3,0,5,1,0.08,0.03,57,111,prob_noisy,7,65
2,"DoubleCrosser: (D, D)",2.429937022042285,0.3473460721868365,3.0,0.9035087719298246,0.2108343120575963,0.1314344983107003,0.3286914803402609,0.3290397092914424,0.6270200383331513,0.6022907562327275,0.21110846308193768,0.09813563980992084,3,0,5,1,0.08,0.03,57,111,prob_noisy,7,65
3,Tit For Tat,2.0975879509482107,0.48253488578792997,2.0,0.9298245614035088,0.2851370809208231,0.19049382764949674,0.16963484397723083,0.3547342474524493,0.9204080493214333,0.08249570092756953,0.9233441067670048,0.07525892192710833,3,0,5,1,0.08,0.03,57,111,prob_noisy,7,65
4,Meta Mixer: 6 players,2.075900391341568,0.3766073630438612,3.0,0.6403508771929824,0.13940968762007344,0.2357929400590938,0.2536349591955283,0.37116241312530446,0.3446796094989233,0.41185557962633995,0.31262326833314424,0.4022025240497173,3,0,5,1,0.08,0.03,57,111,prob_noisy,7,65
5,Bully,1.755550193050193,0.6420069584325215,2.0,0.07602339181286549,0.15092069766088906,0.4951005570756679,0.15171964939615845,0.20225909586728452,0.06765006028929278,0.9163264528983416,0.09815924211975514,0.920062251345355,3,0,5,1,0.08,0.03,57,111,prob_noisy,7,65
6,Anti Tit For Tat,1.4403633948514731,0.6769829503335805,1.0,0.935672514619883,0.16579760078072203,0.5242734062101865,0.1182854183725713,0.19164357463652024,0.07456570720690453,0.9201537318941627,0.07890302760974859,0.9264721465078157,3,0,5,1,0.08,0.03,57,111,prob_noisy,7,65
0,Defector,2.7201538158556553,0.058846813563794696,16.0,0.06731352334748332,0.024060311409810728,0.0346838652818775,0.3879028886299554,0.5533529346783562,0.06074239551172143,0.06310527833081252,0.05667900911315008,0.05936331191311715,3,0,5,1,0.06,0.04,97,62,prob_noisy,18,66
1,Grudger,2.610979545167511,0.2602786811559715,11.0,0.9345057610673135,0.19978869059540022,0.061244824855091015,0.31502271129309833,0.4239437732564105,0.6920858512077732,0.0679829804304587,0.11990617742265484,0.05980856767743236,3,0,5,1,0.06,0.04,97,62,prob_noisy,18,66
2,Meta Winner: 16 players,2.5199287525993244,0.17424545139721356,13.0,0.9514857489387507,0.09852133334923582,0.07632334044611915,0.3426125306831516,0.4825427955214933,0.45006077311710124,0.30931963144794417,0.10444285515978402,0.11118982411197265,3,0,5,1,0.06,0.04,97,62,prob_noisy,18,66
3,Evolved HMM 5,2.5169823778540055,0.438490705145084,8.0,0.9442086112795633,0.29101500383777223,0.13990552813306859,0.2743941236941199,0.29468534433503935,0.8185905545604076,0.36298464896461446,0.1717094469167011,0.19302306941527145,3,0,5,1,0.06,0.04,97,62,prob_noisy,18,66
4,Evolved FSM 16,2.468856472252058,0.4819817470664928,8.0,0.9423893268647665,0.29076748695798615,0.19234478684951473,0.2630211252438408,0.25386660094865826,0.6408959881525818,0.40695490302319726,0.37883878207502153,0.33888504778988093,3,0,5,1,0.06,0.04,97,62,prob_noisy,18,66
5,Tit For Tat,2.365559173766005,0.5795238457442763,4.0,0.9332929047907823,0.3787548775187762,0.19768414336867166,0.1895595490820229,0.23400143003052917,0.9345995600539418,0.061905119963084676,0.942733270447129,0.05997715770648443,3,0,5,1,0.06,0.04,97,62,prob_noisy,18,66
6,"DoubleCrosser: (D, D)",2.3593566491709956,0.5329510622555755,5.0,0.9363250454821104,0.3950050362000274,0.13717118270108658,0.20464911387663548,0.2631746672222506,0.8574700876212801,0.6911660552995171,0.3223913858410227,0.11589120409757926,3,0,5,1,0.06,0.04,97,62,prob_noisy,18,66
7,Soft Joss: 0.9,2.3387060247957256,0.6118147867645138,3.0,0.944815039417829,0.3956614171959987,0.21833312702575491,0.17493028178367062,0.21107517399457584,0.94169510275755,0.14820576058004545,0.9381161568201533,0.15448598228016164,3,0,5,1,0.06,0.04,97,62,prob_noisy,18,66
8,Win-Stay Lose-Shift,2.302139550142147,0.5574283139873853,6.0,0.9466343238326258,0.31223556311371203,0.24498111470695125,0.21143493381538855,0.2313483883639481,0.9429827963109332,0.05389264245389975,0.0639678215692531,0.9421236017109897,3,0,5,1,0.06,0.04,97,62,prob_noisy,18,66
9,Meta Mixer: 16 players,2.2835665299388546,0.4893628980130961,7.0,0.6889023650697392,0.2526799432773577,0.23679446805443038,0.2225554009962346,0.2879701876719773,0.5975649224250728,0.4077679696600043,0.5579353213657711,0.38837885868085825,3,0,5,1,0.06,0.04,97,62,prob_noisy,18,66
10,Win-Shift Lose-Stay: D,2.2808144690042966,0.5362008511549476,7.0,0.05154639175257732,0.2092898579180233,0.32570419163216896,0.2367348065694512,0.22827114388035663,0.05909758974254773,0.9433602097888178,0.9433705768256742,0.06386885995928465,3,0,5,1,0.06,0.04,97,62,prob_noisy,18,66
11,Cycler DC,2.2598022145418972,0.49008939974457216,7.0,0.058823529411764705,0.19190017786846467,0.29810668784332345,0.25264860959376806,0.2573445246944438,0.13536971835418066,0.11619267899047993,0.8839610696032221,0.8496742635692252,3,0,5,1,0.06,0.04,97,62,prob_noisy,18,66
12,GTFT: 0.33,2.258853011760304,0.7029599414287209,2.0,0.944815039417829,0.44467058294797107,0.258935980601459,0.1346153203350432,0.16177811611552687,0.9381804880118334,0.3542398295266069,0.9440020101720996,0.36704993469528846,3,0,5,1,0.06,0.04,97,62,prob_noisy,18,66
13,Random: 0.5,2.2189076678416835,0.5006850758853288,7.0,0.5118253486961795,0.22414709201967556,0.27635829779141213,0.22421730725225178,0.2752773029366605,0.4950122325682247,0.49650826958918015,0.4967142364051778,0.5052195598137091,3,0,5,1,0.06,0.04,97,62,prob_noisy,18,66
14,Alternator,2.2116391788571534,0.5104895104895105,6.0,0.9363250454821104,0.21022092427307187,0.3004074122803301,0.2397508314507515,0.24962083199584661,0.05416495812965115,0.0661303721266188,0.9454623740854634,0.9405579733939735,3,0,5,1,0.06,0.04,97,62,prob_noisy,18,66
15,Bully,2.1830831634846355,0.5480724443104913,8.0,0.06549423893268648,0.18828976634659703,0.364498738980752,0.2267628110588177,0.2204486836138332,0.06740555450661502,0.9348732345245462,0.05887418681127939,0.9444462102307282,3,0,5,1,0.06,0.04,97,62,prob_noisy,18,66
16,Tit For 2 Tats,2.15804601904874,0.7674037460978148,1.0,0.947847180109157,0.5207145257128092,0.2407254326143924,0.07813602327311504,0.16042401839968337,0.9403747662568308,0.7054183852813689,0.9338286400726804,0.35904529244483213,3,0,5,1,0.06,0.04,97,62,prob_noisy,18,66
17,Cooperator,1.9264735482336353,0.9409378549407756,1.0,0.9338993329290479,0.532306754930598,0.4086491926628147,0.033903947197901865,0.025140105208685502,0.9432552773033879,0.9470888640961997,0.9471632680385236,0.9437564345662743,3,0,5,1,0.06,0.04,97,62,prob_noisy,18,66
0,Defector,2.7394448679694845,0.09728867623604466,8.0,0.09558823529411764,0.0398149437397467,0.057801511081504685,0.3830337643604839,0.5193497808182648,0.10373933437812895,0.08940382004421414,0.10744757072733639,0.08665006879862205,3,0,5,1,0.1,0.07,68,78,prob_noisy,9,67
1,Cycler DC,2.5895959549575105,0.49069115021678145,4.0,0.10294117647058823,0.22298221445900496,0.2675868334091193,0.3000719076932541,0.20935904443862172,0.2282073054462876,0.17867160781074676,0.8488484476953595,0.7875757777907337,3,0,5,1,0.1,0.07,68,78,prob_noisy,9,67
2,Meta Winner: 8 players,2.481099489569884,0.2257438551099612,5.0,0.9117647058823529,0.13055993281582537,0.09774969823301369,0.3315975516775218,0.44009281727363914,0.37185136446989897,0.29752252585930555,0.135937018246065,0.10955026357726834,3,0,5,1,0.1,0.07,68,78,prob_noisy,9,67
3,Random: 0.5,2.3767883765540017,0.500991571641051,4.0,0.5294117647058824,0.25119190470206354,0.24853913012482917,0.25344142853245494,0.24682753664065232,0.4842610316476964,0.4750377114424733,0.490214920369956,0.5174175320853189,3,0,5,1,0.1,0.07,68,78,prob_noisy,9,67
4,Win-Stay Lose-Shift,2.26629152447076,0.5478852698104035,2.0,0.9007352941176471,0.2972187519541942,0.25126698724420726,0.21863560874904858,0.23287865205254993,0.9107452238983896,0.10018274788855078,0.08957110148310524,0.8973930511606851,3,0,5,1,0.1,0.07,68,78,prob_noisy,9,67
5,Tit For Tat,2.2469857259675807,0.552005679801207,2.0,0.9227941176470589,0.340604121998364,0.20934249513370867,0.19200586144791604,0.2580475214200113,0.9060520332473109,0.10018653948697519,0.897084252087357,0.09456441512665081,3,0,5,1,0.1,0.07,68,78,prob_noisy,9,67
6,Soft Joss: 0.9,2.230510547611269,0.5708421299554305,2.0,0.8933823529411765,0.3445587764302737,0.2283215087786803,0.18201713522561666,0.24510257956542927,0.898646062051705,0.1716808871572435,0.8903596041822981,0.17197354218477592,3,0,5,1,0.1,0.07,68,78,prob_noisy,9,67
7,Tit For 2 Tats,2.0682638888888887,0.7191994996873046,0.0,0.8952205882352942,0.45479289071005313,0.2567157245779603,0.1025039221965131,0.1859874625154733,0.9171504384334787,0.6552273145103513,0.8855455900303801,0.37504440812949846,3,0,5,1,0.1,0.07,68,78,prob_noisy,9,67
8,Cooperator,1.9125099383820312,0.9002166433031732,0.0,0.9099264705882353,0.500685184733923,0.3996617310404623,0.053678439740676584,0.04597464448493811,0.907105555758323,0.8787586757869892,0.9325518335788379,0.8937257577602846,3,0,5,1,0.1,0.07,68,78,prob_noisy,9,67
0,Defector,2.93324365243092,0.09888892509204653,10.0,0.08829787234042553,0.048339338491761176,0.05073413402071789,0.43682662797592287,0.464099899511598,0.09099521397060013,0.09100830224394042,0.1022916326413413,0.09841033299174748,3,0,5,1,0.1,0.03,94,102,prob_noisy,11,68
1,Evolved HMM 5,2.5679176696319552,0.3642818683537488,6.0,0.9042553191489362,0.225025699568489,0.1396265156751387,0.32572219799084257,0.3096255867655297,0.7315312870419516,0.31915365140841906,0.1845104796396106,0.20739562651423576,3,0,5,1,0.1,0.03,94,102,prob_noisy,11,68
2,"DoubleCrosser: (D, D)",2.4560029951199467,0.4200325246423949,5.0,0.8904255319148936,0.2937749799403648,0.12990659058598858,0.27378043330305324,0.3025379961705934,0.7534863560748118,0.5842362891999547,0.2503101667968743,0.16026784865622046,3,0,5,1,0.1,0.03,94,102,prob_noisy,11,68
3,Random: 0.5,2.36200911050962,0.5006615327204261,5.0,0.5031914893617021,0.2489006931828622,0.2515960754091802,0.2416291451845559,0.25787408622340174,0.4939826026603892,0.4920555496767626,0.5110125262268946,0.5099054500455982,3,0,5,1,0.1,0.03,94,102,prob_noisy,11,68
4,Alternator,2.326033791323633,0.5069061235410187,5.0,0.8893617021276595,0.2520642080436693,0.2548242619690793,0.23733386955736088,0.25577766042989036,0.09802481621945075,0.10026309972896011,0.8991763982173457,0.9006734614571854,3,0,5,1,0.1,0.03,94,102,prob_noisy,11,68
5,Soft Joss: 0.9,2.316306034947867,0.5930199631884469,2.0,0.9085106382978724,0.3659658989063881,0.222445089795856,0.18708456584760738,0.22450444545014844,0.8964506251866627,0.174561400911326,0.8935401908530857,0.17861946440038604,3,0,5,1,0.1,0.03,94,102,prob_noisy,11,68
6,Win-Stay Lose-Shift,2.301931866811313,0.5264668257096429,4.0,0.8904255319148936,0.2761542293726874,0.25114064072621217,0.22614261327540058,0.2465625166256999,0.8917374966453021,0.09034251057597141,0.10406102513308416,0.8995568081141185,3,0,5,1,0.1,0.03,94,102,prob_noisy,11,68
7,Meta Mixer: 10 players,2.283296950889235,0.5043565799979172,4.0,0.7904255319148936,0.26414790085207873,0.24092842017296306,0.23208351515416883,0.2628401638207893,0.5322962621895755,0.47709199736930274,0.5109802668091002,0.4639011422171146,3,0,5,1,0.1,0.03,94,102,prob_noisy,11,68
8,Anti Tit For Tat,2.2242851091630635,0.5609142783455302,5.0,0.8968085106382979,0.21925300777629336,0.32867305445904627,0.23843814634435995,0.21363579142030048,0.10628900156473793,0.9045952350624104,0.1002504233877622,0.9008002976788594,3,0,5,1,0.1,0.03,94,102,prob_noisy,11,68
9,Tit For 2 Tats,2.1185366810861286,0.720057571707618,1.0,0.9074468085106383,0.441398840899519,0.2704224228963462,0.11928156379932993,0.16889717240480495,0.895489006252201,0.6399703295196175,0.8989064593215487,0.33029734103586383,3,0,5,1,0.1,0.03,94,102,prob_noisy,11,68
10,Cooperator,1.8449592223892797,0.900548268443334,1.0,0.8946808510638298,0.47016215089925745,0.43048010546009463,0.05245463273802092,0.04690311090262697,0.8990606181520437,0.9010050891279656,0.9009687030720247,0.9081013441912361,3,0,5,1,0.1,0.03,94,102,prob_noisy,11,68
0,Defector,3.3356977513227513,0.0621722027972028,6.0,0.06076388888888889,0.03844967460243849,0.02341235973927505,0.5651790811676357,0.3729588844906508,0.07193048299605677,0.13070851639817158,0.06430218995078885,0.06401382239100549,3,0,5,1,0.06,0.06,96,194,prob_noisy,7,69
1,Evolved FSM 16,2.580324074074074,0.48158726920330513,3.0,0.9288194444444444,0.308268038771697,0.16458640739846608,0.29727044561898913,0.2298751082108478,0.669496252879823,0.3109542334794251,0.31232458689678005,0.2945281199044049,3,0,5,1,0.06,0.06,96,194,prob_noisy,7,69
2,Meta Mixer: 6 players,2.3610006313131313,0.5253603844100374,3.0,0.8142361111111112,0.27557277834155325,0.2502028237048869,0.2294114726833515,0.24481292527020834,0.5336347269440723,0.49339177433324166,0.48479322556656673,0.4957574599226436,3,0,5,1,0.06,0.06,96,194,prob_noisy,7,69
3,Anti Tit For Tat,2.2751241725354996,0.5488578041662474,3.0,0.9444444444444444,0.1937913743243116,0.36517036927884566,0.2716297898713029,0.16940846652553984,0.056108039091353236,0.9546546113407556,0.061842844170545155,0.9537803672509382,3,0,5,1,0.06,0.06,96,194,prob_noisy,7,69
4,Soft Joss: 0.9,2.2705771392294007,0.6089008042895442,1.0,0.9357638888888888,0.400588682163882,0.20810401791556485,0.14597129729737812,0.245336002623175,0.9425055048555372,0.1446178243166725,0.9404731161818733,0.17627493784862783,3,0,5,1,0.06,0.06,96,194,prob_noisy,7,69
5,Win-Stay Lose-Shift,2.2051990493166964,0.5871232580749703,2.0,0.9496527777777778,0.3491516976184323,0.2408028134131067,0.17901658005237128,0.23102890891608974,0.9275227693252553,0.04560098841505663,0.0758497506121109,0.9443693783815105,3,0,5,1,0.06,0.06,96,194,prob_noisy,7,69
6,Cooperator,1.7381241274533958,0.9393265244210739,0.0,0.9600694444444444,0.47377463653969665,0.46569565103664834,0.029495775795764845,0.03103393662789015,0.9395039696276893,0.937343508805773,0.9182724814063558,0.9635124307764816,3,0,5,1,0.06,0.06,96,194,prob_noisy,7,69
0,Grudger,2.5353080275308058,0.14488448844884488,12.0,0.9191489361702128,0.09238241319791028,0.05340114584640154,0.3484433764883944,0.5057730644672938,0.520269561771154,0.08017251406766844,0.08857430406259525,0.0707635164354499,3,0,5,1,0.07,0.01,47,84,prob_noisy,16,70
1,Defector,2.517198336928795,0.07056759804535773,14.0,0.062411347517730496,0.027124760785456545,0.04353268220966614,0.3636778033829456,0.5656647536219317,0.07842712107023653,0.06981334734413398,0.06973464287791237,0.07304969558098762,3,0,5,1,0.07,0.01,47,84,prob_noisy,16,70
2,Evolved HMM 5,2.502044054202666,0.340488638648703,9.0,0.9276595744680851,0.19591800793294933,0.14329761202931693,0.30706408518091155,0.3537202948568222,0.7151220045664135,0.35912990251460164,0.16288154848939052,0.1996370554610184,3,0,5,1,0.07,0.01,47,84,prob_noisy,16,70
3,"DoubleCrosser: (D, D)",2.4483832114297437,0.3087860564672307,8.0,0.924822695035461,0.20684290509715533,0.10429773003939415,0.29548121824316714,0.3933781466202833,0.7267298396328792,0.5321834519043697,0.20436696324463863,0.08069362649156998,3,0,5,1,0.07,0.01,47,84,prob_noisy,16,70
4,Meta Winner: 15 players,2.4428710659397033,0.1167984639094515,13.0,0.9290780141843972,0.05534961923870256,0.06155971751840901,0.34664252426708225,0.5364481389758062,0.3266504252154942,0.23373257503272077,0.08841348163046082,0.0833019945419415,3,0,5,1,0.07,0.01,47,84,prob_noisy,16,70
5,Evolved FSM 16,2.332893772893773,0.37343706585162545,8.0,0.9333333333333333,0.15962967748620144,0.2070401519717176,0.3132147692606705,0.3201154012814105,0.4943859850718026,0.4042468393271211,0.2824046642152202,0.32601254847687966,3,0,5,1,0.07,0.01,47,84,prob_noisy,16,70
6,Suspicious Tit For Tat,2.1784896584896587,0.44629149509430127,7.0,0.07092198581560284,0.23073370461498258,0.2162022971449332,0.21778576026657706,0.3352782379735071,0.9236533378305273,0.0661697847530442,0.9261545490925207,0.06500784221939121,3,0,5,1,0.07,0.01,47,84,prob_noisy,16,70
7,Tit For Tat,2.1397419184454836,0.4835514156871442,4.0,0.9290780141843972,0.26317745578735124,0.21938401489221523,0.20627611295353301,0.3111624163669005,0.9274842912851718,0.07258311323957538,0.9339974076152203,0.06823731854381013,3,0,5,1,0.07,0.01,47,84,prob_noisy,16,70
8,Win-Stay Lose-Shift,1.9898684213545226,0.4991744634012108,5.0,0.9319148936170213,0.20175364979787663,0.2995650845539534,0.20711168819511808,0.29156957745305184,0.9245694456615089,0.07064497665735846,0.07205103170616793,0.929044107823199,3,0,5,1,0.07,0.01,47,84,prob_noisy,16,70
9,Tit For 2 Tats,1.9267990580026817,0.6724367175936379,0.0,0.9304964539007092,0.397401367480926,0.2785444787252362,0.09635965211607589,0.227694501677762,0.9343062258466339,0.6371051476556077,0.9254866934277083,0.23587587083231132,3,0,5,1,0.07,0.01,47,84,prob_noisy,16,70
10,Random: 0.5,1.9014646387062237,0.4946030465045899,5.0,0.48652482269503544,0.1870531760778739,0.3073403067569049,0.19296106691672882,0.3126454502484924,0.489883539955636,0.4976518584308389,0.5025008707394051,0.4946223422299924,3,0,5,1,0.07,0.01,47,84,prob_noisy,16,70
11,Cycler DC,1.8694184783998111,0.4980175622096276,5.0,0.04964539007092199,0.1823495630684257,0.31566056054204705,0.19121885273968817,0.3107710236498391,0.14915879002858898,0.1523586348470808,0.8548726997194185,0.8540527825246638,3,0,5,1,0.07,0.01,47,84,prob_noisy,16,70
12,Alternator,1.8607984473846308,0.5044149039394528,4.0,0.9361702127659575,0.18850150885528522,0.3158929199413841,0.18710446654378143,0.3085011046595493,0.06585691017713254,0.06679834156964384,0.932201311511665,0.932470371230514,3,0,5,1,0.07,0.01,47,84,prob_noisy,16,70
13,Win-Shift Lose-Stay: D,1.8122655122655122,0.5359174694682546,4.0,0.08368794326241134,0.173097975740532,0.36071686810646436,0.18668775236687346,0.27949740378613014,0.06650396796597188,0.9318229750891422,0.9252714939253964,0.07313797397272426,3,0,5,1,0.07,0.01,47,84,prob_noisy,16,70
14,Bully,1.692144088207218,0.6076911648177497,5.0,0.07801418439716312,0.19661542076438038,0.415869496234234,0.1607055560183013,0.22680952698308426,0.07484800042164645,0.9275116948432534,0.07363768695221458,0.930898444404617,3,0,5,1,0.07,0.01,47,84,prob_noisy,16,70
15,Anti Tit For Tat,1.6076973190208486,0.629061745849889,4.0,0.9120567375886525,0.205226882054546,0.4265224249809373,0.14809280655336643,0.22015788641115022,0.06491730991594788,0.931456162100017,0.0633952523499995,0.9320734650252543,3,0,5,1,0.07,0.01,47,84,prob_noisy,16,70
0,Defector,2.6994550359407583,0.09137279043180019,11.0,0.10384615384615385,0.036166748750721484,0.055276429706169715,0.3861509602519205,0.5224058612911884,0.09307503504274249,0.10540634680040332,0.0863924223223551,0.09207110824745476,3,0,5,1,0.09,0.07,60,143,prob_noisy,14,71
1,Grudger,2.491755412461934,0.29635528904712827,8.0,0.9217948717948717,0.2089246578135439,0.09159518312617286,0.3163155429071358,0.3831646161531474,0.6061117995882973,0.08295124144123199,0.14829776326303065,0.09700150060879878,3,0,5,1,0.09,0.07,60,143,prob_noisy,14,71
2,Evolved FSM 16,2.4650561998388083,0.48736955037549984,5.0,0.9025641025641026,0.3180143504441775,0.1856875422000406,0.2672610307877908,0.2290370765679912,0.5983698166279826,0.3661189098043175,0.44705163991482305,0.3281333198147911,3,0,5,1,0.09,0.07,60,143,prob_noisy,14,71
3,Suspicious Tit For Tat,2.446127516110794,0.49756782039289055,7.0,0.09358974358974359,0.29400895272952393,0.20429402631322072,0.24304858288000683,0.2586484380772486,0.912474580951667,0.09304772254347987,0.8960610674002883,0.08977767659284527,3,0,5,1,0.09,0.07,60,143,prob_noisy,14,71
4,Cycler DC,2.430108973393142,0.4899213594865769,6.0,0.08846153846153847,0.2158981531452864,0.2732581480146825,0.27663028351600655,0.23421341532402457,0.2100841996754455,0.1708686222628234,0.8491728577338535,0.8066425437065282,3,0,5,1,0.09,0.07,60,143,prob_noisy,14,71
5,Win-Shift Lose-Stay: D,2.4025328837828837,0.48855989232839836,6.0,0.1,0.2301131493894925,0.2589547660485256,0.2608140047858212,0.25011807977616074,0.10074430124896899,0.9238742061066592,0.906347081517408,0.10036365081437924,3,0,5,1,0.09,0.07,60,143,prob_noisy,14,71
6,Meta Mixer: 13 players,2.384443004154173,0.49814684080480054,5.0,0.6243589743589744,0.2711309308389978,0.23149098847097027,0.23973175086323364,0.2576463298267983,0.5947220106815128,0.4038922008507194,0.5727959654787539,0.39875540066827325,3,0,5,1,0.09,0.07,60,143,prob_noisy,14,71
7,Alternator,2.3704954431768948,0.5187366623986343,5.0,0.9141025641025641,0.2320367051953725,0.2868452684238013,0.2685687437001784,0.21254928268064782,0.08247024855942554,0.09741381148250837,0.9221157804235636,0.9301501785748717,3,0,5,1,0.09,0.07,60,143,prob_noisy,14,71
8,Tit For Tat,2.3513035341476636,0.5708131868131868,3.0,0.8974358974358975,0.36343217544986894,0.21845830311523765,0.20769376581585594,0.2104157556190375,0.9058212952884406,0.08906733032250289,0.9245658040135141,0.08725389009730898,3,0,5,1,0.09,0.07,60,143,prob_noisy,14,71
9,Bully,2.2748750210736213,0.5148131868131868,6.0,0.09871794871794871,0.20226611473728637,0.31099991742996025,0.2445448791773178,0.24218908865543565,0.09416280129096474,0.8996855553377776,0.0813064468028828,0.916074275324502,3,0,5,1,0.09,0.07,60,143,prob_noisy,14,71
10,"DoubleCrosser: (D, D)",2.2743764589594857,0.5960992583096786,3.0,0.9115384615384615,0.4232499802256156,0.18209559089123747,0.18317399315193153,0.21148043573121544,0.8361323936197356,0.7103398762943949,0.41295395739709845,0.1806400394472139,3,0,5,1,0.09,0.07,60,143,prob_noisy,14,71
11,GTFT: 0.33,2.206010419237055,0.6958580980683506,2.0,0.8974358974358975,0.42820708734887264,0.2693614262932758,0.15746079004450758,0.144970696313344,0.9037858165924568,0.3497668158764371,0.9045146587359512,0.3869075652493689,3,0,5,1,0.09,0.07,60,143,prob_noisy,14,71
12,Tit For 2 Tats,2.113397519359159,0.776358121150841,1.0,0.908974358974359,0.5118833973393556,0.2633981680004439,0.09077652628973382,0.1339419083704667,0.9114232945173032,0.7182724098490127,0.9098221859974447,0.4090815522781402,3,0,5,1,0.09,0.07,60,143,prob_noisy,14,71
13,Cooperator,1.971764582746364,0.9100505632928235,1.0,0.9141025641025641,0.5440346578921036,0.36594681018232894,0.055491714044627376,0.03452681788093997,0.9133317446455662,0.9101632267871046,0.8765117936363438,0.9225571341858086,3,0,5,1,0.09,0.07,60,143,prob_noisy,14,71
0,Evolved HMM 5,2.6285764007280386,0.40359054827395235,7.0,0.9325842696629213,0.2867809462601352,0.11793872173939762,0.3250517093584741,0.27022862264199304,0.7550041235639667,0.3621483483105765,0.1699242245224524,0.17448500012957865,3,0,5,1,0.07,0.05,89,144,prob_noisy,13,72
1,Evolved FSM 16,2.598358877964141,0.4108636947186684,6.0,0.9400749063670412,0.24566137227524976,0.16359760700242587,0.32794640001681186,0.26279462070551235,0.555194898363646,0.3996892430516856,0.34768327401091453,0.27044296665931683,3,0,5,1,0.07,0.05,89,144,prob_noisy,13,72
2,Suspicious Tit For Tat,2.546256404378284,0.513147484525527,6.0,0.06741573033707865,0.2618411355500441,0.2542010182763364,0.28439987421311996,0.1995579719604995,0.9271973406222083,0.06998890339310013,0.9352514503931605,0.06602422783391458,3,0,5,1,0.07,0.05,89,144,prob_noisy,13,72
3,Meta Mixer: 11 players,2.3916170296369175,0.49385521495153734,6.0,0.7153558052434457,0.24868537860600134,0.24488610348276263,0.2500667782430907,0.2563617396681453,0.5742123100407605,0.3985675673479295,0.5439080371723807,0.4087574443818374,3,0,5,1,0.07,0.05,89,144,prob_noisy,13,72
4,Tit For Tat,2.363993079289132,0.5783461745206953,3.0,0.9269662921348315,0.3250202355797181,0.2522623219292934,0.24132724824109228,0.18139019424989625,0.9335686999817298,0.07399458673659741,0.9293669682111196,0.0704897418651328,3,0,5,1,0.07,0.05,89,144,prob_noisy,13,72
5,Cycler DC,2.3506001921411404,0.487202493388742,5.0,0.07209737827715355,0.1926774426659592,0.2939012971923002,0.26911379372231875,0.24430746641942178,0.19578850617698373,0.15003252099658143,0.8531206157105546,0.7941604785255753,3,0,5,1,0.07,0.05,89,144,prob_noisy,13,72
6,Meta Winner: 11 players,2.345896493203939,0.38529451108039414,6.0,0.9110486891385767,0.19520188678146094,0.19185448388521825,0.3083032267390691,0.30464040259425174,0.5002423406705124,0.5699638030678965,0.19167420876927208,0.3180073932055177,3,0,5,1,0.07,0.05,89,144,prob_noisy,13,72
7,Soft Joss: 0.9,2.320133154667053,0.6119878183831672,1.0,0.9213483146067416,0.3434759669947736,0.2640526983232293,0.21667329196267163,0.17579804271932545,0.9343040232283144,0.16012236148006545,0.9318647654254802,0.1501963710437763,3,0,5,1,0.07,0.05,89,144,prob_noisy,13,72
8,Alternator,2.306375769797901,0.5118557172937838,4.0,0.9335205992509363,0.20940509651057002,0.3024815621291189,0.2576019347349709,0.2305114066253402,0.07247359727645804,0.06740076310505998,0.931203232367625,0.9259076302170595,3,0,5,1,0.07,0.05,89,144,prob_noisy,13,72
9,Bully,2.2535941695607034,0.5302726637147518,6.0,0.06647940074906367,0.22942309721263207,0.29593189704864975,0.21275667809119195,0.26188832764752623,0.06847857475478167,0.9333310146201628,0.07081668323065161,0.9256953461737475,3,0,5,1,0.07,0.05,89,144,prob_noisy,13,72
10,GTFT: 0.33,2.230361362159608,0.6914524635339954,1.0,0.9325842696629213,0.4001888493239223,0.2927310376360525,0.1646743412123062,0.1424057718277191,0.9303769959260374,0.35206513341569085,0.9263135546774572,0.35441620634287546,3,0,5,1,0.07,0.05,89,144,prob_noisy,13,72
11,Win-Stay Lose-Shift,2.212248010274326,0.5737509731190181,3.0,0.9213483146067416,0.3178918368685881,0.2548105055738373,0.1824756022862817,0.24482205527129294,0.9321246704162757,0.07247011762707638,0.06961313386954908,0.9261004030598169,3,0,5,1,0.07,0.05,89,144,prob_noisy,13,72
12,Anti Tit For Tat,2.1306489197936567,0.56513240564062,5.0,0.9316479400749064,0.258747685900788,0.3034491305346057,0.1917075059318285,0.24609567763277782,0.0662609758439751,0.9218499965790191,0.07968330269217612,0.9314107992594818,3,0,5,1,0.07,0.05,89,144,prob_noisy,13,72
0,Grudger,2.607767417311752,0.4269075868074453,6.0,0.9926739926739927,0.39816866991838945,0.029849662454279512,0.2071843123025485,0.3647973553247826,0.9115019043747226,0.015687892094211144,0.08521806721743119,0.010326555365584326,3,0,5,1,0.01,0.02,78,35,prob_noisy,15,73
1,Evolved HMM 5,2.602949885762386,0.6011696766837091,5.0,0.9908424908424909,0.5082849942083963,0.09130046276540028,0.17916630390195548,0.22124823912424793,0.9619470462861968,0.3668602035114346,0.19500574300192985,0.15555536707885298,3,0,5,1,0.01,0.02,78,35,prob_noisy,15,73
2,Evolved FSM 16,2.5700309331191686,0.6282823244379521,4.0,0.9844322344322345,0.46987897577663007,0.16368004241234863,0.19477662306841434,0.17166435874260694,0.7013676100532226,0.5536138714839474,0.5306095039051414,0.41162915978456244,3,0,5,1,0.01,0.02,78,35,prob_noisy,15,73
3,"DoubleCrosser: (D, D)",2.5565084915084917,0.6426523297491039,3.0,0.9926739926739927,0.5572127874622697,0.08522553474901018,0.14574027699876047,0.2118214007899598,0.9535008269137407,0.806674167150132,0.4901007638899413,0.10568151714711614,3,0,5,1,0.01,0.02,78,35,prob_noisy,15,73
4,Defector,2.4628645164359453,0.009547159998514061,13.0,0.010073260073260074,0.003169580826598161,0.006325659302552426,0.3428626118277233,0.6476421480431261,0.0,0.0,0.010926083061667778,0.009196339962023462,3,0,5,1,0.01,0.02,78,35,prob_noisy,15,73
5,Soft Joss: 0.9,2.415937990580848,0.7040690056776824,0.5,0.9917582417582418,0.5247501562469123,0.17465002778210983,0.1283148587190795,0.1722849572518984,0.9911546493334467,0.1130256950479085,0.9970112452734428,0.11328452950946953,3,0,5,1,0.01,0.02,78,35,prob_noisy,15,73
6,Tit For Tat,2.412274220032841,0.6442432549415669,1.0,0.9935897435897436,0.4724741736357025,0.17286669351563652,0.15892404731365853,0.19573508553500243,0.9919279261527496,0.010161349722873714,0.9948718136174909,0.01565686426653693,3,0,5,1,0.01,0.02,78,35,prob_noisy,15,73
7,Meta Winner: 14 players,2.3588153594771244,0.10045433406074482,11.0,0.9835164835164835,0.0678890938345363,0.03269349746676309,0.30643085282678084,0.5929865558719197,0.6101241177692573,0.32167342065349985,0.09114450816723381,0.015801392406741364,3,0,5,1,0.01,0.02,78,35,prob_noisy,15,73
8,Suspicious Tit For Tat,2.3444649677712164,0.5002503934754614,7.0,0.008241758241758242,0.29129432270377115,0.21267607128415691,0.2329257937552423,0.2631038122568296,0.9910357756642133,0.014831752975321863,0.9896961813876695,0.011738743429107723,3,0,5,1,0.01,0.02,78,35,prob_noisy,15,73
9,GTFT: 0.33,2.3178197164881276,0.782621236704525,0.0,0.9880952380952381,0.5705439330582444,0.20843271683848968,0.0904579003727904,0.13056544973047562,0.9887237222108013,0.32707951229851684,0.9946674864453601,0.3264481416787329,3,0,5,1,0.01,0.02,78,35,prob_noisy,15,73
10,Win-Stay Lose-Shift,2.203358371000842,0.6826943902967295,1.0,0.98992673992674,0.4741093395023075,0.21371656901955952,0.10964216145085104,0.20253193002728187,0.9916581934761722,0.011340393019015989,0.01606893245853545,0.9921499360018318,3,0,5,1,0.01,0.02,78,35,prob_noisy,15,73
11,Random: 0.5,1.9427003989324434,0.5040188269370022,5.0,0.4880952380952381,0.19400618668311262,0.30997706497139876,0.18955303237809873,0.3064637159673899,0.49833941813999055,0.5082500456594392,0.5218125714966831,0.5058989811372948,3,0,5,1,0.01,0.02,78,35,prob_noisy,15,73
12,Cycler DC,1.9243866580279625,0.4844664727220486,5.0,0.014652014652014652,0.11196163437924735,0.37247695916710205,0.2434182449881495,0.27214316146550105,0.08628150844635447,0.027368336183805925,0.9814913750315825,0.9020256845794519,3,0,5,1,0.01,0.02,78,35,prob_noisy,15,73
13,Alternator,1.9031565656565657,0.5121240466254138,3.0,0.98992673992674,0.13509475997961234,0.37706771726311045,0.2308238440344776,0.2570136787227996,0.010044194824319664,0.009722619790047534,0.9911534528920541,0.9919890501396578,3,0,5,1,0.01,0.02,78,35,prob_noisy,15,73
14,Anti Tit For Tat,1.605620776536421,0.6656136698136913,4.0,0.9954212454212454,0.20442613529972847,0.4546471647937307,0.14536497984711808,0.1955617200594227,0.015885168780762893,0.9891399137086986,0.014109433407108648,0.9911600079148573,3,0,5,1,0.01,0.02,78,35,prob_noisy,15,73
0,Grudger,2.9937252346207464,0.2610332566408701,4.0,0.955,0.23476026043465473,0.044597815832744095,0.3937127269664931,0.3269291967661081,0.6718211220817862,0.046693052368108307,0.09754366694665202,0.04559235490288459,3,0,5,1,0.04,0.04,40,93,prob_noisy,6,74
1,Evolved FSM 16,2.5437647772206597,0.43207632894139025,3.0,0.945,0.2669737140703856,0.18458348477900838,0.2991480718814393,0.24929472926916668,0.6222176303778697,0.3315356183178834,0.3647747677835166,0.3883910849541369,3,0,5,1,0.04,0.04,40,93,prob_noisy,6,74
2,Meta Winner: 5 players,2.427116513695484,0.2454036770583533,3.0,0.965,0.13131188413848913,0.12030258328408697,0.33512291881625833,0.41326261376116563,0.42542136290346394,0.5353123032866098,0.19142708339873007,0.20257590863049219,3,0,5,1,0.04,0.04,40,93,prob_noisy,6,74
3,Tit For 2 Tats,2.0554159199630897,0.7064317554659308,0.0,0.96,0.44871793560314444,0.2771496109562923,0.07880027680305168,0.1953321766375115,0.9600166769320321,0.6742933966395428,0.9447714205773098,0.21258976673447744,3,0,5,1,0.04,0.04,40,93,prob_noisy,6,74
4,Cycler DC,2.034002624427073,0.49692544196771715,2.0,0.025,0.21218878684870698,0.2848891375513629,0.15294502471058347,0.3499770508893466,0.08801521059585575,0.1543929599811953,0.9001248231494134,0.951655676463241,3,0,5,1,0.04,0.04,40,93,prob_noisy,6,74
5,Anti Tit For Tat,1.7435363564533315,0.6591282894736842,2.0,0.97,0.19946188647454166,0.4722565265253428,0.12405013975101158,0.20423144724910408,0.042486260481996094,0.9605279121132186,0.04359954565836919,0.9538833028206717,3,0,5,1,0.04,0.04,40,93,prob_noisy,6,74
0,Bully,3.072869318181818,0.34312302569794245,7.0,0.011029411764705883,0.21934050731673604,0.12487078877316735,0.42364747987222556,0.23214122403787107,0.02378576015314652,0.9840409697671759,0.024046612839528553,0.9807901630217511,3,0,5,1,0.02,0.01,68,24,prob_noisy,9,75
1,Alternator,2.80609681372549,0.5082140033383116,5.0,0.9816176470588235,0.33923694901429324,0.16907049878605,0.3241357395375874,0.1675568126620695,0.021175243036710003,0.02061988589416653,0.9801941060158375,0.968558299996884,3,0,5,1,0.02,0.01,68,24,prob_noisy,9,75
2,Meta Winner: 8 players,2.6843039772727275,0.4422447925632639,4.0,0.9797794117647058,0.23200774702978114,0.21179533946554222,0.35896120160385586,0.19723571190082084,0.3058523141248708,0.7127347032433095,0.3418389532400612,0.7806939015233333,3,0,5,1,0.02,0.01,68,24,prob_noisy,9,75
3,Tit For Tat,2.6041666666666665,0.7175453759723422,1.0,0.9852941176470589,0.5324310915184348,0.1806747711484765,0.1777556885929086,0.10913844874017999,0.9778986489768597,0.02731741540921693,0.9875701358288083,0.02433352556689648,3,0,5,1,0.02,0.01,68,24,prob_noisy,9,75
4,Anti Tit For Tat,2.5949835526315788,0.45015469233413546,5.0,0.9724264705882353,0.2558100971072081,0.19148909085400104,0.3220312189533502,0.23066959308544066,0.01900975090590847,0.9801870916284053,0.022052625637583468,0.9827469957743964,3,0,5,1,0.02,0.01,68,24,prob_noisy,9,75
5,Win-Stay Lose-Shift,2.412377450980392,0.680452727427453,2.0,0.9834558823529411,0.5034866264988787,0.1755165719003284,0.15327271193453498,0.1677240896662581,0.9808199028271929,0.018594339728066962,0.01958566080376645,0.9785797026781081,3,0,5,1,0.02,0.01,68,24,prob_noisy,9,75
6,GTFT: 0.33,2.3700892857142857,0.786515898656691,0.0,0.9834558823529411,0.5627091347567672,0.2249147706568794,0.11569914323276688,0.0966769513535865,0.9803560903090649,0.3584281633058908,0.9789172692064909,0.38388290791127117,3,0,5,1,0.02,0.01,68,24,prob_noisy,9,75
7,Tit For 2 Tats,2.2987998188405796,0.8269887333560942,0.0,0.9834558823529411,0.590142258031422,0.24130887739612375,0.08600928545338771,0.08253957911906656,0.9775211740385807,0.7352071722226785,0.9788775625500395,0.35810420386087816,3,0,5,1,0.02,0.01,68,24,prob_noisy,9,75
8,Cooperator,1.7161458333333333,0.9803435603794547,0.0,0.9779411764705882,0.5274679256923519,0.45287076173765956,0.010999001537611273,0.008662311032377138,0.9769908076401821,0.9841282869837624,0.9920634920634921,0.9916666666666667,3,0,5,1,0.02,0.01,68,24,prob_noisy,9,75
0,Win-Shift Lose-Stay: D,2.7694444444444444,0.5098039215686274,4.0,0.003472222222222222,0.25282527277673733,0.2618478039852624,0.30599575743231566,0.17933116580568462,0.025818711020630502,0.9886953265015196,0.9871230552148028,0.01167201590584159,3,0,5,1,0.01,0.08,36,151,prob_noisy,9,76
1,Cycler DC,2.5618577694235585,0.47806313536650613,4.0,0.010416666666666666,0.1675351674856679,0.31001372538308697,0.3462193517077519,0.1762317554234932,0.08561489741363514,0.06473643243697748,0.9389077300587202,0.9080640496672535,3,0,5,1,0.01,0.08,36,151,prob_noisy,9,76
2,Soft Joss: 0.9,2.493492844149479,0.7155238338006628,0.0,0.9965277777777778,0.4553827295467458,0.26327721361934986,0.21761508808283167,0.06372496875107268,0.9899897612802333,0.09510268367411223,0.9898769403594772,0.16414565826330532,3,0,5,1,0.01,0.08,36,151,prob_noisy,9,76
3,Tit For Tat,2.4778288545072433,0.6779329608938548,0.0,0.9895833333333334,0.4314050092411211,0.2528346377701824,0.23039854301461818,0.08536180997407843,0.9852234402389739,0.01105545514162172,0.9952453787251918,0.012103174603174602,3,0,5,1,0.01,0.08,36,151,prob_noisy,9,76
4,Alternator,2.459266578633355,0.520242357477279,3.0,0.9895833333333334,0.20868839303960432,0.3126475822763347,0.31849308268139426,0.1601709420026667,0.0103896804835924,0.009410849550598805,0.9833290775942921,0.9963942307692308,3,0,5,1,0.01,0.08,36,151,prob_noisy,9,76
5,Random: 0.5,2.422977843915344,0.49134377576257215,3.0,0.5486111111111112,0.24974220904849748,0.24291582661406605,0.25608602441476297,0.2512559399226735,0.4670259731215904,0.49014189010367215,0.4887552086904177,0.5032920996660621,3,0,5,1,0.01,0.08,36,151,prob_noisy,9,76
6,Bully,2.3952916874791876,0.47476882430647294,4.0,0.010416666666666666,0.25621314675884915,0.21870946880274303,0.22684378049313236,0.2982336039452754,0.020059098908380556,0.978778697364677,0.017618840986984935,0.9841954280813207,3,0,5,1,0.01,0.08,36,151,prob_noisy,9,76
7,"DoubleCrosser: (D, D)",2.321863352290984,0.5881360697216755,2.0,0.9965277777777778,0.4581370303985972,0.15726854583434344,0.2507825880101239,0.13381183575693545,0.9601110862977256,0.8625800775606437,0.5052816344833151,0.006904761904761905,3,0,5,1,0.01,0.08,36,151,prob_noisy,9,76
8,GTFT: 0.33,2.275074802648332,0.7950387596899224,0.0,0.9930555555555556,0.5065294871101048,0.2846155097007758,0.15169609814921378,0.05715890503990561,0.9939452057135046,0.36045029086965924,0.9850971668449544,0.5096030188168404,3,0,5,1,0.01,0.08,36,151,prob_noisy,9,76
0,Grudger,2.907738095238096,0.47663802363050484,4.0,0.975177304964539,0.35413642129895906,0.11924117594973362,0.32912077293340963,0.1975016298178978,0.6784337459069286,0.0405515999791056,0.14915592842878309,0.030602854236451316,3,0,5,1,0.03,0.02,94,7,prob_noisy,7,77
1,Tit For Tat,2.4384920634920633,0.675060273238682,0.0,0.9556737588652482,0.4063062738748801,0.2691591121418508,0.2220622504696499,0.10247236351361914,0.9768140938962278,0.020171647140801788,0.9795371098872279,0.03716727512683395,3,0,5,1,0.03,0.02,94,7,prob_noisy,7,77
2,Bully,2.388095238095238,0.416285944638538,3.0,0.04609929078014184,0.21572824953715808,0.2010826057359361,0.28448575743046917,0.29870338729643664,0.03981045316194432,0.9646500105418511,0.029424412665439614,0.9617071410823543,3,0,5,1,0.03,0.02,94,7,prob_noisy,7,77
3,Alternator,2.380952380952381,0.55893536121673,2.0,0.9645390070921985,0.2458095581900889,0.3131877955335481,0.30071722857193645,0.14028541770442662,0.02207700285324754,0.03969490881458967,0.9776573985175854,0.9580365042669179,3,0,5,1,0.03,0.02,94,7,prob_noisy,7,77
4,Cycler DC,2.357142857142857,0.43294305481639167,3.0,0.030141843971631204,0.13619741033103558,0.29676416681868584,0.34122806655724663,0.22581035629303195,0.1734941580353054,0.1040072861585117,0.9308707391035925,0.8117394719690165,3,0,5,1,0.03,0.02,94,7,prob_noisy,7,77
5,GTFT: 0.33,2.1904761904761902,0.7605671482075976,0.0,0.9698581560283688,0.450789636933237,0.30955275020167766,0.1506807471592802,0.08897686570580497,0.9785852325811445,0.32993487176087516,0.9588709677419355,0.3834346376139433,3,0,5,1,0.03,0.02,94,7,prob_noisy,7,77
6,Meta Winner: 6 players,2.119047619047619,0.6362179487179487,2.0,0.975177304964539,0.3141361948041929,0.32243340081313365,0.20312618407257402,0.16030422031009955,0.671994973789617,0.8044057702424743,0.2598293496049881,0.6160077449585682,3,0,5,1,0.03,0.02,94,7,prob_noisy,7,77
0,Grudger,2.8916666666666666,0.7170457324529225,1.0,0.9805194805194806,0.6769963995852589,0.029212420542097058,0.149222567959205,0.144568611913439,0.9665418880512037,0.049798792756539235,0.1639906296646534,0.017862838915470493,3,0,5,1,0.01,0.07,77,30,prob_noisy,5,78
1,Evolved HMM 5,2.763888888888889,0.7972734158040898,1.0,0.9902597402597403,0.7102487221447016,0.0745068516429731,0.10408398740621488,0.11116043880611047,0.9833605374589296,0.30429100918965385,0.2514486517498566,0.26213745513916487,3,0,5,1,0.01,0.07,77,30,prob_noisy,5,78
2,Soft Joss: 0.9,2.7416666666666667,0.8496112730806609,0.0,1.0,0.7621449688488183,0.09295520908816818,0.06875367387759322,0.07614614818542029,0.9885700475840677,0.11885527772920675,0.9976958525345623,0.1166276523446349,3,0,5,1,0.01,0.07,77,30,prob_noisy,5,78
3,Cooperator,2.6,0.9901914992993928,0.0,0.9935064935064936,0.8251923520048152,0.16482107916859393,0.007630412394626784,0.0023561564319641596,0.9896383712086891,0.9932834336750376,0.9722222222222222,1.0,3,0,5,1,0.01,0.07,77,30,prob_noisy,5,78
4,Random: 0.5,2.5050166618371486,0.49420289855072463,2.0,0.4577922077922078,0.2593293947932893,0.2339099635771108,0.26571488238130325,0.2410457592482968,0.5306100901352732,0.47660885669111763,0.4825229365898782,0.5678567094839392,3,0,5,1,0.01,0.07,77,30,prob_noisy,5,78
0,Defector,2.621296296296296,0.05030886196246139,16.0,0.05366161616161616,0.021596149150572477,0.02876426924554687,0.3873775907344361,0.5622619908694446,0.0652562153171736,0.076597510539602,0.048810822904679765,0.05222911283967324,3,0,5,1,0.05,0.02,88,12,prob_noisy,19,79
1,Grudger,2.616435185185185,0.4115542521994135,11.0,0.9564393939393939,0.321759684480388,0.08750274259488262,0.27380321350740616,0.3169343594173232,0.7900245647067942,0.05149651543855055,0.1567440499336819,0.05130065356034176,3,0,5,1,0.05,0.02,88,12,prob_noisy,19,79
2,Evolved HMM 5,2.5684824434824436,0.5550032546304515,8.0,0.9526515151515151,0.4028746815896269,0.15140016111047397,0.23252866886580215,0.21319648843409697,0.8689740645617198,0.3483763278331782,0.21737228973388817,0.1806377096403775,3,0,5,1,0.05,0.02,88,12,prob_noisy,19,79
3,Evolved FSM 16,2.5107323232323235,0.6005237471729556,7.0,0.9494949494949495,0.4123380442220859,0.18846393385093188,0.22142876960419214,0.17776925232279006,0.7055955903889138,0.3311655704900722,0.5260011330924779,0.3673641111070795,3,0,5,1,0.05,0.02,88,12,prob_noisy,19,79
4,Meta Winner: 17 players,2.4199845679012344,0.3014117647058824,13.0,0.94760101010101,0.17380291641107803,0.127873595243162,0.3023303880206767,0.39599310032508317,0.5106783674718429,0.39516430767535565,0.12050892714414754,0.15557305565691093,3,0,5,1,0.05,0.02,88,12,prob_noisy,19,79
5,Tit For Tat,2.384722222222222,0.6350567912920019,3.0,0.9545454545454546,0.42622891237315375,0.21055794736770292,0.18807256918602622,0.1751405710731172,0.9562345504629151,0.04113939533835823,0.9541371522018444,0.06582772522146373,3,0,5,1,0.05,0.02,88,12,prob_noisy,19,79
6,Suspicious Tit For Tat,2.380403238736572,0.48076244264031065,9.0,0.04292929292929293,0.2664917342671485,0.2122171440663102,0.25549565259365137,0.26579546907288987,0.9491026619250644,0.05660827293866403,0.9475300561012993,0.05664638278135038,3,0,5,1,0.05,0.02,88,12,prob_noisy,19,79
7,Soft Joss: 0.9,2.335185185185185,0.6590283068628026,2.0,0.9387626262626263,0.43586534694529566,0.22420773933219407,0.1704348064224298,0.1694921073000804,0.9460225593489253,0.1388848831303826,0.9443868089272234,0.14884918634193287,3,0,5,1,0.05,0.02,88,12,prob_noisy,19,79
8,Win-Stay Lose-Shift,2.326135361552028,0.6220916568742656,4.5,0.9539141414141414,0.4002398814474174,0.2199847696822956,0.1866176214797243,0.19315772739056283,0.9494382106486862,0.04742867467930868,0.04907159112197087,0.951582217136827,3,0,5,1,0.05,0.02,88,12,prob_noisy,19,79
9,"DoubleCrosser: (D, D)",2.3009259259259256,0.742764323685765,3.0,0.9526515151515151,0.5137491537089613,0.22815330378326434,0.1340927972360339,0.12400474527174045,0.9162690871758262,0.7850908103485302,0.4785275285313261,0.3364187810589121,3,0,5,1,0.05,0.02,88,12,prob_noisy,19,79
10,Meta Mixer: 17 players,2.2692460317460315,0.5146105808884176,8.0,0.6660353535353535,0.28127783493637143,0.23364770255460895,0.22884738982122121,0.25622707268779843,0.6026112536638927,0.4052789029951944,0.5743034650551497,0.3925522054068715,3,0,5,1,0.05,0.02,88,12,prob_noisy,19,79
11,GTFT: 0.33,2.2319444444444443,0.7435912546408157,1.0,0.9406565656565656,0.48327399117126607,0.26061989087100534,0.1320966282601066,0.12400948969762202,0.9534644943040492,0.3440900041412486,0.9518773874870217,0.35250781847619483,3,0,5,1,0.05,0.02,88,12,prob_noisy,19,79
12,Alternator,2.224537037037037,0.5182969330855018,6.0,0.9608585858585859,0.2336695299729533,0.2845950795315258,0.25333758323144934,0.22839780726407158,0.050135058580090125,0.053989376640373454,0.9487436103666753,0.9529156067581882,3,0,5,1,0.05,0.02,88,12,prob_noisy,19,79
13,Cycler DC,2.2199074074074074,0.49637232348256943,6.0,0.05303030303030303,0.20285996450473182,0.29341171174120506,0.265148055223617,0.23858026853044617,0.16583524739456637,0.12113813168269767,0.9163265241537366,0.8663233236030325,3,0,5,1,0.05,0.02,88,12,prob_noisy,19,79
14,Win-Shift Lose-Stay: D,2.210648148148148,0.506815365551425,8.0,0.04861111111111111,0.20437617331106128,0.30323813140125905,0.2569366174288864,0.2354490778587932,0.04915114752796414,0.9473929250286363,0.9505827046110785,0.04819898506849508,3,0,5,1,0.05,0.02,88,12,prob_noisy,19,79
15,Random: 0.5,2.1994708994708994,0.5027267929396587,7.0,0.4880050505050505,0.24109212929986418,0.2616170875427822,0.2354913117649657,0.2617994713923879,0.5093153276973966,0.5060046647132187,0.5094437595621567,0.5082677400732721,3,0,5,1,0.05,0.02,88,12,prob_noisy,19,79
16,Tit For 2 Tats,2.15679012345679,0.816934581640464,1.0,0.9507575757575758,0.5622190408266738,0.25306874273540164,0.07108666818143806,0.11362554825648646,0.9475481906075723,0.7454437562678939,0.9553338092764927,0.4316439755440015,3,0,5,1,0.05,0.02,88,12,prob_noisy,19,79
17,Bully,2.14496151996152,0.5025665230987079,8.0,0.049873737373737376,0.18960476936127782,0.3147225963066503,0.24947099024222513,0.24620164408984666,0.048056533718447904,0.9413864564722922,0.052647843408883316,0.9466412196517209,3,0,5,1,0.05,0.02,88,12,prob_noisy,19,79
18,Anti Tit For Tat,1.9131102693602693,0.5933106841611996,6.0,0.9463383838383839,0.2419847164629065,0.3518447992296142,0.19129402638652873,0.21487645792095042,0.05964973261199022,0.9535184518436126,0.0520810830673544,0.9528175968316587,3,0,5,1,0.05,0.02,88,12,prob_noisy,19,79
0,Evolved HMM 5,2.7972981170484426,0.5958221540820238,5.0,0.96875,0.5131308889278353,0.09375408977623774,0.22647734261374255,0.16663767868218432,0.9284394211274948,0.3671179924157111,0.2078703546905957,0.1836847396452568,3,0,5,1,0.03,0.06,80,183,prob_noisy,13,80
1,Grudger,2.7920418209734255,0.43623726217824116,6.0,0.9708333333333333,0.38952639795656857,0.04391955386617926,0.2586074920821233,0.30794655609512894,0.8619792165799675,0.04523035126034699,0.13397573523889106,0.03150179163328784,3,0,5,1,0.03,0.06,80,183,prob_noisy,13,80
2,"DoubleCrosser: (D, D)",2.692907757382022,0.7172681560689963,2.0,0.9677083333333333,0.6246982596068348,0.10772484580129416,0.15999359372130223,0.10758330087056873,0.9443806302481675,0.7993990170551927,0.5296769063562592,0.24484617964601926,3,0,5,1,0.03,0.06,80,183,prob_noisy,13,80
3,Meta Winner: 11 players,2.6828220975089323,0.35871138996138996,6.0,0.9739583333333334,0.22224546604035214,0.13851592853902434,0.3198558285998607,0.319382776820763,0.5550579855901671,0.6273272296646292,0.14812043174014153,0.2826164524562678,3,0,5,1,0.03,0.06,80,183,prob_noisy,13,80
4,Suspicious Tit For Tat,2.6801086280230297,0.5530532140788881,7.0,0.03333333333333333,0.41396789570579584,0.1447453767115257,0.18627702879263566,0.2550096987900428,0.9727269983924328,0.03419357602314112,0.9669273944460713,0.12541181296743412,3,0,5,1,0.03,0.06,80,183,prob_noisy,13,80
5,Win-Stay Lose-Shift,2.67607412045116,0.6252087807205917,4.0,0.9677083333333333,0.44483298590761383,0.17625927824680532,0.21749599605242498,0.16141173979315585,0.9684197414593005,0.02779885758387499,0.029023156926662196,0.9445579729171962,3,0,5,1,0.03,0.06,80,183,prob_noisy,13,80
6,Soft Joss: 0.9,2.630836561099719,0.7436734191244382,1.0,0.9729166666666667,0.5924696286913159,0.15154533164698095,0.12649038782302394,0.12949465183867934,0.9679387488507621,0.11489417882316999,0.9690742442497381,0.15982221993861392,3,0,5,1,0.03,0.06,80,183,prob_noisy,13,80
7,GTFT: 0.33,2.5448846986346982,0.8134268660390129,1.0,0.98125,0.6326996134691991,0.1765505037503312,0.09706671141135392,0.09368317136911576,0.9699547823170721,0.3355037114736441,0.9676960016565871,0.3458378098675779,3,0,5,1,0.03,0.06,80,183,prob_noisy,13,80
8,Meta Mixer: 11 players,2.5054990116211346,0.6043763164053358,5.0,0.8010416666666667,0.4004527919085046,0.20022688859207038,0.19401134467816042,0.20530897482126473,0.7289646990155418,0.4374720092607564,0.6680031364576737,0.40535991104485253,3,0,5,1,0.03,0.06,80,183,prob_noisy,13,80
9,Win-Shift Lose-Stay: D,2.4714555942021157,0.5596715441131074,6.0,0.029166666666666667,0.2161577394698122,0.33975863873023154,0.2541577148472915,0.18992590695266487,0.037328325410789,0.9668807876424409,0.9701654122765161,0.029093041109878592,3,0,5,1,0.03,0.06,80,183,prob_noisy,13,80
10,Tit For 2 Tats,2.468208699110627,0.8513606077588891,1.0,0.9697916666666667,0.6874097727670726,0.16865628823458356,0.05956347179828835,0.08437046720005552,0.9670671081742622,0.7608202068498889,0.9671227823805874,0.4067308710497488,3,0,5,1,0.03,0.06,80,183,prob_noisy,13,80
11,Anti Tit For Tat,2.436423464973161,0.5591025053967423,6.0,0.96875,0.20269731566611995,0.35036638253045055,0.2735281330081926,0.17340816879523682,0.03398636345128329,0.9455643528993137,0.03937212528064737,0.9708611268151862,3,0,5,1,0.03,0.06,80,183,prob_noisy,13,80
12,Cooperator,2.2655015546783837,0.9710707019328586,1.0,0.965625,0.670244920662629,0.3009587643548532,0.019456825352167806,0.009339489630349902,0.97057177014747,0.9686364563425373,0.9854564567471072,0.9801587301587302,3,0,5,1,0.03,0.06,80,183,prob_noisy,13,80
0,Defector,2.7908398713033202,0.04989365982640685,13.0,0.0431266846361186,0.020890512109728594,0.029142218563773192,0.43438068152379206,0.5155865878027062,0.07500989074358085,0.04215276247193197,0.052201379628553944,0.049736710805658516,3,0,5,1,0.05,0.02,53,117,prob_noisy,15,81
1,Evolved FSM 16,2.625635566684455,0.39039888118691474,8.0,0.9487870619946092,0.20817191819585124,0.18215808131926337,0.35660902663727023,0.2530609738476151,0.48283218618305235,0.4275619011044927,0.3200584930219455,0.3154839869584575,3,0,5,1,0.05,0.02,53,117,prob_noisy,15,81
2,Meta Winner: 14 players,2.593832944016768,0.11161008322854919,11.0,0.9514824797843666,0.05715760335740981,0.05494393691601047,0.3998468628299191,0.48805159689666067,0.39433310835583996,0.29030276053280313,0.07807763610314268,0.08459501152098722,3,0,5,1,0.05,0.02,53,117,prob_noisy,15,81
3,"DoubleCrosser: (D, D)",2.4660794049604946,0.41281347358030784,6.0,0.954177897574124,0.302315116067733,0.096591493399367,0.2772953316430228,0.3237980588898773,0.7857304601930728,0.66385814342034,0.20482868883805333,0.06948843777020136,3,0,5,1,0.05,0.02,53,117,prob_noisy,15,81
4,Suspicious Tit For Tat,2.3306592653532436,0.4875989134286052,7.0,0.05660377358490566,0.2813873045575358,0.21623159727559638,0.22738739293630142,0.27499370523056643,0.9450733286256973,0.05322837528803037,0.952466450829047,0.052023217642819856,3,0,5,1,0.05,0.02,53,117,prob_noisy,15,81
5,Tit For Tat,2.3040368507698514,0.5355922128102244,4.0,0.9609164420485176,0.3184054737859621,0.21754851305490228,0.21083916523951526,0.2532068479196203,0.9431630061750557,0.05007331894601018,0.9464888399910342,0.049292365884882214,3,0,5,1,0.05,0.02,53,117,prob_noisy,15,81
6,Soft Joss: 0.9,2.2407842158498115,0.5742820733189106,2.0,0.9460916442048517,0.34297195823903476,0.24174914750133752,0.19647943035656956,0.21879946390305807,0.9513826919861443,0.12948614545090018,0.9500344949653226,0.1383273423251943,3,0,5,1,0.05,0.02,53,117,prob_noisy,15,81
7,Random: 0.5,2.193930805017895,0.4987440607693006,6.0,0.5202156334231806,0.2218694224485279,0.2767496752596859,0.22459182028573507,0.2767890820060511,0.5000438378289057,0.48580538784176197,0.5027620848809072,0.5032386491771114,3,0,5,1,0.05,0.02,53,117,prob_noisy,15,81
8,Win-Shift Lose-Stay: D,2.1674641574301714,0.5131245207337934,7.0,0.04043126684636118,0.21618404115424178,0.2954640373153476,0.2296851244276706,0.25866679710273993,0.05262821352429754,0.9467323843461165,0.9533310690142753,0.04447638739347185,3,0,5,1,0.05,0.02,53,117,prob_noisy,15,81
9,Alternator,2.1599577608464195,0.5052668206117736,5.0,0.9501347708894878,0.19738000667239083,0.3079585957101009,0.24243002884798945,0.25223136876951885,0.05449779539462746,0.048983835547530614,0.9528466581512399,0.9503943608479842,3,0,5,1,0.05,0.02,53,117,prob_noisy,15,81
10,Cycler DC,2.1587757041572635,0.49304906177919083,6.0,0.05121293800539083,0.19024891103677444,0.3029115632501232,0.24857429997956446,0.25826522573353794,0.14930275568899828,0.11184714250910631,0.8813893868319999,0.8415212708930903,3,0,5,1,0.05,0.02,53,117,prob_noisy,15,81
11,GTFT: 0.33,2.1554032288481553,0.691017733230532,1.0,0.9555256064690026,0.4106151625490625,0.28294208920597425,0.14714471965597467,0.15929802858898862,0.9497339742800665,0.35694816341089153,0.9494666987459416,0.3793178394596418,3,0,5,1,0.05,0.02,53,117,prob_noisy,15,81
12,Bully,2.068791018359625,0.5511093857317765,7.0,0.05525606469002695,0.2023662920534291,0.3470873659791401,0.22836874866726617,0.2221775933001646,0.04902770941329322,0.9451027239638812,0.05030767292540233,0.9443637400262359,3,0,5,1,0.05,0.02,53,117,prob_noisy,15,81
13,Anti Tit For Tat,1.9588775323088825,0.5742345647773279,5.0,0.954177897574124,0.2154251311979574,0.3577735277093716,0.21214265575771546,0.21465868533495547,0.0405344821372576,0.942025493698277,0.05268450612823237,0.9488567670263484,3,0,5,1,0.05,0.02,53,117,prob_noisy,15,81
14,Cooperator,1.6989574114020445,0.9493173229306351,0.0,0.9474393530997305,0.49557604732184407,0.45331677808140275,0.026793331753090486,0.02431384284366269,0.9513974192968948,0.9471200685092681,0.9645181783777234,0.951315093218251,3,0,5,1,0.05,0.02,53,117,prob_noisy,15,81
0,Evolved HMM 5,2.829783057387715,0.5542471595429808,8.0,0.9907663896583564,0.4682354956696808,0.08394737849921763,0.25071847252817525,0.19709865330292636,0.9068480011867092,0.3742335133899843,0.14116315390935424,0.15600096187099818,3,0,5,1,0.01,0.01,57,34,prob_noisy,20,82
1,Grudger,2.811300740160614,0.3986951211673202,11.0,0.9907663896583564,0.3730258946302829,0.027074432843521075,0.27125665968504686,0.3286430128411491,0.8735132939642842,0.02939334977447325,0.08465824595909911,0.00921129821090622,3,0,5,1,0.01,0.01,57,34,prob_noisy,20,82
2,Evolved FSM 16,2.7976006191950464,0.5902357009167909,8.0,0.9916897506925207,0.4557908225264676,0.1344890213140065,0.2536180919874751,0.1561020641720507,0.7202966919581221,0.44375708135124325,0.48234252844821524,0.39258521838679955,3,0,5,1,0.01,0.01,57,34,prob_noisy,20,82
3,"DoubleCrosser: (D, D)",2.73155190930127,0.6197894599615422,6.0,0.9889196675900277,0.5307092929656549,0.08429552686014147,0.19942984986405288,0.18556533031015068,0.9316341846428848,0.7991443342127331,0.48677611874986176,0.27281644541630073,3,0,5,1,0.01,0.01,57,34,prob_noisy,20,82
4,Defector,2.5737930799850304,0.010976666559681613,17.0,0.006463527239150508,0.004705797180196733,0.006239557535436192,0.3883032202122337,0.6007514250721334,0.13504273504273503,0.058823529411764705,0.013307921012285666,0.010982042548487496,3,0,5,1,0.01,0.01,57,34,prob_noisy,20,82
5,Meta Winner: 18 players,2.553467000835422,0.11446036417736667,15.0,0.9833795013850416,0.06809149085004218,0.04651054844270452,0.37117501093279914,0.5142229497744542,0.4970052377108629,0.34611845695763865,0.06474424008966141,0.08737663401563014,3,0,5,1,0.01,0.01,57,34,prob_noisy,20,82
6,Tit For Tat,2.4743722050223598,0.6678754813863929,2.0,0.9833795013850416,0.49268848022005235,0.17141190263553452,0.1614143678472983,0.1744852492971148,0.9912498720459263,0.018996404036565596,0.985281965796279,0.011894127287201151,3,0,5,1,0.01,0.01,57,34,prob_noisy,20,82
7,Soft Joss: 0.9,2.438660086616743,0.704958023126881,1.0,0.9935364727608494,0.5248520046122237,0.1804898924590739,0.1388723398819657,0.15578576304673666,0.9914631637554617,0.10974573865862332,0.9891464858308737,0.11112658984347498,3,0,5,1,0.01,0.01,57,34,prob_noisy,20,82
8,Win-Stay Lose-Shift,2.3777089783281737,0.648603955988043,4.0,0.9926131117266851,0.4545518370331653,0.1958946301955486,0.1653605936386878,0.18419293913259835,0.9910115281134895,0.015192121134474846,0.012317884858948414,0.9899083708241685,3,0,5,1,0.01,0.01,57,34,prob_noisy,20,82
9,GTFT: 0.33,2.333246389283077,0.788508752351497,1.0,0.9916897506925207,0.576828520093206,0.2105820681509508,0.09723203497094135,0.11535737678490195,0.9896670381622572,0.35154074245256517,0.9906616884881021,0.41962584024215976,3,0,5,1,0.01,0.01,57,34,prob_noisy,20,82
10,Suspicious Tit For Tat,2.332432447618459,0.5235373019928462,11.0,0.010156971375807941,0.3420736395319769,0.1822186673301232,0.2038254753801979,0.27188221775770205,0.985285793854306,0.013804358971327061,0.9880325274224934,0.01343481468093724,3,0,5,1,0.01,0.01,57,34,prob_noisy,20,82
11,Tit For 2 Tats,2.2568057836104116,0.8251630276092529,0.0,0.987072945521699,0.6355430953230995,0.18986199018285338,0.042905707859855424,0.1316892066341917,0.989475675109388,0.787748608835517,0.9953888024713943,0.26713595373162086,3,0,5,1,0.01,0.01,57,34,prob_noisy,20,82
12,Meta Mixer: 18 players,2.175954592363261,0.49051686240030146,9.0,0.7156048014773777,0.25796505811946907,0.23286286376259535,0.2211247304807304,0.2880473476372052,0.5667840777538342,0.4113298739514237,0.5770228128303633,0.3906254821993093,3,0,5,1,0.01,0.01,57,34,prob_noisy,20,82
13,Random: 0.5,2.1139207679442014,0.5033602584814216,8.0,0.47830101569713757,0.22329561950232577,0.2799080314788886,0.22274141925575308,0.2740549297630326,0.49216949641261476,0.5149878864676455,0.5050815433520751,0.5035347651135073,3,0,5,1,0.01,0.01,57,34,prob_noisy,20,82
14,Alternator,2.109696031522657,0.5056426130134778,6.0,0.9935364727608494,0.19776061646406295,0.3079007108149895,0.2465201411655799,0.2478185315553676,0.011604599833999644,0.01043186434344857,0.9930986583756066,0.9891230592095702,3,0,5,1,0.01,0.01,57,34,prob_noisy,20,82
15,Cycler DC,2.108570817875291,0.4972684458398744,7.0,0.0110803324099723,0.18392949376976728,0.3132941742508881,0.2533296294385908,0.24944670254075396,0.056561296144412285,0.05233300026802022,0.9502859689111168,0.9187748570512152,3,0,5,1,0.01,0.01,57,34,prob_noisy,20,82
16,Win-Shift Lose-Stay: D,2.0070480345248147,0.5642219510628733,9.0,0.01662049861495845,0.2044873237520087,0.3592618801330593,0.2254447273025354,0.21080606881239658,0.012132319266536136,0.9925261129072406,0.9892906609071276,0.014591517703007982,3,0,5,1,0.01,0.01,57,34,prob_noisy,20,82
17,Bully,1.9838164931044189,0.5560323807666049,8.0,0.012927054478301015,0.18060163871596277,0.376372922663721,0.23969860785834735,0.20332683076196884,0.011980659675981989,0.9905471628889693,0.01367575911154985,0.9925527699436812,3,0,5,1,0.01,0.01,57,34,prob_noisy,20,82
18,Cooperator,1.9403656199321835,0.9907260369688116,0.0,0.9907663896583564,0.6308693252390208,0.35988275785784185,0.005983274979700667,0.0032646419234366834,0.9899811183986207,0.9892949524571519,0.9944444444444444,1.0,3,0,5,1,0.01,0.01,57,34,prob_noisy,20,82
19,Anti Tit For Tat,1.8346598727210182,0.6144096494339988,7.0,0.9944598337950139,0.19992844447949956,0.41380136035898035,0.19734596250010875,0.18892423266141142,0.012919117582465379,0.9868492047126376,0.012876632012563772,0.9900098336452461,3,0,5,1,0.01,0.01,57,34,prob_noisy,20,82
0,Win-Stay Lose-Shift,2.6932010582010584,0.48130889510199854,2.0,0.908641975308642,0.24888384065662716,0.22973512795504059,0.316231090977308,0.20514994041102427,0.9191636693682664,0.07486590168099028,0.07669170755846341,0.9142728792947249,3,0,5,1,0.08,0.04,81,95,prob_noisy,6,83
1,"DoubleCrosser: (D, D)",2.388669663669664,0.43536449356179663,2.0,0.9061728395061729,0.28684841607193473,0.15249680199270488,0.2672711520720518,0.29338362986330857,0.8186893217385587,0.6158642800554566,0.22956647204771796,0.11917192686978287,3,0,5,1,0.08,0.04,81,95,prob_noisy,6,83
2,Alternator,2.3756190476190477,0.5121899957965532,2.0,0.9259259259259259,0.20095394960240692,0.31118157618277265,0.2642067625614771,0.22365771165334342,0.08369550606934714,0.08198291962385387,0.9238747070319425,0.9288264751344834,3,0,5,1,0.08,0.04,81,95,prob_noisy,6,83
3,Meta Mixer: 5 players,2.352733785822021,0.4873147221969628,2.0,0.7654320987654321,0.25274899474237994,0.23375369347904346,0.24069850414307123,0.2727988076355054,0.59904550732314,0.3647406315987461,0.5928060728285913,0.35660933495877034,3,0,5,1,0.08,0.04,81,95,prob_noisy,6,83
4,Tit For Tat,2.3426873126873127,0.5440975609756098,1.0,0.9135802469135802,0.29183226631170817,0.2558061875831864,0.24541503215317978,0.20694651395192568,0.911904468183639,0.09154143608573348,0.9270570594838461,0.06992152232918539,3,0,5,1,0.08,0.04,81,95,prob_noisy,6,83
5,Win-Shift Lose-Stay: D,2.114880952380952,0.5492583120204604,2.0,0.09135802469135802,0.18560993790503852,0.36644653935754035,0.21559738464320027,0.2323461380942209,0.0726587075378456,0.9193382652556952,0.9263094021058788,0.08918310955311405,3,0,5,1,0.08,0.04,81,95,prob_noisy,6,83
0,Grudger,2.767857142857143,0.5031152647975078,3.0,0.9090909090909091,0.3789805979193141,0.1277664127113366,0.2905187456327121,0.20273424373663715,0.7319019868927109,0.06434875017894266,0.2512578484395939,0.07222717319400783,3,0,5,1,0.09,0.08,44,8,prob_noisy,8,84
1,Bully,2.6190476190476195,0.41825307950727886,4.0,0.09740259740259741,0.20849920242620681,0.2077925068068006,0.3182641955710617,0.2654440951959309,0.09946617815690346,0.8969546241435643,0.0902885797619386,0.9386988119187883,3,0,5,1,0.09,0.08,44,8,prob_noisy,8,84
2,Win-Shift Lose-Stay: D,2.55,0.5024154589371981,3.5,0.07467532467532467,0.20858428761442174,0.29422448184992633,0.32373797401043874,0.1734532565252132,0.10398415640711169,0.8955211673272475,0.909250807686339,0.08935585690904839,3,0,5,1,0.09,0.08,44,8,prob_noisy,8,84
3,Win-Stay Lose-Shift,2.4845238095238096,0.6459122902003248,2.0,0.9123376623376623,0.4420292869897308,0.20447304647391357,0.20682023290074553,0.14667743363561006,0.9090130309162641,0.07709926462250283,0.17218412270677078,0.9131479572311131,3,0,5,1,0.09,0.08,44,8,prob_noisy,8,84
4,Alternator,2.463690476190476,0.5332252836304701,3.0,0.8928571428571429,0.27549269075235416,0.2584707991610871,0.2863056531833377,0.17973085690322096,0.10461991234190673,0.07302156651576805,0.9085918221650512,0.8268732511273573,3,0,5,1,0.09,0.08,44,8,prob_noisy,8,84
5,Soft Joss: 0.9,2.4090136054421767,0.6945043103448276,1.0,0.9025974025974026,0.44846256024240005,0.24262487891703027,0.18605585463504612,0.12285670620552348,0.9075785551044585,0.16552197304008898,0.901390556222489,0.2561342709874416,3,0,5,1,0.09,0.08,44,8,prob_noisy,8,84
6,GTFT: 0.33,2.383503401360544,0.7592592592592593,1.0,0.9318181818181818,0.5179095200077249,0.2401588587212846,0.14981993270746008,0.09211168856353039,0.9092875233603152,0.36294597247442245,0.9245319095380087,0.3251831501831502,3,0,5,1,0.09,0.08,44,8,prob_noisy,8,84
7,"DoubleCrosser: (D, D)",2.2113095238095237,0.828116419549698,0.0,0.8863636363636364,0.5269092346442383,0.30096787636717987,0.11495627236775698,0.05716661662082492,0.9153348683349637,0.7760112920914854,0.6814312567132116,0.5940388976103261,3,0,5,1,0.09,0.08,44,8,prob_noisy,8,84
0,Evolved HMM 5,3.0718810916179335,0.3609625668449198,1.0,0.9642857142857143,0.2980400705790726,0.11877146205629559,0.41257548402002603,0.1706129833446059,0.5846643293078821,0.5157004830917875,0.15348909657320872,0.19332075471698112,3,0,5,1,0.06,0.04,28,190,prob_noisy,3,85
1,Suspicious Tit For Tat,2.624813432835821,0.549625468164794,2.0,0.017857142857142856,0.38584109507196274,0.15373043561757835,0.21036178770711306,0.25006668160334583,0.9509460737937558,0.05520833333333334,0.9111694152923537,0.027904761904761904,3,0,5,1,0.06,0.04,28,190,prob_noisy,3,85
2,Bully,1.3670890696704212,0.6941605839416058,0.0,0.017857142857142856,0.14786776531602702,0.4998216938376918,0.14938631978442668,0.20292422106185454,0.07282913165266106,0.9507734450531744,0.029513888888888888,0.9171159029649596,3,0,5,1,0.06,0.04,28,190,prob_noisy,3,85
0,Evolved HMM 5,2.828057350021558,0.35406698564593303,7.0,0.9545454545454546,0.2777201948626675,0.08813885152980962,0.38341785551040336,0.25072309809711957,0.8118121223321334,0.30740625981267694,0.09565861700285634,0.12676301223228306,3,0,5,1,0.04,0.05,30,95,prob_noisy,12,86
1,Evolved FSM 16,2.7274449511379695,0.3978361669242658,6.0,0.9606060606060606,0.2963052533452128,0.12185353722267872,0.3428293685964042,0.2390118408357043,0.6597798450339177,0.325880678587081,0.2895668088446909,0.2846720764875857,3,0,5,1,0.04,0.05,30,95,prob_noisy,12,86
2,Cycler DC,2.479670856830999,0.4879043600562588,6.0,0.048484848484848485,0.2565749971487467,0.2307562267440513,0.23671233975222314,0.2759564363549789,0.06676802880599099,0.11850935429205457,0.8950101471471931,0.890109569288223,3,0,5,1,0.04,0.05,30,95,prob_noisy,12,86
3,Bully,2.4380719501366626,0.494140625,6.0,0.045454545454545456,0.23198097287257385,0.26593169028658115,0.2436826991282256,0.25840463771261946,0.03594976446507978,0.9680210848005885,0.04726226572237727,0.9664978195236157,3,0,5,1,0.04,0.05,30,95,prob_noisy,12,86
4,Random: 0.5,2.400772119644052,0.5054162338625909,6.0,0.5060606060606061,0.2501679108391069,0.25441378663463693,0.24577426107865533,0.2496440414476009,0.48268659027594846,0.5065652400431397,0.4845562702025692,0.5381169743574638,3,0,5,1,0.04,0.05,30,95,prob_noisy,12,86
5,Alternator,2.3936490257375134,0.5124927367809413,4.0,0.9636363636363636,0.27754306175220694,0.235188607882946,0.2152943470155483,0.2719739833492987,0.034060098492376206,0.044976576250136895,0.9666718343146886,0.9674390589458297,3,0,5,1,0.04,0.05,30,95,prob_noisy,12,86
6,Meta Mixer: 10 players,2.3516077189157785,0.513312509296445,5.0,0.7818181818181819,0.2755723878774072,0.23881560861135934,0.2424888964578367,0.24312310705339676,0.493999396057478,0.5039342623224711,0.4628581563201346,0.5336404575162365,3,0,5,1,0.04,0.05,30,95,prob_noisy,12,86
7,GTFT: 0.33,2.291022485688088,0.7048744460856721,0.0,0.9545454545454546,0.4286866963664096,0.28562476468570064,0.15033823643650746,0.13535030251138228,0.9537753607569855,0.3389247277294389,0.9694159748286602,0.3886425197721428,3,0,5,1,0.04,0.05,30,95,prob_noisy,12,86
8,Meta Winner: 10 players,2.2189680588977634,0.4158372365339578,5.0,0.9636363636363636,0.1958791020343665,0.2287661379047526,0.3005885897658462,0.2747661702950348,0.5320917555377345,0.7279247458119176,0.12278843812079483,0.3552285514175164,3,0,5,1,0.04,0.05,30,95,prob_noisy,12,86
9,Win-Stay Lose-Shift,2.1978292249300653,0.6073979996824893,2.0,0.9545454545454546,0.37388140539730624,0.24129938347125315,0.15547203699219295,0.22934717413924766,0.9605942492989541,0.046707633883234304,0.05608598104793757,0.9587574205900871,3,0,5,1,0.04,0.05,30,95,prob_noisy,12,86
10,Anti Tit For Tat,2.1382068539982058,0.5646958011996572,5.0,0.9757575757575757,0.26050743767012446,0.30887471274668543,0.18602851236479429,0.24458933721839582,0.03562854658930817,0.9522717638898669,0.059831222620940226,0.962806860427047,3,0,5,1,0.04,0.05,30,95,prob_noisy,12,86
11,Tit For 2 Tats,2.1009818921072947,0.7831273966766085,0.0,0.9545454545454546,0.5126628098195394,0.28980853688093355,0.08684470150275098,0.11068395179677615,0.9620868802949805,0.7061589820106524,0.9519700676782016,0.25812028492806416,3,0,5,1,0.04,0.05,30,95,prob_noisy,12,86
0,Grudger,2.8091129647870354,0.2745722859883055,10.0,0.9685823754789272,0.2351463888205355,0.04512104865102697,0.3368327755259509,0.38289978700248656,0.6997535633651408,0.04713365404977407,0.0913969674219589,0.03785731320548607,3,0,5,1,0.04,0.04,87,114,prob_noisy,16,87
1,Evolved HMM 5,2.759092942510241,0.4705229793977813,8.0,0.9662835249042145,0.3743375954598512,0.09563274506342834,0.3000321246209047,0.2299975348558157,0.8646672348792911,0.34288900665418304,0.1548945787560448,0.17284407700010448,3,0,5,1,0.04,0.04,87,114,prob_noisy,16,87
2,Evolved FSM 16,2.66575091109416,0.4969283931656748,7.0,0.957088122605364,0.3519917552726353,0.1510557347506574,0.290633068458722,0.2063194415179853,0.6469160439134878,0.4052663316107576,0.45246544291019203,0.3109562017461177,3,0,5,1,0.04,0.04,87,114,prob_noisy,16,87
3,"DoubleCrosser: (D, D)",2.5744235252695433,0.5993285189408336,5.0,0.9547892720306513,0.4798081625276477,0.1155900875507849,0.20860989692132179,0.19599185300024563,0.9079161243066651,0.7491676030127625,0.38702123139840816,0.10219982712635414,3,0,5,1,0.04,0.04,87,114,prob_noisy,16,87
4,Suspicious Tit For Tat,2.5547002250351833,0.558985736925515,9.0,0.03371647509578544,0.3478076051338895,0.2049113265104137,0.2334133052770653,0.21386776307863145,0.9643819542061004,0.048596460460645766,0.9589782959285791,0.05456016653611096,3,0,5,1,0.04,0.04,87,114,prob_noisy,16,87
5,Tit For Tat,2.5202726192240803,0.6423355305674033,4.0,0.9501915708812261,0.4354784479938693,0.20460816552568797,0.2033124366068052,0.1566009498736376,0.9589693030893967,0.0354964396642682,0.9599174061582921,0.05269655024285256,3,0,5,1,0.04,0.04,87,114,prob_noisy,16,87
6,Win-Stay Lose-Shift,2.503002101212628,0.5619455991620569,4.0,0.9593869731800766,0.3529396235221817,0.21302780584811015,0.23594888450886212,0.19808368612084598,0.9617319067897216,0.039013508078702755,0.040360070181015284,0.9641437274777631,3,0,5,1,0.04,0.04,87,114,prob_noisy,16,87
7,Meta Mixer: 15 players,2.4552955732570316,0.5251742330489155,6.0,0.7693486590038314,0.30381713941286026,0.22049975575689248,0.232592932368048,0.24309017246219924,0.6311364243064369,0.414637496132996,0.5788290516731182,0.4048004255936888,3,0,5,1,0.04,0.04,87,114,prob_noisy,16,87
8,Cycler DC,2.427430199018216,0.4902432170845172,7.0,0.028352490421455937,0.20043536513752852,0.28976088009004386,0.27851176333378835,0.23129199143863916,0.12610343321680367,0.08342431955507264,0.9215740513142558,0.8852994883013816,3,0,5,1,0.04,0.04,87,114,prob_noisy,16,87
9,GTFT: 0.33,2.418822162243215,0.7601541843203466,1.0,0.9540229885057471,0.5265637713682395,0.23579808756129006,0.1358564441637499,0.10178169690672059,0.9619549339211396,0.33974145644578874,0.9617944344969995,0.39309794718533797,3,0,5,1,0.04,0.04,87,114,prob_noisy,16,87
10,Alternator,2.4180103096045125,0.5099750623441397,6.0,0.9632183908045977,0.2219000475399087,0.2882371695263636,0.2741329812429614,0.21572980169076625,0.0404836133129248,0.038482193891597495,0.9618446155876363,0.9643967464340464,3,0,5,1,0.04,0.04,87,114,prob_noisy,16,87
11,Random: 0.5,2.3984727311786136,0.4987422750846247,7.0,0.5011494252873563,0.24436707087117965,0.2544926289298067,0.24283155178397417,0.2583087484150395,0.49382441154895773,0.5168902981549893,0.5039394874736801,0.49447447347341617,3,0,5,1,0.04,0.04,87,114,prob_noisy,16,87
12,Win-Shift Lose-Stay: D,2.3481077897037803,0.5507223318271495,7.0,0.037547892720306515,0.21892950615716159,0.3275583657578563,0.24715149604006095,0.20636063204492122,0.03498054978109147,0.9551893789928452,0.9598259438324775,0.04376339124493397,3,0,5,1,0.04,0.04,87,114,prob_noisy,16,87
13,Tit For 2 Tats,2.3126512230566845,0.8552482811306341,1.0,0.9647509578544061,0.6249631088256621,0.23057745884193923,0.06679901299085131,0.07766041934154741,0.9586666764658917,0.7675276313757643,0.966796083345514,0.3778396962980181,3,0,5,1,0.04,0.04,87,114,prob_noisy,16,87
14,Anti Tit For Tat,2.1848319837545844,0.566387282343117,6.0,0.9524904214559387,0.2277871772859807,0.32835789821905087,0.22932816430220854,0.21452676019275987,0.035295718921530425,0.9616529634595763,0.04100143340610623,0.9646058616191293,3,0,5,1,0.04,0.04,87,114,prob_noisy,16,87
15,Cooperator,2.1228170659749606,0.9612973647278965,1.0,0.967816091954023,0.6251342734436416,0.33609220767899617,0.02533452811707398,0.013438990760288287,0.9577818251271488,0.9681146211507552,0.9480941827523786,0.9644636380855248,3,0,5,1,0.04,0.04,87,114,prob_noisy,16,87
0,Grudger,2.7407900732217776,0.160345806777308,8.0,0.8680555555555556,0.0969033817692546,0.06297011303220246,0.3922960261287686,0.44783047906977436,0.4672081552979275,0.1016611995187893,0.11099481316681019,0.097199714678075,3,0,5,1,0.1,0.01,36,78,prob_noisy,9,88
1,Win-Stay Lose-Shift,2.5331315024417504,0.4863094866837148,4.0,0.9097222222222222,0.267429009782372,0.22052581402673105,0.2998518332513766,0.21219334293952036,0.8970954721091553,0.09673974006321101,0.0920536019906823,0.9012735900431884,3,0,5,1,0.1,0.01,36,78,prob_noisy,9,88
2,Cycler DC,2.3852770944403803,0.4984880357612411,4.0,0.10069444444444445,0.2087160020249998,0.2897229164014451,0.3079367543709645,0.19362432720259062,0.2268454548004361,0.15110404307443678,0.8677276533450007,0.7644841361361232,3,0,5,1,0.1,0.01,36,78,prob_noisy,9,88
3,Alternator,2.370486959618309,0.5041851948731363,4.0,0.8958333333333334,0.20980438835461557,0.2944065595098624,0.31154621854915926,0.18424283358636284,0.10089533831111451,0.10837297367078,0.9009162064115008,0.8736970200704252,3,0,5,1,0.1,0.01,36,78,prob_noisy,9,88
4,Tit For Tat,2.3476756768136076,0.5472790428406021,3.0,0.9131944444444444,0.2928360772519157,0.25521687608786015,0.25142092587443654,0.20052612078578766,0.9106801320195863,0.1009259485234408,0.9066495473750358,0.09744002827189252,3,0,5,1,0.1,0.01,36,78,prob_noisy,9,88
5,Suspicious Tit For Tat,2.32857303805359,0.5084183673469388,4.0,0.1076388888888889,0.26235118345091435,0.2494762888191216,0.26126878137609044,0.22690374635387353,0.9093193541997117,0.09925396959412609,0.8964636022760696,0.10115972210830469,3,0,5,1,0.1,0.01,36,78,prob_noisy,9,88
6,GTFT: 0.33,2.2828379953379954,0.6834308240081384,1.0,0.9236111111111112,0.39665096333860195,0.2863629201028561,0.18543772866460112,0.13154838789394097,0.9026166741635573,0.36162766654743783,0.9054203644694068,0.37422995456854374,3,0,5,1,0.1,0.01,36,78,prob_noisy,9,88
7,Win-Shift Lose-Stay: D,2.2089720185450474,0.5343181524964521,4.0,0.09027777777777778,0.23664322185320533,0.295192195139141,0.2560824261195557,0.21208215688809803,0.1030998325695409,0.9002799614324845,0.8976417555104526,0.09400722895278919,3,0,5,1,0.1,0.01,36,78,prob_noisy,9,88
8,Cooperator,1.9443450513303455,0.8981063456232756,0.0,0.8506944444444444,0.5271013669279775,0.3710842688713258,0.059117257655593065,0.042697106545103766,0.8936982917400946,0.9017578834992555,0.894968438654028,0.8845578489448103,3,0,5,1,0.1,0.01,36,78,prob_noisy,9,88
0,Evolved HMM 5,2.712176275577714,0.5371098550012288,7.0,0.9761111111111112,0.4394977575661699,0.09855530484650588,0.25179690145235956,0.21015003613496464,0.8973562601763052,0.36513844579581745,0.15006063529761812,0.16656438063215995,3,0,5,1,0.02,0.04,100,59,prob_noisy,19,89
1,Defector,2.7092293403419676,0.019617190665745,16.0,0.019444444444444445,0.008160054014207193,0.011428788983138845,0.3885531130778504,0.5918580439248036,0.08603238866396762,0.04807018809659553,0.02080641222266319,0.019421777604021053,3,0,5,1,0.02,0.04,100,59,prob_noisy,19,89
2,Grudger,2.7012144092723815,0.36530627360936224,9.0,0.9794444444444445,0.3199124992735254,0.038283690789225625,0.27647741123736874,0.36532639869988015,0.8206040950801431,0.024656806801284743,0.09266608950011129,0.030853014935922716,3,0,5,1,0.02,0.04,100,59,prob_noisy,19,89
3,Evolved FSM 16,2.6377980662799523,0.5768317544070032,7.0,0.9816666666666667,0.413908673398143,0.1680448132113573,0.25035090594557746,0.16769560744492226,0.7217245906716993,0.4014012731533787,0.4791460542351324,0.41785347775837933,3,0,5,1,0.02,0.04,100,59,prob_noisy,19,89
4,Meta Winner: 17 players,2.570254303099123,0.14135445272655944,13.0,0.9783333333333334,0.08572752848756066,0.05648534758470658,0.35647710968810375,0.501310014239629,0.49767387852166206,0.36773732852029045,0.08127576445429224,0.09102063009261636,3,0,5,1,0.02,0.04,100,59,prob_noisy,19,89
5,"DoubleCrosser: (D, D)",2.5685828021472727,0.6434351344296528,4.0,0.9805555555555555,0.5304382404848649,0.10286765638526546,0.18232035657702436,0.18437374655284533,0.925435325626384,0.7976655386512516,0.4752108341531238,0.17490915915851218,3,0,5,1,0.02,0.04,100,59,prob_noisy,19,89
6,Tit For Tat,2.4318672021718664,0.6359736050551449,2.0,0.9822222222222222,0.4722869703064686,0.16379505028915467,0.1539898705673413,0.20992810883703555,0.9795609928925573,0.02111084536679779,0.9781484812798181,0.02280904080556543,3,0,5,1,0.02,0.04,100,59,prob_noisy,19,89
7,Suspicious Tit For Tat,2.423557109804969,0.5197535954211433,9.5,0.017777777777777778,0.3453793313131576,0.17586482110232327,0.2001313666594181,0.27862448092510106,0.9664427518781612,0.021320158466428547,0.9789507378234279,0.01987070284917006,3,0,5,1,0.02,0.04,100,59,prob_noisy,19,89
8,Soft Joss: 0.9,2.4053050095953523,0.6841231440633746,2.0,0.9755555555555555,0.5025387495159188,0.17917451947800508,0.1373541650567538,0.1809325659493223,0.9820972654121193,0.10853571455369188,0.979534158148311,0.12045842331968877,3,0,5,1,0.02,0.04,100,59,prob_noisy,19,89
9,Win-Stay Lose-Shift,2.3852338707538956,0.6250576890378683,4.0,0.9822222222222222,0.41260116135146885,0.21094273876846395,0.17819601792252307,0.1982600819575441,0.9800259768839251,0.017875883815188665,0.021259901349926866,0.9823406494137394,3,0,5,1,0.02,0.04,100,59,prob_noisy,19,89
10,GTFT: 0.33,2.3184666113391,0.7702128698369299,1.0,0.9844444444444445,0.5553811878401502,0.21379209724621503,0.09948176616635812,0.13134494874727654,0.9808245785487778,0.3334385223139092,0.9732037230582402,0.353377670560845,3,0,5,1,0.02,0.04,100,59,prob_noisy,19,89
11,Meta Mixer: 17 players,2.305280542335271,0.49987285118502695,8.0,0.7388888888888889,0.2693249994830976,0.22883107113010104,0.21763428631432646,0.28420964307247487,0.6164803860846468,0.4046487675100103,0.5703522508709202,0.39518445437227373,3,0,5,1,0.02,0.04,100,59,prob_noisy,19,89
12,Tit For 2 Tats,2.255687734020558,0.8075924322987511,1.0,0.9788888888888889,0.6145193412114024,0.1914040849243016,0.05366655662776662,0.14041001723652932,0.9820903752368123,0.7566786639919408,0.9830439794019631,0.3837166366748796,3,0,5,1,0.02,0.04,100,59,prob_noisy,19,89
13,Alternator,2.2437199564251467,0.5101799869888923,6.0,0.9777777777777777,0.2132260287696929,0.29704467086788644,0.23850632483261858,0.251222975529802,0.01906895622565808,0.021962889973213728,0.9766955900914108,0.9803749563464517,3,0,5,1,0.02,0.04,100,59,prob_noisy,19,89
14,Random: 0.5,2.236166491515655,0.49921567681057993,8.0,0.5066666666666667,0.22740634622471242,0.27208123863111344,0.22632763345739348,0.27418478168678057,0.5085224859466038,0.5034095650099961,0.4936379187702934,0.493973421950602,3,0,5,1,0.02,0.04,100,59,prob_noisy,19,89
15,Win-Shift Lose-Stay: D,2.2259435490398234,0.5472662616683953,8.0,0.015,0.20321834713618003,0.3419024788995506,0.2308827863451301,0.2239963876191393,0.02006460961956105,0.9812327933805768,0.9791070846563878,0.024263105526127773,3,0,5,1,0.02,0.04,100,59,prob_noisy,19,89
16,Bully,2.1606934907381516,0.5526201621189634,9.0,0.023333333333333334,0.16700820894431673,0.38528291299149886,0.25368285327848095,0.19402602478570344,0.02093217056667295,0.9795217880574045,0.02063377058086799,0.9797064032383945,3,0,5,1,0.02,0.04,100,59,prob_noisy,19,89
17,Anti Tit For Tat,2.0187390581931446,0.6060250391236307,7.0,0.9811111111111112,0.19472332059731853,0.41405124377535474,0.20975086157512374,0.18147457405220296,0.017910793693107826,0.983422652860395,0.017556265246920704,0.9815949901289284,3,0,5,1,0.02,0.04,100,59,prob_noisy,19,89
18,Cooperator,2.0021893726361846,0.9791601940587434,1.0,0.9805555555555555,0.6106892770822863,0.36852509579321024,0.012777338915859898,0.008008288208643655,0.9817670072660916,0.9777627152935209,0.9889427191838094,0.9859275790127446,3,0,5,1,0.02,0.04,100,59,prob_noisy,19,89
0,Defector,2.832145475371799,0.0,11.0,0.0,0.0,0.0,0.4401076426601844,0.5598923573398156,0.0,0.0,0.0,0.0,3,0,5,1,0.0,0.03,89,118,prob_noisy,14,90
1,Evolved FSM 16,2.799462018976573,0.5120869727809386,5.0,1.0,0.363542493621499,0.14612876955273368,0.3317364648224299,0.15859227200333745,0.9110468376317831,0.48928094949670925,0.23074208001364072,0.3637766188904639,3,0,5,1,0.0,0.03,89,118,prob_noisy,14,90
2,Meta Winner: 12 players,2.731227975765791,0.09221339636643487,10.0,1.0,0.05226022809484391,0.041335333401055066,0.455774742264646,0.4506296962394551,0.573485351278795,0.4346243422527236,0.012878197358561176,0.02868843628921868,3,0,5,1,0.0,0.03,89,118,prob_noisy,14,90
3,"DoubleCrosser: (D, D)",2.6101535873877975,0.4866549464599648,4.0,1.0,0.4236845636639831,0.07103274588415366,0.2825379593516864,0.22274473110017684,1.0,0.7947063587491896,0.0,0.0,3,0,5,1,0.0,0.03,89,118,prob_noisy,14,90
4,Tit For Tat,2.3317024708271394,0.607170542635659,0.0,1.0,0.4138893693252466,0.19147379059386674,0.17824149461777986,0.21639534546310674,1.0,0.0,1.0,0.0,3,0,5,1,0.0,0.03,89,118,prob_noisy,14,90
5,Win-Stay Lose-Shift,2.2585787272629663,0.631797771495094,2.0,1.0,0.4243957386723433,0.2161765393650573,0.15529697435778125,0.2041307476048182,1.0,0.0,0.0,1.0,3,0,5,1,0.0,0.03,89,118,prob_noisy,14,90
6,Suspicious Tit For Tat,2.2385608638848544,0.47042183895419093,6.0,0.0,0.2518116403910304,0.20291688198156402,0.21675810364479853,0.32851337398260705,1.0,0.0,1.0,0.0,3,0,5,1,0.0,0.03,89,118,prob_noisy,14,90
7,Bully,2.2164006712424933,0.562928398186228,5.0,0.0,0.16326899329194638,0.38676223889876493,0.26979482839982033,0.18017393940946824,0.0,1.0,0.0,1.0,3,0,5,1,0.0,0.03,89,118,prob_noisy,14,90
8,Cycler DC,2.1616284508847468,0.4922282594004271,4.0,0.0,0.20053955768121087,0.29164248360341527,0.20926691492295701,0.2985510437924168,0.0,0.0,1.0,1.0,3,0,5,1,0.0,0.03,89,118,prob_noisy,14,90
9,Meta Mixer: 12 players,2.1369651137994774,0.471748126910281,5.0,0.5375972342264477,0.2129246690232882,0.25807299100439607,0.22219955563385121,0.3068027843384646,0.4907872436897967,0.4477917976728814,0.48829824338773015,0.4578048934952657,3,0,5,1,0.0,0.03,89,118,prob_noisy,14,90
10,Random: 0.5,2.132642821010551,0.5022446992643878,4.0,0.49870354364736386,0.21266484996759008,0.28963735140896135,0.21228142129098718,0.2854163773324614,0.49026019787463465,0.5039552529957799,0.5099870196056725,0.5055414524739658,3,0,5,1,0.0,0.03,89,118,prob_noisy,14,90
11,Win-Shift Lose-Stay: D,1.967570066135907,0.539147455415398,5.0,0.0,0.17818896582012758,0.35003181515847936,0.19503042278381405,0.27674879623757914,0.0,1.0,1.0,0.0,3,0,5,1,0.0,0.03,89,118,prob_noisy,14,90
12,Anti Tit For Tat,1.8056286549707603,0.6565464379875513,4.0,1.0,0.17918216988951569,0.46444199598995445,0.18921476803093878,0.1671610660895911,0.0,1.0,0.0,1.0,3,0,5,1,0.0,0.03,89,118,prob_noisy,14,90
13,Cooperator,1.6562764158918004,1.0,0.0,1.0,0.5514116440607272,0.4485883559392728,0.0,0.0,1.0,1.0,0.0,0.0,3,0,5,1,0.0,0.03,89,118,prob_noisy,14,90
0,Defector,2.617724867724868,0.07950067253462964,17.0,0.0811965811965812,0.033397846623723276,0.04609626495136682,0.39307369600844316,0.5274321924164667,0.07601937349148488,0.08959791543309618,0.0750380560240993,0.07999487924638252,3,0,5,1,0.08,0.01,91,30,prob_noisy,19,91
1,Grudger,2.587727807172252,0.24363481913211732,15.0,0.9285714285714286,0.17431884237794484,0.0698871707693186,0.3302055990897153,0.42558838776302127,0.6290217815518288,0.0783378359327117,0.12537706121132153,0.08386040066864293,3,0,5,1,0.08,0.01,91,30,prob_noisy,19,91
2,Evolved HMM 5,2.5455026455026455,0.41549411958801763,11.0,0.9230769230769231,0.2670185003705624,0.14738923472463009,0.2895874480489835,0.296004816855824,0.786526218496046,0.3649051246721257,0.18545507663133723,0.20824515443650976,3,0,5,1,0.08,0.01,91,30,prob_noisy,19,91
3,Meta Winner: 17 players,2.5143518518518517,0.17865993360452612,15.0,0.9206349206349206,0.09672037667239562,0.08208584661882343,0.3519069074536853,0.46928686925509555,0.3931835584664805,0.2991717240586685,0.11690947692645423,0.12581421688303623,3,0,5,1,0.08,0.01,91,30,prob_noisy,19,91
4,"DoubleCrosser: (D, D)",2.4535185185185187,0.519643276226238,8.0,0.9291819291819292,0.37498200153517947,0.1470911589962849,0.2188974172732604,0.25902942219527525,0.8159189950012936,0.6456133146589191,0.3410246493803964,0.16016912931804542,3,0,5,1,0.08,0.01,91,30,prob_noisy,19,91
5,Evolved FSM 16,2.4433133962119467,0.47387724196677866,10.0,0.9169719169719169,0.2722665899414484,0.20107235049494038,0.2764772645019018,0.2501837950617095,0.6028812909613666,0.3991688292289367,0.39337402789970466,0.36474727701483384,3,0,5,1,0.08,0.01,91,30,prob_noisy,19,91
6,Tit For Tat,2.297949735449736,0.5524882454261906,6.0,0.9218559218559218,0.3484856746919224,0.20086133439218812,0.19387967336277523,0.25677331755311433,0.9260467980642305,0.07950267657289214,0.9186372924989882,0.07536759277983038,3,0,5,1,0.08,0.01,91,30,prob_noisy,19,91
7,Suspicious Tit For Tat,2.2876514958894822,0.4842342871922688,9.0,0.07203907203907203,0.2879458208684411,0.19813542911721083,0.2182746334512006,0.2956441165631473,0.9187926788515478,0.07469267351271153,0.917959930985232,0.07530773718949313,3,0,5,1,0.08,0.01,91,30,prob_noisy,19,91
8,Soft Joss: 0.9,2.2695594837261504,0.5992881403247569,4.0,0.9163614163614163,0.37682056401388664,0.22246755110552183,0.17845998231958377,0.22225190256100774,0.9216471923662939,0.17047043519308375,0.9238016397777743,0.17238702629398794,3,0,5,1,0.08,0.01,91,30,prob_noisy,19,91
9,Win-Stay Lose-Shift,2.2027777777777775,0.5364723679856285,6.0,0.9181929181929182,0.27977121155287965,0.2570213509665405,0.219672142870301,0.24353529461027879,0.9155275213980251,0.0812599387556982,0.08120861521737888,0.918453326068237,3,0,5,1,0.08,0.01,91,30,prob_noisy,19,91
10,Meta Mixer: 17 players,2.1936831275720166,0.4892045319588608,8.0,0.6556776556776557,0.248049167654654,0.2413498743047933,0.22587924556245273,0.2847217124781,0.5741828301522495,0.4195116192084827,0.54833621441078,0.41751308535942905,3,0,5,1,0.08,0.01,91,30,prob_noisy,19,91
11,GTFT: 0.33,2.1504997060552618,0.6838632972771354,2.0,0.9035409035409036,0.4198846766541023,0.2638302713849034,0.13978828022224843,0.1764967717387459,0.9214890774202298,0.356855127714648,0.9214110058901094,0.35265229695414135,3,0,5,1,0.08,0.01,91,30,prob_noisy,19,91
12,Tit For 2 Tats,2.1259661835748793,0.7329899574307956,1.0,0.9151404151404151,0.48261786562638725,0.24917250524291212,0.10106707658764419,0.1671425525430564,0.9164150984110349,0.6692713874845936,0.9159081212225405,0.32589078580965236,3,0,5,1,0.08,0.01,91,30,prob_noisy,19,91
13,Random: 0.5,2.1248833560427762,0.5005449462161778,7.0,0.5097680097680097,0.22764117797694836,0.27290665978727724,0.22517689557865644,0.27427526665711804,0.5057986428223525,0.50103131417394,0.49580174965406926,0.49330064689062003,3,0,5,1,0.08,0.01,91,30,prob_noisy,19,91
14,Cycler DC,2.107288571994454,0.5018444153903624,7.0,0.09096459096459096,0.20740380124440716,0.29439719568728767,0.23989896277843614,0.2583000402898689,0.18594237818078563,0.17355240780947953,0.8510609982880601,0.8230216588456926,3,0,5,1,0.08,0.01,91,30,prob_noisy,19,91
15,Win-Shift Lose-Stay: D,2.091041366041366,0.5198508237737809,8.0,0.07020757020757021,0.20821521575162782,0.31130520874879397,0.2331990947533894,0.2472804807461887,0.08474406594955625,0.9208789353920979,0.9203227657070685,0.07687497723400967,3,0,5,1,0.08,0.01,91,30,prob_noisy,19,91
16,Bully,2.0238455988455986,0.5438478017883756,8.0,0.08241758241758242,0.18682347775596786,0.35643674331499603,0.23824978766849492,0.21848999126054125,0.07373902241636884,0.9198631096552055,0.08859517950619908,0.9185362870951435,3,0,5,1,0.08,0.01,91,30,prob_noisy,19,91
17,Anti Tit For Tat,1.931355218855219,0.5755039127341712,7.0,0.9139194139194139,0.2094819313004415,0.3637778178242402,0.21818009826247897,0.20856015261283936,0.08112566625562954,0.9251801933062439,0.08022002108839381,0.9177802264545112,3,0,5,1,0.08,0.01,91,30,prob_noisy,19,91
18,Cooperator,1.8174309229864787,0.9221551280250901,1.0,0.9194139194139194,0.5112474378353298,0.4109598463994003,0.04436960903777817,0.033423106727491936,0.9207471164666665,0.9244078019227684,0.925853450553134,0.9110369969405114,3,0,5,1,0.08,0.01,91,30,prob_noisy,19,91
0,Defector,2.965163738695855,0.07314384694118574,11.0,0.0661231884057971,0.03302039546002806,0.0401730830389571,0.4307474899617941,0.49605903153922065,0.08675228579578684,0.06635306279271559,0.07680504830235561,0.07223251482169388,3,0,5,1,0.07,0.09,92,163,prob_noisy,13,92
1,Bully,2.499587696214934,0.4798393447787053,7.0,0.057971014492753624,0.22294078732665742,0.25195822858185685,0.26159053633660173,0.26351044775488397,0.07316796590393104,0.940695028531712,0.07076319283957956,0.9285532426632486,3,0,5,1,0.07,0.09,92,163,prob_noisy,13,92
2,Cycler DC,2.4852210228854963,0.4765611633875107,6.0,0.06884057971014493,0.22076497385646598,0.25569649412951395,0.2836831809453265,0.2398553510686934,0.16838477851765113,0.14945669009909293,0.855135948281025,0.8075011681326005,3,0,5,1,0.07,0.09,92,163,prob_noisy,13,92
3,Meta Winner: 11 players,2.422834746272246,0.2677341873498799,7.0,0.947463768115942,0.14969343851977804,0.12068337867592503,0.33641858186553436,0.3932046009387626,0.4262092069482121,0.4255458896213704,0.08314026612524732,0.1340731173824338,3,0,5,1,0.07,0.09,92,163,prob_noisy,13,92
4,Random: 0.5,2.3805130945473483,0.49608062709966405,5.0,0.49818840579710144,0.244664122124331,0.2507356805212135,0.25231514601256055,0.2522850513418949,0.5046033172105582,0.4907203513984673,0.49405321607725927,0.48385381065080174,3,0,5,1,0.07,0.09,92,163,prob_noisy,13,92
5,Meta Mixer: 11 players,2.3061921341913605,0.5182165605095541,5.0,0.6594202898550725,0.27254943392542613,0.2469371737606232,0.23706967895980346,0.24344371335414716,0.5423231584627893,0.4492576856676948,0.568771403822688,0.45558948269984906,3,0,5,1,0.07,0.09,92,163,prob_noisy,13,92
6,Alternator,2.2988906926406925,0.5232452892289969,4.0,0.9347826086956522,0.2587976399734044,0.26469584354497805,0.2530647003280186,0.223441816153599,0.060909818986512675,0.07071383826198079,0.927920681804875,0.9371826708604067,3,0,5,1,0.07,0.09,92,163,prob_noisy,13,92
7,Tit For Tat,2.2646475256769376,0.5618759207726306,2.0,0.9257246376811594,0.3379861651788921,0.23692877374622798,0.21038425913509698,0.21470080193978291,0.9323146242298307,0.0672280400887284,0.9288126797558452,0.06871553631320697,3,0,5,1,0.07,0.09,92,163,prob_noisy,13,92
8,Soft Joss: 0.9,2.239745215533259,0.6055335328856889,2.0,0.9157608695652174,0.34853429199636227,0.25541288221226593,0.19006805904250354,0.20598476674886823,0.9334472072805746,0.15468376468547804,0.9338858518591456,0.16385449592152104,3,0,5,1,0.07,0.09,92,163,prob_noisy,13,92
9,Anti Tit For Tat,2.1631251271876275,0.5589654025282768,5.0,0.9365942028985508,0.26578766229005363,0.29640738544844675,0.2038401581378917,0.23396479412360804,0.07056374318628754,0.9246818391552284,0.0691656876607214,0.9329454800140353,3,0,5,1,0.07,0.09,92,163,prob_noisy,13,92
10,Win-Stay Lose-Shift,2.1423700373384027,0.5864873570623289,3.0,0.9338768115942029,0.33153826740192077,0.25638428521072804,0.1835116523999654,0.2285657949873858,0.9329404366081868,0.07200185010717854,0.06915489424050213,0.9291014960768805,3,0,5,1,0.07,0.09,92,163,prob_noisy,13,92
11,GTFT: 0.33,2.1069614059874358,0.6885502471169687,1.0,0.927536231884058,0.3948317225891756,0.29944966846074367,0.14436163927771745,0.16135696967236338,0.9338106046795324,0.36573552992638625,0.9297232585374959,0.35555013405618535,3,0,5,1,0.07,0.09,92,163,prob_noisy,13,92
12,Tit For 2 Tats,1.9559846126234806,0.7402716440296642,0.0,0.9338768115942029,0.4313227768433574,0.30745487345432904,0.09586266838299484,0.16535968131931875,0.9375479765730788,0.673010475634413,0.9172050305213152,0.304681927387251,3,0,5,1,0.07,0.09,92,163,prob_noisy,13,92
0,Grudger,2.972730210916446,0.391260162601626,7.0,0.9625668449197861,0.364543254431188,0.03815990861938711,0.30792667283671543,0.2893701641127095,0.8427705171901222,0.0625,0.09663573697528625,0.04038293463776136,3,0,5,1,0.03,0.05,17,95,prob_noisy,12,93
1,Evolved HMM 5,2.8675352505017577,0.4698264698264698,5.0,0.9786096256684492,0.39224261179131986,0.09794114280965856,0.2902695178767694,0.2195467275222523,0.9220278416823395,0.38493431491377306,0.18799439919809036,0.18527051102615236,3,0,5,1,0.03,0.05,17,95,prob_noisy,12,93
2,Evolved FSM 16,2.8050524097234324,0.5810296728379406,5.0,0.9893048128342246,0.4407702260308818,0.13870657962411076,0.2646152013601547,0.15590799298485267,0.8063312236771502,0.41483741250180706,0.43654865146120886,0.3166066166912643,3,0,5,1,0.03,0.05,17,95,prob_noisy,12,93
3,Meta Winner: 11 players,2.600206775092923,0.27002724795640326,6.0,0.9786096256684492,0.14107085432928781,0.1294017874297144,0.3395854038897446,0.3899419543512531,0.4252773397243254,0.7291560184357618,0.057262606916520985,0.21848776372877718,3,0,5,1,0.03,0.05,17,95,prob_noisy,12,93
4,Tit For Tat,2.5365931472390804,0.6803370786516854,2.0,0.9572192513368984,0.5072472856507083,0.17351158803496497,0.1716060297393157,0.14763509657501112,0.9695406939963924,0.04747172253890354,0.9513961980505642,0.048260753227640646,3,0,5,1,0.03,0.05,17,95,prob_noisy,12,93
5,Soft Joss: 0.9,2.5289851562578836,0.7058987200890373,0.0,0.9732620320855615,0.5377242259958729,0.1854118901545123,0.14373481725081874,0.13312906659879611,0.9772924877688564,0.1486911656758985,0.9423025871077043,0.26923967092676243,3,0,5,1,0.03,0.05,17,95,prob_noisy,12,93
6,Win-Stay Lose-Shift,2.4491443477472887,0.5975675675675676,2.0,0.9572192513368984,0.3854642273744897,0.21133544433436657,0.20481255120116157,0.1983877770899822,0.9710500645785121,0.03813243530431389,0.04406190960982232,0.9744300565132622,3,0,5,1,0.03,0.05,17,95,prob_noisy,12,93
7,Alternator,2.3865887415956695,0.5109409190371991,4.0,0.983957219251337,0.232031141642712,0.2792579345563911,0.24999325931433117,0.2387176644865657,0.04152127007547342,0.028302485778673916,0.9469935942291632,0.9780335119257538,3,0,5,1,0.03,0.05,17,95,prob_noisy,12,93
8,Win-Shift Lose-Stay: D,2.3664758908661345,0.5922602355580482,5.0,0.0427807486631016,0.2184617052838436,0.36798087529079176,0.25919833304711354,0.1543590863782512,0.04656461576461864,0.9702428149234765,0.9695979376093281,0.05068969097118262,3,0,5,1,0.03,0.05,17,95,prob_noisy,12,93
9,Tit For 2 Tats,2.359172077922078,0.8193796321712874,0.0,0.9625668449197861,0.6210305484086778,0.20402368407522556,0.0600920883397614,0.11485367917633521,0.9721455083315228,0.7417942773291241,0.9855980587676896,0.2852261924403485,3,0,5,1,0.03,0.05,17,95,prob_noisy,12,93
10,Bully,2.244267096539824,0.5550077841203944,6.0,0.0106951871657754,0.1655522420868375,0.3760705729222418,0.25696465596330564,0.20141252902761506,0.04391515865622068,0.9573390162625648,0.023914822904266147,0.970531274062413,3,0,5,1,0.03,0.05,17,95,prob_noisy,12,93
11,Cooperator,2.124445398152295,0.975609756097561,1.0,0.9679144385026738,0.6083867213261451,0.36705159418164823,0.02005447121382135,0.004507213278385168,0.9763449751061436,0.9691220981007607,0.9857142857142858,1.0,3,0,5,1,0.03,0.05,17,95,prob_noisy,12,93
0,Defector,2.7716746794871794,0.03000191094974202,14.0,0.028017241379310345,0.01276229021743848,0.017356837450400838,0.39287917394798205,0.5770016983841787,0.0,0.16458333333333333,0.04191512564177821,0.03634183876501174,3,0,5,1,0.03,0.05,29,16,prob_noisy,17,94
1,Grudger,2.611049107142857,0.4857738998482549,7.0,0.9698275862068966,0.41106514715543774,0.0673136413173626,0.23513225977139443,0.28648895175580535,0.8851065484506577,0.0696730957829356,0.1390399173999191,0.045070575859125044,3,0,5,1,0.03,0.05,29,16,prob_noisy,17,94
2,Evolved HMM 5,2.5799512987012987,0.6041225197457137,6.0,0.9762931034482759,0.47202131237371026,0.13052197036892377,0.20742020154901797,0.19003651570834798,0.8954963906445921,0.3895155375325502,0.1938892288464463,0.18836364152627447,3,0,5,1,0.03,0.05,29,16,prob_noisy,17,94
3,Evolved FSM 16,2.5517628205128204,0.6446393762183236,5.0,0.9655172413793104,0.47668805676822273,0.16697887880908088,0.19436009188985276,0.1619729725328436,0.7615592387561886,0.34884802980372837,0.5843737558427106,0.3603640250011343,3,0,5,1,0.03,0.05,29,16,prob_noisy,17,94
4,Meta Winner: 15 players,2.4547530594405593,0.2773933102652826,10.0,0.9849137931034483,0.16986572234853697,0.10775733450112694,0.30956502202855446,0.41281192112178156,0.48144168551795874,0.41263428245080747,0.1158248096638871,0.18098992644669049,3,0,5,1,0.03,0.05,29,16,prob_noisy,17,94
5,Suspicious Tit For Tat,2.4543628246753246,0.4848191839102688,8.0,0.023706896551724137,0.3024044098283361,0.17949495739252647,0.23116634175109108,0.2869342910280464,0.951153841286755,0.039300555626230124,0.9594995135873965,0.0976377483233014,3,0,5,1,0.03,0.05,29,16,prob_noisy,17,94
6,Tit For Tat,2.4541666666666666,0.686633281972265,2.0,0.9806034482758621,0.4955648556503851,0.18191277630390157,0.15694319973772206,0.16557916830799135,0.9694823792839866,0.05630818555946601,0.9745549165733894,0.042209793150316394,3,0,5,1,0.03,0.05,29,16,prob_noisy,17,94
7,Win-Stay Lose-Shift,2.413938492063492,0.6357445242039389,4.0,0.9655172413793104,0.4329258577890613,0.20456188690934857,0.18691669217637952,0.1755955631252106,0.9688895837738972,0.03016923999707632,0.0457036446756266,0.9654993858296251,3,0,5,1,0.03,0.05,29,16,prob_noisy,17,94
8,"DoubleCrosser: (D, D)",2.3893229166666665,0.7605960905748016,2.0,0.959051724137931,0.5745537915175308,0.18072256651353555,0.11759009815109676,0.12713354381783687,0.9313096591159151,0.8429346880968237,0.5308033325536261,0.2962937384107225,3,0,5,1,0.03,0.05,29,16,prob_noisy,17,94
9,Meta Mixer: 15 players,2.3625,0.5402121504339441,6.0,0.7198275862068966,0.31023553321745323,0.23102395891779276,0.222637634610075,0.236102873254679,0.657346849133131,0.38863364816612644,0.6033510710358683,0.3803644163821869,3,0,5,1,0.03,0.05,29,16,prob_noisy,17,94
10,GTFT: 0.33,2.3586805555555554,0.7793236714975845,1.0,0.9676724137931034,0.564181232101858,0.2178670889106398,0.10435683366846638,0.1135948453190358,0.9574545322005779,0.3560299721186818,0.9763406317990269,0.4934106841069667,3,0,5,1,0.03,0.05,29,16,prob_noisy,17,94
11,Win-Shift Lose-Stay: D,2.341952405233655,0.5183010373850069,7.0,0.028017241379310345,0.20157236397665695,0.3204338026098979,0.2572860585452282,0.22070777486821702,0.03464999803506441,0.9707338924299012,0.9641034084316658,0.03284227162801161,3,0,5,1,0.03,0.05,29,16,prob_noisy,17,94
12,Random: 0.5,2.336357652763903,0.49286412512218963,7.0,0.47413793103448276,0.23232986528527186,0.26028116976789595,0.2553911531471989,0.25199781179963326,0.4866242281721131,0.5301229154648374,0.49639185237219924,0.4618277056425436,3,0,5,1,0.03,0.05,29,16,prob_noisy,17,94
13,Bully,2.3139655483405486,0.5241352354895447,8.0,0.01939655172413793,0.15755843451838686,0.36242155167466716,0.26510838830143313,0.21491162550551282,0.03192797576508686,0.9567981126756809,0.040280093165618376,0.9747937688672345,3,0,5,1,0.03,0.05,29,16,prob_noisy,17,94
14,Alternator,2.288375946969697,0.5169016805099479,5.0,0.978448275862069,0.23162817813897063,0.2852728363891133,0.25818418289391737,0.22491480257799873,0.04136629534831882,0.03140948774264783,0.969724035138285,0.9703019816292775,3,0,5,1,0.03,0.05,29,16,prob_noisy,17,94
15,Tit For 2 Tats,2.231857638888889,0.8263438810522302,1.0,0.9676724137931034,0.6130717848274811,0.21297045740112902,0.05725319155552636,0.11670456621586345,0.9685350838644535,0.7486996911010579,0.9759600614439324,0.4160845295055821,3,0,5,1,0.03,0.05,29,16,prob_noisy,17,94
16,Cooperator,2.057391826923077,0.9717535545023697,0.0,0.9719827586206896,0.6284284757447995,0.34307971926422226,0.017780910776628994,0.010710894214349098,0.9740860588109133,0.9501770016695554,0.9935064935064934,0.9772727272727273,3,0,5,1,0.03,0.05,29,16,prob_noisy,17,94
0,Defector,3.0549450549450547,0.03984230833752726,12.0,0.03294573643410853,0.022064379763880777,0.017767303714581528,0.4950629437981413,0.4651053727233963,0.05702429606027343,0.07087698445068541,0.03943063829923768,0.05227601137014537,3,0,5,1,0.04,0.03,86,14,prob_noisy,13,95
1,Grudger,2.7525755494505493,0.3883757050600834,7.0,0.9612403100775194,0.3190072139076838,0.07602794515156859,0.3021115400956187,0.3028533008451289,0.7674819924524527,0.04063113050743792,0.1359253002030051,0.03926822314629812,3,0,5,1,0.04,0.03,86,14,prob_noisy,13,95
2,Meta Winner: 11 players,2.6306352212602215,0.2575554063129617,9.0,0.9651162790697675,0.14878687093636736,0.10874137341707417,0.3701570614389836,0.3723146942075748,0.396243940297001,0.4169246671727766,0.05821181826279623,0.1987276095040238,3,0,5,1,0.04,0.03,86,14,prob_noisy,13,95
3,Evolved HMM 5,2.552579365079365,0.49747202652300043,6.0,0.9476744186046512,0.35517142622982983,0.14914738797780994,0.25636741598939133,0.23931376980296884,0.8342558178527922,0.3228769255669824,0.1726814845174425,0.14520740415716468,3,0,5,1,0.04,0.03,86,14,prob_noisy,13,95
4,Bully,2.3205342111592113,0.4872161480235492,6.0,0.0377906976744186,0.16219302134226463,0.3227473210406221,0.306868687731159,0.20819096988595429,0.043969841541100035,0.9534835890690087,0.03439797004772522,0.9566865455300845,3,0,5,1,0.04,0.03,86,14,prob_noisy,13,95
5,Cycler DC,2.2491973304473305,0.4914017280429494,5.0,0.031007751937984496,0.24851258943267784,0.24284329972191077,0.23493699085138664,0.27370711999402475,0.07459279779447733,0.12077317990874561,0.9072552151037488,0.925457208990753,3,0,5,1,0.04,0.03,86,14,prob_noisy,13,95
6,Random: 0.5,2.2083333333333335,0.503557700171751,5.0,0.5184108527131783,0.24473587951355003,0.2590841171667125,0.2363666263678531,0.2598133769518844,0.5114870069634349,0.5015363987303249,0.4956843349860615,0.48652631854098,3,0,5,1,0.04,0.03,86,14,prob_noisy,13,95
7,Meta Mixer: 11 players,2.2041170634920633,0.5198819381815201,5.0,0.6676356589147286,0.27210629873416387,0.24809781097519443,0.2209219475013704,0.2588739427892714,0.5230264039420955,0.4785681233241034,0.4959259301606151,0.5166780893420241,3,0,5,1,0.04,0.03,86,14,prob_noisy,13,95
8,Win-Stay Lose-Shift,2.1589133089133092,0.6441201000834028,2.0,0.9583333333333334,0.4020821492594275,0.24022033386696015,0.14175807806614324,0.21593943880746905,0.9633259498384915,0.04542307482966106,0.04918940557465604,0.9519764223415121,3,0,5,1,0.04,0.03,86,14,prob_noisy,13,95
9,GTFT: 0.33,2.0927579365079367,0.7135829233719669,1.0,0.9583333333333334,0.4516663849953162,0.26198740295931827,0.10967964119456575,0.17666657085079987,0.9513474664911755,0.3471687179896916,0.971639027528035,0.4037978288182656,3,0,5,1,0.04,0.03,86,14,prob_noisy,13,95
10,Tit For 2 Tats,2.0527319902319903,0.7483985165205664,0.0,0.9680232558139535,0.48918762718918396,0.25705022792251825,0.07919493891451183,0.17456720597378594,0.9585613359437596,0.6549416067296678,0.9570133738060735,0.22254949774294033,3,0,5,1,0.04,0.03,86,14,prob_noisy,13,95
11,Anti Tit For Tat,2.023117391867392,0.5846811363445906,5.0,0.9631782945736435,0.21673015482984406,0.36573799571192134,0.23243582277193497,0.18509602668629965,0.04428637341545836,0.9617774742799968,0.040974805961839465,0.965887419520166,3,0,5,1,0.04,0.03,86,14,prob_noisy,13,95
12,Cooperator,1.6867559523809523,0.9621781342338539,0.0,0.9593023255813954,0.5050999985168722,0.45710288481401057,0.020693709719142563,0.01710340694997484,0.9629577875924299,0.9602695682834984,0.9495691808191808,0.9607308201058201,3,0,5,1,0.04,0.03,86,14,prob_noisy,13,95
0,Grudger,2.658436842645586,0.18992354530055394,11.0,0.9047619047619048,0.12076087513759892,0.0706782690839308,0.3557703164526319,0.4527905393258384,0.55615520580829,0.09024006002768843,0.12282625787823209,0.09398716976830819,3,0,5,1,0.09,0.03,93,179,prob_noisy,15,96
1,Evolved HMM 5,2.534079134146946,0.36775846456258143,8.0,0.9024577572964669,0.22856686451171446,0.14296961279841,0.310172587444013,0.31829093524586255,0.7295516729299163,0.36211321823215037,0.18606977101757186,0.2161384970849586,3,0,5,1,0.09,0.03,93,179,prob_noisy,15,96
2,"DoubleCrosser: (D, D)",2.414079362827993,0.3938430374976446,7.0,0.9101382488479263,0.26767295777630495,0.12989830161167884,0.28074363450324596,0.3216851061087702,0.7470060667957862,0.5848922135278437,0.2505677176475437,0.10948410245409745,3,0,5,1,0.09,0.03,93,179,prob_noisy,15,96
3,Meta Winner: 13 players,2.368295523520335,0.2490171931985033,9.0,0.9032258064516129,0.11930939481044599,0.12980008192678602,0.3303535938009593,0.42053692946180865,0.40139793594433465,0.5122663541323412,0.14808760089305958,0.16567790102893035,3,0,5,1,0.09,0.03,93,179,prob_noisy,15,96
4,Suspicious Tit For Tat,2.3609892872617833,0.48381542699724517,7.0,0.10675883256528418,0.2739957629683017,0.21195863763132297,0.220831820097845,0.29321377930253034,0.9131523826890141,0.08898389474489868,0.9133537376265306,0.09269774494901398,3,0,5,1,0.09,0.03,93,179,prob_noisy,15,96
5,Win-Stay Lose-Shift,2.3108014249312494,0.5180059415984349,5.0,0.9032258064516129,0.25743164129685053,0.2603313138639614,0.23300569080943753,0.24923135402975063,0.9083743586834575,0.08910818866148162,0.08855203928644662,0.9112125046886181,3,0,5,1,0.09,0.03,93,179,prob_noisy,15,96
6,Soft Joss: 0.9,2.2837647289010072,0.5687424895737612,2.0,0.9109062980030722,0.33341955594869804,0.23772249744549165,0.19251455434031287,0.23634339226549742,0.9098819462612425,0.1674161996438786,0.905997523696966,0.17335969843646853,3,0,5,1,0.09,0.03,93,179,prob_noisy,15,96
7,Meta Mixer: 13 players,2.2829526198152257,0.47412299946883446,6.0,0.6159754224270353,0.23136825753058404,0.24246889652360598,0.23425148670131393,0.29191135924449607,0.5381556328555186,0.4284338468717394,0.5232428365666736,0.42060066340358737,3,0,5,1,0.09,0.03,93,179,prob_noisy,15,96
8,Cycler DC,2.260662376000526,0.49150999226111897,6.0,0.0913978494623656,0.2118917832442389,0.27959074039093657,0.2364272011940789,0.2720902751707456,0.1859263074320656,0.1743501462824595,0.8224452332556519,0.8075782563887058,3,0,5,1,0.09,0.03,93,179,prob_noisy,15,96
9,GTFT: 0.33,2.2106786544419808,0.6669362478914898,2.0,0.9162826420890937,0.39076348932116156,0.2770816456784708,0.15351487738010625,0.1786399876202615,0.9090961732453505,0.36267563690354326,0.9066941914107024,0.3672229473324071,3,0,5,1,0.09,0.03,93,179,prob_noisy,15,96
10,Win-Shift Lose-Stay: D,2.2063919016246607,0.5246024075213075,7.0,0.09370199692780339,0.20671585519355576,0.31901212112346317,0.22725487948176615,0.24701714420121493,0.08577328527126048,0.9072497797453734,0.9118036342993623,0.09431475490861373,3,0,5,1,0.09,0.03,93,179,prob_noisy,15,96
11,Random: 0.5,2.191534590403891,0.5021062271062271,6.0,0.5314900153609831,0.22640971766136567,0.27552619996698524,0.22567489692577913,0.27238918544586993,0.5078776599437086,0.5078002967978066,0.48196251133835133,0.5011809619027436,3,0,5,1,0.09,0.03,93,179,prob_noisy,15,96
12,Bully,2.1255561284860174,0.5512809008928171,6.0,0.0944700460829493,0.20677761650911433,0.34209014268314253,0.2163312996980903,0.23480094110965286,0.09306894172964039,0.9110484832055842,0.08866363420709301,0.9097241641897139,3,0,5,1,0.09,0.03,93,179,prob_noisy,15,96
13,Tit For 2 Tats,2.1234369643203483,0.7151211361737677,0.0,0.9132104454685099,0.43263055473387346,0.28023838662577627,0.11475217562225304,0.17237888301809726,0.9066618092580967,0.6416709659453359,0.9093780987283017,0.28368607103892635,3,0,5,1,0.09,0.03,93,179,prob_noisy,15,96
14,Anti Tit For Tat,2.103828626134592,0.5606550608958921,6.0,0.9216589861751152,0.2242377038842818,0.34031951684260037,0.20808734974472937,0.22735542952838841,0.09187412219717471,0.9064266542681378,0.08703548588881994,0.9078937252782033,3,0,5,1,0.09,0.03,93,179,prob_noisy,15,96
0,Grudger,2.8897346662052543,0.49471667122912677,6.0,1.0,0.4811517519917138,0.017908688699760145,0.25324476729239614,0.24769479201612998,1.0,0.0,0.0,0.0,3,0,5,1,0.0,0.03,37,88,prob_noisy,18,97
1,Evolved FSM 16,2.869551037198096,0.6181322997957367,5.0,1.0,0.5116807070817415,0.10649498808436861,0.2583047985428412,0.12351950629104855,0.9210526315789473,0.516978575387741,0.2574991181644345,0.3309705269075072,3,0,5,1,0.0,0.03,37,88,prob_noisy,18,97
2,Evolved HMM 5,2.8587805972062026,0.5938451843293772,5.0,1.0,0.5488911056193025,0.06261668226017261,0.23543512998936672,0.15305708213115823,0.9996168582375479,0.4968453596740889,0.010126582278481013,0.2011057129206546,3,0,5,1,0.0,0.03,37,88,prob_noisy,18,97
3,"DoubleCrosser: (D, D)",2.6592008581627957,0.6326509618352021,4.0,1.0,0.558707476567926,0.06146952366853545,0.20951285642531559,0.170310143338223,1.0,0.7934977206256613,0.0,0.0,3,0,5,1,0.0,0.03,37,88,prob_noisy,18,97
4,Tit For Tat,2.5035399954416877,0.7142702174974237,0.0,1.0,0.5419953972537258,0.16166526791385002,0.15105788821323787,0.14528144661918638,1.0,0.0,1.0,0.0,3,0,5,1,0.0,0.03,37,88,prob_noisy,18,97
5,Soft Joss: 0.9,2.4861997285714432,0.7352695797267702,0.0,1.0,0.581132845451632,0.15991021923427878,0.12177120630655347,0.13718572900753567,1.0,0.10430250013181562,1.0,0.10012513065840589,3,0,5,1,0.0,0.03,37,88,prob_noisy,18,97
6,Defector,2.4777162576730727,0.0,15.0,0.0,0.0,0.0,0.33321073924015676,0.6667892607598432,0.0,0.0,0.0,0.0,3,0,5,1,0.0,0.03,37,88,prob_noisy,18,97
7,Meta Winner: 17 players,2.4416921367088595,0.09776609724047307,12.0,1.0,0.05867602437218135,0.04141437292852793,0.3533179415416423,0.5465916611576485,0.5705080055843925,0.40514350828542817,0.022359843253410762,0.03234194278699795,3,0,5,1,0.0,0.03,37,88,prob_noisy,18,97
8,Win-Stay Lose-Shift,2.4303208375365637,0.7191093075282243,1.0,1.0,0.5613805720765503,0.16360398060255277,0.12105066231081285,0.15396478501008398,1.0,0.0,0.0,1.0,3,0,5,1,0.0,0.03,37,88,prob_noisy,18,97
9,Suspicious Tit For Tat,2.377545232876339,0.5164054336468129,9.0,0.0,0.31689523006750225,0.18867063440765744,0.20517873210724244,0.28925540341759776,1.0,0.0,1.0,0.0,3,0,5,1,0.0,0.03,37,88,prob_noisy,18,97
10,GTFT: 0.33,2.362059762498744,0.8054277347835181,0.0,1.0,0.6146082788724204,0.18853680479927182,0.08600583578436506,0.11084908054394269,1.0,0.31866534126134727,1.0,0.32696675073891923,3,0,5,1,0.0,0.03,37,88,prob_noisy,18,97
11,Tit For 2 Tats,2.2547683632082607,0.839538405305206,0.0,1.0,0.6667270686490269,0.17160804870122742,0.0304916670642258,0.13117321558552006,1.0,0.7449021163400054,1.0,0.0,3,0,5,1,0.0,0.03,37,88,prob_noisy,18,97
12,Cycler DC,2.1614986669437535,0.4926508377017165,7.0,0.0,0.15556017106475487,0.33694215682964657,0.2478266310438419,0.2596710410617566,0.0,0.0,1.0,1.0,3,0,5,1,0.0,0.03,37,88,prob_noisy,18,97
13,Random: 0.5,2.079722637992534,0.505785468570833,7.0,0.5151033386327504,0.20608697916150515,0.2999197556203924,0.20209409463192435,0.29189917058617804,0.49857897186834266,0.5079684052328186,0.5111233086237703,0.5085345618960444,3,0,5,1,0.0,0.03,37,88,prob_noisy,18,97
14,Alternator,2.063487162686633,0.5072478010908554,4.0,1.0,0.16760399258478992,0.33986762220883354,0.23407748227938552,0.25845090292699097,0.0,0.0,1.0,1.0,3,0,5,1,0.0,0.03,37,88,prob_noisy,18,97
15,Bully,2.007023159767062,0.5795562599049129,7.0,0.0,0.17792668970475445,0.4149052814375689,0.20828292077403265,0.19888510808364399,0.0,1.0,0.0,1.0,3,0,5,1,0.0,0.03,37,88,prob_noisy,18,97
16,Win-Shift Lose-Stay: D,1.9650375939849625,0.6030121127666417,7.0,0.0,0.18178009345407167,0.4101055321608935,0.20188529813882689,0.20622907624620782,0.0,1.0,1.0,0.0,3,0,5,1,0.0,0.03,37,88,prob_noisy,18,97
17,Anti Tit For Tat,1.6689177920901128,0.6742542774945742,5.0,1.0,0.19697769455412936,0.47197675597139577,0.14486766384276617,0.1861778856317087,0.0,1.0,0.0,1.0,3,0,5,1,0.0,0.03,37,88,prob_noisy,18,97
0,Grudger,2.7325785485708876,0.18254944923012276,6.0,0.9489795918367347,0.1517022515115325,0.03593529478432208,0.35128893461198274,0.4610735190921627,0.6651989806348274,0.03817386527951671,0.08022643026935794,0.03950085749535067,3,0,5,1,0.04,0.02,98,198,prob_noisy,8,98
1,"DoubleCrosser: (D, D)",2.634491347624764,0.43805309734513276,3.0,0.956268221574344,0.33301923824226015,0.10038476851393734,0.28509467463677796,0.2815013186070246,0.8242341220567516,0.6481183471967282,0.3545205220793663,0.051263194163106374,3,0,5,1,0.04,0.02,98,198,prob_noisy,8,98
2,Tit For Tat,2.370091932965266,0.5654482211509123,2.0,0.9489795918367347,0.34835419995007033,0.21112298811776403,0.2088071447237745,0.23171566720839104,0.9588034572886147,0.032934088865498964,0.9540175863184203,0.03908431346431647,3,0,5,1,0.04,0.02,98,198,prob_noisy,8,98
3,Soft Joss: 0.9,2.3482979963278536,0.5932274598773213,1.0,0.9635568513119533,0.3642478405547383,0.23021952260733908,0.18641917849354991,0.2191134583443727,0.9610264984145178,0.1280716656532417,0.9638726070387211,0.12841233564499585,3,0,5,1,0.04,0.02,98,198,prob_noisy,8,98
4,Win-Stay Lose-Shift,2.243173268356053,0.5541825940083563,2.0,0.9548104956268222,0.30390555274532377,0.2524582724978412,0.19559650404461307,0.2480396707122219,0.9615398380994628,0.03981071323540828,0.03957632362175754,0.9573701414578432,3,0,5,1,0.04,0.02,98,198,prob_noisy,8,98
5,Random: 0.5,2.085485809426696,0.5000282406099972,3.0,0.49854227405247814,0.20170746712383417,0.2979949388923183,0.20005533768706693,0.3002422562967806,0.48935778898542576,0.5057424599083108,0.4989002798887083,0.5019915613374587,3,0,5,1,0.04,0.02,98,198,prob_noisy,8,98
6,Cycler DC,2.068686317752964,0.49419034384886024,3.0,0.029154518950437316,0.16559884936878072,0.3285800848924895,0.23229586672165317,0.27352519901707656,0.1454857455067968,0.10523866158723434,0.906721626030866,0.8483376937939923,3,0,5,1,0.04,0.02,98,198,prob_noisy,8,98
7,Anti Tit For Tat,1.9144078477714146,0.5976780185758513,3.0,0.9795918367346939,0.22624879292024724,0.37445605332321535,0.1715942827098087,0.22770087104672876,0.03626915636436697,0.9600984279193371,0.035798046993478196,0.9564162283309369,3,0,5,1,0.04,0.02,98,198,prob_noisy,8,98
0,Grudger,2.5834374140842855,0.3053787047200878,6.0,0.9287749287749287,0.2065735551446196,0.09350653582995032,0.28618280295700727,0.4137371060684228,0.6810937460982294,0.06309299392436118,0.15674356499839442,0.0742321867756613,3,0,5,1,0.08,0.08,39,137,prob_noisy,10,99
1,Evolved FSM 16,2.5106634106634105,0.5476977307777043,3.0,0.9401709401709402,0.3392675169420823,0.2051887074070209,0.2550651869508871,0.20047858870000979,0.6637075636815808,0.4052279795058397,0.4999278640000864,0.349181362511587,3,0,5,1,0.08,0.08,39,137,prob_noisy,10,99
2,Win-Stay Lose-Shift,2.494668911335578,0.5451881902186162,3.0,0.9316239316239316,0.3134311933405062,0.228911748403816,0.261523337668757,0.19613372058692083,0.9204272138070492,0.08205649107609891,0.07700134107682183,0.922751462939154,3,0,5,1,0.08,0.08,39,137,prob_noisy,10,99
3,Cycler DC,2.423287394301887,0.486395981582252,4.0,0.07407407407407407,0.18648086688067808,0.2991627711675296,0.31252085605646757,0.20183550589532478,0.2362729836801122,0.12097732756534417,0.8839297097066011,0.8041217128392224,3,0,5,1,0.08,0.08,39,137,prob_noisy,10,99
4,Tit For Tat,2.4223856209150325,0.5749105545617174,1.0,0.9116809116809117,0.35429561808794563,0.23172504861174067,0.2158833995114445,0.1980959337888692,0.9260499362921953,0.08142082790788763,0.9214329352427831,0.08399691113944012,3,0,5,1,0.08,0.08,39,137,prob_noisy,10,99
5,Suspicious Tit For Tat,2.4189113355780023,0.48781688407580603,4.0,0.06552706552706553,0.2376919565038751,0.2423052250598442,0.27518526153954254,0.2448175568967382,0.9328388218484195,0.07386892951756646,0.9260395297226357,0.09182000697840062,3,0,5,1,0.08,0.08,39,137,prob_noisy,10,99
6,Random: 0.5,2.3953601953601953,0.5005324813631523,4.0,0.47863247863247865,0.2388704786191808,0.2611121333020713,0.23912739686507034,0.2608899912136776,0.492291657918742,0.5214000633924354,0.4975517810257247,0.4981996908872883,3,0,5,1,0.08,0.08,39,137,prob_noisy,10,99
7,Soft Joss: 0.9,2.393509832534223,0.6458942632170979,1.0,0.9316239316239316,0.4052916185649371,0.23902769939942076,0.19620228620289468,0.15947839583274762,0.9343569029854013,0.15448516091416398,0.9106426372108177,0.15253251695868852,3,0,5,1,0.08,0.08,39,137,prob_noisy,10,99
8,Win-Shift Lose-Stay: D,2.231813248479915,0.5125294495609338,3.0,0.08547008547008547,0.20342533761570922,0.31178806557511174,0.25232830298365677,0.23245829382552227,0.062468119763241986,0.9124755518898255,0.9263359746079245,0.08996887995613269,3,0,5,1,0.08,0.08,39,137,prob_noisy,10,99
9,Tit For 2 Tats,2.21494708994709,0.8193267689489352,0.0,0.9088319088319088,0.5563188974130376,0.26465953399124875,0.0833686380120263,0.09565293058368744,0.9317687820951696,0.7388406467067888,0.9227887486046877,0.3495168643401225,3,0,5,1,0.08,0.08,39,137,prob_noisy,10,99
0,Grudger,3.001984126984127,0.41416100872938894,3.0,0.9619047619047619,0.3584188356696436,0.07407772036411092,0.35186712774063045,0.21563631622561505,0.7364816834870686,0.0958076701979141,0.11876230190149868,0.06587709699781368,3,0,5,1,0.05,0.1,35,155,prob_noisy,7,100
1,Win-Shift Lose-Stay: D,2.6427446822183662,0.5020060180541625,4.0,0.03333333333333333,0.23255063504371287,0.2684879554705626,0.2931775201869635,0.2057838892987609,0.0597068428647376,0.9611916022520127,0.9413252508666147,0.04295967792186549,3,0,5,1,0.05,0.1,35,155,prob_noisy,7,100
2,Evolved HMM 5,2.631944444444444,0.5455537370430987,2.0,0.9285714285714286,0.39721234631200925,0.14128792105200386,0.2951827489189069,0.16631698371708,0.8896356658267047,0.38823711394342714,0.1975398814816247,0.17275273962031176,3,0,5,1,0.05,0.1,35,155,prob_noisy,7,100
3,Random: 0.5,2.5120344434069923,0.5162831089882761,2.0,0.5047619047619047,0.24904921554077983,0.2680085134889965,0.24294425168342978,0.23999801928679385,0.48819345843096595,0.5114485560305994,0.49673586830065325,0.5736111773228526,3,0,5,1,0.05,0.1,35,155,prob_noisy,7,100
4,"DoubleCrosser: (D, D)",2.4652777777777777,0.6007428040854225,1.0,0.9666666666666667,0.4520689800601501,0.17379891555672589,0.20760774631061332,0.16652435807251056,0.8810438778547721,0.7355635954668905,0.4162614967574232,0.11342813072399498,3,0,5,1,0.05,0.1,35,155,prob_noisy,7,100
5,Anti Tit For Tat,2.4388888888888887,0.5529026217228464,2.0,0.9571428571428572,0.2020249192066943,0.3648513178098673,0.270756225003904,0.16236753797953446,0.07419636473629214,0.9573579597906616,0.05774459327694628,0.9546459905412119,3,0,5,1,0.05,0.1,35,155,prob_noisy,7,100
6,Cooperator,2.0334920634920635,0.9524245196706312,0.0,0.9571428571428572,0.5554928859617606,0.3974959428058269,0.026472666703645998,0.02053850452876654,0.9477787649018258,0.9643887017910583,0.9231481481481482,0.9857142857142858,3,0,5,1,0.05,0.1,35,155,prob_noisy,7,100
0,Evolved HMM 5,3.0987406945792735,0.3520614069795046,5.0,0.9714285714285714,0.2722737537514535,0.07961741129370058,0.42503549748150843,0.2230733374733374,0.7140940596822322,0.34491463434752073,0.14367860265312235,0.17161936350806778,3,0,5,1,0.05,0.01,20,196,prob_noisy,8,101
1,"DoubleCrosser: (D, D)",2.785462428512475,0.426693817104776,4.0,0.9785714285714285,0.3503296542092155,0.06966697200761254,0.30666423262401815,0.2733391411591538,0.7603580320942938,0.6449219245631096,0.23146981349717483,0.0767703959397418,3,0,5,1,0.05,0.01,20,196,prob_noisy,8,101
2,Tit For Tat,2.5370240990212696,0.6054977092877968,3.0,0.9285714285714286,0.40368802908479956,0.2006425032908836,0.20782884798672943,0.18784061963758744,0.946817669603236,0.04788724460659879,0.9434720699471265,0.08441978198077126,3,0,5,1,0.05,0.01,20,196,prob_noisy,8,101
3,Soft Joss: 0.9,2.5288464146908636,0.6563392470791864,2.0,0.9357142857142857,0.4414134782952641,0.21772274744248415,0.1975493493719906,0.14331442489026114,0.9507864330149912,0.13406347005243363,0.9517168580590781,0.144038091797026,3,0,5,1,0.05,0.01,20,196,prob_noisy,8,101
4,Anti Tit For Tat,2.2666119463904373,0.5155294117647059,3.0,0.95,0.19880051942138977,0.3381535528439449,0.26419346939613025,0.19885245833853507,0.04756254308823478,0.9513632045151879,0.05403519000671347,0.9469271435135731,3,0,5,1,0.05,0.01,20,196,prob_noisy,8,101
5,Cycler DC,2.2396240360057016,0.5009445303108363,3.0,0.02857142857142857,0.20707926032662455,0.2935457839119297,0.25816615601822007,0.24120879974322565,0.1654778948837503,0.11957546717130628,0.8937904687420314,0.8420705507667032,3,0,5,1,0.05,0.01,20,196,prob_noisy,8,101
6,Win-Shift Lose-Stay: D,2.2390607512907605,0.5558594397480524,3.0,0.05,0.23293848058978261,0.315336246813826,0.24283476786926034,0.20889050472713103,0.05122194219533949,0.9604673057532306,0.950206883605936,0.055232272614904813,3,0,5,1,0.05,0.01,20,196,prob_noisy,8,101
7,Cooperator,1.9136731849643445,0.9499062416287168,0.0,0.9642857142857143,0.5335749244089942,0.41642759913828886,0.028840495994812886,0.021156980457904033,0.9490765387423915,0.950294876044539,0.9703145501539793,0.960666649104783,3,0,5,1,0.05,0.01,20,196,prob_noisy,8,101
0,Defector,2.957977736549165,0.0902245154092874,12.0,0.10090702947845805,0.043940869885026886,0.04639987640180411,0.44215176618639657,0.46750748752677246,0.10041852346999405,0.10703752806792194,0.09171351274915605,0.09386073861074742,3,0,5,1,0.09,0.09,63,14,prob_noisy,15,102
1,Win-Shift Lose-Stay: D,2.546343537414966,0.48246743953055676,7.0,0.1054421768707483,0.22130618900520174,0.26111844721528793,0.2825753941215097,0.23499996965800057,0.08723241646753976,0.9137672834447949,0.9102400909718629,0.09003910877529549,3,0,5,1,0.09,0.09,63,14,prob_noisy,15,102
2,Grudger,2.5195732838589984,0.40050984279847046,7.0,0.9081632653061225,0.28400986669655265,0.11797425905004064,0.29433142901951476,0.30368444523389193,0.6923937801472615,0.07909263325052564,0.19503420692074447,0.10812504780882283,3,0,5,1,0.09,0.09,63,14,prob_noisy,15,102
3,Bully,2.495890022675737,0.460663244068267,7.0,0.09750566893424037,0.17562731308123555,0.28861903221705176,0.2888996589059181,0.24685399579579448,0.07396123585215685,0.893846251779391,0.07983115239087822,0.9173532846226707,3,0,5,1,0.09,0.09,63,14,prob_noisy,15,102
4,Meta Winner: 13 players,2.422501308215594,0.3676852118766215,7.0,0.8934240362811792,0.21364302167634144,0.15560824661258282,0.30293852701571256,0.3278102046953632,0.5149430157492004,0.4635614564706832,0.19325425723124587,0.2184609731188823,3,0,5,1,0.09,0.09,63,14,prob_noisy,15,102
5,Evolved HMM 5,2.4033272283272282,0.5280882774433935,5.0,0.9047619047619048,0.3363488128788687,0.18789958560334913,0.2444731172423146,0.23127848427546763,0.795795919189009,0.33618197168266933,0.2663596800198347,0.2403511454149482,3,0,5,1,0.09,0.09,63,14,prob_noisy,15,102
6,Random: 0.5,2.4,0.5059248554913295,5.0,0.5170068027210885,0.24859328474347014,0.2573477946293591,0.24713076293899774,0.24692815768817303,0.5036335259914033,0.5256518554777415,0.508464611889844,0.4961838290523445,3,0,5,1,0.09,0.09,63,14,prob_noisy,15,102
7,Evolved FSM 16,2.380167451596023,0.5502901353965184,5.0,0.8945578231292517,0.34149061930417074,0.20975232416674394,0.2340157495426709,0.21474130698641444,0.7141375487993431,0.29583220417629125,0.48322147180158365,0.35713998848001244,3,0,5,1,0.09,0.09,63,14,prob_noisy,15,102
8,Meta Mixer: 13 players,2.336309523809524,0.5106846331836123,5.0,0.7040816326530612,0.2793351212378332,0.23297952871321376,0.232119761424467,0.25556558862448603,0.5476507584887602,0.42223152270143005,0.5138532172789795,0.4247581181200353,3,0,5,1,0.09,0.09,63,14,prob_noisy,15,102
9,Tit For Tat,2.3164399092970522,0.6135847986386841,2.0,0.9172335600907029,0.3922478453718924,0.22439587287203738,0.18291638055429568,0.20043990120177455,0.9196048339996322,0.1002745375322631,0.9155002490933665,0.1154246826875728,3,0,5,1,0.09,0.09,63,14,prob_noisy,15,102
10,Alternator,2.2926020408163263,0.5268711311198649,5.0,0.8956916099773242,0.269858865287999,0.2573670751698399,0.22772401245556556,0.24505004708659547,0.08502318320457139,0.07991902275677946,0.9043030607734135,0.931066551614605,3,0,5,1,0.09,0.09,63,14,prob_noisy,15,102
11,Soft Joss: 0.9,2.2742434153148436,0.6344280545505149,2.0,0.9195011337868481,0.39461134541329507,0.24005626588752738,0.16981762595096447,0.19551476274821303,0.9175419156591638,0.16745841681228776,0.9192708291285209,0.1909045902209519,3,0,5,1,0.09,0.09,63,14,prob_noisy,15,102
12,Anti Tit For Tat,2.102891156462585,0.5740122426265999,5.0,0.9058956916099773,0.2421514051011179,0.3271675137875633,0.21863346814610526,0.21204761296521357,0.07404406175969698,0.9059809633499257,0.09909368970866816,0.917255597192111,3,0,5,1,0.09,0.09,63,14,prob_noisy,15,102
13,Tit For 2 Tats,2.085023706452278,0.7553714365959837,1.0,0.9104308390022676,0.46212126728422387,0.2909108018947004,0.09671778825871756,0.1502501425623581,0.9096964303452728,0.6704535325502939,0.8974863826915394,0.39565389831601216,3,0,5,1,0.09,0.09,63,14,prob_noisy,15,102
14,Cooperator,1.8708333333333333,0.9086847249371683,1.0,0.9126984126984127,0.4917684428484566,0.41670213932688094,0.04985332178483211,0.04167609603983037,0.9093682886367619,0.9073740755821911,0.9062399580124039,0.930768227819807,3,0,5,1,0.09,0.09,63,14,prob_noisy,15,102
0,Defector,2.7553397933222983,0.09252555366269165,15.0,0.09586056644880174,0.04141720856126288,0.05136900585752449,0.3916455419404845,0.5155682436407281,0.12698156249122156,0.12749460842616342,0.08316684789300217,0.09516799879319755,3,0,5,1,0.09,0.05,27,195,prob_noisy,18,103
1,Grudger,2.639617578074013,0.24585811384876805,12.0,0.9084967320261438,0.17268792387720092,0.07838292462173742,0.34351890315708816,0.4054102483439734,0.6467984937950654,0.09005462829077074,0.14035738123888555,0.08274818027887909,3,0,5,1,0.09,0.05,27,195,prob_noisy,18,103
2,Evolved HMM 5,2.5271614831117963,0.41229246158605753,9.0,0.8910675381263616,0.26525937813437755,0.14741351278104453,0.3004759373984918,0.2868511716860861,0.755093543594866,0.3410443468557415,0.20194622219693237,0.21063923134428825,3,0,5,1,0.09,0.05,27,195,prob_noisy,18,103
3,Evolved FSM 16,2.4951692283742926,0.4553763440860215,8.0,0.8954248366013072,0.290503106160346,0.1811328999747166,0.28081391635834896,0.2475500775065885,0.5810345212445689,0.3827668902411281,0.4037569549677059,0.3145940970230109,3,0,5,1,0.09,0.05,27,195,prob_noisy,18,103
4,Suspicious Tit For Tat,2.449485145531225,0.4854807485480749,8.0,0.09586056644880174,0.2818110305809649,0.20477865583998014,0.22700418930642594,0.28640612427262907,0.9164922833118387,0.09067908796964666,0.919625408630013,0.09433319276993984,3,0,5,1,0.09,0.05,27,195,prob_noisy,18,103
5,Win-Stay Lose-Shift,2.429062796350176,0.538978777054003,6.0,0.9084967320261438,0.3111852586733563,0.23151038225361975,0.23956779605167053,0.21773656302135333,0.9119403602731214,0.08683236033788544,0.09755798405200834,0.9100266161428968,3,0,5,1,0.09,0.05,27,195,prob_noisy,18,103
6,Tit For Tat,2.411688446582129,0.578132738979693,5.0,0.9084967320261438,0.3756367406439425,0.20776260326803392,0.20023152218086981,0.2163691339071538,0.9080864542252873,0.1014170193756431,0.9061107677035787,0.09067968344178588,3,0,5,1,0.09,0.05,27,195,prob_noisy,18,103
7,"DoubleCrosser: (D, D)",2.376467610780122,0.5205524861878453,5.0,0.9019607843137255,0.36805752896174526,0.15627975704282424,0.22600667832341453,0.24965603567201608,0.7969390198788108,0.636128565386627,0.34158056423669186,0.15895947687578874,3,0,5,1,0.09,0.05,27,195,prob_noisy,18,103
8,Random: 0.5,2.345475148383687,0.4954294097731633,7.0,0.5381263616557734,0.23654312894319798,0.2592400780469678,0.2406805969527755,0.26353619605705864,0.4955563688393082,0.49612065749164636,0.5040920595017775,0.49383327651912967,3,0,5,1,0.09,0.05,27,195,prob_noisy,18,103
9,Win-Shift Lose-Stay: D,2.3438567569493176,0.5157571912013537,8.0,0.1111111111111111,0.2223292452475858,0.2947062042747503,0.2441146000514897,0.23884995042617424,0.09150888428969554,0.9156743569638737,0.9079829316343548,0.10149540172406202,3,0,5,1,0.09,0.05,27,195,prob_noisy,18,103
10,Meta Mixer: 17 players,2.3180053755505114,0.49394361667917247,7.0,0.6666666666666666,0.25966581058544186,0.2371400213580755,0.2347220445543555,0.26847212350212724,0.5781693761962375,0.4402341929754396,0.5485388121697841,0.41080306698455055,3,0,5,1,0.09,0.05,27,195,prob_noisy,18,103
11,Soft Joss: 0.9,2.31742340992341,0.6063082767353517,3.0,0.9324618736383442,0.38172488884978406,0.2248571112077445,0.1844311608997163,0.2089868390427551,0.9007527379653218,0.15850485707024098,0.9094569415996616,0.2187383539555221,3,0,5,1,0.09,0.05,27,195,prob_noisy,18,103
12,Bully,2.3107446091010106,0.5329139519209166,9.0,0.10021786492374728,0.19420544664186956,0.33414967764353776,0.24706493107671115,0.2245799446378815,0.08280465938406525,0.923755870156726,0.09743426294485757,0.9010756550964774,3,0,5,1,0.09,0.05,27,195,prob_noisy,18,103
13,Alternator,2.2920323000107703,0.5136042996305005,6.0,0.9084967320261438,0.23198675947238132,0.2818545567097567,0.2468009171010303,0.23935776671683176,0.11368608364585091,0.08743110104561401,0.9059086198488194,0.9077417735189038,3,0,5,1,0.09,0.05,27,195,prob_noisy,18,103
14,GTFT: 0.33,2.212389428198252,0.6889016676250719,2.0,0.9281045751633987,0.41735720339798726,0.2711137010414875,0.14751459402710038,0.16401450153342487,0.9022765358985335,0.3777998526590983,0.9037099038093811,0.3705525548539215,3,0,5,1,0.09,0.05,27,195,prob_noisy,18,103
15,Tit For 2 Tats,2.1690229482619174,0.7487386478304743,1.0,0.9172113289760349,0.49520396939843453,0.2529138957246919,0.10138628245895179,0.15049585241792168,0.9173933856152638,0.683810128022823,0.925482184404002,0.3554370591829833,3,0,5,1,0.09,0.05,27,195,prob_noisy,18,103
16,Anti Tit For Tat,2.164273217101561,0.5787523900573613,7.0,0.9193899782135077,0.2271445329172034,0.33408033238568147,0.2295684524737227,0.20920668222339253,0.10674493252860953,0.9137227120554839,0.1143112803566229,0.9033265672032132,3,0,5,1,0.09,0.05,27,195,prob_noisy,18,103
17,Cooperator,1.9683664068268163,0.9083538949594642,1.0,0.9368191721132898,0.5197873152276625,0.38873911066638517,0.0518763663859121,0.03959720772004004,0.9066936246808681,0.9020559197337013,0.9067147723570635,0.9249919144066808,3,0,5,1,0.09,0.05,27,195,prob_noisy,18,103
0,Evolved FSM 16,2.788961038961039,0.6089686098654709,1.0,1.0,0.5591148779164765,0.04988677671052544,0.1920811296446976,0.1989172157283005,0.7436720593191777,0.38988484360856884,0.11152602212127197,0.1216577840112202,3,0,5,1,0.0,0.04,89,118,prob_noisy,5,104
1,Random: 0.5,2.7023809523809526,0.4970117395944504,2.0,0.5393258426966292,0.28518470205560503,0.21180308832571446,0.2878919479551208,0.21512026166355983,0.5025513372083763,0.49697916451542756,0.5097885182304156,0.47064716489681424,3,0,5,1,0.0,0.04,89,118,prob_noisy,5,104
2,Tit For Tat,2.6496983408748114,0.7497055989722727,0.0,1.0,0.572408827096327,0.18755067567567568,0.17886932605682604,0.06117117117117117,1.0,0.0,1.0,0.0,3,0,5,1,0.0,0.04,89,118,prob_noisy,5,104
3,Alternator,2.558849045691151,0.5103724928366762,2.0,1.0,0.22441781165430147,0.2860019667823374,0.32319765518007043,0.16638256638329071,0.0,0.0,1.0,1.0,3,0,5,1,0.0,0.04,89,118,prob_noisy,5,104
4,Cooperator,2.270192307692308,1.0,0.0,1.0,0.7532024486575382,0.24679755134246184,0.0,0.0,1.0,1.0,0.0,0.0,3,0,5,1,0.0,0.04,89,118,prob_noisy,5,104
0,Defector,2.89546355665563,0.0721370604147881,12.0,0.06153846153846154,0.0324602688878616,0.03975928640077283,0.4245592312208239,0.5032212134905416,0.1041991341991342,0.20039894745777098,0.07682078905711037,0.07451543457606932,3,0,5,1,0.07,0.03,10,158,prob_noisy,14,105
1,Grudger,2.8211616638524557,0.17439703153988867,11.0,0.9307692307692308,0.12437110519327735,0.0555072924557125,0.39044256817133305,0.4296790341796771,0.6490063053479925,0.10335182554440374,0.09679969863571633,0.058994833105601885,3,0,5,1,0.07,0.03,10,158,prob_noisy,14,105
2,"DoubleCrosser: (D, D)",2.5797041043686733,0.4321644498186215,5.5,0.9230769230769231,0.3397665603189072,0.12383417422056596,0.26535537799997233,0.27104388746055447,0.8052388729895691,0.6603003548944042,0.36958876260234824,0.09225490298436663,3,0,5,1,0.07,0.03,10,158,prob_noisy,14,105
3,Evolved HMM 5,2.575153995322495,0.3536560247167868,7.0,0.9384615384615385,0.22718583482610943,0.12776658842363411,0.33722663309232753,0.30782094365792884,0.741925630062676,0.3608565660823274,0.14977659237090418,0.1951035803233663,3,0,5,1,0.07,0.03,10,158,prob_noisy,14,105
4,Win-Stay Lose-Shift,2.3663692919935917,0.5065375302663438,4.0,0.9692307692307692,0.2705905792723305,0.25153180476335535,0.23234850266940177,0.2455291132949124,0.9027808434180908,0.0671511000044667,0.08585716304197984,0.9306181375838392,3,0,5,1,0.07,0.03,10,158,prob_noisy,14,105
5,Soft Joss: 0.9,2.294936423262252,0.5821917808219178,2.0,0.9384615384615385,0.3735484929671176,0.23114835928769792,0.1855933373012804,0.20970981044390394,0.9312936092301266,0.1635466969114406,0.9405798904127406,0.1740291402970928,3,0,5,1,0.07,0.03,10,158,prob_noisy,14,105
6,Alternator,2.236976613629542,0.5077598828696925,5.0,0.9461538461538461,0.22061213710935162,0.2870997750945112,0.23363464704802406,0.25865344074811325,0.06897684452509013,0.07607978967365364,0.9278101427745192,0.9193208324507831,3,0,5,1,0.07,0.03,10,158,prob_noisy,14,105
7,Tit For Tat,2.220177969671445,0.5436226749335695,4.5,0.9153846153846154,0.34808206174743955,0.20508195095847345,0.19948614958339744,0.24734983771068964,0.9014446814087277,0.07047516673944557,0.9275908468005197,0.08320279476430172,3,0,5,1,0.07,0.03,10,158,prob_noisy,14,105
8,Win-Shift Lose-Stay: D,2.1978877261852716,0.5701902239345051,5.0,0.1,0.20121900419418398,0.3570846255963633,0.22332631168801317,0.21837005852143956,0.06791929916756796,0.93333215003476,0.9376737004020561,0.07270935668008612,3,0,5,1,0.07,0.03,10,158,prob_noisy,14,105
9,Meta Mixer: 13 players,2.185488800809308,0.4746863799283154,5.5,0.7461538461538462,0.2292109446932151,0.24471091571011894,0.23776452296849826,0.28831361662816773,0.553898672879214,0.418159792099693,0.46788375787622133,0.44401368581837297,3,0,5,1,0.07,0.03,10,158,prob_noisy,14,105
10,Bully,2.163170944720821,0.538844149692089,6.5,0.07692307692307693,0.1966300357011256,0.34364167585491145,0.24133077530107136,0.21839751314289166,0.06980970503825307,0.926086316678995,0.09026347953369035,0.9395302041556229,3,0,5,1,0.07,0.03,10,158,prob_noisy,14,105
11,GTFT: 0.33,2.147649273795891,0.6910810810810811,1.0,0.8923076923076924,0.40527764991060644,0.28009380317622706,0.14620693861642584,0.16842160829674074,0.929827954442078,0.3930539123976483,0.9371037265984336,0.36207935277627185,3,0,5,1,0.07,0.03,10,158,prob_noisy,14,105
12,Anti Tit For Tat,2.0268334523506555,0.6087609511889862,5.0,0.9461538461538461,0.21431119093725026,0.3633066339580453,0.21370398721402106,0.20867818789068343,0.06898563354720427,0.9359112482622968,0.08595922655342186,0.9402257315272549,3,0,5,1,0.07,0.03,10,158,prob_noisy,14,105
13,Cooperator,1.7815154521747447,0.9274433508812086,1.0,0.9230769230769231,0.4736742427782718,0.4547016025916115,0.03428950561741085,0.037334649012705765,0.9326041429230748,0.9350099270908133,0.9368164348999589,0.9054528341551045,3,0,5,1,0.07,0.03,10,158,prob_noisy,14,105
0,Grudger,2.5697916666666667,0.1253707627118644,9.0,0.911864406779661,0.06663135593220339,0.05873940677966102,0.3742937853107345,0.5003354519774013,0.43558111870135763,0.09402895167149472,0.1017440202368534,0.0866600615528643,3,0,5,1,0.09,0.0,59,96,prob_noisy,11,106
1,Defector,2.567708333333333,0.08829449152542374,10.0,0.08983050847457627,0.0373587570621469,0.05093573446327683,0.38539901129943505,0.5263064971751412,0.08599515483796169,0.09332917051742816,0.08950513655909487,0.08958029576498014,3,0,5,1,0.09,0.0,59,96,prob_noisy,11,106
2,"DoubleCrosser: (D, D)",2.5,0.26767302259887005,7.0,0.9084745762711864,0.1649717514124294,0.10270127118644068,0.31945621468926555,0.41287076271186435,0.6104043092531918,0.44418642381978124,0.19482559074047023,0.10400023841446622,3,0,5,1,0.09,0.0,59,96,prob_noisy,11,106
3,Evolved HMM 5,2.4302083333333333,0.3156779661016949,6.0,0.9016949152542373,0.16687853107344633,0.14879943502824858,0.3128531073446328,0.3714689265536723,0.6539643681665509,0.33376756756635534,0.16728280770667964,0.2121973974225552,3,0,5,1,0.09,0.0,59,96,prob_noisy,11,106
4,Tit For Tat,2.05,0.45388418079096043,4.0,0.9288135593220339,0.2381179378531073,0.21576624293785313,0.20245409604519776,0.3436617231638418,0.901805221531815,0.08523608515484547,0.907943543499613,0.08826740469594704,3,0,5,1,0.09,0.0,59,96,prob_noisy,11,106
5,Meta Mixer: 10 players,2.0239583333333333,0.3845338983050847,6.0,0.7322033898305085,0.15045903954802262,0.23407485875706216,0.2388594632768361,0.37660663841807906,0.38776352068146586,0.3754890666111911,0.374360217908829,0.391049109175409,3,0,5,1,0.09,0.0,59,96,prob_noisy,11,106
6,GTFT: 0.33,1.8197916666666665,0.6018185028248587,0.0,0.9084745762711864,0.28780014124293785,0.3140183615819209,0.14262005649717516,0.25556144067796616,0.91481575400675,0.36238181440640244,0.9095036041248543,0.3584496640854005,3,0,5,1,0.09,0.0,59,96,prob_noisy,11,106
7,Win-Stay Lose-Shift,1.8104166666666663,0.5210805084745763,3.0,0.9152542372881356,0.21716101694915255,0.30391949152542375,0.1738524011299435,0.30506709039548024,0.9032207379002382,0.08963403244323428,0.0855130906723596,0.91115625119188,3,0,5,1,0.09,0.0,59,96,prob_noisy,11,106
8,Alternator,1.7145833333333331,0.5024187853107345,3.0,0.9254237288135593,0.18313912429378532,0.31927966101694916,0.16601341807909603,0.33156779661016944,0.09705005596900156,0.09165913717183058,0.9050765346998478,0.9055266836012734,3,0,5,1,0.09,0.0,59,96,prob_noisy,11,106
9,Bully,1.5520833333333333,0.6215925141242938,3.0,0.08305084745762711,0.1918608757062147,0.42973163841807904,0.15268361581920906,0.22572387005649722,0.09334994584395637,0.9134036849031707,0.08699256173780494,0.9092693403133227,3,0,5,1,0.09,0.0,59,96,prob_noisy,11,106
10,Anti Tit For Tat,1.5260416666666665,0.63232697740113,3.0,0.9084745762711864,0.19749293785310734,0.4348340395480226,0.14431497175141242,0.22335805084745766,0.090119720696319,0.9105862993867786,0.0923423543464798,0.9096617975875011,3,0,5,1,0.09,0.0,59,96,prob_noisy,11,106
0,Grudger,2.7876435159043855,0.3346808510638298,3.0,0.9865229110512129,0.32449997791598567,0.030128266199286102,0.27859173860975345,0.3667800172749747,0.6855384525121994,0.03773584905660377,0.11950573593147308,0.013037991496156944,3,0,5,1,0.01,0.04,53,165,prob_noisy,8,107
1,Defector,2.410073370161529,0.010513226316979426,7.0,0.01078167115902965,0.003316035859303189,0.0071141492980012835,0.32856631336186815,0.6610035014808273,0.0,0.05555555555555555,0.017498179194738724,0.010231098134189239,3,0,5,1,0.01,0.04,53,165,prob_noisy,8,107
2,Tit For Tat,2.314863664895816,0.5754475703324808,0.0,0.9892183288409704,0.4246829252422903,0.16787187996283115,0.15398910930359658,0.253456085491282,0.9902919025945248,0.010614024813756014,0.9914562100727807,0.008971621010696018,3,0,5,1,0.01,0.04,53,165,prob_noisy,8,107
3,Soft Joss: 0.9,2.2834467120181405,0.6188634654635299,0.0,0.9892183288409704,0.4487915800770465,0.19099646487946328,0.14018735969925492,0.22002459534423524,0.9905743301420685,0.12060527445296339,0.9931244929906516,0.09331603988548581,3,0,5,1,0.01,0.04,53,165,prob_noisy,8,107
4,Cycler DC,2.1927616501145915,0.4885916601101495,3.0,0.013477088948787063,0.18221142747018187,0.30612863448170186,0.26337196936197416,0.2482879686861421,0.12140913975536795,0.07950808463732377,0.9456320533266575,0.8834026793048315,3,0,5,1,0.01,0.04,53,165,prob_noisy,8,107
5,Tit For 2 Tats,2.0555349062702004,0.7637323943661972,0.0,0.9865229110512129,0.5474909747611757,0.2143094968879961,0.04950817650219452,0.18869135184863367,0.9916414519733239,0.7460762700287279,0.9769521205611431,0.23484139772362098,3,0,5,1,0.01,0.04,53,165,prob_noisy,8,107
6,Random: 0.5,2.0066925411753,0.5009816753926701,3.0,0.4555256064690027,0.2059856953346594,0.2958956211448978,0.20660297633155425,0.2915157071888886,0.5020952547800144,0.5166043258379378,0.5006520588321833,0.5021883590060366,3,0,5,1,0.01,0.04,53,165,prob_noisy,8,107
7,Bully,1.8466556000390588,0.5898983126606324,3.0,0.016172506738544475,0.19867841871374975,0.39220626370737344,0.18383313339135496,0.22528218418752186,0.006747233461057009,0.9916447878859154,0.024940295057784553,0.9920647636075656,3,0,5,1,0.01,0.04,53,165,prob_noisy,8,107
0,Defector,2.6969696969696972,0.0,11.0,0.0,0.0,0.0,0.41151560294886963,0.5884843970511303,0.0,0.0,0.0,0.0,3,0,5,1,0.0,0.02,35,11,prob_noisy,13,108
1,Meta Winner: 12 players,2.651515151515152,0.24469135802469136,10.0,1.0,0.16794004887262928,0.07707829811029,0.3633194426964567,0.39166221032062404,0.6407509394012817,0.44370161807678554,0.029460952714078493,0.01212148450201614,3,0,5,1,0.0,0.02,35,11,prob_noisy,13,108
2,Evolved HMM 5,2.5757575757575757,0.6702256733802475,3.0,1.0,0.561398318822059,0.11714705744013611,0.14946522250884578,0.171989401228959,0.9986824769433466,0.42657828972315365,0.010638297872340425,0.19010114076711293,3,0,5,1,0.0,0.02,35,11,prob_noisy,13,108
3,Win-Stay Lose-Shift,2.5492424242424243,0.7403892944038929,1.0,1.0,0.5813692733588055,0.15789336770524046,0.13815849252160656,0.12257886641434736,1.0,0.0,0.0,1.0,3,0,5,1,0.0,0.02,35,11,prob_noisy,13,108
4,Evolved FSM 16,2.5454545454545454,0.7046607099734363,3.0,1.0,0.5806934406712795,0.13108410783728255,0.13029079029756674,0.15793166119387103,0.8959437879271798,0.3930975669795577,0.46226575700865186,0.34019868617448573,3,0,5,1,0.0,0.02,35,11,prob_noisy,13,108
5,Soft Joss: 0.9,2.462121212121212,0.7547079856972586,0.0,1.0,0.5801584685865316,0.1732688268368902,0.1149001777582266,0.1316725268183514,1.0,0.09550168778781454,1.0,0.10530814215024742,3,0,5,1,0.0,0.02,35,11,prob_noisy,13,108
6,Cycler DC,2.453030303030303,0.45513280689160085,6.0,0.0,0.17375715178075013,0.2813333480831898,0.34259281137940295,0.2023166887566571,0.0,0.0,1.0,1.0,3,0,5,1,0.0,0.02,35,11,prob_noisy,13,108
7,Alternator,2.3522727272727275,0.5449130331188945,4.0,1.0,0.23748799576654156,0.30744021337649186,0.29005029153143197,0.16502149932553456,0.0,0.0,1.0,1.0,3,0,5,1,0.0,0.02,35,11,prob_noisy,13,108
8,GTFT: 0.33,2.348484848484848,0.8144452363981943,0.0,1.0,0.6090745220588202,0.2062835785902773,0.08447890412119187,0.10016299522971076,1.0,0.3258999527398908,1.0,0.3622484689413823,3,0,5,1,0.0,0.02,35,11,prob_noisy,13,108
9,Random: 0.5,2.273989898989899,0.49493487698986977,6.0,0.4976190476190476,0.24911036394064337,0.24539835020423886,0.25886430731499427,0.2466269785401234,0.48249756580953096,0.45851451978822877,0.5050817384550573,0.5235296465398407,3,0,5,1,0.0,0.02,35,11,prob_noisy,13,108
10,Win-Shift Lose-Stay: D,2.2238005050505047,0.5694739325312573,4.0,0.0,0.21083230154913668,0.36118964618299154,0.28203756385707,0.1459404884108017,0.0,1.0,1.0,0.0,3,0,5,1,0.0,0.02,35,11,prob_noisy,13,108
11,Tit For 2 Tats,2.1818181818181817,0.8723353293413174,0.0,1.0,0.6680765654092428,0.19827461967334992,0.010479715831049598,0.12316909908635776,1.0,0.7804232804232805,1.0,0.0,3,0,5,1,0.0,0.02,35,11,prob_noisy,13,108
12,Cooperator,2.0454545454545454,1.0,0.0,1.0,0.6802380912736657,0.3197619087263342,0.0,0.0,1.0,1.0,0.0,0.0,3,0,5,1,0.0,0.02,35,11,prob_noisy,13,108
0,Defector,2.7563166000666,0.030116682434563228,14.0,0.025961538461538463,0.011836701073681127,0.01820120771448579,0.3873727531853437,0.5825893380264894,0.13909331409331407,0.09722222222222221,0.028684651563310577,0.030973768879711806,3,0,5,1,0.03,0.08,65,103,prob_noisy,17,109
1,Grudger,2.580959706489015,0.3816207832493214,7.0,0.9769230769230769,0.31093131277966773,0.06545903719148077,0.27732528332024853,0.3462843667086029,0.8952045005098345,0.031489235520375934,0.09566604675976961,0.02924050209336826,3,0,5,1,0.03,0.08,65,103,prob_noisy,17,109
2,Evolved HMM 5,2.5092985778841044,0.5214462160341343,5.0,0.9759615384615384,0.4010035693602451,0.13496172720534422,0.2429539226256671,0.2210807808087437,0.8903813496794585,0.3893802798632823,0.1848330414138587,0.16719752359354595,3,0,5,1,0.03,0.08,65,103,prob_noisy,17,109
3,Suspicious Tit For Tat,2.5063863870504495,0.47455326849129154,8.0,0.02980769230769231,0.2985326007825315,0.18160821088492113,0.22194964878592213,0.29790953954662525,0.9695023791211276,0.03800752206346184,0.9733343337002685,0.03703243979980648,3,0,5,1,0.03,0.08,65,103,prob_noisy,17,109
4,Evolved FSM 16,2.4443095249324025,0.5714965123652505,4.0,0.9798076923076923,0.3816821625178234,0.18474868587458565,0.24508766270364596,0.18848148890394512,0.7077888317147427,0.346717203300686,0.4667549492240434,0.3720348142040997,3,0,5,1,0.03,0.08,65,103,prob_noisy,17,109
5,Meta Winner: 15 players,2.3572840354090356,0.24396192274407993,9.0,0.9798076923076923,0.14219111720161878,0.10309238976344517,0.3132403262812665,0.4414761667536696,0.5484762689604541,0.3684064653491882,0.09664451805410576,0.09748906472255758,3,0,5,1,0.03,0.08,65,103,prob_noisy,17,109
6,Cycler DC,2.329604272539055,0.47928056413913317,6.0,0.04326923076923077,0.18962677109593465,0.2893129341494963,0.23411276439322193,0.2869475303613472,0.11660089519106022,0.08617115084509702,0.9282186855894647,0.9137791478513628,3,0,5,1,0.03,0.08,65,103,prob_noisy,17,109
7,Bully,2.3271086552336553,0.5432018258884904,7.0,0.025961538461538463,0.1649960399619258,0.3775997793445769,0.23825030136586303,0.21915387932763433,0.033125996980255756,0.9718514307846159,0.028378194801486584,0.973363317073977,3,0,5,1,0.03,0.08,65,103,prob_noisy,17,109
8,Tit For Tat,2.314756380772006,0.6154773384763742,1.0,0.975,0.4280444605188757,0.1926954668393116,0.16893446809514126,0.21032560454667149,0.9672454587272691,0.031624626436848165,0.9704865684948718,0.03782549077392943,3,0,5,1,0.03,0.08,65,103,prob_noisy,17,109
9,Meta Mixer: 15 players,2.2823657348589412,0.47184208343700756,7.0,0.6115384615384616,0.24425274515942363,0.22662721631198204,0.22194285220681698,0.3071771863217773,0.5854182561000437,0.39177352853675074,0.5308890618844816,0.3552206021316959,3,0,5,1,0.03,0.08,65,103,prob_noisy,17,109
10,Win-Shift Lose-Stay: D,2.2776329901329904,0.5347839180846258,7.0,0.026923076923076925,0.1864644093372496,0.3416886774181071,0.23162556395894215,0.24022134928570124,0.03856399234562141,0.965984916442526,0.9759258977917769,0.03361853340587976,3,0,5,1,0.03,0.08,65,103,prob_noisy,17,109
11,Win-Stay Lose-Shift,2.274562606967551,0.6042277426323098,3.0,0.9721153846153846,0.3853283536560607,0.23321995533768713,0.1752410773551267,0.20621061365112545,0.9742392453771345,0.03636407042642265,0.03280200001119908,0.9713410241472654,3,0,5,1,0.03,0.08,65,103,prob_noisy,17,109
12,GTFT: 0.33,2.2470036907536906,0.7505897665337997,0.0,0.9557692307692308,0.5096257304978039,0.242048963380679,0.10680329061390895,0.14152201550760826,0.9721567230239008,0.348114041147484,0.9730241584040418,0.3273716670464871,3,0,5,1,0.03,0.08,65,103,prob_noisy,17,109
13,"DoubleCrosser: (D, D)",2.2463351124450264,0.6688839615668883,2.0,0.9721153846153846,0.5013443189684985,0.17558841444671291,0.1601275123567274,0.1629397542280612,0.9078131468780444,0.8063860995714833,0.4836886483388689,0.17002622477539628,3,0,5,1,0.03,0.08,65,103,prob_noisy,17,109
14,Random: 0.5,2.1845446472210583,0.5012008987371194,6.0,0.5067307692307692,0.21507104578284944,0.28640372889789956,0.22136829582833856,0.2771569294909125,0.5220144946922631,0.4981396834097774,0.4901710210186928,0.5059262121223487,3,0,5,1,0.03,0.08,65,103,prob_noisy,17,109
15,Tit For 2 Tats,2.139365267488574,0.8022202976143611,0.0,0.9730769230769231,0.5689758135240769,0.23213247262374187,0.061796505706510234,0.13709520814567114,0.9711766543833973,0.7243432848529072,0.9723927941295343,0.21202072516161669,3,0,5,1,0.03,0.08,65,103,prob_noisy,17,109
16,Anti Tit For Tat,1.95363563487596,0.6265722018786818,6.0,0.975,0.2190411226230724,0.4058254395371632,0.18308207813892918,0.19205135970083526,0.04497996018791468,0.971745449283835,0.038576219605003244,0.9704263234711324,3,0,5,1,0.03,0.08,65,103,prob_noisy,17,109
0,"DoubleCrosser: (D, D)",2.271886111287234,0.4643409458730444,3.0,0.9738878143133463,0.3651145403097866,0.09349529818810699,0.16649739525744603,0.3748927662446603,0.8912004437236724,0.6665995897403955,0.3070496786288269,0.03774276186800929,3,0,5,1,0.03,0.01,94,76,prob_noisy,12,110
1,Grudger,2.2393823486534448,0.18936519421844944,8.0,0.9748549323017408,0.15343324390899235,0.03451189746222827,0.2359857325220086,0.5760691261067707,0.7441016351607207,0.03020900343619864,0.0810638662990895,0.027959490507498432,3,0,5,1,0.03,0.01,94,76,prob_noisy,12,110
2,Tit For Tat,2.1999563260749824,0.49634313301628474,2.0,0.9738878143133463,0.2893427879626062,0.2099743041249137,0.19990674952827495,0.30077615838420513,0.9583730572127135,0.028378425971381224,0.9723599912401085,0.027134511180082133,3,0,5,1,0.03,0.01,94,76,prob_noisy,12,110
3,Evolved FSM 16,2.1876024774205103,0.48084243480735706,5.0,0.9758220502901354,0.24047787869214776,0.23983899894966243,0.23346493675466243,0.28621818560352735,0.5545196537079199,0.5163576053228045,0.42301079996878777,0.3645515635508637,3,0,5,1,0.03,0.01,94,76,prob_noisy,12,110
4,Soft Joss: 0.9,2.1660520704442368,0.5626882429470157,1.0,0.9796905222437138,0.3323113829867371,0.2295779674700836,0.17575397471134424,0.26235667483183495,0.972473743627343,0.1254507366022621,0.9763215525546531,0.12887506987798197,3,0,5,1,0.03,0.01,94,76,prob_noisy,12,110
5,Defector,2.1227788417851796,0.03029655737121293,10.0,0.033849129593810444,0.008629144140398417,0.02162402187992738,0.2744750596043302,0.6952717743753439,0.04966905679598222,0.029890247907231063,0.02703702151347085,0.030264604981780227,3,0,5,1,0.03,0.01,94,76,prob_noisy,12,110
6,Suspicious Tit For Tat,2.1142348056585396,0.4161347422625114,5.0,0.025145067698259187,0.19541657381605118,0.22543368564392025,0.2284170142727916,0.35073272626723695,0.9743015754943158,0.030712061685969263,0.9751065296367468,0.03355743048703924,3,0,5,1,0.03,0.01,94,76,prob_noisy,12,110
7,Meta Winner: 11 players,2.099794862503279,0.0741055614594403,9.0,0.9632495164410058,0.03721896352270775,0.03705065566560412,0.260979745505099,0.6647506353065892,0.46106048257211346,0.15982635766405498,0.09011887626189508,0.032509843466096915,3,0,5,1,0.03,0.01,94,76,prob_noisy,12,110
8,Win-Stay Lose-Shift,1.8609751722876808,0.5519940968972716,3.0,0.971953578336557,0.25316334640506,0.2984512022357847,0.15367631925806063,0.2947091321010947,0.9674731781271845,0.028543171053576732,0.03044317801436812,0.9687094917669218,3,0,5,1,0.03,0.01,94,76,prob_noisy,12,110
9,Cycler DC,1.7602543421332253,0.49706370364846475,3.0,0.024177949709864602,0.09426735319528025,0.40277308345965984,0.22141090156498985,0.2815486617800701,0.12147232789007022,0.04917583933381554,0.9521031179136948,0.8710583099900748,3,0,5,1,0.03,0.01,94,76,prob_noisy,12,110
10,Alternator,1.7124952881095297,0.503879105606671,3.0,0.9642166344294004,0.09822535491965621,0.40568747471202915,0.22034754170099013,0.27573962866732454,0.028968351349885964,0.02909659686443847,0.9702805363709697,0.9708722715589336,3,0,5,1,0.03,0.01,94,76,prob_noisy,12,110
11,Random: 0.5,1.6996698066105427,0.4995931210329301,3.0,0.488394584139265,0.1626888802789588,0.33687799985867195,0.16438121897059454,0.3360519008917747,0.5047471064604628,0.4988546739954627,0.4980304309366485,0.5038381432017648,3,0,5,1,0.03,0.01,94,76,prob_noisy,12,110
0,Defector,3.097198879551821,0.06189063162356931,12.0,0.07142857142857142,0.029519104987370058,0.03170832281131526,0.45359349636012347,0.48517907584119113,0.0,0.15000000000000002,0.06031336632983004,0.0724141443859271,3,0,5,1,0.06,0.08,17,20,prob_noisy,15,111
1,Suspicious Tit For Tat,2.590107709750567,0.48119325551232167,8.0,0.058823529411764705,0.282355160794378,0.2091891664994469,0.264149577370923,0.2443060953352522,0.9560588934821795,0.08008380121188058,0.9600076571538023,0.09664730601702982,3,0,5,1,0.06,0.08,17,20,prob_noisy,15,111
2,Grudger,2.5846938775510204,0.3816521048451152,8.0,0.8949579831932774,0.29703154890821076,0.07995713811337198,0.3036601698488625,0.3193511431295547,0.8326903394330668,0.1243334151228888,0.13473646149103335,0.06059528392755453,3,0,5,1,0.06,0.08,17,20,prob_noisy,15,111
3,Evolved HMM 5,2.506159281894576,0.5330578512396694,6.0,0.9327731092436975,0.37115890777876087,0.1516494517984675,0.25133979707320303,0.22585184334956865,0.8660339962573039,0.34984143288268427,0.21442277657162803,0.16996984492484293,3,0,5,1,0.06,0.08,17,20,prob_noisy,15,111
4,Evolved FSM 16,2.3993649207934924,0.5802519301097115,5.0,0.9411764705882353,0.400244338399887,0.1817979126589363,0.21963722246079176,0.1983205264803849,0.672364168789599,0.3642815805076073,0.4971436544840456,0.34347489146092797,3,0,5,1,0.06,0.08,17,20,prob_noisy,15,111
5,Meta Mixer: 14 players,2.3559427617200726,0.5243804956035172,6.0,0.7142857142857143,0.2920956838094665,0.235333093557032,0.23723679109830173,0.2353344315351997,0.5918672084664222,0.43107549917889354,0.5843855710987368,0.42537269939903893,3,0,5,1,0.06,0.08,17,20,prob_noisy,15,111
6,Bully,2.3276677337601703,0.4973436861463016,6.0,0.06722689075630252,0.18758048391378798,0.3143300192457401,0.2562325957911328,0.24185690104933913,0.08718996945012901,0.9627883205778015,0.11695845130177047,0.9457993435400086,3,0,5,1,0.06,0.08,17,20,prob_noisy,15,111
7,Cycler DC,2.3196183018662007,0.49058054594386774,6.0,0.1092436974789916,0.2083609853729175,0.2822121460320754,0.251406158141085,0.2580207104539221,0.18687420811917038,0.14855225305949707,0.9132325750451614,0.8849161103974709,3,0,5,1,0.06,0.08,17,20,prob_noisy,15,111
8,Anti Tit For Tat,2.311815252416756,0.55875,5.0,0.9201680672268907,0.23971844498507286,0.3247666261811107,0.2363612578986309,0.19915367093518552,0.06613076036621145,0.945941250485122,0.06654129407517691,0.9476792816752102,3,0,5,1,0.06,0.08,17,20,prob_noisy,15,111
9,GTFT: 0.33,2.2919457526600384,0.7411858974358975,1.0,0.9495798319327731,0.47619781750938156,0.26479157217372334,0.136003048255598,0.12300756206129716,0.9471683582930203,0.33457860662281597,0.9453269611938343,0.4758441619830588,3,0,5,1,0.06,0.08,17,20,prob_noisy,15,111
10,Win-Stay Lose-Shift,2.2503490870032223,0.6132389675270608,3.0,0.9327731092436975,0.38661544857642927,0.2305633442840435,0.17564069968146886,0.20718050745805833,0.9410410096590207,0.08865634355867141,0.09495661350844278,0.9390309440918395,3,0,5,1,0.06,0.08,17,20,prob_noisy,15,111
11,Tit For Tat,2.24741442031358,0.6392301392301393,2.0,0.9495798319327731,0.41897252452963496,0.22164767373245978,0.18568048463113726,0.173699317106768,0.9536384390844864,0.06406198867453666,0.9583329060231235,0.08819928479231917,3,0,5,1,0.06,0.08,17,20,prob_noisy,15,111
12,"DoubleCrosser: (D, D)",2.2143249607535322,0.7004788855028298,2.0,0.9495798319327731,0.4996358314558912,0.2104697046840395,0.15590175356508837,0.13399271029498103,0.9057333536463792,0.7719567173125318,0.5073300370418431,0.1391372548521247,3,0,5,1,0.06,0.08,17,20,prob_noisy,15,111
13,Alternator,2.1973713786213787,0.5274772825616616,4.0,0.9411764705882353,0.23766601245483118,0.2910266527259232,0.23885763119219375,0.23244970362705183,0.0695236891465847,0.08113861986112576,0.9069904839198061,0.9632514148707985,3,0,5,1,0.06,0.08,17,20,prob_noisy,15,111
14,Cooperator,1.9959827870542155,0.9335590351248413,1.0,0.9285714285714286,0.557539295950588,0.37515617968197373,0.03889832081111871,0.02840620355631959,0.9380794419395185,0.9291695658628724,0.9857142857142858,0.8877039627039628,3,0,5,1,0.06,0.08,17,20,prob_noisy,15,111
0,Grudger,2.9027777777777777,0.4368982565703877,4.0,0.9735772357723578,0.33890709867557417,0.09941335077415932,0.342512817005137,0.2191667335451295,0.7557331927095087,0.048094350198137015,0.11984166237910515,0.04986774009977602,3,0,5,1,0.04,0.04,82,9,prob_noisy,7,112
1,Meta Mixer: 5 players,2.3940145502645502,0.5070821529745042,3.0,0.7012195121951219,0.29147272668167595,0.21551382274163777,0.24445414615748476,0.24855930441920163,0.5778999761065134,0.36287870065089106,0.48671383436020194,0.43491910902397074,3,0,5,1,0.04,0.04,82,9,prob_noisy,7,112
2,Soft Joss: 0.9,2.263425925925926,0.6712072649572649,0.0,0.9573170731707317,0.43768963182987114,0.2329264960638245,0.15413501698426352,0.17524885512204066,0.9721427046369397,0.10329775258839309,0.9575768016055707,0.14872117329791015,3,0,5,1,0.04,0.04,82,9,prob_noisy,7,112
3,Meta Winner: 5 players,2.2141203703703702,0.5276960128445277,2.0,0.9634146341463414,0.2563771840609987,0.2713946635680187,0.2395287330610322,0.2326994193099503,0.2501423895239711,0.7777144925208216,0.1587801784233256,0.6617583564880232,3,0,5,1,0.04,0.04,82,9,prob_noisy,7,112
4,Win-Stay Lose-Shift,2.2119708994708995,0.6755844155844156,1.0,0.9735772357723578,0.44949488440340296,0.22605153757108018,0.13369938661519978,0.1907541914103172,0.9600924122564688,0.0656850525631078,0.05239737763231321,0.9467182624470064,3,0,5,1,0.04,0.04,82,9,prob_noisy,7,112
5,Bully,2.210648148148148,0.478525980911983,3.0,0.036585365853658534,0.1730191465324039,0.3040508913489343,0.2753756274242075,0.2475543346944543,0.053230463400540835,0.9546616974626051,0.0378318612528279,0.9604275922745527,3,0,5,1,0.04,0.04,82,9,prob_noisy,7,112
6,Random: 0.5,2.2083333333333335,0.5191125367548783,2.0,0.5203252032520326,0.24649643149467568,0.2723708230458644,0.2320158578661944,0.24911688759326553,0.48987082934058285,0.5245145836303498,0.5152999115408133,0.5443768774248876,3,0,5,1,0.04,0.04,82,9,prob_noisy,7,112
0,Defector,2.8412319021321033,0.0503821931637902,8.0,0.056152927120669056,0.023448323991538567,0.02717098084505319,0.4480423087087929,0.5013383864546154,0.05453182437177322,0.04667427880863838,0.054496281400836816,0.048938688253316556,3,0,5,1,0.05,0.04,93,72,prob_noisy,10,113
1,Grudger,2.709632552737558,0.21718199414362996,6.0,0.9498207885304659,0.15557118278842338,0.05770584749049409,0.3909505035058469,0.3957724662152356,0.6377494180485982,0.04757249025549225,0.0862128959419726,0.05579105595689916,3,0,5,1,0.05,0.04,93,72,prob_noisy,10,113
2,Win-Shift Lose-Stay: D,2.418253968253968,0.48814717477003944,5.0,0.04062126642771804,0.24454835891470836,0.24338470924568087,0.2665251812255552,0.2455417506140556,0.04562269630648002,0.9536409015966684,0.9474402607868141,0.04484699041586433,3,0,5,1,0.05,0.04,93,72,prob_noisy,10,113
3,Cycler DC,2.3700287822128066,0.49251905523666134,5.0,0.04420549581839905,0.2459637983292635,0.2464152953643483,0.25854726770719927,0.24907363859918885,0.12689454135570727,0.12478048792156778,0.8978794944380039,0.888259172568174,3,0,5,1,0.05,0.04,93,72,prob_noisy,10,113
4,Alternator,2.3176767676767676,0.5100633428688189,4.0,0.951015531660693,0.2617226269079056,0.24835168970751054,0.251788408317661,0.2381372750669228,0.04804384183108828,0.05684310730069195,0.9498888616648897,0.9505390442133516,3,0,5,1,0.05,0.04,93,72,prob_noisy,10,113
5,Random: 0.5,2.2905608371294646,0.4930682322758893,4.0,0.4826762246117085,0.24347778212167753,0.2501976114662191,0.25022355535744634,0.256101051054657,0.5228862245103983,0.5039493722299417,0.4903540308770973,0.47506689720797646,3,0,5,1,0.05,0.04,93,72,prob_noisy,10,113
6,Soft Joss: 0.9,2.2005810263252874,0.5938916726318301,1.0,0.954599761051374,0.3424525965238687,0.2474807067285717,0.19276570376376317,0.2173009929837965,0.9587098514593531,0.1358708195744523,0.9497726394794839,0.1370820040815587,3,0,5,1,0.05,0.04,93,72,prob_noisy,10,113
7,Anti Tit For Tat,2.1170110750724853,0.5368660105980317,4.0,0.951015531660693,0.2379642861305422,0.3017975773950296,0.23754920985003947,0.2226889266243887,0.05245626067511658,0.9441630138489797,0.04892063771946183,0.951363382292786,3,0,5,1,0.05,0.04,93,72,prob_noisy,10,113
8,Tit For 2 Tats,1.929039479039479,0.7355295566502463,0.0,0.9390681003584229,0.45913235314633916,0.2859874388091343,0.07208403770810774,0.18279617033641882,0.9460551323329496,0.7369833912342442,0.9553850123319118,0.3517704385004323,3,0,5,1,0.05,0.04,93,72,prob_noisy,10,113
9,Cooperator,1.5992125474876195,0.94769937119473,0.0,0.951015531660693,0.46087226276597293,0.4869421083672645,0.026957789274893975,0.025227839591868712,0.9486509631345483,0.9466540532567418,0.9400128464625888,0.875487346265412,3,0,5,1,0.05,0.04,93,72,prob_noisy,10,113
0,Defector,2.6979747366485114,0.06926758470549614,16.0,0.06483957219251336,0.029724960648783525,0.03949376199157803,0.4017851308862009,0.5289961464734377,0.06278044476362006,0.07142462389408008,0.06800971948352717,0.0691945241615295,3,0,5,1,0.07,0.02,88,74,prob_noisy,18,114
1,Grudger,2.612335863392071,0.18277300195761342,13.0,0.9451871657754011,0.12334967571061058,0.05761641534816395,0.35526809744798804,0.46376581149323737,0.5985767332709621,0.07921179784581257,0.09438840430971475,0.0752845510292649,3,0,5,1,0.07,0.02,88,74,prob_noisy,18,114
2,Evolved HMM 5,2.544251773478428,0.35804891973381386,9.5,0.9224598930481284,0.22452019651932975,0.13540352328390626,0.31839160479663836,0.3216846754001255,0.7468490255944206,0.34822217975741565,0.15160191764834363,0.1936861758056322,3,0,5,1,0.07,0.02,88,74,prob_noisy,18,114
3,Meta Winner: 17 players,2.4892018579496993,0.13510273128910932,14.0,0.9398395721925134,0.06938203023169331,0.06623190618278062,0.36787315364544376,0.4965129099400824,0.35574417457082097,0.27191054530063086,0.09320855021591028,0.09963775727628796,3,0,5,1,0.07,0.02,88,74,prob_noisy,18,114
4,"DoubleCrosser: (D, D)",2.4571764884663514,0.3984227498287414,8.0,0.9331550802139037,0.2823574386249061,0.11841386613823432,0.26157845062423407,0.3376502446126255,0.7736126441887956,0.5904671337356839,0.2381048811262195,0.10958640699456054,3,0,5,1,0.07,0.02,88,74,prob_noisy,18,114
5,Evolved FSM 16,2.4359609876443313,0.4071053475845533,9.0,0.9385026737967914,0.20270455991262437,0.19738817234951295,0.3116079178584753,0.28829934987938743,0.5330038049435002,0.4025592665902892,0.3218660711273672,0.3200941186293293,3,0,5,1,0.07,0.02,88,74,prob_noisy,18,114
6,Tit For Tat,2.269203580261824,0.5205552684569739,5.0,0.9258021390374331,0.30400131363539906,0.21581225154821504,0.20632921155480263,0.2738572232615833,0.9252723159629518,0.07169420060819305,0.9293231745936332,0.06863653723578098,3,0,5,1,0.07,0.02,88,74,prob_noisy,18,114
7,Suspicious Tit For Tat,2.250555624455067,0.4628767711464148,8.0,0.07887700534759358,0.2549444405871051,0.21262031444685126,0.22240006809244908,0.3100351768735946,0.9310688074374259,0.07057672981915852,0.926718038199908,0.06856681159342937,3,0,5,1,0.07,0.02,88,74,prob_noisy,18,114
8,Soft Joss: 0.9,2.2141185503666256,0.560096616666375,3.0,0.9318181818181818,0.32766619276117176,0.2372721167167332,0.18918630138795325,0.24587538913414175,0.9245159438511668,0.16110648862566457,0.930463871091968,0.1456117181703713,3,0,5,1,0.07,0.02,88,74,prob_noisy,18,114
9,Win-Stay Lose-Shift,2.1852330118019854,0.5175979075605175,6.0,0.9351604278074866,0.25263420236045253,0.2672159573618969,0.22266157478402124,0.2574882654936293,0.9306638838881431,0.070365690128759,0.06808626902110225,0.9329691645815039,3,0,5,1,0.07,0.02,88,74,prob_noisy,18,114
10,GTFT: 0.33,2.1164854364976504,0.6572115552148308,1.0,0.9431818181818182,0.37512561999498006,0.28428772233351285,0.14531572129797932,0.19527093637352783,0.9282734993342876,0.3530467001047947,0.9270709813980782,0.3420334986038282,3,0,5,1,0.07,0.02,88,74,prob_noisy,18,114
11,Random: 0.5,2.093782353600954,0.5023244560427216,6.0,0.4946524064171123,0.211994728323621,0.29036635426819296,0.211131782989933,0.28650713441825304,0.4897246903781794,0.5010409193942407,0.5003518807831786,0.5019027508275674,3,0,5,1,0.07,0.02,88,74,prob_noisy,18,114
12,Cycler DC,2.0882490978399497,0.49592846878492736,7.0,0.06885026737967914,0.1843757273220818,0.3115287976452135,0.2280497424054269,0.2760457326272778,0.17178364518832753,0.1435887240726481,0.8700508477030033,0.8302005873886429,3,0,5,1,0.07,0.02,88,74,prob_noisy,18,114
13,Alternator,2.055163728426151,0.5060243092360964,6.0,0.93048128342246,0.1905559531794715,0.3154372450352653,0.22339319175907185,0.2706136100261913,0.07044420838166772,0.06726315289901492,0.9275674633654496,0.932188919223035,3,0,5,1,0.07,0.02,88,74,prob_noisy,18,114
14,Win-Shift Lose-Stay: D,2.040731827855718,0.535176051513906,7.0,0.08088235294117647,0.19443800351522558,0.341170191307543,0.21326203324807058,0.25112977192916075,0.07010726915620455,0.9301367566538378,0.9289097948868803,0.07161386053946754,3,0,5,1,0.07,0.02,88,74,prob_noisy,18,114
15,Bully,1.984844584045248,0.5689353088267814,7.0,0.06818181818181818,0.1928549094618672,0.37552353283407786,0.21076834940800607,0.22085320829604874,0.0709994356276926,0.9285687763089666,0.07183482815567331,0.9283695371423141,3,0,5,1,0.07,0.02,88,74,prob_noisy,18,114
16,Anti Tit For Tat,1.8810335532644393,0.5962369604082411,6.0,0.9271390374331551,0.20681992844390854,0.38573375248139075,0.1950529570012303,0.2123933620734704,0.06556997028537753,0.9248196368781937,0.07873729704013234,0.9288361826713443,3,0,5,1,0.07,0.02,88,74,prob_noisy,18,114
17,Cooperator,1.6852316543095354,0.9316712196134029,0.0,0.9298128342245989,0.4639388062635337,0.46764398659391626,0.035104578679060555,0.03331262846348954,0.9312592507135385,0.932561060841956,0.9446152699068582,0.9390345114469618,3,0,5,1,0.07,0.02,88,74,prob_noisy,18,114
0,Defector,2.690301837299356,0.07320117474302497,11.0,0.07776838546069316,0.02946278011462609,0.0441245882475443,0.3690577654024917,0.5573548662353379,0.07926680775364986,0.08906156762784737,0.07833795906515975,0.07212812237510552,3,0,5,1,0.07,0.09,91,45,prob_noisy,14,115
1,Cycler DC,2.5950778388278386,0.4827721528922377,6.0,0.060016906170752324,0.19422142776652948,0.2883830287227043,0.2993354001116102,0.21806014339915591,0.185307499217584,0.12524071140116863,0.8923029495462855,0.8306101036131668,3,0,5,1,0.07,0.09,91,45,prob_noisy,14,115
2,Suspicious Tit For Tat,2.5917103712389076,0.5105141061138966,7.0,0.05409974640743871,0.31472704119994904,0.19288286063160742,0.24151757663672443,0.25087252153171913,0.9365489199501873,0.07705143716835464,0.9339533332723187,0.07546226636609808,3,0,5,1,0.07,0.09,91,45,prob_noisy,14,115
3,Win-Shift Lose-Stay: D,2.5232781107781106,0.47638571315934714,6.0,0.06424344885883347,0.22398602610596,0.25281226773724286,0.27131057710799583,0.2518911290488014,0.07107625791698674,0.9313790509295834,0.9309704862104855,0.06519440843612574,3,0,5,1,0.07,0.09,91,45,prob_noisy,14,115
4,Meta Winner: 12 players,2.469420448832213,0.23648091202280058,8.0,0.9399830938292477,0.14404874014484464,0.0941121059407119,0.31838526358078667,0.4434538903336568,0.5403251661624446,0.2918616948466229,0.12346431094104873,0.0742474387441611,3,0,5,1,0.07,0.09,91,45,prob_noisy,14,115
5,Alternator,2.4555051228964273,0.5229045963692546,5.0,0.9366018596787827,0.22049109069524167,0.30261484488910156,0.28601048296847675,0.19088358144718004,0.07702735798411224,0.07128779358058472,0.9335247444635087,0.9285191607725454,3,0,5,1,0.07,0.09,91,45,prob_noisy,14,115
6,Evolved HMM 5,2.403395830866052,0.5324580598103574,5.0,0.9213863060016906,0.3651953053870058,0.16358735040320913,0.21602115591504384,0.2551961882947414,0.8451709537128799,0.37255484034581154,0.23226755036665014,0.20438892415651624,3,0,5,1,0.07,0.09,91,45,prob_noisy,14,115
7,Evolved FSM 16,2.3917742491426703,0.5690649097851314,4.0,0.9239222316145393,0.36684486898856405,0.2085057087734935,0.21175684473944298,0.21289257749849957,0.6730572164668505,0.39968000993503466,0.5371270830508661,0.34019872199478907,3,0,5,1,0.07,0.09,91,45,prob_noisy,14,115
8,Tit For Tat,2.3680798901952747,0.6123539741925632,3.0,0.9289940828402367,0.41345909222482186,0.20586722363520898,0.19045074890312194,0.19022293523684713,0.9327688214918287,0.06748861659208868,0.9239417891905664,0.0777687766965025,3,0,5,1,0.07,0.09,91,45,prob_noisy,14,115
9,Meta Mixer: 12 players,2.366941605403144,0.5385202718179736,5.0,0.6170752324598479,0.3111289631997668,0.23190212650336722,0.22090724273454299,0.236061667562323,0.6837040099163766,0.4053171428403705,0.6398632054606677,0.36271384694465314,3,0,5,1,0.07,0.09,91,45,prob_noisy,14,115
10,"DoubleCrosser: (D, D)",2.225996759650606,0.6733303044070876,2.0,0.9205409974640744,0.49294745011873703,0.18483230863468034,0.12825821221676648,0.19396202902981619,0.9036089909450558,0.7744461874493987,0.43580140962328506,0.21076537008612398,3,0,5,1,0.07,0.09,91,45,prob_noisy,14,115
11,GTFT: 0.33,2.218164188752424,0.7251053008026702,1.0,0.9349112426035503,0.461233219781322,0.2663137252831078,0.1444450373920605,0.12800801754350982,0.9323235605525658,0.36056381620284433,0.9380674621390312,0.37259652325550346,3,0,5,1,0.07,0.09,91,45,prob_noisy,14,115
12,Tit For 2 Tats,2.2101232101232102,0.8044324648098233,1.0,0.9129332206255283,0.5652341661846579,0.23575326351391573,0.06820115745561055,0.1308114128458157,0.9195506236581744,0.7524903775158255,0.9219785497249757,0.4762405584615275,3,0,5,1,0.07,0.09,91,45,prob_noisy,14,115
13,Cooperator,2.0752516806864634,0.9304837237602677,1.0,0.9433643279797126,0.5930467122483984,0.33772072562266603,0.043754663373886275,0.02547789875504922,0.930107052205651,0.9306026068754092,0.9039931739062569,0.9053260125763709,3,0,5,1,0.07,0.09,91,45,prob_noisy,14,115
0,Defector,2.6646931499872677,0.10799555802332038,10.0,0.15151515151515152,0.052081557539535445,0.05613247711398081,0.39688310070708166,0.494902864639402,0.1590798543244195,0.13292073280925273,0.11273189580193327,0.10473425730341995,3,0,5,1,0.1,0.01,21,17,prob_noisy,12,116
1,Meta Winner: 10 players,2.544053985230456,0.2108167770419426,9.0,0.8917748917748918,0.10989224563860596,0.10089399805870426,0.35255032977325307,0.4366634265294367,0.18791010977710484,0.28413963099871414,0.09782309217453333,0.1797415805303771,3,0,5,1,0.1,0.01,21,17,prob_noisy,12,116
2,Evolved HMM 5,2.377450980392157,0.4285323858977863,6.0,0.8614718614718615,0.2501377761113123,0.1740484227438616,0.27912425452336675,0.2966895466214593,0.7417957675900392,0.35720965696040846,0.20681501330890317,0.24623027584924673,3,0,5,1,0.1,0.01,21,17,prob_noisy,12,116
3,Evolved FSM 16,2.322638146167558,0.48471121177802945,5.0,0.9134199134199135,0.2828592197609782,0.20071209326620904,0.24605949634875077,0.27036919062406195,0.6554201926185862,0.3022961306442352,0.38457120811022133,0.37469254764291,3,0,5,1,0.1,0.01,21,17,prob_noisy,12,116
4,Tit For Tat,2.257754010695187,0.5560865898228845,2.0,0.8961038961038961,0.35466511958343194,0.20030412952764715,0.17641559302049653,0.2686151578684244,0.8982368555129991,0.08853053322599891,0.8986230950316929,0.11853165030074224,3,0,5,1,0.1,0.01,21,17,prob_noisy,12,116
5,"DoubleCrosser: (D, D)",2.2406417112299466,0.552991452991453,4.0,0.8441558441558441,0.33408833317836895,0.21825252032683365,0.20342303324380726,0.24423611325099023,0.7877817319636496,0.7105905627635554,0.359902689143792,0.23414169958328773,3,0,5,1,0.1,0.01,21,17,prob_noisy,12,116
6,Meta Mixer: 10 players,2.1794414735591205,0.45737073707370735,5.0,0.7229437229437229,0.2165968004302365,0.24006799240929852,0.23551796794796218,0.3078172392125028,0.4792257989088072,0.41323093372863845,0.43471673087219836,0.4111913776740584,3,0,5,1,0.1,0.01,21,17,prob_noisy,12,116
7,Random: 0.5,2.031283422459893,0.4901297236322617,4.0,0.48917748917748916,0.20723105315398518,0.28331864278243013,0.22045119919441197,0.2889991048691727,0.49265774923872274,0.4789719398646008,0.48435034842903946,0.5005034463085714,3,0,5,1,0.1,0.01,21,17,prob_noisy,12,116
8,Win-Stay Lose-Shift,1.9946524064171123,0.5647668393782384,2.0,0.8787878787878788,0.28141310023797705,0.283365695990738,0.16075734293816246,0.27446386083312246,0.8815917228738346,0.09528776412434338,0.08125869896245189,0.9113408676207885,3,0,5,1,0.1,0.01,21,17,prob_noisy,12,116
9,Tit For 2 Tats,1.967914438502674,0.6734860883797054,0.0,0.9004329004329005,0.3773255772375548,0.2966654254181903,0.12292884891148102,0.20308014843277392,0.9211031617004348,0.6067580376822501,0.8807936466965242,0.3403750314924765,3,0,5,1,0.1,0.01,21,17,prob_noisy,12,116
10,Bully,1.9261059795819155,0.5386747990019407,4.0,0.1341991341991342,0.1722658393244194,0.36764747134122455,0.23534670222964688,0.2247399871047092,0.09576795296815241,0.9023885579904684,0.09321684158034735,0.8904082910087492,3,0,5,1,0.1,0.01,21,17,prob_noisy,12,116
11,Anti Tit For Tat,1.8502673796791442,0.6017601760176018,4.0,0.9134199134199135,0.20193207126090787,0.3990322687616165,0.19098326890231385,0.20805239107516185,0.09872988141094258,0.88942581635734,0.0851327355375142,0.8978804156408811,3,0,5,1,0.1,0.01,21,17,prob_noisy,12,116
0,Defector,2.7604289290246142,0.04907915360501568,17.5,0.038461538461538464,0.020941843685304967,0.02776996212830025,0.3983734607567566,0.5529147334296381,0.09844218042493905,0.06885073990337148,0.050724638499209856,0.04857264195811645,3,0,5,1,0.05,0.05,26,200,prob_noisy,20,117
1,Grudger,2.6748609480133263,0.2775807922196333,12.0,0.9534412955465587,0.21440381463914457,0.06262373834957151,0.31816971984971837,0.40480272716156557,0.7777416077842708,0.07343113900356958,0.10133451918454954,0.05062099857564604,3,0,5,1,0.05,0.05,26,200,prob_noisy,20,117
2,Evolved HMM 5,2.5710862622436776,0.45358389813103306,8.0,0.9453441295546559,0.332426877353126,0.12725023200687763,0.27857650103004106,0.26174638960995544,0.8159538097391877,0.3793868126265373,0.17601979442890422,0.188364957677361,3,0,5,1,0.05,0.05,26,200,prob_noisy,20,117
3,Evolved FSM 16,2.519387575336969,0.49732782091358274,8.0,0.951417004048583,0.31627563890033705,0.1911143748493983,0.2720516028920132,0.22055838335825148,0.6465130578810845,0.41646351018418243,0.4124840822776508,0.3801494923454807,3,0,5,1,0.05,0.05,26,200,prob_noisy,20,117
4,Meta Winner: 18 players,2.4750308574342528,0.18046946448531653,13.0,0.9473684210526315,0.10515113433033918,0.07937981805905026,0.3506979366368539,0.46477111097375656,0.47423077483667614,0.3668679018218215,0.0992462450506185,0.1092029478504507,3,0,5,1,0.05,0.05,26,200,prob_noisy,20,117
5,Suspicious Tit For Tat,2.4564292023707477,0.49602796313949793,9.5,0.032388663967611336,0.2973642531961905,0.1939627936787773,0.21941196701748006,0.2892609861075521,0.9532177956157765,0.05857723426739565,0.9446605870815008,0.06532463949562664,3,0,5,1,0.05,0.05,26,200,prob_noisy,20,117
6,Tit For Tat,2.4176768215204483,0.5803571428571429,4.0,0.9595141700404858,0.3796947746369863,0.2011827340889121,0.19302247181415977,0.22610001945994185,0.952201599525742,0.053014223266219546,0.9587460181300866,0.047650197137279145,3,0,5,1,0.05,0.05,26,200,prob_noisy,20,117
7,"DoubleCrosser: (D, D)",2.378502225784235,0.5360415682569674,5.0,0.9493927125506073,0.40500989448587443,0.13439536479098296,0.2120291699099669,0.24856557081317562,0.8408531441040323,0.7126118691986447,0.3651970114211085,0.13201072999481928,3,0,5,1,0.05,0.05,26,200,prob_noisy,20,117
8,Cycler DC,2.332916921149237,0.4903535402996768,8.0,0.05060728744939271,0.19552625534124224,0.29354161312951443,0.254640604491282,0.25629152703796126,0.1394228487121867,0.11250393342253695,0.8996199672087013,0.8822369536133089,3,0,5,1,0.05,0.05,26,200,prob_noisy,20,117
9,Random: 0.5,2.3227793604628078,0.497941115915174,8.0,0.48380566801619435,0.22355040021815764,0.2761989718785731,0.22726238961580408,0.27298823828746527,0.48907290784067,0.4901194953073585,0.503568678070332,0.5097383911126235,3,0,5,1,0.05,0.05,26,200,prob_noisy,20,117
10,Win-Shift Lose-Stay: D,2.313876299976733,0.5315559258487815,9.0,0.05263157894736842,0.20169621169918683,0.3288434968696282,0.23049748401153758,0.23896280741964748,0.06017628859186467,0.9529025472723668,0.950572875674349,0.0773817332084768,3,0,5,1,0.05,0.05,26,200,prob_noisy,20,117
11,Soft Joss: 0.9,2.3105256985695313,0.648853419537327,3.0,0.9574898785425101,0.4230068166069451,0.2110482783830224,0.1651818286628063,0.2007630763472261,0.9494088941716,0.1587422308859606,0.9555116162236724,0.13006419016922707,3,0,5,1,0.05,0.05,26,200,prob_noisy,20,117
12,Win-Stay Lose-Shift,2.291645341915417,0.5648066135222911,6.0,0.9433198380566802,0.32610319552483186,0.24094183715024897,0.20987656578785258,0.22307840153706676,0.9587601946915116,0.05224027900782423,0.053595630991547266,0.9521000904862547,3,0,5,1,0.05,0.05,26,200,prob_noisy,20,117
13,GTFT: 0.33,2.2617719581867974,0.7091407121842346,2.0,0.9453441295546559,0.4602238553274102,0.25666237710341644,0.13823440904896148,0.14487935852021191,0.951899333299651,0.3598339419988942,0.9448880804325805,0.38163811680107346,3,0,5,1,0.05,0.05,26,200,prob_noisy,20,117
14,Alternator,2.2594241535613726,0.5124243733794296,6.0,0.9473684210526315,0.2091396604047285,0.30379068628679046,0.2449873803720061,0.24208227293647488,0.04850293771646749,0.05397161446000277,0.9384691792738856,0.95166608671095,3,0,5,1,0.05,0.05,26,200,prob_noisy,20,117
15,Meta Mixer: 18 players,2.242865795183995,0.4887646266956612,7.5,0.6538461538461539,0.2559988970006141,0.2326101818453441,0.2333357514300605,0.27805516972398125,0.5906947393244891,0.3929681625298473,0.5517762825519653,0.40346645316851754,3,0,5,1,0.05,0.05,26,200,prob_noisy,20,117
16,Bully,2.23461931832297,0.5219597891860238,9.0,0.02834008097165992,0.18679462887865686,0.3403340115291593,0.2536298855213887,0.21924147407079517,0.057309904299123526,0.9543622801625183,0.04854156438953784,0.9536355572287398,3,0,5,1,0.05,0.05,26,200,prob_noisy,20,117
17,Tit For 2 Tats,2.147251608056154,0.7792194092827004,1.0,0.9433198380566802,0.5344795862992181,0.24146743092766174,0.07583964532824211,0.14821333744487805,0.9555409791119175,0.7154766766425186,0.9499472483815715,0.32882955567387756,3,0,5,1,0.05,0.05,26,200,prob_noisy,20,117
18,Anti Tit For Tat,2.143367053457945,0.6036585365853658,7.0,0.9534412955465587,0.21440736418898348,0.37041347496179833,0.217112485764183,0.19806667508503525,0.05250419053157511,0.951647072810109,0.06726813946429851,0.9475134229939685,3,0,5,1,0.05,0.05,26,200,prob_noisy,20,117
19,Cooperator,1.9102587353216216,0.9474604343025396,1.0,0.9412955465587044,0.5375094893118426,0.4098900827748259,0.030490200850739144,0.022110227062592195,0.9440167996518509,0.9442285493214907,0.9337744178346762,0.9748907225356501,3,0,5,1,0.05,0.05,26,200,prob_noisy,20,117
0,Defector,2.797585970179553,0.06463954893274265,11.0,0.05244755244755245,0.028306493088370018,0.03695627901868197,0.3824663120747927,0.5522709158181554,0.09836725774225774,0.22498006379585328,0.061187297557679106,0.06631698683273471,3,0,5,1,0.06,0.06,26,161,prob_noisy,12,118
1,Meta Winner: 10 players,2.5423774853118486,0.16932841932841933,9.0,0.9405594405594405,0.08931133875407396,0.08161580880847132,0.3401472225778841,0.4889256298595707,0.1761497730987986,0.27397132673446484,0.07839577111075337,0.12887346645053352,3,0,5,1,0.06,0.06,26,161,prob_noisy,12,118
2,Meta Mixer: 10 players,2.4098147895100412,0.4909090909090909,5.0,0.7377622377622378,0.27479628056437194,0.22149044255893557,0.22427631085575833,0.27943696602093415,0.6137921214389447,0.378855708735205,0.5535917735785287,0.3741463854622424,3,0,5,1,0.06,0.06,26,161,prob_noisy,12,118
3,Evolved FSM 16,2.3973780744430186,0.5469083155650319,4.0,0.9440559440559441,0.34532343969639157,0.2003908303347415,0.20703209462109912,0.24725363534776781,0.7563419263600634,0.39854490393574965,0.4138194627127118,0.3765124202300344,3,0,5,1,0.06,0.06,26,161,prob_noisy,12,118
4,Evolved HMM 5,2.3950851655583056,0.5231942385087905,4.0,0.9440559440559441,0.3605715085312837,0.14542691175054562,0.21244818326805734,0.2815533964501133,0.8513989607293304,0.37642720787195943,0.1643967062587847,0.2045020280356847,3,0,5,1,0.06,0.06,26,161,prob_noisy,12,118
5,"DoubleCrosser: (D, D)",2.3891087498672636,0.6173931353969256,2.0,0.9405594405594405,0.4642638289265875,0.1591727768366333,0.16153995913512145,0.21502343510165767,0.8710066135395299,0.7586042610190749,0.3818120354834591,0.19274026176345,3,0,5,1,0.06,0.06,26,161,prob_noisy,12,118
6,Soft Joss: 0.9,2.318276525845696,0.6233879781420765,2.0,0.9475524475524476,0.45062043995080303,0.18045658901691147,0.13840986693423996,0.23051310409804557,0.9373737068301223,0.1364658457068209,0.9349171331747835,0.2271176902315368,3,0,5,1,0.06,0.06,26,161,prob_noisy,12,118
7,Random: 0.5,2.314985757747741,0.48955866523143166,5.0,0.46503496503496505,0.2085464751949113,0.27997358790627114,0.21988756739485782,0.2915923695039597,0.4978185757049127,0.4791549995618975,0.523569151841544,0.4851016673684111,3,0,5,1,0.06,0.06,26,161,prob_noisy,12,118
8,Tit For 2 Tats,2.2217598608326883,0.7177656446871062,1.0,0.9405594405594405,0.510765914043201,0.219446925982301,0.09356477246919431,0.17622238750530367,0.9273315398181758,0.6602706615975191,0.931475763614518,0.306142620353118,3,0,5,1,0.06,0.06,26,161,prob_noisy,12,118
9,GTFT: 0.33,2.1627375104768527,0.6956877171469447,1.0,0.9440559440559441,0.44200532578210433,0.25317569469958845,0.11209073404561896,0.19272824547268835,0.9364843830899946,0.3450311959658203,0.9446812585882178,0.33608707801021553,3,0,5,1,0.06,0.06,26,161,prob_noisy,12,118
10,Win-Stay Lose-Shift,2.150180275310294,0.6167214654767497,2.0,0.9265734265734266,0.35592308813624146,0.2602248905330248,0.14301841888261937,0.24083360244811436,0.94105885765705,0.07507592804034745,0.08453466444363339,0.9548838529013358,3,0,5,1,0.06,0.06,26,161,prob_noisy,12,118
11,Bully,2.0631595428807876,0.5907906168549087,4.0,0.06643356643356643,0.15697292293511497,0.4193446936140033,0.2227939888008659,0.20088839465001582,0.08124845796814431,0.9488337282266848,0.05763461533311746,0.9486872791992865,3,0,5,1,0.06,0.06,26,161,prob_noisy,12,118
0,Suspicious Tit For Tat,2.585714285714286,0.5092783505154639,2.0,0.1794871794871795,0.35968289956838756,0.1543610078717057,0.21644416382459344,0.2695119287353133,0.8710727969348658,0.09142857142857143,0.8974116161616162,0.0772403776325345,3,0,5,1,0.08,0.06,13,21,prob_noisy,4,119
1,Meta Mixer: 3 players,2.2945845004668537,0.4798464491362764,1.0,0.3333333333333333,0.2890862544257496,0.2024246401779285,0.21459341701076506,0.29389568838555685,0.6661278735632185,0.33979885057471265,0.6807359863072314,0.3069987525272078,3,0,5,1,0.08,0.06,13,21,prob_noisy,4,119
2,Win-Shift Lose-Stay: D,2.2813852813852815,0.39272030651340994,1.0,0.05128205128205128,0.19026835012934862,0.20336666795371763,0.2143632315276008,0.39200175038933294,0.11271783463107155,0.8288445429908844,0.8915824042865785,0.0978418026314326,3,0,5,1,0.08,0.06,13,21,prob_noisy,4,119
3,"DoubleCrosser: (D, D)",2.174603174603175,0.6153846153846154,0.0,0.8974358974358975,0.37528241306019083,0.23832225387780945,0.15307375751820196,0.23332157554379776,0.894489247311828,0.7253289473684211,0.29638888888888887,0.13058693244739758,3,0,5,1,0.08,0.06,13,21,prob_noisy,4,119
0,Grudger,2.59448051948052,0.09526695526695526,11.0,0.9474747474747475,0.05516594516594517,0.0401010101010101,0.3802164502164502,0.5245165945165945,0.4888833141398917,0.060874840198272,0.07025078177710196,0.05860178244292266,3,0,5,1,0.06,0.0,90,140,prob_noisy,12,120
1,Evolved FSM 16,2.5811688311688314,0.31286435786435784,8.0,0.9373737373737374,0.14636363636363636,0.1665007215007215,0.3633910533910534,0.32374458874458867,0.4021308935016488,0.40149157716144274,0.294678433691275,0.2354186268364927,3,0,5,1,0.06,0.0,90,140,prob_noisy,12,120
2,Meta Winner: 11 players,2.5120129870129873,0.1073015873015873,10.0,0.9404040404040404,0.04785714285714284,0.05944444444444443,0.3622727272727272,0.5304256854256855,0.28374576011859715,0.3300423140441129,0.09127759770720631,0.08088348199314882,3,0,5,1,0.06,0.0,90,140,prob_noisy,12,120
3,Tit For Tat,2.1805194805194805,0.49028138528138526,4.5,0.9454545454545454,0.26854978354978354,0.22173160173160172,0.21587301587301588,0.29384559884559885,0.9410110423493109,0.061364241717089124,0.9377830970677425,0.05944057781363798,3,0,5,1,0.06,0.0,90,140,prob_noisy,12,120
4,Suspicious Tit For Tat,2.175,0.47454545454545455,5.5,0.06161616161616162,0.2518253968253968,0.22272005772005776,0.22316017316017317,0.3022943722943723,0.9378405016740202,0.05816804310839125,0.9389126977400329,0.058771793221245254,3,0,5,1,0.06,0.0,90,140,prob_noisy,12,120
5,Soft Joss: 0.9,2.1198051948051946,0.5388167388167389,1.0,0.9484848484848485,0.2979437229437229,0.24087301587301588,0.19145743145743144,0.26972582972582976,0.9363285793456225,0.1496889191648287,0.9398589687835472,0.14883124248982804,3,0,5,1,0.06,0.0,90,140,prob_noisy,12,120
6,Alternator,2.017857142857143,0.5014646464646465,5.0,0.9353535353535354,0.1993362193362193,0.3021284271284271,0.23080086580086576,0.2677344877344877,0.05907660897151292,0.06172281035262606,0.936667923884982,0.9396331557824786,3,0,5,1,0.06,0.0,90,140,prob_noisy,12,120
7,Tit For 2 Tats,1.9746753246753246,0.6743578643578644,0.0,0.9434343434343434,0.4136580086580086,0.2606998556998557,0.10244588744588744,0.2231962481962482,0.9420058171100653,0.6417304291406012,0.9390489773752538,0.24995177959178888,3,0,5,1,0.06,0.0,90,140,prob_noisy,12,120
8,Random: 0.5,1.9616883116883117,0.4980880230880231,5.0,0.5040404040404041,0.20683261183261184,0.29125541125541127,0.20981240981240978,0.2920995670995671,0.501529687086511,0.49829521700759116,0.4973135298423034,0.49705338434829527,3,0,5,1,0.06,0.0,90,140,prob_noisy,12,120
9,Win-Stay Lose-Shift,1.934090909090909,0.5181890331890332,4.0,0.9474747474747475,0.22898989898989902,0.2891991341991342,0.1944083694083694,0.2874025974025974,0.9396425555804868,0.058913710004921245,0.06212235380774011,0.9407375831813026,3,0,5,1,0.06,0.0,90,140,prob_noisy,12,120
10,Bully,1.8055194805194805,0.5856998556998557,5.0,0.048484848484848485,0.21098124098124096,0.37471861471861473,0.18833333333333335,0.22596681096681098,0.06035101138853323,0.9393978742641071,0.06274747878965538,0.9427623722637578,3,0,5,1,0.06,0.0,90,140,prob_noisy,12,120
11,Anti Tit For Tat,1.7915584415584416,0.5915151515151515,5.0,0.9404040404040404,0.21582972582972582,0.3756854256854257,0.18288600288600285,0.22559884559884555,0.05829595479258251,0.9400759447933972,0.058600823727153764,0.9412707939980064,3,0,5,1,0.06,0.0,90,140,prob_noisy,12,120
0,Grudger,2.7169776919776925,0.28654752112465415,9.0,0.9578544061302682,0.23486629830436564,0.05219874686071901,0.32035716747130955,0.3925777873636058,0.685035975434261,0.045168365301111346,0.10812415441496366,0.05546745541705603,3,0,5,1,0.05,0.02,87,37,prob_noisy,13,121
1,Defector,2.6687209187209184,0.0501007879787429,11.0,0.05363984674329502,0.02200677922640295,0.028104877315974382,0.40129225470554203,0.5485960887520807,0.04791909876600833,0.050480857238139686,0.05078116673047502,0.04828600123367119,3,0,5,1,0.05,0.02,87,37,prob_noisy,13,121
2,Evolved HMM 5,2.652084499387131,0.4637319942821537,7.0,0.9482758620689655,0.3392619517854496,0.12524361016055155,0.2826555189143643,0.2528389191396345,0.8517237583087555,0.3573597086699926,0.17616829718878615,0.19183025453570188,3,0,5,1,0.05,0.02,87,37,prob_noisy,13,121
3,Evolved FSM 16,2.5135655432308575,0.523923271806008,6.0,0.9521072796934866,0.3348421681950979,0.19208775510341813,0.25776801403678157,0.2153020626647025,0.6595543600457865,0.4125431898866165,0.4333699166827878,0.37007089689892436,3,0,5,1,0.05,0.02,87,37,prob_noisy,13,121
4,Tit For Tat,2.4147056147056145,0.6058399423215574,3.0,0.9549808429118773,0.42308000244274246,0.18332362905455998,0.17910403796564786,0.21449233053704958,0.9530614373496383,0.050579020929483555,0.9529943949922881,0.05479540213482911,3,0,5,1,0.05,0.02,87,37,prob_noisy,13,121
5,Soft Joss: 0.9,2.354781865198532,0.6445313902150113,2.0,0.9434865900383141,0.4433562918452057,0.19940394970146944,0.16147151394864226,0.19576824450468264,0.9479944641735417,0.15294197197136902,0.9514922297321338,0.13401436018821788,3,0,5,1,0.05,0.02,87,37,prob_noisy,13,121
6,GTFT: 0.33,2.2985735735735733,0.7279742530080825,2.0,0.9454022988505747,0.4847627368340394,0.2435267221388803,0.12818328031979978,0.14352726070728059,0.953007308094631,0.3437789815621281,0.9634761154292822,0.36430971441703575,3,0,5,1,0.05,0.02,87,37,prob_noisy,13,121
7,Win-Shift Lose-Stay: D,2.2867983934160403,0.5276339153595738,6.0,0.05459770114942529,0.2299282301725051,0.2988531944583051,0.2541909051155371,0.2170276702536527,0.04885595262577613,0.9468771000152972,0.948724315289605,0.0438120339513721,3,0,5,1,0.05,0.02,87,37,prob_noisy,13,121
8,Cycler DC,2.2730854824604827,0.4876012053879389,6.0,0.04597701149425287,0.1989567204042645,0.2887417610768638,0.265827518569655,0.2464739999492168,0.13542263335439295,0.10274039420546598,0.9021564357265341,0.8412313250841078,3,0,5,1,0.05,0.02,87,37,prob_noisy,13,121
9,Meta Mixer: 12 players,2.268710646130001,0.49301573298044404,6.0,0.6800766283524904,0.26795037612769806,0.22499085651280884,0.22829943925874308,0.27875932810075,0.5916708983094121,0.39823683583494973,0.580369356041869,0.3742553967710136,3,0,5,1,0.05,0.02,87,37,prob_noisy,13,121
10,Tit For 2 Tats,2.218423164543854,0.7878269727507549,0.0,0.9521072796934866,0.5682507049539332,0.2171265615339066,0.06745898029762692,0.14716375321453334,0.9542510620806115,0.7411506257742162,0.9568097830949965,0.39016446507770075,3,0,5,1,0.05,0.02,87,37,prob_noisy,13,121
11,Anti Tit For Tat,2.0003328059885788,0.5717538216905785,5.0,0.9568965517241379,0.2019312951350952,0.37239900722029917,0.23058992219973248,0.19507977544487318,0.0546024102368614,0.9540799857529855,0.06801283001553377,0.9536952496769336,3,0,5,1,0.05,0.02,87,37,prob_noisy,13,121
12,Cooperator,1.9441488741488742,0.9514478237115279,1.0,0.9473180076628352,0.5697113004809048,0.3817271840087704,0.030529302343144937,0.01803221316717994,0.9491428802875301,0.9522204418898369,0.9677424924715763,0.9537069798448748,3,0,5,1,0.05,0.02,87,37,prob_noisy,13,121
0,Defector,2.617833427562724,0.04194717762817193,14.0,0.03125,0.017900595768282783,0.023677739627450786,0.38300097399746863,0.5754206906067978,0.11857125752599891,0.06040210201033016,0.048921754737808416,0.03854167528163209,3,0,5,1,0.04,0.01,16,75,prob_noisy,15,122
1,Grudger,2.6134330502977052,0.20675927494494326,10.5,0.9642857142857143,0.18345829870514688,0.03756138768273991,0.30733502432776916,0.4716452892843441,0.7336802503118556,0.05720926237458937,0.08111556682409223,0.04472618066263425,3,0,5,1,0.04,0.01,16,75,prob_noisy,15,122
2,Evolved HMM 5,2.5719806664686105,0.4271057849814639,8.0,0.9508928571428571,0.3005780363923051,0.12817696018024127,0.26536349948831967,0.3058815039391339,0.8432429888250701,0.3844574003805658,0.1520480384852781,0.19184161315649048,3,0,5,1,0.04,0.01,16,75,prob_noisy,15,122
3,Evolved FSM 16,2.51207511821047,0.4479344209073939,8.0,0.9776785714285714,0.2619489169490043,0.19707969667706268,0.28913185916175094,0.2518395272121821,0.6513739582671377,0.428046017055445,0.34374766205152923,0.364092680339729,3,0,5,1,0.04,0.01,16,75,prob_noisy,15,122
4,"DoubleCrosser: (D, D)",2.454858656151502,0.4594935568171578,5.0,0.9553571428571429,0.3826657131051435,0.09717695784783219,0.20426759993507332,0.315889729111951,0.8531967418596177,0.6555210195187964,0.34775534075749387,0.04098659195575892,3,0,5,1,0.04,0.01,16,75,prob_noisy,15,122
5,Meta Winner: 13 players,2.446584577164537,0.09371105757248484,12.0,0.9732142857142857,0.05177507574138561,0.042943485645919835,0.3535467103295667,0.551734728283128,0.37524847407317896,0.24219899173595197,0.07859370592875371,0.07995023063309066,3,0,5,1,0.04,0.01,16,75,prob_noisy,15,122
6,Tit For Tat,2.321152448378186,0.5711131867198778,4.0,0.9732142857142857,0.40673682997409133,0.1556171141458716,0.14789240286390926,0.2897536530161279,0.9738183515418616,0.03960818859865218,0.9654012513348992,0.0457067268016701,3,0,5,1,0.04,0.01,16,75,prob_noisy,15,122
7,Soft Joss: 0.9,2.2136649784506766,0.5944050033806626,3.0,0.9821428571428571,0.4174478337457372,0.18205045031270833,0.1383051470199033,0.2621965689216511,0.9587721811289512,0.12186148860105891,0.9581273508674715,0.15100400645314668,3,0,5,1,0.04,0.01,16,75,prob_noisy,15,122
8,Win-Stay Lose-Shift,2.180646797148319,0.5481626071458882,5.5,0.9732142857142857,0.2974875746277332,0.25392627807998197,0.20135674365135564,0.24722940364092927,0.9652801194567221,0.042290196061287574,0.04091500300390312,0.9656668657597963,3,0,5,1,0.04,0.01,16,75,prob_noisy,15,122
9,Meta Mixer: 13 players,2.128357482097136,0.43845698333474326,7.0,0.6875,0.19902564475180223,0.23756347180328805,0.20894047311055972,0.35447041033435,0.5347721544624863,0.35572631903302193,0.5105098709858857,0.3785426716798792,3,0,5,1,0.04,0.01,16,75,prob_noisy,15,122
10,GTFT: 0.33,2.06100231993344,0.6840045654655145,1.5,0.9598214285714286,0.4471583018284977,0.23919138673706225,0.10262106073813536,0.21102925069630465,0.960566970042123,0.3536734858051463,0.9537263071160814,0.40463700879052933,3,0,5,1,0.04,0.01,16,75,prob_noisy,15,122
11,Random: 0.5,1.8982832140628183,0.5103669573802864,5.0,0.44642857142857145,0.1941029834526712,0.3161022800320768,0.18892156762467427,0.3008731688905777,0.504246392513613,0.5083065399750757,0.5136520127750315,0.5036113483870033,3,0,5,1,0.04,0.01,16,75,prob_noisy,15,122
12,Cooperator,1.7963565118698823,0.9587567750677507,1.0,0.9464285714285714,0.529894627783525,0.429194190545523,0.022497061847017785,0.018414119823934337,0.9634733291241087,0.9573287506409098,0.9568634560165773,0.9606593406593406,3,0,5,1,0.04,0.01,16,75,prob_noisy,15,122
13,Win-Shift Lose-Stay: D,1.7869824886432562,0.5674531629693501,5.0,0.05357142857142857,0.1772195172109583,0.3934831045993771,0.18813694425726446,0.2411604339324001,0.045628861203376087,0.9642775815915318,0.966375202822958,0.05091031399712569,3,0,5,1,0.04,0.01,16,75,prob_noisy,15,122
14,Bully,1.729330031119718,0.6248259052924791,6.0,0.044642857142857144,0.14514750918702712,0.4786197734073164,0.21104720897168375,0.16518550843397284,0.05041535562888754,0.9654647007730377,0.05043196592103868,0.9641318736113018,3,0,5,1,0.04,0.01,16,75,prob_noisy,15,122
0,Evolved HMM 5,2.668235094735982,0.38481851893471175,11.0,0.9510416666666667,0.27814518077200256,0.10944442179921875,0.2975449153812257,0.314865482047553,0.8151496503139082,0.3430988472883089,0.15346631020037,0.17743451762665488,3,0,5,1,0.05,0.01,60,130,prob_noisy,17,123
1,Grudger,2.589711335931665,0.15254870946868934,14.0,0.95,0.11471243736733056,0.03795964694872993,0.34222244189035905,0.5051054737935805,0.6819861213430529,0.0397764778420238,0.07376381403959836,0.05097806932335233,3,0,5,1,0.05,0.01,60,130,prob_noisy,17,123
2,"DoubleCrosser: (D, D)",2.5867278902066624,0.4346457365887012,9.0,0.9385416666666667,0.34852330842485924,0.08285558608732072,0.24300479923230478,0.32561630625551535,0.8299338231392158,0.6105312071990686,0.2632509065894772,0.07224740463529442,3,0,5,1,0.05,0.01,60,130,prob_noisy,17,123
3,Evolved FSM 16,2.5524811984683193,0.3978465679676985,10.0,0.9583333333333334,0.22182271107143958,0.17261548224582318,0.31030325899490807,0.2952585476878291,0.5436733846525756,0.4482617431842502,0.3567451095026807,0.2771368180122037,3,0,5,1,0.05,0.01,60,130,prob_noisy,17,123
4,Meta Winner: 15 players,2.480694966996125,0.15957431488601834,12.5,0.9625,0.08236123574028698,0.07856081054421758,0.33635316365989537,0.5027247900556,0.46340399055073944,0.45863675487792377,0.10543802162541055,0.1394641946544227,3,0,5,1,0.05,0.01,60,130,prob_noisy,17,123
5,Tit For Tat,2.3958835427065814,0.5656262947106753,6.0,0.9416666666666667,0.3706501898310548,0.1978950623013953,0.19871627553612198,0.23273847233142794,0.9507804870045224,0.051966863889586754,0.9540889197501802,0.05542374983489248,3,0,5,1,0.05,0.01,60,130,prob_noisy,17,123
6,Soft Joss: 0.9,2.3892109460043516,0.614536647830081,3.0,0.9447916666666667,0.40244588620320626,0.21364456960527878,0.18120549622926918,0.20270404796224575,0.9477993603789008,0.13870628254086678,0.9520185187961188,0.13423685498585425,3,0,5,1,0.05,0.01,60,130,prob_noisy,17,123
7,Suspicious Tit For Tat,2.3624968700097995,0.528683626429913,9.0,0.046875,0.3222875567238258,0.20212399761267102,0.2114267869709224,0.2641616586925808,0.9545627062866402,0.05408483732153441,0.9485615785503948,0.052069807575536566,3,0,5,1,0.05,0.01,60,130,prob_noisy,17,123
8,GTFT: 0.33,2.2992336032937333,0.7088414015238662,2.0,0.95,0.4688980872572714,0.24365487637830796,0.1344462649639269,0.15300077140049373,0.947780919077231,0.3438602857057239,0.9520241873772421,0.3639739257396831,3,0,5,1,0.05,0.01,60,130,prob_noisy,17,123
9,Tit For 2 Tats,2.26366627603222,0.7709543098320256,1.0,0.93125,0.5530486967356831,0.22058717873461275,0.07923629745937613,0.14712782707032807,0.9501441390024332,0.7189827168461733,0.951783282172405,0.3542557902477428,3,0,5,1,0.05,0.01,60,130,prob_noisy,17,123
10,Win-Stay Lose-Shift,2.2401490988667976,0.5473594277191306,6.0,0.95625,0.2896626266576685,0.2571372644533177,0.19858929257282798,0.2546108163161858,0.9500153419438679,0.0479908700626646,0.05412571278762515,0.9519082149385232,3,0,5,1,0.05,0.01,60,130,prob_noisy,17,123
11,Meta Mixer: 15 players,2.226334449409459,0.4850751626010424,8.0,0.8229166666666666,0.24890538674092424,0.23628711429002044,0.22418692375027569,0.29062057521877965,0.6213366650302635,0.3881808211436478,0.5833799931247327,0.3740212870764012,3,0,5,1,0.05,0.01,60,130,prob_noisy,17,123
12,Cycler DC,2.1623546406571146,0.4969317470256731,7.0,0.06770833333333333,0.1841095841310185,0.31269586550558165,0.25477602668581784,0.2484185236775821,0.1439564693117361,0.09963622668382004,0.9061627391796199,0.8412396578622752,3,0,5,1,0.05,0.01,60,130,prob_noisy,17,123
13,Alternator,2.154656521173277,0.5040828745701307,7.0,0.9395833333333333,0.18716347922463378,0.31689250569972477,0.25744177800671336,0.23850223706892817,0.04795657277608466,0.05121138753182421,0.9514270258075626,0.9516440988507104,3,0,5,1,0.05,0.01,60,130,prob_noisy,17,123
14,Random: 0.5,2.146531100168566,0.4982033903081714,8.0,0.490625,0.21961592077988826,0.27843684194797347,0.22324967891013553,0.27869755836200283,0.4986169124970181,0.4935223782256769,0.4950713298289295,0.49753111975712944,3,0,5,1,0.05,0.01,60,130,prob_noisy,17,123
15,Cooperator,1.9625345488015293,0.9498395690441848,1.0,0.9479166666666666,0.5514604509344402,0.3983429058364537,0.029190552644524456,0.021006090584581662,0.9519542351259058,0.9490169945579573,0.9451296505910404,0.947897179526187,3,0,5,1,0.05,0.01,60,130,prob_noisy,17,123
16,Anti Tit For Tat,1.9596838156097656,0.582337099784842,6.0,0.9541666666666667,0.2073631918437534,0.37246133930230785,0.20970151640435114,0.2104739524495876,0.051177813022975076,0.9498709632086723,0.04702995876353237,0.9503240927280336,3,0,5,1,0.05,0.01,60,130,prob_noisy,17,123
0,Suspicious Tit For Tat,2.743771043771044,0.5650190114068441,2.0,0.08196721311475409,0.37793465843989327,0.19344370225923316,0.2556552417921442,0.17296639750872933,0.913355020177319,0.09667392061922857,0.8998617750736395,0.10176366843033509,3,0,5,1,0.09,0.07,61,94,prob_noisy,4,124
1,Evolved FSM 16,2.732843137254902,0.4857582755966128,1.0,0.9234972677595629,0.3341951040468637,0.16479140604579018,0.31188616789827933,0.18912732200906668,0.590729513942894,0.36471825289128557,0.44505957662961615,0.3011516586077989,3,0,5,1,0.09,0.07,61,94,prob_noisy,4,124
2,Tit For 2 Tats,2.307692307692308,0.769642122583299,0.0,0.9398907103825137,0.509578268393109,0.26325449283786256,0.11503884122099826,0.11212839754803011,0.9110064811284788,0.6555021906684406,0.9306588775234724,0.24209932819204338,3,0,5,1,0.09,0.07,61,94,prob_noisy,4,124
3,Anti Tit For Tat,2.2777777777777777,0.5489908256880734,1.0,0.8907103825136612,0.23043264478181621,0.31473053431372233,0.25363988454518643,0.20119693635927502,0.10807992202729044,0.92065755441532,0.09308705980022454,0.9055622868798192,3,0,5,1,0.09,0.07,61,94,prob_noisy,4,124
0,Grudger,2.5935004226295493,0.2123095429029671,11.0,0.972457627118644,0.16882758574501538,0.045191510470590925,0.31113757719185003,0.4748433265925437,0.629908599113258,0.036450917183448325,0.08209609066155345,0.040019481066291426,3,0,5,1,0.04,0.03,59,130,prob_noisy,17,125
1,Defector,2.5379163315152224,0.04092420212765958,14.0,0.038135593220338986,0.015016405822646682,0.025731453873400534,0.3541428259600122,0.6051093143439407,0.05902457394893336,0.04485387706401326,0.0406911937843693,0.03842815977315012,3,0,5,1,0.04,0.03,59,130,prob_noisy,17,125
2,Evolved HMM 5,2.5166877701361985,0.43652913822103495,8.0,0.951271186440678,0.30317313353637687,0.12708027799898802,0.27418470572939635,0.2955618827352387,0.8412702420869932,0.4000166222221199,0.15459118247816314,0.18257254166679115,3,0,5,1,0.04,0.03,59,130,prob_noisy,17,125
3,Evolved FSM 16,2.4470416649226436,0.46703907166224307,7.0,0.9544491525423728,0.2627448386534433,0.2050576822402063,0.27932982160844394,0.2528676574979065,0.580921833163631,0.4401335840821859,0.39152868502137655,0.3609952977294141,3,0,5,1,0.04,0.03,59,130,prob_noisy,17,125
4,Meta Winner: 15 players,2.4438257290189918,0.1271023067207339,12.0,0.9671610169491526,0.06897996760565264,0.05987918798800386,0.330300946729586,0.5408398976767574,0.4484607044394846,0.30909853820552247,0.08349616705951442,0.09039238890692107,3,0,5,1,0.04,0.03,59,130,prob_noisy,17,125
5,"DoubleCrosser: (D, D)",2.4097684210782337,0.5027556451358927,5.0,0.9639830508474576,0.3994943328096639,0.10125946320720675,0.20432130115542926,0.2949249028277002,0.8624209397190832,0.6994460171870012,0.3322075055143241,0.09855730291261272,3,0,5,1,0.04,0.03,59,130,prob_noisy,17,125
6,Suspicious Tit For Tat,2.365474311940659,0.49486519088449127,9.0,0.036016949152542374,0.29523118059360837,0.19044496456584045,0.20525349268199353,0.3090703621585576,0.9456904178820102,0.04026934990915438,0.9656175987596334,0.04614151273941965,3,0,5,1,0.04,0.03,59,130,prob_noisy,17,125
7,Tit For Tat,2.3234906111930127,0.5770522508557773,4.0,0.972457627118644,0.356035019824355,0.2002335412489352,0.18859431854547773,0.2551371203812322,0.9665088312885055,0.038845242041347955,0.9587825762008024,0.04326403304413666,3,0,5,1,0.04,0.03,59,130,prob_noisy,17,125
8,Soft Joss: 0.9,2.2920656886682655,0.6027340776452677,2.0,0.948093220338983,0.3863403796931398,0.2183313046463864,0.1733232231970289,0.22200509246344477,0.955651454633698,0.13423471533867143,0.9683226984229707,0.13829456949835656,3,0,5,1,0.04,0.03,59,130,prob_noisy,17,125
9,Cycler DC,2.1698108441274906,0.49392142084739654,6.0,0.03919491525423729,0.17385867894130133,0.32000928897352904,0.23843810943523458,0.26769392264993513,0.12630007918572803,0.08829317450604707,0.9175459435461739,0.878628316636978,3,0,5,1,0.04,0.03,59,130,prob_noisy,17,125
10,Meta Mixer: 15 players,2.1681110884855688,0.44600529613124074,7.0,0.6588983050847458,0.2129205405949234,0.23587422926893373,0.21938089628401766,0.3318243338521253,0.5531423331276868,0.36770498556630077,0.5513754994405562,0.3564398224218126,3,0,5,1,0.04,0.03,59,130,prob_noisy,17,125
11,Win-Shift Lose-Stay: D,2.156579351521087,0.518954206120932,6.0,0.045550847457627115,0.2025352965133562,0.31918975451179965,0.22130794904456452,0.2569669999302796,0.038686334875989395,0.9621345761415722,0.956935500813803,0.04405919511285526,3,0,5,1,0.04,0.03,59,130,prob_noisy,17,125
12,Alternator,2.1394639106332396,0.5074428409275175,5.0,0.9735169491525424,0.18569631974110787,0.32172844406137246,0.23524464158763314,0.2573305946098864,0.05119710735700868,0.03987187358533709,0.961584556266667,0.9537155757449647,3,0,5,1,0.04,0.03,59,130,prob_noisy,17,125
13,Random: 0.5,2.129976199649313,0.5027162690218254,6.0,0.4989406779661017,0.20854364049601384,0.2942114246582125,0.20682029430784785,0.2904246405379259,0.4846669270127435,0.5042999154797536,0.5176466311176996,0.5028820772441558,3,0,5,1,0.04,0.03,59,130,prob_noisy,17,125
14,Tit For 2 Tats,2.1129563213374385,0.7778268401209198,1.0,0.9629237288135594,0.5459518025580765,0.22540231447211417,0.06165813639898178,0.16698774657082746,0.9420831620425957,0.7454330524277129,0.9571191904043552,0.38594315387685607,3,0,5,1,0.04,0.03,59,130,prob_noisy,17,125
15,Bully,1.970132220811736,0.5925841748108704,6.0,0.03389830508474576,0.17975068678612882,0.41151122087786984,0.20179710457998062,0.2069409877560207,0.039828979320941746,0.9589355270957303,0.03904994395251179,0.9613451473181194,3,0,5,1,0.04,0.03,59,130,prob_noisy,17,125
16,Cooperator,1.860913323126625,0.9594373778475538,1.0,0.9608050847457628,0.5326114142805985,0.42681995469528783,0.02272067332119923,0.01784795770291442,0.959015581869289,0.9625252608812425,0.9550817223599318,0.9566428281253687,3,0,5,1,0.04,0.03,59,130,prob_noisy,17,125
0,Grudger,2.9526302001464426,0.5361022265486178,6.0,1.0,0.5055148222586409,0.007554806123382813,0.239341395584544,0.24758897603343233,1.0,0.0,0.0,0.0,3,0,5,1,0.0,0.01,52,122,prob_noisy,19,126
1,Evolved HMM 5,2.95217028281803,0.6380360822449856,5.0,1.0,0.5728160581711008,0.05559717036052368,0.22579686169789762,0.14578990977047782,0.9980142140468228,0.5086308277366788,0.00983622521503798,0.19383969844348709,3,0,5,1,0.0,0.01,52,122,prob_noisy,19,126
2,"DoubleCrosser: (D, D)",2.9334447349885355,0.6091331384218103,5.0,1.0,0.5748114677816588,0.026247120676646293,0.21950442286293992,0.17943698867875485,1.0,0.7836253046537205,0.01717557251908397,0.0,3,0,5,1,0.0,0.01,52,122,prob_noisy,19,126
3,Evolved FSM 16,2.9114782306218583,0.6402926637541383,6.0,1.0,0.530843692157259,0.10019368463951761,0.24771215945332464,0.12125046374989873,0.9320274223946665,0.5252964842595079,0.2052398108974929,0.3783363519576682,3,0,5,1,0.0,0.01,52,122,prob_noisy,19,126
4,Meta Winner: 17 players,2.5833376935805736,0.0432748180316839,14.0,1.0,0.026318728816614543,0.017413825411480607,0.3885894746705176,0.5676779711013872,0.5493629055606757,0.37536452919827223,0.01720886464953771,0.020980894841427504,3,0,5,1,0.0,0.01,52,122,prob_noisy,19,126
5,Tit For Tat,2.532978762236401,0.6979288044744815,0.0,1.0,0.5733500941741527,0.13326487558941574,0.129444671379913,0.1639403588565186,1.0,0.0,1.0,0.0,3,0,5,1,0.0,0.01,52,122,prob_noisy,19,126
6,Soft Joss: 0.9,2.504385288288992,0.7456106125634022,0.0,1.0,0.6196390292923862,0.13001401018690106,0.09916565088958113,0.15118130963113155,1.0,0.09610566691786163,1.0,0.09986987051153484,3,0,5,1,0.0,0.01,52,122,prob_noisy,19,126
7,Win-Stay Lose-Shift,2.469345819978196,0.732774275463954,2.0,1.0,0.5795379626023682,0.15555562162122374,0.11328349386532219,0.15162292191108573,1.0,0.0,0.0,1.0,3,0,5,1,0.0,0.01,52,122,prob_noisy,19,126
8,Defector,2.4618964817106352,0.0,16.0,0.0,0.0,0.0,0.35653450457846564,0.6434654954215344,0.0,0.0,0.0,0.0,3,0,5,1,0.0,0.01,52,122,prob_noisy,19,126
9,GTFT: 0.33,2.4126338286818645,0.8147801549137609,0.0,1.0,0.6483914397129009,0.16536530279282483,0.06941019730406806,0.11683306019020605,1.0,0.3373620276235301,1.0,0.32928362083331414,3,0,5,1,0.0,0.01,52,122,prob_noisy,19,126
10,Tit For 2 Tats,2.3507514867963395,0.8222457136237257,0.0,1.0,0.680542089484016,0.1460442709091997,0.03456063144315781,0.13885300816362658,1.0,0.7114309683507309,1.0,0.0,3,0,5,1,0.0,0.01,52,122,prob_noisy,19,126
11,Suspicious Tit For Tat,2.2904480167775123,0.5524442779546732,10.0,0.0,0.3833501576126436,0.15667656258068238,0.16452157802970652,0.29545170177696745,1.0,0.0,1.0,0.0,3,0,5,1,0.0,0.01,52,122,prob_noisy,19,126
12,Meta Mixer: 17 players,2.156937295852759,0.4621751624187906,9.0,0.6826923076923077,0.22246501979860525,0.2374149371584681,0.21046806953020789,0.32965197351271874,0.5689960693584065,0.37713715469884246,0.583049412514855,0.38222571261923116,3,0,5,1,0.0,0.01,52,122,prob_noisy,19,126
13,Cycler DC,2.045170686747797,0.4974267140191416,6.0,0.0,0.181528710843323,0.3158460184557174,0.2305967233675917,0.2720285473333679,0.0,0.0,1.0,1.0,3,0,5,1,0.0,0.01,52,122,prob_noisy,19,126
14,Cooperator,2.0394368734871087,1.0,0.0,1.0,0.6805745466236026,0.31942545337639733,0.0,0.0,1.0,1.0,0.0,0.0,3,0,5,1,0.0,0.01,52,122,prob_noisy,19,126
15,Random: 0.5,2.029906814086261,0.4974241127082113,7.0,0.49145299145299143,0.2053028884747728,0.29238400646994767,0.2083044363041002,0.2940086687511793,0.49851967447133855,0.4967817965678748,0.49907225327912125,0.49723474553308467,3,0,5,1,0.0,0.01,52,122,prob_noisy,19,126
16,Bully,1.9504107235822619,0.5795344830147201,7.0,0.0,0.15664946803768418,0.4295556474666717,0.24817041406827237,0.16562447042737183,0.0,1.0,0.0,1.0,3,0,5,1,0.0,0.01,52,122,prob_noisy,19,126
17,Win-Shift Lose-Stay: D,1.9013524676217992,0.5974804286095292,8.0,0.0,0.1937904253238705,0.405392608795696,0.20294439208156292,0.19787257379887058,0.0,1.0,1.0,0.0,3,0,5,1,0.0,0.01,52,122,prob_noisy,19,126
18,Anti Tit For Tat,1.661709135669125,0.6581149163317939,6.0,1.0,0.16524911178502932,0.48480873567642413,0.19040558117994763,0.15953657135859892,0.0,1.0,0.0,1.0,3,0,5,1,0.0,0.01,52,122,prob_noisy,19,126
0,"DoubleCrosser: (D, D)",2.7289017341040465,0.1699421965317919,4.0,0.9576923076923077,0.09197421076033793,0.07796798577145399,0.4050689195197865,0.4249888839484215,0.6128198152133456,0.4265323518607834,0.10782565246817574,0.05480859699875114,3,0,5,1,0.05,0.0,52,173,prob_noisy,6,127
1,Win-Stay Lose-Shift,2.272832369942196,0.5120497999110716,2.0,0.9576923076923077,0.24888839484215208,0.2631614050689195,0.22690084481991996,0.2610493552690084,0.9497853049522558,0.05306155454436208,0.0492578518626853,0.949447117927012,3,0,5,1,0.05,0.0,52,173,prob_noisy,6,127
2,Meta Mixer: 5 players,2.083815028901734,0.42787905735882614,4.0,0.6807692307692308,0.1924188528234771,0.23546020453534905,0.2427523343708315,0.32936860827034237,0.4786955913529467,0.399927901496942,0.4334207096892008,0.4368230030780388,3,0,5,1,0.05,0.0,52,173,prob_noisy,6,127
3,Cycler DC,1.9115606936416185,0.49846598488216987,2.0,0.038461538461538464,0.1973543797243219,0.30111160515784796,0.20384615384615387,0.2976878612716763,0.0978668135601469,0.09627658655642261,0.9073469514776502,0.905564835539605,3,0,5,1,0.05,0.0,52,173,prob_noisy,6,127
4,Alternator,1.907514450867052,0.5004668741662961,1.5,0.9615384615384616,0.1996665184526456,0.3008003557136505,0.20222321031569584,0.297309915518008,0.045453901802640174,0.04918006800801913,0.9468312629644509,0.9497349388337313,3,0,5,1,0.05,0.0,52,173,prob_noisy,6,127
5,Random: 0.5,1.9028901734104047,0.5039350822587817,1.0,0.5346153846153846,0.20415740329035126,0.29977767896843044,0.19748777234326367,0.2985771453979546,0.4899587435667949,0.5002221591929866,0.503426846379146,0.5107608033944285,3,0,5,1,0.05,0.0,52,173,prob_noisy,6,127
0,Defector,3.240223947814081,0.10724365004703669,9.0,0.1164021164021164,0.06057461930674181,0.04687567506014281,0.5115538172646643,0.3809958883684511,0.12742941819739204,0.1318629327401929,0.10110341255734169,0.09576581654757034,3,0,5,1,0.1,0.08,84,148,prob_noisy,10,128
1,Bully,2.7774657485046865,0.44661607235679385,6.0,0.11243386243386243,0.20429370590407048,0.24323719947795683,0.32876160339747323,0.22370749122049963,0.08075506647001535,0.9122871125291054,0.11040064637989262,0.9136660061916714,3,0,5,1,0.1,0.08,84,148,prob_noisy,10,128
2,Random: 0.5,2.5998632938149067,0.5010683760683761,5.0,0.45634920634920634,0.27882379631456927,0.22184487400619146,0.2744350837681181,0.2248962459111212,0.5030378878662586,0.4954221103798467,0.5030975468449286,0.500587414203753,3,0,5,1,0.1,0.08,84,148,prob_noisy,10,128
3,Alternator,2.476675485008818,0.5172922817376634,4.0,0.8968253968253969,0.31406624516982506,0.2035253522490984,0.24755650343023528,0.23485189915084126,0.09288391162763811,0.09881612708579743,0.8956333361806621,0.90113690886196,3,0,5,1,0.1,0.08,84,148,prob_noisy,10,128
4,Meta Mixer: 9 players,2.399621990780672,0.5466573816155988,4.0,0.6878306878306878,0.3108441999142544,0.2366412063635997,0.24658435267567722,0.20593024104646876,0.5055459612321591,0.58258226406207,0.4927198322929156,0.602206673083648,3,0,5,1,0.1,0.08,84,148,prob_noisy,10,128
5,Anti Tit For Tat,2.3013585442828717,0.5213284582571602,4.0,0.9047619047619048,0.24148053965546026,0.28459909829914215,0.2705700278765431,0.20335033416885448,0.09668781399775425,0.9090165707166944,0.11544193659173956,0.8863540202096731,3,0,5,1,0.1,0.08,84,148,prob_noisy,10,128
6,"DoubleCrosser: (D, D)",2.1935499455165557,0.5600831600831601,3.0,0.9166666666666666,0.3587315819629923,0.2076744115456749,0.24145421665661854,0.19213978983471428,0.788521423114564,0.7022842822760623,0.3176747926006112,0.20130984176546815,3,0,5,1,0.1,0.08,84,148,prob_noisy,10,128
7,GTFT: 0.33,2.167867582415745,0.6887895111291797,1.0,0.8928571428571429,0.4178519310174809,0.2729929780902395,0.15190114229921112,0.15725394859306852,0.8997899120122569,0.36839686972228525,0.9079853965658509,0.3638477930565233,3,0,5,1,0.1,0.08,84,148,prob_noisy,10,128
8,Tit For 2 Tats,2.0427654135987465,0.7224367224367224,1.0,0.906084656084656,0.4374528454716964,0.29230862697830284,0.11790692174383273,0.15233160580616809,0.8952747803286665,0.6583714799595285,0.8912790251652782,0.39752055755210014,3,0,5,1,0.1,0.08,84,148,prob_noisy,10,128
9,Cooperator,1.7544893378226711,0.8993835544875144,1.0,0.9087301587301587,0.46603728122652416,0.4334852684426618,0.05246102140063675,0.04801642893017736,0.9084465167909967,0.880822251094735,0.8998824530799704,0.9176505912025694,3,0,5,1,0.1,0.08,84,148,prob_noisy,10,128
0,Cycler DC,2.95625,0.4103419516263553,11.0,0.06801470588235294,0.22183671212753775,0.18860313899255193,0.41549815731173567,0.17406199156817467,0.1505501134598098,0.13199105628541116,0.8772342477756085,0.8444370894909689,3,0,5,1,0.06,0.07,34,5,prob_noisy,17,129
1,Win-Shift Lose-Stay: D,2.825,0.43308080808080807,9.0,0.05330882352941176,0.23694409148512158,0.19588997221495894,0.3654030089495656,0.20176292735035392,0.08889508777812928,0.9737278648284082,0.9436396407803391,0.15080646696118064,3,0,5,1,0.06,0.07,34,5,prob_noisy,17,129
2,Bully,2.8083333333333336,0.3452430411300374,10.0,0.05514705882352941,0.1722991373553834,0.17159741819470253,0.3861989921246066,0.2699044523253075,0.06249615359902233,0.9227002656317522,0.06224983375420942,0.9403665435835044,3,0,5,1,0.06,0.07,34,5,prob_noisy,17,129
3,Suspicious Tit For Tat,2.7828125,0.5008431703204047,9.0,0.04963235294117647,0.2997247782475817,0.1984496498535212,0.33054004483287147,0.17128552706602562,0.9607936135174941,0.08382851213737652,0.9337568415918914,0.12939679980583868,3,0,5,1,0.06,0.07,34,5,prob_noisy,17,129
4,Alternator,2.7385416666666664,0.5824829931972789,7.0,0.9466911764705882,0.33958518670872895,0.24310782672027365,0.3195046532063895,0.09780233336460786,0.07017903272265955,0.08951229306243998,0.9508716708509507,0.9789274267399268,3,0,5,1,0.06,0.07,34,5,prob_noisy,17,129
5,Random: 0.5,2.6171875,0.5065483734685255,7.0,0.5330882352941176,0.31531706647865254,0.1905687488682304,0.30420475783236994,0.18990942682074724,0.5145765538138397,0.5234226452976453,0.4720244303326037,0.4907187565803126,3,0,5,1,0.06,0.07,34,5,prob_noisy,17,129
6,Meta Mixer: 15 players,2.6057291666666664,0.6569250317662008,5.0,0.6525735294117647,0.44318277404017115,0.2138035457290531,0.2212292733891228,0.12178440684165287,0.7173519228111512,0.49680853419841225,0.7749194434169699,0.5150409135340542,3,0,5,1,0.06,0.07,34,5,prob_noisy,17,129
7,Win-Stay Lose-Shift,2.576041666666667,0.6965721540414727,3.0,0.9448529411764706,0.5118026787993597,0.18167370701888352,0.18633929178150999,0.12018432240024685,0.948194899303182,0.09195286788869676,0.09523751459892764,0.9389439342757421,3,0,5,1,0.06,0.07,34,5,prob_noisy,17,129
8,Evolved FSM 16,2.571875,0.7422203532380152,2.0,0.9393382352941176,0.5418081063709936,0.1997520655520414,0.17792996230497996,0.08050986577198502,0.8070119034493222,0.2632343708340386,0.8429906971536884,0.3142707799965865,3,0,5,1,0.06,0.07,34,5,prob_noisy,17,129
9,Evolved HMM 5,2.54375,0.7591178965224766,3.0,0.9246323529411765,0.5714773041123518,0.18808745672232463,0.1539189265426637,0.08651631262265992,0.8945052950653595,0.4378378070141977,0.4198211272581982,0.3334896584896585,3,0,5,1,0.06,0.07,34,5,prob_noisy,17,129
10,Soft Joss: 0.9,2.484375,0.7677502138579982,1.5,0.9558823529411765,0.5417479201545342,0.22729518139582267,0.16241490319382543,0.06854199525581786,0.9312511707289903,0.19346827752525547,0.9073462301587302,0.25963308028525417,3,0,5,1,0.06,0.07,34,5,prob_noisy,17,129
11,Tit For Tat,2.475,0.7291404612159329,1.0,0.9191176470588235,0.5046420897706324,0.22432620333293088,0.17871438969275494,0.09231731720368164,0.9556040864145354,0.08036645213641012,0.9254693512209491,0.10301018426018427,3,0,5,1,0.06,0.07,34,5,prob_noisy,17,129
12,Meta Winner: 15 players,2.471875,0.6871859296482412,5.0,0.9411764705882353,0.44550781875957624,0.2401945277260881,0.20689195523134374,0.1074056982829919,0.6401268023430433,0.8452295928484758,0.3539941727091869,0.8804935515873016,3,0,5,1,0.06,0.07,34,5,prob_noisy,17,129
13,GTFT: 0.33,2.4625,0.8099137931034482,1.0,0.9430147058823529,0.5802247838621766,0.2309191393039932,0.12929140808336662,0.059564668750463505,0.941455536967396,0.3111810575722904,0.920670505521049,0.5331029185867896,3,0,5,1,0.06,0.07,34,5,prob_noisy,17,129
14,"DoubleCrosser: (D, D)",2.2625,0.9224643755238894,1.0,0.9191176470588235,0.6469638194114631,0.27539166522758124,0.05289868384418854,0.02474583151676718,0.9388652377638861,0.9140529936583925,0.9145833333333333,1.0,3,0,5,1,0.06,0.07,34,5,prob_noisy,17,129
15,Tit For 2 Tats,2.25625,0.893491124260355,1.0,0.9466911764705882,0.6410281635863202,0.2533629492393097,0.06328813901794074,0.04232074815642951,0.9439909632214774,0.7978741149118953,0.9637426900584796,0.6988490675990675,3,0,5,1,0.06,0.07,34,5,prob_noisy,17,129
16,Cooperator,2.234375,0.9371641174038859,1.0,0.9393382352941176,0.6593380107195376,0.2778824942211059,0.04663914297413755,0.016140352085219033,0.9379599732608318,0.9401459077675441,0.9571139971139971,1.0,3,0,5,1,0.06,0.07,34,5,prob_noisy,17,129
0,Evolved HMM 5,2.703538195489517,0.4328189999502793,10.0,0.9689608636977058,0.33585215407421315,0.10465987888099439,0.2941878251308086,0.2653001419139837,0.8403059518132164,0.3765728377657993,0.1417271528726695,0.16585922373640957,3,0,5,1,0.03,0.02,78,88,prob_noisy,20,130
1,Grudger,2.6706580919219816,0.22492356003636063,14.0,0.9676113360323887,0.19098266270583164,0.034694690436199646,0.32894684464254526,0.44537580221542344,0.7053177855563216,0.028333268441051305,0.07467586566135331,0.02725351010183336,3,0,5,1,0.03,0.02,78,88,prob_noisy,20,130
2,Defector,2.647537578983284,0.030761561716086704,18.0,0.033738191632928474,0.012727083211351783,0.018062790835919967,0.3911441886396594,0.5780659373130689,0.07920799265440838,0.041229052820357714,0.03180323440110966,0.029878234605181908,3,0,5,1,0.03,0.02,78,88,prob_noisy,20,130
3,Evolved FSM 16,2.6035662842103857,0.47369197482297404,9.5,0.9784075573549258,0.28963886171059594,0.18201798552987042,0.30410783289309934,0.2242353198664343,0.6160726532933524,0.43360584305847544,0.39059447384702467,0.35550761300811445,3,0,5,1,0.03,0.02,78,88,prob_noisy,20,130
4,"DoubleCrosser: (D, D)",2.5734794254603597,0.4946605099887339,7.0,0.9709851551956815,0.40878047149166435,0.08677912495996573,0.23453563127682825,0.2699047722715416,0.8444383085632303,0.7204468701627395,0.3058506322463452,0.12221567592286035,3,0,5,1,0.03,0.02,78,88,prob_noisy,20,130
5,Meta Winner: 18 players,2.501877964299341,0.09769236954249418,15.0,0.9662618083670715,0.05385677710806611,0.044270522389077346,0.36662383383459207,0.5352488666682644,0.4403943949146498,0.2928679607697118,0.06420608446283943,0.0745259465280291,3,0,5,1,0.03,0.02,78,88,prob_noisy,20,130
6,Tit For Tat,2.3866632359398023,0.5902852329595191,4.0,0.9696356275303644,0.3982689862048798,0.1870107096804051,0.18241535235672512,0.23230495175798996,0.9709322054058687,0.03228378737073939,0.9701807004962573,0.029629355298879917,3,0,5,1,0.03,0.02,78,88,prob_noisy,20,130
7,Suspicious Tit For Tat,2.360063852490525,0.5104842934014826,10.0,0.022941970310391364,0.3247796312827404,0.19164910227187884,0.20561603899700784,0.2779552274483729,0.9611845062393853,0.030993401528630973,0.9712178712249336,0.040953585257314046,3,0,5,1,0.03,0.02,78,88,prob_noisy,20,130
8,Soft Joss: 0.9,2.335192082249385,0.633291488827517,3.0,0.97165991902834,0.4249876830501763,0.20854895740517523,0.16483597041188877,0.20162738913275974,0.9705119441176842,0.12005409572109157,0.9748190495394379,0.15038920663001415,3,0,5,1,0.03,0.02,78,88,prob_noisy,20,130
9,Win-Stay Lose-Shift,2.269499628013011,0.5495888678051866,6.0,0.9689608636977058,0.3077567190144719,0.24375776699199753,0.2111011785458686,0.23738433544766205,0.9702136381796671,0.025316683282106133,0.027870849667848984,0.9723294732771528,3,0,5,1,0.03,0.02,78,88,prob_noisy,20,130
10,GTFT: 0.33,2.249836090712649,0.736224307562425,1.5,0.97165991902834,0.4898880326738072,0.2417517902333009,0.11841454616789121,0.14994563092500057,0.9713613489352031,0.3371517482532016,0.9660131138991875,0.3569116401372098,3,0,5,1,0.03,0.02,78,88,prob_noisy,20,130
11,Meta Mixer: 18 players,2.199299338483047,0.47106648311604177,9.0,0.6862348178137652,0.23079822699286703,0.240167913569755,0.22406940563014574,0.30496445380723225,0.5695822991982703,0.4050118229912969,0.5390361983492497,0.39630140099036326,3,0,5,1,0.03,0.02,78,88,prob_noisy,20,130
12,Tit For 2 Tats,2.191010723026547,0.7738662387376093,1.0,0.9689608636977058,0.5581804504405362,0.21690854805968213,0.06364622385823984,0.16126477764154168,0.9708847913656499,0.7405914433636797,0.9673580265711517,0.4256580718399825,3,0,5,1,0.03,0.02,78,88,prob_noisy,20,130
13,Cycler DC,2.172696264754208,0.49529739472390627,8.0,0.030364372469635626,0.186634884215466,0.30867250288866527,0.24099370697986464,0.26369890591600403,0.09527052408372545,0.08566554843253872,0.9284516155955188,0.8949413716355796,3,0,5,1,0.03,0.02,78,88,prob_noisy,20,130
14,Random: 0.5,2.1452232449528856,0.5008283523908524,8.0,0.5182186234817814,0.21881560065489492,0.2820980607044254,0.21802362613609366,0.2810627125045861,0.5016386661814769,0.4930419516974072,0.5031643110702464,0.4954452550602117,3,0,5,1,0.03,0.02,78,88,prob_noisy,20,130
15,Alternator,2.1216198150349266,0.5061366018869446,7.0,0.9757085020242915,0.1976965671434087,0.30855907094203144,0.23736419138821477,0.256380170526345,0.02857499875134961,0.02904887852706257,0.9708449089722953,0.9704931389907672,3,0,5,1,0.03,0.02,78,88,prob_noisy,20,130
16,Win-Shift Lose-Stay: D,2.0996931404654,0.5551967608084594,8.0,0.033738191632928474,0.20231948358679386,0.34721779872506164,0.2185227829105635,0.2319399347775809,0.03109262450367369,0.9716306865526088,0.9718578702156389,0.03260740220175461,3,0,5,1,0.03,0.02,78,88,prob_noisy,20,130
17,Bully,2.0463689973202284,0.5747685033164773,9.0,0.033738191632928474,0.18858657221632477,0.38157009473927317,0.22140954351056932,0.2084337895338328,0.03224341828639324,0.9671217287525298,0.03408552349550345,0.9693061941451125,3,0,5,1,0.03,0.02,78,88,prob_noisy,20,130
18,Anti Tit For Tat,1.9256738628642185,0.60167745732784,7.0,0.9730094466936572,0.20327647642693206,0.3964338471942143,0.20085531078286933,0.19943436559598435,0.02965654606393776,0.9704028816421904,0.031776935076886344,0.9697383456710351,3,0,5,1,0.03,0.02,78,88,prob_noisy,20,130
19,Cooperator,1.8121623461677003,0.9706319943075231,0.5,0.9662618083670715,0.5520019839803362,0.4185821457160153,0.016599268060433173,0.012816602243215468,0.9691574842092419,0.9711126456726973,0.9596076255387794,0.971905049797947,3,0,5,1,0.03,0.02,78,88,prob_noisy,20,130
0,Grudger,2.7039370319694696,0.2114695340501792,4.0,0.9228395061728395,0.13290801110177036,0.0742809236514323,0.37879611782708805,0.4140149474197093,0.6037089182176695,0.09404536704079036,0.13251986750962189,0.08758395099570904,3,0,5,1,0.09,0.04,54,198,prob_noisy,7,131
1,Meta Winner: 6 players,2.546635686438318,0.23919030570090885,4.0,0.9197530864197531,0.12220775605667404,0.12002496890225724,0.3576084151638454,0.4001588598772234,0.1542646593972294,0.5613890465697141,0.1004335830543011,0.23453876864192544,3,0,5,1,0.09,0.04,54,198,prob_noisy,7,131
2,Bully,2.2515448219252567,0.5370326549929011,3.0,0.08333333333333333,0.1927198912819989,0.3588044169593528,0.22333127212564755,0.2251444196330008,0.08150571946224155,0.9167068698031463,0.0958246196969786,0.9097080323208745,3,0,5,1,0.09,0.04,54,198,prob_noisy,7,131
3,Tit For Tat,2.2098250858376005,0.49068016294284655,1.0,0.8950617283950617,0.2748812689529907,0.21174426886951303,0.18504986699176984,0.32832459518572643,0.9247283724735311,0.0797890569203005,0.9142313079227996,0.09468448550086717,3,0,5,1,0.09,0.04,54,198,prob_noisy,7,131
4,Soft Joss: 0.9,2.0988498998680356,0.5172493901730747,1.0,0.8950617283950617,0.2713955449756218,0.24742926940374266,0.17512909270058463,0.30604609292005086,0.9054814861893222,0.18670271389298995,0.9092297909944996,0.16295920736691288,3,0,5,1,0.09,0.04,54,198,prob_noisy,7,131
5,Win-Stay Lose-Shift,2.026071706839012,0.5539070227497527,1.0,0.9351851851851852,0.27281906899844727,0.2834098699279774,0.17301234235822352,0.2707587187153518,0.9201405180659036,0.08600580994009134,0.10604172547543762,0.9076837999635264,3,0,5,1,0.09,0.04,54,198,prob_noisy,7,131
6,Anti Tit For Tat,1.956480897105897,0.5868661679135495,2.0,0.9074074074074074,0.21475664764722252,0.37989337245970956,0.18265998300682612,0.22268999688624172,0.08346598340434515,0.9065909072907031,0.10763718592681837,0.9138374690242689,3,0,5,1,0.09,0.04,54,198,prob_noisy,7,131
0,Defector,2.8477399793189266,0.06980486823576745,17.0,0.06543385490753911,0.029749617902718028,0.0402155063532699,0.41409811436958277,0.5159367613744292,0.11610212703962704,0.0968134393898999,0.0731462009163103,0.0709413776882484,3,0,5,1,0.07,0.07,37,52,prob_noisy,20,132
1,Grudger,2.559542834819843,0.3249168744804655,11.0,0.9402560455192034,0.23900032678644673,0.08150418678822675,0.3063214628164586,0.3731740236088678,0.6701894876812918,0.06720254216498443,0.14203754044326944,0.06594514375883487,3,0,5,1,0.07,0.07,37,52,prob_noisy,20,132
2,Evolved FSM 16,2.5068664977952904,0.5062410476775118,7.0,0.9473684210526315,0.3047636924867793,0.20183937094752455,0.2681265967118763,0.22527033985381983,0.6282240126541621,0.3712809096672,0.4427798356615495,0.3426062210075559,3,0,5,1,0.07,0.07,37,52,prob_noisy,20,132
3,Cycler DC,2.5035835881811117,0.4824939543686258,9.0,0.05689900426742532,0.20585646643255306,0.27624703543334483,0.27381245987027686,0.2440840382638252,0.1593220582468521,0.12883106540291375,0.8587088283710244,0.8530868807584223,3,0,5,1,0.07,0.07,37,52,prob_noisy,20,132
4,Suspicious Tit For Tat,2.5006279819326664,0.4856858846918489,10.0,0.08108108108108109,0.28304676498442943,0.20664342472211783,0.2404559706556447,0.26985383963780807,0.9469274264964869,0.07654824882830952,0.9333326632014951,0.07541525350649717,3,0,5,1,0.07,0.07,37,52,prob_noisy,20,132
5,Evolved HMM 5,2.4542983689675886,0.47642628701124523,8.0,0.9174964438122333,0.3249628768774048,0.15193927925537984,0.2630004479179822,0.2600973959492331,0.8273897651101361,0.35412212515397595,0.21368921661526255,0.1966498667696283,3,0,5,1,0.07,0.07,37,52,prob_noisy,20,132
6,Win-Shift Lose-Stay: D,2.452246928765847,0.5060749071191887,9.0,0.07112375533428165,0.21316356231579273,0.29299942163076287,0.254429855069779,0.2394071609836653,0.07321370718235624,0.9304327598984922,0.9292323518173438,0.06694036683684915,3,0,5,1,0.07,0.07,37,52,prob_noisy,20,132
7,Meta Winner: 18 players,2.405800717936436,0.2492824492399277,11.0,0.9502133712660028,0.14194188817885117,0.111475660942015,0.32947615302203453,0.41710629785709924,0.4654075042085309,0.4001151478355725,0.12444657719765152,0.14648848228948225,3,0,5,1,0.07,0.07,37,52,prob_noisy,20,132
8,Bully,2.4023178043147086,0.5046709352366957,9.0,0.07823613086770982,0.18772339974054433,0.32244528462878935,0.25817086961612645,0.23166044601453986,0.06965916100096141,0.9373957251411835,0.0711184880189818,0.9281497335486883,3,0,5,1,0.07,0.07,37,52,prob_noisy,20,132
9,Random: 0.5,2.3767771616068827,0.4970491147344203,8.0,0.47652916073968704,0.24118652078986424,0.2561299408775075,0.24151106793074129,0.26117247040188696,0.4938301200372887,0.5017953383835665,0.4972249385051526,0.501891994801315,3,0,5,1,0.07,0.07,37,52,prob_noisy,20,132
10,Win-Stay Lose-Shift,2.3462077800377146,0.5627634419656626,5.0,0.914651493598862,0.3252674314541514,0.24059485988884424,0.2176328046982452,0.2165049039587592,0.9298204574670461,0.07863106536923992,0.0748263247938536,0.9311158756416351,3,0,5,1,0.07,0.07,37,52,prob_noisy,20,132
11,Tit For Tat,2.3390621049431117,0.5841987375279983,3.0,0.9345661450924608,0.36955577038379106,0.2158674772928836,0.19713199762271402,0.2174447547006114,0.9312497208834708,0.06830979430849109,0.9414117186457548,0.06708457365513155,3,0,5,1,0.07,0.07,37,52,prob_noisy,20,132
12,Alternator,2.3236614471576877,0.5154935576615909,7.0,0.9260312944523471,0.23451673707420792,0.2814373472652489,0.25370248577985294,0.23034342988069023,0.06190092491597474,0.07155210962930224,0.9142672755262149,0.9263803824272128,3,0,5,1,0.07,0.07,37,52,prob_noisy,20,132
13,Soft Joss: 0.9,2.3122862549349965,0.6316279069767442,3.0,0.930298719772404,0.4063214219936098,0.2252406719083321,0.1757624474843925,0.19267545861366558,0.9287660506437942,0.16450642656600314,0.9368336470829476,0.18867799002220237,3,0,5,1,0.07,0.07,37,52,prob_noisy,20,132
14,Meta Mixer: 18 players,2.300106326422116,0.5086295459215122,8.0,0.6614509246088194,0.26695153861668947,0.2427308715005596,0.23596368492824493,0.25435390495450594,0.5853064433430486,0.416096597178671,0.5760453809835435,0.41284289223960074,3,0,5,1,0.07,0.07,37,52,prob_noisy,20,132
15,GTFT: 0.33,2.256029058660638,0.7126268540202967,2.0,0.9331436699857752,0.4462321657852659,0.265523607024844,0.13906392605818355,0.14918030113170647,0.9306448301375274,0.3566143247480162,0.9422975589223611,0.36207612380566084,3,0,5,1,0.07,0.07,37,52,prob_noisy,20,132
16,"DoubleCrosser: (D, D)",2.253640765205862,0.6424437299035369,3.0,0.9331436699857752,0.4424715708918132,0.19051021580788577,0.17534754218690177,0.19167067111339922,0.8621960250089445,0.7499536347273469,0.3823509215731291,0.17819358933745985,3,0,5,1,0.07,0.07,37,52,prob_noisy,20,132
17,Anti Tit For Tat,2.185887873736171,0.5627811860940696,7.0,0.914651493598862,0.23279478205577872,0.33123527863089336,0.22262765518593688,0.21334228412739106,0.07070838650825907,0.9323806981172468,0.06126987672393955,0.9328508728029773,3,0,5,1,0.07,0.07,37,52,prob_noisy,20,132
18,Tit For 2 Tats,2.1581513580102034,0.7802914501171915,1.0,0.9416785206258891,0.5197669309213474,0.2588601755453101,0.0855181795485939,0.13585471398474852,0.9281472664141599,0.707068799521422,0.9236186267210855,0.42324280724424157,3,0,5,1,0.07,0.07,37,52,prob_noisy,20,132
19,Cooperator,1.9287781927450358,0.9302907760446755,1.0,0.9260312944523471,0.5305275279790357,0.39967073741144765,0.04095663238161905,0.02884510222789767,0.9256171023502345,0.9288831671838471,0.9523502654557264,0.9432222073981564,3,0,5,1,0.07,0.07,37,52,prob_noisy,20,132
0,Defector,2.5385798890263174,0.010679611650485437,6.0,0.014285714285714285,0.0014828805048620276,0.009324421679736536,0.3524599283797564,0.6367327694356449,0.0,0.0,0.03343872327612165,0.017122165571938203,3,0,5,1,0.01,0.08,10,141,prob_noisy,8,133
1,Cycler DC,2.3915461797330937,0.4742268041237113,2.5,0.014285714285714285,0.14632804877126368,0.32329689809186174,0.2964084073734374,0.23396664576343715,0.08564102564102563,0.0510989010989011,0.9872102841835546,0.8948310948310948,3,0,5,1,0.01,0.08,10,141,prob_noisy,8,133
2,Suspicious Tit For Tat,2.3760272271724134,0.48393378773125606,4.0,0.0,0.30073275568050456,0.18142145636815196,0.22217466948798492,0.2956711184633586,0.9959221883726834,0.11282051282051282,0.9890424987199181,0.011299435028248588,3,0,5,1,0.01,0.08,10,141,prob_noisy,8,133
3,Random: 0.5,2.267584098781578,0.4865134865134865,3.0,0.4714285714285714,0.20431772811472879,0.2852046676239536,0.22581778288474857,0.2846598213765689,0.536737002493305,0.4875606980380804,0.5283631234054166,0.49471919741883447,3,0,5,1,0.01,0.08,10,141,prob_noisy,8,133
4,"DoubleCrosser: (D, D)",2.153792635935493,0.6379310344827587,1.0,0.9714285714285714,0.5332479893555101,0.15381911374311566,0.1034244453585551,0.20950845154281916,0.9859273781321501,0.8465787355523128,0.6808510638297873,0.28085016835016835,3,0,5,1,0.01,0.08,10,141,prob_noisy,8,133
5,GTFT: 0.33,2.0778044551153796,0.7674641148325358,0.0,0.9857142857142858,0.4856532475236236,0.26528502577352003,0.10048576510348164,0.14857596159937478,0.9903955799450167,0.3811287607255349,1.0,0.2825024098708309,3,0,5,1,0.01,0.08,10,141,prob_noisy,8,133
6,Meta Mixer: 7 players,2.043387236190558,0.47518382352941174,3.0,0.5,0.2372086824693683,0.2316751385457567,0.22587109161260574,0.30524508737226924,0.6624383671597293,0.2951346383306209,0.6015528250551292,0.41682443372639216,3,0,5,1,0.01,0.08,10,141,prob_noisy,8,133
7,Win-Stay Lose-Shift,2.017979969765684,0.5809217577706324,1.0,1.0,0.3488020734082646,0.25524899812690555,0.17863362975243197,0.21731529871239785,0.9976470588235294,0.03286372496898813,0.0,0.9871794871794872,3,0,5,1,0.01,0.08,10,141,prob_noisy,8,133
0,Defector,2.859071304210193,0.012236573759347382,8.0,0.008363201911589008,0.004653200209304421,0.007535599319199811,0.4079137512584769,0.5798974492130189,0.1984126984126984,0.0,0.017768141111917123,0.011549188298037989,3,0,5,1,0.01,0.08,93,147,prob_noisy,10,134
1,Suspicious Tit For Tat,2.5642440275773613,0.4515609264853978,5.0,0.007168458781362007,0.23969786436390286,0.22222693046569184,0.26712269020789575,0.27095251496250955,0.9897802965641053,0.009084466318512572,0.9853575292482062,0.016835547660822976,3,0,5,1,0.01,0.08,93,147,prob_noisy,10,134
2,Evolved FSM 16,2.5278619528619526,0.573187549251379,2.0,0.9904420549581839,0.37774963111435045,0.18722459308693992,0.2667409969572423,0.16828477884146734,0.6557048955421979,0.44738647802650433,0.5075193430859218,0.374623087558856,3,0,5,1,0.01,0.08,93,147,prob_noisy,10,134
3,Bully,2.311053689348263,0.5523520485584219,4.0,0.013142174432497013,0.1455989681989582,0.40707985896629945,0.25228017589883933,0.19504099693590304,0.01974040769814979,0.9930409717946608,0.011013369748935147,0.9915884995048498,3,0,5,1,0.01,0.08,93,147,prob_noisy,10,134
4,Meta Winner: 9 players,2.2440682317792544,0.20722760619509104,5.0,0.995221027479092,0.11469279904470381,0.09477300770751793,0.2958692467527674,0.49466494649501097,0.5524839620030535,0.3728545270188104,0.13269043751013163,0.05948680235671264,3,0,5,1,0.01,0.08,93,147,prob_noisy,10,134
5,Tit For Tat,2.237233445566779,0.5846705870626931,0.0,0.989247311827957,0.3888314123575642,0.20102210244936053,0.16765392890944722,0.2424925562836281,0.9925040420544131,0.03287482176378812,0.9926772773915066,0.00952834926519137,3,0,5,1,0.01,0.08,93,147,prob_noisy,10,134
6,"DoubleCrosser: (D, D)",2.234844711102451,0.6196937746401393,1.0,0.991636798088411,0.46871074549368275,0.16130146097993878,0.17684676077353637,0.1931410327528421,0.9090619689663829,0.8624863299224027,0.47894430319475645,0.18982521910044978,3,0,5,1,0.01,0.08,93,147,prob_noisy,10,134
7,Soft Joss: 0.9,2.1800144300144297,0.6364067089927035,0.0,0.9904420549581839,0.4228757382096286,0.21737661469621278,0.1438921874908513,0.2158554596033074,0.9905318769839351,0.10095780987276683,0.9926947854900653,0.13011717834414327,3,0,5,1,0.01,0.08,93,147,prob_noisy,10,134
8,Alternator,2.06951590342395,0.5191922867018374,2.0,0.992831541218638,0.18867582828333285,0.33066540261791355,0.20620446223670144,0.27445430686205224,0.013331112380703721,0.008866089970642421,0.9911551786122188,0.9947422888272881,3,0,5,1,0.01,0.08,93,147,prob_noisy,10,134
9,Anti Tit For Tat,1.774124350594939,0.6908811376957816,2.0,0.989247311827957,0.18908640307438113,0.4994320209943636,0.14411339079768024,0.1673681851335749,0.009389416384750408,0.9896127621324271,0.005711627152430064,0.9927425604080464,3,0,5,1,0.01,0.08,93,147,prob_noisy,10,134
0,Win-Stay Lose-Shift,3.083333333333333,0.6859649122807018,1.0,0.9042553191489362,0.6302278555928191,0.05723515486289209,0.2554991122509371,0.057037877293351746,0.9128391082460381,0.14285714285714285,0.054617117117117114,0.9411764705882353,3,0,5,1,0.09,0.1,47,10,prob_noisy,3,135
1,Meta Mixer: 2 players,2.9,0.8370883882149047,1.0,0.9042553191489362,0.7044518320445183,0.13466912384669125,0.11743272867432729,0.04344631543446315,0.8825295884119414,0.5877976190476191,0.7291666666666666,0.9411764705882353,3,0,5,1,0.09,0.1,47,10,prob_noisy,3,135
2,Cooperator,2.55,0.9048414023372288,0.0,0.9042553191489362,0.6485483007760235,0.25614351975738114,0.07511595754170011,0.02019222192489519,0.9019622362088116,0.9625563063063063,0.8095238095238095,0.8125,3,0,5,1,0.09,0.1,47,10,prob_noisy,3,135
0,Defector,2.6660747675471983,0.09052953865423422,17.0,0.08436532507739938,0.03701952263564359,0.05340052242296776,0.3910281482272843,0.5185518067141043,0.09252783771297793,0.08673931497158395,0.09419781114745984,0.08819707773950604,3,0,5,1,0.09,0.03,68,165,prob_noisy,20,136
1,Grudger,2.5472872866895666,0.1902673645494412,15.0,0.9109907120743034,0.12230426144361506,0.07048846616470275,0.34597829702227384,0.4612289753694084,0.5649960548324745,0.09043506700881246,0.12645210995943232,0.08568654556928401,3,0,5,1,0.09,0.03,68,165,prob_noisy,20,136
2,Meta Winner: 18 players,2.505533631689439,0.1636608836773412,15.0,0.9148606811145511,0.08280516510079892,0.08177481096220589,0.35441638281423166,0.48100364112276345,0.35380980545374,0.25491942836231624,0.11930283170812532,0.1178874618216243,3,0,5,1,0.09,0.03,68,165,prob_noisy,20,136
3,Evolved HMM 5,2.4890224302881743,0.366424141803799,10.0,0.901702786377709,0.22251402598371656,0.146900934136306,0.3065576858394481,0.32402735404052935,0.7385303380743697,0.3524667113828959,0.18633620086762304,0.21251911269231893,3,0,5,1,0.09,0.03,68,165,prob_noisy,20,136
4,Evolved FSM 16,2.4588372323852203,0.38491430157518564,10.0,0.9047987616099071,0.20132316197782724,0.18505437070572417,0.30803997973964226,0.3055824875768063,0.55026994073555,0.3808767890837126,0.30474569969123416,0.29694510787876777,3,0,5,1,0.09,0.03,68,165,prob_noisy,20,136
5,Suspicious Tit For Tat,2.398958687416312,0.4791484535595303,9.0,0.08823529411764706,0.27401649858972665,0.2130591686047806,0.22494327220213176,0.287981060603361,0.9113344953535809,0.08550003155258494,0.9151465003527595,0.09981471962332374,3,0,5,1,0.09,0.03,68,165,prob_noisy,20,136
6,"DoubleCrosser: (D, D)",2.377368425518749,0.42230423306286047,7.0,0.9156346749226006,0.2872318602534889,0.13242703404899192,0.2542520591576531,0.32608904653986603,0.7648990080948458,0.59674693820517,0.25271003222083077,0.11710051421875878,3,0,5,1,0.09,0.03,68,165,prob_noisy,20,136
7,Tit For Tat,2.2767867747631465,0.5178071797790108,6.0,0.8939628482972136,0.3122735543284566,0.2133340682159033,0.20508732271626887,0.2693050547393712,0.90982880392877,0.08964925724432075,0.9071623301717424,0.08807629843550283,3,0,5,1,0.09,0.03,68,165,prob_noisy,20,136
8,Soft Joss: 0.9,2.25103556592476,0.5671121580693236,4.0,0.9140866873065016,0.33373252614877297,0.23568576993119209,0.19050807844239626,0.2400736254776386,0.913761767018864,0.16937122851028805,0.9120030117316196,0.16778182206449022,3,0,5,1,0.09,0.03,68,165,prob_noisy,20,136
9,Meta Mixer: 18 players,2.2263043808054315,0.4745311441717075,8.0,0.6702786377708978,0.22872957942070907,0.24634805585236808,0.23071002402270996,0.29421234070421287,0.552653686998693,0.4203849543915132,0.5247817853000996,0.41405992936181446,3,0,5,1,0.09,0.03,68,165,prob_noisy,20,136
10,Cycler DC,2.215927344451949,0.4916882867300855,8.0,0.09520123839009288,0.201338268442332,0.29009631929950536,0.24107909201407382,0.26748632024408886,0.19873798882317067,0.16915215328026031,0.8290528079004996,0.8009255574243225,3,0,5,1,0.09,0.03,68,165,prob_noisy,20,136
11,Win-Stay Lose-Shift,2.2011464934787175,0.5240042509934387,7.0,0.9063467492260062,0.2563636631010523,0.26670402029775975,0.22114117263109817,0.25579114397008973,0.9103802284187379,0.09191124016532953,0.09045112528479017,0.9071467518109748,3,0,5,1,0.09,0.03,68,165,prob_noisy,20,136
12,Random: 0.5,2.199671904459376,0.4996041367707457,8.0,0.4914860681114551,0.22334311311934626,0.27587015284903577,0.22505428795299057,0.2757324460786275,0.49672887359839296,0.4951624760640467,0.4963133929995216,0.5012687024309395,3,0,5,1,0.09,0.03,68,165,prob_noisy,20,136
13,Win-Shift Lose-Stay: D,2.1990495357937476,0.5214031472461597,8.0,0.09210526315789473,0.20754233058101368,0.3145904615367512,0.2270203572572804,0.2508468506249547,0.0867619543552008,0.9111444310713042,0.9158085500021628,0.08872186978659719,3,0,5,1,0.09,0.03,68,165,prob_noisy,20,136
14,GTFT: 0.33,2.1738379688434293,0.6667450832784417,2.0,0.9117647058823529,0.379841461794404,0.28236395118006974,0.1521997835129991,0.18559480351252725,0.9121862705466541,0.367929400355655,0.9002563327621019,0.355527736800491,3,0,5,1,0.09,0.03,68,165,prob_noisy,20,136
15,Alternator,2.1547030841907118,0.5074538007239474,7.0,0.9226006191950464,0.21060390437336096,0.29695570806529314,0.23561760963848494,0.256822777922861,0.08472256733688009,0.09052434848283462,0.9128269590965069,0.9065660283723879,3,0,5,1,0.09,0.03,68,165,prob_noisy,20,136
16,Bully,2.1396688813200333,0.5400775617996241,9.0,0.07894736842105263,0.1995915377824182,0.34428561811271624,0.22893973200752563,0.2271831120973399,0.08868959066650006,0.9120052744797361,0.08577103829208864,0.913949770358854,3,0,5,1,0.09,0.03,68,165,prob_noisy,20,136
17,Tit For 2 Tats,2.089863064721499,0.7136621865040875,1.0,0.913312693498452,0.4456632526963408,0.2634690030696783,0.10303716541239963,0.18783057882158122,0.9096786959877384,0.6554804068096378,0.9123582566459685,0.3183916899386067,3,0,5,1,0.09,0.03,68,165,prob_noisy,20,136
18,Anti Tit For Tat,2.076877433611175,0.56761058583171,7.0,0.9063467492260062,0.2171078285218408,0.35230084003218765,0.21097529940842621,0.21961603203754526,0.08587473918461941,0.906831458670499,0.08385210615012816,0.9109697763250851,3,0,5,1,0.09,0.03,68,165,prob_noisy,20,136
19,Cooperator,1.802358713936176,0.9080559575494452,1.0,0.9086687306501547,0.46957634784743235,0.43871334350205266,0.047236868970873536,0.04447343967964155,0.9082696830462178,0.9079890158601125,0.9010475303953128,0.9100677145393636,3,0,5,1,0.09,0.03,68,165,prob_noisy,20,136
0,Defector,2.6949945252641334,0.06141859215475551,16.0,0.060109289617486336,0.024825542465634325,0.0370787848001903,0.3759612065273825,0.562134466206793,0.08004891277639965,0.10297148636034556,0.0577130742872903,0.06000459365751915,3,0,5,1,0.06,0.06,61,110,prob_noisy,19,137
1,Grudger,2.5401740054665587,0.3082107843137255,11.0,0.9316939890710383,0.2235605251710986,0.07353302993686081,0.2949137239498374,0.40799272094220335,0.7378753922857192,0.06150250560642675,0.12500446166382523,0.05969727427173552,3,0,5,1,0.06,0.06,61,110,prob_noisy,19,137
2,Suspicious Tit For Tat,2.5187722608191345,0.4858154036290096,10.0,0.05555555555555555,0.2854602616196426,0.2028408277043667,0.23734470719988188,0.2743542034761087,0.934033810800029,0.060185421270665146,0.9443210362676397,0.059495431622240705,3,0,5,1,0.06,0.06,61,110,prob_noisy,19,137
3,Evolved FSM 16,2.472177898449828,0.5205284218604396,7.0,0.9207650273224044,0.32548515616790735,0.19514124419931844,0.24871666155231167,0.2306569380804625,0.6403890026104536,0.3930437803506734,0.43779072204725683,0.3482111677637637,3,0,5,1,0.06,0.06,61,110,prob_noisy,19,137
4,Meta Winner: 17 players,2.454541239282941,0.20826516071145829,12.0,0.9398907103825137,0.11881573793246981,0.09237555630882897,0.3283597364110781,0.46044896934762314,0.4731316341338856,0.34206839452503623,0.10494074462760133,0.13360473093398137,3,0,5,1,0.06,0.06,61,110,prob_noisy,19,137
5,Evolved HMM 5,2.443010693010693,0.47488609242785856,7.0,0.9326047358834244,0.3308680768716201,0.1420688335223366,0.2480930148230006,0.27897007478304264,0.8396008332485413,0.3692527167219047,0.18135968260106267,0.19624248919830803,3,0,5,1,0.06,0.06,61,110,prob_noisy,19,137
6,"DoubleCrosser: (D, D)",2.3838613093515053,0.58487604200498,4.0,0.9435336976320583,0.43817078408068616,0.15179977993215263,0.17951061467395066,0.23051882131321064,0.8641917634622565,0.7223030547989882,0.36737026541153894,0.1318309293019371,3,0,5,1,0.06,0.06,61,110,prob_noisy,19,137
7,Cycler DC,2.378109001135317,0.4863059452237809,8.0,0.06648451730418943,0.19097599009394395,0.2951584153120381,0.2670446460288627,0.24682094856515516,0.15428798460302173,0.12245805827058083,0.89886426417503,0.8468829660318558,3,0,5,1,0.06,0.06,61,110,prob_noisy,19,137
8,Win-Stay Lose-Shift,2.3667750991026852,0.5643868326795156,5.0,0.9398907103825137,0.32740561956749553,0.24255694407552386,0.21064016563049928,0.21939727072648132,0.9425685846491114,0.06205261054764209,0.07276531648464996,0.9422608725308774,3,0,5,1,0.06,0.06,61,110,prob_noisy,19,137
9,Tit For Tat,2.340896592640779,0.5911842394893242,4.0,0.936247723132969,0.399166470601153,0.20335887120916857,0.19131535328389868,0.20615930490577972,0.9399721351328778,0.06039728699025552,0.944214878534111,0.05731899568129838,3,0,5,1,0.06,0.06,61,110,prob_noisy,19,137
10,Soft Joss: 0.9,2.3389010012749756,0.6277318536972031,3.0,0.936247723132969,0.4063786291960986,0.22053649451301802,0.17714069288066406,0.19594418341021932,0.9311292968087432,0.13909987292860557,0.9220466989435275,0.1746205308066849,3,0,5,1,0.06,0.06,61,110,prob_noisy,19,137
11,Random: 0.5,2.3083952468240394,0.5000289771080846,7.0,0.5027322404371585,0.23364317178058316,0.2664525962613793,0.23288875768591438,0.2670154742721231,0.5006029686100212,0.5036862585653235,0.514772501258047,0.49963145564401784,3,0,5,1,0.06,0.06,61,110,prob_noisy,19,137
12,Meta Mixer: 17 players,2.30650038332834,0.4959586517842415,7.0,0.6238615664845173,0.26266801735809286,0.23265945394196208,0.22488007327708429,0.2797924554228608,0.6158386360535724,0.4035142013810115,0.5887373109807471,0.37012545637131233,3,0,5,1,0.06,0.06,61,110,prob_noisy,19,137
13,Bully,2.2919067885536415,0.5468289700405758,9.0,0.061930783242258654,0.19179438402800367,0.34722508711435396,0.22884964958641044,0.23213087927123188,0.05866604780917141,0.9362441964634779,0.055383238780195146,0.9430980842590052,3,0,5,1,0.06,0.06,61,110,prob_noisy,19,137
14,Win-Shift Lose-Stay: D,2.291190070356737,0.521729587357331,7.0,0.061930783242258654,0.20957910156142964,0.31267615451134,0.24704297235873332,0.23070177156849705,0.054519691525942604,0.945571648807262,0.9393845670544348,0.06419884282766641,3,0,5,1,0.06,0.06,61,110,prob_noisy,19,137
15,Alternator,2.281606946886833,0.5140273465163153,7.0,0.9398907103825137,0.2104502487683628,0.303866526741123,0.26065614877298693,0.22502707571752734,0.05758312409743614,0.056161316543578726,0.9348104797939738,0.9438183259714246,3,0,5,1,0.06,0.06,61,110,prob_noisy,19,137
16,GTFT: 0.33,2.2369827556342563,0.7145192045764097,2.0,0.941712204007286,0.44852892834309543,0.26288902757586385,0.13574474652697716,0.1528372975540636,0.9375615609935757,0.34257308530278685,0.9447599875163584,0.36979605307890884,3,0,5,1,0.06,0.06,61,110,prob_noisy,19,137
17,Tit For 2 Tats,2.2128901878852965,0.7757910767668791,1.0,0.9253187613843351,0.5412377578976341,0.24089051231523906,0.07998625395983433,0.13788547582729244,0.941479388826466,0.7356117334274267,0.9372395532794022,0.4299758904031535,3,0,5,1,0.06,0.06,61,110,prob_noisy,19,137
18,Cooperator,1.9942026225694955,0.9411546610169491,1.0,0.9499089253187614,0.5580249017116302,0.3823177103707016,0.03633672521645743,0.023320662701210738,0.9407266362391317,0.9391442267844499,0.9494729128566866,0.93721500682285,3,0,5,1,0.06,0.06,61,110,prob_noisy,19,137
0,Grudger,2.3875,0.5300705101617587,2.0,0.96,0.47538523728676535,0.06089267246492351,0.10105340079831453,0.3626686894499967,0.9635861616496899,0.09090909090909091,0.22778978665606572,0.0348646923203448,3,0,5,1,0.03,0.04,40,16,prob_noisy,6,138
1,Tit For 2 Tats,2.31875,0.7618061309030655,0.0,0.97,0.6140723403910423,0.14101792569818367,0.03873552728389425,0.20617420662687982,0.9710596524086099,0.6696215186191254,0.975,0.07339942666029622,3,0,5,1,0.03,0.04,40,16,prob_noisy,6,138
2,Soft Joss: 0.9,2.2633928571428577,0.6890114552397115,0.0,0.965,0.5708902341958723,0.11977622205377199,0.05396645420191838,0.25536708954843734,0.9811495935484447,0.1734147334147334,0.9961538461538462,0.1278103766565985,3,0,5,1,0.03,0.04,40,16,prob_noisy,6,138
3,Win-Stay Lose-Shift,2.2106818181818184,0.7057094878253568,1.0,0.965,0.5060902423282286,0.20624297365487299,0.09309957167165406,0.19456721234524438,0.9550671627112628,0.025091384373563366,0.04317813888709411,0.9523074684938271,3,0,5,1,0.03,0.04,40,16,prob_noisy,6,138
4,Meta Mixer: 5 players,2.2101136363636362,0.4659907055344318,2.0,0.77,0.3137461963350338,0.1495272479632896,0.16098306055800213,0.37574349514367456,0.7993527282689196,0.2504693552061973,0.6019264341224414,0.17803034342456553,3,0,5,1,0.03,0.04,40,16,prob_noisy,6,138
5,Defector,2.0965384615384615,0.027048849414614454,5.0,0.035,0.0068357926737212275,0.02021945184196778,0.24983847916322613,0.7231062763210849,0.0,0.0,0.0320619398132773,0.02685346496020364,3,0,5,1,0.03,0.04,40,16,prob_noisy,6,138
0,Grudger,2.4196274449950916,0.3372274143302181,3.0,0.9976359338061466,0.2957830606512839,0.06206434215975154,0.23063889916691327,0.4115136980220513,0.7912275314115685,0.0465130023640662,0.11040205509352516,0.01174894671221936,3,0,5,1,0.01,0.09,47,95,prob_noisy,10,139
1,Win-Stay Lose-Shift,2.407784481313893,0.6018641810918774,1.0,0.983451536643026,0.3906766535399986,0.21379516253909248,0.21985077268995137,0.17567741123095748,0.9919523317224826,0.0188806212944144,0.008329969078595683,0.9956896380554932,3,0,5,1,0.01,0.09,47,95,prob_noisy,10,139
2,Defector,2.277883597883598,0.00824053452115813,7.0,0.01182033096926714,0.0023134213658989686,0.005770624515127072,0.25969827961899966,0.7322176744999742,0.0,0.0,0.012401820661166458,0.008482232900169041,3,0,5,1,0.01,0.09,47,95,prob_noisy,10,139
3,Soft Joss: 0.9,2.219855193539404,0.6805782233620891,0.0,0.9976359338061466,0.4238814265942548,0.24677720725252053,0.16988900925627012,0.15945235689695458,0.9923304483579012,0.11603142072630325,0.9941767676767677,0.258155404875728,3,0,5,1,0.01,0.09,47,95,prob_noisy,10,139
4,Tit For Tat,2.198415781749115,0.5809563758389261,0.0,0.9858156028368794,0.3735264704094318,0.2282544003154132,0.1889896867239353,0.20922944255121967,0.9939235455899372,0.0122894925913956,0.9899962343322907,0.02066474216396132,3,0,5,1,0.01,0.09,47,95,prob_noisy,10,139
5,Suspicious Tit For Tat,2.1148148148148147,0.3024139472507823,3.0,0.009456264775413711,0.09143511988301439,0.22651174969240273,0.2603885345573124,0.4216645958672705,0.993078626799557,0.015193568939512144,0.9606460588121417,0.012946566454958591,3,0,5,1,0.01,0.09,47,95,prob_noisy,10,139
6,Meta Mixer: 9 players,2.078257609836557,0.3809421841541756,3.0,0.5106382978723404,0.1576165644394645,0.22272777950361253,0.23228298353650137,0.38737267252042157,0.6045806652437131,0.21401817009657234,0.6417163925620417,0.23446215944250925,3,0,5,1,0.01,0.09,47,95,prob_noisy,10,139
7,Random: 0.5,1.9782285217769089,0.4942263279445728,3.0,0.5130023640661938,0.20306672777222456,0.2909101286956636,0.20127329560233073,0.3047498479297811,0.4909766258685646,0.4731466520093255,0.4897724641432309,0.5085673957606567,3,0,5,1,0.01,0.09,47,95,prob_noisy,10,139
8,Cycler DC,1.9737195001183525,0.47580138277812695,2.0,0.0070921985815602835,0.10157202448149762,0.37361099109950385,0.2789265524572462,0.24589043196175225,0.24936974789915964,0.022439306965099215,0.9903049333529006,0.8849992671155732,3,0,5,1,0.01,0.09,47,95,prob_noisy,10,139
9,Win-Shift Lose-Stay: D,1.8250606991986302,0.49774774774774777,2.0,0.016548463356973995,0.14000757914612974,0.3588331453876959,0.18731751755132311,0.3138417579148512,0.017828850011746947,0.9875831822390568,0.9890356372162462,0.014790936463268067,3,0,5,1,0.01,0.09,47,95,prob_noisy,10,139
0,Grudger,2.7779439696106363,0.2947960350743424,6.0,0.9076023391812865,0.19825317932596812,0.09452886402189803,0.386212838496637,0.3210051181554968,0.6461164264323022,0.08815438877760194,0.1466702134352126,0.08982512543022174,3,0,5,1,0.09,0.08,95,56,prob_noisy,10,140
1,Evolved HMM 5,2.5321855921855922,0.39308063650992314,4.0,0.9087719298245615,0.2327581473634647,0.15954322907331842,0.33220225706670964,0.2754963664965072,0.7203097173202546,0.36418896287083513,0.1953719321289712,0.19798068541845537,3,0,5,1,0.09,0.08,95,56,prob_noisy,10,140
2,Evolved FSM 16,2.461545111871909,0.4493852269575668,4.0,0.9181286549707602,0.2569524779452718,0.1905816847590019,0.29976827328392186,0.2526975640118044,0.6445799118244923,0.3289929241274973,0.3184071890288004,0.33552868591891105,3,0,5,1,0.09,0.08,95,56,prob_noisy,10,140
3,Bully,2.3007512244663944,0.5264245910479957,4.0,0.07953216374269007,0.18737065218740498,0.3441741687188964,0.2246001428153565,0.24385503627834204,0.07952874639958939,0.9012040532143472,0.08731936713570557,0.9118881839859578,3,0,5,1,0.09,0.08,95,56,prob_noisy,10,140
4,Win-Shift Lose-Stay: D,2.299792960662526,0.5208685592239922,4.0,0.09824561403508772,0.17786964666170474,0.3459452667772177,0.23064123778245196,0.24554384877862562,0.09060104616486626,0.9089199721440124,0.912046629093633,0.07862513848030941,3,0,5,1,0.09,0.08,95,56,prob_noisy,10,140
5,Win-Stay Lose-Shift,2.2627470757905543,0.5548677546426561,2.0,0.9146198830409357,0.29131419176783974,0.2624479504870123,0.20730404702911162,0.2389338107160363,0.9064420298182845,0.08718694818018222,0.08759414932932628,0.9098764584704221,3,0,5,1,0.09,0.08,95,56,prob_noisy,10,140
6,Soft Joss: 0.9,2.22778379028379,0.575523499302001,1.0,0.895906432748538,0.3175382759419223,0.2619070001126914,0.19464041829685316,0.22591430564853304,0.909626302870351,0.17929445603393773,0.8980802603731597,0.18327410391171334,3,0,5,1,0.09,0.08,95,56,prob_noisy,10,140
7,Meta Winner: 9 players,2.212522045855379,0.41213966320997053,3.0,0.9134502923976608,0.19755909710256803,0.21677848858684132,0.28675077652405173,0.298911637786539,0.4508275241901793,0.672640141613063,0.15396754364392137,0.3055818355547244,3,0,5,1,0.09,0.08,95,56,prob_noisy,10,140
8,Alternator,2.18369341563786,0.5164943377646479,2.0,0.9029239766081871,0.2400229326495898,0.27663826247734835,0.18368173606486224,0.29965706880819964,0.07989348976774863,0.08617602180522071,0.9055790672341809,0.9061118514870208,3,0,5,1,0.09,0.08,95,56,prob_noisy,10,140
9,Anti Tit For Tat,1.9924603174603175,0.5950732715993886,3.0,0.9029239766081871,0.23368409367277648,0.36578023238438734,0.1725234200386574,0.22801225390417862,0.09526454837085588,0.9101865202485231,0.08672922643938935,0.8996074350594131,3,0,5,1,0.09,0.08,95,56,prob_noisy,10,140
0,Evolved HMM 5,2.5257796253323495,0.4828774062816616,3.0,0.9102564102564102,0.347601813348401,0.13231666613982798,0.2365619474351273,0.2835195730766437,0.8609404556784023,0.3378882124760332,0.2510090973184446,0.2073789239022596,3,0,5,1,0.09,0.02,78,39,prob_noisy,8,141
1,Grudger,2.4990221088435374,0.27538890021058354,6.0,0.9084249084249084,0.20025356351150042,0.07513519441085002,0.2831443798115733,0.4414668622660763,0.7304636385666807,0.09396520215349587,0.14520009953434607,0.09530292518472315,3,0,5,1,0.09,0.02,78,39,prob_noisy,8,141
2,Suspicious Tit For Tat,2.461449194293487,0.5373769619579676,4.0,0.08241758241758242,0.34716184295806995,0.1900507665436532,0.21834882750340948,0.24443856299486746,0.911307151620847,0.08806800515340527,0.9171697054765738,0.07619762138216565,3,0,5,1,0.09,0.02,78,39,prob_noisy,8,141
3,Soft Joss: 0.9,2.4532574568288856,0.6380197751591494,2.0,0.9194139194139194,0.4384505819640486,0.19861366712602296,0.17587067103097243,0.18706507987895588,0.9069586032212514,0.17656829764117768,0.9170418982187086,0.15585177982600942,3,0,5,1,0.09,0.02,78,39,prob_noisy,8,141
4,Tit For Tat,2.452844196927389,0.5914440624173499,3.0,0.891941391941392,0.4061403553994803,0.18277537034036137,0.19048400486907993,0.2206002693910784,0.9053592408343137,0.0867786118005258,0.9178707942912983,0.0874734887259443,3,0,5,1,0.09,0.02,78,39,prob_noisy,8,141
5,Win-Stay Lose-Shift,2.370918936136327,0.5563135275257521,3.0,0.9157509157509157,0.3346758385919846,0.22268710173380005,0.2191743007252888,0.22346275894892653,0.9057185888447987,0.08164181959854366,0.0846318222826689,0.9099132828453359,3,0,5,1,0.09,0.02,78,39,prob_noisy,8,141
6,GTFT: 0.33,2.3697340132634253,0.7157937474624442,1.0,0.9157509157509157,0.4943616225440272,0.22167278623091696,0.13746329265121873,0.14650229857383723,0.9040880475737667,0.3653023982654936,0.9184232274322442,0.3687631693810636,3,0,5,1,0.09,0.02,78,39,prob_noisy,8,141
7,Cooperator,2.2237032530133645,0.9076943717716509,0.0,0.9047619047619048,0.6085866944588976,0.2991108134563346,0.061314941955097305,0.030987550129670482,0.909272534519942,0.9073070223664532,0.9089906172227126,0.9056939872624012,3,0,5,1,0.09,0.02,78,39,prob_noisy,8,141
0,Evolved HMM 5,3.109569892473118,0.7851819377466024,2.0,0.9901960784313726,0.7534982206612044,0.026875895784192194,0.17000220920275497,0.049623674351848494,0.9607551786693036,0.45795454545454545,0.267666479128573,0.17311111111111113,3,0,5,1,0.01,0.05,17,117,prob_noisy,7,142
1,"DoubleCrosser: (D, D)",3.0,0.8257998984255968,0.0,0.9901960784313726,0.8175632707033335,0.03665685146400719,0.13207272846262272,0.013707149370036496,0.953679840285475,0.8985760971055088,0.8361970217640321,0.0,3,0,5,1,0.01,0.05,17,117,prob_noisy,7,142
2,Evolved FSM 16,2.9871794871794872,0.8350332594235034,1.0,0.9803921568627451,0.7508227198673011,0.052717659769611534,0.16946651751432004,0.02699310284876735,0.9292987948349811,0.5541666666666667,0.7953626496246704,0.39351851851851855,3,0,5,1,0.01,0.05,17,117,prob_noisy,7,142
3,Tit For 2 Tats,2.7504578754578755,0.9122715404699739,0.0,0.9803921568627451,0.8412087436640948,0.08524356155438935,0.03850155805542951,0.0350461367260862,0.9907241115377486,0.8550569800569799,1.0,0.527027027027027,3,0,5,1,0.01,0.05,17,117,prob_noisy,7,142
4,GTFT: 0.33,2.7494318181818183,0.8794701986754967,0.0,0.9803921568627451,0.8159183733461322,0.08784510089717817,0.046500875124381245,0.049735650632308386,0.9905682075088205,0.3429458041958042,0.997716894977169,0.5254347826086956,3,0,5,1,0.01,0.05,17,117,prob_noisy,7,142
5,Soft Joss: 0.9,2.7447488584474886,0.9062011464304325,0.0,0.9901960784313726,0.7976662064446761,0.08363707174517504,0.0596284819956932,0.05906823981445581,0.9902112674688494,0.1712162911759686,0.9633699633699634,0.1717171717171717,3,0,5,1,0.01,0.05,17,117,prob_noisy,7,142
6,Anti Tit For Tat,2.35218253968254,0.6212264150943396,4.0,0.9901960784313726,0.15803356783892028,0.4709802589515913,0.22778402981094306,0.14320214339854542,0.021739130434782608,0.9915415651346854,0.00641025641025641,0.9920509442248573,3,0,5,1,0.01,0.05,17,117,prob_noisy,7,142
0,Bully,4.0,0.041666666666666664,6.0,0.041666666666666664,0.026785714285714284,0.01488095238095238,0.7648809523809524,0.19345238095238093,0,0,0,0,3,0,5,1,0.03,0.0,42,1,prob_noisy,9,143
1,Win-Shift Lose-Stay: D,4.0,0.02976190476190476,6.0,0.02976190476190476,0.017857142857142856,0.011904761904761904,0.7321428571428571,0.23809523809523808,0,0,0,0,3,0,5,1,0.03,0.0,42,1,prob_noisy,9,143
2,Random: 0.5,3.0,0.4880952380952381,3.0,0.4880952380952381,0.3482142857142857,0.13988095238095238,0.3452380952380952,0.16666666666666669,0,0,0,0,3,0,5,1,0.03,0.0,42,1,prob_noisy,9,143
3,Meta Mixer: 8 players,2.5,0.6904761904761905,2.0,0.6904761904761905,0.43154761904761907,0.25892857142857145,0.23809523809523808,0.07142857142857142,0,0,0,0,3,0,5,1,0.03,0.0,42,1,prob_noisy,9,143
4,Grudger,2.25,0.9851190476190477,0.0,0.9851190476190477,0.6547619047619048,0.33035714285714285,0.01488095238095238,0.0,0,0,0,0,3,0,5,1,0.03,0.0,42,1,prob_noisy,9,143
5,Alternator,1.9375,0.9642857142857143,0.0,0.9642857142857143,0.6130952380952381,0.3511904761904763,0.014880952380952382,0.020833333333333336,0,0,0,0,3,0,5,1,0.03,0.0,42,1,prob_noisy,9,143
6,Anti Tit For Tat,1.875,0.9642857142857143,0.0,0.9642857142857143,0.6011904761904763,0.3630952380952381,0.02380952380952381,0.011904761904761906,0,0,0,0,3,0,5,1,0.03,0.0,42,1,prob_noisy,9,143
7,"DoubleCrosser: (D, D)",1.875,0.9553571428571429,0.0,0.9553571428571429,0.6101190476190476,0.34523809523809523,0.020833333333333332,0.023809523809523808,0,0,0,0,3,0,5,1,0.03,0.0,42,1,prob_noisy,9,143
8,Evolved FSM 16,1.875,0.9642857142857143,0.0,0.9642857142857143,0.5952380952380952,0.36904761904761907,0.02976190476190476,0.005952380952380952,0,0,0,0,3,0,5,1,0.03,0.0,42,1,prob_noisy,9,143
0,Grudger,2.4646464646464645,0.3782608695652174,6.0,0.9168831168831169,0.2504769467497222,0.129577807178312,0.2736079248868652,0.3463373211851005,0.7326626238437488,0.07709551178084957,0.1984084394024996,0.09142314088450837,3,0,5,1,0.09,0.01,70,9,prob_noisy,12,144
1,Defector,2.4356060606060606,0.09134833157179525,9.0,0.07402597402597402,0.033594419385556955,0.05769693156330711,0.3612326267850069,0.547476022266129,0.1179345799128408,0.09215483949475109,0.09180047726091059,0.10018953328850114,3,0,5,1,0.09,0.01,70,9,prob_noisy,12,144
2,Meta Winner: 11 players,2.3181818181818183,0.33248388547444163,7.0,0.912987012987013,0.1880254557634333,0.14445257563801397,0.2719812180767004,0.3955407505218523,0.5564273685458301,0.3541460058617068,0.20876401184289922,0.11023722512298101,3,0,5,1,0.09,0.01,70,9,prob_noisy,12,144
3,Evolved HMM 5,2.2777777777777777,0.5435858964741185,4.0,0.8974025974025974,0.33413469997360495,0.20822744549202749,0.20323202602769577,0.2544058285066718,0.8354926958180026,0.3853458783777905,0.2782415080044269,0.2138811198294017,3,0,5,1,0.09,0.01,70,9,prob_noisy,12,144
4,Suspicious Tit For Tat,2.2323232323232323,0.4505976698441519,5.0,0.10649350649350649,0.24360643413133498,0.20764553522917711,0.2366447263190211,0.31210330432046685,0.9195860456283488,0.09450838887875836,0.9269519546282553,0.09095783475284472,3,0,5,1,0.09,0.01,70,9,prob_noisy,12,144
5,Tit For Tat,2.172727272727273,0.5707040572792362,2.0,0.9155844155844156,0.3421882087864687,0.22725876960446847,0.18179513639961128,0.24875788520945144,0.8910884777626713,0.08386954366376335,0.8998147593680437,0.09214280543014776,3,0,5,1,0.09,0.01,70,9,prob_noisy,12,144
6,Cycler DC,2.1565656565656566,0.4615730337078652,4.0,0.1025974025974026,0.17670286517876507,0.2847301900445115,0.27396112463581246,0.26460582014091094,0.22584021067897722,0.1504627558649486,0.8690271844376323,0.7822924216359362,3,0,5,1,0.09,0.01,70,9,prob_noisy,12,144
7,Soft Joss: 0.9,2.143939393939394,0.6082956259426847,1.0,0.9064935064935065,0.34338167272256626,0.2639281439323686,0.17619344788082808,0.21649673546423703,0.926284204808796,0.17112452918127652,0.9172999789901258,0.1671782438180592,3,0,5,1,0.09,0.01,70,9,prob_noisy,12,144
8,Random: 0.5,2.111111111111111,0.5029540978639601,4.0,0.5038961038961038,0.22942019602727026,0.27337433175806786,0.229078751382929,0.2681267208317329,0.5025109640456573,0.4963916542246366,0.5081348018516421,0.5026721846001841,3,0,5,1,0.09,0.01,70,9,prob_noisy,12,144
9,Win-Shift Lose-Stay: D,2.111111111111111,0.4664257753688648,5.0,0.09610389610389611,0.18912640671809802,0.2771077135910328,0.2481615409894303,0.2856043387014388,0.06410895194389392,0.9162184422898526,0.9113586413521009,0.08306169233604063,3,0,5,1,0.09,0.01,70,9,prob_noisy,12,144
10,"DoubleCrosser: (D, D)",2.015151515151515,0.7733473242392445,0.0,0.9012987012987013,0.4585318089457917,0.3154843557156196,0.09804310264948617,0.1279407326891026,0.9034845179116324,0.7845658527752651,0.594022500720744,0.47440490987959527,3,0,5,1,0.09,0.01,70,9,prob_noisy,12,144
11,Anti Tit For Tat,1.8585858585858583,0.5840774935674284,3.0,0.9077922077922078,0.22755577656172182,0.35751604729165726,0.1930682210051772,0.2218599551414436,0.09171943561751124,0.8915247104308754,0.10413908457617853,0.8917300814443223,3,0,5,1,0.09,0.01,70,9,prob_noisy,12,144
0,Defector,2.8379468484731643,0.009825327510917031,17.0,0.00631578947368421,0.003419085792382191,0.006266059644230742,0.41074456534017845,0.5795702892232086,0.0,0.25,0.017435915743037936,0.012159942045666013,3,0,5,1,0.01,0.09,25,46,prob_noisy,20,145
1,Grudger,2.697794304602085,0.49436773255813954,7.0,0.9894736842105263,0.4319489983033156,0.052258063378666106,0.25474939831795773,0.26104354000006064,0.9608094747027974,0.041666666666666664,0.1850580883336869,0.024631034164883783,3,0,5,1,0.01,0.09,25,46,prob_noisy,20,145
2,Suspicious Tit For Tat,2.6477889260497953,0.5181593066446554,10.0,0.010526315789473684,0.32670519210748933,0.18502589908745845,0.24203325738239842,0.24623565142265383,0.9930953612438976,0.018116862792559058,0.9865908371411718,0.01777799431809248,3,0,5,1,0.01,0.09,25,46,prob_noisy,20,145
3,Evolved FSM 16,2.582524683554432,0.6425,4.0,0.9873684210526316,0.48323153311302486,0.1509773060744318,0.21914689343606614,0.14664426737647723,0.8346703877536598,0.44993164100558075,0.546568049152846,0.40149296103138293,3,0,5,1,0.01,0.09,25,46,prob_noisy,20,145
4,Cycler DC,2.5651083450252425,0.47397610921501704,8.0,0.00631578947368421,0.1894145054280274,0.2839489943884591,0.3050297693010815,0.221606730882432,0.09827001907968878,0.04915321679471014,0.961163940254672,0.9704293035108361,3,0,5,1,0.01,0.09,25,46,prob_noisy,20,145
5,Win-Shift Lose-Stay: D,2.557013366750209,0.5107628004179728,9.0,0.010526315789473684,0.20757592748034118,0.31116355943307605,0.2695079090688558,0.21175260401772697,0.027154103206734784,0.9826362107085651,0.9903367796839917,0.05096431449091597,3,0,5,1,0.01,0.09,25,46,prob_noisy,20,145
6,Evolved HMM 5,2.534425622993185,0.6387545929220654,4.0,0.9894736842105263,0.5229826784664334,0.11264855926928603,0.20874905036389865,0.15561971190038196,0.9225930268793004,0.4255457773427682,0.19597097196213026,0.19832213710692706,3,0,5,1,0.01,0.09,25,46,prob_noisy,20,145
7,Bully,2.4933801134029965,0.5022535763276504,10.0,0.00631578947368421,0.16401861551504224,0.32933775209923055,0.2902899696183914,0.21635366276733584,0.016915547119723144,0.9929794996739373,0.01562971451959555,0.9926302836923803,3,0,5,1,0.01,0.09,25,46,prob_noisy,20,145
8,Meta Winner: 18 players,2.4863381469788792,0.2562242697510292,10.0,0.9957894736842106,0.1677399056777872,0.09804593913250699,0.3396692222292104,0.3945449329604954,0.5764706121233167,0.4052464136880874,0.09664243527249952,0.146074346076515,3,0,5,1,0.01,0.09,25,46,prob_noisy,20,145
9,Tit For Tat,2.4657496012759172,0.6914119359534207,1.0,0.9957894736842106,0.5262740043671723,0.1733553981290447,0.14942812530881833,0.15094247219496473,0.9907632469947757,0.021744423329599975,0.9976123211176638,0.022491884135951934,3,0,5,1,0.01,0.09,25,46,prob_noisy,20,145
10,Meta Mixer: 18 players,2.3896086369770577,0.5259106271122794,8.0,0.6821052631578948,0.3030998065079701,0.22245884313937414,0.21759309865247772,0.2568482517001781,0.6173469949085308,0.3804615143043946,0.5821364265967635,0.42255341504446725,3,0,5,1,0.01,0.09,25,46,prob_noisy,20,145
11,Soft Joss: 0.9,2.3883572567783093,0.7459972326546749,0.0,0.9957894736842106,0.5530343978253703,0.18508244386595857,0.12880154861195464,0.1330816096967164,0.9926773930800041,0.12449194043418554,0.9867481841113278,0.20401026035432154,3,0,5,1,0.01,0.09,25,46,prob_noisy,20,145
12,GTFT: 0.33,2.3646500123059906,0.8188543247344461,0.0,0.9873684210526316,0.5899333497465569,0.2184338158783877,0.09935813561720121,0.09227469875785431,0.9933872000259902,0.3585615319304496,0.9776211458019933,0.5834265442518989,3,0,5,1,0.01,0.09,25,46,prob_noisy,20,145
13,Random: 0.5,2.3608597542808067,0.5048524844720497,8.0,0.4842105263157895,0.2524023750251472,0.25205736222444736,0.23973191507801628,0.25580834767238925,0.487495513307704,0.5229312472642766,0.5352129870823873,0.5182101711799391,3,0,5,1,0.01,0.09,25,46,prob_noisy,20,145
14,Win-Stay Lose-Shift,2.3470494802212256,0.6887497475257524,1.0,1.0,0.49569689503469777,0.19898652983730164,0.132580480665791,0.17273609446220964,0.9864992481795478,0.030590360353871537,0.028908888618037254,0.9923613421167948,3,0,5,1,0.01,0.09,25,46,prob_noisy,20,145
15,Alternator,2.329589297895934,0.5216354968830217,6.0,0.9894736842105263,0.2272330724845355,0.2950782043921809,0.2614037433140369,0.2162849798092467,0.015199264330686838,0.01649559493700531,0.9916665549800937,0.9918889960479126,3,0,5,1,0.01,0.09,25,46,prob_noisy,20,145
16,"DoubleCrosser: (D, D)",2.3233392846665155,0.7483731019522777,2.0,0.991578947368421,0.5966338301713794,0.1623766369134088,0.1327362143965658,0.10825331851864595,0.9481569861437342,0.8476734329474348,0.5426967485217652,0.2646692168514966,3,0,5,1,0.01,0.09,25,46,prob_noisy,20,145
17,Tit For 2 Tats,2.2865876813245234,0.8461108002238389,0.0,0.9831578947368421,0.6615471106633636,0.19680679877862348,0.038617498416477436,0.10302859214153552,0.9910619444121972,0.8284915029946,1.0,0.31355735349121044,3,0,5,1,0.01,0.09,25,46,prob_noisy,20,145
18,Anti Tit For Tat,2.1499777361151056,0.6123131392604249,7.0,0.9936842105263158,0.22304256319540477,0.38543875602188526,0.2127199297403764,0.1787987510423336,0.024127512891400422,0.990413835679167,0.020934649118080954,0.986873995267268,3,0,5,1,0.01,0.09,25,46,prob_noisy,20,145
19,Cooperator,2.018233423850006,0.9900225903614458,0.0,0.991578947368421,0.650188445497459,0.3397837303230262,0.006639927151230299,0.003387897028284494,0.9909844154262462,0.9937466447316141,1.0,0.96875,3,0,5,1,0.01,0.09,25,46,prob_noisy,20,145
0,Bully,2.999867724867725,0.3568807339449541,10.0,0.03333333333333333,0.16607492622547243,0.1897408721167772,0.41127376967937457,0.23291043197837588,0.057610993657505286,0.948350767641878,0.023415038333253473,0.9884893731794153,3,0,5,1,0.02,0.09,24,9,prob_noisy,16,146
1,Suspicious Tit For Tat,2.931084656084656,0.5383620689655172,11.0,0.011111111111111112,0.3438429780377042,0.19687736774742978,0.305910256835991,0.15336939737887506,0.9920528769906723,0.04157925005751092,0.9790188082504424,0.058316011945044204,3,0,5,1,0.02,0.09,24,9,prob_noisy,16,146
2,Win-Shift Lose-Stay: D,2.8533068783068782,0.48576214405360135,9.0,0.016666666666666666,0.2636061364187492,0.230687570127706,0.35299038368364655,0.1527159097698983,0.03600496710861687,0.9628500326062986,0.9906388782423895,0.033024577761419864,3,0,5,1,0.02,0.09,24,9,prob_noisy,16,146
3,Alternator,2.8051851851851852,0.5542704626334519,7.0,0.9833333333333333,0.3426460948960003,0.21164489660622132,0.31520668076625946,0.130502327731519,0.03879458048575696,0.059755032447761716,0.9633703508024822,0.9903948882170298,3,0,5,1,0.02,0.09,24,9,prob_noisy,16,146
4,Evolved FSM 16,2.7974867724867725,0.7128363475959417,4.0,0.9777777777777777,0.5902552682636613,0.12711966843944456,0.20482902816011125,0.07779603513678303,0.8090306309255758,0.3063155521488855,0.6401538224956387,0.23733017053988925,3,0,5,1,0.02,0.09,24,9,prob_noisy,16,146
5,Evolved HMM 5,2.7241005291005287,0.7492381367000436,4.0,0.9888888888888889,0.627302178248721,0.12037814294831058,0.1788805846647713,0.07343909413819706,0.9714236429154907,0.43209245198311635,0.3572992609511505,0.25193994601889336,3,0,5,1,0.02,0.09,24,9,prob_noisy,16,146
6,Win-Stay Lose-Shift,2.6220238095238093,0.7438271604938271,3.0,0.9722222222222222,0.5906558567892489,0.14748092776795887,0.14957965081921928,0.11228356462357289,0.9779123765833296,0.041115900383141765,0.04096494674349572,0.9940220922677062,3,0,5,1,0.02,0.09,24,9,prob_noisy,16,146
7,Tit For Tat,2.621164021164021,0.8021201413427562,1.0,0.9694444444444444,0.6269898073121453,0.17150286814567214,0.14491432372393456,0.056593000818248154,0.9794797220248853,0.1091240132416603,0.9794444444444445,0.07238562091503269,3,0,5,1,0.02,0.09,24,9,prob_noisy,16,146
8,Soft Joss: 0.9,2.569259259259259,0.7959447799827437,1.0,0.9833333333333333,0.6115375099699152,0.18643601258188514,0.13758987992911434,0.06443659751908526,0.9816797216560083,0.18027312761551142,0.9824027777777778,0.15873519596937774,3,0,5,1,0.02,0.09,24,9,prob_noisy,16,146
9,Meta Mixer: 14 players,2.56031746031746,0.6626826029216467,5.0,0.7722222222222223,0.4682950057957696,0.19832868457429365,0.2077573076698591,0.12561900196007775,0.7092317964460715,0.5020578545247606,0.6863578727787801,0.6334879319582956,3,0,5,1,0.02,0.09,24,9,prob_noisy,16,146
10,Anti Tit For Tat,2.547579365079365,0.5186935969058875,7.0,0.9611111111111111,0.2655892136187239,0.25549058211637665,0.29530097455835447,0.18361922970654498,0.04149669432787001,0.9876107317275646,0.04384185167807978,0.9928583750215628,3,0,5,1,0.02,0.09,24,9,prob_noisy,16,146
11,GTFT: 0.33,2.5237566137566136,0.8569582076691081,0.0,0.9861111111111112,0.6635526633232665,0.1886685621586834,0.100278451812481,0.04750032270556912,0.9834097166143743,0.39866703133293524,0.9850707850707852,0.5556222587719297,3,0,5,1,0.02,0.09,24,9,prob_noisy,16,146
12,"DoubleCrosser: (D, D)",2.4826851851851854,0.9072253099615221,1.0,0.975,0.7003836540730838,0.20428132260268705,0.07247405765080388,0.022860965673425358,0.9614097814263317,0.8877025108521409,0.7809625668449197,0.543040293040293,3,0,5,1,0.02,0.09,24,9,prob_noisy,16,146
13,Meta Winner: 14 players,2.4218518518518515,0.619588981198076,5.0,0.9805555555555555,0.34940378601468686,0.27001615465422596,0.2508221883672582,0.12975787096382907,0.5993905578249786,0.8249754504321442,0.37889901425001377,0.8151234567901234,3,0,5,1,0.02,0.09,24,9,prob_noisy,16,146
14,Tit For 2 Tats,2.4077777777777776,0.9209699146834306,0.0,0.9861111111111112,0.7125120871463816,0.20493877770302424,0.04240255535622242,0.040146579794371855,0.977821189699379,0.8290898689158145,0.9632034632034632,0.4205465587044534,3,0,5,1,0.02,0.09,24,9,prob_noisy,16,146
15,Cooperator,2.2010052910052913,0.9792020373514432,0.5,0.9861111111111112,0.6988896537597038,0.28046694442787273,0.013849261041167885,0.006794140771255512,0.9775975799764548,0.9805440817697373,0.9696969696969696,1.0,3,0,5,1,0.02,0.09,24,9,prob_noisy,16,146
0,Defector,2.796880794103016,0.049201779638838,16.0,0.032679738562091505,0.021640298699496078,0.027953718797623064,0.419973811535102,0.5304321709677787,0.20833333333333331,0.21378968253968253,0.05641249089084414,0.04935120647333708,3,0,5,1,0.05,0.08,17,36,prob_noisy,19,147
1,Grudger,2.6018253275285055,0.35510791366906475,9.0,0.9607843137254902,0.27412160181746037,0.08052399601923908,0.31685784094000713,0.3284965612232935,0.806352713118461,0.08061504772031088,0.13554713655675232,0.04976624381739579,3,0,5,1,0.05,0.08,17,36,prob_noisy,19,147
2,Evolved HMM 5,2.5846004251176664,0.5233004385964912,7.0,0.9673202614379085,0.372493384338115,0.1439038956613528,0.2638024515897597,0.21980026841077238,0.8679044656094304,0.39026763722842156,0.1754889544331874,0.18859186843533635,3,0,5,1,0.05,0.08,17,36,prob_noisy,19,147
3,Evolved FSM 16,2.582494892543912,0.5653907496012759,6.0,0.9640522875816994,0.3994846405924847,0.17523573926632544,0.2566292367980544,0.16865038334313553,0.7013691094716032,0.3905279963540923,0.4922890323863508,0.4310411817036775,3,0,5,1,0.05,0.08,17,36,prob_noisy,19,147
4,Suspicious Tit For Tat,2.550874591841608,0.496826171875,9.0,0.0457516339869281,0.30197672577081813,0.20483113782513035,0.2502861162832788,0.24290602012077267,0.9532844001977412,0.0666411593833346,0.9521123620850958,0.11459477128232791,3,0,5,1,0.05,0.08,17,36,prob_noisy,19,147
5,Cycler DC,2.527019780089956,0.4768480909829407,8.0,0.0784313725490196,0.20803276451307104,0.26843931084333517,0.28364179375313464,0.23988613089045904,0.1802744410828965,0.11883809980963497,0.8755840029148749,0.839935970669901,3,0,5,1,0.05,0.08,17,36,prob_noisy,19,147
6,Win-Shift Lose-Stay: D,2.4941834845041138,0.48457768809455176,10.0,0.049019607843137254,0.2149102100188548,0.2823610524740221,0.2778717825095536,0.22485695499756947,0.05522131715603207,0.908834847716144,0.95018285325753,0.0696089672455076,3,0,5,1,0.05,0.08,17,36,prob_noisy,19,147
7,Random: 0.5,2.4815861761695093,0.505420054200542,9.0,0.5228758169934641,0.2635745010816623,0.24264775868266483,0.25276045646506656,0.24101728377060633,0.5362156443127414,0.49522752760468325,0.5054965154340736,0.5098021869613152,3,0,5,1,0.05,0.08,17,36,prob_noisy,19,147
8,Win-Stay Lose-Shift,2.4342762494154937,0.6103828002097536,4.0,0.9379084967320261,0.3994858623024092,0.21632893940187578,0.19240154166325305,0.19178365663246202,0.94645303512512,0.06645310980301698,0.06282633691623826,0.9680398608599589,3,0,5,1,0.05,0.08,17,36,prob_noisy,19,147
9,Bully,2.4330747955747953,0.5113442994895065,9.0,0.05555555555555555,0.19156240435111405,0.30050766045737687,0.2766672967314655,0.23126263846004347,0.06459296717802203,0.9665983485892018,0.06006446330743435,0.9399285374724425,3,0,5,1,0.05,0.08,17,36,prob_noisy,19,147
10,Meta Mixer: 18 players,2.4045500115353056,0.5232876712328767,8.0,0.6699346405228758,0.29690347998478067,0.22741050479047148,0.24605865929643433,0.2296273559283136,0.5795688636403802,0.3969866193693658,0.5714823952474107,0.48263743954408916,3,0,5,1,0.05,0.08,17,36,prob_noisy,19,147
11,Alternator,2.3694011507736996,0.5201768933112216,7.0,0.9738562091503268,0.23997465746225355,0.28064898906200025,0.25913116107094336,0.22024519240480278,0.057153971127719694,0.04880445270840954,0.9334354394967441,0.9594075494075494,3,0,5,1,0.05,0.08,17,36,prob_noisy,19,147
12,Tit For Tat,2.3675986873264434,0.6408548431862336,3.0,0.9673202614379085,0.4425285052023508,0.2067545154558236,0.18228238725826912,0.16843459208355638,0.9399308727248434,0.07140177242350083,0.9683852051634327,0.07693199794362064,3,0,5,1,0.05,0.08,17,36,prob_noisy,19,147
13,Soft Joss: 0.9,2.345039682539683,0.6654958119427182,2.0,0.9379084967320261,0.4404918764775971,0.22415221470836422,0.16917517879858432,0.16618073001545453,0.9680966525582456,0.1354604607505137,0.9370174122367252,0.15865325327581606,3,0,5,1,0.05,0.08,17,36,prob_noisy,19,147
14,"DoubleCrosser: (D, D)",2.2707526686453887,0.6794296276736203,3.0,0.954248366013072,0.5103803117419398,0.1728794702646194,0.17216936148424997,0.14457085650919105,0.9065626944379986,0.8008028232625435,0.42371594501874354,0.286194823647025,3,0,5,1,0.05,0.08,17,36,prob_noisy,19,147
15,GTFT: 0.33,2.2288920955587623,0.7514666666666666,1.0,0.9607843137254902,0.48153418161677725,0.2598969823864641,0.13669365541176354,0.12187518058499511,0.9339763869787999,0.36742689122014116,0.948024010788286,0.4325271906558971,3,0,5,1,0.05,0.08,17,36,prob_noisy,19,147
16,Tit For 2 Tats,2.2111531678198344,0.8165856293895192,1.0,0.9444444444444444,0.5666119179030686,0.24135228955667787,0.0782656503525298,0.11377014218772369,0.9514687482263615,0.7304239761896993,0.9379994859896821,0.5018530753372845,3,0,5,1,0.05,0.08,17,36,prob_noisy,19,147
17,Anti Tit For Tat,2.063884163690457,0.5874268261644184,6.0,0.9705882352941176,0.23638578051776488,0.34839039856013404,0.20934956333463928,0.20587425758746167,0.055859729031134134,0.9566637184876048,0.06136206893553075,0.9563559714582444,3,0,5,1,0.05,0.08,17,36,prob_noisy,19,147
18,Cooperator,1.9861582637792314,0.9474666666666667,1.0,0.9313725490196079,0.5751932077002954,0.3728253531131125,0.033025982050524164,0.018955457136067902,0.953682742572984,0.9533494724684339,0.9128108819285289,1.0,3,0,5,1,0.05,0.08,17,36,prob_noisy,19,147
0,Evolved HMM 5,2.579004329004329,0.33961840628507295,9.0,0.9391534391534392,0.21180054513387844,0.12781786115119448,0.3203302869969536,0.3400513067179734,0.7438995573571432,0.3534865873147508,0.14102381121347038,0.19804291178812813,3,0,5,1,0.06,0.0,54,165,prob_noisy,15,148
1,Defector,2.5456709956709958,0.06077441077441077,14.0,0.05555555555555555,0.024017957351290687,0.036756453423120096,0.38139329805996475,0.5578322911656245,0.06826153807218913,0.06645301231951747,0.06156252694997337,0.06030394838473559,3,0,5,1,0.06,0.0,54,165,prob_noisy,15,148
2,Meta Winner: 14 players,2.51991341991342,0.07773769440436107,13.0,0.9338624338624338,0.034223184223184225,0.043514510181176844,0.37430655763989096,0.5479557479557479,0.23389588255226917,0.1399139861700158,0.06767585151408333,0.07266560707661061,3,0,5,1,0.06,0.0,54,165,prob_noisy,15,148
3,"DoubleCrosser: (D, D)",2.473593073593073,0.3079124579124579,9.5,0.9417989417989417,0.22958954625621295,0.07832291165624498,0.27515632515632515,0.41693121693121693,0.6883355398333535,0.47820054028839704,0.17827345815641177,0.08304490908077236,3,0,5,1,0.06,0.0,54,165,prob_noisy,15,148
4,Evolved FSM 16,2.43030303030303,0.3274490941157608,9.5,0.9312169312169312,0.1361391694725028,0.19130992464325797,0.3408289241622575,0.33172198172198175,0.42207445065119753,0.43032166535082444,0.27203388982069415,0.2608364627405787,3,0,5,1,0.06,0.0,54,165,prob_noisy,15,148
5,Tit For Tat,2.2264069264069266,0.519328202661536,6.0,0.955026455026455,0.32226230559563895,0.19706589706589708,0.1947651114317781,0.2859066859066859,0.9443484621707423,0.06379951059571784,0.9397403757509774,0.06339423703136166,3,0,5,1,0.06,0.0,54,165,prob_noisy,15,148
6,Suspicious Tit For Tat,2.171861471861472,0.48439955106621774,7.0,0.07407407407407407,0.286307519640853,0.19809203142536472,0.19918229918229918,0.31641814975148314,0.9377929570618925,0.060563549893220096,0.9381889433057317,0.060956648293911335,3,0,5,1,0.06,0.0,54,165,prob_noisy,15,148
7,Soft Joss: 0.9,2.1714285714285713,0.5621452621452622,3.0,0.9431216931216931,0.34468494468494465,0.21746031746031744,0.17614237614237616,0.26171236171236173,0.9360223380533278,0.1476664932254817,0.9378112615275705,0.14600343302145408,3,0,5,1,0.06,0.0,54,165,prob_noisy,15,148
8,GTFT: 0.33,2.091991341991342,0.6691117524450858,1.0,0.951058201058201,0.4012987012987013,0.2678130511463845,0.1338864838864839,0.1970017636684303,0.9403727921405096,0.35499153269453876,0.9359886005863686,0.33728907393458973,3,0,5,1,0.06,0.0,54,165,prob_noisy,15,148
9,Win-Stay Lose-Shift,2.084632034632034,0.5002886002886003,6.5,0.9457671957671958,0.2284030784030784,0.2718855218855219,0.23091229757896423,0.26879910213243546,0.9417824851024198,0.06006143511782759,0.06121871384800908,0.9419259589835646,3,0,5,1,0.06,0.0,54,165,prob_noisy,15,148
10,Random: 0.5,1.9519480519480519,0.49905403238736573,6.0,0.4656084656084656,0.20460157126823794,0.29445246111912776,0.2065977232643899,0.2943482443482443,0.5035450661636419,0.49894186864523554,0.4991443526985306,0.49512752417853584,3,0,5,1,0.06,0.0,54,165,prob_noisy,15,148
11,Cycler DC,1.9216450216450216,0.49663299663299665,6.0,0.056878306878306875,0.16457431457431457,0.33205868205868205,0.23286034952701623,0.2705066538399872,0.1601628052571167,0.11665245440140966,0.8822318485593997,0.8230742152464899,3,0,5,1,0.06,0.0,54,165,prob_noisy,15,148
12,Win-Shift Lose-Stay: D,1.820995670995671,0.5532307198973866,5.0,0.07407407407407407,0.18888087221420552,0.36434984768318096,0.19961519961519958,0.24715408048741386,0.05888196853689586,0.9399059955538194,0.9419375331690614,0.05934656011972511,3,0,5,1,0.06,0.0,54,165,prob_noisy,15,148
13,Bully,1.7777056277056276,0.5935465768799102,6.0,0.056878306878306875,0.18198653198653197,0.4115600448933782,0.20679814013147343,0.19965528298861637,0.05985990358296921,0.9379259858064922,0.059037746611992646,0.9380245360044918,3,0,5,1,0.06,0.0,54,165,prob_noisy,15,148
14,Cooperator,1.5991341991341992,0.9402276735610069,0.0,0.9431216931216931,0.47028218694885365,0.46994548661215324,0.029629629629629624,0.03014269680936348,0.940531319147513,0.9413180179720487,0.9383918076913218,0.9353444688050911,3,0,5,1,0.06,0.0,54,165,prob_noisy,15,148
0,Defector,2.910675795938954,0.010743061772605193,15.0,0.01568627450980392,0.004190289826392824,0.0070513461493450615,0.39034556342019433,0.5984128006040678,0.0,0.0,0.013889465782600943,0.013656859290832967,3,0,5,1,0.01,0.05,17,144,prob_noisy,16,149
1,Evolved HMM 5,2.646875754502873,0.5734506503442999,4.0,0.984313725490196,0.5101562996313953,0.08425304135654292,0.18917624054573803,0.21641441846632378,0.9686787163612784,0.4227401521074071,0.2751141009005381,0.15095557947258523,3,0,5,1,0.01,0.05,17,144,prob_noisy,16,149
2,Grudger,2.644468599033816,0.5733716475095786,5.0,0.996078431372549,0.5103391890972816,0.030496420695641003,0.1790324654170403,0.28013192479003707,0.9631129235693147,0.06666666666666667,0.14097876426516162,0.02199615990316022,3,0,5,1,0.01,0.05,17,144,prob_noisy,16,149
3,Evolved FSM 16,2.6117751097015613,0.6510275300504071,4.0,0.9921568627450981,0.5134775548391769,0.13544199989267422,0.1757822244961424,0.17529822077200638,0.8447155768167853,0.504410015114792,0.661566539785733,0.323583638650108,3,0,5,1,0.01,0.05,17,144,prob_noisy,16,149
4,Meta Winner: 14 players,2.5783875383875383,0.11592678308436777,12.0,0.9921568627450981,0.09169352242573713,0.02599703854871647,0.33196797177219145,0.550341467253355,0.5304391088829155,0.37678571428571433,0.021655249786074103,0.014413849655722795,3,0,5,1,0.01,0.05,17,144,prob_noisy,16,149
5,"DoubleCrosser: (D, D)",2.5553840486159225,0.6939387877575515,2.0,0.9882352941176471,0.6133903814258953,0.09080162261508638,0.113412381077915,0.18239561488110326,0.979765970599168,0.8222033692366997,0.607120441206992,0.1606431067820772,3,0,5,1,0.01,0.05,17,144,prob_noisy,16,149
6,Tit For Tat,2.5413176603090397,0.7602279666191736,1.0,0.996078431372549,0.5934200115022046,0.13530778487868833,0.1149768353303009,0.15629536828880625,0.9952228731531308,0.059953703703703703,0.9939826252794135,0.0792568133013316,3,0,5,1,0.01,0.05,17,144,prob_noisy,16,149
7,Soft Joss: 0.9,2.517852273525898,0.7444227853584579,1.0,0.9764705882352941,0.6028636616481037,0.14162711996511546,0.10083574762362212,0.15467347076315865,0.9925107905049556,0.15847136136979573,0.9856488549618321,0.10179540377623902,3,0,5,1,0.01,0.05,17,144,prob_noisy,16,149
8,Meta Mixer: 14 players,2.50241985068072,0.5282442748091603,7.0,0.807843137254902,0.33171911021607997,0.2025610280524487,0.19181837828703277,0.27390148344443854,0.6836599025705776,0.3759708805232099,0.6142558486542947,0.361936408925495,3,0,5,1,0.01,0.05,17,144,prob_noisy,16,149
9,Cycler DC,2.4731692666170355,0.48762088974854934,8.0,0.01568627450980392,0.16742872401253509,0.31985568744762255,0.26584060806583626,0.24687498047400613,0.16006110050401973,0.016623094088637613,0.9878955477519455,0.935852658715686,3,0,5,1,0.01,0.05,17,144,prob_noisy,16,149
10,GTFT: 0.33,2.432157396941329,0.8058767772511848,1.0,1.0,0.6288035348198368,0.16998384322442905,0.07387874273760336,0.12733387921813072,0.9898386231131472,0.3153013790521783,0.9992927864214993,0.42688267403260355,3,0,5,1,0.01,0.05,17,144,prob_noisy,16,149
11,Tit For 2 Tats,2.364354125483762,0.8384337578407147,0.0,0.9921568627450981,0.6705956089511511,0.1553408662076145,0.0319291538232132,0.14213437101802126,0.9893078797015594,0.7795217505749541,1.0,0.4433473080683382,3,0,5,1,0.01,0.05,17,144,prob_noisy,16,149
12,Win-Stay Lose-Shift,2.307634475311482,0.7241772874262887,2.0,0.9882352941176471,0.5169661303128634,0.1967386756723343,0.1001856328183692,0.18610956119643307,0.9928411701470299,0.0353076408734412,0.052697956577266926,0.9950201699037102,3,0,5,1,0.01,0.05,17,144,prob_noisy,16,149
13,Alternator,2.293091470796001,0.5131578947368421,5.0,0.984313725490196,0.20363275841646178,0.31048198147968137,0.2528183853775415,0.2330668747263154,0.026043142138638484,0.015538668165580666,0.9694699675785157,0.9946234228464481,3,0,5,1,0.01,0.05,17,144,prob_noisy,16,149
14,Cooperator,2.167987734630656,0.9912104010254532,0.0,0.9764705882352941,0.683441943744208,0.30758923129335236,0.006903886800050692,0.002064938162389045,0.9923713062595226,0.9966415660830741,1.0,1.0,3,0,5,1,0.01,0.05,17,144,prob_noisy,16,149
15,Anti Tit For Tat,2.0679877409487606,0.627177700348432,6.0,0.9882352941176471,0.1990486444008152,0.41376935509748125,0.20839282498398226,0.1787891755177213,0.018910063138299616,0.9938755956646996,0.014512539374754408,0.9862112232927287,3,0,5,1,0.01,0.05,17,144,prob_noisy,16,149
0,Evolved FSM 16,2.8918650793650795,0.32926034538937765,1.0,0.9961685823754789,0.150425306816679,0.19833086030545943,0.4881775869100262,0.16306624596783528,0.3206383485696643,0.6125365283459965,0.3895266409669175,0.26234540956086366,3,0,5,1,0.01,0.04,87,155,prob_noisy,4,150
1,Suspicious Tit For Tat,2.3935897435897435,0.4876920535271766,2.0,0.007662835249042145,0.23608027121340727,0.2592115528136238,0.283000655411898,0.22170752056107088,0.9832181200432192,0.007879934099092623,0.9917625911539529,0.009099811676082863,3,0,5,1,0.01,0.04,87,155,prob_noisy,4,150
2,Meta Mixer: 3 players,2.2188648830439877,0.4101090480400825,1.0,0.3448275862068966,0.17562446691700365,0.2355708108677347,0.26252674795476955,0.32627797426049204,0.433398330327843,0.42294337744815813,0.4058966699306843,0.4114241942288955,3,0,5,1,0.01,0.04,87,155,prob_noisy,4,150
3,Bully,1.43347299349361,0.6551414458913336,0.0,0.007662835249042145,0.16852682642242686,0.48615569098132233,0.1455639246914464,0.19975355790480442,0.01650635076468303,0.9907331889955988,0.012616452694819966,0.9901536304661874,3,0,5,1,0.01,0.04,87,155,prob_noisy,4,150
0,Suspicious Tit For Tat,2.9786967418546366,0.6562795089707271,1.0,0.019230769230769232,0.5138086062941554,0.14608220937700706,0.22888567758509956,0.11122350674373796,0.9691068073421014,0.08771008403361344,0.9430872483221476,0.27293577981651373,3,0,5,1,0.05,0.09,52,78,prob_noisy,3,151
1,Cooperator,2.661021505376344,0.9586206896551724,0.0,0.9615384615384616,0.8412055596991734,0.11743854496861209,0.0374576574056809,0.0038982379265336564,0.9552520018841262,0.98,0.96875,1.0,3,0,5,1,0.05,0.09,52,78,prob_noisy,3,151
2,Meta Winner: 2 players,2.6244747899159666,0.7133204633204633,0.0,1.0,0.5496191756272402,0.1719310035842294,0.16910842293906808,0.10934139784946237,0.9624935816645661,0.04980572235959025,0.9442724458204335,0.5229357798165137,3,0,5,1,0.05,0.09,52,78,prob_noisy,3,151
0,Suspicious Tit For Tat,2.719486531986532,0.5341089370703331,4.0,0.08536585365853659,0.3283261866356417,0.2008699484770617,0.25941286646323736,0.2113909984240593,0.9306624583425642,0.06707562897950581,0.9221047338430628,0.05988650319366556,3,0,5,1,0.07,0.08,41,179,prob_noisy,9,152
1,Win-Shift Lose-Stay: D,2.7001652554961377,0.5423949908687712,4.0,0.06707317073170732,0.22013804533541403,0.314111559471894,0.2781656258277724,0.18758476936491958,0.06201033625654739,0.9371316301689794,0.9319065466030629,0.09566135586254057,3,0,5,1,0.07,0.08,41,179,prob_noisy,9,152
2,Tit For Tat,2.6159992784992783,0.6631299734748011,2.0,0.9512195121951219,0.4680312588200534,0.20212124546812454,0.20279510332566472,0.12705239238615748,0.9218612512432629,0.06713395472950656,0.9260810773804377,0.09451124795703136,3,0,5,1,0.07,0.08,41,179,prob_noisy,9,152
3,Evolved FSM 16,2.575,0.5725449335764522,2.0,0.9207317073170732,0.41197357440428767,0.17264651343331422,0.22743084471148747,0.18794906745091072,0.7232070125494588,0.3878366604659708,0.5054983285874453,0.3157388052768488,3,0,5,1,0.07,0.08,41,179,prob_noisy,9,152
4,Evolved HMM 5,2.5395833333333333,0.5581727337615988,3.0,0.9176829268292683,0.422589235383479,0.13596748201030698,0.22293996183792283,0.21850332076829126,0.8794945553701434,0.3683715727835563,0.23723450926449458,0.23188602803039424,3,0,5,1,0.07,0.08,41,179,prob_noisy,9,152
5,Win-Stay Lose-Shift,2.525,0.5833143378162754,3.0,0.9298780487804879,0.38186347696850537,0.20262511827306046,0.23525946247282414,0.18025194228561006,0.9392894844614924,0.07222001075823874,0.06993813968972155,0.9249862255077874,3,0,5,1,0.07,0.08,41,179,prob_noisy,9,152
6,Meta Mixer: 8 players,2.517745535714286,0.5942350332594235,2.0,0.6951219512195121,0.38729427109499986,0.20894077061950303,0.2196420477262892,0.18412291055920788,0.7573492805288413,0.3216569210387359,0.7214599529397321,0.34493576392161296,3,0,5,1,0.07,0.08,41,179,prob_noisy,9,152
7,GTFT: 0.33,2.4820341015193956,0.7643511818620357,1.0,0.9115853658536586,0.5536608856547741,0.21496057612589436,0.14532907308562815,0.08604946513370332,0.9286743113365183,0.3291341506569279,0.9316722011347796,0.38866029832527216,3,0,5,1,0.07,0.08,41,179,prob_noisy,9,152
8,Tit For 2 Tats,2.4042694561810003,0.8270122783083219,0.0,0.9237804878048781,0.6031070035670222,0.23420488300179254,0.09547311143012552,0.06721500200105979,0.9204727144773687,0.7236241371881035,0.917506092128993,0.4834148933725526,3,0,5,1,0.07,0.08,41,179,prob_noisy,9,152
0,Defector,2.5734180918138763,0.039993974542441815,15.0,0.049166666666666664,0.015071174967620227,0.024815677103253858,0.3631527006321096,0.5969604472970164,0.05330483611645772,0.050504560536566045,0.03911223403306617,0.03892978148423264,3,0,5,1,0.04,0.03,75,128,prob_noisy,17,153
1,Evolved HMM 5,2.5452912762950968,0.4659813269765594,7.0,0.965,0.34815504039381107,0.11813244827701838,0.2433658640928727,0.2903466472362979,0.860066263066026,0.36826001573437733,0.161391533656431,0.17325564817368388,3,0,5,1,0.04,0.03,75,128,prob_noisy,17,153
2,Grudger,2.5438744551323214,0.24373198663503967,10.0,0.96,0.2057543651302049,0.04119474700265827,0.28399073849657924,0.4690601493705577,0.717038589524045,0.029120423768537775,0.07849387381869524,0.03975202418469033,3,0,5,1,0.04,0.03,75,128,prob_noisy,17,153
3,Evolved FSM 16,2.5105458399161407,0.5120763090106863,7.0,0.955,0.3192229837891794,0.19145951134596367,0.25337539031252065,0.23594211455233638,0.621707391067593,0.4214532503502142,0.44199436594087566,0.33497440853330396,3,0,5,1,0.04,0.03,75,128,prob_noisy,17,153
4,"DoubleCrosser: (D, D)",2.453101672209219,0.5539395834962337,4.0,0.9458333333333333,0.4519429257623943,0.10463546976252461,0.17514697817109648,0.2682746263039845,0.8778832510803086,0.7144387335117832,0.39643185654237545,0.15487478427149495,3,0,5,1,0.04,0.03,75,128,prob_noisy,17,153
5,Suspicious Tit For Tat,2.432563283537895,0.5217131577580385,9.0,0.035,0.3278105900450895,0.18871577773177464,0.20702319765163402,0.2764504345715018,0.9546248602071713,0.036918999640036615,0.9610459026778807,0.04848519586727354,3,0,5,1,0.04,0.03,75,128,prob_noisy,17,153
6,Meta Winner: 16 players,2.420168566817973,0.12678019360397344,12.0,0.9541666666666667,0.07036732676725946,0.05715358985812149,0.3283077929940114,0.5441712903806076,0.42334330885159954,0.2790830198657121,0.07861050373079567,0.09361290617611098,3,0,5,1,0.04,0.03,75,128,prob_noisy,17,153
7,Tit For Tat,2.3927196730121407,0.5940426606083554,4.0,0.9733333333333334,0.4153480442016478,0.18018590360874526,0.1754113118814557,0.2290547403081513,0.9610749651019282,0.042865811205747326,0.9594725931351757,0.04444028292072518,3,0,5,1,0.04,0.03,75,128,prob_noisy,17,153
8,Soft Joss: 0.9,2.3743918714973176,0.6398443225757537,3.0,0.9666666666666667,0.4423710695416327,0.1978218926107694,0.15837376298919525,0.20143327485840262,0.9657509509547193,0.13083603152866854,0.9609393465920888,0.13508689803228022,3,0,5,1,0.04,0.03,75,128,prob_noisy,17,153
9,GTFT: 0.33,2.2845262434185214,0.7295029051000645,2.0,0.95,0.4933347852232214,0.23554798165252724,0.11542476465605764,0.15569246846819376,0.9588630003468261,0.35569127543248086,0.9651050329480875,0.3737467017895323,3,0,5,1,0.04,0.03,75,128,prob_noisy,17,153
10,Tit For 2 Tats,2.2474120552301775,0.7681974623722196,1.0,0.9591666666666666,0.5742599904505057,0.19718919095944074,0.06325001092461348,0.1653008076654401,0.9591102975772825,0.7353811108433179,0.9569176946457317,0.44919759448060426,3,0,5,1,0.04,0.03,75,128,prob_noisy,17,153
11,Cycler DC,2.2398719179552176,0.49488063068646654,7.0,0.041666666666666664,0.17290543544798775,0.32194717539871626,0.2552710231119862,0.24987636604130986,0.13210309021466016,0.09146667015253054,0.920182920206967,0.8711430837498677,3,0,5,1,0.04,0.03,75,128,prob_noisy,17,153
12,Random: 0.5,2.2035051564951806,0.4993636315426632,7.0,0.4508333333333333,0.21349835244708865,0.2863479648784754,0.2200028200320367,0.2801508626423992,0.5053237180010004,0.49652659608193017,0.4984245560546757,0.5016507314977395,3,0,5,1,0.04,0.03,75,128,prob_noisy,17,153
13,Win-Stay Lose-Shift,2.200370843095258,0.5887035725623306,4.0,0.9633333333333334,0.33841340693468697,0.25232920446799995,0.16327550643878164,0.24598188215853148,0.9588295833804461,0.04078710303580001,0.045273254402497035,0.9567287551319443,3,0,5,1,0.04,0.03,75,128,prob_noisy,17,153
14,Alternator,2.1794026427185296,0.5076980053965399,6.0,0.96,0.1835382999955075,0.324164420157448,0.2503853142281999,0.24191196561884482,0.0403285463140232,0.04009365092814951,0.9618655257809594,0.9597469291597518,3,0,5,1,0.04,0.03,75,128,prob_noisy,17,153
15,Bully,2.023305253960496,0.5736280793110354,7.0,0.0475,0.18244102310963753,0.3935069215900446,0.21640212217197974,0.2076499331283382,0.03942686731510209,0.959746162201562,0.044164084624092846,0.9599133441663454,3,0,5,1,0.04,0.03,75,128,prob_noisy,17,153
16,Cooperator,1.9944870161910033,0.9605581041830669,1.0,0.9475,0.5802877332170379,0.3803140127908795,0.02330259041123124,0.016095663580851335,0.9629224112345799,0.9556433669671882,0.962432262080149,0.9702611689638291,3,0,5,1,0.04,0.03,75,128,prob_noisy,17,153
0,Grudger,2.589501996159254,0.25199078644290884,7.0,0.9743589743589743,0.22950386730727912,0.03293820510152703,0.25792366567834,0.4796342619128538,0.8146769232133421,0.028698716548778043,0.08497517490469894,0.02780452855839725,3,0,5,1,0.03,0.02,39,98,prob_noisy,10,154
1,Evolved FSM 16,2.516322714115762,0.5437658867235873,4.0,0.98005698005698,0.33528509703795395,0.20218926107085153,0.24682624252245422,0.21569939936874027,0.6746741339932245,0.5312090875756108,0.5143542804630995,0.3731321743453623,3,0,5,1,0.03,0.02,39,98,prob_noisy,10,154
2,Tit For Tat,2.4674803222038246,0.6034446691304651,2.0,0.98005698005698,0.44077987180465933,0.16047213863580131,0.1578676285214803,0.24088036103805907,0.969890950239847,0.030117872696438255,0.9699949947457045,0.029598927322231492,3,0,5,1,0.03,0.02,39,98,prob_noisy,10,154
3,GTFT: 0.33,2.423254081148818,0.742861009608878,1.0,0.9629629629629629,0.5172418808827065,0.22585589873007259,0.11831748603714562,0.13858473435007523,0.9660504466794365,0.34584382062296315,0.9741681070508581,0.3762732155004939,3,0,5,1,0.03,0.02,39,98,prob_noisy,10,154
4,Soft Joss: 0.9,2.3985137975318245,0.6367002273465411,1.0,0.9857549857549858,0.4626638414356921,0.18141593362214042,0.14297606536221277,0.21294415957995466,0.9688749952773724,0.11780272323737075,0.9721612139038981,0.12166518759913936,3,0,5,1,0.03,0.02,39,98,prob_noisy,10,154
5,Meta Winner: 8 players,2.3763064124035176,0.20791814351635124,7.0,0.9743589743589743,0.12632716527428153,0.07886703693986873,0.27390202432348804,0.5209037734623617,0.48758303638539563,0.4514955293999635,0.2873894474994219,0.06305528467128,3,0,5,1,0.03,0.02,39,98,prob_noisy,10,154
6,Tit For 2 Tats,2.331639557107393,0.8431308011322494,0.0,0.9686609686609686,0.6322573452946428,0.20401070728523774,0.05251392650304795,0.11121802091707157,0.9710951648822136,0.802810803741687,0.9724592993962078,0.46617591409635994,3,0,5,1,0.03,0.02,39,98,prob_noisy,10,154
7,Meta Mixer: 8 players,2.314599149023134,0.4730236770604218,4.0,0.8005698005698005,0.27216008304083167,0.2044204001458701,0.20085305340823734,0.3225664634050609,0.7198728137860595,0.30559163846610077,0.6767718975098411,0.2440195182463309,3,0,5,1,0.03,0.02,39,98,prob_noisy,10,154
8,Random: 0.5,2.2073734867353134,0.500391185291433,4.0,0.46438746438746437,0.2134382784953825,0.28704062205416453,0.21798505056822423,0.2815360488822288,0.5222387052842863,0.4948529950171423,0.4932723755252979,0.5062269090869452,3,0,5,1,0.03,0.02,39,98,prob_noisy,10,154
9,Win-Shift Lose-Stay: D,2.185047456698834,0.5490221473902345,4.0,0.03418803418803419,0.22175437140576665,0.33114417231038196,0.23918923297128547,0.2079122233125659,0.026580574253737298,0.9664062813184159,0.9687744496039171,0.030652537420654432,3,0,5,1,0.03,0.02,39,98,prob_noisy,10,154
0,Defector,2.828169307650465,0.018491555037856728,17.0,0.01697792869269949,0.007440951904828265,0.011277432436387182,0.41181225621028517,0.5694693594484994,0.3333333333333333,0.0,0.024584648888889792,0.025256339749309024,3,0,5,1,0.02,0.08,31,36,prob_noisy,20,155
1,Grudger,2.668689083820663,0.4263641425389755,7.0,0.9796264855687606,0.3855813487582795,0.05646223478854552,0.2584278254849153,0.2995285909682596,0.8489808294423955,0.046474170087615466,0.11782760834409316,0.024726020361036105,3,0,5,1,0.02,0.08,31,36,prob_noisy,20,155
2,Evolved HMM 5,2.6031640839194012,0.602195359177435,6.0,0.9813242784380306,0.48669825599211086,0.11491430161215226,0.21576347200736243,0.18262397038837444,0.9166451687957688,0.39181450599355605,0.22365227454363867,0.1815665679220331,3,0,5,1,0.02,0.08,31,36,prob_noisy,20,155
3,Evolved FSM 16,2.5831102031633733,0.6192647058823529,4.0,0.9745331069609507,0.45696258913448706,0.15535861080274344,0.23195218632734962,0.15572661373541993,0.7333404467975398,0.4363613031004628,0.53171853003373,0.35679073486603397,3,0,5,1,0.02,0.08,31,36,prob_noisy,20,155
4,Cycler DC,2.5825680418366175,0.4799074877132119,8.0,0.013582342954159592,0.19215337398463175,0.2872631125151819,0.29165505342867126,0.22892846007151518,0.10614116388717452,0.05940071972088762,0.9593246793145955,0.9054072036841763,3,0,5,1,0.02,0.08,31,36,prob_noisy,20,155
5,Suspicious Tit For Tat,2.5414461286907106,0.5130813953488372,10.0,0.030560271646859084,0.31374156602901104,0.1938692282086325,0.23669142066992813,0.2556977850924283,0.9834534434327351,0.018883262824599636,0.9905274097943271,0.026046432894703042,3,0,5,1,0.02,0.08,31,36,prob_noisy,20,155
6,Meta Winner: 18 players,2.495826687931951,0.25185404924354793,11.0,0.9881154499151104,0.1531239868174969,0.10086917900735048,0.3373697431915885,0.40863709098356416,0.565705851687053,0.4016092093934778,0.09382068515333664,0.15267644892545243,3,0,5,1,0.02,0.08,31,36,prob_noisy,20,155
7,Win-Stay Lose-Shift,2.449067495293257,0.6525661884336637,3.0,0.9762308998302207,0.45068046719437216,0.20592262592220018,0.16363407581572875,0.17976283106769902,0.9760304329673483,0.025909225372940343,0.0498617065488081,0.9553145886209288,3,0,5,1,0.02,0.08,31,36,prob_noisy,20,155
8,Tit For Tat,2.44295783317944,0.6542893725992317,2.0,0.9847198641765704,0.4766834056116757,0.18856843244656418,0.1681887036098551,0.16655945833190508,0.9786958088522607,0.035162884307271686,0.987783320522006,0.045554032084890284,3,0,5,1,0.02,0.08,31,36,prob_noisy,20,155
9,Bully,2.4104282198709446,0.5035659348342889,10.0,0.023769100169779286,0.17476584184190666,0.32117912308732416,0.2815153397824858,0.22253969528828335,0.026428257635152948,0.9867793339002647,0.022736449750877838,0.9799244777766338,3,0,5,1,0.02,0.08,31,36,prob_noisy,20,155
10,"DoubleCrosser: (D, D)",2.3984045393528852,0.7064272481117286,2.0,0.9728353140916808,0.5642464848847514,0.14627902039476065,0.1468109431851547,0.14266355153533325,0.9397093963087004,0.8530363041118099,0.5365614309095306,0.11775623684282786,3,0,5,1,0.02,0.08,31,36,prob_noisy,20,155
11,Random: 0.5,2.396828154114677,0.49640815129746374,8.0,0.47877758913412566,0.23897312038291657,0.2570926373913734,0.24210772698273944,0.2618265152429707,0.47911105789726005,0.5200921832349035,0.4784413140645965,0.5322082784108858,3,0,5,1,0.02,0.08,31,36,prob_noisy,20,155
12,Meta Mixer: 18 players,2.392174723648495,0.5266808209483369,7.0,0.6943972835314092,0.2958251312231309,0.23091497475795716,0.2252642136583637,0.24799568036054823,0.6128342169405985,0.3938315723692846,0.6008974832080803,0.4106040711567185,3,0,5,1,0.02,0.08,31,36,prob_noisy,20,155
13,Soft Joss: 0.9,2.376166241236926,0.7282235171074257,1.0,0.9745331069609507,0.5116971750278041,0.20210644777141484,0.1450200908074353,0.14117628639334567,0.9739829249680267,0.13922259347355637,0.9837274224479806,0.14559853701573391,3,0,5,1,0.02,0.08,31,36,prob_noisy,20,155
14,Win-Shift Lose-Stay: D,2.3594896331738435,0.54412806346508,8.0,0.015280135823429542,0.20608031203601385,0.33242387238714116,0.25551426399184934,0.20598155158499565,0.02426589553064797,0.9830798442667666,0.978676671457558,0.026688264398296163,3,0,5,1,0.02,0.08,31,36,prob_noisy,20,155
15,Alternator,2.3179259147554805,0.5203240676072077,6.0,0.9711375212224108,0.22875154652042304,0.2918048235054691,0.2566935951513443,0.2227500348227636,0.028967165794908902,0.025970923006632396,0.9819672010891483,0.9876862991063508,3,0,5,1,0.02,0.08,31,36,prob_noisy,20,155
16,GTFT: 0.33,2.311623739280963,0.7772277227722773,1.0,0.9779286926994907,0.5603626849061576,0.2245553773109608,0.10866978742872398,0.1064121503541577,0.9829312748149385,0.37455091663739515,0.9814100916601283,0.33154206619288146,3,0,5,1,0.02,0.08,31,36,prob_noisy,20,155
17,Tit For 2 Tats,2.1960821170573492,0.8400057603686636,0.0,0.9847198641765704,0.6240635689343733,0.22121943284116252,0.04894828322947429,0.10576871499498998,0.9774296819866827,0.79033521795162,0.9727535685090863,0.45825121550078945,3,0,5,1,0.02,0.08,31,36,prob_noisy,20,155
18,Anti Tit For Tat,2.108055056670015,0.5971769815418024,7.0,0.9745331069609507,0.22717560632254052,0.365329374424108,0.21644201322025539,0.19105300603309608,0.04282906914450672,0.9807589514416404,0.027336305308445066,0.9737949511453466,3,0,5,1,0.02,0.08,31,36,prob_noisy,20,155
19,Cooperator,2.016218862444624,0.9809390980939098,1.0,0.9881154499151104,0.6322595956851899,0.34842127970888603,0.013350527136805063,0.005968597469118843,0.9832219072724152,0.9776921668797812,0.9738562091503269,1.0,3,0,5,1,0.02,0.08,31,36,prob_noisy,20,155
0,Evolved HMM 5,2.8673440057259825,0.5556319862424763,7.0,0.972318339100346,0.44485557526841923,0.09487881014233114,0.2743470521477629,0.18591856244148677,0.9293372204677516,0.38851619489957384,0.1836510559016699,0.17299737158288153,3,0,5,1,0.02,0.05,17,159,prob_noisy,18,156
1,Evolved FSM 16,2.8127709418980764,0.5448801036941024,8.0,0.9757785467128027,0.42639434094417583,0.11705988695409168,0.29855560849932866,0.15799016360240392,0.6670408285314341,0.49064432821198734,0.48225253582762106,0.3022746176176233,3,0,5,1,0.02,0.05,17,159,prob_noisy,18,156
2,Grudger,2.751823295455625,0.3816651075771749,10.0,0.9792387543252595,0.32519555532666716,0.04828932070279773,0.3027354395977456,0.3237796843727895,0.892040820001942,0.05521744122750315,0.1081452654930393,0.03696037770533605,3,0,5,1,0.02,0.05,17,159,prob_noisy,18,156
3,Tit For Tat,2.5567368216429327,0.67616,2.0,0.9826989619377162,0.47323362175760514,0.20562054708389055,0.1932972304695302,0.12784860068897405,0.9784471907552872,0.02852674835996648,0.9854053738773078,0.06900286581360926,3,0,5,1,0.02,0.05,17,159,prob_noisy,18,156
4,"DoubleCrosser: (D, D)",2.548488294605193,0.6850519584332534,4.0,0.9757785467128027,0.556224098027009,0.1255479715684618,0.19036510604182655,0.1278628243627027,0.9480437642540525,0.8201184216111939,0.6234641003417457,0.05219577180764164,3,0,5,1,0.02,0.05,17,159,prob_noisy,18,156
5,Suspicious Tit For Tat,2.4967572560642712,0.5047154471544716,9.0,0.010380622837370242,0.30126177936857157,0.21548796367193362,0.2464960720908542,0.23675418486864053,0.9807215564135333,0.026492582368275248,0.9786575281561994,0.039255845036802954,3,0,5,1,0.02,0.05,17,159,prob_noisy,18,156
6,Soft Joss: 0.9,2.4456549876145575,0.7022775684089791,1.0,0.9930795847750865,0.4875800630503838,0.21024427762514222,0.16673281724758396,0.13544284207688986,0.9853061688700125,0.09969113737478844,0.9757565482181723,0.11337402169461606,3,0,5,1,0.02,0.05,17,159,prob_noisy,18,156
7,Win-Stay Lose-Shift,2.413758509807698,0.6431814054839295,4.0,0.9792387543252595,0.41848608815908234,0.20854012499448543,0.1808627702022083,0.19211101664422384,0.9793248563101222,0.034771144325828326,0.029068624584128674,0.9807500630439483,3,0,5,1,0.02,0.05,17,159,prob_noisy,18,156
8,GTFT: 0.33,2.3956890156725437,0.7841751422168591,0.0,0.9792387543252595,0.5622656923716947,0.22756247408924649,0.1209873293080142,0.08918450423104458,0.9823825601722634,0.3512206781556033,0.9791899154766801,0.42485130526443393,3,0,5,1,0.02,0.05,17,159,prob_noisy,18,156
9,Alternator,2.38384015738976,0.5120790629575402,5.0,0.9930795847750865,0.22665743941309918,0.28718440519028365,0.2684018654538257,0.21775628994279142,0.02534332672409969,0.021053058563222857,0.9719890917915049,0.9851305445019048,3,0,5,1,0.02,0.05,17,159,prob_noisy,18,156
10,Meta Winner: 16 players,2.371628299461117,0.32143542506236805,10.0,0.9688581314878892,0.16777738836751604,0.16909817156286944,0.30673351027785895,0.3563909297917556,0.5501365424007761,0.7114995945256504,0.11294339386414011,0.19541011931539293,3,0,5,1,0.02,0.05,17,159,prob_noisy,18,156
11,Meta Mixer: 16 players,2.368135132841015,0.5029799530431641,8.0,0.7024221453287197,0.27838988605592596,0.22736816557359446,0.22928442655364378,0.26495752181683563,0.5841813939540885,0.4054425168530079,0.5977011807890038,0.37602064400565416,3,0,5,1,0.02,0.05,17,159,prob_noisy,18,156
12,Random: 0.5,2.3649195066270803,0.5031892274982283,7.0,0.47750865051903113,0.22869990596198475,0.2738807416065107,0.23049950237184966,0.2669198500596549,0.4921625821450879,0.5032350479071582,0.5261903088032199,0.5143189107870859,3,0,5,1,0.02,0.05,17,159,prob_noisy,18,156
13,Cycler DC,2.3481543827055913,0.49014593049496014,6.0,0.02768166089965398,0.1850194565599016,0.3045141225482492,0.26791489950381164,0.24255152138803754,0.10259461497455657,0.07952004121196857,0.9425263216762503,0.9014887862767972,3,0,5,1,0.02,0.05,17,159,prob_noisy,18,156
14,Win-Shift Lose-Stay: D,2.341778318063964,0.5436485195797517,8.0,0.01384083044982699,0.2001782944756357,0.3458088287776996,0.2395473504991654,0.21446552624749937,0.027734575467766292,0.9796404192384152,0.9800086044512786,0.06386039422575755,3,0,5,1,0.02,0.05,17,159,prob_noisy,18,156
15,Tit For 2 Tats,2.2895139495549888,0.8726048679440704,0.0,0.986159169550173,0.6407766778235058,0.22617714389069854,0.056746008413761984,0.07630016987203353,0.9805315217036555,0.8000285448349819,0.981093308131761,0.25327707355649615,3,0,5,1,0.02,0.05,17,159,prob_noisy,18,156
16,Bully,2.266218558730793,0.5193343122858541,9.0,0.02422145328719723,0.2018577950196997,0.3310448899971184,0.2336658638269775,0.2334314511562044,0.041381218198581024,0.9803219945551495,0.02155824421880397,0.982760763603535,3,0,5,1,0.02,0.05,17,159,prob_noisy,18,156
17,Anti Tit For Tat,1.9573280162348041,0.6069097277503582,7.0,0.986159169550173,0.23484194062251604,0.3663652760140974,0.17750026948775322,0.22129251387563328,0.028248439482264798,0.9848441232228384,0.023903234076818956,0.9744080191409843,3,0,5,1,0.02,0.05,17,159,prob_noisy,18,156
0,Grudger,3.1406910397295014,0.35169095408303547,9.0,0.999000999000999,0.3251219068745751,0.02200157098448618,0.3835583784915124,0.26931814364942624,0.7394711610930854,0.04106538035669529,0.06656771142704862,0.011197109060578471,3,0,5,1,0.01,0.02,77,65,prob_noisy,14,157
1,Evolved HMM 5,3.0704031742782614,0.45605833956619296,8.0,0.989010989010989,0.39526820558669545,0.055974890633075265,0.36544812415314365,0.18330877962708564,0.8808808721182035,0.34496478365963706,0.12874651187708225,0.12931451280620493,3,0,5,1,0.01,0.02,77,65,prob_noisy,14,157
2,Win-Stay Lose-Shift,2.5641850105651014,0.6106547376982513,4.0,0.994005994005994,0.4368317692680531,0.1785621398094039,0.21462539081502774,0.16998070010751523,0.9910647773784487,0.010687511748385522,0.01005850109897222,0.9821366498580006,3,0,5,1,0.01,0.02,77,65,prob_noisy,14,157
3,Tit For Tat,2.534749865519096,0.6786717195125276,1.0,0.989010989010989,0.48019562639742025,0.1976684518915194,0.19172856082752693,0.13040736088353347,0.9896547719513885,0.009770867219018514,0.9916989826359024,0.0140774749642231,3,0,5,1,0.01,0.02,77,65,prob_noisy,14,157
4,Soft Joss: 0.9,2.50103550295858,0.7095637728066909,1.0,0.993006993006993,0.5031786683795468,0.20936112345028163,0.17442226840955677,0.11303793976061476,0.9894039591810854,0.11482863378686277,0.9906483480544555,0.11423987011762234,3,0,5,1,0.01,0.02,77,65,prob_noisy,14,157
5,Cycler DC,2.384766401016401,0.49061791004937944,7.0,0.01098901098901099,0.23691108179391845,0.2536411181996387,0.2768237146818372,0.23262408532460557,0.054170258260515,0.07846675364021907,0.9463682463732701,0.9321469318673208,3,0,5,1,0.01,0.02,77,65,prob_noisy,14,157
6,Bully,2.370629037300726,0.4825356102514765,7.0,0.006993006993006993,0.22002705890700297,0.26744887196263756,0.27812079089767916,0.2344032782326804,0.016444291150022137,0.990314792615839,0.009411620475657467,0.9905486019768043,3,0,5,1,0.01,0.02,77,65,prob_noisy,14,157
7,Alternator,2.3392618769447138,0.5069134517974975,5.0,0.99000999000999,0.25240758900564575,0.25458785473310486,0.2655557244562502,0.22744883180499922,0.009744719796333293,0.015291830261565291,0.9899048418508577,0.9932815104225046,3,0,5,1,0.01,0.02,77,65,prob_noisy,14,157
8,Meta Mixer: 13 players,2.331428116043501,0.5198975900261591,6.0,0.7332667332667333,0.282540045845592,0.2373602216689886,0.24066995867146523,0.23942977381395414,0.5547380618679442,0.48015950787784684,0.5359658365413439,0.4813202646626567,3,0,5,1,0.01,0.02,77,65,prob_noisy,14,157
9,Random: 0.5,2.3226448764910304,0.5017213071341561,7.0,0.5314685314685315,0.2549038093583204,0.24680416502188385,0.25453964338821505,0.24375238223158055,0.4948194076358972,0.48555286588013546,0.5022550685033204,0.48315037219709595,3,0,5,1,0.01,0.02,77,65,prob_noisy,14,157
10,Win-Shift Lose-Stay: D,2.310008016387003,0.5752129925452609,7.0,0.005994005994005994,0.24405310560170174,0.33073230295677525,0.2613075492793514,0.16390704216217158,0.010598109964428335,0.9919238867819303,0.9896308928564649,0.02297461513783756,3,0,5,1,0.01,0.02,77,65,prob_noisy,14,157
11,Tit For 2 Tats,2.2038727685672472,0.8703051325131429,0.0,0.989010989010989,0.6158641617719905,0.2542140316479427,0.058979546992570325,0.07094225958749642,0.9901088710607368,0.7722623171455504,0.9815932373149252,0.3920744034384743,3,0,5,1,0.01,0.02,77,65,prob_noisy,14,157
12,Anti Tit For Tat,2.1409399707830437,0.5452709883103082,6.0,0.986013986013986,0.23654705083323282,0.30901441823353293,0.22890969434740044,0.22552883658583378,0.00969893814793062,0.98889427110949,0.00935470478510695,0.9912502856470985,3,0,5,1,0.01,0.02,77,65,prob_noisy,14,157
13,Cooperator,1.9078341160532295,0.990701352530541,0.0,0.997002997002997,0.6078085693656294,0.38286999868490285,0.005551814466637169,0.0037696174828304955,0.9911350019663308,0.9908890161418912,0.9953703703703703,0.9916666666666666,3,0,5,1,0.01,0.02,77,65,prob_noisy,14,157
0,Defector,3.6269230769230774,0.04073838319541693,2.0,0.04285714285714286,0.026674891580678928,0.014321265791509807,0.65458043185675,0.3044234107710613,0.05505952380952381,0.07692307692307693,0.03650981078165544,0.04784736647412002,3,0,5,1,0.04,0.04,70,15,prob_noisy,3,158
1,Random: 0.5,1.3166666666666667,0.5086436170212766,0.0,0.5142857142857142,0.12119598955118557,0.38757620401009507,0.1277026226382726,0.36352518380044674,0.44893790849673204,0.499701231844089,0.5073260073260073,0.5162989244927375,3,0,5,1,0.04,0.04,70,15,prob_noisy,3,158
2,Bully,1.3111111111111111,0.6557583385777218,0.5,0.02142857142857143,0.12229887574828441,0.5252171056390333,0.14483152094561566,0.2076524976670666,0.10084033613445378,0.9646324549237171,0.030612244897959183,0.9345437900518767,3,0,5,1,0.04,0.04,70,15,prob_noisy,3,158
0,Suspicious Tit For Tat,2.5444444444444443,0.5125408942202835,2.0,0.07307692307692308,0.25993515634363334,0.24963854215689668,0.2762874847611491,0.21413881673832078,0.9307003225628995,0.1009861256729538,0.9208808588465889,0.08250440549220286,3,0,5,1,0.08,0.06,52,145,prob_noisy,6,159
1,Evolved HMM 5,2.5392808056423615,0.4177352749402304,2.0,0.9192307692307692,0.26423805842742576,0.14496320760871556,0.3168467081561651,0.27395202580769357,0.7814299922412126,0.3814151052621001,0.19191964567368455,0.1855651895676893,3,0,5,1,0.08,0.06,52,145,prob_noisy,6,159
2,Cycler DC,2.281610211426001,0.48541510845175767,2.0,0.09230769230769231,0.19500486645090462,0.2893013404943874,0.2714033076468588,0.2442904854078492,0.2412567230749049,0.12884889865396196,0.8596394719757441,0.7823479079083093,3,0,5,1,0.08,0.06,52,145,prob_noisy,6,159
3,Random: 0.5,2.2562278114966796,0.48886486486486486,2.0,0.5038461538461538,0.24082025906722931,0.24710240126532507,0.237681384889778,0.2743959547776675,0.49533117254253034,0.4994109273353039,0.4778820827253541,0.4798656205722233,3,0,5,1,0.08,0.06,52,145,prob_noisy,6,159
4,Tit For Tat,2.19167520162869,0.5403000254258835,1.0,0.9153846153846154,0.26636518002201537,0.27452522023806897,0.24551293286710138,0.21359666687281434,0.9123718086817183,0.08941392592079225,0.9209498279320991,0.09287701552533002,3,0,5,1,0.08,0.06,52,145,prob_noisy,6,159
5,Anti Tit For Tat,2.026252197430696,0.5801763164164879,1.0,0.9230769230769231,0.2646886082865424,0.31470349684550586,0.17250239028784706,0.24810550458010475,0.08666901225402704,0.9164029305818092,0.09774732335514912,0.9128221329317785,3,0,5,1,0.08,0.06,52,145,prob_noisy,6,159
0,Suspicious Tit For Tat,2.1744186046511627,0.47318833316628245,1.0,0.0,0.3110636567012406,0.17467124192100555,0.18093176804442054,0.3333333333333333,1.0,0.0,1.0,0.0,3,0,5,1,0.0,0.01,45,140,prob_noisy,4,160
1,Defector,2.142857142857143,0.0,2.0,0.0,0.0,0.0,0.28362481896398967,0.7163751810360103,0.0,0.0,0.0,0.0,3,0,5,1,0.0,0.01,45,140,prob_noisy,4,160
2,Alternator,1.9904761904761905,0.5024810126582279,1.0,1.0,0.05749875435974092,0.4449832706969785,0.33164401537134247,0.16587395957193818,0.0,0.0,1.0,1.0,3,0,5,1,0.0,0.01,45,140,prob_noisy,4,160
3,GTFT: 0.33,1.9096320346320346,0.6437618147448015,0.0,1.0,0.36856241106098153,0.29540789528502415,0.11886180552325555,0.21716788813073876,1.0,0.3310286270773873,1.0,0.34852652259332023,3,0,5,1,0.0,0.01,45,140,prob_noisy,4,160
0,Defector,2.6845287288469106,0.057255377158436836,9.0,0.05303030303030303,0.023599178741794964,0.03304900053780354,0.3660210812510094,0.5773307394693921,0.1546691403834261,0.06663318436717451,0.05948321160397028,0.05752942077964086,3,0,5,1,0.06,0.08,60,20,prob_noisy,12,161
1,Grudger,2.462879166288257,0.33516315949984754,5.5,0.9363636363636364,0.23484949601355432,0.09780317864981236,0.2887764300924853,0.378570895244148,0.7587780398729943,0.05137855717714265,0.15481083701716997,0.05310103923200063,3,0,5,1,0.06,0.08,60,20,prob_noisy,12,161
2,Evolved HMM 5,2.38134363974675,0.5197153868959383,4.0,0.9393939393939394,0.34222285603073865,0.1807058358896643,0.23555708268613948,0.24151422539345765,0.8195650615539427,0.40626198834633503,0.20626700653757196,0.22953209835039298,3,0,5,1,0.06,0.08,60,20,prob_noisy,12,161
3,Suspicious Tit For Tat,2.31298410911414,0.44080642716386237,5.0,0.05454545454545454,0.26352484326343845,0.17637343700180014,0.2144301473797231,0.3456715723550383,0.9440862146455664,0.07095399985523589,0.936633325547372,0.05540191263077134,3,0,5,1,0.06,0.08,60,20,prob_noisy,12,161
4,Meta Winner: 10 players,2.2760455453637274,0.28800599700149926,6.0,0.9257575757575758,0.15452973880585932,0.13483599015185319,0.27945542811856483,0.43117884292372266,0.496470151174074,0.36733089733038293,0.1436318696684306,0.13917812423821097,3,0,5,1,0.06,0.08,60,20,prob_noisy,12,161
5,Win-Shift Lose-Stay: D,2.23142501437956,0.47989548555668454,5.0,0.06666666666666667,0.1883185523586701,0.28686651573964034,0.23807518126042923,0.28673975064126034,0.0556518768886079,0.9420156791261374,0.9301137116113117,0.06737645912208257,3,0,5,1,0.06,0.08,60,20,prob_noisy,12,161
6,Meta Mixer: 10 players,2.228821638848377,0.46314346634176057,5.0,0.5893939393939394,0.23446641947739855,0.2286552740686543,0.2282160338103176,0.3086622726436296,0.5610037425085991,0.3836025352035733,0.5498858756355164,0.3523228912492405,3,0,5,1,0.06,0.08,60,20,prob_noisy,12,161
7,Bully,2.2094644623053714,0.5240089753178758,5.0,0.05303030303030303,0.1575814981464471,0.3670086015642084,0.25266159759985773,0.22274830268948678,0.06503347660741186,0.930961300455314,0.05282979912735307,0.9388762010183253,3,0,5,1,0.06,0.08,60,20,prob_noisy,12,161
8,Tit For Tat,2.2058663558663563,0.5862898376428142,1.0,0.9484848484848485,0.37339179350099766,0.20641854135939186,0.16034743642996296,0.2598422287096475,0.9543159804016191,0.050999394793977054,0.9478675727852771,0.06403379397980198,3,0,5,1,0.06,0.08,60,20,prob_noisy,12,161
9,GTFT: 0.33,2.086773327682418,0.6901966539477546,1.0,0.953030303030303,0.40710783802590883,0.2859478464524454,0.1260255319908544,0.1809187835307914,0.9468040333165352,0.3302071436162523,0.9278438989752669,0.37151730803299654,3,0,5,1,0.06,0.08,60,20,prob_noisy,12,161
10,Tit For 2 Tats,1.9562257917521075,0.7401417128773875,0.0,0.9393939393939394,0.4690730431195979,0.2694232211566374,0.08208364603494905,0.17942008968881565,0.9419031340806668,0.6759775321159448,0.9352820658315335,0.3287975652335709,3,0,5,1,0.06,0.08,60,20,prob_noisy,12,161
11,Anti Tit For Tat,1.9181715480160455,0.6139853884001789,3.0,0.9318181818181818,0.20656505791205593,0.40678396738938094,0.20222181330699904,0.1844291613915641,0.053392324076600876,0.9394696287557575,0.053582578616142,0.9406579137253701,3,0,5,1,0.06,0.08,60,20,prob_noisy,12,161
0,Grudger,2.7697127028949233,0.291005291005291,7.0,1.0,0.2730379339338057,0.03275646458445911,0.33075317870643806,0.36345242277529716,0.864114973584651,0.04464285714285714,0.07161757348824017,0.01362987432697621,3,0,5,1,0.01,0.04,19,88,prob_noisy,15,162
1,Defector,2.759674952774948,0.01018832973139858,12.0,0.007518796992481203,0.004187946853093944,0.005563526216370042,0.4297518736588302,0.5604966532717058,0.3333333333333333,0.0,0.013961557166593563,0.011856614691835665,3,0,5,1,0.01,0.04,19,88,prob_noisy,15,162
2,Evolved FSM 16,2.647883597883598,0.5218525766470972,5.0,0.9962406015037594,0.3740626123085714,0.15311995082728255,0.3055159312527665,0.16730150561137952,0.7239044066421292,0.4623835732292934,0.4845574619575047,0.3375510891704175,3,0,5,1,0.01,0.04,19,88,prob_noisy,15,162
3,Meta Winner: 14 players,2.538678381155837,0.12473052048044349,9.0,0.9887218045112782,0.07175445900819369,0.05916506542614334,0.3877513369423231,0.48132913862333976,0.5355519994106951,0.44097287165241233,0.09871115698744311,0.11792284621282308,3,0,5,1,0.01,0.04,19,88,prob_noisy,15,162
4,Bully,2.364663657342482,0.5282932765439611,7.0,0.022556390977443608,0.18892019031694998,0.34399242391905016,0.25400952687817885,0.21307785888582104,0.010059975364352929,0.9923090167148589,0.013230638773042347,0.9946513575977862,3,0,5,1,0.01,0.04,19,88,prob_noisy,15,162
5,Suspicious Tit For Tat,2.3404540248839916,0.47050837230351483,8.0,0.007518796992481203,0.31405973152972866,0.17748944437882233,0.20080829450734552,0.3076425295841035,0.9921988869457966,0.013390845363180566,0.9905129499485711,0.010532950237141677,3,0,5,1,0.01,0.04,19,88,prob_noisy,15,162
6,Soft Joss: 0.9,2.318355069780135,0.6224042117578239,1.0,0.9924812030075187,0.4383056998363837,0.20941083684643663,0.15838722074799258,0.1938962425691871,0.9883438806070617,0.13014283591247006,0.9911613254110893,0.15741956661907772,3,0,5,1,0.01,0.04,19,88,prob_noisy,15,162
7,Cycler DC,2.2943778579641494,0.48971757608993693,6.0,0.007518796992481203,0.20147626417622694,0.28771616586546694,0.26630404823700077,0.24450352172130535,0.03504003213049171,0.0962331201503754,0.9477911075510341,0.922126120752196,3,0,5,1,0.01,0.04,19,88,prob_noisy,15,162
8,Win-Shift Lose-Stay: D,2.2831701173072187,0.499093107617896,6.0,0.011278195488721804,0.228087727882738,0.28091355357045433,0.2469490147263496,0.244049703820458,0.012969641993125275,0.9957482342465445,0.989482516261653,0.03224771696589621,3,0,5,1,0.01,0.04,19,88,prob_noisy,15,162
9,GTFT: 0.33,2.202421301854075,0.7513679890560876,0.0,0.9924812030075187,0.4913048883749213,0.2503374966417932,0.11436726575864202,0.14399034922464343,0.9922771151480888,0.32825375182456545,0.9957950359967113,0.40042207101524574,3,0,5,1,0.01,0.04,19,88,prob_noisy,15,162
10,Alternator,2.19720759466051,0.5096899224806202,5.0,0.9849624060150376,0.21739555430948077,0.2925523164825305,0.2511812214316619,0.23887090777632689,0.02022710489916792,0.008804900749461778,0.9931607973846762,0.9889141307565722,3,0,5,1,0.01,0.04,19,88,prob_noisy,15,162
11,Random: 0.5,2.182523999107661,0.5106636838180463,5.0,0.575187969924812,0.23375661697884978,0.27750052868641734,0.22327326384677346,0.2654695904879595,0.5275005727306191,0.4887175099759934,0.5452292819675418,0.5170820013505731,3,0,5,1,0.01,0.04,19,88,prob_noisy,15,162
12,Tit For 2 Tats,2.0996142787116785,0.810187741579238,0.0,0.9887218045112782,0.5749309028233691,0.21925620530886364,0.04193093252280152,0.16388195934496572,0.9923918763629845,0.8000808254715296,0.9911621711621711,0.45546812881040133,3,0,5,1,0.01,0.04,19,88,prob_noisy,15,162
13,Anti Tit For Tat,1.985812529692907,0.5914728682170542,5.0,0.9924812030075187,0.21597852205529292,0.38318060610465116,0.20083363827256487,0.2000072335674911,0.01568423699767057,0.9918979450327249,0.020967474544685907,0.9912069401410653,3,0,5,1,0.01,0.04,19,88,prob_noisy,15,162
14,Cooperator,1.664237394709745,0.9905380595961022,0.0,0.9849624060150376,0.5459407731175969,0.44428897894088026,0.005426816309952669,0.004343431631570107,0.9914067943475244,0.9811254743585668,0.9848484848484849,1.0,3,0,5,1,0.01,0.04,19,88,prob_noisy,15,162
0,Defector,2.7485440874914557,0.030562347188264057,10.0,0.02631578947368421,0.012790860155515579,0.018128127805763013,0.38475674036095686,0.5843242716777646,0.1,0.14285714285714285,0.0474841803677539,0.028263375938921847,3,0,5,1,0.03,0.02,19,22,prob_noisy,11,163
1,Evolved FSM 16,2.455194805194805,0.5706043121773459,5.0,0.9631578947368421,0.3889469405234962,0.17796128273264247,0.2190763049326383,0.214015471811223,0.6527625339898611,0.39008921250595624,0.49393227226931236,0.4785430776563346,3,0,5,1,0.03,0.02,19,22,prob_noisy,11,163
2,Meta Winner: 9 players,2.446969696969697,0.13880320789636028,9.0,0.9736842105263158,0.09136568002906786,0.04882096764422418,0.3301669910386461,0.5296463612880619,0.5783752118413735,0.31638203343352844,0.035908437698061665,0.02962270411894817,3,0,5,1,0.03,0.02,19,22,prob_noisy,11,163
3,Tit For Tat,2.351298701298701,0.6253337288638386,2.0,0.9842105263157894,0.42294447719836104,0.19029322792449538,0.1724140522235737,0.2143482426535699,0.9677393394723988,0.03957116002899834,0.9725347847393946,0.04420675294322686,3,0,5,1,0.03,0.02,19,22,prob_noisy,11,163
4,"DoubleCrosser: (D, D)",2.3278787878787877,0.6288536366357378,3.0,0.9947368421052631,0.46796998638276877,0.15182453410922178,0.1546952381673674,0.22551024134064201,0.9606700243124248,0.8010981019548794,0.4391704959884293,0.1740635472008021,3,0,5,1,0.03,0.02,19,22,prob_noisy,11,163
5,Alternator,2.233989898989899,0.5143929912390488,4.0,0.9631578947368421,0.2142101841543734,0.30044041070097527,0.25319635506929195,0.23215305007535939,0.03372633673195409,0.04100579143280436,0.9775769538089106,0.9806259070712698,3,0,5,1,0.03,0.02,19,22,prob_noisy,11,163
6,GTFT: 0.33,2.190909090909091,0.7430635838150289,1.0,0.9789473684210527,0.465671962346041,0.2644288110332153,0.12233865977961356,0.1475605668411301,0.9786347908732589,0.33130505485341005,0.9735684487761336,0.4129344754344755,3,0,5,1,0.03,0.02,19,22,prob_noisy,11,163
7,Meta Mixer: 9 players,2.1653679653679654,0.492018244013683,5.0,0.6736842105263158,0.2580799908351732,0.23264321482139652,0.21660065086763725,0.29267614347579296,0.544683815473235,0.4391743529277452,0.5771390742293666,0.4022192676801657,3,0,5,1,0.03,0.02,19,22,prob_noisy,11,163
8,Cycler DC,2.15479797979798,0.4998517640083012,4.0,0.04736842105263158,0.1820308570816972,0.3174457226782047,0.26047440424008883,0.24004901600000927,0.1128229078153033,0.077069979120481,0.964505615748752,0.9118388663744668,3,0,5,1,0.03,0.02,19,22,prob_noisy,11,163
9,Tit For 2 Tats,2.026969696969697,0.7853268626891237,0.0,0.9947368421052631,0.540582739050714,0.23244663772604537,0.04694017791675022,0.18003044530649048,0.9673059495656108,0.7703333417780508,0.93559934318555,0.47983294187508746,3,0,5,1,0.03,0.02,19,22,prob_noisy,11,163
10,Anti Tit For Tat,1.773409090909091,0.6192456192456193,4.0,0.9736842105263158,0.23044250099136834,0.3890395965822025,0.16281295916182223,0.217704943264607,0.03581686183899348,0.9673300401208286,0.038310730304485875,0.9664710599704966,3,0,5,1,0.03,0.02,19,22,prob_noisy,11,163
0,Evolved HMM 5,2.873503959173296,0.4436997319034853,5.0,0.9615384615384616,0.34104753785761205,0.1000461419481068,0.33756466692694015,0.22134165326734093,0.8960937445300631,0.28104178090080345,0.11107921390209606,0.1549251580252186,3,0,5,1,0.04,0.03,26,23,prob_noisy,8,164
1,Evolved FSM 16,2.786064448836188,0.5208066581306018,3.0,0.9835164835164835,0.3908197318428117,0.13879871013703454,0.28251024447719836,0.18787131354295544,0.7437692925819377,0.36146665237238007,0.45826069311944784,0.33511162633628633,3,0,5,1,0.04,0.03,26,23,prob_noisy,8,164
2,"DoubleCrosser: (D, D)",2.5972049689440997,0.626955074875208,2.5,0.967032967032967,0.46203167984922067,0.16072911858465777,0.23875635270067766,0.13848284886544382,0.9259359781648507,0.7458462969295555,0.27471129509207465,0.09295859676368863,3,0,5,1,0.04,0.03,26,23,prob_noisy,8,164
3,Soft Joss: 0.9,2.487859781593797,0.6938288441868394,1.0,0.9615384615384616,0.47514630802643215,0.2199858947011542,0.17448283265895986,0.13038496461345367,0.9610428310366009,0.1384429893556544,0.950493559582957,0.17179589781214502,3,0,5,1,0.04,0.03,26,23,prob_noisy,8,164
4,Meta Mixer: 6 players,2.325103519668737,0.5041267745130406,4.0,0.945054945054945,0.2987691624879539,0.20593067710651256,0.22722240087060117,0.26807775953493246,0.5635419775087244,0.4249656366031083,0.4635565258697966,0.4215980962283469,3,0,5,1,0.04,0.03,26,23,prob_noisy,8,164
5,Meta Winner: 6 players,2.2219420959830165,0.54209996645421,3.0,0.967032967032967,0.24377324907651973,0.30168131060668474,0.23186674883175806,0.22267869148503747,0.6028819357798288,0.7949147299816456,0.12745287674364558,0.5069825762833551,3,0,5,1,0.04,0.03,26,23,prob_noisy,8,164
6,Alternator,2.012785575363215,0.5199240986717267,1.0,0.9835164835164835,0.2161456101922974,0.3038934560027993,0.17619938706369845,0.30376154674120487,0.047083705309368014,0.051302759923449584,0.9740406033667292,0.9628694806413002,3,0,5,1,0.04,0.03,26,23,prob_noisy,8,164
7,Anti Tit For Tat,1.9659646009433522,0.6269678302532512,2.0,0.9615384615384616,0.21383261436583734,0.41233644410788917,0.17479911966500553,0.19903182186126797,0.04268483868437413,0.9705157699011682,0.052471579859206495,0.9569019707819768,3,0,5,1,0.04,0.03,26,23,prob_noisy,8,164
0,Evolved FSM 16,2.8998616986874666,0.39997962183956565,10.0,0.9584717607973422,0.2614323349643383,0.13810438970759956,0.3774864896852429,0.22297678564281923,0.5460473979456787,0.39556622101986944,0.3757136986521815,0.29192498447433574,3,0,5,1,0.04,0.01,86,84,prob_noisy,15,165
1,Grudger,2.849707703837607,0.17577898760569907,12.0,0.9642857142857143,0.14277245835357763,0.03316588040890019,0.3988137713356272,0.425247889901895,0.6416241649484739,0.03396946314172068,0.07386600730213697,0.040490434980686156,3,0,5,1,0.04,0.01,86,84,prob_noisy,15,165
2,"DoubleCrosser: (D, D)",2.780478152578171,0.4733668487736836,8.0,0.9543189368770764,0.3820892450462023,0.0858491295158261,0.28803280687093596,0.24402881856703557,0.8109622685043772,0.6759244897192349,0.31509864907905133,0.0863244846167035,3,0,5,1,0.04,0.01,86,84,prob_noisy,15,165
3,Tit For Tat,2.445907449228531,0.5980577128398636,5.0,0.9568106312292359,0.3963882103461084,0.2047946801744585,0.2052035170136435,0.19361359246578966,0.9614570177961761,0.04305204801000677,0.9613250741926965,0.051854445730773954,3,0,5,1,0.04,0.01,86,84,prob_noisy,15,165
4,Win-Stay Lose-Shift,2.4335942019576082,0.5190709375982748,6.0,0.9634551495016611,0.2943107601113422,0.22733928093266045,0.25905012504095815,0.21929983391503918,0.9605963764048544,0.04178918968401518,0.03801365589737659,0.9630872711653858,3,0,5,1,0.04,0.01,86,84,prob_noisy,15,165
5,Soft Joss: 0.9,2.405503727465012,0.6445588235294117,3.0,0.9634551495016611,0.4284613232419793,0.21635117128289688,0.18536345018378483,0.169824055291339,0.9604811939240925,0.12647399991605265,0.9564786199104348,0.13029622259694026,3,0,5,1,0.04,0.01,86,84,prob_noisy,15,165
6,Suspicious Tit For Tat,2.3676156638291337,0.529734989411024,7.0,0.03903654485049834,0.3231899970028264,0.2092760759975438,0.2205625827917877,0.24697134420784203,0.9536819784042075,0.042942663249061395,0.9613514496728293,0.03939997970325997,3,0,5,1,0.04,0.01,86,84,prob_noisy,15,165
7,Tit For 2 Tats,2.2543316010579915,0.8079581272953356,1.0,0.9692691029900332,0.5692556086595315,0.24042962428967973,0.08195047436487332,0.10836429268591549,0.9595729548267624,0.7416439280856009,0.9613251563206928,0.36504302175623193,3,0,5,1,0.04,0.01,86,84,prob_noisy,15,165
8,Meta Mixer: 14 players,2.2486447746154754,0.4937942003465023,7.0,0.728405315614618,0.25827220712937693,0.2354164389549789,0.23638248560826988,0.26992886830737417,0.5655991888761275,0.4334176609777557,0.5487986126582766,0.4357669521989695,3,0,5,1,0.04,0.01,86,84,prob_noisy,15,165
9,Alternator,2.239678650267493,0.5042851838098774,5.5,0.9501661129568106,0.23062843209499434,0.2736967492857493,0.25543010589803183,0.24024471272122463,0.039389868806831665,0.04105745157933981,0.9608494853440438,0.9623622211154867,3,0,5,1,0.04,0.01,86,84,prob_noisy,15,165
10,Random: 0.5,2.2321346769149732,0.49954341870678787,6.0,0.48588039867109634,0.23535172381994046,0.26429035420289504,0.24009010853539128,0.26026781344177324,0.4969391815957966,0.4952207317136265,0.5023643395934424,0.5031056233432523,3,0,5,1,0.04,0.01,86,84,prob_noisy,15,165
11,Bully,2.157297111741557,0.5363270618861673,7.0,0.03156146179401993,0.20279025674494885,0.32961510675443256,0.25221287808540543,0.21538175841521318,0.03936305620762998,0.9580934876798789,0.04084677228969783,0.9599332456003616,3,0,5,1,0.04,0.01,86,84,prob_noisy,15,165
12,Win-Shift Lose-Stay: D,2.142695503134913,0.5427118401260654,6.0,0.03903654485049834,0.2231331289894604,0.3198415340076332,0.23584852266187104,0.22117681434103537,0.04225142665360266,0.9614220983803526,0.9621755899426055,0.03827247616777286,3,0,5,1,0.04,0.01,86,84,prob_noisy,15,165
13,Anti Tit For Tat,2.039711552476693,0.5548371267337308,6.0,0.9609634551495017,0.21236182412991614,0.33977733000925936,0.23797968774967254,0.2098811581111519,0.0398022003466448,0.9562984344017618,0.03964186002268059,0.9593499214291438,3,0,5,1,0.04,0.01,86,84,prob_noisy,15,165
14,Cooperator,1.9330834845264808,0.9600355367045438,1.0,0.9601328903654485,0.5798820614253399,0.380134100491922,0.02367484019094007,0.01630899789179806,0.961502619373076,0.9551843280740291,0.9576970628685713,0.9649301771356017,3,0,5,1,0.04,0.01,86,84,prob_noisy,15,165
0,Defector,2.966895776178678,0.023164335664335664,14.0,0.003703703703703704,0.009799268825127109,0.013776791589278494,0.45970007463991663,0.5167238649456777,0.0,0.18333333333333335,0.031017276799114566,0.026928977668879053,3,0,5,1,0.03,0.05,18,43,prob_noisy,16,166
1,Grudger,2.826220317840306,0.36963470319634706,8.0,0.9740740740740741,0.33661988198952947,0.05134140689085404,0.32297751431891114,0.2890611968007054,0.8655165072371972,0.11824823253851387,0.07993043658786901,0.03719979146260792,3,0,5,1,0.03,0.05,18,43,prob_noisy,16,166
2,Evolved FSM 16,2.708440895534774,0.5379591836734694,7.0,0.9851851851851852,0.3944028506259208,0.1457309757097562,0.2936734776446492,0.16619269601967382,0.6752184977379222,0.3484248777146553,0.44953268484999215,0.4208815870549993,3,0,5,1,0.03,0.05,18,43,prob_noisy,16,166
3,Evolved HMM 5,2.679668534333377,0.4701402805611222,7.0,0.9814814814814815,0.37582100619888753,0.10655042770005936,0.2938578081921612,0.22377075790889195,0.8385785763207173,0.3718956453237076,0.1698553682987379,0.14896990665746213,3,0,5,1,0.03,0.05,18,43,prob_noisy,16,166
4,Win-Stay Lose-Shift,2.4584523454581593,0.5844,4.0,0.9740740740740741,0.3845073028025061,0.21123618720537707,0.2096335348881532,0.19462297510396365,0.9715584489540627,0.032173653491257566,0.03240130866104386,0.9793594663049413,3,0,5,1,0.03,0.05,18,43,prob_noisy,16,166
5,"DoubleCrosser: (D, D)",2.438045089612192,0.600459242250287,5.0,0.9666666666666667,0.45395616480787504,0.13638973445593788,0.211090671314318,0.19856342942186903,0.848520520493168,0.7579888688057644,0.4738776076923078,0.054939154200115754,3,0,5,1,0.03,0.05,18,43,prob_noisy,16,166
6,Tit For Tat,2.432704669511945,0.6536771728748806,3.0,0.9629629629629629,0.46834869326603545,0.18216550212240026,0.17197633990216243,0.1775094647094018,0.9625608781093288,0.043971834915479645,0.9754712507228143,0.048811851335779956,3,0,5,1,0.03,0.05,18,43,prob_noisy,16,166
7,Cycler DC,2.3569904429081907,0.4860655737704918,7.0,0.02962962962962963,0.20996430599382115,0.27612811574859003,0.24688388917932882,0.26702368907826,0.10204603647765609,0.11501668578330507,0.9191964234433484,0.8880571451966637,3,0,5,1,0.03,0.05,18,43,prob_noisy,16,166
8,Bully,2.35291003670123,0.5388556789069172,8.0,0.02962962962962963,0.17254558362530012,0.3555057596119692,0.2613830027727453,0.21056565398998547,0.037849629260236155,0.9785915348491895,0.024212196021881408,0.9728698032708055,3,0,5,1,0.03,0.05,18,43,prob_noisy,16,166
9,Win-Shift Lose-Stay: D,2.3216047978869208,0.5357142857142857,7.0,0.037037037037037035,0.21045764174800358,0.31880038015478634,0.2425259472169103,0.22821603088029976,0.04472426417106084,0.9792731629630883,0.9603574812357125,0.03227198300029509,3,0,5,1,0.03,0.05,18,43,prob_noisy,16,166
10,Random: 0.5,2.2907984109824437,0.5028656336234345,6.0,0.4962962962962963,0.228045737343664,0.27418200368993256,0.23352722262464043,0.264245036341763,0.492279741301837,0.49460412197266296,0.5429147229658146,0.5359627777808832,3,0,5,1,0.03,0.05,18,43,prob_noisy,16,166
11,GTFT: 0.33,2.290083337412727,0.779678273264101,1.5,0.9740740740740741,0.5355719148966502,0.2337768187482617,0.11917208668144881,0.11147917967363931,0.9667833738307363,0.34417113339393507,0.9702220185600243,0.45559321363762895,3,0,5,1,0.03,0.05,18,43,prob_noisy,16,166
12,Alternator,2.1737906383599013,0.5154598045082784,5.0,0.9740740740740741,0.24536502774983487,0.27027807280510374,0.2251286722881431,0.25922822715691823,0.036337385540477087,0.03445333348061629,0.9788626374526997,0.948948605490284,3,0,5,1,0.03,0.05,18,43,prob_noisy,16,166
13,Tit For 2 Tats,2.1653517216389213,0.8409416581371546,0.5,0.9777777777777777,0.5889826266133306,0.23484055643445662,0.059872922551760105,0.11630389440045263,0.9747750656515858,0.7680500539443512,0.9771885521885522,0.34379262000869026,3,0,5,1,0.03,0.05,18,43,prob_noisy,16,166
14,Anti Tit For Tat,2.0400606004675774,0.5982423101067169,5.0,0.9666666666666667,0.22011084692163224,0.36808196767096574,0.21153395618197074,0.2002732292254313,0.03859195006380148,0.9651935729547841,0.027912506550718464,0.9762638953544515,3,0,5,1,0.03,0.05,18,43,prob_noisy,16,166
15,Cooperator,1.8510055559474163,0.9678449744463373,0.0,0.9629629629629629,0.5678737340513552,0.400816596009098,0.01666417614960771,0.014645493789939068,0.971516279467165,0.9742503689169834,0.9930069930069931,0.9635989010989012,3,0,5,1,0.03,0.05,18,43,prob_noisy,16,166
0,Defector,2.6263264572189056,0.0,11.0,0.0,0.0,0.0,0.35558632471132595,0.644413675288674,0.0,0.0,0.0,0.0,3,0,5,1,0.0,0.04,89,98,prob_noisy,13,167
1,Grudger,2.5994936770912616,0.5352570377040836,3.0,1.0,0.5114347931498486,0.020983288391424142,0.16281027121511288,0.30477164724361433,1.0,0.0,0.0,0.0,3,0,5,1,0.0,0.04,89,98,prob_noisy,13,167
2,"DoubleCrosser: (D, D)",2.538828103712088,0.6612383947289607,2.0,1.0,0.6077625743990988,0.062319494790494236,0.13320326986988235,0.19671466094052475,1.0,0.804571339038732,0.0,0.0,3,0,5,1,0.0,0.04,89,98,prob_noisy,13,167
3,Tit For Tat,2.44735125985126,0.6867665715191881,0.0,1.0,0.5509170307564769,0.13751494242130305,0.12414229429351502,0.18742573252870506,1.0,0.0,1.0,0.0,3,0,5,1,0.0,0.04,89,98,prob_noisy,13,167
4,Meta Winner: 12 players,2.424159224818454,0.11019471438304586,8.0,1.0,0.06973886888638177,0.04137563018149754,0.32274740039841704,0.5661381005337035,0.4954613334536544,0.39622516791138146,0.02449446953696798,0.034039899383819516,3,0,5,1,0.0,0.04,89,98,prob_noisy,13,167
5,Soft Joss: 0.9,2.4081868048352315,0.7325211661494847,0.0,1.0,0.5914142782881381,0.14002605421937978,0.09809857572016549,0.1704610917723167,1.0,0.10159021609551228,1.0,0.09964877622125592,3,0,5,1,0.0,0.04,89,98,prob_noisy,13,167
6,Suspicious Tit For Tat,2.365804801899685,0.48064681927806113,6.0,0.0,0.3095576434394123,0.1812064653759865,0.20383675869648957,0.3053991324881117,1.0,0.0,1.0,0.0,3,0,5,1,0.0,0.04,89,98,prob_noisy,13,167
7,GTFT: 0.33,2.326506899055919,0.7868688736822638,0.0,1.0,0.6357590202934823,0.16923187643085527,0.06042448766995753,0.1345846156057049,1.0,0.3336183911700645,1.0,0.3257085982129492,3,0,5,1,0.0,0.04,89,98,prob_noisy,13,167
8,Cycler DC,2.2712840378862054,0.49001530364674706,5.0,0.0,0.15243730547386042,0.3375528418831774,0.27547747395014965,0.2345323786928125,0.0,0.0,1.0,1.0,3,0,5,1,0.0,0.04,89,98,prob_noisy,13,167
9,Win-Stay Lose-Shift,2.262235389790225,0.7523157620624232,0.0,1.0,0.5765907440381123,0.1818849881508572,0.06964870842620759,0.17187555938482282,1.0,0.0,0.0,1.0,3,0,5,1,0.0,0.04,89,98,prob_noisy,13,167
10,Random: 0.5,2.1669925999138537,0.5033120189914615,5.0,0.4943820224719101,0.22044465496392388,0.2829311854423276,0.2141758503641584,0.28244830922959013,0.5069020816554793,0.5065129112924605,0.5027406040507796,0.496121869597924,3,0,5,1,0.0,0.04,89,98,prob_noisy,13,167
11,Bully,2.135704183465911,0.574291429218402,5.0,0.0,0.1683479984255762,0.38868900342633533,0.25253911106558846,0.19042388708249994,0.0,1.0,0.0,1.0,3,0,5,1,0.0,0.04,89,98,prob_noisy,13,167
12,Cooperator,2.0157891836959583,1.0,0.0,1.0,0.6710252443326681,0.32897475566733186,0.0,0.0,1.0,1.0,0.0,0.0,3,0,5,1,0.0,0.04,89,98,prob_noisy,13,167
0,Defector,2.6984281502783976,0.10064008227096224,16.0,0.08763505402160865,0.044915388081869845,0.055702101444814495,0.38773735564373846,0.5116451548295772,0.09883667619959786,0.09615850374503354,0.10227455735019318,0.09872022175440777,3,0,5,1,0.1,0.03,98,163,prob_noisy,18,168
1,Grudger,2.567607796587593,0.18962839911884727,13.0,0.8949579831932774,0.11570305570063584,0.07339760635968144,0.35254371476485685,0.4583556231748259,0.5050796002806307,0.10132643586977486,0.12961784585591457,0.09875238566587913,3,0,5,1,0.1,0.03,98,163,prob_noisy,18,168
2,Evolved HMM 5,2.4766309413005425,0.36146533735219105,9.0,0.9141656662665066,0.20863055530411037,0.15295444111698542,0.3101963808340677,0.3282186227448365,0.705173544074856,0.35510240467164966,0.19698885206097802,0.2201359382031981,3,0,5,1,0.1,0.03,98,163,prob_noisy,18,168
3,Meta Winner: 16 players,2.4690153656951956,0.17034039683384802,13.0,0.9009603841536614,0.08686203356386522,0.08401119154153577,0.3601016750307339,0.46902509986386504,0.34516420030783895,0.2758340600377336,0.12364164649978775,0.12643517553568662,3,0,5,1,0.1,0.03,98,163,prob_noisy,18,168
4,"DoubleCrosser: (D, D)",2.339435106144591,0.3877504673060462,7.5,0.9051620648259304,0.2515904297978573,0.1361601778617023,0.2695257582766344,0.342723634063806,0.7299021304443755,0.5586169641085291,0.23501190197933744,0.1339534927490108,3,0,5,1,0.1,0.03,98,163,prob_noisy,18,168
5,Suspicious Tit For Tat,2.3310154651146107,0.4721386095000367,8.0,0.09963985594237695,0.2585467042221527,0.21532459548718122,0.22694494343312652,0.2991837568575395,0.8971868266242231,0.09479695567401722,0.8997893201950526,0.10130172864574771,3,0,5,1,0.1,0.03,98,163,prob_noisy,18,168
6,Tit For Tat,2.277030160159296,0.522848591980678,5.0,0.9087635054021609,0.29880880687027583,0.22084188444796884,0.21107265336654055,0.2692766553152148,0.896421442273083,0.09782537062449843,0.8998786462271102,0.10124076522221769,3,0,5,1,0.1,0.03,98,163,prob_noisy,18,168
7,Win-Stay Lose-Shift,2.25350963577315,0.5114005929386398,6.5,0.8979591836734694,0.25134845368024195,0.2611708019854393,0.2382117053740307,0.249269038960288,0.900510224253275,0.09494790980719113,0.10546853851014704,0.9024617179278653,3,0,5,1,0.1,0.03,98,163,prob_noisy,18,168
8,Cycler DC,2.2453018291618148,0.49299630261660976,7.0,0.10684273709483794,0.21551382169960603,0.27746974289825355,0.23827118186084503,0.26874525354129536,0.20780018695510125,0.18654546482459877,0.8134897875523706,0.7891180734954056,3,0,5,1,0.1,0.03,98,163,prob_noisy,18,168
9,Win-Shift Lose-Stay: D,2.215403406560875,0.5138846119010959,8.0,0.09243697478991597,0.2138769733223004,0.2972294032795177,0.23205127328052397,0.2568423501176579,0.09664219675894974,0.8987234786387137,0.8949239786723222,0.10647462798420021,3,0,5,1,0.1,0.03,98,163,prob_noisy,18,168
10,Meta Mixer: 16 players,2.2144815647420204,0.4771139738144547,7.0,0.6230492196878752,0.2285356846688361,0.24913586491405196,0.2351568416283476,0.28717160878876435,0.5230972343458556,0.44324909342019864,0.5217210515691724,0.4254145063279849,3,0,5,1,0.1,0.03,98,163,prob_noisy,18,168
11,Random: 0.5,2.2140716790009956,0.5013859002881214,7.0,0.521608643457383,0.2301824408130557,0.2714005771863791,0.2267659263416012,0.271651055658964,0.5007869920924162,0.503150762844972,0.4988366327654628,0.5035628297506717,3,0,5,1,0.1,0.03,98,163,prob_noisy,18,168
12,Bully,2.188108619371506,0.5423059171051416,8.0,0.11044417767106843,0.2058085805156138,0.3340670363671271,0.2273111518026471,0.23281323131461207,0.10072794712257256,0.9041934912030303,0.10096818334354868,0.896812155078419,3,0,5,1,0.1,0.03,98,163,prob_noisy,18,168
13,Alternator,2.186760618882589,0.5067980192129347,6.0,0.8997599039615847,0.22536879591060135,0.28141614709474605,0.23201607101449298,0.2611989859801595,0.10227199630951936,0.10155765097101821,0.9017768757352771,0.9014485527204706,3,0,5,1,0.1,0.03,98,163,prob_noisy,18,168
14,GTFT: 0.33,2.1123078409451583,0.6565449024492245,2.0,0.9111644657863145,0.3670599433286819,0.2880871572536648,0.15256572707294064,0.19228717234471268,0.9067704719790501,0.37564957037293345,0.8993681743022754,0.3611384856918424,3,0,5,1,0.1,0.03,98,163,prob_noisy,18,168
15,Anti Tit For Tat,2.022569060575645,0.5653332346519632,7.0,0.8991596638655462,0.22429727569036,0.3385963349966891,0.21154316468648537,0.22556322462646558,0.0966963507617083,0.8981884123920567,0.10126093389843914,0.9025566406348696,3,0,5,1,0.1,0.03,98,163,prob_noisy,18,168
16,Tit For 2 Tats,2.010176216448165,0.6922470904207699,1.0,0.9039615846338536,0.4165191342551145,0.2780873100202668,0.11075378174151904,0.19463977398309967,0.8922263714403476,0.6388098606486007,0.8975267781834488,0.34552643565392177,3,0,5,1,0.1,0.03,98,163,prob_noisy,18,168
17,Cooperator,1.7376331312907616,0.90117922405257,1.0,0.9153661464585834,0.4446542244947655,0.45652972583339074,0.04881279393626344,0.0500032557355803,0.9040531127557685,0.8968474110544636,0.9134802063185058,0.901082989594119,3,0,5,1,0.1,0.03,98,163,prob_noisy,18,168
0,Grudger,2.809188594629771,0.4881019431146156,6.0,0.9802721088435374,0.4162229129605233,0.06681892564117926,0.28928167593019805,0.2276764854680994,0.791076249300674,0.02833993968373749,0.12271014432468981,0.018188527872159577,3,0,5,1,0.02,0.08,98,18,prob_noisy,16,169
1,Evolved HMM 5,2.7419763107263107,0.6304868862562487,5.0,0.9775510204081632,0.5223326019304263,0.1068827293959598,0.2410611495928549,0.12972351908075894,0.9236159786021646,0.3666842539811315,0.19513915793358147,0.1555771450293141,3,0,5,1,0.02,0.08,98,18,prob_noisy,16,169
2,Cycler DC,2.6432948532948535,0.4776550429571872,7.0,0.017006802721088437,0.22368278252172555,0.2536997213119665,0.3146967999743942,0.20792069619191367,0.085752956835667,0.07506216334460414,0.9510822344125364,0.9104801926597487,3,0,5,1,0.02,0.08,98,18,prob_noisy,16,169
3,Suspicious Tit For Tat,2.625971620971621,0.5084460643442911,8.0,0.014285714285714285,0.3140562393941464,0.19306194168211865,0.25017645888589624,0.24270536003783877,0.977296148192173,0.025727729280838916,0.9810073331829601,0.024149525247711877,3,0,5,1,0.02,0.08,98,18,prob_noisy,16,169
4,Bully,2.6099813258636786,0.4353547309057996,8.0,0.019727891156462583,0.1839827866009706,0.253916401527499,0.3284974759564847,0.23360333591504562,0.02722477145904251,0.9861603333423188,0.020995936775249573,0.9784153031371348,3,0,5,1,0.02,0.08,98,18,prob_noisy,16,169
5,Win-Shift Lose-Stay: D,2.58513505013505,0.5261570827489481,8.0,0.02108843537414966,0.23366147969685483,0.29302503256597884,0.2938291989760237,0.1794842887611426,0.030969902156470868,0.9762312464488578,0.980654379580745,0.028993281846153622,3,0,5,1,0.02,0.08,98,18,prob_noisy,16,169
6,Tit For Tat,2.5136080586080585,0.7202177402470514,1.0,0.9789115646258504,0.5256409256785137,0.19413933757076396,0.17093741614313032,0.10928232060759195,0.9814448537967808,0.024781521226259026,0.9902378147862705,0.02567118433141399,3,0,5,1,0.02,0.08,98,18,prob_noisy,16,169
7,Win-Stay Lose-Shift,2.5054256854256853,0.6703804919066638,3.0,0.9795918367346939,0.4913259888139061,0.18043735652430276,0.17891805892121354,0.1493185957405777,0.9787217540610667,0.026754558293847097,0.02296193554906075,0.9789398957851337,3,0,5,1,0.02,0.08,98,18,prob_noisy,16,169
8,Random: 0.5,2.503973063973064,0.500429061784897,7.0,0.49387755102040815,0.27243764498204237,0.2281758158051507,0.2706182386606859,0.22876830055212113,0.5029303016358622,0.5040108299807649,0.5003979882741818,0.5154182075371498,3,0,5,1,0.02,0.08,98,18,prob_noisy,16,169
9,Soft Joss: 0.9,2.47390799015799,0.745669884302047,1.0,0.9809523809523809,0.5439982737192947,0.20076057240016296,0.15437211051786312,0.10086904336267924,0.974992896230793,0.11773374845426694,0.9759853220039731,0.20685059609107884,3,0,5,1,0.02,0.08,98,18,prob_noisy,16,169
10,Meta Winner: 14 players,2.4540746753246756,0.4678030303030303,7.0,0.9802721088435374,0.2630500688707952,0.20542707712792196,0.3089935443263154,0.22252930967496753,0.5152559422974635,0.7848007787251261,0.11606471256483616,0.47447574141314397,3,0,5,1,0.02,0.08,98,18,prob_noisy,16,169
11,Meta Mixer: 14 players,2.4289947089947086,0.5855489301999298,6.0,0.7013605442176871,0.36121940880046627,0.22406330359182478,0.22142087287359813,0.19329641473411094,0.655122602304815,0.4461058574085399,0.6496374307732155,0.48134797406594837,3,0,5,1,0.02,0.08,98,18,prob_noisy,16,169
12,GTFT: 0.33,2.39535631035631,0.811959903214656,0.0,0.9843537414965986,0.5976818824358059,0.21400902322416424,0.11227979620676898,0.07602929813326093,0.9761064884669355,0.347692203587064,0.9822879382855975,0.4166021029400094,3,0,5,1,0.02,0.08,98,18,prob_noisy,16,169
13,Anti Tit For Tat,2.350006967433438,0.5497411898177693,6.0,0.9823129251700681,0.2508817607040946,0.29410382534887003,0.25614765242440857,0.1988667615226269,0.019446916982272165,0.9816218512559299,0.022178517463385505,0.9809703032274106,3,0,5,1,0.02,0.08,98,18,prob_noisy,16,169
14,Tit For 2 Tats,2.303923715173715,0.8829405557509673,0.0,0.9782312925170068,0.6577209591557863,0.22482002893907352,0.0571008206605846,0.060358191244555624,0.9794656746919279,0.7657262503534757,0.9896157771981906,0.44036727778177753,3,0,5,1,0.02,0.08,98,18,prob_noisy,16,169
15,Cooperator,2.083525132275132,0.9795408835564187,0.0,0.9795918367346939,0.6514176505772064,0.32813387498272356,0.013143697589240291,0.007304776850829709,0.9799481077405734,0.9815605383338928,0.9847330447330447,0.9753968253968254,3,0,5,1,0.02,0.08,98,18,prob_noisy,16,169
0,Defector,2.9212776923620845,0.048397174027971356,17.0,0.04564983888292159,0.021284975218316033,0.027071726479441123,0.41837267604732437,0.5332706222549185,0.10468933093535426,0.06907106119752092,0.050892852883986116,0.04501851395691854,3,0,5,1,0.05,0.09,98,108,prob_noisy,20,170
1,Grudger,2.596441586997207,0.373731901900916,9.0,0.952201933404941,0.2936864421816375,0.08083168419328954,0.2876059968302616,0.3378758767948113,0.7474776139092554,0.059653368728328875,0.1294616054479041,0.05106284344401967,3,0,5,1,0.05,0.09,98,108,prob_noisy,20,170
2,Suspicious Tit For Tat,2.5720831797204795,0.49249177670782285,10.0,0.04940923737916219,0.2932590628250097,0.19866287110475161,0.247093947089698,0.2609841189805407,0.9543833014237952,0.04783535122696248,0.9466491344380065,0.06750070213168083,3,0,5,1,0.05,0.09,98,108,prob_noisy,20,170
3,Cycler DC,2.494912947596461,0.47719699133580884,9.0,0.04779806659505908,0.1982016923741172,0.2786430453767336,0.2781701305457427,0.24498513170340652,0.13927305382614583,0.11129954206936549,0.899924709335172,0.8545367758695559,3,0,5,1,0.05,0.09,98,108,prob_noisy,20,170
4,Evolved FSM 16,2.494120994078549,0.5641233379402374,6.0,0.9538131041890441,0.37875339232225014,0.18670253962091907,0.23744074180572808,0.19710332625110258,0.6952312853695525,0.34630143000675906,0.47535729928804216,0.33018803744584185,3,0,5,1,0.05,0.09,98,108,prob_noisy,20,170
5,Bully,2.4880853883462777,0.49471915506481035,10.0,0.05907626208378088,0.18297427198189067,0.31736890539771834,0.26547271687262813,0.23418410574776286,0.04661601052320717,0.9552825370408089,0.052833487417807315,0.9465085950672248,3,0,5,1,0.05,0.09,98,108,prob_noisy,20,170
6,Win-Shift Lose-Stay: D,2.4776807068559314,0.5023334326283388,9.0,0.047261009667024706,0.21081823234997835,0.28722836718573425,0.26196828090479346,0.23998511955949384,0.052097901427633056,0.9451125713375504,0.9505065437573689,0.05421540609372444,3,0,5,1,0.05,0.09,98,108,prob_noisy,20,170
7,Evolved HMM 5,2.4608749495349223,0.5063501089944081,6.0,0.9559613319011815,0.37123467907020613,0.14506972263913223,0.2542533884750912,0.22944220981557045,0.8566024939696524,0.3797872232408164,0.1972143566165866,0.18126494221117678,3,0,5,1,0.05,0.09,98,108,prob_noisy,20,170
8,Meta Winner: 18 players,2.455354584502534,0.2684547828150961,11.0,0.9462943071965628,0.15997586423955643,0.10984387393471468,0.32440615219550356,0.4057741096302254,0.5233934434158558,0.41182259092369145,0.11934541203708472,0.14054853270816584,3,0,5,1,0.05,0.09,98,108,prob_noisy,20,170
9,Tit For Tat,2.394778054303707,0.6290428424111747,3.0,0.9511278195488722,0.423738677740819,0.20364997851650388,0.18273000351027305,0.18988134023240397,0.9479715997844981,0.05200349646462649,0.9493809000901471,0.054416577416098094,3,0,5,1,0.05,0.09,98,108,prob_noisy,20,170
10,Meta Mixer: 18 players,2.3770768709500993,0.5137465274451576,7.0,0.6578947368421053,0.2788914079689211,0.23537934118069384,0.22743043560447498,0.25829881524591,0.5991637538640862,0.43248661717888615,0.5493512734464836,0.4118242256177246,3,0,5,1,0.05,0.09,98,108,prob_noisy,20,170
11,Random: 0.5,2.372807638664592,0.5032603406326034,8.0,0.5010741138560687,0.2488873414189645,0.2544375957783556,0.2398779407063112,0.2567971220963686,0.5016076654155449,0.5045257416960057,0.5034087785851679,0.5120711479130858,3,0,5,1,0.05,0.09,98,108,prob_noisy,20,170
12,Alternator,2.3612360364274982,0.5257179386309992,7.0,0.9532760472610097,0.24601792871056105,0.2800598734041331,0.2574849380578103,0.21643725982749565,0.052402010335193074,0.059455291580694465,0.958029787284227,0.9561367229669304,3,0,5,1,0.05,0.09,98,108,prob_noisy,20,170
13,Soft Joss: 0.9,2.3514695309880707,0.6550625386407952,2.0,0.9430719656283566,0.4328916427597245,0.21810370468196608,0.16446836823238775,0.18453628432592167,0.9501104207377268,0.13424221973049244,0.9487937332231148,0.17657050051514184,3,0,5,1,0.05,0.09,98,108,prob_noisy,20,170
14,Win-Stay Lose-Shift,2.338725224561138,0.6004147776598823,4.0,0.9511278195488722,0.3674695925751157,0.2328948505536721,0.19499898820731967,0.20463656866389246,0.9530821664566389,0.04771727487413828,0.05177241845528399,0.9545705892089927,3,0,5,1,0.05,0.09,98,108,prob_noisy,20,170
15,"DoubleCrosser: (D, D)",2.3274152151062166,0.6743796911603003,3.0,0.9468313641245972,0.49073807618684767,0.18215293618811906,0.16444200591401023,0.162666981711023,0.8990062408897261,0.78179301264237,0.42523759076243894,0.1721302746186545,3,0,5,1,0.05,0.09,98,108,prob_noisy,20,170
16,GTFT: 0.33,2.27757493707099,0.7405867970660147,1.0,0.9548872180451128,0.4822070877770972,0.2584679923136809,0.13096821773924316,0.1283567021699788,0.9407816754429247,0.34767303624832974,0.9548944119060581,0.3932751280827407,3,0,5,1,0.05,0.09,98,108,prob_noisy,20,170
17,Anti Tit For Tat,2.161991758883773,0.5767457180500659,7.0,0.9479054779806659,0.23356790736413433,0.34064044699620966,0.22257992550515454,0.20321172013450148,0.05031051143924944,0.9362495393983344,0.05106186766607131,0.9493993048797961,3,0,5,1,0.05,0.09,98,108,prob_noisy,20,170
18,Tit For 2 Tats,2.146893324555456,0.802278720334345,1.0,0.9602577873254565,0.5559188858215656,0.24756549332107536,0.07178492016901687,0.1247307006883422,0.9535373154574497,0.7449167253228073,0.9502310782025538,0.3888718324643719,3,0,5,1,0.05,0.09,98,108,prob_noisy,20,170
19,Cooperator,2.004075998627229,0.9510903278140955,1.0,0.9511278195488722,0.5753328881294807,0.3756864392692454,0.028911613723316684,0.020069058877957235,0.9551695961918402,0.9460414077928009,0.9524572393589225,0.9227853718214373,3,0,5,1,0.05,0.09,98,108,prob_noisy,20,170
0,Defector,2.627056277056277,0.020951509606587374,9.0,0.0205761316872428,0.007938602326335423,0.012985341033645447,0.3466405816278007,0.6324354750122184,0.10493827160493828,0.06166666666666666,0.02374803250337551,0.01916797210659442,3,0,5,1,0.02,0.07,81,149,prob_noisy,10,171
1,Grudger,2.499007293260167,0.3173613695571269,4.0,0.9835390946502057,0.2599747216466581,0.05696649786484621,0.26011939258771694,0.4229393879007788,0.8306413380487753,0.02967920150931102,0.12654320124980273,0.018663387309193098,3,0,5,1,0.02,0.07,81,149,prob_noisy,10,171
2,Meta Winner: 9 players,2.3103785103785106,0.16539886873415252,6.0,0.9766803840877915,0.1009295069629838,0.06496684018650517,0.27846237073950697,0.555641282111004,0.49677237526831025,0.29704912604015765,0.04403065575738893,0.026685009389862,3,0,5,1,0.02,0.07,81,149,prob_noisy,10,171
3,Cycler DC,2.2488418262928067,0.4825920524972658,4.0,0.010973936899862825,0.16330863968996315,0.3190910422412424,0.26512915859827135,0.2524711594705231,0.13182806486292736,0.0649428149012054,0.9605516129610366,0.8830163301074668,3,0,5,1,0.02,0.07,81,149,prob_noisy,10,171
4,Tit For Tat,2.2444444444444445,0.5233226837060703,1.0,0.9711934156378601,0.32759909926563513,0.20656289899348904,0.1796261107971699,0.2862118909437059,0.9827567242716027,0.020223893393768042,0.9847966724341496,0.021144352630636385,3,0,5,1,0.02,0.07,81,149,prob_noisy,10,171
5,Soft Joss: 0.9,2.182402809608692,0.5762545418835314,0.0,0.9780521262002744,0.34587584319357195,0.23981737541279344,0.15855851128609622,0.2557482701075384,0.9779742196506255,0.13035507646765884,0.9851903639162614,0.13434417591688358,3,0,5,1,0.02,0.07,81,149,prob_noisy,10,171
6,Random: 0.5,2.156935626102293,0.4913494809688581,4.0,0.45267489711934156,0.20292151631151,0.289281953055156,0.20955482778298448,0.29824170285034934,0.501864404907025,0.4951803004748242,0.4406877726204631,0.492939455194025,3,0,5,1,0.02,0.07,81,149,prob_noisy,10,171
7,Alternator,2.131734006734007,0.5168957871396895,3.0,0.9780521262002744,0.19324317655502632,0.3237405044645566,0.2421892035617747,0.2408271154186425,0.023029375613549733,0.0229921413106835,0.9804555280607814,0.9861836048458706,3,0,5,1,0.02,0.07,81,149,prob_noisy,10,171
8,Tit For 2 Tats,1.9784313725490195,0.7455806880821136,0.0,0.9862825788751715,0.5017063467366908,0.2464429176791126,0.04523160337475851,0.20661913220943817,0.9825857394887512,0.7485143255727481,0.9861565632954132,0.2576512336317153,3,0,5,1,0.02,0.07,81,149,prob_noisy,10,171
9,Anti Tit For Tat,1.9135465768799103,0.6285462727450597,3.0,0.9698216735253772,0.24493678701134547,0.3789756279495864,0.15331923852485352,0.22276834651421465,0.02107615154301793,0.9780036197233003,0.02967477327530555,0.9821252112039627,3,0,5,1,0.02,0.07,81,149,prob_noisy,10,171
0,Win-Stay Lose-Shift,2.836406186406186,0.5668549905838042,2.0,0.9583333333333334,0.42760760748763965,0.15660672420499358,0.2807260241113209,0.13505964419604588,0.9487438172149951,0.03205128205128205,0.06738484374932108,0.9659671497069872,3,0,5,1,0.04,0.1,24,187,prob_noisy,7,172
1,Grudger,2.6860021786492374,0.48668639053254437,2.0,0.9652777777777778,0.4222744318450835,0.07949407931215689,0.2017892439306447,0.29644224491211485,0.9591863803551111,0.043560606060606064,0.1622335327045472,0.04507519507519508,3,0,5,1,0.04,0.1,24,187,prob_noisy,7,172
2,Soft Joss: 0.9,2.6676260994421774,0.7041116005873715,0.5,0.9375,0.5377941995775831,0.19441801020733585,0.17137935478469268,0.09640843543038831,0.9478809568961508,0.16015503569943668,0.938953382670021,0.09587583148558758,3,0,5,1,0.04,0.1,24,187,prob_noisy,7,172
3,Tit For Tat,2.591308109352396,0.6650618982118295,0.0,0.9791666666666666,0.4515843678331386,0.21449819068046203,0.19298249041180104,0.14093495107459836,0.9757865140911562,0.04885832914537976,0.9649548947234781,0.0772050022050022,3,0,5,1,0.04,0.1,24,187,prob_noisy,7,172
4,GTFT: 0.33,2.4865833060913154,0.8121968121968122,0.0,0.9930555555555556,0.6044834218834033,0.21589709484038935,0.1102146423342976,0.0694048409419098,0.9615723715363466,0.3908438703597285,0.9935897435897436,0.47146367146367146,3,0,5,1,0.04,0.1,24,187,prob_noisy,7,172
5,Suspicious Tit For Tat,2.38847508849262,0.4372623574144487,2.0,0.04861111111111111,0.16462248665092685,0.26369891347971164,0.2951653755385119,0.2765132243308496,0.9636578829062489,0.05440228603646894,0.9702254110920361,0.08597002997002998,3,0,5,1,0.04,0.1,24,187,prob_noisy,7,172
6,Win-Shift Lose-Stay: D,2.3679122948614477,0.5565749235474006,3.0,0.05555555555555555,0.1793568541244297,0.3638812055363143,0.23623708715009475,0.22052485318916126,0.08143472906403941,0.9586122512752947,0.9638211997082965,0.06610889110889111,3,0,5,1,0.04,0.1,24,187,prob_noisy,7,172
0,Defector,2.9501658953892775,0.030417316740580583,12.0,0.025252525252525252,0.014505105705531193,0.015800530883633715,0.47551254111509006,0.49418182229574503,0.03868578132925618,0.044476975674303414,0.02785672770206543,0.035320721552544,3,0,5,1,0.03,0.01,99,116,prob_noisy,13,173
1,Meta Winner: 11 players,2.864321616053075,0.05498889772848712,11.0,0.9654882154882155,0.030250375190955654,0.024767968117302818,0.45635142338442697,0.48863023330731464,0.029236747038370633,0.1592574197491047,0.02940383005581536,0.08422014621168232,3,0,5,1,0.03,0.01,99,116,prob_noisy,13,173
2,Evolved HMM 5,2.8175681730954074,0.364698483345831,8.0,0.9629629629629629,0.2704923470785326,0.09533369416959565,0.35365648637281283,0.2805174723790589,0.7924199913350943,0.31522688754301414,0.1041257448524356,0.1386927018505324,3,0,5,1,0.03,0.01,99,116,prob_noisy,13,173
3,"DoubleCrosser: (D, D)",2.6634971233944484,0.4432266713005486,5.0,0.9705387205387206,0.3687695157349067,0.07948055939289402,0.2691131904536207,0.28263673441857856,0.7780623932507206,0.6926311229650058,0.26499076928074733,0.11060669981056787,3,0,5,1,0.03,0.01,99,116,prob_noisy,13,173
4,Evolved FSM 16,2.646801266586618,0.4101002350007194,8.0,0.968013468013468,0.2432856574992606,0.1724337288019744,0.3415889739957339,0.24269163970303106,0.6113809446933466,0.34638921686435803,0.27525653037193093,0.3410316202719456,3,0,5,1,0.03,0.01,99,116,prob_noisy,13,173
5,GTFT: 0.33,2.1316877917774306,0.6985325313833637,2.0,0.9646464646464646,0.4596915518123143,0.24054014791340672,0.1043570934589384,0.19541120681534055,0.9715233970042328,0.3406753208128708,0.9695624160696495,0.31934066548299417,3,0,5,1,0.03,0.01,99,116,prob_noisy,13,173
6,Tit For 2 Tats,2.1183050979037774,0.7020441900344194,1.0,0.9671717171717171,0.4959766539778622,0.21301160309152,0.078124307644528,0.2128874352860898,0.9737860327968911,0.677797391604135,0.971098318583184,0.2686195638574526,3,0,5,1,0.03,0.01,99,116,prob_noisy,13,173
7,Meta Mixer: 11 players,2.0700469255615244,0.4812647069362988,6.0,0.7912457912457912,0.21521698716790347,0.26569246617541087,0.2125921018199615,0.30649844483672406,0.481329069495053,0.48783310730873114,0.45305943553655265,0.502585310791172,3,0,5,1,0.03,0.01,99,116,prob_noisy,13,173
8,Win-Stay Lose-Shift,2.052895017202283,0.568366404046299,4.0,0.9739057239057239,0.3014766469952101,0.26790105276559234,0.16599378552473237,0.26462851471446514,0.9674461212839471,0.0310646351577554,0.03266348095550157,0.9734754955660067,3,0,5,1,0.03,0.01,99,116,prob_noisy,13,173
9,Alternator,1.9533325502128154,0.5041308420193092,4.0,0.9747474747474747,0.23634376390675116,0.2678175596594467,0.1759666125524936,0.31987206388130845,0.03064038512354797,0.031158913628366165,0.9757784154282699,0.9648997859643339,3,0,5,1,0.03,0.01,99,116,prob_noisy,13,173
10,Bully,1.8884810012441928,0.6101142942703134,5.0,0.030303030303030304,0.15370633994838703,0.4515617410306813,0.22588591938527966,0.16884599963565208,0.028929173644533335,0.9640703119966161,0.0355927446601544,0.9750901910554969,3,0,5,1,0.03,0.01,99,116,prob_noisy,13,173
11,Anti Tit For Tat,1.7251815036833227,0.6342379554814788,4.0,0.9705387205387206,0.16477782542501684,0.4639009486375047,0.20396461021275192,0.16735661572472652,0.03203100646716141,0.9669060345225854,0.026103190074808262,0.9701057991707435,3,0,5,1,0.03,0.01,99,116,prob_noisy,13,173
12,Cooperator,1.5358466485621658,0.9690315666164027,1.0,0.9612794612794613,0.4494121663925481,0.5196027429592691,0.014737697677862644,0.016247392970320042,0.9677114905788334,0.9670756827163363,0.9579990449513827,0.958223574660836,3,0,5,1,0.03,0.01,99,116,prob_noisy,13,173
0,Grudger,2.386439696112027,0.2349421394298617,6.0,0.9322916666666666,0.17957254146794935,0.057720925088739335,0.24594520577703616,0.5167613276662752,0.7720872732436056,0.05487972475444475,0.11443795551490916,0.05449291471451481,3,0,5,1,0.06,0.03,64,119,prob_noisy,10,174
1,Defector,2.3842886585673626,0.056842105263157895,8.0,0.06770833333333333,0.018926160201285597,0.03807125907607765,0.30789503391068307,0.6351075468119537,0.08323372962194593,0.041878657260556264,0.05809350037213498,0.06043957642276137,3,0,5,1,0.06,0.03,64,119,prob_noisy,10,174
2,Meta Winner: 8 players,2.376109682700636,0.08506301957629392,7.0,0.9409722222222222,0.04242775974311536,0.04302116260613408,0.2954834350457513,0.6190676426049992,0.056109745532401153,0.05340112512868766,0.057081429535148026,0.056024062128435165,3,0,5,1,0.06,0.03,64,119,prob_noisy,10,174
3,"DoubleCrosser: (D, D)",2.2225601367817234,0.47119386637458927,3.0,0.9322916666666666,0.3591156295348109,0.11693133678986942,0.14792217009895003,0.3760308635763696,0.8780159306408556,0.6207666784894542,0.30656062718282484,0.11987146131170204,3,0,5,1,0.06,0.03,64,119,prob_noisy,10,174
4,Meta Mixer: 8 players,2.2150814792545397,0.46070068136702613,4.0,0.8125,0.2515236123572889,0.21377465547185023,0.18652265752757424,0.3481790746432867,0.6321529450199859,0.34395150989927215,0.5833785170365346,0.363745793046369,3,0,5,1,0.06,0.03,64,119,prob_noisy,10,174
5,Tit For Tat,2.2120124923089777,0.5116549527228599,2.0,0.9427083333333334,0.3588217206116734,0.15876427416797603,0.14788947126144789,0.3345245339589027,0.9440873769301432,0.05971911826628943,0.9389535501515672,0.05830986831360456,3,0,5,1,0.06,0.03,64,119,prob_noisy,10,174
6,Alternator,2.13856936155116,0.5070277506049529,3.0,0.9479166666666666,0.19557578352145943,0.3115196080997269,0.23492558658528612,0.2579790217935276,0.03990717542137385,0.062176279598943326,0.9287122878371505,0.941861299439588,3,0,5,1,0.06,0.03,64,119,prob_noisy,10,174
7,Tit For 2 Tats,2.1186792620946893,0.681242744209188,1.0,0.9444444444444444,0.46749408718182917,0.20170868830957134,0.07239981833169536,0.258397406176904,0.9391351297480137,0.6538053869201919,0.927774251784892,0.34600581134156383,3,0,5,1,0.06,0.03,64,119,prob_noisy,10,174
8,Win-Stay Lose-Shift,2.101519711366657,0.5527085590465872,3.0,0.9357638888888888,0.2760738640896021,0.2771418987857503,0.17786551702632017,0.26891872009832746,0.9407064006592383,0.05904347169366705,0.055375581061091146,0.944086176837614,3,0,5,1,0.06,0.03,64,119,prob_noisy,10,174
9,Cooperator,1.8745887686899034,0.9384468186892043,1.0,0.9444444444444444,0.5072592470676243,0.43088771738569226,0.032692630216643176,0.029160405330040242,0.9387587235432172,0.9373538839053387,0.9391456258439987,0.9521082541671828,3,0,5,1,0.06,0.03,64,119,prob_noisy,10,174
0,Defector,3.053390104047999,0.05922384701912261,7.0,0.0525,0.03147004660653522,0.027907874769765303,0.4963450845330837,0.44427699409061583,0.05713598022670804,0.059036493101913654,0.06300665441872387,0.06323074011476731,3,0,5,1,0.06,0.04,100,55,prob_noisy,9,175
1,Grudger,2.8195193355119823,0.23916880159407913,5.0,0.9275,0.17863565358044498,0.058740762611162275,0.40845331963195636,0.3541702641764365,0.5697771682258511,0.07072683338835889,0.09615782507000716,0.057400065745660825,3,0,5,1,0.06,0.04,100,55,prob_noisy,9,175
2,Evolved HMM 5,2.6035563900393655,0.3832599118942731,4.0,0.92875,0.2403237093329108,0.1446979644499897,0.3625144045961805,0.2524639216209191,0.7288051119163007,0.3845769150042631,0.1575827608473149,0.19006266770307714,3,0,5,1,0.06,0.04,100,55,prob_noisy,9,175
3,Evolved FSM 16,2.449395979029508,0.4763419713095789,3.0,0.9375,0.25301623055094824,0.2198198349375442,0.30989426260155395,0.21726967190995372,0.634588667237363,0.360003283756029,0.3556837783674029,0.42771046881749397,3,0,5,1,0.06,0.04,100,55,prob_noisy,9,175
4,Tit For Tat,2.2420606818704645,0.5386215263735629,2.0,0.93375,0.35144261269106747,0.1818345154479237,0.1635993256598951,0.3031235462011137,0.9277571106304179,0.059617355594721075,0.9438267255337818,0.057726761848704074,3,0,5,1,0.06,0.04,100,55,prob_noisy,9,175
5,Win-Shift Lose-Stay: D,2.1157179182489316,0.5133522727272727,3.0,0.06125,0.18994732457235167,0.32322406545075977,0.2183612627415837,0.26846734723530485,0.06731670740790606,0.9401811931476654,0.9352989808658865,0.057705682650261804,3,0,5,1,0.06,0.04,100,55,prob_noisy,9,175
6,Bully,2.0017337798230246,0.5942748311883188,3.0,0.06375,0.1315906432387213,0.45760615766946705,0.24091418596549055,0.16988901312632115,0.06941501699610242,0.9326730712758756,0.056072188974361815,0.9324687160821188,3,0,5,1,0.06,0.04,100,55,prob_noisy,9,175
7,Anti Tit For Tat,1.7611150271512113,0.625,2.0,0.9425,0.15912753074653954,0.4703904495220552,0.20867197531784978,0.16181004441355548,0.05458393400773777,0.9361606172835701,0.05160953648932769,0.9353915097521083,3,0,5,1,0.06,0.04,100,55,prob_noisy,9,175
8,Cooperator,1.5102312860853084,0.9414419433920214,0.0,0.95125,0.3915515785305773,0.549873344602157,0.025341148413230465,0.033233928454035375,0.9426959775222417,0.943874614233261,0.9354585813123255,0.928987504957959,3,0,5,1,0.06,0.04,100,55,prob_noisy,9,175
0,Defector,3.188454131652661,0.030596634370219276,12.0,0.025974025974025976,0.012435234989030474,0.01818135489966678,0.46416813990974054,0.5052152702015622,0.16998556998557,0.06725305944055944,0.03217617705028751,0.03243934638349034,3,0,5,1,0.03,0.09,77,164,prob_noisy,13,176
1,Bully,2.6668706293706292,0.469017094017094,7.0,0.031385281385281384,0.15561182344122423,0.3218187450239214,0.31805152832133865,0.2045179032135158,0.023126962396348733,0.9696346816041911,0.037647288086215175,0.9677089108434989,3,0,5,1,0.03,0.09,77,164,prob_noisy,13,176
2,Grudger,2.6634303606596155,0.4463976945244957,5.0,0.9772727272727273,0.3753983885516137,0.062125474901949314,0.2676213252784574,0.2948548112679796,0.8118573108805522,0.04536089812792924,0.1142028380633326,0.028098071780714197,3,0,5,1,0.03,0.09,77,164,prob_noisy,13,176
3,Cycler DC,2.575048875855327,0.4792679439519588,6.0,0.03354978354978355,0.23752722935860093,0.24156032483200515,0.26221156051924377,0.25870088529015006,0.11031526663552238,0.09836534828444359,0.9234401583404455,0.8915902812089417,3,0,5,1,0.03,0.09,77,164,prob_noisy,13,176
4,Meta Winner: 11 players,2.571354764638347,0.22157943067033975,8.0,0.9664502164502164,0.13649097936630472,0.08657584085256737,0.36650093504792275,0.41043224473320516,0.40583317094977317,0.39062100340948125,0.03781594025125002,0.16274681519253856,3,0,5,1,0.03,0.09,77,164,prob_noisy,13,176
5,Meta Mixer: 11 players,2.3873900103519667,0.5447988622511174,5.0,0.698051948051948,0.31032346453103465,0.23283921629561655,0.21563362046907245,0.24120369870427635,0.5984757711327573,0.4747784539488029,0.5358481577520979,0.4705739268069788,3,0,5,1,0.03,0.09,77,164,prob_noisy,13,176
6,Tit For Tat,2.3726258309591644,0.6393411764705882,1.0,0.9751082251082251,0.4827619309801278,0.1619188457026269,0.13896182121809966,0.21635740209914556,0.9469782725149596,0.037155744887415014,0.9717338837766695,0.03024798465872914,3,0,5,1,0.03,0.09,77,164,prob_noisy,13,176
7,"DoubleCrosser: (D, D)",2.273214285714286,0.6804144452268384,2.0,0.9761904761904762,0.5072112409950246,0.17366732514383,0.15275132590860743,0.16637010795253787,0.9155082087560621,0.791187841374752,0.4741083705268822,0.19312625879859102,3,0,5,1,0.03,0.09,77,164,prob_noisy,13,176
8,Win-Stay Lose-Shift,2.255321067821068,0.6636061730806798,2.0,0.9772727272727273,0.44879979921414864,0.21850128272873157,0.13389251592630982,0.19880640213081,0.9723265140416616,0.025910841160472438,0.0353790887245159,0.9665647166770239,3,0,5,1,0.03,0.09,77,164,prob_noisy,13,176
9,Anti Tit For Tat,2.249716248506571,0.5702741702741703,5.0,0.9772727272727273,0.21384774751800836,0.35270300273246,0.25048459810672924,0.1829646516428023,0.028992820354399925,0.9672760088934763,0.02922576150324826,0.960359324355093,3,0,5,1,0.03,0.09,77,164,prob_noisy,13,176
10,GTFT: 0.33,2.247731818768404,0.7497949138638228,1.0,0.9751082251082251,0.517195852825723,0.23333737072110958,0.09204842411063612,0.15741835234253146,0.9693502081259596,0.3606696461114756,0.977801644450537,0.4386850336403192,3,0,5,1,0.03,0.09,77,164,prob_noisy,13,176
11,Tit For 2 Tats,2.1776114612511672,0.7716103768967205,0.0,0.9707792207792207,0.5531517132915635,0.21835143128004197,0.06360109061202886,0.16489576481636561,0.9728941920621071,0.7152756369249165,0.9916728684598461,0.35711236778417615,3,0,5,1,0.03,0.09,77,164,prob_noisy,13,176
12,Cooperator,1.8784736582115613,0.9705232129697863,0.0,0.9642857142857143,0.5481346279998639,0.42218676674398026,0.01784009643032013,0.011838508825835758,0.972209400695581,0.9741894086246664,0.9840277777777778,0.9779689184333452,3,0,5,1,0.03,0.09,77,164,prob_noisy,13,176
0,Evolved HMM 5,2.7612583041663714,0.5300675313538429,6.5,0.9551282051282052,0.43533040963983577,0.09659310473164726,0.2506069423087211,0.21746954331979584,0.8820100273271965,0.4066499648398955,0.16878977309242116,0.19400792118132015,3,0,5,1,0.03,0.02,24,47,prob_noisy,14,177
1,Grudger,2.7340932918667655,0.3113903021493095,9.0,0.9871794871794872,0.27998330269847344,0.03810346675096792,0.2937909753112033,0.3881222552393554,0.7542467760512127,0.057255778947205106,0.09039225327583086,0.03393227991519374,3,0,5,1,0.03,0.02,24,47,prob_noisy,14,177
2,"DoubleCrosser: (D, D)",2.6978940907715643,0.6110650642353916,5.0,0.9871794871794872,0.5129168650515837,0.09783090946922525,0.1989111174314906,0.19034110804770038,0.8898871400534332,0.7441258825862952,0.43981787506808373,0.1273190746582122,3,0,5,1,0.03,0.02,24,47,prob_noisy,14,177
3,Meta Winner: 12 players,2.5332814939078157,0.22065577272241804,9.0,0.9711538461538461,0.10832922861161622,0.11510230383586219,0.3293135376448629,0.4472549299076587,0.40136490049330814,0.6677916666299767,0.07475934921664829,0.19532118033613002,3,0,5,1,0.03,0.02,24,47,prob_noisy,14,177
4,Tit For Tat,2.499109006441839,0.6354166666666666,2.0,0.9871794871794872,0.47323645641102446,0.17142238242015026,0.16729685619508183,0.18804430497374336,0.9728100521251991,0.044060210716249486,0.9722457214268638,0.035338266952238614,3,0,5,1,0.03,0.02,24,47,prob_noisy,14,177
5,Soft Joss: 0.9,2.494896829953789,0.6937678297125301,2.0,0.9743589743589743,0.5039285082112752,0.18104680358236316,0.1547622495686721,0.16026243863768952,0.965933009863815,0.1067082714161341,0.9638809704043548,0.12385014527175674,3,0,5,1,0.03,0.02,24,47,prob_noisy,14,177
6,Win-Stay Lose-Shift,2.4319326219382207,0.5680455635491607,5.0,0.9647435897435898,0.33651449017522467,0.22316509419936548,0.2300714120213812,0.2102490036040287,0.9705231646016134,0.03414354366521779,0.040761334422848065,0.9742554087462689,3,0,5,1,0.03,0.02,24,47,prob_noisy,14,177
7,Suspicious Tit For Tat,2.3957017883102116,0.5298136645962733,7.0,0.038461538461538464,0.3678826756120535,0.17070828562997123,0.18759966598075015,0.27380937277722517,0.98034270037907,0.04772992120823134,0.9685911909592413,0.03267427559105911,3,0,5,1,0.03,0.02,24,47,prob_noisy,14,177
8,Meta Mixer: 12 players,2.3350124189217816,0.5203416978109984,5.0,0.6826923076923077,0.30506151445885615,0.21815287644119613,0.2138207857547532,0.26296482334519455,0.663846722096936,0.3771251776639125,0.6318770138665494,0.3890623734406057,3,0,5,1,0.03,0.02,24,47,prob_noisy,14,177
9,Tit For 2 Tats,2.302006963450956,0.8236354001059883,1.0,0.9551282051282052,0.6318969196215978,0.19795798226394218,0.059716154779834815,0.1104289433346252,0.9685264975277419,0.7630570957469062,0.9707122638645256,0.3600804598154729,3,0,5,1,0.03,0.02,24,47,prob_noisy,14,177
10,Cycler DC,2.2559969969684417,0.48647506339814034,5.0,0.028846153846153848,0.18969095803836625,0.29693920750793296,0.2714309824087027,0.2419388520449979,0.13361859065610754,0.066032138548118,0.9105501145068604,0.8873065999799,3,0,5,1,0.03,0.02,24,47,prob_noisy,14,177
11,Win-Shift Lose-Stay: D,2.1841957136277634,0.5425634436235143,5.0,0.01282051282051282,0.21149658500154966,0.33748477525547727,0.23539054281054086,0.21562809693243212,0.0414035344584368,0.9637123739409531,0.9668519572187104,0.03765171593336146,3,0,5,1,0.03,0.02,24,47,prob_noisy,14,177
12,Cooperator,2.0704000240450324,0.969802681783495,0.5,0.9583333333333334,0.6379875113748291,0.3318823690658487,0.0201847465449153,0.00994537301440693,0.9702795921699412,0.9739203349620222,0.9686059039000217,0.9876984126984127,3,0,5,1,0.03,0.02,24,47,prob_noisy,14,177
13,Bully,2.042042294511867,0.5641929312254557,5.5,0.03205128205128205,0.17826152813233978,0.3760810350604004,0.23957462745344033,0.20608280935381942,0.028068353423418714,0.9692219177742047,0.028354500008228357,0.9597983061588014,3,0,5,1,0.03,0.02,24,47,prob_noisy,14,177
0,Grudger,2.878021978021978,0.06210526315789474,3.0,0.9701492537313433,0.02745674993594875,0.0344502690566544,0.47029719146918864,0.46779578953820816,0.4005466059861784,0.016881601572095308,0.03514397632904035,0.030130790437758025,3,0,5,1,0.03,0.02,67,159,prob_noisy,4,178
1,Cycler DC,1.8419642857142857,0.49379395945386845,1.0,0.029850746268656716,0.13940609949060945,0.35415597453111625,0.2075708243010452,0.29886710167722913,0.06550885343311401,0.048223777669924396,0.9516879855862906,0.9277627237417656,3,0,5,1,0.03,0.02,67,159,prob_noisy,4,178
2,Alternator,1.7962962962962965,0.5042786670693647,1.0,0.9751243781094527,0.1545662175133586,0.34976889700229563,0.2051380763157815,0.29052680916856427,0.023412650567999932,0.03048931529755768,0.9691899090919399,0.9639129315288878,3,0,5,1,0.03,0.02,67,159,prob_noisy,4,178
3,Random: 0.5,1.7757711889787362,0.5003206008976825,1.0,0.527363184079602,0.1804183285700541,0.319711368695927,0.17508041719997794,0.32478988553404103,0.5195298446918349,0.4982578836436991,0.48853591415245495,0.5060155281937672,3,0,5,1,0.03,0.02,67,159,prob_noisy,4,178
0,Evolved HMM 5,2.7988938349232466,0.5604579207920792,7.0,0.9883805374001452,0.4673425156941613,0.07836579402886286,0.25708622190886266,0.19720546836811315,0.8961308577428307,0.36326945854744275,0.1661306195754515,0.15139620566699186,3,0,5,1,0.02,0.04,81,130,prob_noisy,18,179
1,Grudger,2.771562446687196,0.366902291991799,10.0,0.9731299927378358,0.3312565721623951,0.03440455751954998,0.301165255451291,0.3331736148667638,0.8280238931361533,0.02078065219279823,0.08407852263118934,0.017820382724815266,3,0,5,1,0.02,0.04,81,130,prob_noisy,18,179
2,Evolved FSM 16,2.745734494769114,0.5484575170908256,7.0,0.9738562091503268,0.4095713038809499,0.1358505355116396,0.27285474697171674,0.18172341363569378,0.691970646661269,0.424516095018605,0.4600637902900055,0.33146395245949095,3,0,5,1,0.02,0.04,81,130,prob_noisy,18,179
3,"DoubleCrosser: (D, D)",2.6641941570498733,0.6577212806026366,4.0,0.981118373275236,0.5481073969111062,0.09877126225342897,0.20565049293608428,0.14747084789938047,0.9039035423314596,0.7886799966608381,0.47092865645721615,0.0455844881384691,3,0,5,1,0.02,0.04,81,130,prob_noisy,18,179
4,Suspicious Tit For Tat,2.6194274058505043,0.5778387174541948,10.0,0.01888162672476398,0.3706673439553481,0.19878146750283943,0.22568791272779098,0.20486327581402147,0.9790071929980305,0.02342076041032355,0.981209023172119,0.020728275700796623,3,0,5,1,0.02,0.04,81,130,prob_noisy,18,179
5,Tit For Tat,2.5703931751919367,0.6829078992756122,3.0,0.9854756717501816,0.5065220559862048,0.1794848055157312,0.17334546758825176,0.14064767090981226,0.9811632995997861,0.02932086609577232,0.9814011104425099,0.01932652858166042,3,0,5,1,0.02,0.04,81,130,prob_noisy,18,179
6,Meta Winner: 16 players,2.511545002691592,0.2592360114777618,10.0,0.9825708061002179,0.13150982311441373,0.13145076433470865,0.3445643443776709,0.39247506817320676,0.4881511549619078,0.6984555400258979,0.08043080963027095,0.19966217875486894,3,0,5,1,0.02,0.04,81,130,prob_noisy,18,179
7,Soft Joss: 0.9,2.5022212464223568,0.7068233295583239,2.0,0.9803921568627451,0.5152517912027831,0.1927212005249204,0.156768423671179,0.13525858460111762,0.9804469498665962,0.11010524654468182,0.9779787401519047,0.1072487209553319,3,0,5,1,0.02,0.04,81,130,prob_noisy,18,179
8,GTFT: 0.33,2.433387339959543,0.789400595153748,1.0,0.9840232389251997,0.5817716149294284,0.20920790306754122,0.11006348165137497,0.09895700035165549,0.979751980890921,0.3412245493412367,0.9798341473602058,0.3807465752729362,3,0,5,1,0.02,0.04,81,130,prob_noisy,18,179
9,Bully,2.4266887189658473,0.5133549900739939,9.0,0.020334059549745823,0.1877932596512911,0.33777001864745615,0.2628313619612282,0.21160535974002456,0.020937271686764295,0.9800136231212674,0.02345577947251652,0.9837199060911523,3,0,5,1,0.02,0.04,81,130,prob_noisy,18,179
10,Cycler DC,2.4186599995085873,0.48892460549386324,8.0,0.0196078431372549,0.19457765801229274,0.29427228747635853,0.27508976861565365,0.236060285895695,0.07881346580381562,0.07707359624785728,0.9387536512126232,0.897226707732435,3,0,5,1,0.02,0.04,81,130,prob_noisy,18,179
11,Win-Stay Lose-Shift,2.3980920304695768,0.6461280550572042,4.0,0.981118373275236,0.4404028011888127,0.20410985906483975,0.1610207138619685,0.19446662588437907,0.9799393229315295,0.02311463817924723,0.018694003998115296,0.981189922979221,3,0,5,1,0.02,0.04,81,130,prob_noisy,18,179
12,Random: 0.5,2.3880349841853192,0.49978924549888604,8.0,0.5221496005809731,0.23884560155388168,0.2608975010845719,0.24075608728076983,0.2595008100807766,0.49659760716225954,0.4919991535471629,0.489562696698158,0.5028911865875114,3,0,5,1,0.02,0.04,81,130,prob_noisy,18,179
13,Tit For 2 Tats,2.3823397439994474,0.8688149992676139,1.0,0.9803921568627451,0.6594145935279907,0.20103368901158516,0.060573526593535966,0.07897819086688815,0.9795915921924776,0.7717701795677298,0.976880677788148,0.38136358026135103,3,0,5,1,0.02,0.04,81,130,prob_noisy,18,179
14,Meta Mixer: 16 players,2.3814459759861326,0.5302457466918714,8.0,0.7639796659404503,0.3011448791891633,0.23110261557698103,0.22044613809045224,0.24730636714340348,0.6384771261376552,0.41979791445328934,0.5902397090251569,0.4084655137730069,3,0,5,1,0.02,0.04,81,130,prob_noisy,18,179
15,Alternator,2.364270736714012,0.5096432153603668,6.0,0.9789397240377633,0.21464900953393148,0.29508322240572893,0.2665450094264937,0.22372275863384594,0.023562549878292906,0.02091004284946791,0.9758853695118432,0.97468524509653,3,0,5,1,0.02,0.04,81,130,prob_noisy,18,179
16,Anti Tit For Tat,2.199716948925683,0.5593888026739883,7.0,0.9832970225127088,0.21751525678483363,0.3516645956260276,0.2279266609405729,0.2028934866485659,0.017074645375863777,0.9819571192011286,0.020784731311461486,0.9799061279471313,3,0,5,1,0.02,0.04,81,130,prob_noisy,18,179
17,Cooperator,2.0953069177727865,0.979448636270221,0.0,0.9767610748002905,0.6394073404438169,0.340170802577823,0.012767267675696903,0.007654589302663439,0.9780321566752055,0.9841618333122606,0.9630544794287187,0.9877041270519532,3,0,5,1,0.02,0.04,81,130,prob_noisy,18,179
0,Defector,2.8757024145827033,0.05990058516327943,16.0,0.0639269406392694,0.02581866382131922,0.03411973445042906,0.41193827690264917,0.5281233248256025,0.07937023090869245,0.07866418700435902,0.0597698553517747,0.061787789057222424,3,0,5,1,0.06,0.08,73,141,prob_noisy,19,180
1,Suspicious Tit For Tat,2.5843739534009753,0.4880815187723661,10.0,0.0745814307458143,0.29370770792964945,0.20080298824878481,0.24297320879928522,0.26251609502228046,0.9422286921776531,0.05834403750223438,0.9386825179890865,0.06682348058581747,3,0,5,1,0.06,0.08,73,141,prob_noisy,19,180
2,Grudger,2.5597017234444137,0.3269571594450895,10.0,0.9429223744292238,0.24627925264136646,0.08247867205765241,0.3061612944445709,0.36508078085641027,0.7502723468289786,0.060295693412455324,0.11862456696803829,0.07388856850385117,3,0,5,1,0.06,0.08,73,141,prob_noisy,19,180
3,Win-Shift Lose-Stay: D,2.5214050292481662,0.4972339146121467,9.0,0.06012176560121765,0.22415061733676062,0.2738978915504774,0.2643253259850986,0.23762616512766335,0.06238534590805986,0.9434174062375607,0.9433919713734478,0.0653533592887133,3,0,5,1,0.06,0.08,73,141,prob_noisy,19,180
4,Cycler DC,2.5148846094683837,0.4808595160707837,8.0,0.0624048706240487,0.20028692846225551,0.280536532588846,0.27556504824164985,0.2436114907072487,0.17149969432103804,0.12349482950083782,0.884635229852764,0.838755511528006,3,0,5,1,0.06,0.08,73,141,prob_noisy,19,180
5,Evolved HMM 5,2.476282493673798,0.4997539067306509,6.0,0.9528158295281582,0.3484834709812856,0.15079322757938546,0.25540141965373425,0.2453218817855947,0.833296794608342,0.3861824161751442,0.18658597088638273,0.1869197430822076,3,0,5,1,0.06,0.08,73,141,prob_noisy,19,180
6,Evolved FSM 16,2.462421942543374,0.5396258921978834,6.0,0.936834094368341,0.34881604132028937,0.19106632430252143,0.24171216846002638,0.21840546591716284,0.6589200245713159,0.378013782654959,0.47102058433327393,0.32725875872281546,3,0,5,1,0.06,0.08,73,141,prob_noisy,19,180
7,Meta Winner: 17 players,2.4477969001610305,0.25228630654798195,10.0,0.936834094368341,0.14743673622512615,0.10621992667061031,0.33105044957472535,0.41529288752953825,0.49628604846562535,0.40062820471324423,0.12022790039827361,0.1463155181811314,3,0,5,1,0.06,0.08,73,141,prob_noisy,19,180
8,Random: 0.5,2.4128358580594353,0.49782148636872897,8.0,0.4840182648401826,0.23774172239450186,0.2607134466408701,0.24065007467673954,0.2608947562878885,0.4983811224384777,0.48957983065454413,0.5053145954511021,0.5050274065344823,3,0,5,1,0.06,0.08,73,141,prob_noisy,19,180
9,Tit For Tat,2.383397064556485,0.6036934560195611,3.0,0.941400304414003,0.39312331089801206,0.2110049992673954,0.19310361865786005,0.20276807117673246,0.9280562214322187,0.052917971984827346,0.9363430178677898,0.07164986759732331,3,0,5,1,0.06,0.08,73,141,prob_noisy,19,180
10,Bully,2.3772818004743588,0.5262498508531201,8.0,0.05555555555555555,0.18950606657631025,0.33067983180543475,0.2482971057308003,0.23151699588745467,0.06100920071000358,0.9432477299897963,0.06593686755459292,0.9511165154353698,3,0,5,1,0.06,0.08,73,141,prob_noisy,19,180
11,Soft Joss: 0.9,2.316135887377717,0.6412373675129406,2.0,0.952054794520548,0.41694024985691835,0.22790728584307615,0.1763042902845757,0.17884817401542974,0.9498886433932208,0.13995016969537893,0.9389373003513719,0.1689667549960832,3,0,5,1,0.06,0.08,73,141,prob_noisy,19,180
12,Alternator,2.3140291806958473,0.5183628045010511,6.0,0.9322678843226788,0.23234387977527327,0.28663909936211956,0.25150746901505106,0.22950955184755598,0.06625354250824914,0.0600578867226697,0.9449964263854882,0.9354612002901777,3,0,5,1,0.06,0.08,73,141,prob_noisy,19,180
13,Meta Mixer: 17 players,2.297450363422586,0.50797726022373,7.0,0.6552511415525114,0.2676770265122729,0.2415125385341186,0.22946029867304496,0.2613501362805635,0.588284278457523,0.4223985020805496,0.5590178575909773,0.4128959031590594,3,0,5,1,0.06,0.08,73,141,prob_noisy,19,180
14,"DoubleCrosser: (D, D)",2.2776302673361495,0.6275519588008093,3.0,0.936834094368341,0.4552270224190243,0.17650186960723438,0.17790989467297938,0.19036121330076194,0.8644603754497594,0.7595399442459702,0.396996600933192,0.17249724049369738,3,0,5,1,0.06,0.08,73,141,prob_noisy,19,180
15,GTFT: 0.33,2.244965528298861,0.7222426696110906,1.0,0.9490106544901066,0.45884262958651845,0.2665529145742612,0.1357154299297179,0.1388890259095024,0.9424797808178974,0.36011032846120206,0.9497041039216888,0.39684126859411656,3,0,5,1,0.06,0.08,73,141,prob_noisy,19,180
16,Tit For 2 Tats,2.1585175789123157,0.7806749422992951,1.0,0.9375951293759512,0.5341003467159794,0.2523456445120301,0.08138206733474229,0.13217194143724814,0.9392863512548367,0.7294997399605669,0.9289615620795016,0.3956121749740384,3,0,5,1,0.06,0.08,73,141,prob_noisy,19,180
17,Anti Tit For Tat,2.0898479650258035,0.5844086657985084,6.0,0.9490106544901066,0.23052219669155496,0.3506616126695221,0.20851023117041492,0.21030595946850789,0.053991005226802224,0.9444316240339737,0.058868729391761195,0.9370991869107298,3,0,5,1,0.06,0.08,73,141,prob_noisy,19,180
18,Cooperator,1.9854381841096815,0.939227234483205,1.0,0.9482496194824962,0.5549578056377574,0.3844093152562147,0.036876183313318135,0.02375669579270964,0.9379138390317185,0.9344498827413208,0.94215064380744,0.9430588304186701,3,0,5,1,0.06,0.08,73,141,prob_noisy,19,180
0,Tit For Tat,2.398181818181818,0.5676567656765676,0.0,0.9619047619047619,0.4481666418723333,0.1388603897849976,0.11874719574446249,0.2942257725982066,0.9776507936507937,0.05911088573360379,0.967012987012987,0.02457375305636876,3,0,5,1,0.03,0.09,21,113,prob_noisy,6,181
1,Defector,2.3933333333333335,0.025936599423631124,4.0,0.02857142857142857,0.004412595841356566,0.019965796666619528,0.22693733194897883,0.7486842755430451,0.0,0.0,0.021700879765395892,0.026142730814434828,3,0,5,1,0.03,0.09,21,113,prob_noisy,6,181
2,"DoubleCrosser: (D, D)",2.3,0.7124117053481333,0.0,0.9428571428571428,0.5534172603182308,0.15687060992866497,0.0693044918418351,0.22040763791126924,0.9654469901168015,0.8326612903225806,0.6133333333333334,0.06245546464199715,3,0,5,1,0.03,0.09,21,113,prob_noisy,6,181
3,Grudger,2.2039999999999997,0.42137718396711205,1.0,0.9809523809523809,0.36574203103910463,0.07239464847025241,0.10752302992746472,0.45434029056317826,0.9607215447154471,0.09347826086956522,0.2104938271604938,0.041369221204503745,3,0,5,1,0.03,0.09,21,113,prob_noisy,6,181
4,Win-Stay Lose-Shift,2.1333333333333337,0.6052141527001862,0.0,0.9904761904761905,0.3359984766988927,0.28582967883242205,0.12668493865958547,0.2514869058090998,0.9788256549232159,0.05424358527806804,0.06359173212621488,0.9692886404960708,3,0,5,1,0.03,0.09,21,113,prob_noisy,6,181
5,Suspicious Tit For Tat,2.1016666666666666,0.39631336405529954,2.0,0.0380952380952381,0.18225410723806984,0.17430472345055809,0.199028859011188,0.44441231030018413,0.9436058700209644,0.053264303264303266,0.9857122608079376,0.042828224815105904,3,0,5,1,0.03,0.09,21,113,prob_noisy,6,181
0,Grudger,2.801442307692308,0.4124563075945345,5.0,0.9893162393162394,0.364111569087636,0.052343519566788024,0.28495862291001983,0.29858628843555607,0.9079731695828581,0.027777777777777776,0.09109601160702635,0.026359759253954923,3,0,5,1,0.01,0.02,36,16,prob_noisy,14,182
1,Evolved FSM 16,2.701923076923077,0.5975775927327782,4.5,0.9914529914529915,0.44050430670314394,0.1514963450997594,0.25198263634157136,0.15601671185552535,0.7424574271635577,0.3337071316616962,0.488001579550172,0.4280649130084578,3,0,5,1,0.01,0.02,36,16,prob_noisy,14,182
2,"DoubleCrosser: (D, D)",2.5509615384615385,0.6823259372609028,3.0,0.9829059829059829,0.5194661240844428,0.16127321303211015,0.17337199309443913,0.14588866978900789,0.9457333413818236,0.810370936876521,0.43116744697500536,0.1743065631047315,3,0,5,1,0.01,0.02,36,16,prob_noisy,14,182
3,Defector,2.5450903263403264,0.010800121691512017,11.0,0.014957264957264958,0.003792293101909622,0.007142369999007709,0.3788290311488295,0.6102363057502532,0.14285714285714285,0.0,0.013457307751133966,0.011442493597152381,3,0,5,1,0.01,0.02,36,16,prob_noisy,14,182
4,Meta Winner: 12 players,2.5393132508517127,0.21206014571384282,10.0,0.9893162393162394,0.11814879278988057,0.09426476160386209,0.3477205665863702,0.43986587901988716,0.5764741991240929,0.408852506890527,0.10079788478072717,0.09017661808623294,3,0,5,1,0.01,0.02,36,16,prob_noisy,14,182
5,Win-Stay Lose-Shift,2.2992169155630693,0.6541627097182653,2.0,0.9807692307692307,0.4348463587407631,0.2166647434141102,0.15695430398636395,0.19153459385876262,0.9904881541407379,0.01906390208974156,0.01751218114859921,0.9894381439697957,3,0,5,1,0.01,0.02,36,16,prob_noisy,14,182
6,Meta Mixer: 12 players,2.2263649811726736,0.48928796471329555,5.0,0.6089743589743589,0.2544349424217612,0.2356626454059632,0.22095647627007803,0.28894593590219764,0.5408542272874474,0.432001789588365,0.5704096140433328,0.4337406308399763,3,0,5,1,0.01,0.02,36,16,prob_noisy,14,182
7,GTFT: 0.33,2.2043269230769234,0.7625996690236196,0.0,0.9893162393162394,0.5303444044308337,0.23290166237187207,0.10067470082929397,0.13607923236800004,0.9947397250551606,0.36604732540934126,0.9797526728125578,0.34131967127929963,3,0,5,1,0.01,0.02,36,16,prob_noisy,14,182
8,Suspicious Tit For Tat,2.2021808319885245,0.44504643962848295,6.0,0.010683760683760684,0.28159739162231123,0.16018140801721986,0.1930543183181857,0.36516688204228315,0.9802555482744117,0.017659192821359717,0.994030974440264,0.00883061887705833,3,0,5,1,0.01,0.02,36,16,prob_noisy,14,182
9,Tit For 2 Tats,2.117841293322063,0.8066982719070194,0.0,0.9957264957264957,0.5847478184673168,0.2226102769583383,0.047461570793669444,0.1451803337806753,0.9869099720699035,0.7465998215649953,0.9943376068376069,0.18966411980318632,3,0,5,1,0.01,0.02,36,16,prob_noisy,14,182
10,Cycler DC,2.0768543956043954,0.4955822025875671,4.0,0.010683760683760684,0.21246447610617974,0.2830118315770243,0.2250761055372415,0.27944758677955445,0.05674209204003455,0.10661975738581497,0.9337580693254244,0.9541065381132117,3,0,5,1,0.01,0.02,36,16,prob_noisy,14,182
11,Bully,1.9758629191321497,0.5534217344916933,5.0,0.01282051282051282,0.16496493404213627,0.3874271749983943,0.2406549951671727,0.20695289579229678,0.01274384599606242,0.9912926862487936,0.02677739487478899,0.9888597813649541,3,0,5,1,0.01,0.02,36,16,prob_noisy,14,182
12,Win-Shift Lose-Stay: D,1.9528311965811966,0.5124921923797626,5.0,0.010683760683760684,0.17741894552186277,0.3381124386554943,0.21562764166060583,0.2688409741620371,0.01933574479904974,0.9808662632747621,0.9897358508253672,0.013710278532034456,3,0,5,1,0.01,0.02,36,16,prob_noisy,14,182
13,Anti Tit For Tat,1.62117673992674,0.6564966605950212,3.0,0.9850427350427351,0.19657470952151856,0.4599194033200228,0.1656888313761257,0.1778170557823329,0.02078296654962153,0.9886231743084912,0.012973721085900128,0.9892794287590667,3,0,5,1,0.01,0.02,36,16,prob_noisy,14,182
0,Cycler DC,3.1126984126984127,0.4834107498341075,4.0,0.07777777777777778,0.2395632773661516,0.24393710389834164,0.37778555125385016,0.1387140674816566,0.20570230366277653,0.09938839781895727,0.9024794101364143,0.8308769125097726,3,0,5,1,0.08,0.09,45,168,prob_noisy,7,183
1,Meta Winner: 5 players,2.701063277884867,0.5568475452196382,2.0,0.9296296296296296,0.32798011051311393,0.23185376835847937,0.30431756753767025,0.13584855359073642,0.4564437024965797,0.22917956518784535,0.8192170489502765,0.6127254570598416,3,0,5,1,0.08,0.09,45,168,prob_noisy,7,183
2,Tit For Tat,2.6944444444444446,0.6760748276993764,2.0,0.9074074074074074,0.47770706466564206,0.20482745397206012,0.22527106587252899,0.09219441548976887,0.8905148186155755,0.0658327946692843,0.9365404070214716,0.10362408770894872,3,0,5,1,0.08,0.09,45,168,prob_noisy,7,183
3,Meta Mixer: 5 players,2.6513588263588264,0.7029185867895545,2.0,0.7111111111111111,0.507269754273275,0.19636156719181716,0.1942641271163685,0.10210455141853934,0.8032506123704692,0.5011399643950997,0.7893847109314711,0.353953983264889,3,0,5,1,0.08,0.09,45,168,prob_noisy,7,183
4,"DoubleCrosser: (D, D)",2.5925925925925926,0.7413676371022343,1.0,0.9296296296296296,0.5763209248590343,0.1604154596210285,0.14314089627598633,0.12012271924395085,0.9115129154441712,0.7880055889678635,0.4768561187916027,0.30419878296146047,3,0,5,1,0.08,0.09,45,168,prob_noisy,7,183
5,GTFT: 0.33,2.5752314814814814,0.7740788623141565,1.0,0.9185185185185185,0.5489677907585396,0.2254332840979365,0.1727200320682162,0.05287889307530761,0.9165284556561769,0.34419955267667196,0.9266714409868584,0.3949049527554518,3,0,5,1,0.08,0.09,45,168,prob_noisy,7,183
6,Tit For 2 Tats,2.434848484848485,0.8963623884694578,0.0,0.9037037037037037,0.6665237269972062,0.23059016443605895,0.07591956145110175,0.02696654711563312,0.9232285915676347,0.8479390947608376,0.9112109575012801,0.6101388888888889,3,0,5,1,0.08,0.09,45,168,prob_noisy,7,183
0,Grudger,2.4447950705208767,0.25317835088993823,6.0,0.927710843373494,0.18366608824887662,0.07292449591692568,0.27095738763629984,0.4724520281978978,0.6111816980941707,0.0677098421636674,0.13561991094448564,0.06689990254410118,3,0,5,1,0.07,0.05,83,162,prob_noisy,11,184
1,Defector,2.408373176531071,0.06991802304859214,8.0,0.0746987951807229,0.023612375916489802,0.04649760762881711,0.3047635143397244,0.6251265021149688,0.08517516524515917,0.05295467305729949,0.07723539245971466,0.0664874017117889,3,0,5,1,0.07,0.05,83,162,prob_noisy,11,184
2,Suspicious Tit For Tat,2.3773046398046396,0.48650968849644344,5.0,0.06867469879518072,0.2960677835197426,0.18462011379244303,0.2093887898375364,0.30992331285027797,0.9430117053960352,0.061693522984290594,0.9258157205377134,0.07209883010551735,3,0,5,1,0.07,0.05,83,162,prob_noisy,11,184
3,Evolved HMM 5,2.342605883395357,0.47941621118734734,4.0,0.9313253012048193,0.31103820186390546,0.16405162410462748,0.23255527495804013,0.292354899073427,0.7992163849581454,0.4342987560291716,0.22113706198686983,0.22549898036577085,3,0,5,1,0.07,0.05,83,162,prob_noisy,11,184
4,"DoubleCrosser: (D, D)",2.2524158296761447,0.5306953561876976,2.0,0.9180722891566265,0.3881140434555654,0.148978027089191,0.18928104403412896,0.27362688542111463,0.8193131584184095,0.6826995808229432,0.3755858263599178,0.10133731841012242,3,0,5,1,0.07,0.05,83,162,prob_noisy,11,184
5,Win-Shift Lose-Stay: D,2.2509816319953186,0.4976661096064081,4.0,0.06144578313253012,0.19881118021103591,0.2998666283882351,0.2230964916656871,0.27822569973504196,0.05904538875796508,0.938750536813069,0.9308844401782489,0.07206445779333638,3,0,5,1,0.07,0.05,83,162,prob_noisy,11,184
6,Tit For Tat,2.2459697661852838,0.5489060881223718,2.0,0.9253012048192771,0.34717173308998034,0.19811225546993913,0.1838558971619182,0.2708601142781623,0.9278952566461893,0.07349259404554775,0.929355803518991,0.06656752666678503,3,0,5,1,0.07,0.05,83,162,prob_noisy,11,184
7,Soft Joss: 0.9,2.229262711698518,0.6051203397829165,1.0,0.9421686746987952,0.36943568653297515,0.22762490292027987,0.17022786535930792,0.23271154518743709,0.9345955390928683,0.1620512674729654,0.9338441448464071,0.1620227366318972,3,0,5,1,0.07,0.05,83,162,prob_noisy,11,184
8,Cycler DC,2.151409123733834,0.487957181088314,3.0,0.06987951807228916,0.1658045337736032,0.3217796162483518,0.24573595823309743,0.2666798917449476,0.2024114451803322,0.13859223705848908,0.8650467700341455,0.8146707188334703,3,0,5,1,0.07,0.05,83,162,prob_noisy,11,184
9,Tit For 2 Tats,2.0926220880568707,0.7701199159352207,0.0,0.9409638554216867,0.5241730874595325,0.23435021879956813,0.07845530533101708,0.1630213884098823,0.9289093133011253,0.7075201991113218,0.9276744399585279,0.29960985553996383,3,0,5,1,0.07,0.05,83,162,prob_noisy,11,184
10,Bully,1.8849495104039167,0.5944697766865428,4.0,0.08433734939759036,0.18203271219682907,0.4009345315217329,0.1914224933233538,0.22561026295808423,0.07845991417608858,0.9270880236665455,0.07779853693615221,0.9326829022662675,3,0,5,1,0.07,0.05,83,162,prob_noisy,11,184
0,Grudger,2.6076688936063936,0.206401766004415,3.0,0.875,0.12940705395005664,0.08222569489800535,0.3190193778296865,0.46934787332225153,0.6671757164404223,0.08302808302808302,0.13346422096422095,0.08420148419989283,3,0,5,1,0.1,0.03,10,199,prob_noisy,5,185
1,Suspicious Tit For Tat,2.2766025641025642,0.47002398081534774,2.0,0.05,0.28512050893301877,0.19178266352066997,0.2076601206861417,0.3154367068601696,0.9288202527435983,0.08808720015616567,0.8594128787878788,0.11052137870855148,3,0,5,1,0.1,0.03,10,199,prob_noisy,5,185
2,Tit For 2 Tats,2.125222998891453,0.7390917186108638,0.0,0.9,0.44907225693313946,0.252459004307015,0.11425476813294493,0.18421397062690067,0.9152382943143812,0.6138965201465201,0.9455128205128206,0.2506811105345096,3,0,5,1,0.1,0.03,10,199,prob_noisy,5,185
3,Bully,2.124179538985179,0.515695067264574,2.0,0.075,0.19779200888073062,0.32932444383757364,0.25382371183485736,0.21905983544683838,0.10521289066588516,0.9097416472416472,0.1220324409058859,0.8972064224503248,3,0,5,1,0.1,0.03,10,199,prob_noisy,5,185
4,Soft Joss: 0.9,2.0806374475890985,0.6036446469248291,1.0,0.9,0.3300086404928579,0.22631882607965395,0.18735265415928745,0.2563198792682008,0.8242933789326448,0.18677828726427279,0.8928071928071928,0.1491326530612245,3,0,5,1,0.1,0.03,10,199,prob_noisy,5,185
0,Defector,2.7904977745366764,0.10287498851841646,11.0,0.11986301369863013,0.046639384705981175,0.05558913498769347,0.3916715924386631,0.5060998878676621,0.10638521247421284,0.13380384070838017,0.10239809576524056,0.09533524348385182,3,0,5,1,0.1,0.08,73,69,prob_noisy,13,186
1,Grudger,2.527400174577594,0.30313357947552777,7.0,0.9029680365296804,0.2100982481703391,0.10026958274013986,0.30749596108785865,0.38213620800166237,0.6996700477042946,0.09206947978359799,0.15247882637515628,0.10610708850822165,3,0,5,1,0.1,0.08,73,69,prob_noisy,13,186
2,Cycler DC,2.4543779489431663,0.48398159010919595,6.0,0.12100456621004566,0.20546834909861678,0.277936854302934,0.27578448847684395,0.2408103081216053,0.22943844124471893,0.17145053054034412,0.8336783240675629,0.779404902701271,3,0,5,1,0.1,0.08,73,69,prob_noisy,13,186
3,Evolved FSM 16,2.419135994172226,0.4856727008096061,4.0,0.8926940639269406,0.2924447052819445,0.19497336700698686,0.2576225132867698,0.25495941442429876,0.6404694907400025,0.3738300408336828,0.4244662812147551,0.31077840079365804,3,0,5,1,0.1,0.08,73,69,prob_noisy,13,186
4,Tit For Tat,2.3580555555555556,0.578967605498414,2.0,0.8938356164383562,0.33627741761816093,0.23789750119603278,0.21209577995856566,0.21372930122724068,0.9201801261301035,0.09710292241720882,0.9019622207206028,0.1103636530610483,3,0,5,1,0.1,0.08,73,69,prob_noisy,13,186
5,Meta Mixer: 12 players,2.348788985974584,0.49147597775549273,5.0,0.7420091324200914,0.25267366938546815,0.23812267484166086,0.23518506889273616,0.27401858688013486,0.5661846494880455,0.39097773282096043,0.549766237539532,0.3797248475412365,3,0,5,1,0.1,0.08,73,69,prob_noisy,13,186
6,Alternator,2.330610840827559,0.5161349300667337,4.0,0.8961187214611872,0.23095308611334112,0.28558030814148366,0.25691536503571916,0.22655124070945606,0.09948955649385528,0.09713917256122073,0.9001347760482075,0.8971749053795719,3,0,5,1,0.1,0.08,73,69,prob_noisy,13,186
7,Random: 0.5,2.312721890682417,0.5026642984014209,5.0,0.5125570776255708,0.24386009334529546,0.25850743691855727,0.2438436567537318,0.2537888129824155,0.4959277496614259,0.507167411604769,0.4990385964597773,0.5067452707195049,3,0,5,1,0.1,0.08,73,69,prob_noisy,13,186
8,Win-Stay Lose-Shift,2.257435064935065,0.5783036690862086,3.0,0.8972602739726028,0.3296019110814652,0.24909974587698683,0.1872599410364541,0.234038402005094,0.8983333069924556,0.0992674475208371,0.11129882702601361,0.8918705063691775,3,0,5,1,0.1,0.08,73,69,prob_noisy,13,186
9,Soft Joss: 0.9,2.25617784992785,0.592507204610951,2.0,0.8881278538812786,0.3390693687964477,0.25328496979026793,0.19840287395414738,0.20924278745913696,0.8869943927851378,0.17077254438289077,0.8978586662636193,0.18886461150366607,3,0,5,1,0.1,0.08,73,69,prob_noisy,13,186
10,Anti Tit For Tat,2.1676521998380123,0.5711408167002381,5.0,0.9018264840182648,0.2628842295605331,0.3026079932088475,0.19999140777601557,0.23451636945460386,0.10647884319456236,0.9125674991003034,0.09867201082004588,0.9006595109161445,3,0,5,1,0.1,0.08,73,69,prob_noisy,13,186
11,GTFT: 0.33,2.165019841269841,0.6758935769954313,1.0,0.8801369863013698,0.3822150440617609,0.29677268812567204,0.1646895305861277,0.15632273722643936,0.8936147323642661,0.38562609320529884,0.8953744244005004,0.3781311212065384,3,0,5,1,0.1,0.08,73,69,prob_noisy,13,186
12,Tit For 2 Tats,2.1239583333333334,0.7552402151734372,1.0,0.8949771689497716,0.46431514310901784,0.28719741613732236,0.10688149399095233,0.14160594676270752,0.9053825540913975,0.6719148044256649,0.8926784735539378,0.3611713927953008,3,0,5,1,0.1,0.08,73,69,prob_noisy,13,186
0,Suspicious Tit For Tat,2.9021103896103897,0.6827637444279346,1.0,0.0,0.44552656021148146,0.2120284535419569,0.28181375701068123,0.0606312292358804,0.9974958263772955,0.004484304932735426,0.9979757085020242,0.016129032258064516,3,0,5,1,0.01,0.09,66,117,prob_noisy,3,187
1,Cycler DC,2.55,0.4717906786590352,1.0,0.0,0.11604367620545578,0.35567030991702375,0.358153979488661,0.17013203438885946,0.14100000000000001,0.027571736753450163,0.9782133016370413,0.963995427990856,3,0,5,1,0.01,0.09,66,117,prob_noisy,3,187
2,"DoubleCrosser: (D, D)",1.9665178571428572,0.7794871794871795,0.0,1.0,0.554925718144512,0.20392122487143527,0.1316522518310737,0.10950080515297907,0.981322203672788,0.9025963006957407,0.5036496350364964,0.031496062992125984,3,0,5,1,0.01,0.09,66,117,prob_noisy,3,187
0,Defector,2.82417869125535,0.09322805952019435,12.0,0.08205128205128205,0.046804038458893665,0.04642936667173249,0.4268521313441519,0.479914463525222,0.09777200533819241,0.08005703744785492,0.10287570498937201,0.08911404071935676,3,0,5,1,0.09,0.03,45,24,prob_noisy,14,188
1,Grudger,2.6243978243978243,0.23309845743667873,10.0,0.9094017094017094,0.1469311549409412,0.08684472805088071,0.3658659577311095,0.40035815927706864,0.5612819594145676,0.09798588655601671,0.1325394994181396,0.09217086703854466,3,0,5,1,0.09,0.03,45,24,prob_noisy,14,188
2,Meta Winner: 13 players,2.5283020960146465,0.23462002412545235,9.0,0.9196581196581196,0.12146445646084161,0.11353609760137501,0.3694105479509019,0.3955888979868814,0.4295450867169154,0.3851209719691612,0.14262628130968083,0.15886252105389825,3,0,5,1,0.09,0.03,45,24,prob_noisy,14,188
3,Evolved FSM 16,2.4195669714900485,0.4592570401437987,6.0,0.9230769230769231,0.24476143351255913,0.21106732387364413,0.2792139285286139,0.26495731408518286,0.5453625299052608,0.38515716971973557,0.3934227520580055,0.36578081598130413,3,0,5,1,0.09,0.03,45,24,prob_noisy,14,188
4,Suspicious Tit For Tat,2.243373655330177,0.4575832918945798,6.0,0.0735042735042735,0.23007672619863323,0.2246931112450003,0.2445611697724827,0.30066899278388376,0.9283897216229231,0.08234402610393556,0.9195505264819477,0.09374768800583763,3,0,5,1,0.09,0.03,45,24,prob_noisy,14,188
5,Cycler DC,2.211172161172161,0.4915134370579915,5.0,0.08717948717948718,0.2109409417848101,0.280478267267572,0.24448458104577606,0.26409620990184174,0.20240923790526957,0.16784385619560188,0.851205745229451,0.8092357663472013,3,0,5,1,0.09,0.03,45,24,prob_noisy,14,188
6,Win-Shift Lose-Stay: D,2.1983873707117856,0.49080482499505634,6.0,0.09743589743589744,0.21719961903035417,0.2730789392582268,0.2387839728439612,0.27093746886745784,0.09616581396239399,0.9193875333446867,0.9045359811643965,0.09105494050603784,3,0,5,1,0.09,0.03,45,24,prob_noisy,14,188
7,Alternator,2.149797570850202,0.5113691812237728,5.0,0.9247863247863248,0.22858711983058372,0.28291321324711577,0.23449426816328806,0.2540053987590125,0.08754547779823138,0.07867062319240486,0.9200300031393654,0.9138297736084302,3,0,5,1,0.09,0.03,45,24,prob_noisy,14,188
8,Random: 0.5,2.143912247173117,0.500394632991318,5.0,0.4564102564102564,0.23348181414859057,0.2668621314063189,0.226070232581573,0.2735858218635175,0.5204640573816188,0.5033268152402668,0.501526828572735,0.5086385924728443,3,0,5,1,0.09,0.03,45,24,prob_noisy,14,188
9,Soft Joss: 0.9,2.0993589743589745,0.5675648801829571,2.0,0.9299145299145299,0.2991715965123033,0.2638710315187543,0.19472005301824719,0.24223731895069525,0.9043247491105321,0.18230572738157655,0.9117368816871984,0.16791230917333022,3,0,5,1,0.09,0.03,45,24,prob_noisy,14,188
10,Bully,2.0669413919413917,0.5222056631892698,6.0,0.09230769230769231,0.2099391189633363,0.3107148192224044,0.2317443907764417,0.24760167103781755,0.0861691459250806,0.9119503103131724,0.08932053250350597,0.8989286796439793,3,0,5,1,0.09,0.03,45,24,prob_noisy,14,188
11,GTFT: 0.33,2.0288461538461537,0.6580544137796046,1.0,0.9213675213675213,0.35042557628600873,0.3082117714171359,0.1542232989597873,0.1871393533370681,0.9091122954379567,0.37566783783639374,0.9051758650717463,0.3790790919246965,3,0,5,1,0.09,0.03,45,24,prob_noisy,14,188
12,Anti Tit For Tat,2.001950947603121,0.5650073928043371,5.0,0.8991452991452992,0.23505971949883292,0.3271238587092705,0.21195141128766368,0.22586501050423285,0.08226633064354213,0.9153038963300175,0.06966474661022853,0.9234210568760235,3,0,5,1,0.09,0.03,45,24,prob_noisy,14,188
13,Cooperator,1.6003518411413147,0.9121675267963477,0.0,0.9145299145299145,0.4446376402812398,0.4675616113559486,0.04101032684138189,0.04679042152142966,0.9162531435424642,0.9093682996538394,0.9163121920958104,0.901638591638257,3,0,5,1,0.09,0.03,45,24,prob_noisy,14,188
0,Evolved HMM 5,2.7223123142357672,0.4783420626468057,10.0,0.973202614379085,0.3863659755967788,0.09325036771486908,0.26393216646621853,0.2564514902221336,0.8684263474483687,0.3684217159824762,0.14248868086360864,0.15081881402943184,3,0,5,1,0.02,0.01,85,58,prob_noisy,19,189
1,"DoubleCrosser: (D, D)",2.674229282668484,0.5618015627303553,6.0,0.9784313725490196,0.48681015960236057,0.07641021985334213,0.20323883128597586,0.23354078925832145,0.8803627575315746,0.7554099139264712,0.41169492609246866,0.14411920164981915,3,0,5,1,0.02,0.01,85,58,prob_noisy,19,189
2,Grudger,2.6703084049613866,0.2868182427301559,13.0,0.9797385620915032,0.2597432078616026,0.026488688682932644,0.29157492659610484,0.4221931768593601,0.7792564985270185,0.028182800802707318,0.07633627924622194,0.022122858933867562,3,0,5,1,0.02,0.01,85,58,prob_noisy,19,189
3,Evolved FSM 16,2.6361024033437825,0.5275834484764744,10.0,0.9790849673202614,0.35696991160878583,0.17119617169113363,0.2679841105168905,0.20384980618319015,0.6569772157791863,0.4353325193913301,0.44563423618910747,0.36854619573536573,3,0,5,1,0.02,0.01,85,58,prob_noisy,19,189
4,Defector,2.6003297184331666,0.019507380582608824,17.0,0.02483660130718954,0.00740922944590986,0.012112581489662155,0.39062283836325185,0.5898553507011761,0.03838606286186931,0.0312722292831132,0.01997135201626801,0.020060374849125692,3,0,5,1,0.02,0.01,85,58,prob_noisy,19,189
5,Meta Winner: 17 players,2.5094601201768203,0.08821802303696454,15.0,0.9869281045751634,0.05069878390658645,0.03761863279775923,0.360206277290921,0.5514763060047333,0.4638861051041114,0.31238971529529047,0.07342400440123671,0.06909515776808887,3,0,5,1,0.02,0.01,85,58,prob_noisy,19,189
6,Tit For Tat,2.3853035851532245,0.6076519021227951,5.0,0.9777777777777777,0.4317882908646562,0.17512916254616842,0.17113442876239024,0.22194811782678517,0.9822326694077019,0.02167058867492254,0.9818794491505152,0.01819467306186126,3,0,5,1,0.02,0.01,85,58,prob_noisy,19,189
7,Suspicious Tit For Tat,2.368900001658622,0.5440365025466893,10.0,0.02679738562091503,0.35240846873636794,0.1865973898041921,0.20094464255793917,0.2600494989015007,0.9830228414179099,0.020649574792226278,0.9812422196766764,0.019565877382422162,3,0,5,1,0.02,0.01,85,58,prob_noisy,19,189
8,Soft Joss: 0.9,2.355057469978614,0.6547347487863368,2.0,0.9836601307189542,0.4698022972998423,0.18877762793771355,0.1490678069745244,0.19235226778791983,0.9803946509344669,0.11728203306759176,0.978787196660102,0.13428679071847757,3,0,5,1,0.02,0.01,85,58,prob_noisy,19,189
9,GTFT: 0.33,2.2879450124056544,0.7479331416247305,1.0,0.9836601307189542,0.5317313399532847,0.21960548822719508,0.1032317896060382,0.14543138221348212,0.9806566692108625,0.35529085590694326,0.982043206046927,0.3867401483262284,3,0,5,1,0.02,0.01,85,58,prob_noisy,19,189
10,Tit For 2 Tats,2.2353842686499887,0.7830893292864369,1.0,0.9764705882352941,0.597533686023011,0.18783439254610193,0.05669520628542016,0.1579367151454668,0.9737963754969575,0.7487024426340962,0.9800580598259244,0.3736663780433979,3,0,5,1,0.02,0.01,85,58,prob_noisy,19,189
11,Win-Stay Lose-Shift,2.168086158940732,0.6154809065873378,5.0,0.9836601307189542,0.3756686470069538,0.23774316910570834,0.1551267082231484,0.23146147566418948,0.9802223362337945,0.02095503060226695,0.024861705285400746,0.9788672549213311,3,0,5,1,0.02,0.01,85,58,prob_noisy,19,189
12,Meta Mixer: 17 players,2.15163893955239,0.4642452958307555,9.0,0.7313725490196078,0.2310883697703702,0.23506880028904723,0.22054786594920317,0.31329496399137935,0.5717224271036687,0.3883071011085596,0.5476333251042419,0.37997548413791893,3,0,5,1,0.02,0.01,85,58,prob_noisy,19,189
13,Alternator,2.0517974095658937,0.5055338589639673,6.0,0.9751633986928104,0.19106071445897577,0.3145042065366695,0.23592006039547306,0.2585150186088817,0.025357218151797804,0.021877485940464472,0.9823461753752366,0.9791179984738255,3,0,5,1,0.02,0.01,85,58,prob_noisy,19,189
14,Cycler DC,2.0492485169412626,0.49706248626474253,7.0,0.01764705882352941,0.18127291071555274,0.31580509709012544,0.23937954666230044,0.26354244553202144,0.08104968877951815,0.07159473545138158,0.9424869905690278,0.9019114069757546,3,0,5,1,0.02,0.01,85,58,prob_noisy,19,189
15,Random: 0.5,2.046726076207291,0.4997033169168694,8.0,0.5104575163398692,0.2167474615962178,0.2830166886190205,0.21495219498148307,0.28528365480327866,0.49240952734367344,0.503295271993333,0.5055337596040538,0.5115901397003267,3,0,5,1,0.02,0.01,85,58,prob_noisy,19,189
16,Bully,1.9387131300122091,0.5767606872691022,8.0,0.022222222222222223,0.18073047713445886,0.39519330867397107,0.2270518897706989,0.19702432442087117,0.018519306439192283,0.9821960121584274,0.02285399022396559,0.978525518480763,3,0,5,1,0.02,0.01,85,58,prob_noisy,19,189
17,Cooperator,1.904795821462488,0.9797567268706229,1.0,0.9745098039215686,0.5932004335866511,0.38661211549808405,0.012486156453390091,0.007701294461874865,0.9794210883643287,0.9810087703795626,0.9902172309738666,0.9932863599160173,3,0,5,1,0.02,0.01,85,58,prob_noisy,19,189
18,Anti Tit For Tat,1.834714401833927,0.6117768139381019,7.0,0.9882352941176471,0.19340793010480273,0.41949950170428774,0.19836616366661214,0.18872640452429726,0.02087030922395799,0.9823282265688105,0.020781596450895883,0.9787896888537316,3,0,5,1,0.02,0.01,85,58,prob_noisy,19,189
0,Defector,2.5186087164750957,0.08422804827299209,6.0,0.037037037037037035,0.03224579385641146,0.0521091781934801,0.36209750195432894,0.5535475259957795,0.07077305611225433,0.0898152442922643,0.09284999958323847,0.07926168497087784,3,0,5,1,0.09,0.01,27,165,prob_noisy,7,190
1,Grudger,2.494313057679394,0.12216764379654571,5.0,0.9135802469135802,0.06598690207688128,0.060526417461401784,0.34760432354342924,0.5258823569182877,0.37823986439642954,0.06373775954767676,0.09693075573679875,0.08522235717091896,3,0,5,1,0.09,0.01,27,165,prob_noisy,7,190
2,Evolved HMM 5,2.2502467629856975,0.2913293897882939,3.0,0.9259259259259259,0.12568021135989657,0.17372877252711386,0.28894646064102886,0.4116445554719606,0.6463644702200025,0.36723441287749486,0.16244146427895778,0.20707982714880582,3,0,5,1,0.09,0.01,27,165,prob_noisy,7,190
3,Meta Mixer: 6 players,1.9323173654700811,0.3412666397741025,3.0,0.5617283950617284,0.11481526208179853,0.2267026491546658,0.2263990200000827,0.432083068763453,0.3583532836599465,0.317242262026661,0.35819416659678915,0.3396454770123814,3,0,5,1,0.09,0.01,27,165,prob_noisy,7,190
4,Soft Joss: 0.9,1.8277768716368927,0.4414365073155465,0.0,0.9259259259259259,0.17029049395021026,0.2681134336708605,0.17829534165935987,0.3833007307195693,0.9131764758440603,0.1662219283550503,0.9228172770751523,0.17026058034021352,3,0,5,1,0.09,0.01,27,165,prob_noisy,7,190
5,Alternator,1.503313701604714,0.5035822438880272,1.0,0.9259259259259259,0.14405696525518583,0.35912496347666334,0.13684555373857563,0.3599725175295752,0.09004304154301424,0.09002290073626167,0.9198872947672337,0.9127017366844902,3,0,5,1,0.09,0.01,27,165,prob_noisy,7,190
6,Bully,1.306668391994479,0.6852421837032238,2.0,0.06790123456790123,0.18205767469831205,0.49559356143740146,0.0957107743847815,0.2266379894795051,0.09017254870430952,0.9205628670024507,0.10708875584346877,0.9177515899788086,3,0,5,1,0.09,0.01,27,165,prob_noisy,7,190
0,Defector,2.930161315131807,0.01918282548476454,14.0,0.02721774193548387,0.0087689634602294,0.010447630991771793,0.4334352952422938,0.5473481103057051,0.0,0.0,0.02081425173763029,0.018857442431727413,3,0,5,1,0.02,0.07,62,158,prob_noisy,17,191
1,Grudger,2.6597296650310707,0.3341499265066144,7.0,0.9747983870967742,0.2841720271743377,0.05633107125109277,0.30965904125548105,0.34983786031908853,0.8217624493065128,0.04579408908721774,0.06835522163693343,0.02242883971823996,3,0,5,1,0.02,0.07,62,158,prob_noisy,17,191
2,Evolved FSM 16,2.5872791882553163,0.5361035920696466,5.0,0.9828629032258065,0.37166860615876374,0.16392805319751103,0.2790861562631344,0.18531718438059097,0.6635912733778103,0.3097156577795505,0.41788237693010816,0.34491327207036726,3,0,5,1,0.02,0.07,62,158,prob_noisy,17,191
3,Meta Winner: 15 players,2.502243424462007,0.20894669143918823,10.0,0.9778225806451613,0.12259727172792037,0.09050331872312031,0.357719064526259,0.42918034502270025,0.5482419261529613,0.4353737423725289,0.08792484997737082,0.12847950764703478,3,0,5,1,0.02,0.07,62,158,prob_noisy,17,191
4,Suspicious Tit For Tat,2.416959929225733,0.47729257641921397,8.0,0.02217741935483871,0.2835869700191147,0.19323756308476256,0.22735128060637164,0.2958241862897512,0.9843727488732839,0.034266151735641445,0.9777783950724015,0.02626390575536779,3,0,5,1,0.02,0.07,62,158,prob_noisy,17,191
5,Cycler DC,2.3776909040775998,0.48467610040531894,7.0,0.017137096774193547,0.21295002714003608,0.27142472033112514,0.2567515169426499,0.25887373558618887,0.0890623018566702,0.08577383899055249,0.9429262071285831,0.9397837004990828,3,0,5,1,0.02,0.07,62,158,prob_noisy,17,191
6,Bully,2.3772087578924177,0.5085537615939539,8.0,0.018145161290322582,0.18671632518411818,0.3220044594963688,0.2658669608981344,0.22541225442137866,0.024401179446367657,0.9705015142032188,0.020886396029883115,0.983833787751621,3,0,5,1,0.02,0.07,62,158,prob_noisy,17,191
7,Win-Shift Lose-Stay: D,2.3586607181355594,0.510618043350908,7.0,0.020161290322580645,0.1979301377713278,0.3132880744663587,0.238211950975644,0.25056983678666955,0.023830500069707033,0.9807935535619882,0.9654564981663654,0.02704006670379221,3,0,5,1,0.02,0.07,62,158,prob_noisy,17,191
8,Meta Mixer: 15 players,2.32823604580157,0.5074457523755496,6.5,0.6280241935483871,0.26599367776493754,0.24098393667728962,0.22283409751601307,0.2701882880417598,0.5326742940938876,0.46918932157353344,0.5409993367922865,0.4635438791428851,3,0,5,1,0.02,0.07,62,158,prob_noisy,17,191
9,Random: 0.5,2.32581537237522,0.5005375958712637,6.0,0.5030241935483871,0.23010225950813734,0.27103558083257734,0.2312391463508697,0.2676230133084156,0.5007593644298645,0.5088869072969833,0.4972566901870268,0.49473982010599155,3,0,5,1,0.02,0.07,62,158,prob_noisy,17,191
10,Win-Stay Lose-Shift,2.3237035385575684,0.6063076593005793,3.0,0.9828629032258065,0.37614572915591193,0.22879720613797147,0.19100974384146668,0.2040473208646499,0.974347400746127,0.01913566709122646,0.03310464050297797,0.9738605953204567,3,0,5,1,0.02,0.07,62,158,prob_noisy,17,191
11,Soft Joss: 0.9,2.3104584616681345,0.6595834209972649,1.0,0.9858870967741935,0.4417602190816649,0.22220468429496001,0.16063002413953437,0.1754050724838407,0.9694184156589299,0.13333691083049914,0.9766545001208393,0.11018585780277557,3,0,5,1,0.02,0.07,62,158,prob_noisy,17,191
12,Alternator,2.2985205564437123,0.5185027948772377,5.0,0.9848790322580645,0.24116727678265115,0.27754775072863697,0.23580117935733783,0.24548379313137406,0.024269153496468254,0.020535095045553415,0.9840716703776174,0.9751436609484996,3,0,5,1,0.02,0.07,62,158,prob_noisy,17,191
13,"DoubleCrosser: (D, D)",2.255981496734689,0.6197090909090909,3.0,0.9788306451612904,0.4597247761156373,0.16126945404442572,0.19157227531594723,0.18743349452398977,0.9341176364662909,0.8023642203843651,0.4009030918363752,0.17368626093063932,3,0,5,1,0.02,0.07,62,158,prob_noisy,17,191
14,Tit For 2 Tats,2.109584225610227,0.8097904105656044,0.0,0.9727822580645161,0.563399702055372,0.24148577655201914,0.054037986448261056,0.14107653494434774,0.9807629447260141,0.7488124941643604,0.9859319234122206,0.3397494716205936,3,0,5,1,0.02,0.07,62,158,prob_noisy,17,191
15,Anti Tit For Tat,2.05005791637812,0.6074515848019835,5.0,0.9808467741935484,0.2211429986644453,0.3807175903436805,0.2009953296184838,0.19714408137339035,0.026472057996112054,0.9810518995412018,0.027367526424678816,0.9789526261395654,3,0,5,1,0.02,0.07,62,158,prob_noisy,17,191
16,Cooperator,1.830712576655156,0.9808855216514909,0.0,0.9838709677419355,0.5588567947061005,0.4219642274145153,0.010970049270305178,0.008208928609079142,0.9830765375459911,0.9786454399098601,0.9579829751894529,0.9928571428571429,3,0,5,1,0.02,0.07,62,158,prob_noisy,17,191
0,Suspicious Tit For Tat,2.5625,0.5186206896551724,1.0,0.08620689655172414,0.3434863682848804,0.1828712033299758,0.23069841916711104,0.24294400921803277,0.9382267980149619,0.0698332934513839,0.9079077784960138,0.05084469071539846,3,0,5,1,0.06,0.06,87,73,prob_noisy,3,192
1,Evolved HMM 5,2.5,0.5263884097964815,1.0,0.9022988505747126,0.41798882121462766,0.12222723513046094,0.19815086347344413,0.26163308018146725,0.9111186172955543,0.36666666666666664,0.2034920634920635,0.17988074473694887,3,0,5,1,0.06,0.06,87,73,prob_noisy,3,192
2,Win-Stay Lose-Shift,2.0616438356164384,0.5609302325581396,0.0,0.9655172413793104,0.27041069843501697,0.29054314433441686,0.16679230015429844,0.2722538570762677,0.9440375965863222,0.06282554047259929,0.06632700539735716,0.9315768080596928,3,0,5,1,0.06,0.06,87,73,prob_noisy,3,192
0,Random: 0.5,3.0774676596406882,0.494460402133771,2.0,0.5,0.35771198618602873,0.13665749077525843,0.36581941122167816,0.13981111181703484,0.48594150284441556,0.5063794173442818,0.5017484139341271,0.5010135238884337,3,0,5,1,0.06,0.02,60,76,prob_noisy,4,193
1,Tit For Tat,2.774982837994963,0.742603550295858,2.0,0.8777777777777778,0.6251136584168601,0.12388862685850845,0.1598987906080345,0.09109892411659706,0.9407189087037153,0.04930303981777525,0.9307597060576241,0.08145822431536717,3,0,5,1,0.06,0.02,60,76,prob_noisy,4,193
2,Tit For 2 Tats,2.5457444286391655,0.854246966452534,1.0,0.9444444444444444,0.673308920493963,0.1830370845890024,0.09008694933479612,0.05356704558223843,0.932250309068421,0.7918102281841418,0.9382644307930711,0.5201918786256136,3,0,5,1,0.06,0.02,60,76,prob_noisy,4,193
3,Cooperator,2.4213068904144417,0.9433566433566434,0.0,0.9555555555555556,0.7274112320739557,0.21590463995974682,0.04368269101800739,0.013001436948290007,0.9412324678855782,0.9438626427562601,0.9619935405856331,0.9609507640067911,3,0,5,1,0.06,0.02,60,76,prob_noisy,4,193
0,Grudger,2.893939393939394,0.3378712871287129,1.0,0.9736842105263158,0.2906312271988718,0.04017290536190564,0.34045801526717556,0.328737852172047,0.6072222222222222,0.125,0.06874203144921377,0.023952095808383235,3,0,5,1,0.02,0.06,19,136,prob_noisy,3,194
1,GTFT: 0.33,2.4310344827586206,0.7269417475728155,0.0,1.0,0.38089669190208264,0.34572127139364306,0.1575603146080655,0.11582172209620879,0.9735964912280701,0.4076050476574037,0.9331896551724138,0.36050420168067226,3,0,5,1,0.02,0.06,19,136,prob_noisy,3,194
2,Cycler DC,2.0595238095238093,0.48877805486284287,1.0,0.0,0.10044358175155689,0.3883797756583736,0.2762556225386812,0.2349210200513883,0.07894736842105263,0.03348256810821108,0.9869109947643979,0.8421727972626176,3,0,5,1,0.02,0.06,19,136,prob_noisy,3,194
0,Defector,2.883222613872769,0.03973816450674425,17.0,0.04594820384294068,0.017681617759401035,0.022129483134998195,0.41270813831986186,0.5474807607857389,0.10891643535860641,0.08562318438140806,0.041153287454523256,0.037504363250101855,3,0,5,1,0.04,0.08,63,94,prob_noisy,20,195
1,Grudger,2.6279852107047805,0.38126020685900924,9.0,0.9649122807017544,0.30563621233910826,0.07171730296937322,0.28618382837941714,0.3364626563121014,0.7835740274728498,0.05708318014471978,0.12857272490697663,0.036806361041168745,3,0,5,1,0.04,0.08,63,94,prob_noisy,20,195
2,Suspicious Tit For Tat,2.597562745863682,0.518006809848088,10.0,0.042606516290726815,0.3072396037466676,0.1989771447804489,0.2417245457794751,0.25205870569340827,0.9636944208892512,0.04838480995176113,0.9643795941363592,0.04989359761381903,3,0,5,1,0.04,0.08,63,94,prob_noisy,20,195
3,Evolved HMM 5,2.507970781654992,0.5393738794649013,6.0,0.960735171261487,0.39644054859435435,0.13645922873669086,0.24325968276542467,0.22384053990353012,0.878891716164639,0.3664443429511956,0.17522841319037613,0.16862156768054695,3,0,5,1,0.04,0.08,63,94,prob_noisy,20,195
4,Cycler DC,2.5059100341136955,0.4792702066439969,9.0,0.03759398496240601,0.19595819822128108,0.28269790876135553,0.2764826553492612,0.2448612376681021,0.12160428841380938,0.08379141765931668,0.9175269801085477,0.8727430105974365,3,0,5,1,0.04,0.08,63,94,prob_noisy,20,195
5,Meta Winner: 18 players,2.5019860743544955,0.25526315789473686,11.0,0.9624060150375939,0.15494658753436588,0.10239992283128244,0.3405441171970958,0.4021093724372559,0.506322109080068,0.4222349736823848,0.11245868590339096,0.1372549709851044,3,0,5,1,0.04,0.08,63,94,prob_noisy,20,195
6,Evolved FSM 16,2.49707454888026,0.5666757753791501,6.0,0.9632414369256475,0.37623393978429176,0.18416533370378002,0.2507239100353279,0.1888768164766004,0.6863599365616849,0.3565255029169586,0.4533741731643432,0.3438627364499452,3,0,5,1,0.04,0.08,63,94,prob_noisy,20,195
7,Win-Shift Lose-Stay: D,2.473871715994913,0.5135652518318041,9.0,0.036758563074352546,0.21481010844814205,0.2969996411454187,0.2618348740941551,0.2263553763122841,0.04960612757117388,0.9530163102251089,0.9587427053030079,0.05261952822357155,3,0,5,1,0.04,0.08,63,94,prob_noisy,20,195
8,Bully,2.417296224646497,0.5118227266585597,9.0,0.03341687552213868,0.1827777702738222,0.3301651152671588,0.2597305359984637,0.22732657846055537,0.049894452805572524,0.9610460899538502,0.04219807739951594,0.9615674679740475,3,0,5,1,0.04,0.08,63,94,prob_noisy,20,195
9,Tit For Tat,2.4064810041640703,0.6251640986664824,3.0,0.9548872180451128,0.42513348852093746,0.20155007150928897,0.18350615588834956,0.189810284081424,0.9609609687394972,0.039050330618438336,0.959793468417246,0.03997053482485773,3,0,5,1,0.04,0.08,63,94,prob_noisy,20,195
10,Random: 0.5,2.3826738050422263,0.5096236523579601,8.0,0.5071010860484545,0.24320461534478893,0.26698657489638594,0.23567116335443525,0.2541376464043899,0.5057846560635187,0.5148246671587129,0.5235741563772767,0.5147617098314881,3,0,5,1,0.04,0.08,63,94,prob_noisy,20,195
11,Win-Stay Lose-Shift,2.379188355504145,0.6043650793650793,4.0,0.960735171261487,0.3841928660130538,0.22390891485476103,0.1897985623955495,0.20209965673663563,0.9606068856104643,0.044292322573031666,0.03685739682856381,0.962825583963219,3,0,5,1,0.04,0.08,63,94,prob_noisy,20,195
12,Meta Mixer: 18 players,2.375893667735773,0.5177705977382876,7.0,0.695906432748538,0.2872220810708302,0.23185444999552846,0.22386246062822696,0.2570610083054144,0.6106364264666607,0.41565076964353853,0.5863530265384187,0.3919982588532351,3,0,5,1,0.04,0.08,63,94,prob_noisy,20,195
13,Alternator,2.368154454764362,0.5209125475285171,7.0,0.9532163742690059,0.23432923650218507,0.2873858505637004,0.25494754579330087,0.2233373671408136,0.05013074869977544,0.050463711405129785,0.9627873436917396,0.9684190494793113,3,0,5,1,0.04,0.08,63,94,prob_noisy,20,195
14,Soft Joss: 0.9,2.336758693251828,0.6817312133007851,2.0,0.9624060150375939,0.4618576874677353,0.21633396638220215,0.16080804830457107,0.16100029784549147,0.9597131777498235,0.1382155720802248,0.9585014974200046,0.1953965891871895,3,0,5,1,0.04,0.08,63,94,prob_noisy,20,195
15,"DoubleCrosser: (D, D)",2.33512123627769,0.6564935064935065,3.0,0.9582289055973267,0.49686373757261204,0.16197127664862743,0.17058202482245083,0.17058296095630957,0.9022073955902133,0.7849639452371768,0.4348479514099078,0.214937104980738,3,0,5,1,0.04,0.08,63,94,prob_noisy,20,195
16,GTFT: 0.33,2.308854355139185,0.7443114560042089,1.0,0.9590643274853801,0.508238611250863,0.2435871022371904,0.12816103689331784,0.12001324961862875,0.9573570168724131,0.346033027495133,0.9530071111408699,0.35941217813151083,3,0,5,1,0.04,0.08,63,94,prob_noisy,20,195
17,Tit For 2 Tats,2.217437003089883,0.8067321736821139,1.0,0.9590643274853801,0.5757443967726745,0.23234773492547767,0.06579257038202685,0.126115297919821,0.9631362845148863,0.7565424490457275,0.9619211667431259,0.4280016420763895,3,0,5,1,0.04,0.08,63,94,prob_noisy,20,195
18,Anti Tit For Tat,2.1307471767998085,0.5884850092862828,7.0,0.9590643274853801,0.22826946697121497,0.35810263043106644,0.2149142285135978,0.19871367408412077,0.03702820465888492,0.9641191864110471,0.03795257866213328,0.9640288937323289,3,0,5,1,0.04,0.08,63,94,prob_noisy,20,195
19,Cooperator,1.9980315371762742,0.9613420860685631,1.0,0.9632414369256475,0.587110628730631,0.37432229738014405,0.022825866260570905,0.015741207628654146,0.9607773413121286,0.9536699813567532,0.9827329154638652,0.9909540416957296,3,0,5,1,0.04,0.08,63,94,prob_noisy,20,195
0,Evolved HMM 5,2.7008067042606516,0.34986945169712796,2.0,0.9224137931034483,0.25776227819470765,0.11183480912880547,0.3882407482004729,0.24216216447601396,0.6956784139714872,0.3817071172206105,0.15125930554800848,0.15899096443379834,3,0,5,1,0.06,0.05,29,72,prob_noisy,5,196
1,Suspicious Tit For Tat,2.4291666666666667,0.504725897920605,2.0,0.07758620689655173,0.25754626768036326,0.2506725309340448,0.28393295095046484,0.20784825043512706,0.9468803818383061,0.06710960885756712,0.9275436119730598,0.04874324641766502,3,0,5,1,0.06,0.05,29,72,prob_noisy,5,196
2,Bully,2.0463669950738916,0.5445505171042164,1.0,0.05172413793103448,0.24848353263647532,0.29573117953132505,0.17897998125940995,0.2768053065727897,0.044832181458079975,0.9339051315860901,0.06422719491318171,0.9595361772735447,3,0,5,1,0.06,0.05,29,72,prob_noisy,5,196
3,Cycler DC,1.9399665551839465,0.4898466639038541,1.0,0.0603448275862069,0.19611780003199142,0.29343506359222105,0.2179026712998487,0.29254446507593884,0.15749517930582002,0.17182312274508266,0.8277146306231218,0.8665080166250997,3,0,5,1,0.06,0.05,29,72,prob_noisy,5,196
4,Win-Stay Lose-Shift,1.8814589665653494,0.5555071832825424,0.0,0.9224137931034483,0.2560976086306985,0.2942557360231938,0.1768729674993938,0.27277368784671385,0.9364137515846934,0.07027156751294683,0.05809996359739747,0.9558205755691174,3,0,5,1,0.06,0.05,29,72,prob_noisy,5,196
0,Evolved FSM 16,2.9330357142857144,0.5173866090712743,2.0,0.9560439560439561,0.3665004193105128,0.14185609381516417,0.31367991889703994,0.17796356797728324,0.7465421895339103,0.36253250453718827,0.42998644347413856,0.38428093230290944,3,0,5,1,0.05,0.04,91,196,prob_noisy,5,197
1,"DoubleCrosser: (D, D)",2.7773620058102817,0.5658955301999372,1.0,0.9395604395604396,0.4370452322993193,0.12704720640908965,0.29146388166303905,0.144443679628552,0.8596458584060146,0.7082854564909966,0.32022856748483486,0.07621465285949999,3,0,5,1,0.05,0.04,91,196,prob_noisy,5,197
2,Tit For Tat,2.621345029239766,0.6480577372107833,1.0,0.9532967032967034,0.4838903331350689,0.1741052436240255,0.1784059885941209,0.1635984346467847,0.9558148403479418,0.05669601128966937,0.9482607824799315,0.04070974024851742,3,0,5,1,0.05,0.04,91,196,prob_noisy,5,197
3,Win-Stay Lose-Shift,2.29066985645933,0.6138211382113821,1.0,0.9642857142857143,0.37060688933084374,0.24342645241196365,0.14606198480808946,0.23990467344910316,0.9508070281133001,0.04499513802329094,0.0557077756000392,0.9557173022373584,3,0,5,1,0.05,0.04,91,196,prob_noisy,5,197
4,Anti Tit For Tat,2.0829545454545455,0.6170822281167109,2.0,0.9532967032967034,0.19037276972929063,0.4313999866957567,0.1882232089937103,0.19000403458124235,0.05591597111440112,0.9480654636625604,0.049870096193745064,0.9494805780166301,3,0,5,1,0.05,0.04,91,196,prob_noisy,5,197
0,Defector,3.694430014430014,0.008966861598440545,3.0,0.0196078431372549,0.006471900237281697,0.002402425864279843,0.6640586209084979,0.3270670529899406,0.0,0.0,0.007830871416345739,0.00849242288687322,3,0,5,1,0.01,0.04,68,157,prob_noisy,4,198
1,Alternator,2.258696956065377,0.5107398568019093,1.0,0.9901960784313726,0.2582043150690389,0.25251101501351053,0.24891152253553106,0.2403731473819196,0.012396934475521764,0.0320701336284516,0.989881762429084,0.9933196728139003,3,0,5,1,0.01,0.04,68,157,prob_noisy,4,198
2,Win-Stay Lose-Shift,1.9390342377260983,0.5868957251298442,0.0,0.9901960784313726,0.3292727633265245,0.2576404107754759,0.17302034733930224,0.24006647855869734,0.9923285170978735,0.02078063914117093,0.009869039229504346,0.9912802984361505,3,0,5,1,0.01,0.04,68,157,prob_noisy,4,198
3,Cooperator,1.5136153490522424,0.9882308276385725,0.0,0.9803921568627451,0.40895256300153776,0.5792680975046344,0.005831458374569585,0.005947881119258317,0.9935162039025706,0.9877491691463596,0.9761904761904763,1.0,3,0,5,1,0.01,0.04,68,157,prob_noisy,4,198
0,Defector,2.6770969770969772,0.07083333333333333,11.0,0.06666666666666667,0.0303490336443303,0.04089985467437643,0.39048393717562213,0.5382671745056711,0.12347474747474747,0.11052579365079365,0.06611101456425968,0.07099767145019839,3,0,5,1,0.07,0.07,30,128,prob_noisy,14,199
1,Grudger,2.5342958436416256,0.22796200633227795,9.0,0.9128205128205128,0.15385362331749056,0.08820046475479311,0.3304726867607661,0.42747322516695024,0.6265033118223434,0.09877903862593139,0.12110694262701491,0.07194305540844836,3,0,5,1,0.07,0.07,30,128,prob_noisy,14,199
2,Suspicious Tit For Tat,2.314367306162551,0.4577619773150499,5.0,0.05641025641025641,0.2322770261552645,0.21742764542907456,0.23279946621820086,0.31749586219746007,0.9211860617688826,0.0797283859914191,0.9433990724850604,0.08866141202539425,3,0,5,1,0.07,0.07,30,128,prob_noisy,14,199
3,Evolved HMM 5,2.283040373432743,0.40439522408721235,5.0,0.8923076923076924,0.22448765615938265,0.17509766828134504,0.2938058593420517,0.30660881621722064,0.761311320339019,0.40294748632262284,0.19015551433554642,0.20589728545851443,3,0,5,1,0.07,0.07,30,128,prob_noisy,14,199
4,Cycler DC,2.2512029194658245,0.48866592344853216,5.0,0.08205128205128205,0.2077516189722993,0.28095012339109227,0.22649181467751162,0.28480644295909685,0.16794492425962643,0.16891364973866113,0.8972153003927219,0.8625454553178072,3,0,5,1,0.07,0.07,30,128,prob_noisy,14,199
5,Meta Winner: 12 players,2.2364808394220157,0.24163160782879092,7.0,0.9435897435897436,0.12098030351959153,0.12269478190166261,0.3132186242620534,0.4431062903166926,0.5030462361437926,0.39880246437143896,0.12814143010020648,0.11067290301340986,3,0,5,1,0.07,0.07,30,128,prob_noisy,14,199
6,Win-Shift Lose-Stay: D,2.206445683945684,0.47509840835187406,6.0,0.07435897435897436,0.19551687483092856,0.27729316347665534,0.23236152870587481,0.29482843298654127,0.062243354988321564,0.9137322067438548,0.9413197779696397,0.05822426843149689,3,0,5,1,0.07,0.07,30,128,prob_noisy,14,199
7,Random: 0.5,2.1966610678104597,0.5073489384866631,5.0,0.48717948717948717,0.21837739206761614,0.2892467587130881,0.21258704421589025,0.2797888050034056,0.5192827630367456,0.5064736850672013,0.480154262576047,0.5099267730170202,3,0,5,1,0.07,0.07,30,128,prob_noisy,14,199
8,Soft Joss: 0.9,2.170237909861414,0.5652644881747608,1.5,0.8948717948717949,0.2917396273043779,0.2712596561517804,0.19912757616137003,0.2378731403824716,0.924497810080057,0.16810331381445648,0.9132229253333772,0.1905355591642193,3,0,5,1,0.07,0.07,30,128,prob_noisy,14,199
9,Meta Mixer: 12 players,2.127784453155416,0.4388199798860208,4.5,0.5435897435897435,0.18855201445641107,0.2513692041534505,0.23729185840791595,0.3227869229822225,0.4689821253551927,0.3978235479307345,0.49532302653530763,0.3983560872083972,3,0,5,1,0.07,0.07,30,128,prob_noisy,14,199
10,Bully,2.0980944067713407,0.5355691056910569,5.0,0.0641025641025641,0.19825253407032017,0.33797970818983775,0.21190918198210099,0.25185857575774107,0.06543938248716781,0.9342328748649358,0.060305026283113954,0.9164167006071231,3,0,5,1,0.07,0.07,30,128,prob_noisy,14,199
11,Alternator,2.0090463596487718,0.5195562241444152,3.0,0.9205128205128205,0.2194518954511858,0.3004586396370905,0.2177250860783239,0.2623643788333998,0.08966111060461428,0.08285429842766266,0.9256521903263584,0.9199121815438995,3,0,5,1,0.07,0.07,30,128,prob_noisy,14,199
12,Tit For 2 Tats,1.9043724960008404,0.7239517725391398,0.0,0.9256410256410257,0.4210943146440616,0.31009498045958817,0.09134952652746503,0.17746117836888523,0.9260090275957726,0.6899590558894514,0.9363509273478703,0.3629310207619062,3,0,5,1,0.07,0.07,30,128,prob_noisy,14,199
13,Anti Tit For Tat,1.8384682434840212,0.60801393728223,3.0,0.9282051282051282,0.23337802306277006,0.38430432483146987,0.15765278353015785,0.2246648685756023,0.06666303779383305,0.9325100093677696,0.07505939397344173,0.9370071568058661,3,0,5,1,0.07,0.07,30,128,prob_noisy,14,199
0,Grudger,2.881322930983372,0.18707250341997264,3.0,0.9608433734939759,0.14710504438187585,0.04353378276322369,0.411139575676534,0.3982215971783665,0.7088091196215659,0.05385831020659883,0.07751011606732386,0.04976101506793834,3,0,5,1,0.05,0.03,83,161,prob_noisy,5,200
1,Evolved HMM 5,2.6488406192457203,0.3921991552080525,2.0,0.963855421686747,0.23933644874367715,0.13665109971359213,0.32553138416082045,0.29848106738191027,0.7957573677483867,0.34644246397384026,0.17789095823228668,0.19102392029870474,3,0,5,1,0.05,0.03,83,161,prob_noisy,5,200
2,Soft Joss: 0.9,2.0852335164835165,0.5421718972895863,0.0,0.9186746987951807,0.32901893749659405,0.20966671000670867,0.14870236181290944,0.3126119906837878,0.9476602575216059,0.1558077528286015,0.9478515820330141,0.13134574755468406,3,0,5,1,0.05,0.03,83,161,prob_noisy,5,200
3,Random: 0.5,1.8977819388625017,0.5012755102040817,1.0,0.5602409638554217,0.18057246112116793,0.320618937482723,0.1757750255229069,0.32303357587320214,0.5016356325750155,0.49399306964127393,0.4947929630330244,0.5076183801096585,3,0,5,1,0.05,0.03,83,161,prob_noisy,5,200
4,Anti Tit For Tat,1.6926984677939207,0.6645803698435278,1.0,0.9698795180722891,0.16779946759981226,0.5046831743539512,0.15400535714702793,0.17351200089920876,0.05695396193124463,0.9448792591227291,0.04982355354409367,0.9598438180557509,3,0,5,1,0.05,0.03,83,161,prob_noisy,5,200
0,Evolved HMM 5,2.7351990483455015,0.5612895743940624,5.0,0.9473684210526315,0.4588977348241291,0.10381725151032617,0.22274040489077057,0.21454460877477413,0.9187642717433505,0.34966860415579093,0.19011475369449787,0.1906526466507945,3,0,5,1,0.05,0.06,57,41,prob_noisy,11,201
1,Evolved FSM 16,2.701689895470383,0.5940917803585523,4.0,0.9543859649122807,0.4476550710558433,0.1542345963726141,0.22198508666229322,0.17612524590924936,0.726223921194702,0.4103779420513597,0.5484096009079354,0.3126859109092462,3,0,5,1,0.05,0.06,57,41,prob_noisy,11,201
2,Tit For Tat,2.692428719455262,0.7300689811150062,2.0,0.9473684210526315,0.5583380401603338,0.16911122944492907,0.17254131223385516,0.10000941816088202,0.947645885100237,0.056743148683342015,0.9595544114744563,0.0601767353933019,3,0,5,1,0.05,0.06,57,41,prob_noisy,11,201
3,Meta Winner: 9 players,2.6700686994165257,0.49245090248609374,5.0,0.9403508771929825,0.32815558019683116,0.1678800665079631,0.2617933824134696,0.24217097088173603,0.6095797643862066,0.4707670084456711,0.45874954034944737,0.34095055175880035,3,0,5,1,0.05,0.06,57,41,prob_noisy,11,201
4,Soft Joss: 0.9,2.6478937859554033,0.7337957426453001,2.0,0.9403508771929825,0.5541241736684872,0.1827297816357071,0.16525629073005302,0.09788975396575282,0.9412721788661009,0.14909649681709447,0.9445202709268814,0.13957599860855333,3,0,5,1,0.05,0.06,57,41,prob_noisy,11,201
5,"DoubleCrosser: (D, D)",2.644020694752402,0.7108461898083216,2.0,0.956140350877193,0.5893281323753099,0.13052996739804984,0.14073009487404314,0.1394118053525971,0.9298469235429818,0.7886535747300113,0.48532048469923017,0.19190952646661827,3,0,5,1,0.05,0.06,57,41,prob_noisy,11,201
6,Random: 0.5,2.6038482384823847,0.49469261388766034,5.0,0.5175438596491229,0.26853640476569707,0.22639432566439374,0.26673168097574385,0.23833758859416534,0.4819637128259758,0.4780046115767605,0.5089079000761134,0.4784785767951817,3,0,5,1,0.05,0.06,57,41,prob_noisy,11,201
7,Meta Mixer: 9 players,2.6038456868334916,0.6396447683024024,4.0,0.8807017543859649,0.44759059819063507,0.1915207151821505,0.18842870602143963,0.1724599806057749,0.7714256412512855,0.4115219301456466,0.7102137231169718,0.3872196659036697,3,0,5,1,0.05,0.06,57,41,prob_noisy,11,201
8,Alternator,2.5989561412423217,0.5154913936701833,5.0,0.956140350877193,0.23503383190388089,0.28049267863173677,0.2890103568656654,0.1954631325987169,0.04722650753116521,0.06302990659771804,0.9511065539861507,0.9458200887922329,3,0,5,1,0.05,0.06,57,41,prob_noisy,11,201
9,Tit For 2 Tats,2.4891797328687573,0.8803761899300379,1.0,0.9438596491228071,0.6917391971420869,0.1875954294153575,0.06326558886232354,0.05739978458023206,0.9488652597123902,0.7923583129536753,0.9360835195739279,0.4055630429194449,3,0,5,1,0.05,0.06,57,41,prob_noisy,11,201
10,Cooperator,2.4328712792417475,0.9515966386554622,1.0,0.9350877192982456,0.7183096346247904,0.23330260645019507,0.035125743683765843,0.013262015241248782,0.9515824504439298,0.9497975081041974,0.9708138076722381,0.9416583416583416,3,0,5,1,0.05,0.06,57,41,prob_noisy,11,201
0,Defector,2.85609857978279,0.04775413711583924,16.0,0.03782894736842105,0.02233023743613918,0.025275749118756827,0.4315570053667005,0.5208370080784035,0.15000000000000002,0.18333333333333335,0.04809717450369597,0.05535700354713885,3,0,5,1,0.04,0.09,32,10,prob_noisy,20,202
1,Suspicious Tit For Tat,2.6736528822055137,0.4870254685247477,11.0,0.05592105263157895,0.29108954816379046,0.1922149301566152,0.27458491537679547,0.242110606302799,0.961125155841075,0.05654385177358545,0.9605895781562723,0.04559213155546173,3,0,5,1,0.04,0.09,32,10,prob_noisy,20,202
2,Win-Shift Lose-Stay: D,2.658876357560568,0.475,10.0,0.03782894736842105,0.21168506323345027,0.2637890352420931,0.30002708388325877,0.22449881764119795,0.047729343131971455,0.9637612186551292,0.953197552647669,0.05762507593635219,3,0,5,1,0.04,0.09,32,10,prob_noisy,20,202
3,Grudger,2.649906015037594,0.510806916426513,8.0,0.9457236842105263,0.4212064739298064,0.09405117201879719,0.23783637510439465,0.2469059789470018,0.8558436536861238,0.05682541234742093,0.18541924710761082,0.06163167746075579,3,0,5,1,0.04,0.09,32,10,prob_noisy,20,202
4,Bully,2.613095238095238,0.43949827840629613,11.0,0.05098684210526316,0.1744838035418721,0.25806334290367533,0.3210439876178209,0.24640886593663155,0.06192945043709404,0.9607866550846147,0.046799220021472424,0.9543796997133227,3,0,5,1,0.04,0.09,32,10,prob_noisy,20,202
5,Cycler DC,2.562781954887218,0.4757425742574257,8.0,0.03782894736842105,0.21180374064682442,0.2634130414441516,0.3104419555566605,0.21434126235236348,0.17754944666977232,0.10944851828965184,0.9182921697876636,0.871339207203997,3,0,5,1,0.04,0.09,32,10,prob_noisy,20,202
6,Evolved FSM 16,2.5371867167919797,0.6820863818739674,4.0,0.9671052631578947,0.5070080830015217,0.17247697686768887,0.18277002594126926,0.13774491418952034,0.7809021458841766,0.27030158517700537,0.6431198391032522,0.36328186989768946,3,0,5,1,0.04,0.09,32,10,prob_noisy,20,202
7,Evolved HMM 5,2.5280910609857976,0.6431707317073171,5.0,0.9588815789473685,0.4936834632027587,0.1526159557249731,0.19753391122385863,0.15616666984840952,0.9139124736458155,0.36528712015924825,0.28380027280738,0.18407850152244706,3,0,5,1,0.04,0.09,32,10,prob_noisy,20,202
8,Meta Mixer: 18 players,2.443859649122807,0.5666036844591403,7.0,0.6710526315789473,0.345035480664118,0.22159524406096176,0.22952784344107482,0.20384143183384537,0.6509356812935899,0.41072153501058595,0.5971073378808074,0.48575868059561056,3,0,5,1,0.04,0.09,32,10,prob_noisy,20,202
9,Meta Winner: 18 players,2.441760651629073,0.3963024413368097,10.0,0.944078947368421,0.2407515044550587,0.15607665513809948,0.3000029068166032,0.3031689335902386,0.546143590373701,0.43619559369529715,0.15909950962718725,0.28818369869170285,3,0,5,1,0.04,0.09,32,10,prob_noisy,20,202
10,Random: 0.5,2.43531746031746,0.5040650406504065,8.0,0.49506578947368424,0.2666217562361451,0.2372216225803696,0.2640522814427209,0.2321043397407644,0.5027641430379057,0.5165289493767254,0.4833208929290173,0.5285156652731693,3,0,5,1,0.04,0.09,32,10,prob_noisy,20,202
11,Alternator,2.4056704260651625,0.5325443786982249,7.0,0.9473684210526315,0.27093558949790536,0.2618763457632927,0.27781123683601033,0.18937682790279164,0.04535080355732974,0.07315613273525981,0.9552541629523489,0.9832860718779168,3,0,5,1,0.04,0.09,32,10,prob_noisy,20,202
12,Soft Joss: 0.9,2.3843358395989975,0.7072169925174994,1.5,0.9703947368421053,0.5006404891216277,0.21272038241049077,0.15488298769230271,0.13175614077557876,0.9470457739389684,0.12682515867088576,0.9621089454993507,0.23493296856573773,3,0,5,1,0.04,0.09,32,10,prob_noisy,20,202
13,Tit For Tat,2.374310776942356,0.698389458272328,1.0,0.9638157894736842,0.4881859172276613,0.20962599119908268,0.16418066678016574,0.13800742479309033,0.9690512795365275,0.05659310033133175,0.9680587452802875,0.06793242253040652,3,0,5,1,0.04,0.09,32,10,prob_noisy,20,202
14,Win-Stay Lose-Shift,2.3711779448621555,0.6706941483060886,3.0,0.9523026315789473,0.4571291563356473,0.2102189897182004,0.17086171256954305,0.16179014137660921,0.9637595271300529,0.047752603328254074,0.06310543661357979,0.9442171299681231,3,0,5,1,0.04,0.09,32,10,prob_noisy,20,202
15,GTFT: 0.33,2.3,0.7832369942196532,1.0,0.9654605263157895,0.5317162048964901,0.24988025283664192,0.12288622186496001,0.09551732040190805,0.9657992872092961,0.33680310012642345,0.9733227575786186,0.33570618601879376,3,0,5,1,0.04,0.09,32,10,prob_noisy,20,202
16,Anti Tit For Tat,2.1906223893065997,0.5809037900874635,7.0,0.962171052631579,0.26399441402350515,0.31168978020775406,0.22931269724940267,0.19500310851933803,0.054175827012917385,0.9768155195631033,0.0469307206530914,0.9530809008709595,3,0,5,1,0.04,0.09,32,10,prob_noisy,20,202
17,"DoubleCrosser: (D, D)",2.1757936507936506,0.84896224056014,1.0,0.962171052631579,0.5861619226566048,0.2595832066571269,0.0822852807979906,0.07196958988827762,0.9429168320837066,0.8741680158249236,0.6026417945277596,0.3998023905918643,3,0,5,1,0.04,0.09,32,10,prob_noisy,20,202
18,Tit For 2 Tats,2.1530075187969926,0.8501440922190202,0.0,0.96875,0.6085814614564664,0.24344625347668866,0.058450778164128595,0.0895215069027165,0.9524802150338738,0.7773263525386251,0.9760405799186961,0.3446298072718527,3,0,5,1,0.04,0.09,32,10,prob_noisy,20,202
19,Cooperator,2.010014619883041,0.9596996245306634,0.0,0.9473684210526315,0.6166538897202981,0.3429236052792732,0.02870865907907228,0.011713845921356337,0.9584873652962503,0.9670669509826119,0.9761904761904762,0.9523809523809524,3,0,5,1,0.04,0.09,32,10,prob_noisy,20,202
0,Defector,2.9374411985974844,0.011606022584692597,11.0,0.017786561264822136,0.005179373592100209,0.006366926462324131,0.4402899140906716,0.548163785854904,0.125,0.0,0.012146543760788124,0.012554073896915267,3,0,5,1,0.01,0.05,46,199,prob_noisy,12,203
1,Grudger,2.8398249526811354,0.5559462915601023,3.5,0.9940711462450593,0.5478028383934724,0.02687026711644096,0.21348602511361847,0.2118408693764681,0.9848562832107278,0.01818181818181818,0.164198970739983,0.015640237636366756,3,0,5,1,0.01,0.05,46,199,prob_noisy,12,203
2,Evolved FSM 16,2.7724220132816972,0.6364091273018415,3.0,0.9861660079051383,0.5592838268945287,0.09868313697903099,0.19806992023548461,0.14396311589095567,0.744321897478077,0.40191171309181534,0.5875660902763626,0.36476497970802146,3,0,5,1,0.01,0.05,46,199,prob_noisy,12,203
3,"DoubleCrosser: (D, D)",2.5797878605732745,0.7049772821148286,2.0,0.9940711462450593,0.6173809371988562,0.08789991183838296,0.14291486798312886,0.15180428297963197,0.9079193022947748,0.8253528289694304,0.5876318973449675,0.026531641849421857,3,0,5,1,0.01,0.05,46,199,prob_noisy,12,203
4,Soft Joss: 0.9,2.515843116355412,0.7588916020809003,1.0,0.9901185770750988,0.6165362229712683,0.15447683783989527,0.11793443919122953,0.11105249999760695,0.9903726812392847,0.13541686958336466,0.9874825110314084,0.1189941601267946,3,0,5,1,0.01,0.05,46,199,prob_noisy,12,203
5,GTFT: 0.33,2.4666427604824737,0.839501246882793,0.0,0.9940711462450593,0.6515923903673447,0.17817459788782944,0.0834953609037334,0.08673765084109245,0.9924080471720792,0.37397695497322164,0.9979179698805868,0.35841991996710687,3,0,5,1,0.01,0.05,46,199,prob_noisy,12,203
6,Cycler DC,2.454914134884808,0.4862689870234383,5.0,0.005928853754940711,0.19626139583575022,0.2898689151398406,0.2846322787839197,0.22923741024048952,0.038789739909045835,0.0639615800598109,0.9476759998166998,0.9511623311204969,3,0,5,1,0.01,0.05,46,199,prob_noisy,12,203
7,Win-Stay Lose-Shift,2.4301805483743424,0.7631467793030623,1.0,0.9940711462450593,0.5943080584848369,0.16648838661297097,0.0826783608689046,0.15652519403328755,0.9943730344370575,0.013168240006171675,0.01727380889315285,0.9902685009802976,3,0,5,1,0.01,0.05,46,199,prob_noisy,12,203
8,Alternator,2.3908603514186018,0.5123068116771609,4.5,0.9960474308300395,0.22199307489862477,0.290552813463219,0.2692101803090226,0.21824393132913367,0.014404616573866361,0.01013903301310675,0.989987382700465,0.9958137076109371,3,0,5,1,0.01,0.05,46,199,prob_noisy,12,203
9,Bully,2.3616950973658293,0.5390829694323144,6.0,0.01383399209486166,0.17517852655592253,0.35950223093224093,0.2586553549852236,0.2066638875266129,0.009052620430514044,0.994752651596289,0.00873592224398676,0.9916818682299354,3,0,5,1,0.01,0.05,46,199,prob_noisy,12,203
10,Tit For 2 Tats,2.3004667891031527,0.849066179455948,0.0,0.9901185770750988,0.6977986282225767,0.16335663206112566,0.02919547671145759,0.10964926300484014,0.9909029572472043,0.8293458999838376,0.9960178400764576,0.3500376796595284,3,0,5,1,0.01,0.05,46,199,prob_noisy,12,203
11,Cooperator,2.169449323428526,0.9910723554448251,0.0,0.9920948616600791,0.6861672204429143,0.30495797072590847,0.006636447882814775,0.002238360948362428,0.9926214823364986,0.9949478891331534,0.9914529914529915,1.0,3,0,5,1,0.01,0.05,46,199,prob_noisy,12,203
0,Defector,2.8963141025641024,0.04968032700974741,8.0,0.053082191780821915,0.023862954454247035,0.025496197114650055,0.44400378096187976,0.5066370674692231,0.058811558811558806,0.06881315208323431,0.048093944515431454,0.04555420821390957,3,0,5,1,0.05,0.06,73,198,prob_noisy,9,204
1,Evolved HMM 5,2.479402709359606,0.4592020850040096,4.0,0.9606164383561644,0.31983023243543957,0.1391598563224633,0.2779204222791353,0.2630894889629619,0.8748217089435635,0.3839951219198761,0.14534963169357967,0.18960410463145141,3,0,5,1,0.05,0.06,73,198,prob_noisy,9,204
2,Evolved FSM 16,2.435688808940979,0.5335580450084267,3.0,0.928082191780822,0.3272300548585518,0.19454928255199921,0.2576370215439384,0.22058364104551076,0.6418584779533807,0.40496319803415975,0.41633313769631114,0.3857073400571329,3,0,5,1,0.05,0.06,73,198,prob_noisy,9,204
3,Cycler DC,2.4342631327006328,0.4879505448449287,3.0,0.03767123287671233,0.16762355282527364,0.3204463387384694,0.25658808222199,0.25534202621426694,0.14827094730962084,0.09397279633662689,0.9270724282130499,0.8745614094962294,3,0,5,1,0.05,0.06,73,198,prob_noisy,9,204
4,Tit For Tat,2.431110446570973,0.6073491336387173,2.0,0.9503424657534246,0.4112301977100825,0.21116679493221976,0.20330593175909137,0.17429707559860638,0.9597086041381988,0.053910280826687536,0.9550080206897391,0.07037980397935988,3,0,5,1,0.05,0.06,73,198,prob_noisy,9,204
5,"DoubleCrosser: (D, D)",2.278479265269326,0.6090728546043692,2.0,0.934931506849315,0.4438943395653664,0.15721075583584948,0.17371901843438636,0.2251758861643978,0.9206573930530857,0.7715387998346954,0.30804350374031025,0.1851530240895709,3,0,5,1,0.05,0.06,73,198,prob_noisy,9,204
6,Win-Shift Lose-Stay: D,2.2455982120615943,0.5404822215967727,3.0,0.046232876712328765,0.194966544303716,0.34632300704087454,0.2277241491433883,0.23098629951202118,0.06447782080630082,0.9449085631834877,0.9528941037140317,0.05437408691317473,3,0,5,1,0.05,0.06,73,198,prob_noisy,9,204
7,Alternator,2.2314484126984127,0.51504914004914,3.0,0.9434931506849316,0.18782233229883397,0.32727257478193733,0.24085409252124035,0.2440510003979882,0.050917509596567115,0.047177387615398,0.9430300771625341,0.9582766018199378,3,0,5,1,0.05,0.06,73,198,prob_noisy,9,204
8,Cooperator,1.9608282342657344,0.9481901352426412,0.0,0.9503424657534246,0.5596512221304685,0.3890448882750975,0.028917196728510765,0.02238669286592332,0.946686217311212,0.9367960688081737,0.9575638251031229,0.976858712234894,3,0,5,1,0.05,0.06,73,198,prob_noisy,9,204
0,Win-Stay Lose-Shift,3.128787878787879,0.6722972972972973,1.0,0.9545454545454546,0.6071691176470588,0.06709558823529412,0.26544117647058824,0.06029411764705882,0.9380993897122929,0.0,0.09165302782324058,0.9583333333333333,3,0,5,1,0.06,0.07,11,86,prob_noisy,3,205
1,Tit For 2 Tats,2.7,0.9006211180124224,0.0,0.9545454545454546,0.7601597090449083,0.127134724857685,0.06491144845034788,0.04779411764705882,0.9606272939606273,0.7692307692307692,1.0,0.08333333333333333,3,0,5,1,0.06,0.07,11,86,prob_noisy,3,205
2,Cooperator,2.67162471395881,0.9479768786127167,0.0,0.9545454545454546,0.7717405913978496,0.17594086021505378,0.03981854838709678,0.012500000000000002,0.9653524492234169,0.8468085106382979,0.9375,0.75,3,0,5,1,0.06,0.07,11,86,prob_noisy,3,205
0,Win-Shift Lose-Stay: D,2.8106060606060606,0.3862258953168044,2.0,0.021164021164021163,0.2593373123874788,0.12978682811242692,0.3119748234017403,0.298901036098354,0.011665764768627592,0.9880341880341881,0.978050302791248,0.013095238095238096,3,0,5,1,0.02,0.1,63,126,prob_noisy,4,206
1,Bully,2.6103896103896105,0.41662390969728064,1.0,0.010582010582010581,0.29250801715399477,0.11793480841943742,0.259849318645914,0.32970785578065376,0.011783712893747725,0.9929078014184397,0.06344284483819368,0.9834140769624641,3,0,5,1,0.02,0.1,63,126,prob_noisy,4,206
2,Cycler DC,2.1224747474747474,0.4787520172135557,1.0,0.026455026455026454,0.37448942859284534,0.10404761388238509,0.11855692333470025,0.40290603419006926,0.021389960687245194,0.20710926054437503,0.882504873294347,0.9845052859853619,3,0,5,1,0.02,0.1,63,126,prob_noisy,4,206
3,Anti Tit For Tat,1.0555555555555556,0.6801530891197376,0.0,0.9523809523809523,0.29834936500091574,0.38167416516878855,0.04306235020068346,0.27691411962961227,0.012738853503184714,0.9815471495275657,0.019230769230769232,0.9971988795518207,3,0,5,1,0.02,0.1,63,126,prob_noisy,4,206
0,Defector,3.041446288518829,0.09009338948910456,12.0,0.08097165991902834,0.0429881866308331,0.0475999019978504,0.4449037496780891,0.4645081616932274,0.0995084542507782,0.10018155274009684,0.10000155603920431,0.0863506372414747,3,0,5,1,0.09,0.09,76,106,prob_noisy,14,207
1,Bully,2.755164185989978,0.46026555687673404,8.0,0.07186234817813765,0.1925305871029304,0.2637752997057572,0.3025227896078295,0.24117132358348298,0.09121154083461776,0.9100395013067223,0.08173835834023177,0.9065871985668869,3,0,5,1,0.09,0.09,76,106,prob_noisy,14,207
2,Cycler DC,2.6656628627782477,0.48134194474345177,7.0,0.10425101214574899,0.23403145447246046,0.24764439267804875,0.28377783425099884,0.23454631859849193,0.1989191880530551,0.17932960599003017,0.8444347531413977,0.8127380278214614,3,0,5,1,0.09,0.09,76,106,prob_noisy,14,207
3,Suspicious Tit For Tat,2.5890134507069993,0.5013894034827714,7.0,0.0951417004048583,0.3088852881766897,0.20391988579595477,0.25222401426973007,0.23497081175762552,0.9106624780693354,0.09279709321817443,0.9190016966370943,0.10403545005034079,3,0,5,1,0.09,0.09,76,106,prob_noisy,14,207
4,Meta Winner: 13 players,2.4534813971817604,0.2812698412698413,8.0,0.9119433198380567,0.16234543149915534,0.1218871273199778,0.33197870299143023,0.3837887381894367,0.45605678769752334,0.4113813771475747,0.1584351805729816,0.17771940054628532,3,0,5,1,0.09,0.09,76,106,prob_noisy,14,207
5,Evolved HMM 5,2.382166698026028,0.4758690828402367,5.0,0.8856275303643725,0.3137186214431963,0.1600828448753071,0.2633355197956302,0.2628630138858663,0.7976468792663548,0.38154776586248446,0.2323994514646587,0.1840424913214097,3,0,5,1,0.09,0.09,76,106,prob_noisy,14,207
6,Alternator,2.365095453551758,0.5216421240517626,5.0,0.909919028340081,0.258315437730745,0.26356893483010346,0.2596139354771071,0.21850169196204441,0.08275323524489948,0.0829112481194805,0.9209331034830244,0.8988071764754083,3,0,5,1,0.09,0.09,76,106,prob_noisy,14,207
7,Soft Joss: 0.9,2.2884162134162134,0.611096927921028,2.0,0.9240890688259109,0.3821209949795425,0.23355879277639616,0.18318438588485142,0.2011358263592099,0.9105409936785468,0.17082337663650457,0.904340051675116,0.1949841376882432,3,0,5,1,0.09,0.09,76,106,prob_noisy,14,207
8,Anti Tit For Tat,2.260425620009987,0.5485406376290974,5.0,0.9129554655870445,0.24311129224222883,0.3013820592885764,0.24241959272958916,0.2130870557396056,0.09250328776244596,0.9111609574966184,0.09721358279790465,0.9078167529082228,3,0,5,1,0.09,0.09,76,106,prob_noisy,14,207
9,GTFT: 0.33,2.2503238872904916,0.6871194379391101,2.0,0.8967611336032388,0.4220689083780203,0.27118640921487497,0.1501641095508476,0.15658057285625707,0.9038704988131635,0.36408430054314134,0.9201933688895358,0.351367083279506,3,0,5,1,0.09,0.09,76,106,prob_noisy,14,207
10,Win-Stay Lose-Shift,2.235417782209643,0.5736491487786824,3.0,0.8997975708502024,0.33193080979622996,0.24315564985588048,0.20498742526272645,0.219926115085163,0.9105524758130344,0.0937988519934434,0.09980968431597258,0.9070079757224246,3,0,5,1,0.09,0.09,76,106,prob_noisy,14,207
11,"DoubleCrosser: (D, D)",2.202239215714715,0.6309200310559007,2.0,0.909919028340081,0.4224560686731786,0.20772155062468067,0.17140847221321603,0.19841390848892476,0.8300366829334146,0.7253462306300106,0.39310062905540877,0.24784355682228626,3,0,5,1,0.09,0.09,76,106,prob_noisy,14,207
12,Tit For 2 Tats,2.0926948655209525,0.7421353208789081,1.0,0.9139676113360324,0.48816582526252794,0.2652997114509414,0.09746832810553178,0.149066135180999,0.9182115811272706,0.6869377034159935,0.9096228015435771,0.36419360482401636,3,0,5,1,0.09,0.09,76,106,prob_noisy,14,207
13,Cooperator,1.9253665416708894,0.9139304449193705,1.0,0.9230769230769231,0.5072853238961541,0.40598752540903105,0.04878122600580308,0.0379459246890118,0.9185479768501223,0.9121337181179068,0.9179800975317765,0.9239407417978847,3,0,5,1,0.09,0.09,76,106,prob_noisy,14,207
0,Grudger,2.7166003682170055,0.19532917590926213,12.0,0.9036544850498339,0.12454657336699979,0.06977921783927975,0.3656654690359194,0.440008739757801,0.5800435381709453,0.09663517704579816,0.13008178843698373,0.10287634756738025,3,0,5,1,0.1,0.02,43,81,prob_noisy,15,208
1,Evolved FSM 16,2.6074236955189334,0.3982922352565637,9.0,0.8920265780730897,0.22086128215529255,0.17653591255431025,0.3282001923433542,0.27440261294704305,0.5331095470705738,0.3956162288286441,0.3416936613788461,0.3083365883549187,3,0,5,1,0.1,0.02,43,81,prob_noisy,15,208
2,"DoubleCrosser: (D, D)",2.5592088647993676,0.42656637391267804,7.0,0.9136212624584718,0.3077825342743651,0.12397486536379174,0.2736126364181757,0.2946299639436675,0.7475389952898096,0.5916790256377897,0.26840416279519136,0.13078249498008962,3,0,5,1,0.1,0.02,43,81,prob_noisy,15,208
3,Meta Winner: 13 players,2.4795931581645867,0.2269631747099378,10.0,0.8887043189368771,0.11598360511835396,0.11323594591193249,0.3470962828776093,0.4236841660921043,0.33817025153247054,0.48345137661774534,0.1405289308649205,0.21485453175610988,3,0,5,1,0.1,0.02,43,81,prob_noisy,15,208
4,Tit For Tat,2.3628209491808243,0.547499463404164,5.0,0.9119601328903655,0.3530101238316144,0.19688673905470105,0.19864762151749474,0.25145551559618984,0.9005011877863108,0.09599045742482479,0.8942156738447711,0.09820629140290227,3,0,5,1,0.1,0.02,43,81,prob_noisy,15,208
5,Suspicious Tit For Tat,2.3418900196233916,0.5014613778705637,7.0,0.09136212624584718,0.29251244538365073,0.20236736440985792,0.21712273393254164,0.2879974562739498,0.8935627906509787,0.09249439945199855,0.897135539155829,0.0997354712957613,3,0,5,1,0.1,0.02,43,81,prob_noisy,15,208
6,Win-Stay Lose-Shift,2.3275535439671033,0.5185698098955055,6.0,0.9136212624584718,0.2667944009729302,0.24924003575776466,0.2457655619078057,0.2382000013614994,0.8951831060415435,0.10631688538860733,0.10449511890012243,0.9018454756532296,3,0,5,1,0.1,0.02,43,81,prob_noisy,15,208
7,Soft Joss: 0.9,2.3170112132275675,0.5757713436041468,3.0,0.9136212624584718,0.35989990797894533,0.21939805712604046,0.1824338087619876,0.23826822613302653,0.899788606257112,0.17656758753897966,0.8969966795392297,0.17410048447450985,3,0,5,1,0.1,0.02,43,81,prob_noisy,15,208
8,Meta Mixer: 13 players,2.3045519203406277,0.5155158196258843,6.0,0.6777408637873754,0.2725080408436241,0.24266554390823206,0.23010400750092588,0.254722407747218,0.6003304732626537,0.43993350906277845,0.5903041194676992,0.4166377091832877,3,0,5,1,0.1,0.02,43,81,prob_noisy,15,208
9,GTFT: 0.33,2.267055917791212,0.6650292302695681,2.0,0.8803986710963455,0.40484896423477684,0.2587106727431576,0.15187883730257673,0.18456152571948875,0.9015534821735679,0.3621259778977581,0.8939126282870747,0.35814901831756557,3,0,5,1,0.1,0.02,43,81,prob_noisy,15,208
10,Win-Shift Lose-Stay: D,2.2214568967198365,0.5100954702417225,7.0,0.10631229235880399,0.22107059294103612,0.2895814387520388,0.24419988123922956,0.24514808706769559,0.09601877300379022,0.8944979664424342,0.884140048969849,0.09354209984060138,3,0,5,1,0.1,0.02,43,81,prob_noisy,15,208
11,Tit For 2 Tats,2.2146743597632605,0.7079161000535706,1.0,0.893687707641196,0.4756804727254402,0.2419216807775036,0.1138973848342603,0.16850046166279595,0.89953193458967,0.6527333710400011,0.8973609871749542,0.2949505360041801,3,0,5,1,0.1,0.02,43,81,prob_noisy,15,208
12,Anti Tit For Tat,2.2057185298361768,0.5492665087478702,6.0,0.9102990033222591,0.20945318832292298,0.33766248969110835,0.24610698036743162,0.206777341618537,0.09671554294798144,0.9047307852879066,0.1035641696446233,0.9013802956079974,3,0,5,1,0.1,0.02,43,81,prob_noisy,15,208
13,Bully,2.1582667269178204,0.5365342752700538,7.0,0.09634551495016612,0.19579711721489756,0.3353746511173141,0.25346686022417,0.21536137144361836,0.09753882211309392,0.9017843236546016,0.10324414881626406,0.9093151404191682,3,0,5,1,0.1,0.02,43,81,prob_noisy,15,208
14,Cooperator,1.9269042015418827,0.8989029535864979,1.0,0.893687707641196,0.5016262186445155,0.3973716659673079,0.05650802271085841,0.04449409267731833,0.899076505983609,0.8985518280981506,0.8794391303416774,0.8967766262189799,3,0,5,1,0.1,0.02,43,81,prob_noisy,15,208
0,Bully,2.8255091294263885,0.39336406962287607,7.0,0.029545454545454545,0.22237068349648204,0.17572656751008806,0.3814295827311914,0.2204731662622386,0.027949755031226063,0.9623689107833873,0.03270752037073076,0.9668183236058372,3,0,5,1,0.03,0.01,55,198,prob_noisy,9,209
1,Meta Winner: 8 players,2.762246028939058,0.38385892650276743,5.0,0.9704545454545455,0.2073866017238173,0.1825822813983642,0.3999754135594337,0.21005570331838486,0.3234258498812162,0.6931053734450361,0.27595324844879177,0.6591306764625686,3,0,5,1,0.03,0.01,55,198,prob_noisy,9,209
2,Anti Tit For Tat,2.7405635300372144,0.42570723066187127,6.0,0.9477272727272728,0.2201824978426038,0.20476938880044887,0.36715672968424234,0.20789138367270504,0.02887640049558334,0.9644261815159929,0.028620823793067206,0.9695501816152965,3,0,5,1,0.03,0.01,55,198,prob_noisy,9,209
3,Win-Stay Lose-Shift,2.7385763416394755,0.516879649055884,5.0,0.9863636363636363,0.36094696684765853,0.16012446139031766,0.32446016098776603,0.15446841077425777,0.972826115574362,0.03156704278856162,0.031086800515585922,0.9692447741128569,3,0,5,1,0.03,0.01,55,198,prob_noisy,9,209
4,Soft Joss: 0.9,2.5425416454731145,0.7091796326103064,2.0,0.9340909090909091,0.5288849529196739,0.18316788427827724,0.1623940493681607,0.1255531134338882,0.9691046432945929,0.13035316855844103,0.9695686001883492,0.11837470273310857,3,0,5,1,0.03,0.01,55,198,prob_noisy,9,209
5,Win-Shift Lose-Stay: D,2.523145381459185,0.5977815745938763,5.0,0.029545454545454545,0.27668386018308244,0.31202482411401067,0.28891437584641033,0.12237693985649653,0.03289924708037943,0.9675761990311753,0.9697276716449329,0.0405510965697725,3,0,5,1,0.03,0.01,55,198,prob_noisy,9,209
6,GTFT: 0.33,2.397219263773473,0.7674443043295502,2.0,0.9636363636363636,0.5562127052207909,0.21516569398740967,0.12167870838678409,0.10694289240501531,0.969290255247212,0.34476439170178763,0.9740180987642514,0.3416172958882905,3,0,5,1,0.03,0.01,55,198,prob_noisy,9,209
7,Tit For 2 Tats,2.213845486111111,0.7950262503453993,0.0,0.975,0.5263508050699784,0.2655360591444604,0.10787780330973896,0.10023533247582228,0.9675449874485516,0.7179520001636226,0.9746893188823034,0.4285251576588971,3,0,5,1,0.03,0.01,55,198,prob_noisy,9,209
8,Cooperator,1.6402526561197996,0.9675800541660029,0.0,0.9636363636363636,0.4959747382246212,0.4715992200931332,0.016809556842782344,0.0156164848394633,0.9677975199887434,0.9691027230231656,0.9678153012299353,0.9487841534326507,3,0,5,1,0.03,0.01,55,198,prob_noisy,9,209
0,Grudger,2.6732954545454546,0.3568642021177782,4.0,0.9540229885057471,0.2362696085650985,0.11184423800897086,0.3591181477460915,0.2927680056798392,0.5856808409722569,0.030025458132448776,0.10811734888187356,0.03594774081540953,3,0,5,1,0.03,0.07,87,11,prob_noisy,9,210
1,Win-Shift Lose-Stay: D,2.416396103896104,0.4602346805736636,3.0,0.031609195402298854,0.19600539414448967,0.2668173998194133,0.2680500101090767,0.2691271959270203,0.031492223547403865,0.9692093357730552,0.9728816216070415,0.049789227312669965,3,0,5,1,0.03,0.07,87,11,prob_noisy,9,210
2,Cycler DC,2.3863636363636362,0.45939505041246564,3.0,0.033045977011494254,0.15051086325596494,0.3087958236704633,0.3241073729031048,0.21658594017046692,0.16267348853229197,0.08424648827994419,0.943634744641719,0.9035841651267621,3,0,5,1,0.03,0.07,87,11,prob_noisy,9,210
3,Suspicious Tit For Tat,2.3732954545454548,0.39334177673240456,4.0,0.035919540229885055,0.14613702816444774,0.24743816886714412,0.29780891897511097,0.30861588399329715,0.9510931824883063,0.0309312297917308,0.9666327391233848,0.049427465915988025,3,0,5,1,0.03,0.07,87,11,prob_noisy,9,210
4,Tit For Tat,2.3579545454545454,0.6311047035501892,0.0,0.9727011494252874,0.33124496014006904,0.3019809319998014,0.25240907735180806,0.11436503050832153,0.9706578949882002,0.03139972292936523,0.9691677629290119,0.03363251281139844,3,0,5,1,0.03,0.07,87,11,prob_noisy,9,210
5,Alternator,2.3080357142857144,0.5406922357343311,2.0,0.9741379310344828,0.2066025473110754,0.33406423324307083,0.3031259006152368,0.15620731883061698,0.03278592457408627,0.03242946868775387,0.9689881722580095,0.9823910536025798,3,0,5,1,0.03,0.07,87,11,prob_noisy,9,210
6,Meta Winner: 8 players,2.2045454545454546,0.5407462409504362,3.0,0.9683908045977011,0.27187841174658495,0.2662238325876633,0.2504269909349608,0.21147076473079113,0.5787905532865393,0.7590070419887238,0.16079722003020908,0.3646610101509555,3,0,5,1,0.03,0.07,87,11,prob_noisy,9,210
7,Bully,2.1969696969696972,0.4911264711376798,3.0,0.02442528735632184,0.23226174798572963,0.2604443202883481,0.19950360241857507,0.30779032930734734,0.027422566321419845,0.9691017318179278,0.04251102494361337,0.9734991415594574,3,0,5,1,0.03,0.07,87,11,prob_noisy,9,210
8,GTFT: 0.33,2.185416666666667,0.7403810919750824,0.0,0.9583333333333334,0.41496994602607545,0.3256263975235583,0.16868532495446859,0.09071833149589778,0.9729252052460269,0.337008431150359,0.9760749845532455,0.3137790970340749,3,0,5,1,0.03,0.07,87,11,prob_noisy,9,210
0,Bully,3.024574829931973,0.3618867924528302,9.0,0.022321428571428572,0.155582757951583,0.19755179770822,0.42077251868340904,0.22609292565678796,0.07545031662678721,0.9775694444444444,0.029465216015247077,0.981827276434036,3,0,5,1,0.03,0.08,32,8,prob_noisy,15,211
1,Suspicious Tit For Tat,2.904549319727891,0.58296783625731,8.0,0.029017857142857144,0.3749379547003738,0.20919601503033386,0.30648416218652585,0.10938186808276647,0.969561716625396,0.048116623695952744,0.969658145638875,0.09310724289715887,3,0,5,1,0.03,0.08,32,8,prob_noisy,15,211
2,Random: 0.5,2.767857142857143,0.49102892713291835,8.0,0.5133928571428571,0.3009171575686118,0.1891239334171744,0.3227238634842635,0.18723504552995035,0.4691621922260362,0.5109031961373413,0.4765306263635408,0.4979206753815359,3,0,5,1,0.03,0.08,32,8,prob_noisy,15,211
3,Evolved FSM 16,2.741624149659864,0.7395988112927192,3.0,0.9776785714285714,0.5984685893643098,0.13885314662973053,0.18212963904235693,0.08054862496360268,0.8207524977120925,0.3145648701455338,0.6687858789515547,0.3448554552577776,3,0,5,1,0.03,0.08,32,8,prob_noisy,15,211
4,Alternator,2.734906462585034,0.5320178704393149,7.0,0.9709821428571429,0.32577346195901946,0.20665028720361342,0.31952700159552555,0.14804924924184162,0.03503700480411691,0.039491185248857884,0.9798576173576173,0.9719356385505454,3,0,5,1,0.03,0.08,32,8,prob_noisy,15,211
5,Evolved HMM 5,2.7217261904761907,0.7498215560314061,3.0,0.9620535714285714,0.6286314745611402,0.11788699141859207,0.15924910142783158,0.09423243259243619,0.9263134740835529,0.3698303058597176,0.29088692221756735,0.14131652661064423,3,0,5,1,0.03,0.08,32,8,prob_noisy,15,211
6,Meta Mixer: 14 players,2.6823979591836737,0.6709628506444276,5.0,0.7790178571428571,0.4821972259501117,0.18996587412468563,0.21027004541449335,0.11756685451070929,0.7185395348353149,0.458896145164505,0.6647391189096259,0.5232094505874231,3,0,5,1,0.03,0.08,32,8,prob_noisy,15,211
7,Tit For Tat,2.624702380952381,0.770878721859114,1.0,0.9799107142857143,0.6089263814894724,0.16663573456422845,0.14564800663797375,0.07878987730832542,0.9621572999979586,0.06794516613912635,0.9848267647713319,0.022727272727272728,3,0,5,1,0.03,0.08,32,8,prob_noisy,15,211
8,Soft Joss: 0.9,2.5707908163265305,0.7958057395143487,1.0,0.9799107142857143,0.6267119979711158,0.1706710665884059,0.12919611839793857,0.07342081704253965,0.9665043039251142,0.15456954174401424,0.9655939298796442,0.24251019251019248,3,0,5,1,0.03,0.08,32,8,prob_noisy,15,211
9,Anti Tit For Tat,2.5616496598639458,0.5117082533589251,7.0,0.9642857142857143,0.2662414274025933,0.24790750715846158,0.30212226272944076,0.18372880270950429,0.04408407650806138,0.9726357811992935,0.043083690601555646,0.9806462585034014,3,0,5,1,0.03,0.08,32,8,prob_noisy,15,211
10,Win-Stay Lose-Shift,2.516921768707483,0.7472118959107806,2.0,0.9732142857142857,0.5858835974303974,0.16418954219523113,0.12439555230229347,0.12553130807207796,0.9653816708248097,0.07897854829168693,0.0512822724397677,0.9684105785171211,3,0,5,1,0.03,0.08,32,8,prob_noisy,15,211
11,GTFT: 0.33,2.5142857142857142,0.8489795918367347,1.0,0.9799107142857143,0.661223189825648,0.18582150526234387,0.09514205159366604,0.057813253318342195,0.9705567141226518,0.3247167490654025,0.9817819435466495,0.48389174293199055,3,0,5,1,0.03,0.08,32,8,prob_noisy,15,211
12,Tit For 2 Tats,2.4317602040816326,0.9077798861480076,0.0,0.9642857142857143,0.7127032550052605,0.19108971346043904,0.05371055460882569,0.042496476925474765,0.969998585535377,0.8111956338758084,0.984860248447205,0.475108359133127,3,0,5,1,0.03,0.08,32,8,prob_noisy,15,211
13,"DoubleCrosser: (D, D)",2.3839285714285716,0.9133974833456698,0.0,0.9575892857142857,0.7014119138202457,0.21101816625943473,0.055411050020713636,0.03215886989960593,0.9543149822855758,0.9103776972019367,0.8937499999999999,0.6984126984126983,3,0,5,1,0.03,0.08,32,8,prob_noisy,15,211
14,Cooperator,2.2574404761904763,0.9744936234058514,0.0,0.9732142857142857,0.7151391111865484,0.25982013561982653,0.019599488515463465,0.005441264678161514,0.9742931385199316,0.9707667889795719,0.9722222222222222,1.0,3,0,5,1,0.03,0.08,32,8,prob_noisy,15,211
0,Win-Shift Lose-Stay: D,2.3952327880113806,0.44324445944425694,2.0,0.07777777777777778,0.2340402265251004,0.20652897217402505,0.23984217179407452,0.3195886295068,0.07190006789253228,0.9246906977820222,0.9264246108578463,0.0779138278608703,3,0,5,1,0.08,0.04,90,166,prob_noisy,5,212
1,Meta Mixer: 3 players,2.2967336777478287,0.4803195184070387,2.0,0.4027777777777778,0.2711174609333513,0.21059463988523247,0.23868036243567362,0.27960753674574257,0.2834839240523025,0.6126701116793997,0.43080982689742503,0.6318770733088198,3,0,5,1,0.08,0.04,90,166,prob_noisy,5,212
2,Bully,2.2807835190813917,0.4782145520400554,2.0,0.1,0.29466679897020426,0.18271095438958343,0.22295164724309519,0.29967059939711715,0.08902338657334402,0.9197577498367876,0.09703495207182909,0.9217758064225118,3,0,5,1,0.08,0.04,90,166,prob_noisy,5,212
3,Alternator,2.214513809266568,0.5133541449878599,1.0,0.8861111111111111,0.32638194845481133,0.18694732737779016,0.19794133478297277,0.28872938938442577,0.0863146188608841,0.09512508399602058,0.9240802105198173,0.9210613539233625,3,0,5,1,0.08,0.04,90,166,prob_noisy,5,212
4,Meta Winner: 3 players,1.8185344827586207,0.5483692647871752,0.0,0.9416666666666667,0.26366377642019456,0.2805596288475619,0.16792600641837693,0.2878505883138666,0.39420439362878856,0.6858501984703912,0.8160788345114689,0.3624846118298024,3,0,5,1,0.08,0.04,90,166,prob_noisy,5,212
0,Bully,2.8747397879382053,0.4005128586294039,5.0,0.09963768115942029,0.2549208450623304,0.14916280907966256,0.35416014482002806,0.24175620103797893,0.1000182455445265,0.8951848352914102,0.09687426788061408,0.9033838725510986,3,0,5,1,0.1,0.02,92,114,prob_noisy,7,213
1,Alternator,2.6419755085400363,0.5062988427211,4.0,0.9130434782608695,0.3123854598459171,0.19396568748810697,0.30095530009121646,0.1926935525747595,0.10169546300264846,0.09639631709823056,0.9026601788857159,0.8992647214984221,3,0,5,1,0.1,0.02,92,114,prob_noisy,7,213
2,Anti Tit For Tat,2.602180335430707,0.44786265698813227,4.0,0.9021739130434783,0.269531719262752,0.1701118676740482,0.3189699670782154,0.24138644598498435,0.10051337251558153,0.8949155997450565,0.10074299397251185,0.9015539908079933,3,0,5,1,0.1,0.02,92,114,prob_noisy,7,213
3,Meta Winner: 6 players,2.5708349794798,0.4721866611604377,3.0,0.8967391304347826,0.2436524635915949,0.23243833560949234,0.33190041535097003,0.19200878544794273,0.4106131840732575,0.6547547754779411,0.4301071818121296,0.7045252219260503,3,0,5,1,0.1,0.02,92,114,prob_noisy,7,213
4,Soft Joss: 0.9,2.415273911591246,0.6204408979164148,2.0,0.9003623188405797,0.37116319553603566,0.24820521836184126,0.23043842048748728,0.15019316561463583,0.8950611969474039,0.18108892680410218,0.9051641341318156,0.17120045470211256,3,0,5,1,0.1,0.02,92,114,prob_noisy,7,213
5,GTFT: 0.33,2.1940842510790177,0.6687911184210527,1.0,0.8967391304347826,0.38541308807580865,0.2891928186434804,0.1850554589860218,0.1403386342946892,0.9020928260228285,0.36647378371920675,0.9017660669970516,0.33525071984872873,3,0,5,1,0.1,0.02,92,114,prob_noisy,7,213
6,Cooperator,1.5529769658627914,0.8977384868421052,0.0,0.8931159420289855,0.4126597715699761,0.48477675389012864,0.04637378393282119,0.05618969060707411,0.8992465727553077,0.8960821961710379,0.9026908997783881,0.9148772695655701,3,0,5,1,0.1,0.02,92,114,prob_noisy,7,213
0,Defector,2.3213393749108033,0.08649789029535865,2.0,0.06666666666666667,0.020058173403144083,0.06576084700955007,0.23360791606308967,0.6805730635242162,0.10419790104947527,0.0879703232644409,0.07700728433458831,0.08982866256121715,3,0,5,1,0.09,0.04,60,128,prob_noisy,3,214
1,Tit For 2 Tats,1.8950396825396825,0.5692410119840213,0.0,0.9166666666666666,0.3370287121357547,0.19598032822297343,0.07352524071242801,0.39346571892884386,0.8950648528946537,0.5517984725301799,0.9327798861480077,0.12289607266898209,3,0,5,1,0.09,0.04,60,128,prob_noisy,3,214
2,"DoubleCrosser: (D, D)",1.8917086834733894,0.4897032101756511,0.5,0.9083333333333333,0.33352050690574875,0.14334682527512493,0.09795484373213072,0.4251778240869956,0.7538891104906262,0.6245832431262177,0.3413868413868414,0.10276937710355592,3,0,5,1,0.09,0.04,60,128,prob_noisy,3,214
0,Defector,2.9200909483237067,0.03938789088489687,14.0,0.03194444444444444,0.01732307165228874,0.022137696132563913,0.4482246395767789,0.5123145926383684,0.15258349493643614,0.1503267973856209,0.04387925060204889,0.04460326628319075,3,0,5,1,0.04,0.09,45,72,prob_noisy,17,215
1,Suspicious Tit For Tat,2.629035461066711,0.4820887991927346,8.0,0.029166666666666667,0.2546967826215789,0.22551001148510083,0.27095777209064464,0.24883543380267562,0.9649287900124615,0.04905579321223273,0.9545151844560553,0.06057763719562526,3,0,5,1,0.04,0.09,45,72,prob_noisy,17,215
2,Evolved FSM 16,2.5084938090326023,0.5319009563736408,5.0,0.9680555555555556,0.35188023390536066,0.19214628695620636,0.26262584449978554,0.1933476346386475,0.7026126857854191,0.35987398384517943,0.4420978006651735,0.3105311570033661,3,0,5,1,0.04,0.09,45,72,prob_noisy,17,215
3,Win-Shift Lose-Stay: D,2.4971064814814814,0.5048039470267462,8.0,0.04861111111111111,0.21784575657798194,0.2839710444624753,0.266142943060571,0.23204025589897184,0.04952218223423573,0.9590721229834318,0.9582296416517326,0.04890941662291938,3,0,5,1,0.04,0.09,45,72,prob_noisy,17,215
4,Cycler DC,2.443030753968254,0.4773115393998536,7.0,0.04861111111111111,0.19364263106959953,0.2827026390411652,0.2844169370186591,0.23923779287057614,0.1234000048032249,0.10805539155572749,0.9182170265238949,0.8599713056025499,3,0,5,1,0.04,0.09,45,72,prob_noisy,17,215
5,Evolved HMM 5,2.4265625,0.4986318407960199,6.0,0.9708333333333333,0.3514153521508977,0.14642421031131703,0.27198473779958054,0.23017569973820468,0.8664485145555624,0.3843126684797127,0.14644729497514125,0.16639653244264602,3,0,5,1,0.04,0.09,45,72,prob_noisy,17,215
6,Meta Winner: 15 players,2.4097120098039215,0.2776803776129467,9.0,0.9555555555555556,0.16575383554173032,0.11629769492840526,0.35026734708715124,0.3676811224427132,0.5415908111757042,0.4513019357001917,0.11106855191471654,0.1591765354689808,3,0,5,1,0.04,0.09,45,72,prob_noisy,17,215
7,Bully,2.3748537418356497,0.488197014163583,8.0,0.04722222222222222,0.2046292188615763,0.2833685314868139,0.26386462104422914,0.24813762860738062,0.03963176017512129,0.9603864071963643,0.05275887962457082,0.9637863758316039,3,0,5,1,0.04,0.09,45,72,prob_noisy,17,215
8,Tit For Tat,2.3233472827985024,0.6230977940309071,2.0,0.9625,0.38349112314252215,0.23061504263458518,0.20242871724933217,0.18346511697356047,0.9617808369569846,0.04182204964826873,0.9653675116298206,0.03678739154842969,3,0,5,1,0.04,0.09,45,72,prob_noisy,17,215
9,Win-Stay Lose-Shift,2.3202573950612173,0.6030363657761563,3.0,0.9625,0.36772172100241324,0.23457576855323684,0.19133862540174948,0.20636388504260045,0.9644441743181927,0.042299247849099615,0.04793628136998065,0.967423732670865,3,0,5,1,0.04,0.09,45,72,prob_noisy,17,215
10,Meta Mixer: 15 players,2.3115810359231412,0.5138780804150453,6.0,0.6263888888888889,0.26683170519013316,0.2475289741263883,0.23476808883585487,0.25087123184762367,0.5499345677354188,0.42902584020463863,0.5611576706746728,0.4418592967561234,3,0,5,1,0.04,0.09,45,72,prob_noisy,17,215
11,Random: 0.5,2.303444513271816,0.4912385266420312,6.0,0.4930555555555556,0.2423133349625114,0.24769709146502117,0.24632502057668273,0.2636645529957847,0.49032707323286495,0.5023863560836181,0.49565992494747785,0.4762935997087054,3,0,5,1,0.04,0.09,45,72,prob_noisy,17,215
12,Alternator,2.258791035353535,0.5249841872232764,5.0,0.9597222222222223,0.22390282640293127,0.3016537867877121,0.2557809043889016,0.21866248242045508,0.05609655641188912,0.04020046749453671,0.9633366542735335,0.9742311897994851,3,0,5,1,0.04,0.09,45,72,prob_noisy,17,215
13,Soft Joss: 0.9,2.2534722222222223,0.6548033526756931,1.0,0.9597222222222223,0.4010126172188607,0.24879155633293665,0.18280497612685023,0.16739085032135248,0.9592081779424293,0.13239490683902985,0.9516097982311864,0.15594990921081694,3,0,5,1,0.04,0.09,45,72,prob_noisy,17,215
14,GTFT: 0.33,2.2008680555555555,0.7423432816369087,1.0,0.9708333333333333,0.46696272044628173,0.27628733189176624,0.1315441173990579,0.1252058302628941,0.9673084632173664,0.3553279635587316,0.9593387209551011,0.42935990698561155,3,0,5,1,0.04,0.09,45,72,prob_noisy,17,215
15,Anti Tit For Tat,2.117473447712418,0.5752094209056695,6.0,0.9652777777777778,0.24799783139795145,0.3348113858275367,0.20652928388315359,0.21066149889135824,0.045252761659980906,0.9562009214706548,0.05969873974924741,0.9588480413321278,3,0,5,1,0.04,0.09,45,72,prob_noisy,17,215
16,Cooperator,1.8449211838885753,0.9634254004288056,0.0,0.9680555555555556,0.546395466657602,0.4172596655588664,0.021774141943114726,0.014570725840416751,0.968330228385089,0.9625746081949318,0.9784513805522209,0.9833333333333334,3,0,5,1,0.04,0.09,45,72,prob_noisy,17,215
0,Defector,2.7098698258032985,0.06267672007540057,11.0,0.08974358974358974,0.02860497220273985,0.03505193996513963,0.4180639996197943,0.5182790882123263,0.0,0.24206349206349206,0.07764455110713034,0.059468729072578864,3,0,5,1,0.06,0.08,12,98,prob_noisy,14,216
1,Meta Winner: 13 players,2.495673004540799,0.2707641196013289,6.5,0.9487179487179487,0.1721782372102436,0.1092656817264675,0.32002394346233065,0.3985321376009582,0.48135658559641076,0.4560967878275571,0.18246983329392993,0.18227555562091594,3,0,5,1,0.06,0.08,12,98,prob_noisy,14,216
2,Suspicious Tit For Tat,2.491509998708616,0.4666666666666667,6.5,0.057692307692307696,0.2501055394296631,0.2111676369215074,0.2579966149879355,0.28073020866089393,0.9370615949471088,0.06586460218979016,0.9528347042799982,0.15452601053121198,3,0,5,1,0.06,0.08,12,98,prob_noisy,14,216
3,Grudger,2.489247744945627,0.3038461538461538,7.5,0.9230769230769231,0.23406470063160817,0.08515941776562938,0.2898482886373021,0.39092759296546037,0.7831197004084266,0.1135698731093468,0.16000199790455885,0.07482222840478142,3,0,5,1,0.06,0.08,12,98,prob_noisy,14,216
4,Cycler DC,2.4232438856557694,0.4892086330935252,5.5,0.07051282051282051,0.1997510480017388,0.28697747138496155,0.25125276587051215,0.26201871474278743,0.2237631450511838,0.13139121374415494,0.9294732711114603,0.8789268314296663,3,0,5,1,0.06,0.08,12,98,prob_noisy,14,216
5,Random: 0.5,2.413841961834043,0.504343105320304,5.0,0.5192307692307693,0.24007603588295584,0.2668121738958187,0.23465001539937475,0.2584617748218508,0.47581036264060145,0.521765369744522,0.5559123416469546,0.5044839977806554,3,0,5,1,0.06,0.08,12,98,prob_noisy,14,216
6,Evolved FSM 16,2.3309174477353,0.5247634947134112,4.0,0.9230769230769231,0.3209297180789919,0.214593818087973,0.22518275855504036,0.23929370527799482,0.6513443621697891,0.3976613555528674,0.526845408236811,0.34020973001804694,3,0,5,1,0.06,0.08,12,98,prob_noisy,14,216
7,Evolved HMM 5,2.327418068043068,0.5195497630331753,4.0,0.9487179487179487,0.3836493200581343,0.15187415482906713,0.20818709484866277,0.25628943026413575,0.8284935978811071,0.39796391470718695,0.2782083569100313,0.1765957183893924,3,0,5,1,0.06,0.08,12,98,prob_noisy,14,216
8,Win-Stay Lose-Shift,2.2764293296473577,0.6082474226804123,2.0,0.9423076923076923,0.36186961798969186,0.2508739824889111,0.15707575340371316,0.2301806461176839,0.9533761772429273,0.07360939027197319,0.1107076389334454,0.9497870017537196,3,0,5,1,0.06,0.08,12,98,prob_noisy,14,216
9,Bully,2.266589888580839,0.5615171137835338,6.0,0.0641025641025641,0.19209027536033826,0.34161762276184177,0.23041854087371508,0.23587356100410486,0.08893292981528277,0.9492397741756932,0.07101820012997387,0.9514585907412018,3,0,5,1,0.06,0.08,12,98,prob_noisy,14,216
10,Soft Joss: 0.9,2.258604961681885,0.6168367346938776,2.0,0.9358974358974359,0.38637603730845277,0.23637403963928677,0.17167274192865775,0.20557718112360276,0.9170391658574123,0.18015233668345892,0.9545837822308412,0.18258629153025707,3,0,5,1,0.06,0.08,12,98,prob_noisy,14,216
11,Alternator,2.135683333623529,0.5204705882352941,3.5,0.9615384615384616,0.2170139026170867,0.30466246789609774,0.23070306377190478,0.2476205657149108,0.09679205167739265,0.08020153973707943,0.944587034488361,0.9367092173356764,3,0,5,1,0.06,0.08,12,98,prob_noisy,14,216
12,GTFT: 0.33,2.076956376956377,0.6507101525512888,1.0,0.9423076923076923,0.3854193848004905,0.28317832878082405,0.13533467013260764,0.19606761628607783,0.9355426813847028,0.3061962463684802,0.9388034188034188,0.4098043231769522,3,0,5,1,0.06,0.08,12,98,prob_noisy,14,216
13,Cooperator,1.9545328977479681,0.9443638122883405,0.0,0.9230769230769231,0.5646558861933055,0.38111749473335554,0.028315979385330148,0.025910639688008726,0.9418500588198983,0.9523848109436133,0.9603174603174603,0.9787878787878788,3,0,5,1,0.06,0.08,12,98,prob_noisy,14,216
0,Defector,2.385546108445662,0.08030054356827729,12.0,0.07362637362637363,0.029869596370194793,0.050670004682589725,0.3297588979561449,0.5897015009910705,0.07225169575363677,0.07862063842998099,0.0803877362005405,0.08022465091516505,3,0,5,1,0.08,0.01,70,136,prob_noisy,14,217
1,Grudger,2.3659777655701193,0.13626812355536877,11.0,0.9186813186813186,0.0741668501238578,0.06153746984233219,0.3155203052790334,0.5487753747547767,0.5365865725030223,0.0792956883862913,0.09391795092007864,0.08110924160514285,3,0,5,1,0.08,0.01,70,136,prob_noisy,14,217
2,Meta Winner: 12 players,2.34036440888995,0.10598815858502586,11.0,0.9131868131868132,0.046395167774779096,0.0597182803133604,0.3203996409286019,0.5734869109832585,0.3040666632196549,0.14652176575842624,0.09325615279818257,0.08165795193064232,3,0,5,1,0.08,0.01,70,136,prob_noisy,14,217
3,Evolved HMM 5,2.3314500157339753,0.350275188963088,7.0,0.9241758241758242,0.18893419644172896,0.16116043712899514,0.2682022039507506,0.38170316247852526,0.7548989656138306,0.36959118961344645,0.1661608442470666,0.2204853224459398,3,0,5,1,0.08,0.01,70,136,prob_noisy,14,217
4,"DoubleCrosser: (D, D)",2.26506127932273,0.32550000723076256,6.5,0.9076923076923077,0.22170212633101524,0.1045853387664959,0.22972402446787424,0.4439885104346146,0.754061258468355,0.4846657870214307,0.21618453510161506,0.09983693023930983,3,0,5,1,0.08,0.01,70,136,prob_noisy,14,217
5,Evolved FSM 16,2.1662774394457656,0.38103910484293957,7.0,0.9153846153846154,0.1510566204529258,0.23165830448427469,0.2639005608911892,0.35338451417161026,0.49227583826944027,0.4439578847484352,0.2953275159704655,0.32752841457505255,3,0,5,1,0.08,0.01,70,136,prob_noisy,14,217
6,Tit For Tat,2.14978770936525,0.47966013675312313,4.0,0.910989010989011,0.2678711295543034,0.21001949308934278,0.1980712257928698,0.324038151563484,0.9179981680847192,0.0828764044323893,0.923216455894111,0.08090668021029085,3,0,5,1,0.08,0.01,70,136,prob_noisy,14,217
7,Suspicious Tit For Tat,2.1212886449664765,0.4402481830495638,5.0,0.08681318681318681,0.2311777108628764,0.20945622960467816,0.20458376011444243,0.3547822994180029,0.918777771224208,0.07807242162611504,0.9230980026826313,0.08650596655816706,3,0,5,1,0.08,0.01,70,136,prob_noisy,14,217
8,Meta Mixer: 12 players,2.0041483354669607,0.40572939874372943,6.0,0.6208791208791209,0.16708976966802633,0.23809282608969673,0.21718009910541952,0.3776373051368574,0.5583046423071513,0.3227994019206596,0.517445517939598,0.3173029219476768,3,0,5,1,0.08,0.01,70,136,prob_noisy,14,217
9,GTFT: 0.33,1.9931666996845325,0.6268004531477586,1.0,0.9153846153846154,0.32134789782436207,0.3040555347315881,0.14413497312041648,0.2304615943236333,0.920512406585944,0.35963454769609693,0.9256191887104277,0.36047602572162485,3,0,5,1,0.08,0.01,70,136,prob_noisy,14,217
10,Win-Shift Lose-Stay: D,1.8692210219432694,0.5131048679365632,4.0,0.07692307692307693,0.1822435214989945,0.3305611685722035,0.1925943747095754,0.29460093521922665,0.0829195687165918,0.9196833505523949,0.9189715917157222,0.08377411080885346,3,0,5,1,0.08,0.01,70,136,prob_noisy,14,217
11,Cycler DC,1.8575913204678576,0.49969494479953513,4.0,0.07802197802197802,0.14399148432228187,0.3556521738219216,0.21513638725398188,0.28521995460181465,0.1889061783995805,0.13541235401779655,0.8777353691553731,0.8123194390693099,3,0,5,1,0.08,0.01,70,136,prob_noisy,14,217
12,Alternator,1.8422634279798795,0.5037852419074138,4.0,0.9318681318681319,0.1415482052505603,0.36224865077664126,0.21748618341622378,0.2787169605565747,0.07799379731126102,0.08220027673338394,0.9241249551372616,0.9202839188469437,3,0,5,1,0.08,0.01,70,136,prob_noisy,14,217
13,Cooperator,1.6414928607767627,0.9183752475394946,0.0,0.9153846153846154,0.4418364669613916,0.476482304706516,0.03920557962411252,0.04247564870797981,0.9193812442399228,0.9175296987817464,0.9260470592219885,0.9188533305095118,3,0,5,1,0.08,0.01,70,136,prob_noisy,14,217
0,Grudger,2.7016117382185474,0.16089228295819935,10.0,0.8916666666666667,0.09449934251709535,0.06673363388681974,0.40429924260887357,0.4344677809872113,0.4656383740566643,0.10442665449468674,0.11117500830743633,0.10324934551894817,3,0,5,1,0.1,0.02,40,152,prob_noisy,13,218
1,Evolved HMM 5,2.612003408847751,0.3144274934383202,8.0,0.8875,0.1796667280185684,0.13637497341190194,0.3512251783150981,0.33273312025443164,0.673119742327062,0.34198162549043526,0.17230312470065448,0.2050934738614302,3,0,5,1,0.1,0.02,40,152,prob_noisy,13,218
2,Meta Winner: 11 players,2.5606847373763966,0.2017335500270867,9.0,0.8520833333333333,0.10339944416469342,0.09875827185566795,0.3826139597071993,0.41522832427243944,0.3124829548337462,0.44746491950206474,0.12639880748190271,0.18884782040879114,3,0,5,1,0.1,0.02,40,152,prob_noisy,13,218
3,Win-Stay Lose-Shift,2.3242108931293153,0.5044080862754746,5.0,0.9020833333333333,0.2520750607637201,0.2522221511088649,0.255207719532951,0.240495068594464,0.8990730103597729,0.10606775714738077,0.09939361774331405,0.8999943803191818,3,0,5,1,0.1,0.02,40,152,prob_noisy,13,218
4,Tit For Tat,2.2727596674303085,0.5189556045476159,4.0,0.9125,0.2937660229228721,0.23193912455292875,0.22344826914830493,0.25084658337589427,0.8998292469227581,0.10075455413926164,0.9102856004777037,0.09878853673771314,3,0,5,1,0.1,0.02,40,152,prob_noisy,13,218
5,Cycler DC,2.264659645411909,0.4953307562003214,6.0,0.10208333333333333,0.23752074318384628,0.2579037701931775,0.2442504674505661,0.2603250191724101,0.18770205215855354,0.18999263640272712,0.8205964447610712,0.8181784259672839,3,0,5,1,0.1,0.02,40,152,prob_noisy,13,218
6,Meta Mixer: 11 players,2.2600115460946064,0.5059285165913162,5.0,0.6458333333333334,0.25045979551665665,0.2553187677848214,0.23497011044240454,0.2592513262561174,0.5436012894807384,0.47704237351912243,0.5286570761407329,0.4775686638554366,3,0,5,1,0.1,0.02,40,152,prob_noisy,13,218
7,Alternator,2.2474943602289463,0.5051055728625822,5.0,0.8979166666666667,0.2372785648791209,0.26779597483620793,0.24411728588130266,0.25080817440336856,0.09780398786687143,0.10065468123818443,0.9083211227472829,0.9049359475806096,3,0,5,1,0.1,0.02,40,152,prob_noisy,13,218
8,Random: 0.5,2.202424108543199,0.4984393857422281,5.0,0.48541666666666666,0.23877932801816804,0.25980789004350363,0.23737018028493662,0.26404260165339183,0.486113725229683,0.5079399663809826,0.49322031780267134,0.5006308367692426,3,0,5,1,0.1,0.02,40,152,prob_noisy,13,218
9,Bully,2.1927441187870604,0.5392032593933906,5.0,0.07916666666666666,0.22157281940449558,0.3066295244041887,0.2313742139578877,0.24042344223342793,0.10003850076097424,0.9080790080360459,0.10325435784840574,0.9033205693239666,3,0,5,1,0.1,0.02,40,152,prob_noisy,13,218
10,Win-Shift Lose-Stay: D,2.1777691727196586,0.5291475832629285,5.0,0.10833333333333334,0.22080042354934684,0.3060343736175554,0.24072871277688612,0.23243649005621156,0.09534196152820007,0.90538600404492,0.8960056850084785,0.08958497422959318,3,0,5,1,0.1,0.02,40,152,prob_noisy,13,218
11,Tit For 2 Tats,2.0096484928378517,0.6910756105720977,1.0,0.9166666666666666,0.39777102309405926,0.30247933635536145,0.11625278409646801,0.1834968564541113,0.9013576040194122,0.6472572903151942,0.8849009874276207,0.3607083692456063,3,0,5,1,0.1,0.02,40,152,prob_noisy,13,218
12,Cooperator,1.6826304353308288,0.8981116240033571,1.0,0.89375,0.426394794368215,0.47208669798963226,0.048226365837752805,0.05329214180440002,0.8997052975129267,0.8960503612070715,0.8865730155254252,0.9119814433441435,3,0,5,1,0.1,0.02,40,152,prob_noisy,13,218
0,Evolved HMM 5,2.7531328320802007,0.14933085994434875,2.0,1.0,0.07488433343452401,0.0766506377823501,0.42931789051168756,0.41914713827143835,0.9952718676122931,0.3217891703090108,0.01888162672476398,0.14411764705882352,3,0,5,1,0.0,0.01,87,57,prob_noisy,3,219
1,Random: 0.5,1.8245614035087718,0.4975718598241239,1.0,0.5057471264367817,0.1860479651644094,0.3116037230813382,0.18844894836473614,0.3138993633895162,0.4699962440069817,0.5042046542608551,0.5258575060110275,0.4928131416837782,3,0,5,1,0.0,0.01,87,57,prob_noisy,3,219
2,Alternator,1.4824561403508771,0.5084550345887778,0.0,1.0,0.1424540377293682,0.3660005345285976,0.13648805651586224,0.355057371226172,0.0,0.0,1.0,1.0,3,0,5,1,0.0,0.01,87,57,prob_noisy,3,219
0,Evolved HMM 5,2.915263681230068,0.4102232287285668,4.0,0.967032967032967,0.32288545719241235,0.09488706806963063,0.37001312630208977,0.21221434843586723,0.8521305547060459,0.36422277412989484,0.12411992442509535,0.16213949556915366,3,0,5,1,0.03,0.06,26,88,prob_noisy,8,220
1,Win-Shift Lose-Stay: D,2.7993841475984333,0.5195848677602946,4.5,0.016483516483516484,0.2665689561537517,0.25485037636086677,0.3024325230317656,0.1761481444536159,0.03406560005499198,0.9609677392802043,0.974526450874488,0.029267309488109922,3,0,5,1,0.03,0.06,26,88,prob_noisy,8,220
2,Cycler DC,2.7238475792161396,0.4801980198019802,4.0,0.005494505494505495,0.24910751163502498,0.2302480933293673,0.3005972863826826,0.22004710865292507,0.06523035224708194,0.10918734021748333,0.9284600411710124,0.8670659942460677,3,0,5,1,0.03,0.06,26,88,prob_noisy,8,220
3,Alternator,2.4576271667952856,0.5194635263330062,3.0,0.9560439560439561,0.2742382401411814,0.24592586523582646,0.2682376123092304,0.2115982823137618,0.037023988844950416,0.0494006533943842,0.9823327647067216,0.9809226450588261,3,0,5,1,0.03,0.06,26,88,prob_noisy,8,220
4,Meta Mixer: 7 players,2.386040342234252,0.5566825775656324,3.0,0.6703296703296703,0.31805060046174394,0.24035433348126942,0.23561099561000706,0.20598407044697958,0.5662223737548541,0.5350834211608068,0.5396849845764347,0.5341782532616597,3,0,5,1,0.03,0.06,26,88,prob_noisy,8,220
5,GTFT: 0.33,2.36005541299659,0.7300977653631285,0.0,0.9725274725274725,0.4391285341555514,0.29370697468857315,0.17958069228288884,0.08758379887298655,0.9666874951751036,0.29365128351970343,0.971547544534442,0.43730044863473844,3,0,5,1,0.03,0.06,26,88,prob_noisy,8,220
6,Anti Tit For Tat,2.21126097948758,0.5255157437567861,3.0,0.9725274725274725,0.2864366678094507,0.24227961351454133,0.21128615815911234,0.2599975605168957,0.024901155587037187,0.944002405897912,0.0452023442302693,0.9665209765507333,3,0,5,1,0.03,0.06,26,88,prob_noisy,8,220
7,Tit For 2 Tats,2.016752295323724,0.8897009966777408,0.0,0.9835164835164835,0.5556957439004052,0.3285799267093888,0.06307385731168716,0.052650472078518806,0.9718912368765021,0.8096946434959024,0.978722369476935,0.5085906157334729,3,0,5,1,0.03,0.06,26,88,prob_noisy,8,220
0,Defector,2.7615213476695026,0.08889923202234117,12.0,0.08897243107769423,0.041002750191792565,0.048461866796099394,0.3918938505658574,0.5186415324462506,0.09449122914489201,0.08434264788727305,0.08999052000261394,0.08727647557998823,3,0,5,1,0.09,0.1,57,181,prob_noisy,15,221
1,Grudger,2.5549298915370344,0.3417963766266905,7.0,0.9172932330827067,0.24448162997343825,0.10119453048851683,0.29710351766159604,0.3572203218764489,0.716164976203061,0.08069136937457548,0.1577912668209707,0.08208795603577658,3,0,5,1,0.09,0.1,57,181,prob_noisy,15,221
2,Cycler DC,2.4377344877344878,0.4804889515749882,6.0,0.09398496240601503,0.19933792571982548,0.28088661428783324,0.2771718668720236,0.2426035931203177,0.21377974107300912,0.17216724435216152,0.8450574163224599,0.8036447075139133,3,0,5,1,0.09,0.1,57,181,prob_noisy,15,221
3,Meta Mixer: 14 players,2.394186336150622,0.5086978766948068,5.0,0.5927318295739349,0.27774337098345026,0.23018776131186985,0.2367370316512742,0.25533183605340576,0.5974090071836723,0.3968226642552434,0.5966741629287219,0.39662122215015083,3,0,5,1,0.09,0.1,57,181,prob_noisy,15,221
4,Win-Shift Lose-Stay: D,2.3801132442436788,0.4819472111553785,6.0,0.08145363408521303,0.20575399815147194,0.27774676440853546,0.2547155259427634,0.2617837114972292,0.09217826943626194,0.9036766689508807,0.9199364384130903,0.08293999330460437,3,0,5,1,0.09,0.1,57,181,prob_noisy,15,221
5,Suspicious Tit For Tat,2.376945673374245,0.4640586797066015,7.0,0.09022556390977443,0.2504833023478158,0.2132749615969008,0.25002179847362815,0.28621993758165515,0.9257644838695278,0.08593719868805517,0.9172291614895098,0.09010937791649153,3,0,5,1,0.09,0.1,57,181,prob_noisy,15,221
6,Random: 0.5,2.3687137354941976,0.5017064846416383,6.0,0.49373433583959897,0.2518631929343637,0.2512049223840424,0.24643989118823875,0.2504919934933551,0.49100836839317924,0.5217411588329381,0.4860776115832972,0.5187410775712894,3,0,5,1,0.09,0.1,57,181,prob_noisy,15,221
7,Evolved FSM 16,2.3578531405369714,0.5302696078431373,4.0,0.9010025062656641,0.3249262785354073,0.210351398434569,0.24022936670304681,0.2244929563269769,0.6385429848840088,0.36192830178011487,0.48479916448951077,0.3435071410768763,3,0,5,1,0.09,0.1,57,181,prob_noisy,15,221
8,Tit For Tat,2.3355864725392377,0.5912391093901258,2.0,0.918546365914787,0.37935396544756605,0.2202946104699115,0.20154945112384137,0.1988019729586811,0.9163561048073767,0.0955704305961511,0.9043887627129682,0.0863680684782424,3,0,5,1,0.09,0.1,57,181,prob_noisy,15,221
9,Soft Joss: 0.9,2.3227794815004117,0.6272566371681416,2.0,0.9097744360902256,0.3874005276765493,0.23924850567698902,0.19156298619400203,0.18178798045245953,0.9130432702516668,0.17468718167594366,0.893294602761862,0.18032507529384909,3,0,5,1,0.09,0.1,57,181,prob_noisy,15,221
10,Bully,2.32258062848125,0.4762985375693394,6.0,0.10025062656641603,0.1979622257357952,0.2848452451208391,0.2685732477824322,0.2486192813609335,0.09603635979890167,0.9099326128139383,0.1055647029976439,0.9100808959448567,3,0,5,1,0.09,0.1,57,181,prob_noisy,15,221
11,Win-Stay Lose-Shift,2.2982226223822866,0.564550389426481,3.0,0.8959899749373433,0.31688451521982536,0.24359452836990947,0.22716624804028743,0.21235470836997777,0.9155061994448966,0.09971134249915865,0.08749652755431411,0.9072016580662646,3,0,5,1,0.09,0.1,57,181,prob_noisy,15,221
12,GTFT: 0.33,2.2165584415584414,0.7051447776628749,2.0,0.9122807017543859,0.4388589237951607,0.26237174948423053,0.15316838517730363,0.14560094154330508,0.903394500902737,0.35677243177215023,0.9045466672308583,0.3677186219912753,3,0,5,1,0.09,0.1,57,181,prob_noisy,15,221
13,"DoubleCrosser: (D, D)",2.139840481156271,0.6680807301709731,2.0,0.8972431077694235,0.4476703265685004,0.21435355245025847,0.1514362109166904,0.18653991006455067,0.8418964377107265,0.7332090605841842,0.4393894790304886,0.22936132776430887,3,0,5,1,0.09,0.1,57,181,prob_noisy,15,221
14,Cooperator,1.9949404761904763,0.9097836774827925,1.0,0.9035087719298246,0.5439390053540893,0.36531182710972987,0.05555946009724959,0.03518970743893125,0.9117023867885735,0.9052081593061361,0.9461409700821234,0.8996769947441271,3,0,5,1,0.09,0.1,57,181,prob_noisy,15,221
0,Defector,2.598159361877503,0.07129923042100499,6.0,0.07792207792207792,0.02554787301806524,0.045780508269329966,0.3415890505529687,0.5870825681596361,0.18524033437826543,0.07506854256854258,0.07080491934178125,0.07100614430742018,3,0,5,1,0.07,0.09,55,58,prob_noisy,8,222
1,Grudger,2.342389127048754,0.31731895945629246,3.0,0.9272727272727272,0.22142281204725187,0.09720726187176688,0.2445928490717535,0.43677707700922774,0.7304952036883995,0.072980012160853,0.13760106672003974,0.06444021689449275,3,0,5,1,0.07,0.09,55,58,prob_noisy,8,222
2,Cycler DC,2.32995670995671,0.484304932735426,3.0,0.05714285714285714,0.1652759619026398,0.3191729710475678,0.2861471227224567,0.22940394432733566,0.18403785467893266,0.11228925339005925,0.9223504676130154,0.8500141233788225,3,0,5,1,0.07,0.09,55,58,prob_noisy,8,222
3,Meta Mixer: 7 players,2.292857142857143,0.4488888888888889,3.0,0.7064935064935065,0.21700670658127613,0.23231795582198095,0.23879186186919749,0.31188347572754543,0.6168329990935479,0.299103481883911,0.5489338822443377,0.3256259759426256,3,0,5,1,0.07,0.09,55,58,prob_noisy,8,222
4,Alternator,2.267857142857143,0.5221381050699702,2.0,0.9324675324675324,0.20418571193760834,0.31808555879580097,0.2673271580611364,0.21040157120545436,0.07858974437096035,0.07136496147516812,0.9225490675743019,0.9260885486060974,3,0,5,1,0.07,0.09,55,58,prob_noisy,8,222
5,Win-Stay Lose-Shift,2.175998075998076,0.589906908378246,1.0,0.9272727272727272,0.3313928964445871,0.25797526665641024,0.17805179156671477,0.23258004533228777,0.9220743130714738,0.06697501589006136,0.0881015935381571,0.931444996763094,3,0,5,1,0.07,0.09,55,58,prob_noisy,8,222
6,Soft Joss: 0.9,2.1587301587301586,0.5805084745762712,1.0,0.9272727272727272,0.3248746635814668,0.25689029426086957,0.1887280438876135,0.2295069982700501,0.9321248481989146,0.13762488323058344,0.9134317660657599,0.12416706491856226,3,0,5,1,0.07,0.09,55,58,prob_noisy,8,222
7,Tit For 2 Tats,1.968360805860806,0.7232042962631461,0.0,0.9038961038961039,0.44137772993437707,0.293655360132016,0.0758572991239014,0.18910961080970554,0.9320682879688807,0.6791872153405041,0.9322603676912842,0.423079994276032,3,0,5,1,0.07,0.09,55,58,prob_noisy,8,222
0,Defector,2.8740079365079367,0.09181591475855815,6.0,0.08013937282229965,0.04328669482545756,0.04841756787852104,0.44389110894004263,0.46440462835597873,0.13232949378723627,0.11717068961579669,0.09993562221280826,0.09013781409771952,3,0,5,1,0.09,0.04,82,9,prob_noisy,8,223
1,Grudger,2.4428571428571426,0.4078707916287534,3.5,0.89198606271777,0.2873324805489709,0.12469064453877955,0.2556520068361526,0.33232486807609696,0.714111257291059,0.07554707572690376,0.20630346205482758,0.08262651901424466,3,0,5,1,0.09,0.04,82,9,prob_noisy,8,223
2,Meta Winner: 7 players,2.442063492063492,0.315813017222098,4.0,0.9024390243902439,0.15783041038428774,0.15826839241836052,0.32802796210568835,0.3558732350916634,0.1803008075831732,0.4665115397226379,0.13663083757399938,0.30361033296207945,3,0,5,1,0.09,0.04,82,9,prob_noisy,8,223
3,Bully,2.2721088435374153,0.475229769110065,3.0,0.08536585365853659,0.1457607570208883,0.32901077680435137,0.3128389293961949,0.2123895367785654,0.08846306404083681,0.9246368405540917,0.0845751562483859,0.9296656133632969,3,0,5,1,0.09,0.04,82,9,prob_noisy,8,223
4,Tit For Tat,2.142857142857143,0.5672448749718405,1.0,0.9146341463414634,0.35607700417317406,0.2085370173018966,0.15386681901515914,0.2815191595097702,0.920783623413698,0.07679006025749745,0.9444787134186813,0.08619031233581098,3,0,5,1,0.09,0.04,82,9,prob_noisy,8,223
5,Random: 0.5,2.142857142857143,0.5049886621315193,3.0,0.4843205574912892,0.23243066670805115,0.2723159592113656,0.22769918652304205,0.2675541875575412,0.4968054787054085,0.5204085405695106,0.5170021846708354,0.4692263668268719,3,0,5,1,0.09,0.04,82,9,prob_noisy,8,223
6,GTFT: 0.33,1.9573696145124717,0.6858518688374227,1.0,0.9163763066202091,0.3839509588054223,0.29787138325096985,0.12613979978216977,0.19203785816143806,0.930925730963743,0.3624380736888275,0.9093758457680136,0.3092865317804306,3,0,5,1,0.09,0.04,82,9,prob_noisy,8,223
7,Cooperator,1.6566043083900226,0.9049412807445159,0.0,0.9059233449477352,0.447729842020663,0.4574352867288008,0.04843121553459583,0.04640365571594032,0.9051648580976758,0.8988040698553038,0.8811520034843207,0.8871715940310819,3,0,5,1,0.09,0.04,82,9,prob_noisy,8,223
0,Alternator,2.64672169765499,0.5113371477007841,2.0,0.99,0.14021096105440764,0.3710578832949383,0.4262558728578146,0.062475282792839426,0.020931937725830855,0.00871347451693349,0.9921390334343317,0.9969758064516129,3,0,5,1,0.01,0.03,50,43,prob_noisy,5,224
1,Soft Joss: 0.9,2.547245237422716,0.7226958993097848,0.0,0.97,0.44976937962876745,0.2813567707789711,0.24109180601747063,0.02778204357479082,0.9944982483446034,0.1164559031313176,0.9940956736776466,0.12501423333561065,3,0,5,1,0.01,0.03,50,43,prob_noisy,5,224
2,GTFT: 0.33,2.525561459144691,0.8186046511627907,0.0,0.99,0.5525500106406903,0.26554439420692116,0.17269637634049076,0.009209218811897815,0.9883181617940245,0.3386710338725142,0.9922686658342397,0.24386724386724387,3,0,5,1,0.01,0.03,50,43,prob_noisy,5,224
3,Suspicious Tit For Tat,2.37374031007752,0.5430327868852459,2.0,0.005,0.32081898428079153,0.21330269698370294,0.23958061387357396,0.22629770486193157,0.9862159071272816,0.010222065486937836,0.9905281004709576,0.005417118093174431,3,0,5,1,0.01,0.03,50,43,prob_noisy,5,224
4,Win-Shift Lose-Stay: D,2.3248062015503876,0.4645226130653266,2.0,0.005,0.24285410285185874,0.20862298187841138,0.26026005805359487,0.288262857216135,0.02193652521251495,0.989080809765688,0.9941278628747854,0.03758555922345109,3,0,5,1,0.01,0.03,50,43,prob_noisy,5,224
0,Anti Tit For Tat,2.669642857142857,0.43626062322946174,2.0,0.9523809523809523,0.24424999107557205,0.19321475743404848,0.34606878949059366,0.2164664619997858,0.018152558738332797,0.9867501647989453,0.0247977827273793,0.9837964888925868,3,0,5,1,0.02,0.01,42,28,prob_noisy,3,225
1,Soft Joss: 0.9,2.5720899470899474,0.7513278609367455,0.0,0.9761904761904762,0.5977868950311694,0.15206947558487005,0.12952805622810584,0.12061557315585467,0.9760826364163285,0.08797114252061249,0.9738453554748314,0.1134453781512605,3,0,5,1,0.02,0.01,42,28,prob_noisy,3,225
2,Tit For 2 Tats,2.3392857142857144,0.8012189404594467,0.0,0.9880952380952381,0.5764726837721111,0.22851513365644271,0.09820252095666171,0.09680966161478445,0.9625772977647266,0.7204799838660885,0.9683558558558558,0.5495049504950495,3,0,5,1,0.02,0.01,42,28,prob_noisy,3,225
0,Suspicious Tit For Tat,2.79608661697171,0.5067901234567901,8.0,0.06912442396313365,0.3124523530508571,0.19851978212802604,0.26537835816631833,0.2236495066547984,0.927934400323371,0.06075250112952383,0.9287566121440675,0.0774879109627557,3,0,5,1,0.07,0.1,62,127,prob_noisy,15,226
1,Bully,2.7113537305388866,0.4754884754884755,8.0,0.055299539170506916,0.1754841969211449,0.3010327546495551,0.29620528738611085,0.2272777610431891,0.08274709663573877,0.9221862217866195,0.0698089479578879,0.9258327672444089,3,0,5,1,0.07,0.1,62,127,prob_noisy,15,226
2,Grudger,2.682282944251147,0.39491562568485644,8.0,0.9377880184331797,0.3049120281844173,0.08532852171203337,0.30118277112640474,0.30857667897714447,0.8055858927614221,0.06997965891623098,0.15461563546172402,0.06612695268062992,3,0,5,1,0.07,0.1,62,127,prob_noisy,15,226
3,Evolved HMM 5,2.65040288639079,0.5581876724931003,5.0,0.934331797235023,0.42002434855307597,0.13544905281836453,0.23702488090524457,0.2075017177233149,0.85665728692674,0.347468026281769,0.225172690356444,0.2064647667482343,3,0,5,1,0.07,0.1,62,127,prob_noisy,15,226
4,Random: 0.5,2.6110348381776953,0.5020422873618453,7.0,0.5011520737327189,0.26476083727490296,0.2369124090636732,0.2663624731520416,0.2319642805093823,0.49456155011654995,0.5032156564565476,0.5006969010301525,0.522145347600365,3,0,5,1,0.07,0.1,62,127,prob_noisy,15,226
5,Evolved FSM 16,2.5501804789112814,0.6091189155884165,4.0,0.934331797235023,0.44118354342161614,0.17003867333927586,0.22618288542876408,0.16259489781034384,0.7296974401303874,0.32968911714780047,0.5348110664413815,0.32011090765285555,3,0,5,1,0.07,0.1,62,127,prob_noisy,15,226
6,Tit For Tat,2.5413668605453594,0.6602662268818471,3.0,0.9447004608294931,0.4743981291182419,0.1900024440922494,0.1810020536732824,0.15459737311622632,0.9283171603625052,0.07316985782941937,0.9272998805234004,0.07072059086500303,3,0,5,1,0.07,0.1,62,127,prob_noisy,15,226
7,Meta Winner: 13 players,2.528488719657946,0.44991847193105056,6.0,0.9205069124423964,0.2594040225364908,0.19273882475182819,0.2834803440829086,0.2643768086287724,0.4774036609638302,0.7152261718330527,0.19035570842020366,0.41600404913535793,3,0,5,1,0.07,0.1,62,127,prob_noisy,15,226
8,Alternator,2.514599606311563,0.5254336615096109,5.0,0.9251152073732719,0.2568089677588085,0.2687515342658197,0.27493276082641654,0.19950673714895528,0.06904180218646841,0.07185923564717418,0.9371587218475117,0.9372968146164868,3,0,5,1,0.07,0.1,62,127,prob_noisy,15,226
9,Meta Mixer: 13 players,2.5065935044733143,0.5949816546336845,5.0,0.75,0.368883930231738,0.22246140975325265,0.21736562004657783,0.19128903996843138,0.6813995205112745,0.43702080572397284,0.6616131848959225,0.41717029898234886,3,0,5,1,0.07,0.1,62,127,prob_noisy,15,226
10,Win-Stay Lose-Shift,2.4605565212528395,0.6088404133180253,3.5,0.9251152073732719,0.3991021940777933,0.2109142227500429,0.1988884340448877,0.19109514912727613,0.9242545792723158,0.07043745088345713,0.07162590106256948,0.9343552238337469,3,0,5,1,0.07,0.1,62,127,prob_noisy,15,226
11,GTFT: 0.33,2.437029736136879,0.7511425959780622,2.0,0.9112903225806451,0.528230655798195,0.22668555511151128,0.1344949436760566,0.11058884541423718,0.9222889150654295,0.36659030592066755,0.9310208638263893,0.36738357863554916,3,0,5,1,0.07,0.1,62,127,prob_noisy,15,226
12,"DoubleCrosser: (D, D)",2.407184829059829,0.6949538535299054,2.0,0.9216589861751152,0.5268060500066818,0.18184135165805665,0.15498083392461545,0.13637176441064608,0.8860924055941685,0.76014068618482,0.4771798241595416,0.32116524185087714,3,0,5,1,0.07,0.1,62,127,prob_noisy,15,226
13,Tit For 2 Tats,2.383580589488509,0.816577221228384,1.0,0.9389400921658986,0.5956141047362017,0.2255968199769472,0.09130208373654465,0.08748699155030651,0.924923398755964,0.7259974637273535,0.9289903663889427,0.37260510175085076,3,0,5,1,0.07,0.1,62,127,prob_noisy,15,226
14,Cooperator,2.1804948433549325,0.9319034224097515,1.0,0.923963133640553,0.6036825286270722,0.3282672644580913,0.0457568903525535,0.02229331656228317,0.9322469210939969,0.9380752915558784,0.9255175551049936,0.9683082617865227,3,0,5,1,0.07,0.1,62,127,prob_noisy,15,226
0,Evolved HMM 5,2.5501253132832082,0.5528858062918008,4.0,0.9782608695652174,0.4285778497131494,0.1275576067494373,0.20122367381808365,0.24264086971932955,0.8622489056153658,0.3911133020385156,0.2021171507784585,0.15624775906689323,3,0,5,1,0.03,0.03,23,19,prob_noisy,13,227
1,Defector,2.5435222672064777,0.029304029304029304,11.0,0.018115942028985508,0.009358273376314263,0.020074914628199055,0.36498224428072806,0.6055845677147585,0.0,0.20902777777777778,0.031230380396413075,0.03274633359485957,3,0,5,1,0.03,0.03,23,19,prob_noisy,13,227
2,Evolved FSM 16,2.461417432470064,0.6031195840554593,4.0,0.9710144927536232,0.41392478152039214,0.19073758901845195,0.2058831275317274,0.18945450192942848,0.7410635340269588,0.4437647478869131,0.4912752075426614,0.3673903386384427,3,0,5,1,0.03,0.03,23,19,prob_noisy,13,227
3,Suspicious Tit For Tat,2.442195231668916,0.5173945225758697,7.0,0.03260869565217391,0.317059127950726,0.20058461685506435,0.23817383430316796,0.24418242089104156,0.9546805873445521,0.0376773934377621,0.9798109082469765,0.04554230954204333,3,0,5,1,0.03,0.03,23,19,prob_noisy,13,227
4,"DoubleCrosser: (D, D)",2.4122807017543857,0.6733365477338477,2.0,0.9420289855072463,0.5097967327307189,0.16635487125003776,0.14175810775095946,0.18209028826828386,0.8991445832723626,0.8060707863901245,0.476172296145207,0.28591157659224,3,0,5,1,0.03,0.03,23,19,prob_noisy,13,227
5,Tit For Tat,2.3441748310169364,0.6085242670608524,2.0,0.9565217391304348,0.41663169152622426,0.19472714007251377,0.17488320363714038,0.21375796476412154,0.975299517140729,0.05801181334598545,0.9769724800643153,0.0433964529682723,3,0,5,1,0.03,0.03,23,19,prob_noisy,13,227
6,Meta Winner: 11 players,2.3288690476190474,0.21985460015041364,9.0,0.9855072463768116,0.12760192941057938,0.09302217773052938,0.28508742043834057,0.49428847242055074,0.4613573964577706,0.35306276283495924,0.10798366707880247,0.10195808166833607,3,0,5,1,0.03,0.03,23,19,prob_noisy,13,227
7,Meta Mixer: 11 players,2.20224171539961,0.47048863086598935,5.0,0.6956521739130435,0.24255381364536943,0.22540210769674585,0.22532994246002935,0.3067141361978552,0.5757881024834204,0.33213228336841816,0.5616506176241787,0.37165808812627193,3,0,5,1,0.03,0.03,23,19,prob_noisy,13,227
8,Tit For 2 Tats,2.1538541867489234,0.7816439737771054,0.0,0.9492753623188406,0.5634513272820972,0.22178881512883133,0.06301059197888573,0.15174926561018567,0.9749029994918074,0.715622672866106,1.0,0.303178548414671,3,0,5,1,0.03,0.03,23,19,prob_noisy,13,227
9,Win-Stay Lose-Shift,2.1517543859649124,0.6354141365071654,2.0,0.9746376811594203,0.3941582639629062,0.24253347150325766,0.14041300644466723,0.2228952580891688,0.9755460843282063,0.03252756542181608,0.03724301865853141,0.9711063967281541,3,0,5,1,0.03,0.03,23,19,prob_noisy,13,227
10,Random: 0.5,2.12516155585041,0.5057328015952144,4.0,0.4963768115942029,0.21546706756535694,0.2899451455695399,0.21408070887831257,0.2805070779867906,0.5091434697570599,0.5240906837712158,0.5060154015849174,0.4820010663341652,3,0,5,1,0.03,0.03,23,19,prob_noisy,13,227
11,Alternator,2.076388888888889,0.5196965989723513,3.0,0.9601449275362319,0.20994325606515732,0.3100386267918968,0.22733631017749686,0.25268180696544906,0.03589211476512465,0.03338339852429681,0.9848409587804783,0.9591830601073084,3,0,5,1,0.03,0.03,23,19,prob_noisy,13,227
12,Bully,1.8463051568314726,0.573069403714565,5.0,0.025362318840579712,0.16752748774864745,0.40432148822923675,0.20492639952420266,0.2232246244979131,0.03965966073173343,0.9723067286094594,0.030546131818557837,0.9715943592126232,3,0,5,1,0.03,0.03,23,19,prob_noisy,13,227
0,Evolved HMM 5,3.0228654592815634,0.47498813478879925,9.0,0.9740740740740741,0.3947070629699089,0.07911799295893725,0.3227841068029146,0.20339083726823928,0.871709902288496,0.35952667180734055,0.12589153954216106,0.15600612360026758,3,0,5,1,0.02,0.01,36,49,prob_noisy,16,228
1,Grudger,2.914940179595339,0.2906843562088384,11.0,0.9685185185185186,0.27646560679759,0.02639514735467825,0.34833459273026973,0.34880465311746195,0.7701254360469509,0.03450922035480859,0.07248675072421065,0.021288597448378077,3,0,5,1,0.02,0.01,36,49,prob_noisy,16,228
2,Evolved FSM 16,2.810005290714205,0.5009921115036539,8.0,0.9796296296296296,0.3604289251754332,0.1441129954299299,0.3123034635396588,0.18315461585497808,0.6382739069671602,0.42068112451738954,0.4043704863458639,0.3318678303431894,3,0,5,1,0.02,0.01,36,49,prob_noisy,16,228
3,Meta Winner: 14 players,2.6852301020238363,0.18959056845183697,12.0,0.9851851851851852,0.09410173865245926,0.09490437868168534,0.3958059268031738,0.4151879558626817,0.44303789304160174,0.6475556522846091,0.08327816103988082,0.17528970015644005,3,0,5,1,0.02,0.01,36,49,prob_noisy,16,228
4,Tit For Tat,2.44225260222906,0.627389908476688,3.0,0.9740740740740741,0.4508979324734032,0.18229822484089417,0.17793205295165312,0.18887178973404956,0.9794762659248701,0.025174115379603627,0.9807733853020232,0.030660318228249217,3,0,5,1,0.02,0.01,36,49,prob_noisy,16,228
5,Win-Stay Lose-Shift,2.434083908422949,0.5860273583566052,4.0,0.9796296296296296,0.3858951161046566,0.2043509111659299,0.2131970071395176,0.19655696558989597,0.9809447327747548,0.018835097384975037,0.0264922069339847,0.9823082750716933,3,0,5,1,0.02,0.01,36,49,prob_noisy,16,228
6,GTFT: 0.33,2.359188290700896,0.7664874724008832,1.0,0.9833333333333333,0.5420323951771656,0.2221667361034362,0.1161509931971819,0.11964987552221626,0.9795791527558274,0.3212398796120478,0.9802166730011177,0.32501950543405533,3,0,5,1,0.02,0.01,36,49,prob_noisy,16,228
7,Suspicious Tit For Tat,2.342813334804489,0.5349378144878002,8.0,0.022222222222222223,0.34745955231992176,0.1876671400629834,0.20415123370485744,0.2607220739122373,0.979014199592121,0.018112570333242105,0.9816169545660034,0.021888048790777506,3,0,5,1,0.02,0.01,36,49,prob_noisy,16,228
8,Tit For 2 Tats,2.3054168334000265,0.8338064149872267,1.0,0.9888888888888889,0.6119463178533804,0.2212962852411982,0.06646703935725384,0.10029035754816765,0.9808206996533957,0.7499759228010618,0.9765625193281641,0.38709665999065895,3,0,5,1,0.02,0.01,36,49,prob_noisy,16,228
9,Meta Mixer: 14 players,2.2224131336852286,0.5141088994596592,6.0,0.7555555555555555,0.27158536466515487,0.24422941430570475,0.22215298696848207,0.26203223406065834,0.5765013272210912,0.4525888252573795,0.5634018543148138,0.4402983276219225,3,0,5,1,0.02,0.01,36,49,prob_noisy,16,228
10,Random: 0.5,2.2142423609528876,0.4968652787748265,6.0,0.4740740740740741,0.23236808785647114,0.2649777476942394,0.2403573480100534,0.2622968164392361,0.48942404843310533,0.48860502669817696,0.5121826473851715,0.499555209322138,3,0,5,1,0.02,0.01,36,49,prob_noisy,16,228
11,Alternator,2.1825708046907857,0.5069222075720474,5.0,0.9888888888888889,0.22935371286943754,0.27754953652334313,0.2447544341922558,0.24834231641496352,0.019368134363207525,0.02075105489331443,0.9819182788273992,0.9832701115682921,3,0,5,1,0.02,0.01,36,49,prob_noisy,16,228
12,Bully,2.1546052006378353,0.534516765285996,7.0,0.025925925925925925,0.18347595323210633,0.3512980371088214,0.266681466424429,0.1985445432346431,0.02007156629626461,0.9845013649099611,0.022076124694870403,0.9844303916134156,3,0,5,1,0.02,0.01,36,49,prob_noisy,16,228
13,Win-Shift Lose-Stay: D,2.1066653330724865,0.5554293825408091,7.0,0.014814814814814815,0.21624089902771396,0.33462463479756216,0.2336647436725112,0.21546972250221272,0.02011457662143551,0.9833623152552314,0.9784068018565469,0.023818332373283093,3,0,5,1,0.02,0.01,36,49,prob_noisy,16,228
14,Anti Tit For Tat,1.9341850528447408,0.5819575192771654,6.0,0.9796296296296296,0.20027095616223087,0.3773495078304083,0.229332423042496,0.19304711296486485,0.01702958124871804,0.9753230237842518,0.025053594089679627,0.9803103515536941,3,0,5,1,0.02,0.01,36,49,prob_noisy,16,228
15,Cooperator,1.8831263616557736,0.9805273636672656,0.0,0.9703703703703703,0.5867478083916358,0.3938415455450469,0.012110417108090412,0.007300228955226991,0.9810979985611656,0.981293252262094,0.989022834013101,0.994591836734694,3,0,5,1,0.02,0.01,36,49,prob_noisy,16,228
0,Defector,2.794757265926079,0.03958623054502505,16.0,0.0344180225281602,0.016845035127321245,0.0225868642803966,0.4063303380358678,0.5542377625564143,0.06361761404094077,0.042254628273290594,0.04014524410062003,0.04304683801615956,3,0,5,1,0.04,0.03,94,161,prob_noisy,18,229
1,Grudger,2.6557627480747064,0.2153608783795906,12.0,0.9561952440550688,0.17626876452080104,0.041624778360507195,0.3332900864656247,0.448816370653067,0.7463429740236004,0.041699963953972394,0.07702328699732598,0.03842528983594477,3,0,5,1,0.04,0.03,94,161,prob_noisy,18,229
2,Evolved HMM 5,2.586624993557347,0.4190894130554032,9.0,0.9530663329161452,0.3014150161252356,0.11704232012212416,0.2875089844903241,0.29403367926231616,0.8246383129677372,0.36340094145313356,0.14267419997355976,0.16876299634958306,3,0,5,1,0.04,0.03,94,161,prob_noisy,18,229
3,Evolved FSM 16,2.5548442190165295,0.45509276996332987,8.0,0.9693366708385481,0.2661794415425941,0.18440218154026092,0.2933760536471331,0.256042323270012,0.5941194064461129,0.4025519595956332,0.3537087064384016,0.32108077984753053,3,0,5,1,0.04,0.03,94,161,prob_noisy,18,229
4,Meta Winner: 16 players,2.5323616742295902,0.12517314004895358,13.0,0.9630788485607009,0.06984372122800803,0.05596494660323077,0.36335803277297307,0.5108332993957881,0.431426413388186,0.2920125625805495,0.07488830023783938,0.08166860001810636,3,0,5,1,0.04,0.03,94,161,prob_noisy,18,229
5,"DoubleCrosser: (D, D)",2.4928595989716777,0.49290956243447553,5.0,0.9618272841051314,0.38664364497841264,0.10348226824392327,0.23050195741121302,0.27937212936645106,0.8546796951380953,0.6920762769060517,0.2981437930701749,0.10602506010635003,3,0,5,1,0.04,0.03,94,161,prob_noisy,18,229
6,Suspicious Tit For Tat,2.4038872827868776,0.49663369930133383,9.0,0.04505632040050062,0.3121759521785219,0.1927912849375963,0.2076785075490859,0.2873542553347959,0.9570995179128535,0.03911549487036453,0.9604428567065244,0.04413885283161214,3,0,5,1,0.04,0.03,94,161,prob_noisy,18,229
7,Tit For Tat,2.354082243380444,0.5708904428904429,4.0,0.967459324155194,0.3762361367408909,0.19112552688721987,0.18366310916770526,0.24897522720418386,0.9623596022682065,0.04217126069921947,0.9609869048889967,0.038167529767558536,3,0,5,1,0.04,0.03,94,161,prob_noisy,18,229
8,Meta Mixer: 16 players,2.221910107729618,0.4659458866143461,8.0,0.6871088861076345,0.22151536259469232,0.24243992373356113,0.2269934687855713,0.30905124488617525,0.5297258310882277,0.41064449604725267,0.5152530927440087,0.4077735225550325,3,0,5,1,0.04,0.03,94,161,prob_noisy,18,229
9,GTFT: 0.33,2.215587831588202,0.7079244566764734,2.0,0.9618272841051314,0.45029991554178966,0.2558442044594889,0.12391299326173319,0.16994288673698812,0.958347785056434,0.34662366466764283,0.9616768840713623,0.33698165165352884,3,0,5,1,0.04,0.03,94,161,prob_noisy,18,229
10,Cycler DC,2.2023339956848442,0.493038508385646,7.0,0.036921151439299124,0.19397623539626718,0.2990040241367828,0.23222997514302027,0.27478976532392985,0.11944044400876237,0.10560318441774068,0.9089850053144981,0.8810071876361609,3,0,5,1,0.04,0.03,94,161,prob_noisy,18,229
11,Random: 0.5,2.1666584967539824,0.499432266507573,7.0,0.48498122653316644,0.2142904354705451,0.2852334238400661,0.2138882533639127,0.2865878873254761,0.4922622847092606,0.4994209579427087,0.5034299028613165,0.4954309731405415,3,0,5,1,0.04,0.03,94,161,prob_noisy,18,229
12,Tit For 2 Tats,2.156481143715077,0.7488121805485566,1.0,0.9593241551939925,0.5192389360758979,0.22589261859641968,0.07393918841762809,0.18092925691005426,0.9584025863564747,0.7025143567045781,0.9601175293691147,0.29257519361417456,3,0,5,1,0.04,0.03,94,161,prob_noisy,18,229
13,Bully,2.152248695056706,0.5764358674613365,8.0,0.04505632040050062,0.180925896156902,0.39292533309591393,0.22038623474096536,0.20576253600621866,0.04043085896398496,0.9630346876587934,0.04122948344421027,0.9598039246449425,3,0,5,1,0.04,0.03,94,161,prob_noisy,18,229
14,Win-Stay Lose-Shift,2.1352543938353366,0.5628456365493189,4.0,0.9536921151439299,0.29813960347048024,0.2646692146449168,0.17793788443054,0.25925329745406295,0.9574505606591976,0.03720888283039757,0.036209355920555526,0.9570007962789768,3,0,5,1,0.04,0.03,94,161,prob_noisy,18,229
15,Alternator,2.123339331531497,0.5074400015011352,6.0,0.9505632040050063,0.20758657595740743,0.29987162620197655,0.22227204830628688,0.27026974953432914,0.04105533669938846,0.04246666038312423,0.9613301164035299,0.9574203073595461,3,0,5,1,0.04,0.03,94,161,prob_noisy,18,229
16,Anti Tit For Tat,1.9450924750161285,0.6120655137567449,6.0,0.9605757196495619,0.20148407682185404,0.4033840096767915,0.19864152939885374,0.19649038410250066,0.04203786247318616,0.9608714248873576,0.045851356226217235,0.9595087032962402,3,0,5,1,0.04,0.03,94,161,prob_noisy,18,229
17,Cooperator,1.8147354051991207,0.9590982772269763,1.0,0.9649561952440551,0.5189757938088869,0.44009446653935835,0.02247037051209636,0.018459369139658417,0.9602099005758534,0.9606286557403138,0.9551463545529469,0.9530637344851424,3,0,5,1,0.04,0.03,94,161,prob_noisy,18,229
0,Evolved HMM 5,3.0360939048207083,0.31647296015180265,6.0,0.9433497536945813,0.21764406508614006,0.08959910458340474,0.44930104718250113,0.24345578314795407,0.7510620232055238,0.3331730810785239,0.09251759942481293,0.15123154327629978,3,0,5,1,0.05,0.02,58,95,prob_noisy,8,230
1,Meta Winner: 7 players,2.6534489236231233,0.3194652465745826,4.0,0.9334975369458128,0.17142723334059148,0.1536595982879922,0.40932511348290074,0.26558805488851556,0.5599555496863029,0.6321457312633579,0.1799427827967486,0.3510903957004004,3,0,5,1,0.05,0.02,58,95,prob_noisy,8,230
2,Win-Shift Lose-Stay: D,2.4038565453747327,0.5217726625533935,4.0,0.05172413793103448,0.25055263080603557,0.2685220589627783,0.26801241387554847,0.21291289635563762,0.047095710468803384,0.9498589848704281,0.9504990267963783,0.04695592155124968,3,0,5,1,0.05,0.02,58,95,prob_noisy,8,230
3,Random: 0.5,2.3705472328486774,0.5043287544730463,3.0,0.5443349753694581,0.2618578055970925,0.24241959992756737,0.2532731835944264,0.24244941088091373,0.5025007019126743,0.5094700639946901,0.5159586096954163,0.5024254930631692,3,0,5,1,0.05,0.02,58,95,prob_noisy,8,230
4,Soft Joss: 0.9,2.350388157538207,0.6359545239223117,1.0,0.9482758620689655,0.38593116569284985,0.24293997188414243,0.20600600338843303,0.16512285903457474,0.954926615964386,0.15279975634394585,0.9542386562531231,0.131260763813047,3,0,5,1,0.05,0.02,58,95,prob_noisy,8,230
5,Cycler DC,2.326381485296214,0.4939189578650066,3.0,0.05172413793103448,0.23479120600010242,0.259316672106408,0.246573475721164,0.25931864617232553,0.11859532849268002,0.11992363016727638,0.8921175703737182,0.8738960848194568,3,0,5,1,0.05,0.02,58,95,prob_noisy,8,230
6,Anti Tit For Tat,2.2119251724569606,0.5259379217273954,3.0,0.9310344827586207,0.21501916886905253,0.32225359833719747,0.2533298871641211,0.20939734562962894,0.04656645349155687,0.9235376750161558,0.05974661785424085,0.9506046545842288,3,0,5,1,0.05,0.02,58,95,prob_noisy,8,230
7,Cooperator,1.4917796217855832,0.9513074326257367,0.0,0.9655172413793104,0.42328291460874873,0.5282165951956171,0.021106074876012935,0.02739441531962117,0.9500065712289621,0.950387592297657,0.9434012253684385,0.9629256061154976,3,0,5,1,0.05,0.02,58,95,prob_noisy,8,230
0,Grudger,2.8864444444444444,0.1739393677291009,4.0,0.9555555555555556,0.13143337903255073,0.0455843212285933,0.38790251975972345,0.43507977997913255,0.5576029031333601,0.06865272525027807,0.1035421148645979,0.05863523030991372,3,0,5,1,0.06,0.02,99,171,prob_noisy,6,231
1,"DoubleCrosser: (D, D)",2.6585219221024605,0.3872067286409916,2.0,0.9636363636363636,0.2786031818313756,0.10329924355542057,0.3122847495644706,0.30581282504873325,0.7175989147621645,0.6144065574477255,0.28208399419730584,0.07334112115028686,3,0,5,1,0.06,0.02,99,171,prob_noisy,6,231
2,Evolved FSM 16,2.621889361839961,0.4395564607377235,2.0,0.9414141414141414,0.21356790472692205,0.22416798186836492,0.32538113428222987,0.23688297912248307,0.5718543834240171,0.4329261321341059,0.3983585667494153,0.4109883606750099,3,0,5,1,0.06,0.02,99,171,prob_noisy,6,231
3,Tit For Tat,2.274300261676706,0.5058633890791859,1.0,0.9353535353535354,0.3200256442500853,0.18593086139023307,0.1771994929755921,0.3168440013840896,0.9440769738103569,0.06046877208858391,0.9402149749567872,0.0538659120719984,3,0,5,1,0.06,0.02,99,171,prob_noisy,6,231
4,Win-Shift Lose-Stay: D,1.7342326457488013,0.5240494732020156,1.0,0.06464646464646465,0.14644508848447685,0.3793556686495863,0.16096285573646602,0.3132363871294709,0.06727326402722507,0.9421994253189705,0.9345448250318785,0.059123636521296305,3,0,5,1,0.06,0.02,99,171,prob_noisy,6,231
5,Bully,1.4589473684210525,0.6771332492643968,1.0,0.05858585858585859,0.1362982662296043,0.5550844490300586,0.12969177340377466,0.17892551133656248,0.05716104777168792,0.9421173601989548,0.06527089590360413,0.9345766894628227,3,0,5,1,0.06,0.02,99,171,prob_noisy,6,231
0,Grudger,2.7551297482725623,0.40574805115543594,9.0,0.9889196675900277,0.3692670875193612,0.029114851962183136,0.27304445014916556,0.32857361036928995,0.9663708170505528,0.021226854560187896,0.07028207019228248,0.009578708007471301,3,0,5,1,0.01,0.04,76,108,prob_noisy,20,232
1,Evolved HMM 5,2.733744484090416,0.5346962201754626,7.0,0.9923822714681441,0.470066972008486,0.0834180943406772,0.2502184414448191,0.19629649220601775,0.9084795458928112,0.38308377537420113,0.1377802841987503,0.16101573300186445,3,0,5,1,0.01,0.04,76,108,prob_noisy,20,232
2,Defector,2.7283420518587667,0.009536825217623815,17.0,0.01038781163434903,0.0037844756491438626,0.0057711833992247,0.3914583491091467,0.5989859918424848,0.07142857142857142,0.05263157894736842,0.010203978357882589,0.009666264603077481,3,0,5,1,0.01,0.04,76,108,prob_noisy,20,232
3,Evolved FSM 16,2.6970240867215773,0.5782941563490639,6.0,0.9882271468144044,0.4444519909176949,0.13509023502125952,0.2591317496611611,0.1613260243998846,0.6869870739268296,0.4280391937897584,0.508670735887918,0.4124173783864395,3,0,5,1,0.01,0.04,76,108,prob_noisy,20,232
4,Meta Winner: 18 players,2.577834492719395,0.1314595486418007,13.5,0.9937673130193906,0.08080799433247617,0.052180344691387104,0.3618446128144187,0.505167048161718,0.5450817358975604,0.38341470076083345,0.06584173140655268,0.08694290380222885,3,0,5,1,0.01,0.04,76,108,prob_noisy,20,232
5,"DoubleCrosser: (D, D)",2.570287650896711,0.6176073531523768,4.0,0.9833795013850416,0.5379554389297577,0.08762149883258316,0.19584871135939688,0.17857435087826215,0.9422381727993833,0.8155112622652675,0.4964272480113849,0.022113783680388337,3,0,5,1,0.01,0.04,76,108,prob_noisy,20,232
6,Tit For Tat,2.457857959525491,0.6635396439023056,2.0,0.9833795013850416,0.48667968649944654,0.17480798796966396,0.16403554318627864,0.17447678234461086,0.9918094618865199,0.012696229700288527,0.9925145160815475,0.017725955916630277,3,0,5,1,0.01,0.04,76,108,prob_noisy,20,232
7,Suspicious Tit For Tat,2.453497126153461,0.5311307286659092,10.0,0.01038781163434903,0.34110400452906936,0.1867848858084013,0.2102269839385142,0.26188412572401526,0.9897875582038943,0.013331935169417197,0.9920356119782763,0.014894844724297722,3,0,5,1,0.01,0.04,76,108,prob_noisy,20,232
8,Soft Joss: 0.9,2.4487220603067863,0.6992838036068686,1.0,0.9861495844875346,0.5258333042163619,0.17986460542315527,0.13933354695367003,0.15496854340681276,0.9636398042216809,0.10714145542724474,0.9940672044407478,0.12382599164440765,3,0,5,1,0.01,0.04,76,108,prob_noisy,20,232
9,Win-Stay Lose-Shift,2.374369442129022,0.6476051369674255,3.0,0.9923822714681441,0.43314687983232875,0.2057004832344314,0.16800205991754466,0.1931505770156952,0.986290818208031,0.010813772791409819,0.015109763916276359,0.9843059541497844,3,0,5,1,0.01,0.04,76,108,prob_noisy,20,232
10,GTFT: 0.33,2.3513143125103015,0.7871510673234812,0.0,0.9916897506925207,0.5676657719539042,0.21323161105114963,0.09916150363250228,0.11994111336244377,0.9906694649282081,0.3217791002811756,0.9936790443347,0.362897003990311,3,0,5,1,0.01,0.04,76,108,prob_noisy,20,232
11,Meta Mixer: 18 players,2.3181310876263623,0.4848275066343602,8.0,0.6745152354570637,0.2486956224837382,0.23501716805605388,0.22229725297493705,0.293989956485271,0.5807737418925579,0.39761561861951705,0.5697217497134904,0.38941057413602076,3,0,5,1,0.01,0.04,76,108,prob_noisy,20,232
12,Cycler DC,2.303468682670574,0.4892452552596734,8.0,0.009002770083102494,0.18384354191950253,0.30521097626267873,0.2599713346249713,0.2509741471928474,0.07092686190813764,0.05835857979075511,0.9614666667997732,0.9341860642351516,3,0,5,1,0.01,0.04,76,108,prob_noisy,20,232
13,Win-Shift Lose-Stay: D,2.251414310764277,0.5646922380629101,9.0,0.012465373961218837,0.20237533957896855,0.36496909146008083,0.22908237016273575,0.20357319879821487,0.010459987414576741,0.9862892215686468,0.9905519424816468,0.011771803890407702,3,0,5,1,0.01,0.04,76,108,prob_noisy,20,232
14,Tit For 2 Tats,2.249796252719168,0.8269419311465307,0.0,0.9916897506925207,0.6281864280610551,0.1936941317394431,0.04428401541886977,0.13383542478063198,0.9905284122827671,0.776772667048377,0.9821725662304225,0.30823441004098284,3,0,5,1,0.01,0.04,76,108,prob_noisy,20,232
15,Random: 0.5,2.2457458141499953,0.5049002450122506,8.0,0.5,0.2273266576577594,0.2777380986926288,0.22159731025479487,0.273337933394817,0.5097228764725095,0.5093189269915502,0.5024368510836129,0.48862998932509233,3,0,5,1,0.01,0.04,76,108,prob_noisy,20,232
16,Bully,2.233832345278783,0.5573331846814203,9.0,0.0110803324099723,0.17782921144376063,0.37621062521136717,0.24328682314305872,0.20267334020181352,0.011954605971600106,0.99063101321349,0.013494800481770312,0.9885019000863955,3,0,5,1,0.01,0.04,76,108,prob_noisy,20,232
17,Alternator,2.2146719841067233,0.509999149008595,6.0,0.9875346260387812,0.20292711122631427,0.30716207579944366,0.24617246993656539,0.24373834303767672,0.010049392005767705,0.009558184864320045,0.9920859714430647,0.9873421961616019,3,0,5,1,0.01,0.04,76,108,prob_noisy,20,232
18,Cooperator,2.0071799677463487,0.9905351084756393,0.0,0.9903047091412742,0.6283904793763256,0.36215378820397026,0.005973254873113284,0.003482477546590912,0.990069198938045,0.9876221141640465,0.9898148148148148,1.0,3,0,5,1,0.01,0.04,76,108,prob_noisy,20,232
19,Anti Tit For Tat,1.9382716885904543,0.6176855226912268,7.0,0.9875346260387812,0.20060822745729845,0.41124254251597275,0.2020134961200916,0.18613573390663715,0.009416515674220253,0.9919650037358557,0.01390319245164596,0.9905307340341698,3,0,5,1,0.01,0.04,76,108,prob_noisy,20,232
0,Evolved HMM 5,3.3040292070217916,0.5535269057855783,4.0,1.0,0.5237518062684897,0.03006522605552379,0.33351953263793144,0.11266343503805518,0.9976090854751943,0.5827431526728832,0.019504480759093307,0.1625043967639817,3,0,5,1,0.0,0.01,97,112,prob_noisy,9,233
1,"DoubleCrosser: (D, D)",3.210283251231527,0.5689840805967854,4.0,1.0,0.5297395785252987,0.032946367107346886,0.3193591785400444,0.11795487582730987,1.0,0.8070111340962821,0.014629049111807733,0.0,3,0,5,1,0.0,0.01,97,112,prob_noisy,9,233
2,Soft Joss: 0.9,2.613949320925553,0.7679813084112149,0.0,1.0,0.580702103772764,0.19171187257324535,0.16424422455072846,0.06334179910326214,1.0,0.09320051422484608,1.0,0.10276142751087072,3,0,5,1,0.0,0.01,97,112,prob_noisy,9,233
3,GTFT: 0.33,2.5236831542669123,0.8403763079581453,0.0,1.0,0.6343302807705129,0.20132589783403285,0.11695580368447007,0.047388017710984345,1.0,0.3397010629930081,1.0,0.33170033783530717,3,0,5,1,0.0,0.01,97,112,prob_noisy,9,233
4,Suspicious Tit For Tat,2.4941774411358044,0.6520220445548397,5.0,0.0,0.511554433859057,0.1388870338003786,0.14892306860653137,0.20063546373403307,1.0,0.0,1.0,0.0,3,0,5,1,0.0,0.01,97,112,prob_noisy,9,233
5,Meta Mixer: 8 players,2.2282355193539405,0.45134993497797016,4.0,0.5309278350515464,0.2215778164965187,0.22957581364659563,0.24116847504636457,0.30767789481052116,0.5737264075897829,0.3471075476273209,0.5862013040728453,0.3463670183188826,3,0,5,1,0.0,0.01,97,112,prob_noisy,9,233
6,Cycler DC,2.034847580585268,0.4973975838823055,2.0,0.0,0.1509235821674843,0.3464654527537578,0.257357928719618,0.24525303635913995,0.0,0.0,1.0,1.0,3,0,5,1,0.0,0.01,97,112,prob_noisy,9,233
7,Win-Shift Lose-Stay: D,1.8734419515669516,0.5546601057750054,3.0,0.0,0.1935554123672055,0.3663126572423693,0.2020974044029908,0.23803452598743435,0.0,1.0,1.0,0.0,3,0,5,1,0.0,0.01,97,112,prob_noisy,9,233
8,Bully,1.6881097891693058,0.6133109990066419,2.0,0.0,0.2242452603605428,0.39420199297962766,0.14786669780419875,0.23368604885563088,0.0,1.0,0.0,1.0,3,0,5,1,0.0,0.01,97,112,prob_noisy,9,233
0,Defector,2.9444444444444446,0.027966101694915254,15.0,0.021241830065359478,0.015451480128282603,0.01249540830875575,0.48102299966473805,0.49103011189822365,0.0,0.3333333333333333,0.043081380580205525,0.035428999742297684,3,0,5,1,0.03,0.03,68,4,prob_noisy,19,234
1,Win-Shift Lose-Stay: D,2.7662037037037037,0.4187486653854367,12.0,0.02369281045751634,0.22641124188048836,0.19301062396118102,0.3668997357978945,0.21367839836043612,0.03860404439195668,0.9484159250916547,0.9704566210342188,0.030072271985094257,3,0,5,1,0.03,0.03,68,4,prob_noisy,19,234
2,Bully,2.75,0.3466809421841542,9.0,0.03431372549019608,0.14229889277864138,0.2040148385921684,0.4015843020890724,0.25210196654011774,0.06521695083400592,0.9712438997119728,0.03159648468502675,0.9662713404445952,3,0,5,1,0.03,0.03,68,4,prob_noisy,19,234
3,Suspicious Tit For Tat,2.6805555555555554,0.4512765957446809,9.0,0.029411764705882353,0.26384123289970485,0.18718676503849033,0.3206562411581131,0.22831576090369163,0.9642576365634749,0.03698499348149404,0.9784525314238122,0.05394027806242422,3,0,5,1,0.03,0.03,68,4,prob_noisy,19,234
4,Cycler DC,2.6666666666666665,0.48731728288907994,8.0,0.02287581699346405,0.2435445570051119,0.24364358165721903,0.34867351673346914,0.16413834460419996,0.183594675017172,0.13840461863717676,0.9599110170133653,0.9070116004656524,3,0,5,1,0.03,0.03,68,4,prob_noisy,19,234
5,Grudger,2.611111111111111,0.6836800343126742,4.0,0.9722222222222222,0.5398087175779547,0.1431386897646002,0.1752628046359748,0.14178978802147027,0.9113112472812065,0.0817076429192965,0.3164228623928078,0.04598622585180154,3,0,5,1,0.03,0.03,68,4,prob_noisy,19,234
6,Random: 0.5,2.611111111111111,0.48749198203976907,9.0,0.5032679738562091,0.29518922808766546,0.19236179214030089,0.30606074088408003,0.20638823888795366,0.4539951423375488,0.5197727701308374,0.4810146527636068,0.49100013695534117,3,0,5,1,0.03,0.03,68,4,prob_noisy,19,234
7,Meta Winner: 17 players,2.5416666666666665,0.6367329484712423,8.0,0.9607843137254902,0.4242474084024855,0.2121069637042273,0.23366553126570525,0.12998009662758186,0.6494320051347511,0.7655376281341836,0.4251950380250657,0.6565690105829565,3,0,5,1,0.03,0.03,68,4,prob_noisy,19,234
8,Tit For Tat,2.4953703703703702,0.7590051457975986,1.0,0.9746732026143791,0.5674959365622373,0.1914042862180456,0.13963442351886188,0.10146535370085506,0.9715256773639408,0.05452123550418153,0.9843507077717604,0.07704867991753236,3,0,5,1,0.03,0.03,68,4,prob_noisy,19,234
9,Evolved FSM 16,2.4583333333333335,0.7714468629961587,1.0,0.9689542483660131,0.5808171145502831,0.19197278386935254,0.12535195231870971,0.1018581492616546,0.957609326121681,0.21741903402457527,0.8750724448462757,0.18820664222963074,3,0,5,1,0.03,0.03,68,4,prob_noisy,19,234
10,Anti Tit For Tat,2.4583333333333335,0.5296248934356351,7.0,0.9624183006535948,0.27605853214584797,0.25425249797351407,0.28657819251420175,0.18311077736643616,0.03013810794306776,0.9651062067789913,0.036325861953551156,0.9610345087335143,3,0,5,1,0.03,0.03,68,4,prob_noisy,19,234
11,Meta Mixer: 17 players,2.4583333333333335,0.6487234042553192,5.0,0.7026143790849673,0.4313780133531921,0.2170823391296216,0.20299973055873352,0.14853991695845287,0.7008712476801525,0.47962381985115976,0.7325221587517154,0.48701217507914185,3,0,5,1,0.03,0.03,68,4,prob_noisy,19,234
12,Soft Joss: 0.9,2.4305555555555554,0.7715692571183901,1.0,0.9656862745098039,0.5671820556771123,0.20499759697910924,0.12759758816059125,0.10022275918318711,0.9544725760823352,0.15595571693334745,0.985224655900096,0.2696484627207183,3,0,5,1,0.03,0.03,68,4,prob_noisy,19,234
13,Win-Stay Lose-Shift,2.4259259259259256,0.7452365660458146,2.0,0.9665032679738562,0.5544660515141772,0.19079931384766902,0.13332918629993534,0.12140544833821847,0.9648573282473417,0.03409875604902131,0.04469012122755439,0.976130156724202,3,0,5,1,0.03,0.03,68,4,prob_noisy,19,234
14,Evolved HMM 5,2.3472222222222223,0.8343258188005104,1.0,0.9730392156862745,0.6253212981044318,0.20851680675089013,0.08002720737652053,0.08613468776815734,0.9609081794802928,0.5329175845155123,0.6951995373048006,0.35720357021740223,3,0,5,1,0.03,0.03,68,4,prob_noisy,19,234
15,GTFT: 0.33,2.3356481481481484,0.8209083119108826,1.0,0.9599673202614379,0.5895827581846014,0.23236013940272496,0.1002681106518895,0.07778899176078428,0.967889187325117,0.39990929116609253,0.9758203948450023,0.4199280406300212,3,0,5,1,0.03,0.03,68,4,prob_noisy,19,234
16,Tit For 2 Tats,2.25,0.8973864610111397,0.0,0.9763071895424836,0.6615222714275515,0.23619536023404786,0.03964631296419368,0.0626360553742071,0.9644938452888633,0.8414866968221543,0.9523809523809523,0.5390805343367014,3,0,5,1,0.03,0.03,68,4,prob_noisy,19,234
17,Cooperator,2.125,0.9689174705251876,1.0,0.9722222222222222,0.6693947500812347,0.2995839856252063,0.022481115661052167,0.008540148632506815,0.9729233371806905,0.9311473627514074,0.9588235294117647,0.9333333333333332,3,0,5,1,0.03,0.03,68,4,prob_noisy,19,234
18,"DoubleCrosser: (D, D)",2.1203703703703702,0.9698008138787749,0.0,0.9689542483660131,0.6726184505004493,0.29715510314517357,0.020539184088561237,0.009687262265816012,0.9654249250463808,0.9651831186092207,0.9528061224489796,0.9722222222222222,3,0,5,1,0.03,0.03,68,4,prob_noisy,19,234
0,Defector,2.574149659863946,0.0664,5.0,0.07142857142857142,0.02899102207606528,0.0375067464360994,0.36693299334688223,0.5665692381409532,0.12443181818181819,0.06666666666666667,0.07543701762806942,0.062389415940830924,3,0,5,1,0.07,0.06,70,10,prob_noisy,8,235
1,Grudger,2.3708333333333336,0.2833333333333333,4.0,0.9326530612244898,0.1487396491547012,0.14123360661632217,0.3172133530547617,0.3928133911742148,0.6027379366052135,0.06789776822793869,0.10551824009956894,0.06706688718284172,3,0,5,1,0.07,0.06,70,10,prob_noisy,8,235
2,Cycler DC,2.1295918367346935,0.4798720341242335,2.0,0.053061224489795916,0.20565661592024778,0.27376443074868206,0.2308904878162835,0.2896884655147866,0.14117029751315452,0.18364689670912066,0.8723538023027891,0.8772619130410743,3,0,5,1,0.07,0.06,70,10,prob_noisy,8,235
3,Meta Mixer: 7 players,2.114880952380952,0.42736173590897064,3.0,0.4448979591836735,0.20026523413788969,0.2256555001977026,0.2275689811901664,0.3465102844742413,0.4978818104291442,0.39766820435641836,0.5373345599543892,0.3610217364680071,3,0,5,1,0.07,0.06,70,10,prob_noisy,8,235
4,Win-Shift Lose-Stay: D,2.0986394557823127,0.44287581699346407,3.0,0.05918367346938776,0.18582459007284027,0.2574448425733266,0.23343923872449282,0.3232913286293404,0.06171012409315657,0.9554051169278475,0.9498363670908248,0.06807140798264384,3,0,5,1,0.07,0.06,70,10,prob_noisy,8,235
5,Suspicious Tit For Tat,2.090079365079365,0.3753993610223642,3.0,0.061224489795918366,0.18897586247051362,0.18230998455105443,0.2205406091464696,0.4081735438319624,0.9230277379782346,0.0817516918946539,0.9320572526638219,0.06041708669397634,3,0,5,1,0.07,0.06,70,10,prob_noisy,8,235
6,Anti Tit For Tat,1.7874149659863945,0.622869708631116,2.0,0.9061224489795918,0.2401105020814764,0.3794844054761762,0.17764954856500992,0.20275554387733755,0.05707617549793324,0.9263542076980604,0.1160392644623602,0.9245209880857187,3,0,5,1,0.07,0.06,70,10,prob_noisy,8,235
7,Tit For 2 Tats,1.7320861678004533,0.7593349686563097,0.0,0.9244897959183673,0.39489610584341756,0.3569821052492421,0.08014641000453951,0.16797537890280068,0.930821975993566,0.6909190717639566,0.9601970233490766,0.29587971227473703,3,0,5,1,0.07,0.06,70,10,prob_noisy,8,235
0,GTFT: 0.33,3.0,0.9379310344827586,0.0,0.9431818181818182,0.8831939205073533,0.05550543983379804,0.037518451697556174,0.023782187961292438,0.9890580683684131,0.3333333333333333,0.9782608695652174,0.38636363636363635,3,0,5,1,0.02,0.07,44,96,prob_noisy,3,236
1,Win-Stay Lose-Shift,3.0,0.9076406381192276,0.0,0.9772727272727273,0.8803223691593477,0.030798717138486437,0.05254003035869328,0.036338883343472586,0.9840563216851876,0.0,0.0,1.0,3,0,5,1,0.02,0.07,44,96,prob_noisy,3,236
2,Meta Mixer: 2 players,3.0,0.9156151419558359,0.0,0.9772727272727273,0.8615973131208589,0.053811147301452006,0.050056822217487036,0.034534717360202125,0.9704408105225737,0.2614130434782609,0.7821969696969697,0.7215909090909092,3,0,5,1,0.02,0.07,44,96,prob_noisy,3,236
0,Soft Joss: 0.9,2.705123339658444,0.7366694011484823,0.0,0.9696969696969697,0.5329841804816325,0.2180335391586396,0.19485836154862252,0.05412391881110536,0.9649324717610354,0.13443465910708569,0.9639306823936142,0.11354435831180017,3,0,5,1,0.03,0.05,99,176,prob_noisy,6,237
1,Tit For Tat,2.703238095238095,0.6956521739130435,1.0,0.9575757575757575,0.4766618097426261,0.2265535334156596,0.22717408914706255,0.06961056769465186,0.9739405645549292,0.02618704992100166,0.9764265959229178,0.037730084523123264,3,0,5,1,0.03,0.05,99,176,prob_noisy,6,237
2,Cycler DC,2.6770588235294115,0.4869951763926984,3.0,0.024242424242424242,0.1482133246305855,0.3386906714118266,0.40821635758777486,0.10487964636981299,0.14583715369699438,0.035769748716504526,0.9590660959606193,0.7831113412008832,3,0,5,1,0.03,0.05,99,176,prob_noisy,6,237
3,Win-Stay Lose-Shift,2.6286443381180224,0.6635494810399754,1.0,0.9838383838383838,0.5130221245353863,0.15797379027634323,0.17554887496552524,0.15345521022274516,0.9666833893454261,0.028525218967451332,0.029964585920854565,0.9722147536500267,3,0,5,1,0.03,0.05,99,176,prob_noisy,6,237
4,Meta Mixer: 5 players,2.605901116427432,0.6548396253193302,2.0,0.7858585858585858,0.4276405155413549,0.22486000793762137,0.2307641234204158,0.11673535310060794,0.8175536905335665,0.2616344471667874,0.7956461298604741,0.37487630822177814,3,0,5,1,0.03,0.05,99,176,prob_noisy,6,237
5,GTFT: 0.33,2.5993073593073595,0.8156243237394504,0.0,0.9616161616161616,0.6154594814636644,0.20781943040058803,0.13736916593127751,0.03935192220447016,0.9704246027167762,0.33348372123227055,0.9716052971978761,0.3314053740783538,3,0,5,1,0.03,0.05,99,176,prob_noisy,6,237
0,Defector,2.739832919398029,0.06616052060737528,14.0,0.06547619047619048,0.029977267322059745,0.03622229952451187,0.38837920933810044,0.5454212238153279,0.1452515905147484,0.1180372807017544,0.0810239148344353,0.06232726221963306,3,0,5,1,0.07,0.06,21,49,prob_noisy,17,238
1,Grudger,2.5706026898955825,0.26682826776058177,9.0,0.9226190476190477,0.18789219537144433,0.08355878246406112,0.3099888241135731,0.41856019805092154,0.6442447770757813,0.08436880318916858,0.13495738510914412,0.08023440635900231,3,0,5,1,0.07,0.06,21,49,prob_noisy,17,238
2,Suspicious Tit For Tat,2.4194137467586714,0.4708363903154806,7.0,0.08035714285714286,0.2639558593330279,0.21079553451864963,0.23078891722589226,0.2944596889224303,0.9457505782178087,0.10039976631511516,0.9192101614149257,0.07267195146248939,3,0,5,1,0.07,0.06,21,49,prob_noisy,17,238
3,Evolved HMM 5,2.3725063131313133,0.4312688821752266,7.0,0.9285714285714286,0.29027272189508,0.15453076180778383,0.267187896340225,0.2880086199569111,0.7681758729056196,0.38627376494477733,0.2043552630856259,0.20397962046598817,3,0,5,1,0.07,0.06,21,49,prob_noisy,17,238
4,Meta Winner: 15 players,2.3354166666666667,0.2079040702584023,10.0,0.9077380952380952,0.1071627554088153,0.10367852552216728,0.32251596309902364,0.4666427559699939,0.4560922263708368,0.36930946498785877,0.1288115574477648,0.10192939758589561,3,0,5,1,0.07,0.06,21,49,prob_noisy,17,238
5,Win-Shift Lose-Stay: D,2.2693576141120784,0.5087002840909091,7.0,0.06547619047619048,0.19598344856697922,0.30918191212367324,0.23411002979809498,0.2607246095112526,0.06676204699103169,0.9279237987007594,0.919213921283232,0.06675810058443529,3,0,5,1,0.07,0.06,21,49,prob_noisy,17,238
6,Cycler DC,2.2518536900406096,0.49089184060721064,7.0,0.10416666666666667,0.20941857667959413,0.28157744912440286,0.2381330284260422,0.2708709457699609,0.1744530546973509,0.17092076166353803,0.8480323452564498,0.8341601746112711,3,0,5,1,0.07,0.06,21,49,prob_noisy,17,238
7,Random: 0.5,2.2517922517728417,0.49476688867745006,7.0,0.5208333333333334,0.22284223892144428,0.27060316451962774,0.2280864778098834,0.2784681187490446,0.5167701390161623,0.46891238583345113,0.4786659452755629,0.4882506896725177,3,0,5,1,0.07,0.06,21,49,prob_noisy,17,238
8,Bully,2.233589694260777,0.5526757411896327,7.0,0.08630952380952381,0.2008994444411183,0.33647438607938296,0.22003473136838847,0.24259143811111017,0.06730334308049815,0.9447565770109609,0.09936508644322517,0.9350667762487529,3,0,5,1,0.07,0.06,21,49,prob_noisy,17,238
9,Win-Stay Lose-Shift,2.2113954127129296,0.5344534962661236,5.0,0.9255952380952381,0.27270116920190474,0.2639670982541875,0.21955195963237895,0.2437797729115287,0.9391369064019222,0.06402211172885514,0.05850738686333346,0.9379135299414498,3,0,5,1,0.07,0.06,21,49,prob_noisy,17,238
10,"DoubleCrosser: (D, D)",2.2063470759650015,0.5309458218549128,4.0,0.9315476190476191,0.3630471978990337,0.17856468996152114,0.20820241601199088,0.25018569612745417,0.8338730694843528,0.7355905542335242,0.31868975894134216,0.1606304805980159,3,0,5,1,0.07,0.06,21,49,prob_noisy,17,238
11,Meta Mixer: 15 players,2.197902070114483,0.459812321501428,6.0,0.6130952380952381,0.21769821746089174,0.24249172076006556,0.23387811254607305,0.3059319492329696,0.5107432743313228,0.4115463038934054,0.5049438195092716,0.39607050586341175,3,0,5,1,0.07,0.06,21,49,prob_noisy,17,238
12,Alternator,2.181211238960387,0.5184205554505952,5.0,0.9315476190476191,0.2188059174040263,0.299286484287136,0.22611230516047326,0.2557952931483644,0.08054422194757756,0.07955110374996467,0.9294671955700984,0.9247842353925603,3,0,5,1,0.07,0.06,21,49,prob_noisy,17,238
13,GTFT: 0.33,2.1689685909117298,0.6756041629917093,1.0,0.9523809523809523,0.3940465547609904,0.2803461091622453,0.1372265902930443,0.1883807457837202,0.920971447475293,0.370725458331748,0.9201823001390645,0.35081457266814753,3,0,5,1,0.07,0.06,21,49,prob_noisy,17,238
14,Soft Joss: 0.9,2.168874082247244,0.5869191049913941,3.0,0.9047619047619048,0.3453579620438888,0.24161713005904678,0.18218020269835972,0.23084470519870476,0.9127773103457999,0.17702061808090852,0.9230438163260613,0.15549542358188298,3,0,5,1,0.07,0.06,21,49,prob_noisy,17,238
15,Tit For 2 Tats,2.0739748677248677,0.744984061503844,1.0,0.9136904761904762,0.4699664979860416,0.27680680247985273,0.09187871716807963,0.16134798236602615,0.9394989327712953,0.6942999693314587,0.947705324328608,0.33276838726001085,3,0,5,1,0.07,0.06,21,49,prob_noisy,17,238
16,Anti Tit For Tat,2.059847654173312,0.5959650062488842,6.0,0.9315476190476191,0.23128873488910556,0.35980528628877556,0.1912527559074679,0.217653222914651,0.05604042108878303,0.9284292356425748,0.07705552630442074,0.9389716962832498,3,0,5,1,0.07,0.06,21,49,prob_noisy,17,238
0,Defector,2.435978835978836,0.02412280701754386,7.0,0.012698412698412698,0.007690011766971118,0.01634043798126026,0.3093293156743528,0.6666402345774158,0.0,0.29166666666666663,0.03157357047764393,0.025302000922555117,3,0,5,1,0.02,0.09,35,15,prob_noisy,10,239
1,Grudger,2.43015873015873,0.36160714285714285,3.0,0.9841269841269841,0.2587419839391524,0.09835926792499923,0.2659333022989682,0.37696544583688013,0.8161525308624473,0.0707047791893527,0.12460647055203528,0.03245243309044023,3,0,5,1,0.02,0.09,35,15,prob_noisy,10,239
2,Cycler DC,2.2072510822510822,0.45932069510268564,3.0,0.006349206349206349,0.12253410646717934,0.3363434599649898,0.26976693991660583,0.271355493651225,0.15164746663359058,0.04908997695260348,0.9741259920102405,0.9179555513657756,3,0,5,1,0.02,0.09,35,15,prob_noisy,10,239
3,Suspicious Tit For Tat,2.20026455026455,0.33062330623306235,3.0,0.022222222222222223,0.12018725054557342,0.2084997041053588,0.2458774309954472,0.4254356143536205,0.9725197327883222,0.03147913655568772,0.9778951045269326,0.027734482603132018,3,0,5,1,0.02,0.09,35,15,prob_noisy,10,239
4,Win-Shift Lose-Stay: D,2.1405483405483405,0.44846577498033047,3.0,0.01904761904761905,0.16865428419169498,0.27184052256055785,0.22186832658507588,0.33763686666267123,0.013543352393282268,0.9905400866457804,0.9616795431863925,0.02833893205587528,3,0,5,1,0.02,0.09,35,15,prob_noisy,10,239
5,Soft Joss: 0.9,2.1277777777777778,0.6336594911937378,0.0,0.9777777777777777,0.3509800693248646,0.2704272603048732,0.17379408402952565,0.20479858634073655,0.9719610799347027,0.12915512681739622,0.9500805060745492,0.3719275459353176,3,0,5,1,0.02,0.09,35,15,prob_noisy,10,239
6,Meta Winner: 9 players,2.091037357704024,0.2935323383084577,4.0,0.9714285714285714,0.16645466842873566,0.1293546954215678,0.2562598284785601,0.44793080767113647,0.7060726314091147,0.46544581149844305,0.15026065005164096,0.03678388592177993,3,0,5,1,0.02,0.09,35,15,prob_noisy,10,239
7,Tit For Tat,2.056172839506173,0.5486163051608077,0.0,0.9873015873015873,0.3183146942153535,0.2474185326096824,0.185534460747017,0.24873231242794697,0.9666181303240025,0.02435932014079005,0.9839971668884928,0.027820797464676184,3,0,5,1,0.02,0.09,35,15,prob_noisy,10,239
8,Random: 0.5,2.0064814814814813,0.5110943963896202,2.0,0.526984126984127,0.20270104156005753,0.3086244128301118,0.20837357905883078,0.2803009665509998,0.4787945522130139,0.5339092978355804,0.48223136600893113,0.5149587319194331,3,0,5,1,0.02,0.09,35,15,prob_noisy,10,239
9,Anti Tit For Tat,1.8682132682132684,0.6524064171122995,2.0,0.9904761904761905,0.25025204349957136,0.39585506340291926,0.14632608932193725,0.20756680377557213,0.029974419930646413,0.9686663104496382,0.06041428389884357,0.9791989519096236,3,0,5,1,0.02,0.09,35,15,prob_noisy,10,239
0,Defector,2.6010292178402947,0.0633629191321499,12.0,0.029585798816568046,0.02364181391142451,0.0398965798996352,0.39028730988103383,0.5461742963079064,0.1977818477818478,0.07004727329026167,0.06570223717549067,0.062075686539178984,3,0,5,1,0.06,0.01,13,62,prob_noisy,14,240
1,Evolved HMM 5,2.5536013241957054,0.31445660473402903,8.0,0.9704142011834319,0.19195014449446438,0.13503730133002814,0.3322286276370416,0.3407839265384659,0.692567334301629,0.3792765492095515,0.14545007146153505,0.17914674132680222,3,0,5,1,0.06,0.01,13,62,prob_noisy,14,240
2,Grudger,2.546279479833558,0.133341727524553,11.0,0.9526627218934911,0.08098187484249827,0.051293451035934814,0.3595921299375938,0.5081325441839731,0.5766686511029804,0.053231280776919715,0.0747031764663154,0.06277781355417503,3,0,5,1,0.06,0.01,13,62,prob_noisy,14,240
3,Evolved FSM 16,2.4508990672845745,0.384587245457871,7.0,0.9230769230769231,0.17249309309169927,0.21562043680160708,0.31995960260599265,0.291926867500701,0.49134227384904094,0.4083031929745079,0.3045448634271764,0.34656892970919956,3,0,5,1,0.06,0.01,13,62,prob_noisy,14,240
4,Meta Winner: 13 players,2.446297003244894,0.11973105766744246,11.0,0.9230769230769231,0.057004085321509655,0.06319498016925501,0.355249520402926,0.5245514141063093,0.3546454743799633,0.2690711361534138,0.10035988289012227,0.07679524614977161,3,0,5,1,0.06,0.01,13,62,prob_noisy,14,240
5,Suspicious Tit For Tat,2.14877274677784,0.4412156758197814,6.0,0.047337278106508875,0.2231607152591279,0.21610469536703555,0.2229087519173476,0.33782583745648903,0.9409014719606124,0.062527860938191,0.9345112770157639,0.054172708583278356,3,0,5,1,0.06,0.01,13,62,prob_noisy,14,240
6,Soft Joss: 0.9,2.067693059628543,0.5317470580628475,2.0,0.9230769230769231,0.2738456444009667,0.25559764177700733,0.19312975118408524,0.27742696263794075,0.9417633357766466,0.14741736607072572,0.9398193729411439,0.15095920409482166,3,0,5,1,0.06,0.01,13,62,prob_noisy,14,240
7,Cycler DC,1.8864723722408732,0.5021511985248924,4.0,0.08284023668639054,0.18786107930049042,0.3144341610538849,0.20139286075540866,0.29631189889021603,0.16591744490442678,0.1355005207310113,0.8800656399018749,0.8749485243582829,3,0,5,1,0.06,0.01,13,62,prob_noisy,14,240
8,Random: 0.5,1.8669593293255686,0.5082109977606369,5.0,0.5739644970414202,0.19329023296083764,0.3146014832732154,0.19513949403913733,0.29696878972680957,0.5043974916839304,0.5157113965926581,0.5329769487186884,0.5008243540740523,3,0,5,1,0.06,0.01,13,62,prob_noisy,14,240
9,Alternator,1.859173615823544,0.5049781447304517,4.0,0.9408284023668639,0.1877231785882221,0.3173058551401349,0.19545124400561553,0.2995197222660277,0.07258533389923358,0.060752255788483804,0.9286302382983226,0.9400305574827084,3,0,5,1,0.06,0.01,13,62,prob_noisy,14,240
10,Win-Shift Lose-Stay: D,1.8515453087691371,0.5191825476429288,4.0,0.029585798816568046,0.1857482381158314,0.33170404429006084,0.20013688928001466,0.2824108283140931,0.06143073488502122,0.9325967886295276,0.9366830795439827,0.05905403816887067,3,0,5,1,0.06,0.01,13,62,prob_noisy,14,240
11,Tit For 2 Tats,1.8431015688378944,0.6750923361034165,0.0,0.9349112426035503,0.3845991584509002,0.28197494685358415,0.08795189041742413,0.24547400427809155,0.9281185843767553,0.6452220625626544,0.9350336930440524,0.28446413327501346,3,0,5,1,0.06,0.01,13,62,prob_noisy,14,240
12,Bully,1.7214239089590786,0.5931025770591207,5.0,0.05325443786982249,0.19523429525289807,0.406078485093347,0.17502361640210967,0.22366360325164525,0.05778636044533292,0.9378071097650353,0.06337147519595938,0.9425644996392167,3,0,5,1,0.06,0.01,13,62,prob_noisy,14,240
13,Anti Tit For Tat,1.5863643867761918,0.6451248588279583,4.0,0.9289940828402367,0.2102661885098015,0.42646559497455355,0.14085796859355326,0.22241024792209155,0.07128835105622534,0.9375922150483922,0.06010808504464732,0.9421649738640043,3,0,5,1,0.06,0.01,13,62,prob_noisy,14,240
0,Evolved HMM 5,2.782432470064049,0.6117445838084379,3.0,0.9819819819819819,0.5459312474718565,0.0807374595436599,0.216736192511607,0.15659510047287664,0.947951560255759,0.3499155879622444,0.17089551324784077,0.18104655396679437,3,0,5,1,0.02,0.06,37,57,prob_noisy,10,241
1,Evolved FSM 16,2.7566276803118908,0.6554314329738059,3.0,0.9819819819819819,0.5215040943331597,0.1241949517382238,0.24549886629001158,0.10880208763860481,0.7067067143857042,0.4219232471735975,0.6370398315407072,0.4362659859378794,3,0,5,1,0.02,0.06,37,57,prob_noisy,10,241
2,"DoubleCrosser: (D, D)",2.69471283572917,0.7279729475859478,2.0,0.9819819819819819,0.6519661770548272,0.09670047017810901,0.14895573966581532,0.10237761310124845,0.9605836837563648,0.8385787123387377,0.561903276558645,0.22953366943569295,3,0,5,1,0.02,0.06,37,57,prob_noisy,10,241
3,Suspicious Tit For Tat,2.693898331153233,0.6460950300382304,6.0,0.036036036036036036,0.46344703642936785,0.17511902694032722,0.2204776855766063,0.14095625105369855,0.9801060929923759,0.02524830484727038,0.9896483096455186,0.04973807183363955,3,0,5,1,0.02,0.06,37,57,prob_noisy,10,241
4,Soft Joss: 0.9,2.6576398083783883,0.7712755405673477,1.0,0.975975975975976,0.5874140310766653,0.1937187133315047,0.168762825968084,0.050104429623745984,0.9833900455902295,0.10328811324605154,0.9812110753889939,0.16085724000170004,3,0,5,1,0.02,0.06,37,57,prob_noisy,10,241
5,GTFT: 0.33,2.5967683369644154,0.8186843559977889,0.0,0.972972972972973,0.645857054891918,0.19385292019036163,0.12143454033861728,0.03885548457910299,0.9798180405471361,0.38578317100609705,0.9858729281912181,0.2754022114752424,3,0,5,1,0.02,0.06,37,57,prob_noisy,10,241
6,Win-Shift Lose-Stay: D,2.4581770081770085,0.576887913695374,4.0,0.018018018018018018,0.2226663941711918,0.34810276335849777,0.26230212804116365,0.1669287144291468,0.02572578836108248,0.9774924475274671,0.9777995740176948,0.04485371470288572,3,0,5,1,0.02,0.06,37,57,prob_noisy,10,241
7,Alternator,2.4571750109793586,0.514726507713885,4.0,0.9819819819819819,0.1960393005736235,0.3188631295946878,0.3056673355684036,0.17943023426328508,0.019734759423220664,0.03266468052060984,0.9833972526414113,0.9885154374829868,3,0,5,1,0.02,0.06,37,57,prob_noisy,10,241
8,Tit For 2 Tats,2.4299397611897615,0.9390121975604879,0.0,0.978978978978979,0.7429998230385141,0.19374479405017891,0.036372953543691765,0.026882429367615323,0.9782629445040567,0.8872652040625152,0.9765867066466767,0.49478458049886626,3,0,5,1,0.02,0.06,37,57,prob_noisy,10,241
9,Random: 0.5,2.4229085965292074,0.4954710144927536,4.0,0.5075075075075075,0.23838793279652115,0.2564459884211746,0.2552719498427249,0.2498941289395793,0.478093246463884,0.49868037370581114,0.4847814949174922,0.5016228167129841,3,0,5,1,0.02,0.06,37,57,prob_noisy,10,241
0,Win-Stay Lose-Shift,3.3246072042614596,0.3208743169398907,1.0,1.0,0.1660477024882456,0.16920129695175595,0.5265142153891567,0.13823678517084179,0.9511035831007775,0.061991028295376116,0.050891923982054874,0.9590072281458408,3,0,5,1,0.05,0.01,32,154,prob_noisy,3,242
1,Tit For Tat,2.361700799200799,0.5107692307692308,1.0,0.953125,0.2653885651668886,0.24690127196427414,0.24866433988743358,0.2390458229814037,0.937029418956082,0.04796642119575415,0.9462966785943665,0.04955821554447114,3,0,5,1,0.05,0.01,32,154,prob_noisy,3,242
2,Win-Shift Lose-Stay: D,1.4745608630626053,0.6702453987730062,0.0,0.078125,0.14612686756066087,0.5345077947664343,0.17543180840587425,0.14393352926703057,0.05420188631824014,0.9430722645478871,0.9523704073357869,0.027767993424914875,3,0,5,1,0.05,0.01,32,154,prob_noisy,3,242
0,Defector,2.7695807909010406,0.07292466279197281,12.0,0.06984126984126984,0.029753457506060104,0.04310276346579354,0.3814127583443603,0.5457310206837861,0.11518887871829048,0.10203974380374604,0.07353766999063742,0.07091690198183,3,0,5,1,0.07,0.07,45,109,prob_noisy,15,243
1,Grudger,2.485247790231179,0.2600499659323189,7.0,0.9412698412698413,0.18266170691938713,0.08497911165099728,0.3060962371945823,0.42626294423503325,0.6366602786237366,0.08077207537923402,0.11999715164001921,0.07106817530838758,3,0,5,1,0.07,0.07,45,109,prob_noisy,15,243
2,Meta Winner: 13 players,2.3772920333634615,0.21339681852613354,9.0,0.9301587301587302,0.11856198097150415,0.09847596975667554,0.324335960265833,0.4586260890059873,0.5428318245066165,0.2579961375605971,0.12622127470551672,0.08108073674500917,3,0,5,1,0.07,0.07,45,109,prob_noisy,15,243
3,Suspicious Tit For Tat,2.3709018885869413,0.43216690583949663,7.0,0.05714285714285714,0.1954906339432796,0.2311639860545078,0.2560191370572768,0.3173262429449358,0.9273725634905245,0.06434999889199332,0.9346445957676502,0.06539336332515791,3,0,5,1,0.07,0.07,45,109,prob_noisy,15,243
4,Evolved HMM 5,2.3532312925170067,0.43112410656270306,6.0,0.9222222222222223,0.26047493874771,0.1684069485339704,0.25712559112090333,0.3139925215974162,0.8199030054816344,0.36597386307429813,0.17282111210596826,0.20467808483824318,3,0,5,1,0.07,0.07,45,109,prob_noisy,15,243
5,Evolved FSM 16,2.3432169021454734,0.476640838650866,5.0,0.9396825396825397,0.2584994814288368,0.22170396489964306,0.23650219175835158,0.2832943619131686,0.6527372436701953,0.3781321456363694,0.38970198992511945,0.33987682196790103,3,0,5,1,0.07,0.07,45,109,prob_noisy,15,243
6,Meta Mixer: 13 players,2.2180336528550813,0.4415925165411818,5.0,0.6444444444444445,0.19991631720011016,0.24362616924539365,0.23264258034315,0.3238149332113461,0.5398250516949131,0.3511035369448473,0.5132225332086015,0.36891721823374096,3,0,5,1,0.07,0.07,45,109,prob_noisy,15,243
7,Cycler DC,2.1741042357113787,0.47695413255579233,5.0,0.07142857142857142,0.15621973656995558,0.321114482314329,0.23629164468192135,0.2863741364337942,0.15792475829401906,0.1239218929259343,0.8479695807265789,0.8271481783755215,3,0,5,1,0.07,0.07,45,109,prob_noisy,15,243
8,Win-Shift Lose-Stay: D,2.1428232038429407,0.5087682006589436,5.0,0.0873015873015873,0.17780378092917087,0.3335591786885859,0.21705813338142957,0.2715789070008136,0.06881024364890645,0.9337599387222021,0.9294190785204529,0.06989718398059029,3,0,5,1,0.07,0.07,45,109,prob_noisy,15,243
9,Soft Joss: 0.9,2.136334281187222,0.5626403233048944,1.0,0.9301587301587302,0.31172394037811235,0.2567029042982386,0.18947185420363302,0.2421013011200161,0.944234676177966,0.14594305048725723,0.9264772648901122,0.1463653745531499,3,0,5,1,0.07,0.07,45,109,prob_noisy,15,243
10,Win-Stay Lose-Shift,2.1202435756911457,0.5550101376587344,3.0,0.9285714285714286,0.2741968255253261,0.2755249877191793,0.2021103556527064,0.2481678311027882,0.9248486685611728,0.0763967305739762,0.078639623378817,0.9193360790778243,3,0,5,1,0.07,0.07,45,109,prob_noisy,15,243
11,Random: 0.5,2.114893241678956,0.5002255299954894,5.0,0.5158730158730159,0.20805362686384135,0.29260204748485164,0.20693310754475322,0.29241121810655385,0.48812460842864225,0.5040766257400127,0.5111363105883832,0.4937980796205248,3,0,5,1,0.07,0.07,45,109,prob_noisy,15,243
12,Alternator,2.0609163920407663,0.517755928282244,3.0,0.9492063492063492,0.1869846194836501,0.331202782137802,0.22161382858862289,0.2601987697899249,0.06741656426271174,0.0704060048704869,0.936306263118441,0.9385362825899956,3,0,5,1,0.07,0.07,45,109,prob_noisy,15,243
13,GTFT: 0.33,2.058737244897959,0.6573806881243063,1.0,0.9365079365079365,0.34793486899252646,0.30814146555023203,0.14754415138241547,0.19637951407482598,0.9242723408031661,0.3423048385586429,0.9067776009182686,0.3944813923793922,3,0,5,1,0.07,0.07,45,109,prob_noisy,15,243
14,Anti Tit For Tat,1.919248949579832,0.6122329870433058,4.0,0.9238095238095239,0.24581362086975678,0.365201313445018,0.1603505437252788,0.22863452195994638,0.07392780518607214,0.9439363927278517,0.08211252317346608,0.9347577788129382,3,0,5,1,0.07,0.07,45,109,prob_noisy,15,243
0,Defector,2.919660029083404,0.0994592677954082,10.0,0.11672278338945005,0.04829021288544357,0.0506426766677736,0.44018857690685914,0.46087853353992364,0.11666109892917102,0.10054095902163022,0.10050631520527818,0.09495443118093685,3,0,5,1,0.1,0.08,81,166,prob_noisy,12,244
1,Grudger,2.6177981109799293,0.3244534914594212,6.0,0.9068462401795735,0.2366076429556947,0.09335960024704178,0.3246477430409004,0.3453850137563631,0.6670556345903733,0.09279425911163643,0.1668810195842864,0.10140157846086127,3,0,5,1,0.1,0.08,81,166,prob_noisy,12,244
2,Random: 0.5,2.431799027425962,0.5018836717816778,5.0,0.5252525252525253,0.2406173166796359,0.2617998642824784,0.24549050264621097,0.2520923163916746,0.48118077458191044,0.49972973366979295,0.5032310574716531,0.4990715562626374,3,0,5,1,0.1,0.08,81,166,prob_noisy,12,244
3,Bully,2.401695921015134,0.5011730734524454,5.0,0.09764309764309764,0.18611252688350338,0.3219523539379044,0.255472027362138,0.23646309181645428,0.10213905681301157,0.8910483545089938,0.0995968699240894,0.8980726591578019,3,0,5,1,0.1,0.08,81,166,prob_noisy,12,244
4,Cycler DC,2.3837051837051835,0.48333490699650644,5.0,0.10886644219977554,0.20965303310782804,0.27249077134233396,0.25684422646073934,0.2610119690890986,0.20522590987223985,0.19105850431843407,0.8164706527194961,0.7979234923706252,3,0,5,1,0.1,0.08,81,166,prob_noisy,12,244
5,Evolved FSM 16,2.349240813179432,0.5168570375829035,4.0,0.9158249158249159,0.31316615581019547,0.19734626685225728,0.24669961572255705,0.24278796161499017,0.6372763670905923,0.350939929042805,0.4334946576923046,0.336225657170005,3,0,5,1,0.1,0.08,81,166,prob_noisy,12,244
6,Meta Mixer: 11 players,2.3360691595985714,0.4974025974025974,5.0,0.6464646464646465,0.2634136007402667,0.23396705528137318,0.235778210447958,0.2668411335304021,0.5334655082677708,0.4402773253351327,0.5402927294415324,0.4210218192444613,3,0,5,1,0.1,0.08,81,166,prob_noisy,12,244
7,Soft Joss: 0.9,2.2759937032664306,0.6017589055698677,2.0,0.9079685746352413,0.37379571649650906,0.22865081407529866,0.18100080619760697,0.21655266323058545,0.8998421059036589,0.17519847271450972,0.8985297005565193,0.18576908936050202,3,0,5,1,0.1,0.08,81,166,prob_noisy,12,244
8,"DoubleCrosser: (D, D)",2.259423506519695,0.5732065687121867,2.0,0.9102132435465768,0.38226355785702726,0.19259160033053527,0.2034997080662282,0.22164513374620928,0.8068135869856419,0.6797757200541042,0.335366468294475,0.1968273141140281,3,0,5,1,0.1,0.08,81,166,prob_noisy,12,244
9,Win-Stay Lose-Shift,2.2358601319047566,0.5770535714285714,3.0,0.9034792368125701,0.3252438380518096,0.2532406499820576,0.1911258559595799,0.23038965600655306,0.9063350041388104,0.10159846836945548,0.10504466213241924,0.9026380261363136,3,0,5,1,0.1,0.08,81,166,prob_noisy,12,244
10,GTFT: 0.33,2.1779032561641256,0.6795660036166365,1.0,0.8945005611672279,0.41337669004311106,0.2693865240426472,0.14700992897974444,0.17022685693449724,0.904516648798083,0.35935993479153566,0.8810714464218369,0.3840064152802215,3,0,5,1,0.1,0.08,81,166,prob_noisy,12,244
11,Cooperator,1.9308263146630409,0.8994408449454158,1.0,0.8866442199775533,0.49263903284049493,0.4072890019768751,0.05495997722805384,0.045111987954576147,0.897121917033976,0.897773179302328,0.8951717697052861,0.9222543770196552,3,0,5,1,0.1,0.08,81,166,prob_noisy,12,244
0,Defector,2.8185845312967954,0.01301452784503632,13.0,0.025210084033613446,0.004884132299790181,0.009642580481496216,0.38485546175431545,0.6006178254643981,0.0,0.3333333333333333,0.02734222348353089,0.015990954871729184,3,0,5,1,0.01,0.08,17,154,prob_noisy,15,245
1,Grudger,2.62687575030012,0.5500963391136802,4.0,0.9915966386554622,0.500527121569415,0.04497415509161875,0.1733317223490048,0.28116700098996134,0.9605432490998185,0.05263157894736842,0.14548814226800175,0.0337880952192229,3,0,5,1,0.01,0.08,17,154,prob_noisy,15,245
2,Suspicious Tit For Tat,2.6066840722302906,0.5883266066438995,8.0,0.025210084033613446,0.36789564270921105,0.1937584669430228,0.23473483558061986,0.20361105476714636,0.9946574794400596,0.02542138600835003,0.9873744676376255,0.029857149260134334,3,0,5,1,0.01,0.08,17,154,prob_noisy,15,245
3,Tit For Tat,2.574784073328328,0.7575757575757576,1.0,1.0,0.5908097653151655,0.16039570782274484,0.1399666111858881,0.10882791567620159,0.9963258329693562,0.043210618387644346,0.9913513731603459,0.02894748314345501,3,0,5,1,0.01,0.08,17,154,prob_noisy,15,245
4,Evolved FSM 16,2.5449223190602503,0.724525650035137,3.0,0.9831932773109243,0.5927763474707196,0.13615414648352073,0.12913585876033157,0.1419336472854281,0.8458809998756166,0.47672046852668865,0.6909717266860124,0.3542110756196954,3,0,5,1,0.01,0.08,17,154,prob_noisy,15,245
5,Evolved HMM 5,2.531389187253849,0.7240271331667262,3.0,0.9873949579831933,0.6096281896079684,0.10169557385542198,0.11440674566604596,0.17426949087056381,0.9881385535750916,0.39685126715049246,0.26469441052774384,0.19916832922901248,3,0,5,1,0.01,0.08,17,154,prob_noisy,15,245
6,Alternator,2.527818755707411,0.5155968806238752,5.0,0.9789915966386554,0.20284750715935226,0.3136867671873742,0.30173003763296735,0.18173568802030618,0.017735887301104692,0.016012759751587606,0.9935474459185307,0.9909331802948824,3,0,5,1,0.01,0.08,17,154,prob_noisy,15,245
7,"DoubleCrosser: (D, D)",2.503316326530612,0.802391441157961,1.0,0.9957983193277311,0.6975847075837891,0.10823102298754396,0.07881070943569092,0.11537355999297606,0.9905609785171432,0.8176252400395859,0.8093971631205674,0.036157024793388434,3,0,5,1,0.01,0.08,17,154,prob_noisy,15,245
8,Cycler DC,2.495950851540914,0.4787303664921466,7.0,0.008403361344537815,0.1653011851346575,0.3115417120646509,0.31879768745194964,0.20435941534874197,0.1673284677552367,0.027623685431329897,0.9907642494735952,0.9417793932812174,3,0,5,1,0.01,0.08,17,154,prob_noisy,15,245
9,Win-Stay Lose-Shift,2.491368085695817,0.7182190978324546,1.0,1.0,0.5686179276881346,0.16081524593693333,0.12647391482770892,0.14409291154722317,0.9877543984244751,0.05003193527783691,0.0288883535792518,0.9966243095478661,3,0,5,1,0.01,0.08,17,154,prob_noisy,15,245
10,Tit For 2 Tats,2.4609201575366986,0.909889394925179,0.0,0.9831932773109243,0.7476769363508894,0.15193445019554183,0.024236415160714498,0.07615219829285437,0.9896209336917262,0.8144823586000056,1.0,0.3296135265700483,3,0,5,1,0.01,0.08,17,154,prob_noisy,15,245
11,GTFT: 0.33,2.452741702741703,0.8198169769643421,0.0,0.9747899159663865,0.6477490124054432,0.18449142082741063,0.09144056653180031,0.07631900023534578,0.9894822570186939,0.4338592800900054,0.981996336996337,0.4958801702499181,3,0,5,1,0.01,0.08,17,154,prob_noisy,15,245
12,Random: 0.5,2.4176595890881605,0.4992795389048991,6.0,0.4831932773109244,0.2459621785175578,0.24989736888642425,0.24870471151307524,0.25543574108294276,0.48219817115246016,0.4980372834099281,0.491231816415425,0.5023864711181397,3,0,5,1,0.01,0.08,17,154,prob_noisy,15,245
13,Meta Mixer: 14 players,2.3629492080099497,0.5599062918340026,5.0,0.7352941176470589,0.3557734423234539,0.2055518503551488,0.20690875089933472,0.2317659564220626,0.7382121780909418,0.3840665470938523,0.6589172483617036,0.3306111110235657,3,0,5,1,0.01,0.08,17,154,prob_noisy,15,245
14,Cooperator,2.3305860805860803,0.9897113460988854,0.0,0.9957983193277311,0.741784224698712,0.24830705190227514,0.007543492271680941,0.0023652311273320704,0.9913532501020764,0.99265732735814,1.0,1.0,3,0,5,1,0.01,0.08,17,154,prob_noisy,15,245
0,Grudger,2.793901239142592,0.3371720689848885,7.0,0.9758241758241758,0.3010697028352921,0.04278871803992894,0.30625739312112416,0.3498841860036548,0.798905839298834,0.024702623208695342,0.09264589812331508,0.02198006293911865,3,0,5,1,0.02,0.05,70,172,prob_noisy,14,246
1,Defector,2.717347483576501,0.01972872996300863,12.0,0.01868131868131868,0.007342541741646166,0.01237059959370057,0.38250547322363315,0.5977813854410201,0.03225806451612903,0.06593848973346145,0.016207535913831502,0.020462046103353133,3,0,5,1,0.02,0.05,70,172,prob_noisy,14,246
2,Evolved FSM 16,2.647575234211198,0.5377671945951933,5.0,0.9725274725274725,0.36202028679038284,0.17149805229238035,0.27922363567848546,0.18725802523875135,0.729311388472725,0.32478774773128805,0.3798447790866123,0.4151170233470239,3,0,5,1,0.02,0.05,70,172,prob_noisy,14,246
3,Evolved HMM 5,2.6322288853372147,0.4820461827422384,5.0,0.9802197802197802,0.36242473631533734,0.11761680242295097,0.28438499348149676,0.2355734677802149,0.8705123010199171,0.39745019452035135,0.1541945477811291,0.16747656829349977,3,0,5,1,0.02,0.05,70,172,prob_noisy,14,246
4,Meta Winner: 12 players,2.5149521171931273,0.15666153583034034,9.0,0.9868131868131869,0.08771856389382976,0.07044616825380548,0.3594465918813698,0.48238867597099494,0.5394560519535376,0.2699398364040126,0.07555811233361137,0.06382811470724924,3,0,5,1,0.02,0.05,70,172,prob_noisy,14,246
5,"DoubleCrosser: (D, D)",2.374237072172183,0.5517185385656292,2.5,0.9758241758241758,0.40407001061486514,0.13453361495117996,0.21833180650427275,0.24306456792968215,0.8974410115975329,0.7468664317681865,0.32769770188961694,0.11391941830903468,3,0,5,1,0.02,0.05,70,172,prob_noisy,14,246
6,Tit For Tat,2.325776979069192,0.5894105894105894,1.0,0.9802197802197802,0.4278117471268526,0.1682221301264392,0.15141093191188768,0.25255519083482053,0.9841857624634787,0.023530558040873974,0.9787420762365125,0.01928078214590281,3,0,5,1,0.02,0.05,70,172,prob_noisy,14,246
7,Win-Stay Lose-Shift,2.2077253394905707,0.6053513573902357,2.0,0.9791208791208791,0.35404400394153757,0.2514608927584229,0.16111917173238272,0.2333759315676568,0.9819361879688208,0.021077456284397594,0.018942048060271322,0.9804622586423384,3,0,5,1,0.02,0.05,70,172,prob_noisy,14,246
8,Meta Mixer: 12 players,2.205578137314116,0.43448002715853795,6.0,0.6703296703296703,0.19862701102564792,0.23553941489809543,0.21988546669628894,0.34594810737996773,0.5143154521232984,0.40497340483621735,0.4494812288739646,0.4008735440191815,3,0,5,1,0.02,0.05,70,172,prob_noisy,14,246
9,Cycler DC,2.131439080972683,0.48641243569671216,4.0,0.01978021978021978,0.190607399847933,0.29535957123611334,0.17889353352792495,0.33513949538802873,0.07558982929354709,0.07197243866695621,0.9433020121489302,0.9314917043264237,3,0,5,1,0.02,0.05,70,172,prob_noisy,14,246
10,Tit For 2 Tats,2.07564011578037,0.7541393488165352,0.0,0.9835164835164835,0.5265459149294437,0.2284144254581411,0.058738676954075135,0.1863009826583402,0.9805496213400237,0.7067008624136792,0.980625576350984,0.26569632790099035,3,0,5,1,0.02,0.05,70,172,prob_noisy,14,246
11,Win-Shift Lose-Stay: D,2.053279239373216,0.5805163232229683,5.0,0.01978021978021978,0.16326429509021992,0.4130763613402234,0.1960550103974297,0.227604333172127,0.02542198005168469,0.9837933700797279,0.9795191398515676,0.020764964006959544,3,0,5,1,0.02,0.05,70,172,prob_noisy,14,246
12,Bully,1.9828849037053944,0.6262499316977215,5.0,0.017582417582417582,0.15184595904311446,0.4721223750619027,0.1869674401458232,0.1890642257491596,0.030312542599243552,0.9793256989200032,0.023799309552511284,0.9791611462142904,3,0,5,1,0.02,0.05,70,172,prob_noisy,14,246
13,Anti Tit For Tat,1.7250456895856114,0.6980687177183921,4.0,0.9769230769230769,0.18164753531140665,0.5079775124935637,0.13820651367065362,0.172168438524376,0.022708245994914705,0.9791495653659386,0.027274825560197377,0.9784534669982795,3,0,5,1,0.02,0.05,70,172,prob_noisy,14,246
0,Grudger,3.0867976363259384,0.5070243558065655,5.0,0.9931972789115646,0.5193915444365151,0.020413169215172722,0.2616095597785448,0.19858572656976745,0.9655543158474952,0.07142857142857142,0.10304426758893848,0.0089837812457093,3,0,5,1,0.01,0.04,49,108,prob_noisy,13,247
1,Evolved HMM 5,3.0230082417582413,0.5900297127764939,5.0,0.9897959183673469,0.547234132058659,0.054224908019206354,0.25623335760764,0.14230760231449466,0.9569035647620935,0.3386620002850018,0.1432951711014657,0.17774720137745506,3,0,5,1,0.01,0.04,49,108,prob_noisy,13,247
2,Evolved FSM 16,2.9533171064124577,0.6487526630472132,4.0,0.9948979591836735,0.5352100503901359,0.10791706835870019,0.2518599391765906,0.10501294207457339,0.8568054322241413,0.4033408058814554,0.5229973303023402,0.38968361926678985,3,0,5,1,0.01,0.04,49,108,prob_noisy,13,247
3,Tit For Tat,2.708608475117138,0.77501196744854,1.0,0.9897959183673469,0.6356813169767765,0.13248497242612967,0.12778884566883994,0.10404486492825384,0.9898819657796643,0.009349193802377477,0.9942182157422632,0.012165669514300158,3,0,5,1,0.01,0.04,49,108,prob_noisy,13,247
4,Win-Stay Lose-Shift,2.691123170810671,0.6840186347984606,3.0,0.9914965986394558,0.5439108956252271,0.14607633095124886,0.1711596508420772,0.13885312258144686,0.9891892887172444,0.011559318138211759,0.008340427273826315,0.985894318688369,3,0,5,1,0.01,0.04,49,108,prob_noisy,13,247
5,Soft Joss: 0.9,2.6888866048211404,0.802088309561182,1.0,0.9931972789115646,0.6503565791324972,0.14191756231543454,0.11438792416660577,0.09333793438546227,0.9896073049543714,0.11609733601778725,0.9835702109627457,0.10183355388629313,3,0,5,1,0.01,0.04,49,108,prob_noisy,13,247
6,GTFT: 0.33,2.6031446540880503,0.8316710767351924,0.0,0.9880952380952381,0.675993885519301,0.1636910792233244,0.08162011775580479,0.07869491750156984,0.9918993145475666,0.33617940742722685,0.9787651595175024,0.3608761413744109,3,0,5,1,0.01,0.04,49,108,prob_noisy,13,247
7,Meta Winner: 12 players,2.5500674896998428,0.30524246395806026,7.0,0.9829931972789115,0.1751241375657144,0.13429446705616443,0.35664675672909624,0.33393463864902495,0.6270705127860651,0.8378559497854149,0.04881982209558484,0.26597960294545914,3,0,5,1,0.01,0.04,49,108,prob_noisy,13,247
8,Tit For 2 Tats,2.518060064935065,0.9150458460683524,0.0,0.9829931972789115,0.7371713463333779,0.1655014877862609,0.038566242030258734,0.05876092385010259,0.9908523693394224,0.821243623331413,0.9889726887368396,0.5064581009294338,3,0,5,1,0.01,0.04,49,108,prob_noisy,13,247
9,Alternator,2.441472332712139,0.5093181006783292,5.0,0.9948979591836735,0.22640987438431415,0.2829936785759802,0.2698168063515892,0.2207796406881164,0.01175941160574962,0.015065748386211253,0.9910591064620208,0.9799429679482329,3,0,5,1,0.01,0.04,49,108,prob_noisy,13,247
10,Win-Shift Lose-Stay: D,2.319976307258241,0.6557787198554451,5.0,0.017006802721088437,0.22111191484988726,0.4226962572750665,0.24970289176171223,0.10648893611333392,0.014188711098408536,0.9922211452380951,0.9926102398282257,0.022471136045724854,3,0,5,1,0.01,0.04,49,108,prob_noisy,13,247
11,Cooperator,2.2772098525909503,0.9881617888852351,0.0,0.9829931972789115,0.696002587824698,0.2922834529485195,0.008348414893524555,0.00336554433325787,0.9857708065142652,0.9865194964712768,0.9828869047619048,0.9592592592592593,3,0,5,1,0.01,0.04,49,108,prob_noisy,13,247
12,Anti Tit For Tat,2.2760133688043993,0.5821535821535821,6.0,0.9880952380952381,0.20536105917577507,0.36566973584864565,0.24242366323757006,0.18654554173800908,0.01576010005783472,0.9819272387428051,0.024665312922785516,0.985807547835632,3,0,5,1,0.01,0.04,49,108,prob_noisy,13,247
0,Defector,2.7663566012468155,0.08819300667126755,16.0,0.0836197021764032,0.03790824680585385,0.05030361753953555,0.3932379459734416,0.518550189681169,0.10018537003402876,0.09299345921056495,0.08866652337361546,0.08579062794746044,3,0,5,1,0.09,0.05,97,98,prob_noisy,19,248
1,Grudger,2.555073597700707,0.2357150844235715,12.0,0.9089347079037801,0.15704232724853864,0.07970379854144566,0.33634673745730315,0.4269071367527125,0.6117573798952093,0.08986148093435695,0.12902880019641327,0.08948477818591079,3,0,5,1,0.09,0.05,97,98,prob_noisy,19,248
2,Meta Winner: 17 players,2.4962101580454323,0.2101060796167446,12.0,0.9198167239404352,0.11390881447554396,0.09680730840275115,0.3425543109822767,0.44672956613942827,0.4213737828549201,0.33559544526008095,0.1315864067892897,0.13856534932235193,3,0,5,1,0.09,0.05,97,98,prob_noisy,19,248
3,Evolved HMM 5,2.4474225560072287,0.42097286584477284,9.0,0.8997709049255441,0.2645482018691802,0.1554249392892966,0.2802548082925924,0.2997720505489308,0.7687406924016097,0.36308625923335497,0.20809081662270923,0.22365460338702522,3,0,5,1,0.09,0.05,97,98,prob_noisy,19,248
4,Suspicious Tit For Tat,2.434104389388942,0.48481218447848035,9.0,0.08934707903780069,0.2749038923900084,0.20942343755076293,0.23269441847510108,0.2829782515841276,0.9099321425449851,0.08616781524942663,0.9073387994889257,0.08568289314464098,3,0,5,1,0.09,0.05,97,98,prob_noisy,19,248
5,Cycler DC,2.3545663088170934,0.4888988186667411,8.0,0.08190148911798396,0.2086766338240419,0.28014797692577376,0.25928465517134414,0.2518907340788401,0.1957788962742701,0.17291981617956548,0.8474609273723563,0.8061111227126925,3,0,5,1,0.09,0.05,97,98,prob_noisy,19,248
6,Bully,2.3404339972197112,0.5243192057160894,9.0,0.08132875143184422,0.20323582336720158,0.3133605730596875,0.24689631911715246,0.23650728445595848,0.08146886639057505,0.9132236306950912,0.09353801477474986,0.910937491105719,3,0,5,1,0.09,0.05,97,98,prob_noisy,19,248
7,"DoubleCrosser: (D, D)",2.330396009227753,0.4902477745648353,6.0,0.9077892325315006,0.3388199167201259,0.15860317731752688,0.22681113037803163,0.27576577558431553,0.805847023367189,0.6527939533799522,0.30223669955005256,0.1412291450605575,3,0,5,1,0.09,0.05,97,98,prob_noisy,19,248
8,Tit For Tat,2.3261067585438138,0.5483327524108284,5.0,0.9089347079037801,0.33247761394721603,0.21821352130490476,0.20849685184353772,0.24081201290434148,0.9063785104972596,0.08657847381516665,0.9017810432913053,0.09958381286408736,3,0,5,1,0.09,0.05,97,98,prob_noisy,19,248
9,Win-Stay Lose-Shift,2.3217630529997004,0.5353664710962861,6.0,0.9072164948453608,0.2814167780383941,0.25218498963163893,0.2299720479344866,0.23642618439548033,0.907979243660515,0.09389482194063044,0.09098244014986744,0.9061270040262746,3,0,5,1,0.09,0.05,97,98,prob_noisy,19,248
10,Win-Shift Lose-Stay: D,2.3155646636250085,0.5102331375689625,8.0,0.08533791523482245,0.2162942283729009,0.29541905438196203,0.2447161572041474,0.24357056004098954,0.09307943023798158,0.9135512105163967,0.9116095501618366,0.08630350245844429,3,0,5,1,0.09,0.05,97,98,prob_noisy,19,248
11,Meta Mixer: 17 players,2.3129816125644282,0.4952858234944364,8.0,0.6449026345933563,0.2536829262608293,0.2408917007626742,0.23477548824929992,0.2706498847271966,0.5718259535929537,0.4258984922514145,0.5536463447329926,0.41785328961473306,3,0,5,1,0.09,0.05,97,98,prob_noisy,19,248
12,Random: 0.5,2.296501921543512,0.5045663463260311,8.0,0.5217640320733105,0.2421697555028518,0.2629175931926927,0.23413988233923844,0.26077276896521706,0.50497970089739,0.5019923047097399,0.5146029662380234,0.5029040413357403,3,0,5,1,0.09,0.05,97,98,prob_noisy,19,248
13,Alternator,2.2770895017585326,0.5124603668474235,6.0,0.9077892325315006,0.22410937966637665,0.28829709150579574,0.25058411793958235,0.23700941088824512,0.09108988814364613,0.08829881471094743,0.9076207128630267,0.9124052881564371,3,0,5,1,0.09,0.05,97,98,prob_noisy,19,248
14,Soft Joss: 0.9,2.266880833549391,0.5799006297301982,3.0,0.9026345933562429,0.3462735801411476,0.23781525817633778,0.19199242158046445,0.22391874010205015,0.9087350679604176,0.1664130049689495,0.9181843831938941,0.168889902361832,3,0,5,1,0.09,0.05,97,98,prob_noisy,19,248
15,GTFT: 0.33,2.204098390873753,0.6760987885527009,2.0,0.911225658648339,0.39230222500177203,0.2835582119459721,0.15499637943986141,0.16914318361239447,0.9061963817612193,0.36493852006624894,0.9102028346900942,0.3642209407322399,3,0,5,1,0.09,0.05,97,98,prob_noisy,19,248
16,Anti Tit For Tat,2.131276609449078,0.5602441837567165,7.0,0.8906071019473081,0.22847269753412913,0.33357424704273386,0.22036820433778528,0.21758485108535186,0.09222942108664577,0.9101079032268407,0.08716705898887733,0.9150028079452812,3,0,5,1,0.09,0.05,97,98,prob_noisy,19,248
17,Tit For 2 Tats,2.1117194840899325,0.7323864972947541,1.0,0.913516609392898,0.4683585119740652,0.26703862040068005,0.10264074556875352,0.16196212205650112,0.9087795457285086,0.6753523614624544,0.9016833700218139,0.3436958744903294,3,0,5,1,0.09,0.05,97,98,prob_noisy,19,248
18,Cooperator,1.8412753587154584,0.9097948569777521,1.0,0.9083619702176403,0.4926615072975178,0.417155103922606,0.05007759861037802,0.04010579016949824,0.9104824310634538,0.9060969483728711,0.9008441886635572,0.9109634692476308,3,0,5,1,0.09,0.05,97,98,prob_noisy,19,248
0,Defector,2.5726367822318528,0.02885027885027885,8.0,0.018656716417910446,0.011026157615743309,0.017842070599613083,0.38544478452545156,0.5856869872591921,0.02514005602240896,0.03134750080373425,0.027785606732552884,0.02937660901540741,3,0,5,1,0.03,0.01,67,71,prob_noisy,9,249
1,Meta Winner: 7 players,2.430851321698306,0.08868299139642621,7.0,0.9645522388059702,0.04278792440116131,0.0460560998645526,0.35202921419876976,0.5591267615355163,0.4046850086515833,0.27570218045050016,0.09806024605789022,0.04804494929652049,3,0,5,1,0.03,0.01,67,71,prob_noisy,9,249
2,Evolved HMM 5,2.3831619960631065,0.39123053074481434,4.0,0.9664179104477612,0.24676381914567996,0.14225275219469555,0.2617444507549848,0.3492389779046397,0.8170213953706394,0.38353596075648566,0.1223021385118392,0.17324976903012657,3,0,5,1,0.03,0.01,67,71,prob_noisy,9,249
3,Suspicious Tit For Tat,2.1156899731723677,0.42478689006466785,4.0,0.03544776119402985,0.2721636549452582,0.16399969975750406,0.173548858044003,0.39028778725323476,0.947747385270409,0.030054892513279814,0.9681150458379151,0.025013293232837033,3,0,5,1,0.03,0.01,67,71,prob_noisy,9,249
4,Meta Mixer: 7 players,1.930597255439409,0.41360924683072336,4.0,0.4869402985074627,0.16163062355981928,0.2518801563073915,0.21531975074202644,0.3711694693907628,0.5075817236310701,0.3630957753120794,0.4787647046493021,0.3767503604458252,3,0,5,1,0.03,0.01,67,71,prob_noisy,9,249
5,GTFT: 0.33,1.8748532863849765,0.6406085854011955,0.0,0.9738805970149254,0.36620792272575786,0.2754090495757274,0.10080539994041166,0.25757762775810306,0.9598563901660755,0.33928666470091196,0.965329607159815,0.3413239567661495,3,0,5,1,0.03,0.01,67,71,prob_noisy,9,249
6,Win-Stay Lose-Shift,1.8053011237062522,0.5537654552266766,2.0,0.9645522388059702,0.2506474565618787,0.3026683901713254,0.1486570538459045,0.2980270994208914,0.9684400627341285,0.03149140955517451,0.028997682139428896,0.9674331299435304,3,0,5,1,0.03,0.01,67,71,prob_noisy,9,249
7,Random: 0.5,1.7924563144633567,0.5012762543757293,2.0,0.4944029850746269,0.181114865104811,0.3201382932030963,0.18472891113933554,0.3140179305527572,0.5035872204184306,0.4961157223437237,0.5035935709712401,0.49425371103310406,3,0,5,1,0.03,0.01,67,71,prob_noisy,9,249
8,Bully,1.6581554384788262,0.6364968990791204,2.0,0.029850746268656716,0.16503784648746558,0.47498607962602146,0.17295416810904007,0.1870219057774729,0.03165801693487745,0.9735411705732518,0.02860527433290066,0.9602263023617073,3,0,5,1,0.03,0.01,67,71,prob_noisy,9,249
0,Evolved FSM 16,2.9116541353383463,0.35890573892358013,1.0,0.9647887323943662,0.18291284809956168,0.1844247455902547,0.49291808438425117,0.13974432192593245,0.37051936994465734,0.4105636743215031,0.43053763356256,0.30157989674690555,3,0,5,1,0.04,0.04,71,99,prob_noisy,3,250
1,Suspicious Tit For Tat,2.48974358974359,0.520354472445306,1.0,0.035211267605633804,0.26207893028400053,0.25996822853113905,0.2852218603098075,0.19273098087505292,0.957380355122719,0.04056805353975165,0.9530291906435723,0.04039018515155281,3,0,5,1,0.04,0.04,71,99,prob_noisy,3,250
2,Anti Tit For Tat,1.6469298245614037,0.6589333333333334,0.0,0.971830985915493,0.18196448309820246,0.48657666925981546,0.15282969868715054,0.1786291489548315,0.036509135870311855,0.9604852439246196,0.038504273504273503,0.9721442174235821,3,0,5,1,0.04,0.04,71,99,prob_noisy,3,250
