run,R,S,T,P,noise,prob_end,repetitions,turns,n_strategies,selected_strategies
1,3.35,-0.83,5.47,1.78,0.04,0.0,37,60,19,"Meta Winner: 17 players|Alternator|Evolved FSM 16|Suspicious Tit For Tat|DoubleCrosser: (D, D)|Cooperator|Tit For Tat|Win-Stay Lose-Shift|Cycler DC|Meta Mixer: 17 players|Bully|Evolved HMM 5|Defector|Tit For 2 Tats|Anti Tit For Tat|Random: 0.5|Win-Shift Lose-Stay: D|GTFT: 0.33|Soft Joss: 0.9"
2,2.72,-0.47,4.76,0.69,0.0,0.05,25,97,5,Evolved FSM 16|Win-Stay Lose-Shift|Grudger|Suspicious Tit For Tat|Bully
3,2.46,-0.84,4.09,0.58,0.02,0.01,45,117,14,"Defector|Grudger|Meta Mixer: 13 players|Suspicious Tit For Tat|Win-Shift Lose-Stay: D|Evolved FSM 16|GTFT: 0.33|DoubleCrosser: (D, D)|Anti Tit For Tat|Win-Stay Lose-Shift|Bully|Random: 0.5|Cooperator|Soft Joss: 0.9"
4,2.65,-0.89,4.44,1.54,0.08,0.08,61,69,5,Suspicious Tit For Tat|Meta Mixer: 3 players|GTFT: 0.33|Meta Winner: 3 players|Random: 0.5
5,3.83,-0.47,4.79,0.92,0.02,0.06,43,192,16,Meta Mixer: 14 players|Tit For 2 Tats|Grudger|Tit For Tat|Cycler DC|Win-Shift Lose-Stay: D|Evolved HMM 5|Anti Tit For Tat|Alternator|Meta Winner: 14 players|Bully|Win-Stay Lose-Shift|Suspicious Tit For Tat|Random: 0.5|Evolved FSM 16|Cooperator
6,3.99,0.94,4.76,1.06,0.09,0.0,24,175,20,"Win-Shift Lose-Stay: D|GTFT: 0.33|Cooperator|Win-Stay Lose-Shift|DoubleCrosser: (D, D)|Bully|Tit For Tat|Alternator|Grudger|Cycler DC|Meta Winner: 18 players|Soft Joss: 0.9|Anti Tit For Tat|Suspicious Tit For Tat|Defector|Evolved HMM 5|Random: 0.5|Tit For 2 Tats|Evolved FSM 16|Meta Mixer: 18 players"
7,3.56,-1.0,5.08,1.06,0.03,0.0,56,79,10,"Anti Tit For Tat|Tit For Tat|Bully|Evolved FSM 16|Random: 0.5|DoubleCrosser: (D, D)|Meta Winner: 9 players|Tit For 2 Tats|Win-Shift Lose-Stay: D|Evolved HMM 5"
8,2.95,-0.47,4.26,1.1,0.09,0.04,37,139,9,"Win-Stay Lose-Shift|Tit For 2 Tats|Grudger|Soft Joss: 0.9|Evolved HMM 5|Anti Tit For Tat|Cooperator|DoubleCrosser: (D, D)|Random: 0.5"
9,3.18,-0.56,4.68,0.46,0.01,0.06,39,18,4,GTFT: 0.33|Bully|Evolved HMM 5|Tit For Tat
10,2.97,0.45,4.56,1.08,0.09,0.06,41,122,16,"Suspicious Tit For Tat|Cooperator|Meta Mixer: 14 players|DoubleCrosser: (D, D)|Grudger|Meta Winner: 14 players|Soft Joss: 0.9|Tit For Tat|Random: 0.5|Alternator|Anti Tit For Tat|GTFT: 0.33|Evolved HMM 5|Defector|Bully|Win-Shift Lose-Stay: D"
11,2.38,-0.16,4.5,0.9,0.03,0.02,19,114,20,"Cooperator|Anti Tit For Tat|Evolved FSM 16|Alternator|Bully|Soft Joss: 0.9|Tit For 2 Tats|Meta Winner: 18 players|Random: 0.5|Suspicious Tit For Tat|Tit For Tat|Win-Stay Lose-Shift|DoubleCrosser: (D, D)|GTFT: 0.33|Win-Shift Lose-Stay: D|Evolved HMM 5|Meta Mixer: 18 players|Defector|Cycler DC|Grudger"
12,3.57,-0.15,4.53,0.91,0.1,0.1,81,170,18,"Cycler DC|Suspicious Tit For Tat|Win-Stay Lose-Shift|Meta Mixer: 16 players|Anti Tit For Tat|Evolved FSM 16|Grudger|Win-Shift Lose-Stay: D|Alternator|Defector|DoubleCrosser: (D, D)|Soft Joss: 0.9|Tit For Tat|Meta Winner: 16 players|Evolved HMM 5|Random: 0.5|Tit For 2 Tats|Bully"
13,2.37,0.35,4.16,1.19,0.02,0.01,82,64,4,"Meta Winner: 3 players|Bully|DoubleCrosser: (D, D)|Evolved HMM 5"
14,2.52,-0.37,4.63,1.34,0.03,0.01,92,77,17,"GTFT: 0.33|Bully|Alternator|Soft Joss: 0.9|Cooperator|Anti Tit For Tat|Win-Shift Lose-Stay: D|Random: 0.5|DoubleCrosser: (D, D)|Cycler DC|Meta Mixer: 16 players|Defector|Evolved HMM 5|Tit For Tat|Win-Stay Lose-Shift|Grudger|Suspicious Tit For Tat"
15,3.06,0.11,5.61,1.34,0.09,0.01,27,68,6,Cooperator|Evolved FSM 16|Cycler DC|Win-Shift Lose-Stay: D|Win-Stay Lose-Shift|Random: 0.5
16,2.69,0.71,4.42,1.37,0.05,0.03,16,24,16,Win-Shift Lose-Stay: D|Anti Tit For Tat|Alternator|GTFT: 0.33|Cycler DC|Evolved HMM 5|Random: 0.5|Bully|Grudger|Tit For Tat|Meta Winner: 14 players|Suspicious Tit For Tat|Evolved FSM 16|Soft Joss: 0.9|Win-Stay Lose-Shift|Meta Mixer: 14 players
17,3.67,-0.7,5.09,1.17,0.01,0.03,15,92,9,"Tit For Tat|Cooperator|Grudger|DoubleCrosser: (D, D)|Cycler DC|Soft Joss: 0.9|Meta Mixer: 8 players|Bully|Tit For 2 Tats"
18,3.6,0.62,5.86,1.73,0.03,0.08,23,98,4,Random: 0.5|Tit For Tat|Suspicious Tit For Tat|Soft Joss: 0.9
19,3.64,-0.55,4.7,1.74,0.07,0.04,45,18,11,"Grudger|Evolved HMM 5|Tit For 2 Tats|GTFT: 0.33|Alternator|Anti Tit For Tat|Cycler DC|Bully|Win-Stay Lose-Shift|DoubleCrosser: (D, D)|Random: 0.5"
20,2.87,-0.37,4.22,1.46,0.06,0.05,59,148,9,"Win-Shift Lose-Stay: D|Anti Tit For Tat|DoubleCrosser: (D, D)|Alternator|Suspicious Tit For Tat|Defector|Random: 0.5|Meta Mixer: 8 players|GTFT: 0.33"
21,3.25,-0.75,5.84,1.33,0.09,0.05,95,105,13,"Tit For 2 Tats|Win-Stay Lose-Shift|Evolved FSM 16|Cycler DC|Suspicious Tit For Tat|Random: 0.5|GTFT: 0.33|Soft Joss: 0.9|DoubleCrosser: (D, D)|Bully|Meta Mixer: 11 players|Evolved HMM 5|Meta Winner: 11 players"
22,3.31,-0.12,5.16,0.93,0.02,0.05,31,169,5,Win-Stay Lose-Shift|Evolved HMM 5|GTFT: 0.33|Bully|Tit For Tat
23,2.45,-0.95,5.35,0.4,0.02,0.05,19,117,16,Meta Mixer: 14 players|Suspicious Tit For Tat|Tit For 2 Tats|Random: 0.5|Evolved FSM 16|Cooperator|Bully|GTFT: 0.33|Grudger|Alternator|Anti Tit For Tat|Meta Winner: 14 players|Soft Joss: 0.9|Win-Stay Lose-Shift|Defector|Cycler DC
24,3.11,-0.76,4.93,1.83,0.01,0.05,77,144,13,"Soft Joss: 0.9|Evolved HMM 5|DoubleCrosser: (D, D)|Meta Winner: 11 players|Defector|Grudger|Evolved FSM 16|Tit For Tat|Tit For 2 Tats|Cycler DC|Cooperator|GTFT: 0.33|Meta Mixer: 11 players"
25,2.55,-0.43,5.25,0.15,0.03,0.03,79,21,7,Cycler DC|Tit For Tat|Tit For 2 Tats|Meta Winner: 6 players|Suspicious Tit For Tat|Anti Tit For Tat|Random: 0.5
26,3.09,-0.59,4.82,0.83,0.04,0.09,84,179,3,Meta Mixer: 2 players|Tit For 2 Tats|Random: 0.5
27,2.7,0.71,4.01,1.51,0.1,0.04,79,155,10,"Random: 0.5|Tit For Tat|Win-Shift Lose-Stay: D|DoubleCrosser: (D, D)|Meta Winner: 9 players|Alternator|Suspicious Tit For Tat|Defector|GTFT: 0.33|Grudger"
28,3.45,0.84,5.6,1.68,0.1,0.05,60,152,3,"Bully|DoubleCrosser: (D, D)|Cycler DC"
29,2.68,-0.44,4.91,1.76,0.1,0.04,20,121,3,Evolved FSM 16|Anti Tit For Tat|Grudger
30,2.14,-0.92,4.45,1.91,0.0,0.02,12,160,7,Tit For Tat|Cycler DC|Random: 0.5|Cooperator|Suspicious Tit For Tat|Meta Winner: 6 players|Grudger
31,2.74,0.93,4.51,1.21,0.07,0.08,30,80,6,Meta Mixer: 5 players|Alternator|Win-Stay Lose-Shift|Tit For 2 Tats|Evolved HMM 5|Grudger
32,3.18,-0.51,4.4,1.66,0.07,0.03,97,154,6,"Meta Mixer: 4 players|Anti Tit For Tat|Grudger|DoubleCrosser: (D, D)|Evolved FSM 16|Meta Winner: 4 players"
33,3.92,0.66,4.21,1.27,0.07,0.04,76,167,11,"Meta Winner: 9 players|Evolved FSM 16|Random: 0.5|Soft Joss: 0.9|DoubleCrosser: (D, D)|Meta Mixer: 9 players|Grudger|Win-Stay Lose-Shift|Cycler DC|Defector|Cooperator"
34,3.22,-0.94,4.93,0.76,0.09,0.02,37,91,11,GTFT: 0.33|Win-Shift Lose-Stay: D|Meta Mixer: 10 players|Alternator|Suspicious Tit For Tat|Anti Tit For Tat|Cooperator|Grudger|Random: 0.5|Tit For Tat|Evolved FSM 16
35,3.38,-0.02,5.52,1.29,0.08,0.01,38,104,10,"Win-Stay Lose-Shift|Meta Mixer: 9 players|Grudger|Random: 0.5|Evolved FSM 16|Suspicious Tit For Tat|Evolved HMM 5|Win-Shift Lose-Stay: D|Defector|DoubleCrosser: (D, D)"
36,2.54,-0.76,5.41,0.5,0.02,0.01,78,196,8,"Suspicious Tit For Tat|Meta Winner: 7 players|Random: 0.5|Win-Shift Lose-Stay: D|Win-Stay Lose-Shift|Anti Tit For Tat|DoubleCrosser: (D, D)|Cooperator"
37,2.72,0.42,4.59,0.6,0.01,0.0,16,142,12,"Cycler DC|Random: 0.5|Cooperator|Alternator|Win-Stay Lose-Shift|Tit For Tat|Soft Joss: 0.9|DoubleCrosser: (D, D)|Defector|Bully|Evolved HMM 5|Meta Winner: 11 players"
38,2.96,-0.2,5.88,1.64,0.01,0.06,16,39,7,Meta Mixer: 6 players|Win-Stay Lose-Shift|Bully|Tit For Tat|Cooperator|Win-Shift Lose-Stay: D|Tit For 2 Tats
39,3.19,0.55,4.83,1.24,0.04,0.09,48,151,16,"Win-Stay Lose-Shift|Meta Mixer: 14 players|Anti Tit For Tat|Cooperator|Suspicious Tit For Tat|GTFT: 0.33|Evolved HMM 5|Cycler DC|Soft Joss: 0.9|Evolved FSM 16|Bully|DoubleCrosser: (D, D)|Meta Winner: 14 players|Tit For 2 Tats|Alternator|Grudger"
40,2.9,-0.42,4.01,1.19,0.02,0.07,99,117,5,"Tit For Tat|Win-Shift Lose-Stay: D|Suspicious Tit For Tat|DoubleCrosser: (D, D)|Cooperator"
41,3.3,0.65,5.09,1.82,0.01,0.02,49,153,12,"Soft Joss: 0.9|Cooperator|Meta Winner: 11 players|Win-Stay Lose-Shift|Tit For 2 Tats|Cycler DC|Win-Shift Lose-Stay: D|DoubleCrosser: (D, D)|Tit For Tat|Grudger|Anti Tit For Tat|Alternator"
42,3.47,-0.95,5.78,1.21,0.02,0.07,83,151,3,Win-Shift Lose-Stay: D|Meta Mixer: 2 players|Anti Tit For Tat
43,3.99,0.63,4.56,0.87,0.1,0.05,62,86,13,"Cooperator|Defector|GTFT: 0.33|DoubleCrosser: (D, D)|Random: 0.5|Cycler DC|Evolved FSM 16|Suspicious Tit For Tat|Win-Shift Lose-Stay: D|Alternator|Tit For Tat|Anti Tit For Tat|Meta Mixer: 12 players"
44,3.04,-0.0,4.11,1.25,0.04,0.01,44,141,7,Win-Stay Lose-Shift|Soft Joss: 0.9|Random: 0.5|Cooperator|Alternator|GTFT: 0.33|Meta Winner: 6 players
45,3.42,-0.97,5.6,0.62,0.04,0.02,24,119,6,Cycler DC|Random: 0.5|Win-Stay Lose-Shift|Evolved HMM 5|Win-Shift Lose-Stay: D|Suspicious Tit For Tat
46,3.96,0.1,5.67,0.49,0.04,0.09,75,192,7,"Bully|Win-Shift Lose-Stay: D|DoubleCrosser: (D, D)|GTFT: 0.33|Meta Mixer: 6 players|Evolved FSM 16|Alternator"
47,3.09,-0.36,5.1,0.91,0.02,0.07,83,99,10,"DoubleCrosser: (D, D)|Anti Tit For Tat|GTFT: 0.33|Random: 0.5|Tit For 2 Tats|Suspicious Tit For Tat|Evolved FSM 16|Evolved HMM 5|Meta Winner: 9 players|Bully"
48,3.75,0.05,5.74,0.88,0.05,0.07,62,168,7,Bully|Random: 0.5|Win-Shift Lose-Stay: D|GTFT: 0.33|Tit For 2 Tats|Evolved HMM 5|Anti Tit For Tat
49,3.7,-0.24,5.7,1.72,0.03,0.07,72,139,4,Meta Winner: 3 players|Bully|Tit For Tat|Win-Stay Lose-Shift
50,3.49,-0.8,5.99,0.87,0.06,0.09,66,43,12,Alternator|Anti Tit For Tat|GTFT: 0.33|Meta Mixer: 11 players|Win-Stay Lose-Shift|Defector|Soft Joss: 0.9|Suspicious Tit For Tat|Bully|Cooperator|Win-Shift Lose-Stay: D|Tit For 2 Tats
51,3.59,-0.84,5.13,0.34,0.09,0.06,40,128,7,Tit For Tat|Soft Joss: 0.9|Win-Shift Lose-Stay: D|Meta Mixer: 6 players|Evolved FSM 16|GTFT: 0.33|Alternator
52,3.89,-0.4,4.15,1.98,0.1,0.07,68,78,9,Tit For 2 Tats|Random: 0.5|Cooperator|Tit For Tat|Meta Winner: 8 players|Win-Stay Lose-Shift|Defector|Soft Joss: 0.9|Cycler DC
53,3.13,0.49,4.55,1.37,0.0,0.06,73,74,10,"Meta Winner: 8 players|Grudger|Tit For Tat|Suspicious Tit For Tat|Win-Shift Lose-Stay: D|GTFT: 0.33|Tit For 2 Tats|Meta Mixer: 8 players|Soft Joss: 0.9|DoubleCrosser: (D, D)"
54,3.26,0.29,5.68,1.81,0.03,0.04,84,94,7,"Bully|Win-Stay Lose-Shift|GTFT: 0.33|DoubleCrosser: (D, D)|Defector|Cooperator|Meta Winner: 6 players"
55,3.75,0.0,5.57,0.73,0.03,0.02,71,76,13,"Cooperator|Soft Joss: 0.9|Bully|Cycler DC|Tit For Tat|DoubleCrosser: (D, D)|GTFT: 0.33|Grudger|Meta Mixer: 12 players|Suspicious Tit For Tat|Win-Shift Lose-Stay: D|Defector|Anti Tit For Tat"
56,3.34,0.64,5.35,1.17,0.09,0.01,39,121,3,Meta Winner: 2 players|Evolved FSM 16|GTFT: 0.33
57,2.6,-0.72,5.82,0.82,0.09,0.03,73,30,6,Tit For Tat|Evolved FSM 16|Cycler DC|Tit For 2 Tats|Soft Joss: 0.9|Defector
58,3.49,-0.16,5.34,1.89,0.07,0.02,63,168,6,"Random: 0.5|DoubleCrosser: (D, D)|Win-Shift Lose-Stay: D|Anti Tit For Tat|Grudger|Cooperator"
59,3.9,-0.8,4.89,1.71,0.07,0.05,92,92,4,Tit For 2 Tats|Win-Shift Lose-Stay: D|Suspicious Tit For Tat|Cooperator
60,3.65,-0.58,5.9,0.18,0.06,0.1,16,86,10,"Cycler DC|Meta Mixer: 9 players|Suspicious Tit For Tat|Bully|Evolved FSM 16|Win-Stay Lose-Shift|Cooperator|DoubleCrosser: (D, D)|Defector|Evolved HMM 5"
61,3.08,-0.78,5.98,1.6,0.09,0.01,55,61,13,Alternator|Defector|Win-Shift Lose-Stay: D|Anti Tit For Tat|Cycler DC|Grudger|Suspicious Tit For Tat|Evolved FSM 16|Evolved HMM 5|Soft Joss: 0.9|Tit For Tat|Win-Stay Lose-Shift|Meta Mixer: 12 players
62,3.57,0.04,4.09,1.73,0.05,0.1,17,123,15,"DoubleCrosser: (D, D)|Cooperator|Random: 0.5|Soft Joss: 0.9|Bully|Evolved HMM 5|Anti Tit For Tat|Defector|Win-Stay Lose-Shift|Evolved FSM 16|Meta Winner: 14 players|GTFT: 0.33|Cycler DC|Tit For Tat|Tit For 2 Tats"
63,3.42,0.19,5.17,0.76,0.03,0.05,65,26,6,"Evolved FSM 16|Suspicious Tit For Tat|DoubleCrosser: (D, D)|Soft Joss: 0.9|Tit For Tat|Meta Mixer: 5 players"
64,2.91,-0.81,4.68,0.83,0.04,0.07,57,40,18,"Bully|Meta Winner: 16 players|Meta Mixer: 16 players|Evolved FSM 16|DoubleCrosser: (D, D)|Anti Tit For Tat|Grudger|Random: 0.5|Defector|Evolved HMM 5|Win-Shift Lose-Stay: D|Alternator|Tit For 2 Tats|Tit For Tat|Win-Stay Lose-Shift|Cooperator|GTFT: 0.33|Cycler DC"
65,2.85,-0.9,5.88,1.83,0.03,0.03,23,148,19,"Suspicious Tit For Tat|Cycler DC|Random: 0.5|Tit For Tat|Cooperator|Defector|DoubleCrosser: (D, D)|Win-Shift Lose-Stay: D|Soft Joss: 0.9|Anti Tit For Tat|Meta Mixer: 17 players|Evolved FSM 16|Meta Winner: 17 players|Evolved HMM 5|Win-Stay Lose-Shift|Grudger|Alternator|Bully|GTFT: 0.33"
66,2.55,0.84,4.06,1.52,0.04,0.02,28,145,15,"Bully|Cycler DC|Alternator|Meta Winner: 13 players|Suspicious Tit For Tat|Random: 0.5|Soft Joss: 0.9|Tit For Tat|Defector|Evolved HMM 5|Grudger|Meta Mixer: 13 players|Win-Stay Lose-Shift|DoubleCrosser: (D, D)|Win-Shift Lose-Stay: D"
67,2.16,-0.15,4.1,0.89,0.06,0.04,37,194,19,"Cooperator|Grudger|DoubleCrosser: (D, D)|Meta Winner: 17 players|Win-Stay Lose-Shift|GTFT: 0.33|Soft Joss: 0.9|Random: 0.5|Tit For Tat|Win-Shift Lose-Stay: D|Cycler DC|Alternator|Evolved HMM 5|Meta Mixer: 17 players|Tit For 2 Tats|Evolved FSM 16|Defector|Suspicious Tit For Tat|Anti Tit For Tat"
68,3.53,-0.42,5.89,1.53,0.01,0.05,65,45,7,Tit For 2 Tats|Evolved FSM 16|Tit For Tat|Evolved HMM 5|Grudger|Anti Tit For Tat|Suspicious Tit For Tat
69,3.15,0.42,5.72,1.15,0.04,0.01,12,84,8,"Meta Winner: 7 players|Soft Joss: 0.9|Grudger|Bully|DoubleCrosser: (D, D)|Random: 0.5|Anti Tit For Tat|Cooperator"
70,2.44,-0.85,5.49,1.56,0.06,0.05,34,199,14,"Grudger|Cycler DC|Tit For Tat|Cooperator|Meta Mixer: 13 players|Random: 0.5|Evolved HMM 5|Bully|Win-Stay Lose-Shift|Tit For 2 Tats|Anti Tit For Tat|GTFT: 0.33|Evolved FSM 16|DoubleCrosser: (D, D)"
71,3.52,0.85,5.51,0.9,0.06,0.06,89,83,13,"Cycler DC|Soft Joss: 0.9|Bully|Random: 0.5|Meta Mixer: 11 players|GTFT: 0.33|Meta Winner: 11 players|Tit For 2 Tats|DoubleCrosser: (D, D)|Win-Stay Lose-Shift|Alternator|Defector|Anti Tit For Tat"
72,3.73,0.23,4.15,1.71,0.05,0.05,80,190,4,Soft Joss: 0.9|Meta Mixer: 3 players|Suspicious Tit For Tat|GTFT: 0.33
73,3.0,-0.1,5.21,1.92,0.08,0.08,20,130,8,Anti Tit For Tat|Tit For Tat|Soft Joss: 0.9|Evolved FSM 16|Defector|Random: 0.5|Evolved HMM 5|Cycler DC
74,3.55,-0.9,4.77,1.36,0.06,0.03,52,25,20,"Tit For 2 Tats|Win-Stay Lose-Shift|Win-Shift Lose-Stay: D|Cycler DC|GTFT: 0.33|Anti Tit For Tat|Meta Mixer: 18 players|Random: 0.5|Bully|Defector|Evolved HMM 5|Suspicious Tit For Tat|Grudger|DoubleCrosser: (D, D)|Meta Winner: 18 players|Alternator|Tit For Tat|Cooperator|Soft Joss: 0.9|Evolved FSM 16"
75,3.34,0.48,5.63,1.66,0.07,0.05,92,172,16,"Evolved HMM 5|Grudger|Alternator|Meta Mixer: 14 players|Win-Stay Lose-Shift|Bully|Cooperator|Defector|Tit For Tat|DoubleCrosser: (D, D)|GTFT: 0.33|Soft Joss: 0.9|Win-Shift Lose-Stay: D|Evolved FSM 16|Meta Winner: 14 players|Suspicious Tit For Tat"
76,3.08,0.05,5.02,1.48,0.07,0.09,89,34,15,Cycler DC|Defector|Meta Mixer: 13 players|Evolved FSM 16|Soft Joss: 0.9|Alternator|Suspicious Tit For Tat|Evolved HMM 5|GTFT: 0.33|Cooperator|Tit For Tat|Meta Winner: 13 players|Win-Stay Lose-Shift|Anti Tit For Tat|Win-Shift Lose-Stay: D
77,3.93,0.81,4.48,1.57,0.02,0.07,83,113,17,"Win-Stay Lose-Shift|Tit For 2 Tats|Evolved HMM 5|Evolved FSM 16|DoubleCrosser: (D, D)|Bully|Random: 0.5|Cooperator|Meta Winner: 16 players|Soft Joss: 0.9|Cycler DC|Alternator|Tit For Tat|Suspicious Tit For Tat|GTFT: 0.33|Grudger|Win-Shift Lose-Stay: D"
78,3.03,-0.83,5.42,0.25,0.02,0.04,75,38,16,"Bully|Tit For Tat|Soft Joss: 0.9|Grudger|Alternator|Suspicious Tit For Tat|Random: 0.5|Evolved FSM 16|Win-Shift Lose-Stay: D|Defector|Cooperator|Tit For 2 Tats|Anti Tit For Tat|Meta Winner: 14 players|Meta Mixer: 14 players|DoubleCrosser: (D, D)"
79,2.2,-0.33,4.64,1.43,0.01,0.0,70,179,7,Random: 0.5|Soft Joss: 0.9|Alternator|Bully|Evolved FSM 16|Cycler DC|Cooperator
80,3.1,0.06,5.67,1.45,0.01,0.03,48,32,4,"Tit For Tat|DoubleCrosser: (D, D)|Soft Joss: 0.9|Bully"
81,3.81,-0.97,4.22,1.19,0.05,0.02,28,75,16,"Alternator|Grudger|Tit For Tat|DoubleCrosser: (D, D)|Defector|GTFT: 0.33|Soft Joss: 0.9|Anti Tit For Tat|Win-Shift Lose-Stay: D|Random: 0.5|Tit For 2 Tats|Meta Mixer: 14 players|Meta Winner: 14 players|Cooperator|Suspicious Tit For Tat|Evolved FSM 16"
82,3.96,-0.97,5.27,0.51,0.08,0.03,94,161,6,Meta Mixer: 5 players|GTFT: 0.33|Cycler DC|Anti Tit For Tat|Grudger|Win-Shift Lose-Stay: D
83,3.29,0.37,4.68,1.66,0.1,0.05,33,35,5,Soft Joss: 0.9|Anti Tit For Tat|Win-Stay Lose-Shift|Suspicious Tit For Tat|Meta Mixer: 4 players
84,3.77,-0.38,5.58,0.63,0.04,0.08,70,65,4,Suspicious Tit For Tat|Win-Stay Lose-Shift|Grudger|Anti Tit For Tat
85,3.49,-0.23,5.78,1.79,0.1,0.05,73,95,19,"Win-Shift Lose-Stay: D|Bully|DoubleCrosser: (D, D)|Meta Mixer: 17 players|Evolved FSM 16|Win-Stay Lose-Shift|Random: 0.5|Evolved HMM 5|Meta Winner: 17 players|Cycler DC|Defector|Anti Tit For Tat|Grudger|Tit For 2 Tats|Soft Joss: 0.9|Suspicious Tit For Tat|GTFT: 0.33|Tit For Tat|Cooperator"
86,2.89,0.45,4.33,0.89,0.09,0.06,65,71,4,Bully|Tit For 2 Tats|Grudger|Evolved HMM 5
87,3.36,-0.71,5.6,1.91,0.06,0.08,14,33,5,Tit For Tat|Grudger|Meta Mixer: 4 players|Tit For 2 Tats|Anti Tit For Tat
88,3.36,-0.26,5.21,1.9,0.08,0.06,77,94,15,"GTFT: 0.33|Win-Shift Lose-Stay: D|Tit For Tat|Cooperator|Alternator|Grudger|Bully|Evolved FSM 16|Meta Mixer: 13 players|Suspicious Tit For Tat|Soft Joss: 0.9|Anti Tit For Tat|Cycler DC|Meta Winner: 13 players|DoubleCrosser: (D, D)"
89,3.43,0.62,4.35,1.99,0.1,0.1,95,89,5,Evolved FSM 16|Meta Winner: 3 players|Win-Stay Lose-Shift|Meta Mixer: 3 players|Defector
90,3.85,0.59,5.42,1.28,0.05,0.01,35,36,10,Random: 0.5|Alternator|Grudger|Evolved FSM 16|Soft Joss: 0.9|Tit For 2 Tats|Win-Shift Lose-Stay: D|Bully|Win-Stay Lose-Shift|Anti Tit For Tat
91,2.8,-0.04,4.13,1.43,0.04,0.04,83,19,7,"GTFT: 0.33|Bully|Soft Joss: 0.9|Evolved FSM 16|Grudger|Meta Mixer: 6 players|DoubleCrosser: (D, D)"
92,3.82,-0.75,4.87,0.11,0.02,0.02,51,182,10,Grudger|Evolved HMM 5|Win-Stay Lose-Shift|Bully|Win-Shift Lose-Stay: D|Cooperator|GTFT: 0.33|Random: 0.5|Cycler DC|Meta Mixer: 9 players
93,3.16,0.25,5.18,0.34,0.09,0.03,82,11,3,Bully|Anti Tit For Tat|Win-Shift Lose-Stay: D
94,3.53,0.28,5.3,0.83,0.05,0.06,47,165,12,Random: 0.5|Tit For Tat|Tit For 2 Tats|Win-Stay Lose-Shift|Soft Joss: 0.9|Anti Tit For Tat|Grudger|Alternator|Bully|Meta Mixer: 11 players|Suspicious Tit For Tat|GTFT: 0.33
95,3.98,-0.2,4.64,0.69,0.08,0.05,23,82,10,Soft Joss: 0.9|Cooperator|Win-Shift Lose-Stay: D|Meta Winner: 9 players|Tit For Tat|Bully|Anti Tit For Tat|Alternator|Cycler DC|Suspicious Tit For Tat
96,3.87,-0.62,5.63,1.44,0.02,0.1,69,128,12,Random: 0.5|Alternator|Bully|Tit For 2 Tats|Soft Joss: 0.9|Cooperator|Meta Winner: 10 players|Win-Stay Lose-Shift|Defector|Meta Mixer: 10 players|GTFT: 0.33|Cycler DC
97,3.76,-0.06,4.99,1.31,0.05,0.08,65,35,11,Grudger|Tit For 2 Tats|Meta Winner: 9 players|Anti Tit For Tat|Meta Mixer: 9 players|Alternator|Win-Stay Lose-Shift|Win-Shift Lose-Stay: D|Cooperator|Defector|Random: 0.5
98,2.77,0.1,4.58,0.9,0.08,0.06,88,31,7,Cooperator|Tit For 2 Tats|Grudger|GTFT: 0.33|Evolved FSM 16|Meta Mixer: 6 players|Bully
99,3.02,-0.91,4.4,1.0,0.01,0.03,70,133,17,Cycler DC|Evolved HMM 5|Meta Winner: 15 players|GTFT: 0.33|Meta Mixer: 15 players|Bully|Suspicious Tit For Tat|Win-Stay Lose-Shift|Grudger|Evolved FSM 16|Tit For 2 Tats|Defector|Tit For Tat|Win-Shift Lose-Stay: D|Random: 0.5|Soft Joss: 0.9|Cooperator
100,3.59,0.38,5.17,1.45,0.0,0.05,93,199,10,"Anti Tit For Tat|Meta Mixer: 9 players|Random: 0.5|Defector|Tit For 2 Tats|Bully|DoubleCrosser: (D, D)|GTFT: 0.33|Cooperator|Alternator"
101,3.4,-0.12,5.15,0.38,0.04,0.04,36,106,19,"Meta Winner: 17 players|Random: 0.5|Anti Tit For Tat|Cycler DC|Suspicious Tit For Tat|Win-Shift Lose-Stay: D|Defector|GTFT: 0.33|Tit For Tat|Soft Joss: 0.9|Meta Mixer: 17 players|DoubleCrosser: (D, D)|Bully|Cooperator|Evolved HMM 5|Grudger|Tit For 2 Tats|Win-Stay Lose-Shift|Evolved FSM 16"
102,3.95,-0.42,4.45,0.6,0.02,0.07,50,123,14,Evolved FSM 16|Win-Shift Lose-Stay: D|Win-Stay Lose-Shift|Cooperator|Tit For 2 Tats|Soft Joss: 0.9|Suspicious Tit For Tat|Defector|Bully|Cycler DC|Alternator|GTFT: 0.33|Anti Tit For Tat|Grudger
103,3.31,-0.57,5.85,1.49,0.08,0.03,81,179,11,Cycler DC|Cooperator|Tit For Tat|Evolved FSM 16|Anti Tit For Tat|GTFT: 0.33|Win-Shift Lose-Stay: D|Meta Mixer: 10 players|Soft Joss: 0.9|Tit For 2 Tats|Alternator
104,2.66,0.36,4.2,0.94,0.01,0.1,30,105,18,"Random: 0.5|Suspicious Tit For Tat|Win-Stay Lose-Shift|GTFT: 0.33|Evolved FSM 16|Evolved HMM 5|Alternator|Tit For 2 Tats|Anti Tit For Tat|Soft Joss: 0.9|Meta Winner: 16 players|Cooperator|DoubleCrosser: (D, D)|Grudger|Win-Shift Lose-Stay: D|Meta Mixer: 16 players|Tit For Tat|Cycler DC"
105,3.78,0.01,5.05,0.27,0.03,0.08,52,42,17,"Win-Shift Lose-Stay: D|Defector|Alternator|GTFT: 0.33|Win-Stay Lose-Shift|Random: 0.5|Evolved HMM 5|Tit For 2 Tats|Cooperator|Bully|Soft Joss: 0.9|Suspicious Tit For Tat|Meta Winner: 16 players|Cycler DC|DoubleCrosser: (D, D)|Evolved FSM 16|Grudger"
106,2.6,-0.98,5.91,1.45,0.07,0.07,17,171,6,Soft Joss: 0.9|Win-Stay Lose-Shift|Defector|Tit For 2 Tats|Meta Mixer: 5 players|Grudger
107,3.83,0.23,4.23,0.59,0.02,0.01,29,117,14,"DoubleCrosser: (D, D)|Evolved FSM 16|Random: 0.5|Suspicious Tit For Tat|Tit For Tat|GTFT: 0.33|Tit For 2 Tats|Win-Stay Lose-Shift|Anti Tit For Tat|Win-Shift Lose-Stay: D|Meta Mixer: 13 players|Soft Joss: 0.9|Defector|Alternator"
108,3.36,-0.02,4.88,1.43,0.09,0.04,17,117,7,"Evolved HMM 5|DoubleCrosser: (D, D)|Soft Joss: 0.9|Anti Tit For Tat|Evolved FSM 16|GTFT: 0.33|Tit For 2 Tats"
109,2.04,-0.99,4.62,0.51,0.02,0.01,64,89,5,Evolved FSM 16|Anti Tit For Tat|Bully|Random: 0.5|Meta Mixer: 4 players
110,3.83,-0.84,4.9,0.75,0.1,0.09,27,168,14,Cooperator|Defector|Evolved FSM 16|Tit For 2 Tats|Cycler DC|Grudger|Meta Winner: 13 players|Alternator|Evolved HMM 5|Random: 0.5|Tit For Tat|Win-Shift Lose-Stay: D|Suspicious Tit For Tat|GTFT: 0.33
111,2.46,-0.69,4.76,0.92,0.02,0.09,24,9,16,"Meta Winner: 14 players|Alternator|Tit For Tat|Suspicious Tit For Tat|Bully|Anti Tit For Tat|Win-Stay Lose-Shift|Meta Mixer: 14 players|Evolved FSM 16|DoubleCrosser: (D, D)|Tit For 2 Tats|Cooperator|GTFT: 0.33|Win-Shift Lose-Stay: D|Evolved HMM 5|Soft Joss: 0.9"
112,3.51,-0.72,5.08,1.55,0.1,0.02,83,82,13,"Tit For Tat|Win-Stay Lose-Shift|Cycler DC|Evolved HMM 5|Meta Winner: 11 players|Suspicious Tit For Tat|Evolved FSM 16|DoubleCrosser: (D, D)|Alternator|Win-Shift Lose-Stay: D|Meta Mixer: 11 players|Bully|Soft Joss: 0.9"
113,3.05,-0.18,4.76,1.39,0.03,0.02,78,122,10,"Tit For Tat|Win-Stay Lose-Shift|Cycler DC|Soft Joss: 0.9|Anti Tit For Tat|Win-Shift Lose-Stay: D|Suspicious Tit For Tat|DoubleCrosser: (D, D)|Evolved HMM 5|Grudger"
114,2.49,0.29,4.27,0.41,0.09,0.08,21,138,9,"Anti Tit For Tat|Win-Shift Lose-Stay: D|Tit For 2 Tats|Meta Winner: 8 players|Bully|Cooperator|Evolved FSM 16|DoubleCrosser: (D, D)|Win-Stay Lose-Shift"
115,3.12,0.74,5.45,0.96,0.03,0.1,11,55,9,Cooperator|Random: 0.5|Tit For Tat|Suspicious Tit For Tat|Tit For 2 Tats|Soft Joss: 0.9|Meta Winner: 8 players|Win-Shift Lose-Stay: D|Defector
116,2.76,-0.28,5.55,1.07,0.03,0.05,73,120,6,Random: 0.5|GTFT: 0.33|Suspicious Tit For Tat|Grudger|Meta Mixer: 5 players|Evolved FSM 16
117,3.73,-0.97,4.09,1.48,0.06,0.06,63,76,7,Suspicious Tit For Tat|GTFT: 0.33|Tit For Tat|Tit For 2 Tats|Evolved FSM 16|Random: 0.5|Win-Shift Lose-Stay: D
118,3.28,-0.66,5.93,0.98,0.08,0.02,79,126,8,"Evolved FSM 16|Anti Tit For Tat|Evolved HMM 5|Meta Mixer: 7 players|Bully|DoubleCrosser: (D, D)|GTFT: 0.33|Alternator"
119,2.82,-0.54,5.53,1.69,0.07,0.0,74,117,14,"Anti Tit For Tat|Random: 0.5|Meta Mixer: 13 players|Alternator|Evolved HMM 5|Win-Shift Lose-Stay: D|Soft Joss: 0.9|Suspicious Tit For Tat|Evolved FSM 16|Grudger|DoubleCrosser: (D, D)|Cycler DC|Win-Stay Lose-Shift|GTFT: 0.33"
120,3.84,-0.52,4.36,1.05,0.06,0.03,55,69,15,"Bully|Grudger|Tit For 2 Tats|Soft Joss: 0.9|Tit For Tat|Meta Mixer: 14 players|Cooperator|Cycler DC|GTFT: 0.33|Anti Tit For Tat|Alternator|Evolved HMM 5|Suspicious Tit For Tat|DoubleCrosser: (D, D)|Random: 0.5"
121,2.87,0.13,5.0,1.57,0.09,0.01,77,11,10,Suspicious Tit For Tat|Meta Mixer: 9 players|Random: 0.5|Win-Shift Lose-Stay: D|Anti Tit For Tat|Soft Joss: 0.9|Evolved FSM 16|GTFT: 0.33|Cycler DC|Evolved HMM 5
122,2.15,-0.52,4.8,0.32,0.08,0.04,79,85,15,"Cycler DC|Bully|Evolved HMM 5|Grudger|Anti Tit For Tat|Random: 0.5|Suspicious Tit For Tat|Cooperator|Soft Joss: 0.9|Defector|Win-Stay Lose-Shift|DoubleCrosser: (D, D)|GTFT: 0.33|Alternator|Tit For Tat"
123,3.99,-0.29,4.55,0.98,0.09,0.04,97,150,15,"Bully|Win-Stay Lose-Shift|Tit For Tat|Meta Winner: 13 players|Evolved HMM 5|Cycler DC|Random: 0.5|Suspicious Tit For Tat|Grudger|GTFT: 0.33|DoubleCrosser: (D, D)|Tit For 2 Tats|Defector|Meta Mixer: 13 players|Alternator"
124,3.89,0.52,4.18,0.89,0.01,0.01,65,115,20,"Evolved FSM 16|Evolved HMM 5|DoubleCrosser: (D, D)|Cooperator|Alternator|Anti Tit For Tat|Defector|Win-Shift Lose-Stay: D|Soft Joss: 0.9|Win-Stay Lose-Shift|GTFT: 0.33|Meta Winner: 18 players|Suspicious Tit For Tat|Random: 0.5|Bully|Meta Mixer: 18 players|Cycler DC|Tit For Tat|Tit For 2 Tats|Grudger"
125,2.33,-0.4,4.29,0.55,0.08,0.04,41,185,18,Meta Winner: 16 players|Suspicious Tit For Tat|Soft Joss: 0.9|Cooperator|Cycler DC|Random: 0.5|Alternator|Meta Mixer: 16 players|Defector|Win-Stay Lose-Shift|Tit For 2 Tats|Grudger|Tit For Tat|Bully|Evolved HMM 5|Evolved FSM 16|Anti Tit For Tat|Win-Shift Lose-Stay: D
126,3.89,-0.37,4.64,0.4,0.1,0.1,47,189,18,"Meta Mixer: 16 players|Tit For Tat|GTFT: 0.33|Tit For 2 Tats|Win-Shift Lose-Stay: D|DoubleCrosser: (D, D)|Evolved HMM 5|Suspicious Tit For Tat|Defector|Anti Tit For Tat|Win-Stay Lose-Shift|Cooperator|Bully|Grudger|Cycler DC|Alternator|Random: 0.5|Meta Winner: 16 players"
127,3.6,-0.86,4.42,1.66,0.08,0.08,96,128,7,"Win-Stay Lose-Shift|Tit For Tat|Win-Shift Lose-Stay: D|Cycler DC|DoubleCrosser: (D, D)|Tit For 2 Tats|Suspicious Tit For Tat"
128,3.98,-0.2,4.15,0.96,0.05,0.09,98,108,20,"Anti Tit For Tat|Grudger|Evolved FSM 16|Bully|Cooperator|Tit For 2 Tats|Random: 0.5|GTFT: 0.33|Soft Joss: 0.9|Defector|Evolved HMM 5|Alternator|Suspicious Tit For Tat|Tit For Tat|Win-Stay Lose-Shift|DoubleCrosser: (D, D)|Win-Shift Lose-Stay: D|Cycler DC|Meta Mixer: 18 players|Meta Winner: 18 players"
129,3.49,0.38,4.44,1.12,0.02,0.04,69,198,19,"Cycler DC|Grudger|Alternator|Random: 0.5|Cooperator|Meta Winner: 17 players|Suspicious Tit For Tat|Anti Tit For Tat|Tit For 2 Tats|Bully|Defector|Soft Joss: 0.9|Win-Stay Lose-Shift|Evolved HMM 5|Meta Mixer: 17 players|Win-Shift Lose-Stay: D|DoubleCrosser: (D, D)|Tit For Tat|GTFT: 0.33"
130,3.44,-0.87,4.2,0.9,0.0,0.07,12,88,6,Defector|Tit For Tat|Evolved HMM 5|Meta Winner: 5 players|Evolved FSM 16|Random: 0.5
131,3.92,-0.19,5.12,0.46,0.02,0.06,65,102,3,Meta Winner: 2 players|Suspicious Tit For Tat|Soft Joss: 0.9
132,2.78,-0.59,5.18,1.41,0.08,0.08,18,148,6,Evolved FSM 16|Defector|Grudger|GTFT: 0.33|Suspicious Tit For Tat|Tit For Tat
133,3.34,0.93,4.23,0.98,0.03,0.04,60,151,6,Grudger|Meta Winner: 5 players|Soft Joss: 0.9|Defector|Win-Stay Lose-Shift|Evolved FSM 16
134,2.37,0.02,4.61,1.39,0.04,0.01,59,109,8,"Random: 0.5|Evolved FSM 16|Defector|Meta Mixer: 6 players|Meta Winner: 6 players|Cycler DC|Bully|DoubleCrosser: (D, D)"
135,2.9,-0.28,4.63,0.11,0.0,0.01,59,144,19,"Random: 0.5|DoubleCrosser: (D, D)|Meta Winner: 17 players|Meta Mixer: 17 players|Soft Joss: 0.9|Tit For Tat|Bully|Anti Tit For Tat|Win-Stay Lose-Shift|Alternator|Cooperator|Cycler DC|GTFT: 0.33|Evolved HMM 5|Tit For 2 Tats|Win-Shift Lose-Stay: D|Suspicious Tit For Tat|Evolved FSM 16|Defector"
136,3.55,0.02,5.13,0.99,0.06,0.03,79,94,20,"Anti Tit For Tat|Soft Joss: 0.9|Evolved FSM 16|Suspicious Tit For Tat|DoubleCrosser: (D, D)|Meta Winner: 18 players|Grudger|GTFT: 0.33|Cooperator|Cycler DC|Alternator|Tit For Tat|Tit For 2 Tats|Bully|Win-Stay Lose-Shift|Random: 0.5|Defector|Win-Shift Lose-Stay: D|Evolved HMM 5|Meta Mixer: 18 players"
137,3.22,0.23,5.72,0.86,0.08,0.08,17,146,14,"Evolved FSM 16|Win-Shift Lose-Stay: D|Meta Winner: 12 players|Defector|GTFT: 0.33|Grudger|Cycler DC|DoubleCrosser: (D, D)|Win-Stay Lose-Shift|Tit For 2 Tats|Meta Mixer: 12 players|Anti Tit For Tat|Bully|Suspicious Tit For Tat"
138,3.84,0.73,5.57,1.98,0.01,0.09,41,38,13,"Tit For Tat|Tit For 2 Tats|Random: 0.5|Cycler DC|Win-Shift Lose-Stay: D|GTFT: 0.33|Suspicious Tit For Tat|DoubleCrosser: (D, D)|Meta Winner: 11 players|Anti Tit For Tat|Soft Joss: 0.9|Meta Mixer: 11 players|Evolved HMM 5"
139,3.75,-0.02,5.39,0.91,0.06,0.09,21,188,17,"Grudger|Bully|Evolved FSM 16|Tit For 2 Tats|Suspicious Tit For Tat|Random: 0.5|DoubleCrosser: (D, D)|Cooperator|Tit For Tat|Cycler DC|Defector|GTFT: 0.33|Win-Stay Lose-Shift|Win-Shift Lose-Stay: D|Soft Joss: 0.9|Anti Tit For Tat|Evolved HMM 5"
140,3.79,-0.91,5.58,1.52,0.06,0.08,12,32,8,"Soft Joss: 0.9|Meta Winner: 7 players|Alternator|DoubleCrosser: (D, D)|Suspicious Tit For Tat|Grudger|Bully|GTFT: 0.33"
141,3.75,-0.81,4.6,1.75,0.04,0.01,95,167,8,"Anti Tit For Tat|Tit For 2 Tats|Win-Stay Lose-Shift|Tit For Tat|DoubleCrosser: (D, D)|GTFT: 0.33|Meta Winner: 7 players|Grudger"
142,2.89,-0.31,5.04,0.02,0.01,0.09,98,34,18,"Bully|Tit For Tat|Tit For 2 Tats|Meta Winner: 16 players|Cooperator|Anti Tit For Tat|Defector|DoubleCrosser: (D, D)|Cycler DC|Evolved HMM 5|Suspicious Tit For Tat|GTFT: 0.33|Win-Shift Lose-Stay: D|Alternator|Grudger|Evolved FSM 16|Win-Stay Lose-Shift|Meta Mixer: 16 players"
143,2.88,0.26,5.3,1.44,0.02,0.04,97,114,9,Bully|Cooperator|Cycler DC|Meta Mixer: 7 players|Tit For 2 Tats|Defector|Suspicious Tit For Tat|Soft Joss: 0.9|Meta Winner: 7 players
144,3.29,0.2,4.5,0.5,0.07,0.03,98,7,12,Suspicious Tit For Tat|Evolved HMM 5|Meta Mixer: 10 players|Meta Winner: 10 players|Tit For 2 Tats|Cycler DC|GTFT: 0.33|Alternator|Cooperator|Tit For Tat|Evolved FSM 16|Anti Tit For Tat
145,2.72,-0.23,4.02,0.63,0.08,0.04,79,175,8,Random: 0.5|Bully|Alternator|Meta Mixer: 6 players|Evolved FSM 16|Cycler DC|Cooperator|Meta Winner: 6 players
146,3.9,-0.43,5.85,0.8,0.07,0.08,64,180,15,"Bully|Evolved FSM 16|Meta Mixer: 13 players|Cycler DC|Win-Shift Lose-Stay: D|Anti Tit For Tat|Evolved HMM 5|Soft Joss: 0.9|Random: 0.5|Cooperator|Meta Winner: 13 players|Grudger|Defector|GTFT: 0.33|DoubleCrosser: (D, D)"
147,3.67,-0.87,5.27,1.36,0.07,0.07,40,15,10,"Bully|DoubleCrosser: (D, D)|Cooperator|Soft Joss: 0.9|Anti Tit For Tat|Cycler DC|GTFT: 0.33|Grudger|Meta Mixer: 8 players|Meta Winner: 8 players"
148,3.42,-0.67,4.24,1.4,0.1,0.05,43,43,14,Cycler DC|Win-Shift Lose-Stay: D|Cooperator|Alternator|GTFT: 0.33|Tit For 2 Tats|Suspicious Tit For Tat|Meta Winner: 12 players|Meta Mixer: 12 players|Anti Tit For Tat|Soft Joss: 0.9|Random: 0.5|Tit For Tat|Evolved FSM 16
149,3.55,0.35,4.31,1.79,0.01,0.07,10,12,3,Tit For Tat|Anti Tit For Tat|Random: 0.5
150,3.61,0.31,4.07,1.43,0.02,0.02,50,70,5,Meta Mixer: 4 players|Grudger|Cooperator|Evolved HMM 5|Anti Tit For Tat
151,3.61,0.91,4.36,1.96,0.01,0.05,46,199,12,"GTFT: 0.33|Bully|Evolved FSM 16|Soft Joss: 0.9|Alternator|Defector|Cooperator|Cycler DC|Win-Stay Lose-Shift|Tit For 2 Tats|Grudger|DoubleCrosser: (D, D)"
152,3.18,0.55,4.93,0.99,0.02,0.09,41,39,3,"DoubleCrosser: (D, D)|Alternator|Tit For Tat"
153,3.27,-0.98,5.08,1.39,0.03,0.08,58,189,12,"Cooperator|Suspicious Tit For Tat|Evolved HMM 5|Tit For Tat|DoubleCrosser: (D, D)|Evolved FSM 16|Alternator|Bully|Grudger|Cycler DC|Anti Tit For Tat|Random: 0.5"
154,3.79,0.4,5.84,1.04,0.04,0.1,20,149,6,Evolved HMM 5|Cycler DC|Tit For 2 Tats|Bully|Anti Tit For Tat|Suspicious Tit For Tat
155,2.79,-0.35,5.85,1.66,0.05,0.02,35,35,6,Cycler DC|Cooperator|Defector|Soft Joss: 0.9|Evolved HMM 5|Evolved FSM 16
156,3.07,-0.58,4.81,1.93,0.03,0.03,25,24,8,Win-Stay Lose-Shift|Anti Tit For Tat|Suspicious Tit For Tat|GTFT: 0.33|Cycler DC|Meta Mixer: 7 players|Grudger|Cooperator
157,2.79,-0.4,5.94,0.1,0.08,0.02,61,116,20,"Evolved FSM 16|Tit For Tat|Cooperator|Soft Joss: 0.9|Meta Winner: 18 players|Tit For 2 Tats|Evolved HMM 5|Bully|Anti Tit For Tat|Alternator|GTFT: 0.33|Random: 0.5|DoubleCrosser: (D, D)|Grudger|Win-Shift Lose-Stay: D|Meta Mixer: 18 players|Win-Stay Lose-Shift|Cycler DC|Suspicious Tit For Tat|Defector"
158,2.13,-0.11,4.04,1.8,0.01,0.09,52,32,4,"Soft Joss: 0.9|Anti Tit For Tat|Defector|DoubleCrosser: (D, D)"
159,2.43,-0.44,4.35,0.37,0.09,0.0,89,158,10,"Win-Stay Lose-Shift|Random: 0.5|DoubleCrosser: (D, D)|Meta Mixer: 9 players|Anti Tit For Tat|Evolved HMM 5|Cycler DC|Suspicious Tit For Tat|Bully|Tit For 2 Tats"
160,3.77,0.26,4.4,1.05,0.08,0.08,58,183,14,Random: 0.5|Evolved FSM 16|Meta Winner: 13 players|Grudger|GTFT: 0.33|Suspicious Tit For Tat|Cycler DC|Bully|Alternator|Defector|Win-Stay Lose-Shift|Cooperator|Evolved HMM 5|Soft Joss: 0.9
161,4.0,-0.8,5.53,1.95,0.07,0.03,17,196,10,Meta Mixer: 8 players|Tit For 2 Tats|Grudger|Defector|Evolved HMM 5|Cooperator|Win-Stay Lose-Shift|Random: 0.5|Evolved FSM 16|Meta Winner: 8 players
162,2.98,-0.02,5.76,0.62,0.01,0.02,38,6,19,"Random: 0.5|Alternator|GTFT: 0.33|Suspicious Tit For Tat|Cycler DC|Defector|Grudger|Bully|Soft Joss: 0.9|Meta Mixer: 17 players|Evolved FSM 16|Tit For 2 Tats|Win-Shift Lose-Stay: D|Evolved HMM 5|Win-Stay Lose-Shift|Meta Winner: 17 players|Tit For Tat|DoubleCrosser: (D, D)|Anti Tit For Tat"
163,3.32,-0.33,5.41,1.17,0.03,0.1,65,164,18,"GTFT: 0.33|Defector|Evolved FSM 16|Grudger|Tit For Tat|Meta Winner: 16 players|Win-Stay Lose-Shift|Bully|Suspicious Tit For Tat|Cycler DC|Soft Joss: 0.9|Tit For 2 Tats|Win-Shift Lose-Stay: D|Meta Mixer: 16 players|Alternator|DoubleCrosser: (D, D)|Cooperator|Random: 0.5"
164,3.2,0.94,4.06,1.84,0.02,0.06,73,37,13,Bully|Tit For Tat|Grudger|GTFT: 0.33|Defector|Evolved HMM 5|Anti Tit For Tat|Evolved FSM 16|Soft Joss: 0.9|Tit For 2 Tats|Random: 0.5|Meta Mixer: 12 players|Alternator
165,2.5,-0.49,4.53,0.14,0.01,0.0,59,113,16,"Defector|DoubleCrosser: (D, D)|Random: 0.5|Tit For 2 Tats|Grudger|Win-Shift Lose-Stay: D|Suspicious Tit For Tat|Anti Tit For Tat|Tit For Tat|Win-Stay Lose-Shift|Cooperator|Bully|Evolved FSM 16|Alternator|Meta Mixer: 15 players|Soft Joss: 0.9"
166,2.52,-0.32,4.04,0.21,0.09,0.02,19,141,5,"GTFT: 0.33|Random: 0.5|Alternator|DoubleCrosser: (D, D)|Defector"
167,2.87,-0.34,5.21,0.11,0.1,0.04,80,185,20,"Win-Shift Lose-Stay: D|Win-Stay Lose-Shift|Meta Mixer: 18 players|Tit For Tat|Cooperator|Alternator|Suspicious Tit For Tat|Evolved FSM 16|Meta Winner: 18 players|Evolved HMM 5|Bully|Soft Joss: 0.9|Defector|Grudger|Random: 0.5|DoubleCrosser: (D, D)|Tit For 2 Tats|GTFT: 0.33|Anti Tit For Tat|Cycler DC"
168,2.76,-0.91,4.74,0.37,0.04,0.03,44,145,4,Cycler DC|Cooperator|Bully|Grudger
169,2.83,-0.54,5.62,1.51,0.01,0.04,76,108,20,"Random: 0.5|Meta Mixer: 18 players|Tit For Tat|Meta Winner: 18 players|Win-Stay Lose-Shift|Anti Tit For Tat|Suspicious Tit For Tat|Grudger|Alternator|Win-Shift Lose-Stay: D|Evolved HMM 5|GTFT: 0.33|Bully|Tit For 2 Tats|Cooperator|Soft Joss: 0.9|Cycler DC|DoubleCrosser: (D, D)|Evolved FSM 16|Defector"
170,2.16,-0.6,4.09,1.37,0.08,0.01,86,67,13,"Bully|Meta Winner: 12 players|Tit For 2 Tats|Evolved FSM 16|GTFT: 0.33|DoubleCrosser: (D, D)|Cycler DC|Win-Shift Lose-Stay: D|Tit For Tat|Alternator|Win-Stay Lose-Shift|Evolved HMM 5|Suspicious Tit For Tat"
171,2.3,0.17,4.23,1.13,0.1,0.01,23,145,6,"Win-Stay Lose-Shift|Evolved FSM 16|Grudger|DoubleCrosser: (D, D)|Win-Shift Lose-Stay: D|Suspicious Tit For Tat"
172,3.14,-0.66,5.31,0.95,0.04,0.06,97,178,15,Anti Tit For Tat|Tit For 2 Tats|GTFT: 0.33|Tit For Tat|Meta Winner: 13 players|Grudger|Evolved HMM 5|Cycler DC|Defector|Alternator|Soft Joss: 0.9|Meta Mixer: 13 players|Win-Shift Lose-Stay: D|Bully|Cooperator
173,3.37,-0.54,5.72,1.94,0.03,0.07,51,69,16,"Meta Winner: 15 players|Bully|Suspicious Tit For Tat|Soft Joss: 0.9|Evolved FSM 16|Evolved HMM 5|DoubleCrosser: (D, D)|Random: 0.5|Grudger|Tit For Tat|Win-Shift Lose-Stay: D|Defector|Alternator|Cycler DC|Anti Tit For Tat|GTFT: 0.33"
174,2.57,-0.67,5.38,0.77,0.06,0.1,38,166,10,"Suspicious Tit For Tat|Win-Shift Lose-Stay: D|DoubleCrosser: (D, D)|Evolved HMM 5|Alternator|Evolved FSM 16|Tit For 2 Tats|Soft Joss: 0.9|GTFT: 0.33|Random: 0.5"
175,3.22,0.43,4.45,1.89,0.07,0.03,58,90,17,Win-Shift Lose-Stay: D|Suspicious Tit For Tat|Soft Joss: 0.9|Win-Stay Lose-Shift|Tit For 2 Tats|Evolved HMM 5|Anti Tit For Tat|Alternator|Meta Winner: 16 players|GTFT: 0.33|Defector|Grudger|Cycler DC|Bully|Evolved FSM 16|Random: 0.5|Cooperator
176,3.98,0.72,4.13,1.28,0.03,0.07,93,77,9,Cycler DC|Evolved HMM 5|Tit For Tat|Anti Tit For Tat|Tit For 2 Tats|GTFT: 0.33|Defector|Soft Joss: 0.9|Bully
177,3.31,-0.48,5.44,1.99,0.04,0.04,14,150,9,GTFT: 0.33|Tit For Tat|Evolved FSM 16|Random: 0.5|Grudger|Win-Shift Lose-Stay: D|Cycler DC|Bully|Meta Winner: 8 players
178,3.62,-0.63,4.52,1.53,0.07,0.03,21,57,14,"Tit For Tat|Win-Stay Lose-Shift|DoubleCrosser: (D, D)|GTFT: 0.33|Grudger|Cycler DC|Meta Mixer: 12 players|Soft Joss: 0.9|Meta Winner: 12 players|Anti Tit For Tat|Random: 0.5|Alternator|Evolved HMM 5|Cooperator"
179,3.0,-0.24,5.78,1.73,0.03,0.01,29,36,9,"GTFT: 0.33|DoubleCrosser: (D, D)|Soft Joss: 0.9|Cycler DC|Meta Winner: 7 players|Meta Mixer: 7 players|Grudger|Bully|Anti Tit For Tat"
180,3.26,0.27,4.98,0.35,0.0,0.03,31,148,8,"Random: 0.5|Bully|Cycler DC|DoubleCrosser: (D, D)|Evolved HMM 5|Suspicious Tit For Tat|Soft Joss: 0.9|Tit For Tat"
181,2.64,-0.62,4.03,1.67,0.07,0.06,41,58,14,Win-Stay Lose-Shift|Cycler DC|Cooperator|Tit For 2 Tats|Meta Winner: 12 players|Bully|Anti Tit For Tat|Alternator|Meta Mixer: 12 players|Grudger|Tit For Tat|Win-Shift Lose-Stay: D|Defector|Evolved FSM 16
182,2.46,-0.74,4.81,1.45,0.07,0.06,31,32,14,"Anti Tit For Tat|Tit For 2 Tats|Win-Shift Lose-Stay: D|Meta Winner: 13 players|Evolved HMM 5|GTFT: 0.33|Random: 0.5|Soft Joss: 0.9|Alternator|Grudger|DoubleCrosser: (D, D)|Suspicious Tit For Tat|Tit For Tat|Cooperator"
183,2.51,-0.59,4.25,1.4,0.07,0.0,63,170,6,"Evolved HMM 5|Win-Shift Lose-Stay: D|Cycler DC|DoubleCrosser: (D, D)|Cooperator|Meta Mixer: 5 players"
184,2.4,0.05,4.4,0.53,0.02,0.07,47,42,4,Evolved FSM 16|Random: 0.5|Suspicious Tit For Tat|Meta Mixer: 3 players
185,3.34,-0.82,5.67,0.3,0.05,0.07,22,66,10,"Soft Joss: 0.9|Win-Stay Lose-Shift|Win-Shift Lose-Stay: D|Meta Winner: 9 players|Anti Tit For Tat|Random: 0.5|DoubleCrosser: (D, D)|Bully|Alternator|Cycler DC"
186,3.35,-0.77,4.72,0.85,0.09,0.09,11,36,8,"GTFT: 0.33|Grudger|Soft Joss: 0.9|Win-Shift Lose-Stay: D|Bully|Defector|DoubleCrosser: (D, D)|Evolved FSM 16"
187,2.8,-0.46,4.37,1.92,0.04,0.09,63,167,8,Cooperator|Cycler DC|Anti Tit For Tat|Defector|Meta Winner: 7 players|Suspicious Tit For Tat|Win-Stay Lose-Shift|Tit For Tat
188,3.36,-0.24,5.6,0.36,0.04,0.0,97,187,7,"Random: 0.5|Meta Winner: 6 players|Cooperator|DoubleCrosser: (D, D)|Soft Joss: 0.9|Alternator|Anti Tit For Tat"
189,2.63,0.36,4.52,1.41,0.08,0.06,82,58,13,"Evolved HMM 5|Meta Winner: 12 players|Cooperator|DoubleCrosser: (D, D)|Tit For Tat|Random: 0.5|Defector|GTFT: 0.33|Tit For 2 Tats|Grudger|Suspicious Tit For Tat|Bully|Alternator"
190,3.87,-0.06,4.02,1.01,0.05,0.02,72,83,10,GTFT: 0.33|Win-Shift Lose-Stay: D|Anti Tit For Tat|Evolved HMM 5|Tit For Tat|Meta Mixer: 8 players|Meta Winner: 8 players|Suspicious Tit For Tat|Tit For 2 Tats|Cooperator
191,2.89,-0.82,4.16,1.15,0.05,0.03,73,191,3,"Cooperator|Tit For 2 Tats|DoubleCrosser: (D, D)"
192,3.1,0.58,4.07,1.65,0.1,0.06,75,144,9,"Soft Joss: 0.9|GTFT: 0.33|Grudger|Anti Tit For Tat|Tit For Tat|DoubleCrosser: (D, D)|Random: 0.5|Defector|Win-Shift Lose-Stay: D"
193,3.2,-0.27,5.53,1.43,0.05,0.01,94,57,3,GTFT: 0.33|Grudger|Win-Stay Lose-Shift
194,3.64,-0.18,4.98,1.49,0.03,0.02,25,101,9,"Soft Joss: 0.9|Suspicious Tit For Tat|GTFT: 0.33|Cooperator|DoubleCrosser: (D, D)|Alternator|Evolved FSM 16|Random: 0.5|Win-Stay Lose-Shift"
195,3.78,0.18,4.25,0.91,0.05,0.1,10,136,4,"Evolved FSM 16|DoubleCrosser: (D, D)|Random: 0.5|Evolved HMM 5"
196,3.82,-0.65,5.56,1.38,0.08,0.01,94,154,13,"Evolved HMM 5|Tit For 2 Tats|DoubleCrosser: (D, D)|Tit For Tat|Win-Shift Lose-Stay: D|Suspicious Tit For Tat|Defector|Cycler DC|Meta Winner: 11 players|Bully|GTFT: 0.33|Soft Joss: 0.9|Meta Mixer: 11 players"
197,3.1,0.47,5.69,0.63,0.06,0.02,36,160,12,Grudger|Cycler DC|Defector|Evolved HMM 5|GTFT: 0.33|Meta Winner: 11 players|Anti Tit For Tat|Tit For 2 Tats|Evolved FSM 16|Win-Shift Lose-Stay: D|Tit For Tat|Suspicious Tit For Tat
198,3.79,0.75,5.35,1.07,0.04,0.0,23,7,15,"Cycler DC|Anti Tit For Tat|Meta Mixer: 13 players|Suspicious Tit For Tat|Win-Shift Lose-Stay: D|Tit For 2 Tats|Soft Joss: 0.9|Bully|Meta Winner: 13 players|GTFT: 0.33|Grudger|DoubleCrosser: (D, D)|Alternator|Defector|Random: 0.5"
199,3.08,-0.09,4.41,0.72,0.06,0.07,81,58,20,"Tit For 2 Tats|Tit For Tat|Evolved HMM 5|Win-Stay Lose-Shift|Anti Tit For Tat|Soft Joss: 0.9|Suspicious Tit For Tat|DoubleCrosser: (D, D)|Meta Winner: 18 players|GTFT: 0.33|Defector|Win-Shift Lose-Stay: D|Alternator|Meta Mixer: 18 players|Evolved FSM 16|Bully|Random: 0.5|Cycler DC|Cooperator|Grudger"
200,3.41,0.51,5.82,1.3,0.05,0.06,34,76,17,"Defector|Bully|Meta Winner: 15 players|Evolved FSM 16|Cooperator|Suspicious Tit For Tat|Alternator|Soft Joss: 0.9|Cycler DC|Win-Shift Lose-Stay: D|Grudger|Meta Mixer: 15 players|GTFT: 0.33|Win-Stay Lose-Shift|Tit For Tat|DoubleCrosser: (D, D)|Evolved HMM 5"
201,3.55,0.69,5.19,1.25,0.03,0.08,80,92,5,GTFT: 0.33|Evolved HMM 5|Tit For Tat|Defector|Bully
202,3.77,-0.34,4.7,1.33,0.03,0.1,89,136,18,"Evolved FSM 16|Alternator|Cooperator|Grudger|Soft Joss: 0.9|Meta Winner: 16 players|GTFT: 0.33|Win-Stay Lose-Shift|Tit For 2 Tats|Random: 0.5|Meta Mixer: 16 players|Defector|Suspicious Tit For Tat|Tit For Tat|Evolved HMM 5|DoubleCrosser: (D, D)|Bully|Cycler DC"
203,3.02,-0.41,5.03,0.97,0.07,0.03,20,25,8,Evolved FSM 16|Meta Winner: 7 players|Alternator|Bully|Suspicious Tit For Tat|GTFT: 0.33|Soft Joss: 0.9|Tit For 2 Tats
204,3.37,-0.59,4.43,1.67,0.08,0.09,65,166,5,Cycler DC|Alternator|Soft Joss: 0.9|GTFT: 0.33|Anti Tit For Tat
205,3.28,0.51,5.07,1.24,0.06,0.07,19,92,19,"Cooperator|Win-Stay Lose-Shift|Meta Mixer: 17 players|Bully|Evolved FSM 16|Tit For 2 Tats|Tit For Tat|Suspicious Tit For Tat|Soft Joss: 0.9|GTFT: 0.33|Alternator|DoubleCrosser: (D, D)|Evolved HMM 5|Cycler DC|Anti Tit For Tat|Defector|Meta Winner: 17 players|Win-Shift Lose-Stay: D|Grudger"
206,3.11,-0.99,5.11,0.25,0.06,0.05,20,79,9,"Grudger|Suspicious Tit For Tat|DoubleCrosser: (D, D)|Evolved HMM 5|Cycler DC|Bully|Soft Joss: 0.9|Cooperator|Win-Stay Lose-Shift"
207,3.7,0.99,5.7,1.86,0.05,0.05,47,172,5,Win-Shift Lose-Stay: D|Cooperator|Suspicious Tit For Tat|Random: 0.5|GTFT: 0.33
208,3.34,-0.43,4.71,0.47,0.01,0.02,72,116,13,Meta Winner: 12 players|Win-Stay Lose-Shift|Cycler DC|Grudger|GTFT: 0.33|Suspicious Tit For Tat|Bully|Alternator|Defector|Cooperator|Random: 0.5|Soft Joss: 0.9|Evolved FSM 16
209,2.72,0.1,4.93,0.61,0.02,0.06,45,36,20,"Suspicious Tit For Tat|Win-Shift Lose-Stay: D|Bully|Evolved FSM 16|Alternator|DoubleCrosser: (D, D)|Meta Mixer: 18 players|GTFT: 0.33|Random: 0.5|Win-Stay Lose-Shift|Tit For 2 Tats|Meta Winner: 18 players|Cooperator|Grudger|Cycler DC|Evolved HMM 5|Tit For Tat|Defector|Soft Joss: 0.9|Anti Tit For Tat"
210,3.78,0.71,4.78,1.18,0.01,0.05,21,102,14,"Evolved HMM 5|Alternator|Tit For Tat|Defector|Cycler DC|Evolved FSM 16|Bully|DoubleCrosser: (D, D)|Win-Stay Lose-Shift|Grudger|Tit For 2 Tats|Soft Joss: 0.9|Meta Winner: 12 players|Meta Mixer: 12 players"
211,2.98,-0.26,4.44,0.13,0.0,0.02,56,100,18,"Soft Joss: 0.9|Anti Tit For Tat|Meta Mixer: 16 players|GTFT: 0.33|Cooperator|Grudger|Win-Shift Lose-Stay: D|Evolved HMM 5|Cycler DC|Meta Winner: 16 players|Win-Stay Lose-Shift|DoubleCrosser: (D, D)|Bully|Random: 0.5|Defector|Suspicious Tit For Tat|Tit For Tat|Tit For 2 Tats"
212,3.67,-0.25,5.31,1.03,0.09,0.05,55,89,18,"Random: 0.5|Alternator|Evolved HMM 5|Cycler DC|Soft Joss: 0.9|Bully|Cooperator|Anti Tit For Tat|Win-Shift Lose-Stay: D|GTFT: 0.33|Evolved FSM 16|DoubleCrosser: (D, D)|Meta Winner: 16 players|Tit For 2 Tats|Suspicious Tit For Tat|Tit For Tat|Meta Mixer: 16 players|Win-Stay Lose-Shift"
213,3.62,-0.04,4.46,1.44,0.05,0.02,30,166,16,"Alternator|Tit For Tat|Anti Tit For Tat|Cycler DC|Defector|Bully|GTFT: 0.33|Win-Shift Lose-Stay: D|Meta Winner: 14 players|Win-Stay Lose-Shift|Soft Joss: 0.9|Grudger|DoubleCrosser: (D, D)|Meta Mixer: 14 players|Evolved FSM 16|Evolved HMM 5"
214,3.2,-0.96,5.92,1.13,0.07,0.07,46,22,9,"Soft Joss: 0.9|Random: 0.5|Meta Mixer: 8 players|Defector|Tit For Tat|DoubleCrosser: (D, D)|Suspicious Tit For Tat|Win-Stay Lose-Shift|Bully"
215,3.64,0.32,5.59,0.36,0.03,0.07,53,117,5,Tit For Tat|Tit For 2 Tats|Meta Mixer: 4 players|Cycler DC|Cooperator
216,3.05,0.37,4.03,1.82,0.08,0.06,32,122,4,Evolved FSM 16|Evolved HMM 5|Cooperator|Bully
217,3.55,0.04,5.79,1.3,0.04,0.0,77,110,10,"Random: 0.5|Tit For 2 Tats|Grudger|Cooperator|DoubleCrosser: (D, D)|Bully|Cycler DC|Tit For Tat|Evolved HMM 5|Anti Tit For Tat"
218,3.75,-0.62,4.57,0.82,0.07,0.08,83,134,6,Evolved HMM 5|Alternator|Tit For 2 Tats|Suspicious Tit For Tat|GTFT: 0.33|Meta Winner: 5 players
219,2.31,-0.49,4.72,1.3,0.09,0.04,56,157,11,"Tit For 2 Tats|Suspicious Tit For Tat|DoubleCrosser: (D, D)|Random: 0.5|Defector|Evolved HMM 5|Win-Shift Lose-Stay: D|Evolved FSM 16|Tit For Tat|Cycler DC|GTFT: 0.33"
220,3.55,-0.72,5.16,0.8,0.09,0.01,39,115,8,Cooperator|Suspicious Tit For Tat|Evolved HMM 5|Tit For 2 Tats|GTFT: 0.33|Evolved FSM 16|Win-Shift Lose-Stay: D|Win-Stay Lose-Shift
221,2.13,-0.84,4.87,0.44,0.0,0.04,61,158,19,"Win-Stay Lose-Shift|Anti Tit For Tat|Defector|Random: 0.5|Soft Joss: 0.9|Alternator|Cooperator|GTFT: 0.33|Win-Shift Lose-Stay: D|Cycler DC|DoubleCrosser: (D, D)|Evolved HMM 5|Meta Winner: 17 players|Tit For 2 Tats|Meta Mixer: 17 players|Grudger|Bully|Suspicious Tit For Tat|Tit For Tat"
222,2.81,-0.97,5.34,0.4,0.07,0.09,80,73,20,"Meta Mixer: 18 players|Grudger|Meta Winner: 18 players|Win-Shift Lose-Stay: D|Tit For Tat|Win-Stay Lose-Shift|Cooperator|Random: 0.5|Suspicious Tit For Tat|Soft Joss: 0.9|Alternator|Cycler DC|Bully|DoubleCrosser: (D, D)|Evolved HMM 5|GTFT: 0.33|Defector|Tit For 2 Tats|Anti Tit For Tat|Evolved FSM 16"
223,3.61,0.75,5.89,1.91,0.08,0.06,98,114,15,"Meta Mixer: 14 players|Random: 0.5|Tit For Tat|GTFT: 0.33|Soft Joss: 0.9|Evolved HMM 5|Evolved FSM 16|Win-Stay Lose-Shift|Alternator|DoubleCrosser: (D, D)|Anti Tit For Tat|Cycler DC|Tit For 2 Tats|Cooperator|Defector"
224,2.71,0.4,4.82,1.07,0.03,0.03,61,173,13,"Bully|Evolved FSM 16|Defector|Random: 0.5|GTFT: 0.33|Meta Mixer: 11 players|Cooperator|Win-Stay Lose-Shift|Cycler DC|Meta Winner: 11 players|DoubleCrosser: (D, D)|Tit For Tat|Tit For 2 Tats"
225,2.48,-0.54,4.47,0.53,0.08,0.08,55,40,6,"Cooperator|Bully|Random: 0.5|Alternator|Anti Tit For Tat|DoubleCrosser: (D, D)"
226,3.24,0.97,4.96,0.98,0.09,0.09,72,47,19,"Win-Shift Lose-Stay: D|Tit For 2 Tats|Tit For Tat|Cycler DC|Anti Tit For Tat|Meta Winner: 17 players|Meta Mixer: 17 players|Suspicious Tit For Tat|Evolved FSM 16|Soft Joss: 0.9|Alternator|GTFT: 0.33|Defector|Cooperator|Grudger|Random: 0.5|DoubleCrosser: (D, D)|Win-Stay Lose-Shift|Evolved HMM 5"
227,2.72,-0.63,4.2,1.72,0.03,0.03,88,88,14,"Defector|Random: 0.5|DoubleCrosser: (D, D)|Suspicious Tit For Tat|Evolved FSM 16|Grudger|Tit For 2 Tats|Meta Winner: 12 players|Meta Mixer: 12 players|Evolved HMM 5|Cycler DC|Tit For Tat|Bully|Win-Stay Lose-Shift"
228,3.15,-0.8,4.26,0.46,0.03,0.02,65,98,9,Cycler DC|Meta Winner: 8 players|Random: 0.5|Alternator|Defector|Suspicious Tit For Tat|Tit For Tat|Bully|GTFT: 0.33
229,3.44,-0.4,5.03,1.57,0.06,0.06,60,26,8,Anti Tit For Tat|Suspicious Tit For Tat|Win-Shift Lose-Stay: D|Random: 0.5|Cooperator|Tit For Tat|Grudger|Defector
230,2.72,0.62,4.52,1.11,0.03,0.04,54,174,9,Meta Mixer: 7 players|Meta Winner: 7 players|Evolved FSM 16|Defector|Win-Stay Lose-Shift|Evolved HMM 5|Soft Joss: 0.9|GTFT: 0.33|Win-Shift Lose-Stay: D
231,3.47,-0.24,4.97,1.78,0.03,0.06,28,43,13,"DoubleCrosser: (D, D)|Meta Mixer: 11 players|Tit For 2 Tats|Bully|Evolved HMM 5|Random: 0.5|Defector|Cooperator|Meta Winner: 11 players|Grudger|Cycler DC|Win-Stay Lose-Shift|Suspicious Tit For Tat"
232,2.89,-0.27,4.54,1.73,0.06,0.1,62,43,8,Alternator|Cycler DC|Tit For Tat|Win-Shift Lose-Stay: D|Bully|Cooperator|Random: 0.5|Suspicious Tit For Tat
233,2.79,-0.83,4.05,1.53,0.03,0.02,93,100,12,Tit For Tat|Meta Winner: 11 players|Win-Stay Lose-Shift|Soft Joss: 0.9|Cycler DC|Bully|Win-Shift Lose-Stay: D|Evolved HMM 5|Alternator|Grudger|Defector|Evolved FSM 16
234,3.28,0.82,4.87,1.07,0.05,0.02,21,114,12,"Grudger|DoubleCrosser: (D, D)|Win-Shift Lose-Stay: D|Cycler DC|Win-Stay Lose-Shift|Alternator|Soft Joss: 0.9|Evolved FSM 16|Bully|Defector|Evolved HMM 5|Tit For Tat"
235,3.38,0.51,5.07,0.98,0.03,0.08,47,153,10,"Alternator|Evolved FSM 16|Grudger|Suspicious Tit For Tat|DoubleCrosser: (D, D)|Soft Joss: 0.9|Win-Shift Lose-Stay: D|Evolved HMM 5|Tit For 2 Tats|Cooperator"
236,3.47,-0.24,4.33,0.78,0.03,0.04,40,133,11,"Win-Stay Lose-Shift|Evolved FSM 16|Win-Shift Lose-Stay: D|DoubleCrosser: (D, D)|Suspicious Tit For Tat|Evolved HMM 5|Anti Tit For Tat|Bully|Tit For 2 Tats|Cycler DC|Soft Joss: 0.9"
237,3.24,0.25,5.27,0.54,0.02,0.0,16,137,3,Defector|Cooperator|Win-Stay Lose-Shift
238,3.43,-0.53,4.54,1.45,0.02,0.05,53,108,12,"Random: 0.5|Grudger|Soft Joss: 0.9|Anti Tit For Tat|GTFT: 0.33|Evolved HMM 5|DoubleCrosser: (D, D)|Tit For 2 Tats|Bully|Alternator|Cycler DC|Suspicious Tit For Tat"
239,3.54,0.48,4.5,0.89,0.0,0.05,22,134,9,"Random: 0.5|Tit For 2 Tats|Win-Stay Lose-Shift|GTFT: 0.33|Defector|Evolved HMM 5|Grudger|Alternator|DoubleCrosser: (D, D)"
240,3.78,-0.56,4.4,1.73,0.01,0.06,51,4,8,Win-Shift Lose-Stay: D|Meta Mixer: 7 players|Cooperator|Tit For 2 Tats|Tit For Tat|Alternator|Soft Joss: 0.9|Win-Stay Lose-Shift
241,2.95,-0.26,5.57,1.19,0.01,0.02,21,176,13,"Anti Tit For Tat|Meta Winner: 12 players|Grudger|Cycler DC|Cooperator|Bully|Tit For Tat|Random: 0.5|Defector|Win-Shift Lose-Stay: D|Evolved FSM 16|DoubleCrosser: (D, D)|Tit For 2 Tats"
242,2.76,-0.5,4.04,1.45,0.0,0.07,81,76,20,"Random: 0.5|Suspicious Tit For Tat|Defector|Grudger|GTFT: 0.33|Evolved HMM 5|Tit For Tat|Cycler DC|Win-Stay Lose-Shift|Win-Shift Lose-Stay: D|Bully|Anti Tit For Tat|Soft Joss: 0.9|Cooperator|DoubleCrosser: (D, D)|Evolved FSM 16|Tit For 2 Tats|Meta Winner: 18 players|Alternator|Meta Mixer: 18 players"
243,3.77,-0.27,5.47,1.24,0.06,0.03,18,169,20,"Tit For 2 Tats|Suspicious Tit For Tat|Evolved HMM 5|Random: 0.5|Cycler DC|Win-Stay Lose-Shift|Evolved FSM 16|Defector|Meta Mixer: 18 players|GTFT: 0.33|Meta Winner: 18 players|Anti Tit For Tat|Win-Shift Lose-Stay: D|DoubleCrosser: (D, D)|Soft Joss: 0.9|Alternator|Grudger|Cooperator|Bully|Tit For Tat"
244,2.97,0.14,4.4,0.2,0.08,0.07,77,160,11,Anti Tit For Tat|Grudger|Tit For Tat|Bully|Alternator|Soft Joss: 0.9|Cooperator|GTFT: 0.33|Evolved FSM 16|Meta Winner: 9 players|Meta Mixer: 9 players
245,2.08,-0.39,4.53,0.14,0.09,0.1,22,26,10,Evolved FSM 16|Tit For 2 Tats|Suspicious Tit For Tat|Meta Winner: 9 players|Tit For Tat|Win-Stay Lose-Shift|GTFT: 0.33|Bully|Win-Shift Lose-Stay: D|Grudger
246,3.33,-0.67,4.92,1.77,0.02,0.04,53,169,8,"Evolved FSM 16|Soft Joss: 0.9|Grudger|GTFT: 0.33|Evolved HMM 5|DoubleCrosser: (D, D)|Defector|Suspicious Tit For Tat"
247,3.92,-0.21,4.51,0.89,0.07,0.1,86,5,19,"Cycler DC|Win-Stay Lose-Shift|Alternator|Meta Mixer: 17 players|Tit For Tat|Cooperator|DoubleCrosser: (D, D)|Defector|Evolved FSM 16|Meta Winner: 17 players|Win-Shift Lose-Stay: D|Evolved HMM 5|Bully|Grudger|Suspicious Tit For Tat|Soft Joss: 0.9|Random: 0.5|Tit For 2 Tats|GTFT: 0.33"
248,3.78,-0.49,4.53,0.5,0.03,0.06,82,56,5,GTFT: 0.33|Random: 0.5|Defector|Meta Mixer: 4 players|Cooperator
249,2.11,-0.3,4.16,1.54,0.08,0.04,25,198,10,Meta Winner: 8 players|Alternator|Tit For 2 Tats|Anti Tit For Tat|Win-Stay Lose-Shift|Win-Shift Lose-Stay: D|Meta Mixer: 8 players|Defector|Soft Joss: 0.9|Random: 0.5
250,3.0,-0.9,4.3,0.44,0.07,0.04,67,193,19,"Bully|Tit For Tat|DoubleCrosser: (D, D)|Win-Stay Lose-Shift|Tit For 2 Tats|Meta Winner: 17 players|Soft Joss: 0.9|Defector|Anti Tit For Tat|Meta Mixer: 17 players|Evolved HMM 5|Alternator|Suspicious Tit For Tat|Evolved FSM 16|Win-Shift Lose-Stay: D|Cooperator|Cycler DC|GTFT: 0.33|Random: 0.5"
251,2.96,-0.21,5.52,0.4,0.06,0.06,77,64,10,"Bully|Win-Shift Lose-Stay: D|DoubleCrosser: (D, D)|GTFT: 0.33|Meta Winner: 9 players|Anti Tit For Tat|Evolved HMM 5|Suspicious Tit For Tat|Tit For 2 Tats|Defector"
252,2.64,-0.95,4.7,1.19,0.03,0.1,88,114,7,Soft Joss: 0.9|Anti Tit For Tat|Tit For Tat|Suspicious Tit For Tat|Grudger|Bully|Tit For 2 Tats
253,3.61,-0.06,4.69,0.61,0.03,0.07,37,53,20,"Evolved HMM 5|Win-Shift Lose-Stay: D|Evolved FSM 16|Random: 0.5|Cycler DC|Grudger|Soft Joss: 0.9|GTFT: 0.33|Alternator|Suspicious Tit For Tat|Win-Stay Lose-Shift|Meta Mixer: 18 players|DoubleCrosser: (D, D)|Bully|Anti Tit For Tat|Tit For Tat|Tit For 2 Tats|Meta Winner: 18 players|Defector|Cooperator"
254,3.83,-0.78,5.33,0.72,0.03,0.09,59,60,15,"Evolved HMM 5|Cooperator|GTFT: 0.33|Random: 0.5|Bully|Meta Winner: 13 players|Meta Mixer: 13 players|Win-Shift Lose-Stay: D|Tit For Tat|Tit For 2 Tats|Alternator|Win-Stay Lose-Shift|DoubleCrosser: (D, D)|Cycler DC|Soft Joss: 0.9"
255,2.79,-0.31,4.67,0.31,0.04,0.06,40,129,11,"Anti Tit For Tat|Win-Shift Lose-Stay: D|Tit For 2 Tats|Alternator|Meta Mixer: 10 players|Cooperator|Bully|Defector|Suspicious Tit For Tat|GTFT: 0.33|DoubleCrosser: (D, D)"
256,2.76,0.22,4.18,1.92,0.06,0.02,40,147,7,"DoubleCrosser: (D, D)|Win-Stay Lose-Shift|GTFT: 0.33|Soft Joss: 0.9|Cycler DC|Cooperator|Evolved FSM 16"
257,3.08,0.73,4.28,1.6,0.03,0.07,77,35,16,"Cycler DC|Meta Mixer: 15 players|Defector|GTFT: 0.33|Bully|Win-Shift Lose-Stay: D|Soft Joss: 0.9|Grudger|Anti Tit For Tat|Random: 0.5|Evolved FSM 16|Evolved HMM 5|Alternator|Suspicious Tit For Tat|DoubleCrosser: (D, D)|Cooperator"
258,3.48,-0.62,5.27,0.3,0.01,0.0,88,158,11,Meta Winner: 9 players|Meta Mixer: 9 players|Tit For Tat|Evolved FSM 16|Evolved HMM 5|GTFT: 0.33|Alternator|Defector|Anti Tit For Tat|Random: 0.5|Bully
259,3.21,-0.25,5.0,1.42,0.09,0.05,27,42,9,"Tit For Tat|Anti Tit For Tat|DoubleCrosser: (D, D)|Alternator|Win-Shift Lose-Stay: D|Suspicious Tit For Tat|Cooperator|Grudger|GTFT: 0.33"
260,3.73,-0.35,5.97,0.98,0.05,0.02,61,199,4,Meta Winner: 2 players|Tit For 2 Tats|GTFT: 0.33|Meta Mixer: 2 players
261,3.48,0.05,5.22,1.19,0.09,0.08,76,28,17,"Soft Joss: 0.9|Anti Tit For Tat|Tit For Tat|Evolved HMM 5|Tit For 2 Tats|Grudger|Alternator|Win-Shift Lose-Stay: D|Suspicious Tit For Tat|Random: 0.5|DoubleCrosser: (D, D)|Cooperator|Cycler DC|GTFT: 0.33|Meta Winner: 16 players|Bully|Evolved FSM 16"
262,2.84,-0.89,4.92,1.23,0.05,0.01,92,116,5,Evolved HMM 5|Cooperator|Defector|Cycler DC|Tit For 2 Tats
263,2.9,0.18,4.83,0.36,0.07,0.02,68,24,11,GTFT: 0.33|Defector|Cooperator|Bully|Evolved FSM 16|Grudger|Tit For Tat|Meta Winner: 9 players|Meta Mixer: 9 players|Anti Tit For Tat|Win-Shift Lose-Stay: D
264,3.45,0.22,5.41,1.95,0.02,0.06,15,197,8,GTFT: 0.33|Meta Mixer: 7 players|Cycler DC|Defector|Evolved FSM 16|Bully|Tit For 2 Tats|Grudger
265,2.62,0.92,4.1,1.46,0.03,0.02,26,52,3,Meta Winner: 2 players|Win-Shift Lose-Stay: D|Alternator
266,3.71,-0.99,4.92,1.09,0.09,0.02,85,169,18,"Soft Joss: 0.9|DoubleCrosser: (D, D)|Meta Winner: 16 players|Bully|Alternator|Cooperator|Win-Shift Lose-Stay: D|Cycler DC|Win-Stay Lose-Shift|GTFT: 0.33|Meta Mixer: 16 players|Evolved FSM 16|Random: 0.5|Anti Tit For Tat|Suspicious Tit For Tat|Tit For Tat|Evolved HMM 5|Tit For 2 Tats"
267,2.57,0.4,4.32,1.32,0.06,0.06,68,192,14,"Anti Tit For Tat|Bully|Win-Stay Lose-Shift|GTFT: 0.33|Grudger|Soft Joss: 0.9|Suspicious Tit For Tat|Meta Winner: 13 players|DoubleCrosser: (D, D)|Win-Shift Lose-Stay: D|Tit For 2 Tats|Cycler DC|Tit For Tat|Evolved FSM 16"
268,3.72,-0.17,4.24,0.66,0.02,0.02,17,28,19,"Bully|Random: 0.5|Win-Stay Lose-Shift|DoubleCrosser: (D, D)|GTFT: 0.33|Cycler DC|Win-Shift Lose-Stay: D|Evolved FSM 16|Tit For 2 Tats|Defector|Meta Winner: 17 players|Tit For Tat|Evolved HMM 5|Cooperator|Anti Tit For Tat|Soft Joss: 0.9|Meta Mixer: 17 players|Grudger|Suspicious Tit For Tat"
269,3.7,1.0,4.24,1.6,0.04,0.03,81,164,9,Alternator|Suspicious Tit For Tat|Win-Stay Lose-Shift|Win-Shift Lose-Stay: D|Bully|Cycler DC|Soft Joss: 0.9|Evolved HMM 5|Tit For 2 Tats
270,3.23,-0.65,5.45,0.06,0.03,0.03,96,123,18,"Anti Tit For Tat|Cycler DC|Random: 0.5|Meta Mixer: 17 players|Soft Joss: 0.9|Evolved FSM 16|DoubleCrosser: (D, D)|Win-Shift Lose-Stay: D|Defector|Tit For Tat|Suspicious Tit For Tat|Alternator|Evolved HMM 5|GTFT: 0.33|Grudger|Bully|Tit For 2 Tats|Cooperator"
271,2.3,-0.32,4.13,1.68,0.04,0.05,31,147,15,Defector|Cooperator|Win-Stay Lose-Shift|GTFT: 0.33|Anti Tit For Tat|Cycler DC|Suspicious Tit For Tat|Random: 0.5|Tit For Tat|Meta Mixer: 13 players|Meta Winner: 13 players|Grudger|Soft Joss: 0.9|Tit For 2 Tats|Win-Shift Lose-Stay: D
272,3.88,-0.73,5.64,1.35,0.07,0.05,76,30,3,Win-Stay Lose-Shift|Anti Tit For Tat|Bully
273,2.4,0.06,4.42,0.57,0.08,0.07,44,39,8,Win-Shift Lose-Stay: D|Cooperator|Alternator|Evolved HMM 5|Meta Mixer: 6 players|Random: 0.5|Meta Winner: 6 players|Defector
274,2.77,-0.22,4.1,0.17,0.07,0.09,90,177,17,"Meta Winner: 15 players|Grudger|Win-Stay Lose-Shift|GTFT: 0.33|Suspicious Tit For Tat|Meta Mixer: 15 players|Tit For 2 Tats|Evolved HMM 5|Win-Shift Lose-Stay: D|Anti Tit For Tat|Tit For Tat|Bully|DoubleCrosser: (D, D)|Random: 0.5|Defector|Cooperator|Alternator"
275,3.37,-0.07,4.91,1.42,0.02,0.02,88,67,14,Tit For 2 Tats|Defector|GTFT: 0.33|Evolved FSM 16|Soft Joss: 0.9|Tit For Tat|Alternator|Anti Tit For Tat|Random: 0.5|Meta Winner: 12 players|Meta Mixer: 12 players|Grudger|Win-Shift Lose-Stay: D|Suspicious Tit For Tat
276,3.54,-0.75,4.34,1.21,0.01,0.08,23,84,20,"Bully|Win-Stay Lose-Shift|Evolved FSM 16|Soft Joss: 0.9|Tit For 2 Tats|Meta Mixer: 18 players|Suspicious Tit For Tat|Cooperator|Evolved HMM 5|Random: 0.5|Win-Shift Lose-Stay: D|Meta Winner: 18 players|Tit For Tat|GTFT: 0.33|Alternator|Grudger|Anti Tit For Tat|Cycler DC|DoubleCrosser: (D, D)|Defector"
277,2.68,-0.65,5.13,1.39,0.07,0.07,83,125,6,Meta Mixer: 4 players|Soft Joss: 0.9|GTFT: 0.33|Cooperator|Meta Winner: 4 players|Bully
278,2.81,0.37,4.62,1.2,0.06,0.08,51,127,4,Bully|Suspicious Tit For Tat|Cycler DC|Alternator
279,3.32,-0.42,5.51,0.91,0.06,0.04,36,175,13,"Win-Stay Lose-Shift|Meta Mixer: 11 players|Meta Winner: 11 players|DoubleCrosser: (D, D)|Grudger|Anti Tit For Tat|Evolved FSM 16|Alternator|Evolved HMM 5|Win-Shift Lose-Stay: D|Suspicious Tit For Tat|Bully|Cycler DC"
280,3.8,-1.0,4.12,1.94,0.06,0.1,24,73,3,"Tit For Tat|DoubleCrosser: (D, D)|Tit For 2 Tats"
281,3.42,-0.13,5.25,0.81,0.02,0.02,27,49,20,"Tit For 2 Tats|Grudger|DoubleCrosser: (D, D)|Cycler DC|Win-Stay Lose-Shift|Evolved FSM 16|GTFT: 0.33|Bully|Meta Winner: 18 players|Alternator|Anti Tit For Tat|Soft Joss: 0.9|Meta Mixer: 18 players|Defector|Cooperator|Suspicious Tit For Tat|Random: 0.5|Win-Shift Lose-Stay: D|Tit For Tat|Evolved HMM 5"
282,3.79,0.86,5.72,1.39,0.06,0.05,64,142,17,"Tit For 2 Tats|Grudger|Tit For Tat|Defector|DoubleCrosser: (D, D)|Win-Stay Lose-Shift|Alternator|Soft Joss: 0.9|Evolved FSM 16|Cooperator|Win-Shift Lose-Stay: D|Cycler DC|Suspicious Tit For Tat|Meta Winner: 15 players|Meta Mixer: 15 players|Bully|Random: 0.5"
283,3.14,-0.77,5.96,1.41,0.05,0.07,28,187,19,"Win-Shift Lose-Stay: D|Soft Joss: 0.9|Evolved HMM 5|Bully|Evolved FSM 16|Cooperator|Tit For Tat|GTFT: 0.33|Grudger|Tit For 2 Tats|Anti Tit For Tat|Meta Winner: 18 players|Cycler DC|DoubleCrosser: (D, D)|Alternator|Random: 0.5|Defector|Win-Stay Lose-Shift|Suspicious Tit For Tat"
284,2.94,-0.16,5.03,1.47,0.1,0.08,47,43,4,Meta Winner: 3 players|Win-Stay Lose-Shift|Win-Shift Lose-Stay: D|Anti Tit For Tat
285,3.16,0.31,5.26,1.15,0.03,0.07,13,74,18,"Bully|Cycler DC|Evolved HMM 5|Meta Winner: 16 players|Win-Shift Lose-Stay: D|Meta Mixer: 16 players|Evolved FSM 16|Win-Stay Lose-Shift|Soft Joss: 0.9|Grudger|GTFT: 0.33|Alternator|Anti Tit For Tat|Tit For 2 Tats|Tit For Tat|Suspicious Tit For Tat|Defector|DoubleCrosser: (D, D)"
286,3.62,0.4,4.89,0.52,0.05,0.08,14,88,5,"Cycler DC|Meta Winner: 4 players|Random: 0.5|DoubleCrosser: (D, D)|Tit For 2 Tats"
287,2.88,-0.58,4.48,1.28,0.07,0.03,92,68,6,Anti Tit For Tat|Defector|Soft Joss: 0.9|Tit For 2 Tats|Random: 0.5|Cycler DC
288,3.9,-0.53,4.95,1.84,0.07,0.04,43,38,19,"DoubleCrosser: (D, D)|Alternator|Win-Stay Lose-Shift|Soft Joss: 0.9|Tit For 2 Tats|GTFT: 0.33|Defector|Win-Shift Lose-Stay: D|Evolved HMM 5|Meta Mixer: 17 players|Anti Tit For Tat|Random: 0.5|Meta Winner: 17 players|Suspicious Tit For Tat|Cooperator|Cycler DC|Bully|Evolved FSM 16|Tit For Tat"
289,2.2,-0.22,4.53,1.31,0.08,0.07,96,151,9,"Evolved HMM 5|GTFT: 0.33|Defector|Meta Mixer: 7 players|Alternator|Meta Winner: 7 players|Random: 0.5|Anti Tit For Tat|DoubleCrosser: (D, D)"
290,3.05,-0.3,4.82,1.37,0.07,0.03,14,7,5,Anti Tit For Tat|Suspicious Tit For Tat|Cooperator|Evolved FSM 16|Bully
291,3.93,0.39,5.13,1.79,0.03,0.05,19,164,17,"Win-Shift Lose-Stay: D|DoubleCrosser: (D, D)|GTFT: 0.33|Meta Winner: 15 players|Defector|Tit For 2 Tats|Anti Tit For Tat|Cycler DC|Alternator|Suspicious Tit For Tat|Evolved FSM 16|Random: 0.5|Grudger|Bully|Win-Stay Lose-Shift|Meta Mixer: 15 players|Cooperator"
292,3.96,-0.21,4.14,0.4,0.06,0.01,79,197,16,"Suspicious Tit For Tat|Cooperator|Soft Joss: 0.9|Win-Shift Lose-Stay: D|Meta Mixer: 15 players|Alternator|Anti Tit For Tat|DoubleCrosser: (D, D)|Win-Stay Lose-Shift|Cycler DC|Tit For Tat|Evolved FSM 16|Grudger|Tit For 2 Tats|Defector|Evolved HMM 5"
293,3.33,0.4,5.87,0.53,0.09,0.06,75,182,18,"Random: 0.5|DoubleCrosser: (D, D)|Tit For 2 Tats|Bully|Tit For Tat|Alternator|Suspicious Tit For Tat|Grudger|Meta Winner: 16 players|Anti Tit For Tat|Win-Stay Lose-Shift|Win-Shift Lose-Stay: D|Defector|Evolved HMM 5|Evolved FSM 16|Meta Mixer: 16 players|Cooperator|Soft Joss: 0.9"
294,3.92,0.07,5.26,0.18,0.1,0.01,68,195,12,Suspicious Tit For Tat|Defector|Evolved FSM 16|Anti Tit For Tat|Tit For 2 Tats|GTFT: 0.33|Cooperator|Cycler DC|Grudger|Meta Winner: 10 players|Evolved HMM 5|Meta Mixer: 10 players
295,3.77,-0.62,4.97,0.88,0.0,0.0,85,62,18,"Tit For 2 Tats|Bully|Evolved FSM 16|Win-Stay Lose-Shift|Random: 0.5|Win-Shift Lose-Stay: D|DoubleCrosser: (D, D)|Meta Winner: 16 players|Tit For Tat|Alternator|GTFT: 0.33|Defector|Evolved HMM 5|Meta Mixer: 16 players|Soft Joss: 0.9|Grudger|Cooperator|Cycler DC"
296,3.31,0.88,4.42,1.05,0.09,0.05,84,60,5,Anti Tit For Tat|Cycler DC|Random: 0.5|Alternator|Evolved FSM 16
297,3.24,0.3,5.81,0.49,0.0,0.06,49,25,17,"Meta Winner: 15 players|Defector|Bully|Cooperator|Evolved HMM 5|Tit For Tat|Win-Stay Lose-Shift|Tit For 2 Tats|DoubleCrosser: (D, D)|Random: 0.5|Anti Tit For Tat|GTFT: 0.33|Suspicious Tit For Tat|Evolved FSM 16|Meta Mixer: 15 players|Win-Shift Lose-Stay: D|Soft Joss: 0.9"
298,3.37,-0.36,4.24,1.09,0.1,0.02,15,152,8,GTFT: 0.33|Bully|Cooperator|Win-Shift Lose-Stay: D|Cycler DC|Tit For 2 Tats|Suspicious Tit For Tat|Meta Mixer: 7 players
299,2.2,0.22,4.08,1.69,0.08,0.0,72,21,3,Alternator|Defector|Bully
300,3.19,0.39,5.41,0.57,0.08,0.05,26,53,7,"Win-Shift Lose-Stay: D|Evolved HMM 5|Soft Joss: 0.9|DoubleCrosser: (D, D)|Tit For Tat|Bully|Win-Stay Lose-Shift"
301,3.19,0.22,5.38,1.43,0.01,0.08,48,90,16,"Alternator|Evolved FSM 16|Tit For Tat|Suspicious Tit For Tat|Cooperator|Win-Shift Lose-Stay: D|Anti Tit For Tat|Win-Stay Lose-Shift|Defector|Soft Joss: 0.9|GTFT: 0.33|Random: 0.5|Meta Mixer: 15 players|Evolved HMM 5|Grudger|DoubleCrosser: (D, D)"
302,3.29,-0.13,4.09,0.57,0.03,0.08,68,12,6,Anti Tit For Tat|Evolved FSM 16|Defector|Meta Mixer: 5 players|Alternator|Tit For Tat
303,2.22,-0.53,4.46,0.46,0.04,0.02,38,19,18,"Meta Mixer: 16 players|Random: 0.5|Anti Tit For Tat|DoubleCrosser: (D, D)|Cycler DC|Cooperator|Win-Stay Lose-Shift|Tit For Tat|Bully|Suspicious Tit For Tat|Defector|Grudger|Tit For 2 Tats|Evolved HMM 5|Evolved FSM 16|Win-Shift Lose-Stay: D|Meta Winner: 16 players|Alternator"
304,2.93,0.52,4.22,0.84,0.02,0.03,30,164,8,"Meta Mixer: 6 players|Evolved FSM 16|Tit For Tat|Bully|DoubleCrosser: (D, D)|Random: 0.5|Win-Shift Lose-Stay: D|Meta Winner: 6 players"
305,2.86,-0.5,4.03,1.75,0.04,0.02,85,39,3,"DoubleCrosser: (D, D)|Anti Tit For Tat|Meta Mixer: 2 players"
306,3.47,-0.15,5.98,1.01,0.04,0.08,99,26,17,"Random: 0.5|Tit For Tat|Bully|Alternator|DoubleCrosser: (D, D)|Cooperator|Evolved FSM 16|Defector|Cycler DC|Soft Joss: 0.9|Anti Tit For Tat|Evolved HMM 5|Meta Mixer: 15 players|Tit For 2 Tats|Meta Winner: 15 players|Win-Stay Lose-Shift|GTFT: 0.33"
307,3.49,-0.09,5.72,0.05,0.08,0.09,61,48,14,Soft Joss: 0.9|Alternator|Bully|Tit For 2 Tats|GTFT: 0.33|Win-Shift Lose-Stay: D|Meta Mixer: 12 players|Cycler DC|Suspicious Tit For Tat|Evolved HMM 5|Win-Stay Lose-Shift|Meta Winner: 12 players|Cooperator|Grudger
308,3.82,-0.9,5.03,0.73,0.04,0.05,15,94,14,"Defector|Evolved FSM 16|Bully|Suspicious Tit For Tat|Cycler DC|Meta Winner: 12 players|Cooperator|Win-Shift Lose-Stay: D|Anti Tit For Tat|GTFT: 0.33|Tit For Tat|DoubleCrosser: (D, D)|Tit For 2 Tats|Meta Mixer: 12 players"
309,2.53,-0.45,4.71,1.36,0.01,0.03,72,129,19,"Cooperator|Random: 0.5|Evolved FSM 16|Win-Stay Lose-Shift|Soft Joss: 0.9|Evolved HMM 5|Defector|Tit For 2 Tats|GTFT: 0.33|Anti Tit For Tat|Meta Winner: 17 players|Tit For Tat|Grudger|Alternator|Meta Mixer: 17 players|Win-Shift Lose-Stay: D|Bully|Suspicious Tit For Tat|DoubleCrosser: (D, D)"
310,2.22,-0.7,4.33,0.3,0.02,0.1,12,76,16,"Evolved FSM 16|Cycler DC|Random: 0.5|Grudger|DoubleCrosser: (D, D)|Tit For Tat|Evolved HMM 5|GTFT: 0.33|Alternator|Meta Mixer: 14 players|Cooperator|Anti Tit For Tat|Meta Winner: 14 players|Suspicious Tit For Tat|Win-Shift Lose-Stay: D|Tit For 2 Tats"
311,2.82,0.29,5.29,0.69,0.03,0.06,99,136,20,"Soft Joss: 0.9|Meta Winner: 18 players|Win-Stay Lose-Shift|Cycler DC|Evolved FSM 16|Bully|Tit For 2 Tats|Evolved HMM 5|Cooperator|Tit For Tat|Defector|DoubleCrosser: (D, D)|Alternator|Anti Tit For Tat|Meta Mixer: 18 players|Random: 0.5|Grudger|GTFT: 0.33|Win-Shift Lose-Stay: D|Suspicious Tit For Tat"
312,2.88,-0.59,5.15,0.74,0.07,0.07,54,38,14,"Soft Joss: 0.9|Evolved FSM 16|Defector|Win-Stay Lose-Shift|Cooperator|Meta Winner: 12 players|Alternator|Suspicious Tit For Tat|Tit For Tat|Bully|Grudger|Meta Mixer: 12 players|GTFT: 0.33|DoubleCrosser: (D, D)"
313,3.79,0.51,4.59,1.94,0.1,0.07,82,187,17,GTFT: 0.33|Cooperator|Random: 0.5|Anti Tit For Tat|Cycler DC|Meta Winner: 15 players|Win-Shift Lose-Stay: D|Evolved HMM 5|Evolved FSM 16|Alternator|Suspicious Tit For Tat|Meta Mixer: 15 players|Tit For Tat|Bully|Soft Joss: 0.9|Win-Stay Lose-Shift|Defector
314,3.92,-0.21,5.35,1.95,0.05,0.06,75,15,14,"Tit For 2 Tats|Cycler DC|DoubleCrosser: (D, D)|Grudger|Meta Winner: 12 players|Defector|Alternator|Meta Mixer: 12 players|Soft Joss: 0.9|Evolved HMM 5|Random: 0.5|Tit For Tat|Anti Tit For Tat|Win-Shift Lose-Stay: D"
315,3.61,-0.15,4.58,1.94,0.09,0.01,85,154,5,Cycler DC|Suspicious Tit For Tat|Win-Stay Lose-Shift|Random: 0.5|GTFT: 0.33
316,3.92,-0.82,4.13,1.51,0.04,0.09,63,45,20,"Soft Joss: 0.9|Meta Mixer: 18 players|Cycler DC|Suspicious Tit For Tat|Defector|DoubleCrosser: (D, D)|Evolved HMM 5|Evolved FSM 16|Win-Shift Lose-Stay: D|Tit For Tat|Alternator|Tit For 2 Tats|Grudger|Cooperator|GTFT: 0.33|Meta Winner: 18 players|Anti Tit For Tat|Win-Stay Lose-Shift|Bully|Random: 0.5"
317,3.91,-0.05,4.53,1.67,0.07,0.09,63,46,18,"Tit For Tat|Alternator|Cooperator|Win-Shift Lose-Stay: D|Random: 0.5|Anti Tit For Tat|Win-Stay Lose-Shift|Grudger|Defector|DoubleCrosser: (D, D)|Meta Winner: 16 players|Suspicious Tit For Tat|Cycler DC|Tit For 2 Tats|Evolved HMM 5|Evolved FSM 16|Meta Mixer: 16 players|Soft Joss: 0.9"
318,3.15,-0.67,5.03,1.69,0.01,0.03,98,35,14,"Defector|Anti Tit For Tat|Win-Shift Lose-Stay: D|Grudger|DoubleCrosser: (D, D)|GTFT: 0.33|Meta Winner: 12 players|Alternator|Cycler DC|Evolved HMM 5|Evolved FSM 16|Meta Mixer: 12 players|Cooperator|Suspicious Tit For Tat"
319,3.53,-0.67,5.26,1.2,0.03,0.03,97,78,11,Grudger|Cooperator|Evolved FSM 16|Meta Winner: 10 players|Cycler DC|Alternator|Bully|Win-Shift Lose-Stay: D|Random: 0.5|Defector|Tit For Tat
320,3.84,-0.56,4.82,0.33,0.05,0.08,81,158,19,"Evolved FSM 16|Meta Winner: 17 players|Cooperator|DoubleCrosser: (D, D)|Soft Joss: 0.9|Random: 0.5|Anti Tit For Tat|Evolved HMM 5|Bully|Alternator|Tit For Tat|Defector|Cycler DC|Win-Shift Lose-Stay: D|Grudger|Tit For 2 Tats|Meta Mixer: 17 players|Suspicious Tit For Tat|Win-Stay Lose-Shift"
321,2.61,-0.76,4.34,1.49,0.01,0.07,98,59,12,"Cycler DC|Suspicious Tit For Tat|Meta Winner: 11 players|Bully|DoubleCrosser: (D, D)|Grudger|Tit For 2 Tats|Random: 0.5|Anti Tit For Tat|Soft Joss: 0.9|Alternator|Tit For Tat"
322,3.34,0.56,4.13,1.51,0.09,0.02,35,48,14,Alternator|Bully|Cycler DC|Win-Shift Lose-Stay: D|Grudger|Defector|Meta Mixer: 12 players|Evolved HMM 5|Random: 0.5|Win-Stay Lose-Shift|Cooperator|Tit For 2 Tats|Anti Tit For Tat|Meta Winner: 12 players
323,3.53,0.43,5.64,1.06,0.1,0.02,78,2,6,Suspicious Tit For Tat|Evolved HMM 5|Random: 0.5|Grudger|Defector|Tit For Tat
324,3.03,0.52,4.85,0.82,0.03,0.05,76,35,18,"Grudger|Win-Stay Lose-Shift|Evolved FSM 16|Anti Tit For Tat|Bully|Defector|Tit For Tat|Evolved HMM 5|Suspicious Tit For Tat|Cycler DC|DoubleCrosser: (D, D)|GTFT: 0.33|Meta Mixer: 16 players|Tit For 2 Tats|Win-Shift Lose-Stay: D|Cooperator|Random: 0.5|Meta Winner: 16 players"
325,2.88,-0.83,4.21,1.32,0.01,0.04,85,27,8,"Bully|Grudger|Suspicious Tit For Tat|GTFT: 0.33|Evolved FSM 16|Win-Stay Lose-Shift|DoubleCrosser: (D, D)|Random: 0.5"
326,3.68,-0.44,4.25,1.45,0.07,0.06,44,194,15,"Grudger|Random: 0.5|Tit For 2 Tats|Meta Mixer: 13 players|Win-Shift Lose-Stay: D|Bully|Evolved FSM 16|Tit For Tat|Anti Tit For Tat|Meta Winner: 13 players|Cycler DC|DoubleCrosser: (D, D)|Evolved HMM 5|GTFT: 0.33|Defector"
327,2.61,0.52,4.65,1.25,0.07,0.05,73,120,9,Win-Stay Lose-Shift|Random: 0.5|Meta Mixer: 8 players|Evolved HMM 5|Win-Shift Lose-Stay: D|Evolved FSM 16|Defector|Tit For 2 Tats|Soft Joss: 0.9
328,3.91,-0.14,5.09,0.06,0.09,0.04,50,97,17,"Soft Joss: 0.9|Anti Tit For Tat|Meta Mixer: 15 players|Defector|Win-Stay Lose-Shift|Meta Winner: 15 players|Grudger|Bully|Tit For Tat|Suspicious Tit For Tat|Tit For 2 Tats|Cycler DC|GTFT: 0.33|Cooperator|Alternator|Win-Shift Lose-Stay: D|DoubleCrosser: (D, D)"
329,3.37,-0.05,5.32,1.14,0.09,0.05,60,68,18,"Meta Mixer: 16 players|Tit For 2 Tats|Grudger|Win-Stay Lose-Shift|GTFT: 0.33|Alternator|Soft Joss: 0.9|Evolved HMM 5|DoubleCrosser: (D, D)|Bully|Defector|Meta Winner: 16 players|Evolved FSM 16|Suspicious Tit For Tat|Win-Shift Lose-Stay: D|Random: 0.5|Cooperator|Tit For Tat"
330,3.98,-0.89,4.86,0.82,0.02,0.02,49,152,5,Bully|Win-Stay Lose-Shift|Cooperator|GTFT: 0.33|Defector
331,2.65,0.73,4.04,0.92,0.06,0.09,44,6,18,Meta Mixer: 17 players|Alternator|GTFT: 0.33|Tit For 2 Tats|Evolved HMM 5|Defector|Win-Stay Lose-Shift|Anti Tit For Tat|Tit For Tat|Random: 0.5|Cooperator|Soft Joss: 0.9|Grudger|Cycler DC|Win-Shift Lose-Stay: D|Bully|Evolved FSM 16|Suspicious Tit For Tat
332,3.94,0.27,4.6,0.4,0.1,0.01,78,55,12,"Win-Shift Lose-Stay: D|Anti Tit For Tat|Win-Stay Lose-Shift|Tit For 2 Tats|Tit For Tat|Evolved FSM 16|Grudger|Meta Mixer: 11 players|DoubleCrosser: (D, D)|Soft Joss: 0.9|Evolved HMM 5|Defector"
333,3.13,-0.15,4.55,1.06,0.03,0.01,48,130,12,"DoubleCrosser: (D, D)|Evolved FSM 16|GTFT: 0.33|Suspicious Tit For Tat|Meta Winner: 11 players|Evolved HMM 5|Cycler DC|Win-Stay Lose-Shift|Win-Shift Lose-Stay: D|Tit For Tat|Grudger|Bully"
334,3.26,-0.63,5.76,1.03,0.05,0.07,69,69,20,"Meta Winner: 18 players|DoubleCrosser: (D, D)|Anti Tit For Tat|Evolved HMM 5|Suspicious Tit For Tat|Defector|Tit For Tat|Bully|Cooperator|Tit For 2 Tats|Cycler DC|Random: 0.5|Win-Shift Lose-Stay: D|GTFT: 0.33|Alternator|Evolved FSM 16|Grudger|Win-Stay Lose-Shift|Meta Mixer: 18 players|Soft Joss: 0.9"
335,3.2,-0.77,4.51,0.81,0.02,0.02,49,119,18,"Evolved FSM 16|DoubleCrosser: (D, D)|Meta Mixer: 16 players|Anti Tit For Tat|Suspicious Tit For Tat|Bully|Cycler DC|Soft Joss: 0.9|Alternator|Meta Winner: 16 players|GTFT: 0.33|Win-Shift Lose-Stay: D|Tit For 2 Tats|Defector|Grudger|Cooperator|Random: 0.5|Win-Stay Lose-Shift"
336,3.89,-0.72,4.18,1.45,0.01,0.07,25,134,19,"Win-Shift Lose-Stay: D|Random: 0.5|Bully|Tit For Tat|Cooperator|Tit For 2 Tats|Soft Joss: 0.9|Defector|DoubleCrosser: (D, D)|Win-Stay Lose-Shift|Suspicious Tit For Tat|Meta Mixer: 17 players|GTFT: 0.33|Anti Tit For Tat|Evolved HMM 5|Alternator|Grudger|Cycler DC|Meta Winner: 17 players"
337,2.51,-0.02,4.88,1.18,0.04,0.09,50,140,16,Random: 0.5|Tit For Tat|Win-Shift Lose-Stay: D|Cycler DC|Grudger|Meta Mixer: 14 players|Meta Winner: 14 players|Defector|Evolved HMM 5|Alternator|Win-Stay Lose-Shift|GTFT: 0.33|Evolved FSM 16|Tit For 2 Tats|Suspicious Tit For Tat|Anti Tit For Tat
338,2.77,0.4,4.51,1.28,0.09,0.07,78,61,17,"Tit For 2 Tats|Alternator|Meta Winner: 15 players|Win-Shift Lose-Stay: D|Win-Stay Lose-Shift|Anti Tit For Tat|DoubleCrosser: (D, D)|Evolved FSM 16|Cooperator|Cycler DC|Grudger|Bully|Tit For Tat|Defector|Evolved HMM 5|Random: 0.5|Meta Mixer: 15 players"
339,3.85,-0.16,5.47,0.67,0.09,0.01,30,179,11,"Evolved HMM 5|Bully|Grudger|DoubleCrosser: (D, D)|GTFT: 0.33|Tit For Tat|Evolved FSM 16|Alternator|Tit For 2 Tats|Random: 0.5|Meta Mixer: 10 players"
340,3.58,-0.2,5.26,0.27,0.06,0.03,20,29,8,"Tit For Tat|Evolved HMM 5|Cycler DC|DoubleCrosser: (D, D)|GTFT: 0.33|Meta Winner: 7 players|Soft Joss: 0.9|Grudger"
341,2.35,-0.34,4.27,1.19,0.03,0.01,57,47,15,"Tit For 2 Tats|Meta Mixer: 13 players|Tit For Tat|Alternator|Evolved HMM 5|Soft Joss: 0.9|Win-Shift Lose-Stay: D|GTFT: 0.33|Win-Stay Lose-Shift|Meta Winner: 13 players|Cooperator|Anti Tit For Tat|Evolved FSM 16|DoubleCrosser: (D, D)|Bully"
342,3.44,0.84,4.23,0.87,0.05,0.07,25,58,9,Suspicious Tit For Tat|Win-Shift Lose-Stay: D|Win-Stay Lose-Shift|Random: 0.5|Tit For 2 Tats|Bully|Meta Winner: 8 players|Cooperator|Evolved FSM 16
343,3.65,-0.62,4.43,1.45,0.02,0.08,13,75,11,Tit For Tat|Soft Joss: 0.9|Meta Winner: 9 players|Grudger|Meta Mixer: 9 players|Anti Tit For Tat|Alternator|Evolved FSM 16|Bully|Defector|Suspicious Tit For Tat
344,3.43,0.47,5.37,1.42,0.03,0.01,17,14,13,Tit For Tat|Random: 0.5|Grudger|Anti Tit For Tat|Alternator|Cycler DC|Win-Shift Lose-Stay: D|Win-Stay Lose-Shift|Suspicious Tit For Tat|Soft Joss: 0.9|Evolved FSM 16|Defector|Bully
345,3.12,-0.48,5.94,1.16,0.05,0.09,69,34,5,"GTFT: 0.33|Evolved HMM 5|DoubleCrosser: (D, D)|Cycler DC|Win-Shift Lose-Stay: D"
346,3.5,-0.43,5.67,1.85,0.09,0.06,43,133,13,"DoubleCrosser: (D, D)|Defector|GTFT: 0.33|Random: 0.5|Cycler DC|Win-Shift Lose-Stay: D|Meta Winner: 12 players|Evolved FSM 16|Tit For 2 Tats|Tit For Tat|Alternator|Cooperator|Bully"
347,2.37,-0.67,4.11,0.94,0.05,0.01,73,11,17,"Grudger|Evolved FSM 16|Random: 0.5|Soft Joss: 0.9|Meta Mixer: 15 players|Anti Tit For Tat|DoubleCrosser: (D, D)|Meta Winner: 15 players|Bully|Evolved HMM 5|Defector|GTFT: 0.33|Cooperator|Suspicious Tit For Tat|Tit For 2 Tats|Win-Shift Lose-Stay: D|Cycler DC"
348,3.65,0.33,5.5,1.13,0.02,0.1,10,135,8,"DoubleCrosser: (D, D)|Bully|Tit For Tat|Random: 0.5|Cooperator|Soft Joss: 0.9|Defector|Alternator"
349,3.96,-0.25,4.57,0.24,0.09,0.01,51,40,3,Bully|Soft Joss: 0.9|Random: 0.5
350,3.91,-0.99,4.91,1.19,0.1,0.07,67,84,7,Suspicious Tit For Tat|Anti Tit For Tat|Win-Stay Lose-Shift|GTFT: 0.33|Meta Mixer: 6 players|Grudger|Random: 0.5
351,3.2,-0.49,5.09,0.19,0.02,0.08,61,23,3,Suspicious Tit For Tat|Defector|Tit For 2 Tats
352,2.98,0.61,4.24,0.86,0.03,0.07,26,92,6,Grudger|Evolved HMM 5|Suspicious Tit For Tat|Random: 0.5|Soft Joss: 0.9|Meta Mixer: 5 players
353,2.54,-0.82,4.78,1.2,0.04,0.04,33,112,16,"Bully|Anti Tit For Tat|Evolved HMM 5|GTFT: 0.33|Soft Joss: 0.9|Evolved FSM 16|Cooperator|Random: 0.5|Tit For 2 Tats|Meta Winner: 14 players|Tit For Tat|Win-Shift Lose-Stay: D|Meta Mixer: 14 players|Grudger|DoubleCrosser: (D, D)|Defector"
354,3.1,0.03,5.14,1.83,0.05,0.04,69,170,11,Grudger|Win-Shift Lose-Stay: D|Bully|Evolved HMM 5|Alternator|Anti Tit For Tat|Meta Winner: 10 players|GTFT: 0.33|Tit For Tat|Evolved FSM 16|Tit For 2 Tats
355,3.45,-0.1,4.63,1.51,0.08,0.03,33,55,8,"Bully|Win-Shift Lose-Stay: D|Cooperator|DoubleCrosser: (D, D)|Alternator|Random: 0.5|Suspicious Tit For Tat|Anti Tit For Tat"
356,3.31,-0.19,4.03,0.92,0.07,0.07,72,78,14,"Tit For 2 Tats|Win-Stay Lose-Shift|Bully|Cycler DC|Evolved HMM 5|Alternator|Cooperator|Anti Tit For Tat|Soft Joss: 0.9|DoubleCrosser: (D, D)|Grudger|GTFT: 0.33|Tit For Tat|Defector"
357,2.97,-0.1,4.89,0.04,0.02,0.03,60,14,13,"Alternator|Cooperator|DoubleCrosser: (D, D)|Evolved FSM 16|Random: 0.5|Grudger|Win-Stay Lose-Shift|Evolved HMM 5|Soft Joss: 0.9|Win-Shift Lose-Stay: D|Cycler DC|Meta Winner: 12 players|Tit For Tat"
358,3.03,0.87,4.8,1.45,0.09,0.09,39,183,4,"Evolved HMM 5|Alternator|DoubleCrosser: (D, D)|GTFT: 0.33"
359,3.25,-0.1,4.23,1.29,0.04,0.02,34,121,14,Soft Joss: 0.9|Tit For Tat|Evolved HMM 5|Meta Mixer: 12 players|GTFT: 0.33|Meta Winner: 12 players|Win-Stay Lose-Shift|Grudger|Random: 0.5|Evolved FSM 16|Bully|Cycler DC|Suspicious Tit For Tat|Cooperator
360,3.35,0.59,5.67,1.47,0.08,0.08,89,54,12,Bully|Random: 0.5|Cycler DC|Defector|Suspicious Tit For Tat|Meta Winner: 10 players|Win-Stay Lose-Shift|Tit For Tat|Anti Tit For Tat|Meta Mixer: 10 players|Tit For 2 Tats|Evolved FSM 16
361,3.11,-0.28,4.47,2.0,0.03,0.07,32,129,4,"Bully|GTFT: 0.33|DoubleCrosser: (D, D)|Cooperator"
362,2.3,0.03,4.53,1.38,0.07,0.07,66,118,6,Cooperator|Meta Winner: 4 players|Evolved FSM 16|Anti Tit For Tat|Meta Mixer: 4 players|Bully
363,3.74,-0.69,5.26,1.82,0.03,0.04,74,128,6,"Cycler DC|Grudger|GTFT: 0.33|Meta Winner: 5 players|Cooperator|DoubleCrosser: (D, D)"
364,3.94,-0.99,4.4,1.54,0.08,0.05,46,130,8,"Bully|Win-Shift Lose-Stay: D|Grudger|DoubleCrosser: (D, D)|Evolved FSM 16|GTFT: 0.33|Soft Joss: 0.9|Cooperator"
365,3.51,-0.54,4.3,0.84,0.08,0.04,62,118,19,"Grudger|Alternator|Soft Joss: 0.9|Cycler DC|Meta Mixer: 17 players|Meta Winner: 17 players|Tit For 2 Tats|Win-Shift Lose-Stay: D|Anti Tit For Tat|Evolved FSM 16|Defector|Win-Stay Lose-Shift|Suspicious Tit For Tat|Tit For Tat|GTFT: 0.33|Cooperator|Random: 0.5|DoubleCrosser: (D, D)|Evolved HMM 5"
366,3.28,-0.88,5.32,1.81,0.06,0.07,94,134,12,"DoubleCrosser: (D, D)|Tit For 2 Tats|Evolved FSM 16|Win-Stay Lose-Shift|GTFT: 0.33|Soft Joss: 0.9|Defector|Alternator|Cycler DC|Win-Shift Lose-Stay: D|Evolved HMM 5|Bully"
367,2.89,0.09,5.4,0.41,0.08,0.07,99,89,15,"Suspicious Tit For Tat|Win-Stay Lose-Shift|Bully|Anti Tit For Tat|GTFT: 0.33|Meta Winner: 13 players|Grudger|DoubleCrosser: (D, D)|Tit For 2 Tats|Evolved FSM 16|Win-Shift Lose-Stay: D|Meta Mixer: 13 players|Cycler DC|Evolved HMM 5|Alternator"
368,3.78,-0.48,4.05,1.08,0.08,0.03,64,130,6,Anti Tit For Tat|Grudger|Win-Shift Lose-Stay: D|Evolved HMM 5|Meta Mixer: 4 players|Meta Winner: 4 players
369,3.3,-0.4,4.1,0.25,0.07,0.05,40,191,20,"Meta Winner: 18 players|Tit For Tat|Grudger|Win-Stay Lose-Shift|Evolved HMM 5|GTFT: 0.33|Tit For 2 Tats|Evolved FSM 16|Random: 0.5|Soft Joss: 0.9|Bully|Suspicious Tit For Tat|Cooperator|Alternator|DoubleCrosser: (D, D)|Cycler DC|Anti Tit For Tat|Meta Mixer: 18 players|Defector|Win-Shift Lose-Stay: D"
370,2.85,-0.82,4.29,0.82,0.04,0.01,37,115,5,Grudger|Evolved HMM 5|Tit For 2 Tats|Meta Mixer: 4 players|Evolved FSM 16
371,3.9,-0.17,5.38,1.46,0.02,0.05,72,183,17,Cycler DC|Evolved HMM 5|Meta Mixer: 15 players|Cooperator|Suspicious Tit For Tat|Tit For Tat|Soft Joss: 0.9|Alternator|Grudger|Bully|Win-Shift Lose-Stay: D|Defector|Anti Tit For Tat|Meta Winner: 15 players|Evolved FSM 16|Tit For 2 Tats|Random: 0.5
372,2.58,-0.76,4.74,1.05,0.03,0.04,47,125,3,"Cycler DC|Meta Winner: 2 players|DoubleCrosser: (D, D)"
373,3.79,-0.57,4.1,1.78,0.08,0.05,25,141,14,"Bully|Anti Tit For Tat|DoubleCrosser: (D, D)|Random: 0.5|Win-Stay Lose-Shift|Evolved HMM 5|Tit For Tat|Defector|Suspicious Tit For Tat|Evolved FSM 16|Soft Joss: 0.9|Meta Winner: 13 players|Win-Shift Lose-Stay: D|Cycler DC"
374,3.52,-0.7,5.27,1.33,0.07,0.01,89,171,16,Tit For 2 Tats|Tit For Tat|Meta Winner: 14 players|GTFT: 0.33|Anti Tit For Tat|Evolved HMM 5|Meta Mixer: 14 players|Grudger|Cycler DC|Soft Joss: 0.9|Random: 0.5|Bully|Alternator|Evolved FSM 16|Defector|Win-Shift Lose-Stay: D
375,2.95,-0.76,4.38,1.79,0.09,0.02,12,71,9,Tit For Tat|Meta Mixer: 7 players|Soft Joss: 0.9|Bully|GTFT: 0.33|Suspicious Tit For Tat|Win-Stay Lose-Shift|Alternator|Meta Winner: 7 players
376,2.63,-0.77,5.72,0.51,0.01,0.02,28,47,11,"Bully|Cycler DC|Win-Stay Lose-Shift|DoubleCrosser: (D, D)|Defector|Alternator|Evolved FSM 16|Random: 0.5|Meta Winner: 10 players|Soft Joss: 0.9|GTFT: 0.33"
377,3.88,-0.9,4.52,1.8,0.02,0.06,40,127,19,"Evolved HMM 5|Tit For 2 Tats|Cooperator|Win-Shift Lose-Stay: D|Anti Tit For Tat|Defector|Tit For Tat|Meta Winner: 17 players|Suspicious Tit For Tat|Random: 0.5|DoubleCrosser: (D, D)|Alternator|Grudger|Soft Joss: 0.9|GTFT: 0.33|Meta Mixer: 17 players|Bully|Evolved FSM 16|Cycler DC"
378,3.11,-0.39,4.49,1.57,0.04,0.01,91,129,9,Cycler DC|Grudger|Evolved FSM 16|Defector|Tit For Tat|Win-Shift Lose-Stay: D|Suspicious Tit For Tat|Soft Joss: 0.9|Random: 0.5
379,3.63,0.24,4.08,1.92,0.07,0.02,17,124,11,"Meta Winner: 9 players|Win-Shift Lose-Stay: D|Tit For 2 Tats|Grudger|Suspicious Tit For Tat|Win-Stay Lose-Shift|DoubleCrosser: (D, D)|Meta Mixer: 9 players|Cycler DC|Alternator|Bully"
380,3.13,-0.21,5.48,0.6,0.01,0.01,81,72,16,"Suspicious Tit For Tat|Evolved HMM 5|GTFT: 0.33|Evolved FSM 16|Win-Shift Lose-Stay: D|Tit For 2 Tats|Grudger|Tit For Tat|Cycler DC|Cooperator|Defector|Win-Stay Lose-Shift|Meta Mixer: 15 players|Soft Joss: 0.9|DoubleCrosser: (D, D)|Bully"
381,3.38,-1.0,4.03,1.29,0.05,0.09,96,45,16,Evolved FSM 16|Random: 0.5|Tit For 2 Tats|Bully|Evolved HMM 5|Win-Shift Lose-Stay: D|Alternator|GTFT: 0.33|Tit For Tat|Meta Winner: 14 players|Anti Tit For Tat|Defector|Suspicious Tit For Tat|Grudger|Cycler DC|Meta Mixer: 14 players
382,3.68,0.97,4.77,1.62,0.01,0.04,34,114,3,Tit For Tat|Alternator|Win-Shift Lose-Stay: D
383,2.55,-0.66,4.22,1.0,0.02,0.07,96,175,8,Bully|Meta Mixer: 6 players|Cycler DC|Meta Winner: 6 players|Evolved FSM 16|Random: 0.5|Win-Stay Lose-Shift|Cooperator
384,3.94,0.23,4.05,1.36,0.07,0.09,10,110,4,"GTFT: 0.33|DoubleCrosser: (D, D)|Meta Mixer: 3 players|Win-Shift Lose-Stay: D"
385,3.04,0.03,4.24,0.99,0.0,0.07,16,72,16,"Evolved FSM 16|Soft Joss: 0.9|GTFT: 0.33|Alternator|Tit For 2 Tats|Cooperator|Defector|Anti Tit For Tat|Win-Stay Lose-Shift|Evolved HMM 5|Meta Mixer: 15 players|Suspicious Tit For Tat|Random: 0.5|Tit For Tat|Win-Shift Lose-Stay: D|DoubleCrosser: (D, D)"
386,2.13,-0.94,4.66,1.25,0.04,0.0,90,86,11,"Tit For Tat|Cooperator|Random: 0.5|Meta Winner: 9 players|GTFT: 0.33|DoubleCrosser: (D, D)|Alternator|Defector|Win-Shift Lose-Stay: D|Meta Mixer: 9 players|Anti Tit For Tat"
387,3.24,0.25,5.55,1.53,0.06,0.01,17,9,15,"GTFT: 0.33|Bully|Cycler DC|Anti Tit For Tat|Soft Joss: 0.9|Alternator|Evolved FSM 16|Win-Stay Lose-Shift|Meta Winner: 14 players|Suspicious Tit For Tat|Evolved HMM 5|Tit For 2 Tats|Random: 0.5|DoubleCrosser: (D, D)|Tit For Tat"
388,3.2,-0.98,4.47,1.32,0.04,0.08,89,159,6,GTFT: 0.33|Alternator|Soft Joss: 0.9|Evolved HMM 5|Meta Winner: 5 players|Win-Stay Lose-Shift
389,2.21,-0.86,4.38,1.19,0.08,0.02,83,33,19,"Win-Shift Lose-Stay: D|Grudger|DoubleCrosser: (D, D)|Random: 0.5|Soft Joss: 0.9|Bully|Cooperator|Evolved HMM 5|Alternator|Meta Mixer: 17 players|Tit For 2 Tats|Cycler DC|Suspicious Tit For Tat|Meta Winner: 17 players|Defector|Win-Stay Lose-Shift|Tit For Tat|Evolved FSM 16|GTFT: 0.33"
390,2.62,-0.26,4.29,0.69,0.0,0.06,96,38,4,Tit For Tat|Evolved HMM 5|Evolved FSM 16|Anti Tit For Tat
391,3.2,0.16,5.96,0.66,0.1,0.06,63,85,8,Cooperator|Soft Joss: 0.9|Anti Tit For Tat|Random: 0.5|Tit For Tat|Meta Mixer: 7 players|Alternator|GTFT: 0.33
392,2.46,-0.52,4.45,1.25,0.07,0.1,52,190,15,"Suspicious Tit For Tat|Tit For 2 Tats|Defector|Alternator|Grudger|Evolved HMM 5|Anti Tit For Tat|Evolved FSM 16|Soft Joss: 0.9|Win-Shift Lose-Stay: D|DoubleCrosser: (D, D)|Bully|Cycler DC|Cooperator|Win-Stay Lose-Shift"
393,2.57,-0.48,4.4,0.44,0.02,0.08,41,46,9,"Alternator|Defector|Win-Shift Lose-Stay: D|Cooperator|Meta Winner: 8 players|DoubleCrosser: (D, D)|GTFT: 0.33|Bully|Suspicious Tit For Tat"
394,3.77,-0.58,5.31,0.68,0.05,0.04,57,170,8,"Evolved HMM 5|DoubleCrosser: (D, D)|Bully|Cooperator|Cycler DC|Soft Joss: 0.9|Evolved FSM 16|Tit For 2 Tats"
395,3.07,-0.36,4.38,1.39,0.04,0.06,15,196,9,Evolved FSM 16|Win-Stay Lose-Shift|Cycler DC|GTFT: 0.33|Tit For Tat|Alternator|Evolved HMM 5|Tit For 2 Tats|Meta Winner: 8 players
396,3.7,0.77,5.75,1.94,0.02,0.01,70,170,5,Defector|Evolved HMM 5|Tit For 2 Tats|Meta Mixer: 4 players|Grudger
397,2.93,-0.25,5.0,0.64,0.07,0.07,73,122,11,"Meta Mixer: 10 players|Tit For 2 Tats|Anti Tit For Tat|Suspicious Tit For Tat|Tit For Tat|Soft Joss: 0.9|Cooperator|Random: 0.5|DoubleCrosser: (D, D)|Evolved HMM 5|Grudger"
398,3.78,0.87,4.61,1.14,0.04,0.06,27,193,5,Win-Stay Lose-Shift|Soft Joss: 0.9|Evolved HMM 5|Grudger|Tit For Tat
399,2.93,-0.15,5.17,1.24,0.05,0.04,73,82,11,Tit For 2 Tats|Alternator|Defector|Soft Joss: 0.9|Tit For Tat|Cycler DC|GTFT: 0.33|Anti Tit For Tat|Evolved FSM 16|Meta Winner: 10 players|Evolved HMM 5
400,2.39,-0.39,4.4,0.66,0.08,0.07,45,49,7,"Evolved FSM 16|Win-Shift Lose-Stay: D|Alternator|Win-Stay Lose-Shift|Evolved HMM 5|DoubleCrosser: (D, D)|Defector"
401,2.94,0.52,5.31,1.03,0.01,0.04,39,186,9,Random: 0.5|Tit For Tat|Evolved HMM 5|Soft Joss: 0.9|Evolved FSM 16|Defector|Tit For 2 Tats|Anti Tit For Tat|Meta Winner: 8 players
402,2.86,-0.16,5.69,1.88,0.04,0.09,13,96,7,Meta Mixer: 6 players|Cycler DC|Win-Stay Lose-Shift|Alternator|Random: 0.5|Tit For 2 Tats|GTFT: 0.33
403,3.56,-0.35,4.81,1.08,0.0,0.08,27,40,13,"Meta Mixer: 11 players|Meta Winner: 11 players|Tit For 2 Tats|Evolved FSM 16|Suspicious Tit For Tat|Random: 0.5|Anti Tit For Tat|Win-Shift Lose-Stay: D|Soft Joss: 0.9|Cooperator|Tit For Tat|DoubleCrosser: (D, D)|Defector"
404,2.9,-0.81,5.14,1.79,0.01,0.06,14,177,18,"Alternator|Defector|Suspicious Tit For Tat|Bully|Tit For 2 Tats|Cycler DC|Cooperator|DoubleCrosser: (D, D)|Soft Joss: 0.9|GTFT: 0.33|Win-Shift Lose-Stay: D|Anti Tit For Tat|Tit For Tat|Meta Winner: 17 players|Evolved HMM 5|Grudger|Evolved FSM 16|Random: 0.5"
405,2.84,-0.22,4.26,1.49,0.09,0.02,36,80,16,"Random: 0.5|Defector|Win-Stay Lose-Shift|Suspicious Tit For Tat|Soft Joss: 0.9|Cycler DC|Cooperator|Alternator|Bully|Tit For Tat|Anti Tit For Tat|Evolved HMM 5|DoubleCrosser: (D, D)|Meta Winner: 15 players|Grudger|Win-Shift Lose-Stay: D"
406,3.76,0.4,4.58,0.91,0.07,0.03,88,45,16,"Tit For Tat|Defector|DoubleCrosser: (D, D)|Soft Joss: 0.9|Tit For 2 Tats|Evolved HMM 5|GTFT: 0.33|Bully|Grudger|Win-Stay Lose-Shift|Anti Tit For Tat|Suspicious Tit For Tat|Alternator|Evolved FSM 16|Win-Shift Lose-Stay: D|Random: 0.5"
407,3.08,-0.87,5.77,1.33,0.07,0.09,73,106,20,"Cooperator|Grudger|Bully|Meta Winner: 18 players|GTFT: 0.33|Suspicious Tit For Tat|Tit For Tat|Evolved FSM 16|Cycler DC|Evolved HMM 5|Win-Shift Lose-Stay: D|Alternator|DoubleCrosser: (D, D)|Win-Stay Lose-Shift|Soft Joss: 0.9|Random: 0.5|Meta Mixer: 18 players|Anti Tit For Tat|Tit For 2 Tats|Defector"
408,3.5,-0.86,4.65,0.97,0.05,0.02,66,36,18,"Win-Shift Lose-Stay: D|Defector|Meta Mixer: 16 players|Alternator|Cooperator|Bully|Cycler DC|Anti Tit For Tat|Meta Winner: 16 players|Suspicious Tit For Tat|Soft Joss: 0.9|Tit For 2 Tats|Evolved HMM 5|Evolved FSM 16|Win-Stay Lose-Shift|Grudger|Random: 0.5|DoubleCrosser: (D, D)"
409,3.43,0.06,4.36,1.79,0.04,0.0,91,134,6,Tit For 2 Tats|Win-Stay Lose-Shift|Soft Joss: 0.9|Anti Tit For Tat|Alternator|Random: 0.5
410,3.53,-0.25,5.54,1.86,0.02,0.01,63,8,3,GTFT: 0.33|Suspicious Tit For Tat|Bully
411,3.76,0.66,4.44,1.59,0.02,0.02,63,132,6,GTFT: 0.33|Meta Winner: 5 players|Evolved FSM 16|Suspicious Tit For Tat|Evolved HMM 5|Soft Joss: 0.9
412,3.88,-0.57,5.08,0.24,0.04,0.02,61,168,13,"Alternator|Tit For 2 Tats|Suspicious Tit For Tat|Soft Joss: 0.9|Tit For Tat|Anti Tit For Tat|GTFT: 0.33|Cycler DC|DoubleCrosser: (D, D)|Win-Stay Lose-Shift|Defector|Meta Winner: 12 players|Evolved HMM 5"
413,3.43,0.84,5.98,1.58,0.06,0.03,22,154,13,"Tit For 2 Tats|Cycler DC|GTFT: 0.33|Defector|Evolved FSM 16|DoubleCrosser: (D, D)|Random: 0.5|Tit For Tat|Anti Tit For Tat|Evolved HMM 5|Alternator|Meta Winner: 12 players|Suspicious Tit For Tat"
414,3.48,0.41,5.02,1.01,0.0,0.0,25,80,10,"DoubleCrosser: (D, D)|Tit For Tat|Bully|Anti Tit For Tat|Cycler DC|Defector|Meta Mixer: 9 players|Random: 0.5|Cooperator|Evolved FSM 16"
415,3.28,0.45,4.75,0.48,0.1,0.04,52,35,11,"GTFT: 0.33|Anti Tit For Tat|Evolved HMM 5|DoubleCrosser: (D, D)|Win-Stay Lose-Shift|Tit For 2 Tats|Alternator|Cooperator|Grudger|Defector|Meta Winner: 10 players"
416,3.08,0.33,4.48,1.81,0.02,0.07,38,156,15,"Evolved HMM 5|GTFT: 0.33|Defector|Soft Joss: 0.9|Alternator|Anti Tit For Tat|DoubleCrosser: (D, D)|Tit For Tat|Meta Winner: 13 players|Cooperator|Random: 0.5|Bully|Meta Mixer: 13 players|Grudger|Win-Stay Lose-Shift"
417,3.1,-0.59,4.35,1.59,0.05,0.04,69,80,8,"Suspicious Tit For Tat|Tit For Tat|DoubleCrosser: (D, D)|Defector|Meta Mixer: 7 players|Cycler DC|Soft Joss: 0.9|Win-Stay Lose-Shift"
418,3.95,-0.66,4.16,0.8,0.04,0.05,65,195,7,"Random: 0.5|Alternator|Tit For 2 Tats|DoubleCrosser: (D, D)|Bully|Evolved FSM 16|Cycler DC"
419,2.91,0.21,4.93,0.75,0.01,0.01,70,51,7,Suspicious Tit For Tat|Alternator|Meta Mixer: 5 players|Evolved HMM 5|Grudger|Tit For Tat|Meta Winner: 5 players
420,3.88,-0.25,5.85,1.94,0.05,0.06,85,19,16,Anti Tit For Tat|Cooperator|Tit For 2 Tats|Defector|Suspicious Tit For Tat|Evolved FSM 16|Random: 0.5|Cycler DC|Grudger|Evolved HMM 5|Win-Shift Lose-Stay: D|Tit For Tat|GTFT: 0.33|Win-Stay Lose-Shift|Alternator|Meta Mixer: 15 players
421,3.47,-0.93,5.85,0.48,0.08,0.06,96,8,7,Win-Shift Lose-Stay: D|Soft Joss: 0.9|Cycler DC|Meta Winner: 5 players|Tit For Tat|Win-Stay Lose-Shift|Meta Mixer: 5 players
422,3.83,0.17,5.29,0.8,0.09,0.05,34,109,8,"DoubleCrosser: (D, D)|Win-Shift Lose-Stay: D|Win-Stay Lose-Shift|Evolved HMM 5|Tit For 2 Tats|Evolved FSM 16|Cycler DC|Grudger"
423,3.75,-0.82,4.82,1.46,0.06,0.08,54,37,11,"Suspicious Tit For Tat|Tit For 2 Tats|Win-Stay Lose-Shift|Alternator|Defector|DoubleCrosser: (D, D)|Tit For Tat|Evolved HMM 5|Anti Tit For Tat|Grudger|Meta Winner: 10 players"
424,3.31,-0.66,5.05,1.47,0.04,0.07,35,125,8,Evolved HMM 5|Cooperator|Soft Joss: 0.9|Suspicious Tit For Tat|Defector|Meta Mixer: 7 players|Alternator|Grudger
425,3.25,0.74,4.82,1.25,0.02,0.03,58,32,11,"Bully|GTFT: 0.33|Alternator|Tit For Tat|Random: 0.5|Evolved HMM 5|Meta Mixer: 10 players|Tit For 2 Tats|Anti Tit For Tat|Evolved FSM 16|DoubleCrosser: (D, D)"
426,3.91,0.58,4.53,1.33,0.0,0.02,10,97,19,"Win-Shift Lose-Stay: D|Random: 0.5|Meta Mixer: 17 players|GTFT: 0.33|DoubleCrosser: (D, D)|Defector|Soft Joss: 0.9|Evolved HMM 5|Evolved FSM 16|Grudger|Cooperator|Tit For 2 Tats|Suspicious Tit For Tat|Win-Stay Lose-Shift|Cycler DC|Alternator|Bully|Anti Tit For Tat|Meta Winner: 17 players"
427,3.74,0.67,4.01,0.8,0.09,0.0,25,136,11,"Tit For Tat|Grudger|Soft Joss: 0.9|Random: 0.5|DoubleCrosser: (D, D)|GTFT: 0.33|Cooperator|Alternator|Evolved FSM 16|Defector|Tit For 2 Tats"
428,3.75,0.47,5.27,1.94,0.07,0.02,72,103,5,"Grudger|DoubleCrosser: (D, D)|Random: 0.5|Cooperator|Tit For 2 Tats"
429,2.39,0.04,4.59,0.29,0.06,0.09,74,9,7,Random: 0.5|Bully|Win-Stay Lose-Shift|Soft Joss: 0.9|Defector|Evolved HMM 5|Tit For Tat
430,2.96,-0.51,5.91,1.08,0.02,0.09,99,23,6,"DoubleCrosser: (D, D)|Alternator|Defector|GTFT: 0.33|Tit For 2 Tats|Random: 0.5"
431,3.44,0.9,4.56,1.33,0.07,0.07,78,163,18,"Bully|GTFT: 0.33|Tit For Tat|Meta Winner: 16 players|Meta Mixer: 16 players|Suspicious Tit For Tat|Grudger|DoubleCrosser: (D, D)|Tit For 2 Tats|Soft Joss: 0.9|Win-Shift Lose-Stay: D|Random: 0.5|Cooperator|Anti Tit For Tat|Evolved HMM 5|Alternator|Defector|Cycler DC"
432,2.68,-0.62,4.22,1.18,0.09,0.06,26,81,15,"Meta Mixer: 13 players|Alternator|Win-Stay Lose-Shift|Anti Tit For Tat|Suspicious Tit For Tat|DoubleCrosser: (D, D)|Random: 0.5|Soft Joss: 0.9|Defector|Grudger|Bully|Win-Shift Lose-Stay: D|Cooperator|Meta Winner: 13 players|Tit For Tat"
433,2.44,-0.71,4.59,1.36,0.03,0.07,99,9,13,"Win-Stay Lose-Shift|Evolved HMM 5|Cooperator|Win-Shift Lose-Stay: D|Random: 0.5|GTFT: 0.33|DoubleCrosser: (D, D)|Evolved FSM 16|Tit For Tat|Cycler DC|Suspicious Tit For Tat|Alternator|Defector"
434,3.43,0.87,4.31,1.7,0.02,0.07,32,125,15,"Win-Stay Lose-Shift|Defector|Alternator|Tit For 2 Tats|GTFT: 0.33|Suspicious Tit For Tat|Random: 0.5|Tit For Tat|Meta Mixer: 14 players|Soft Joss: 0.9|DoubleCrosser: (D, D)|Anti Tit For Tat|Cycler DC|Bully|Grudger"
435,3.4,-0.81,5.85,1.1,0.03,0.08,16,182,12,Soft Joss: 0.9|Defector|Cycler DC|Meta Winner: 10 players|Random: 0.5|Evolved FSM 16|Bully|Cooperator|Tit For 2 Tats|Grudger|Alternator|Meta Mixer: 10 players
436,3.9,0.68,4.3,0.85,0.09,0.01,70,46,4,"Cooperator|Evolved HMM 5|GTFT: 0.33|DoubleCrosser: (D, D)"
437,3.25,-0.93,5.94,0.81,0.02,0.05,98,153,8,Tit For 2 Tats|Bully|Soft Joss: 0.9|Meta Winner: 7 players|Win-Shift Lose-Stay: D|GTFT: 0.33|Evolved FSM 16|Tit For Tat
438,2.97,-0.13,4.36,1.29,0.06,0.01,18,183,20,"Defector|Tit For 2 Tats|Alternator|Meta Mixer: 18 players|Random: 0.5|Anti Tit For Tat|Win-Shift Lose-Stay: D|Win-Stay Lose-Shift|DoubleCrosser: (D, D)|GTFT: 0.33|Soft Joss: 0.9|Cooperator|Evolved HMM 5|Tit For Tat|Cycler DC|Suspicious Tit For Tat|Evolved FSM 16|Bully|Meta Winner: 18 players|Grudger"
439,2.26,-0.68,4.25,0.41,0.06,0.09,14,22,6,"Evolved HMM 5|Win-Stay Lose-Shift|Grudger|Defector|DoubleCrosser: (D, D)|GTFT: 0.33"
440,2.6,0.04,4.0,1.89,0.08,0.07,66,36,18,"GTFT: 0.33|Evolved HMM 5|Grudger|Meta Mixer: 16 players|Suspicious Tit For Tat|Evolved FSM 16|Anti Tit For Tat|Meta Winner: 16 players|Alternator|Cooperator|Soft Joss: 0.9|Tit For 2 Tats|Bully|Tit For Tat|DoubleCrosser: (D, D)|Defector|Cycler DC|Random: 0.5"
441,2.26,-0.85,4.72,1.24,0.03,0.04,30,103,17,"Bully|Win-Shift Lose-Stay: D|DoubleCrosser: (D, D)|Cycler DC|Suspicious Tit For Tat|Anti Tit For Tat|GTFT: 0.33|Grudger|Evolved HMM 5|Evolved FSM 16|Cooperator|Defector|Meta Winner: 16 players|Win-Stay Lose-Shift|Soft Joss: 0.9|Tit For Tat|Random: 0.5"
442,3.93,-0.46,4.76,0.49,0.05,0.07,62,17,13,"Bully|Grudger|GTFT: 0.33|Win-Shift Lose-Stay: D|Cycler DC|DoubleCrosser: (D, D)|Tit For 2 Tats|Cooperator|Random: 0.5|Alternator|Anti Tit For Tat|Suspicious Tit For Tat|Soft Joss: 0.9"
443,2.21,-0.65,4.76,1.85,0.07,0.03,72,25,19,"Grudger|Meta Mixer: 17 players|Win-Stay Lose-Shift|Win-Shift Lose-Stay: D|Cooperator|Soft Joss: 0.9|Alternator|Bully|Defector|Suspicious Tit For Tat|Tit For 2 Tats|Meta Winner: 17 players|GTFT: 0.33|Random: 0.5|Cycler DC|Anti Tit For Tat|Evolved FSM 16|DoubleCrosser: (D, D)|Tit For Tat"
444,3.28,0.56,5.84,0.74,0.07,0.04,68,47,17,"Grudger|Soft Joss: 0.9|Evolved HMM 5|Win-Stay Lose-Shift|Win-Shift Lose-Stay: D|Suspicious Tit For Tat|Random: 0.5|Meta Winner: 15 players|Cooperator|Cycler DC|Anti Tit For Tat|GTFT: 0.33|Meta Mixer: 15 players|Tit For Tat|Bully|Alternator|DoubleCrosser: (D, D)"
445,2.48,0.15,4.15,0.19,0.01,0.03,73,3,16,"Evolved HMM 5|Cycler DC|Random: 0.5|Evolved FSM 16|Cooperator|Suspicious Tit For Tat|Alternator|Win-Stay Lose-Shift|Meta Winner: 14 players|DoubleCrosser: (D, D)|Soft Joss: 0.9|Win-Shift Lose-Stay: D|Defector|Anti Tit For Tat|Tit For Tat|Meta Mixer: 14 players"
446,3.53,-0.65,5.86,1.81,0.04,0.01,55,14,16,"Random: 0.5|Tit For 2 Tats|Defector|Grudger|Cooperator|Evolved FSM 16|GTFT: 0.33|Meta Winner: 15 players|Win-Shift Lose-Stay: D|Anti Tit For Tat|Cycler DC|Win-Stay Lose-Shift|Tit For Tat|Bully|Suspicious Tit For Tat|DoubleCrosser: (D, D)"
447,3.92,0.79,5.86,1.03,0.09,0.09,72,15,14,"Alternator|Soft Joss: 0.9|GTFT: 0.33|Win-Stay Lose-Shift|Grudger|Anti Tit For Tat|Meta Winner: 13 players|Defector|Random: 0.5|Bully|Suspicious Tit For Tat|Tit For 2 Tats|DoubleCrosser: (D, D)|Tit For Tat"
448,2.94,-0.27,4.5,0.75,0.09,0.05,44,28,17,"Soft Joss: 0.9|Defector|Cycler DC|Grudger|DoubleCrosser: (D, D)|Alternator|Meta Mixer: 15 players|Evolved HMM 5|Cooperator|Anti Tit For Tat|Tit For 2 Tats|Evolved FSM 16|Meta Winner: 15 players|GTFT: 0.33|Win-Stay Lose-Shift|Random: 0.5|Bully"
449,3.43,0.53,5.6,0.65,0.09,0.05,59,34,6,Cooperator|Alternator|Cycler DC|Evolved FSM 16|Grudger|Win-Shift Lose-Stay: D
450,3.19,-0.04,4.86,0.02,0.03,0.01,64,64,7,"Evolved HMM 5|Defector|Tit For Tat|Win-Shift Lose-Stay: D|Cooperator|DoubleCrosser: (D, D)|Cycler DC"
451,3.62,0.0,5.41,1.4,0.02,0.1,85,162,7,Tit For Tat|Cooperator|Cycler DC|Tit For 2 Tats|Anti Tit For Tat|Evolved FSM 16|Meta Mixer: 6 players
452,2.85,-0.82,5.86,1.23,0.01,0.04,49,180,10,"Tit For Tat|GTFT: 0.33|DoubleCrosser: (D, D)|Random: 0.5|Anti Tit For Tat|Win-Shift Lose-Stay: D|Suspicious Tit For Tat|Meta Mixer: 9 players|Alternator|Cycler DC"
453,2.73,0.42,4.22,1.89,0.02,0.09,33,11,3,Anti Tit For Tat|GTFT: 0.33|Suspicious Tit For Tat
454,2.56,-0.14,4.57,1.21,0.03,0.05,52,78,6,Cooperator|Alternator|Evolved FSM 16|Cycler DC|GTFT: 0.33|Defector
455,3.3,-0.23,4.74,0.42,0.09,0.01,87,31,4,Meta Mixer: 2 players|Suspicious Tit For Tat|Meta Winner: 2 players|Soft Joss: 0.9
456,2.38,-0.49,4.09,1.1,0.09,0.09,81,89,14,"Soft Joss: 0.9|Cooperator|DoubleCrosser: (D, D)|Bully|Random: 0.5|Suspicious Tit For Tat|Win-Shift Lose-Stay: D|Evolved FSM 16|Alternator|Evolved HMM 5|Win-Stay Lose-Shift|Cycler DC|GTFT: 0.33|Tit For Tat"
457,3.13,0.39,4.09,1.59,0.07,0.04,97,137,19,"Bully|Defector|Soft Joss: 0.9|Evolved HMM 5|Tit For 2 Tats|Win-Shift Lose-Stay: D|Random: 0.5|Suspicious Tit For Tat|DoubleCrosser: (D, D)|Win-Stay Lose-Shift|Cycler DC|Cooperator|Meta Winner: 17 players|Alternator|Anti Tit For Tat|GTFT: 0.33|Meta Mixer: 17 players|Tit For Tat|Grudger"
458,3.58,0.42,5.76,0.91,0.05,0.03,38,76,11,Evolved FSM 16|Cooperator|Defector|Tit For Tat|Anti Tit For Tat|Win-Shift Lose-Stay: D|Meta Mixer: 10 players|Cycler DC|Alternator|GTFT: 0.33|Bully
459,3.96,-0.58,4.1,1.98,0.01,0.06,90,155,14,GTFT: 0.33|Bully|Evolved FSM 16|Win-Shift Lose-Stay: D|Cycler DC|Suspicious Tit For Tat|Win-Stay Lose-Shift|Random: 0.5|Defector|Alternator|Meta Winner: 13 players|Grudger|Cooperator|Evolved HMM 5
460,3.56,-0.79,5.96,1.56,0.07,0.04,93,66,20,"Suspicious Tit For Tat|Soft Joss: 0.9|Tit For Tat|GTFT: 0.33|Win-Shift Lose-Stay: D|Cooperator|Win-Stay Lose-Shift|Evolved HMM 5|Meta Winner: 18 players|Bully|Evolved FSM 16|Meta Mixer: 18 players|Grudger|Tit For 2 Tats|Anti Tit For Tat|Random: 0.5|Alternator|Defector|Cycler DC|DoubleCrosser: (D, D)"
461,3.72,-0.02,4.37,0.38,0.07,0.06,12,80,8,Defector|Tit For 2 Tats|Suspicious Tit For Tat|Bully|Cycler DC|Anti Tit For Tat|Evolved FSM 16|Cooperator
462,3.29,0.45,4.91,0.81,0.01,0.08,11,155,6,Tit For 2 Tats|Meta Winner: 4 players|Alternator|Cooperator|Evolved FSM 16|Meta Mixer: 4 players
463,3.88,0.58,4.54,1.2,0.0,0.08,79,189,13,"Bully|Suspicious Tit For Tat|Cycler DC|Random: 0.5|Soft Joss: 0.9|DoubleCrosser: (D, D)|Meta Winner: 12 players|Evolved FSM 16|Defector|Tit For Tat|Evolved HMM 5|Cooperator|Alternator"
464,2.53,-0.96,5.09,1.09,0.0,0.05,23,131,16,"Cycler DC|Alternator|Tit For Tat|Meta Mixer: 14 players|Evolved FSM 16|Suspicious Tit For Tat|Soft Joss: 0.9|Bully|Defector|GTFT: 0.33|Meta Winner: 14 players|Cooperator|DoubleCrosser: (D, D)|Grudger|Random: 0.5|Evolved HMM 5"
465,2.15,-0.28,4.56,0.67,0.09,0.01,15,155,7,"Defector|DoubleCrosser: (D, D)|Evolved HMM 5|GTFT: 0.33|Meta Winner: 6 players|Evolved FSM 16|Suspicious Tit For Tat"
466,3.62,-0.85,5.87,1.42,0.0,0.09,29,200,7,"GTFT: 0.33|Cycler DC|Tit For 2 Tats|Soft Joss: 0.9|Random: 0.5|DoubleCrosser: (D, D)|Anti Tit For Tat"
467,2.85,-0.71,4.23,1.45,0.03,0.01,59,91,13,"Random: 0.5|DoubleCrosser: (D, D)|Meta Winner: 11 players|Meta Mixer: 11 players|GTFT: 0.33|Bully|Tit For 2 Tats|Evolved FSM 16|Cooperator|Suspicious Tit For Tat|Evolved HMM 5|Win-Shift Lose-Stay: D|Tit For Tat"
468,2.99,-0.54,5.08,1.07,0.01,0.07,77,148,10,"Bully|Tit For Tat|Grudger|Alternator|Suspicious Tit For Tat|DoubleCrosser: (D, D)|Evolved HMM 5|Defector|Win-Shift Lose-Stay: D|Meta Mixer: 9 players"
469,3.84,-0.3,5.92,0.12,0.08,0.09,27,76,17,"Cycler DC|Evolved FSM 16|DoubleCrosser: (D, D)|Tit For Tat|Suspicious Tit For Tat|Meta Mixer: 16 players|Cooperator|Alternator|Grudger|Bully|Anti Tit For Tat|GTFT: 0.33|Random: 0.5|Defector|Tit For 2 Tats|Soft Joss: 0.9|Win-Shift Lose-Stay: D"
470,2.21,-0.05,4.11,1.16,0.06,0.02,28,94,7,"Bully|Tit For Tat|Meta Winner: 6 players|Alternator|DoubleCrosser: (D, D)|Evolved FSM 16|Tit For 2 Tats"
471,3.49,0.4,4.36,1.5,0.03,0.04,53,114,3,Win-Stay Lose-Shift|Cooperator|Cycler DC
472,3.28,-0.65,4.12,1.21,0.02,0.04,64,175,17,"Evolved FSM 16|Win-Shift Lose-Stay: D|Evolved HMM 5|Win-Stay Lose-Shift|Tit For Tat|Suspicious Tit For Tat|Bully|Cycler DC|Anti Tit For Tat|Meta Mixer: 16 players|Soft Joss: 0.9|DoubleCrosser: (D, D)|Cooperator|Random: 0.5|Tit For 2 Tats|Alternator|Grudger"
473,3.65,0.21,4.78,1.95,0.01,0.07,71,81,15,"Tit For 2 Tats|Defector|Anti Tit For Tat|Grudger|DoubleCrosser: (D, D)|Cooperator|Cycler DC|Evolved FSM 16|Meta Winner: 13 players|Evolved HMM 5|Meta Mixer: 13 players|Win-Stay Lose-Shift|Alternator|GTFT: 0.33|Bully"
474,2.21,-0.98,4.33,0.42,0.09,0.02,35,164,4,Tit For Tat|Win-Shift Lose-Stay: D|Bully|Anti Tit For Tat
475,3.58,-0.37,5.13,0.09,0.09,0.0,55,193,12,"Tit For 2 Tats|Evolved HMM 5|Suspicious Tit For Tat|GTFT: 0.33|Meta Winner: 10 players|Grudger|Defector|Bully|Soft Joss: 0.9|Meta Mixer: 10 players|Anti Tit For Tat|DoubleCrosser: (D, D)"
476,3.17,0.17,4.3,0.76,0.09,0.03,29,175,17,"Bully|Meta Winner: 15 players|Tit For Tat|Suspicious Tit For Tat|Cycler DC|Tit For 2 Tats|Grudger|Meta Mixer: 15 players|Win-Shift Lose-Stay: D|DoubleCrosser: (D, D)|Win-Stay Lose-Shift|GTFT: 0.33|Defector|Cooperator|Anti Tit For Tat|Soft Joss: 0.9|Random: 0.5"
477,3.71,0.78,4.72,0.86,0.08,0.04,36,157,5,Cycler DC|Meta Mixer: 4 players|Random: 0.5|Cooperator|Alternator
478,3.74,0.94,4.29,1.09,0.08,0.01,22,117,13,"Defector|Win-Stay Lose-Shift|Meta Winner: 11 players|Bully|Win-Shift Lose-Stay: D|Meta Mixer: 11 players|Evolved FSM 16|DoubleCrosser: (D, D)|Anti Tit For Tat|Grudger|Evolved HMM 5|Tit For Tat|Cycler DC"
479,3.96,-0.12,5.97,1.53,0.09,0.09,82,125,4,"Grudger|Win-Stay Lose-Shift|Tit For 2 Tats|DoubleCrosser: (D, D)"
480,3.83,-0.27,5.71,0.26,0.08,0.1,57,22,16,"Evolved HMM 5|Soft Joss: 0.9|Win-Shift Lose-Stay: D|Anti Tit For Tat|Meta Winner: 14 players|Grudger|Tit For 2 Tats|Cooperator|Meta Mixer: 14 players|Evolved FSM 16|Alternator|Bully|Random: 0.5|GTFT: 0.33|DoubleCrosser: (D, D)|Tit For Tat"
481,2.68,-0.57,4.13,1.21,0.07,0.01,68,10,20,"Cycler DC|Random: 0.5|Meta Winner: 18 players|Suspicious Tit For Tat|GTFT: 0.33|Win-Stay Lose-Shift|Alternator|Soft Joss: 0.9|Evolved HMM 5|DoubleCrosser: (D, D)|Defector|Grudger|Tit For Tat|Anti Tit For Tat|Meta Mixer: 18 players|Win-Shift Lose-Stay: D|Tit For 2 Tats|Bully|Evolved FSM 16|Cooperator"
482,2.35,-0.45,4.5,0.28,0.01,0.09,67,108,19,"Suspicious Tit For Tat|Win-Shift Lose-Stay: D|Defector|Anti Tit For Tat|Bully|Soft Joss: 0.9|Meta Winner: 17 players|Evolved FSM 16|Cycler DC|Random: 0.5|Cooperator|Tit For 2 Tats|DoubleCrosser: (D, D)|Win-Stay Lose-Shift|Tit For Tat|Grudger|Evolved HMM 5|GTFT: 0.33|Meta Mixer: 17 players"
483,3.39,-0.98,4.71,0.78,0.08,0.06,19,186,7,GTFT: 0.33|Meta Winner: 6 players|Alternator|Cycler DC|Soft Joss: 0.9|Random: 0.5|Bully
484,3.44,0.89,4.53,1.98,0.09,0.06,91,149,6,"Anti Tit For Tat|Suspicious Tit For Tat|Meta Mixer: 5 players|DoubleCrosser: (D, D)|Defector|Win-Stay Lose-Shift"
485,2.91,-0.3,5.3,0.82,0.05,0.05,52,30,8,"Soft Joss: 0.9|DoubleCrosser: (D, D)|Grudger|Defector|Evolved HMM 5|Win-Shift Lose-Stay: D|Suspicious Tit For Tat|Meta Mixer: 7 players"
486,3.32,0.27,4.57,1.36,0.07,0.09,22,23,6,"Bully|Alternator|DoubleCrosser: (D, D)|Cooperator|Random: 0.5|Grudger"
487,3.85,-0.11,5.5,0.2,0.06,0.0,47,108,9,"Tit For Tat|Soft Joss: 0.9|Evolved FSM 16|Tit For 2 Tats|Cooperator|Random: 0.5|DoubleCrosser: (D, D)|Meta Winner: 8 players|Anti Tit For Tat"
488,3.59,0.82,4.7,0.93,0.06,0.08,60,2,14,"Tit For Tat|Evolved HMM 5|Win-Stay Lose-Shift|Win-Shift Lose-Stay: D|Meta Mixer: 13 players|Cycler DC|DoubleCrosser: (D, D)|Tit For 2 Tats|Suspicious Tit For Tat|GTFT: 0.33|Cooperator|Alternator|Grudger|Random: 0.5"
489,3.66,0.16,5.29,1.6,0.01,0.06,32,104,13,"Evolved HMM 5|Defector|DoubleCrosser: (D, D)|Tit For Tat|Cooperator|Grudger|Tit For 2 Tats|Bully|Win-Shift Lose-Stay: D|Anti Tit For Tat|Win-Stay Lose-Shift|Suspicious Tit For Tat|Cycler DC"
490,2.02,-0.69,4.05,1.54,0.06,0.05,20,147,15,"Alternator|Cycler DC|Soft Joss: 0.9|Grudger|Defector|Cooperator|GTFT: 0.33|Evolved FSM 16|Meta Mixer: 14 players|Tit For 2 Tats|Win-Shift Lose-Stay: D|DoubleCrosser: (D, D)|Suspicious Tit For Tat|Tit For Tat|Bully"
491,3.16,-0.08,5.28,0.21,0.06,0.01,46,68,8,Bully|Meta Winner: 7 players|Random: 0.5|Grudger|Suspicious Tit For Tat|Evolved FSM 16|Anti Tit For Tat|Tit For Tat
492,2.84,0.27,4.42,1.78,0.05,0.02,48,3,8,"Meta Mixer: 7 players|Anti Tit For Tat|Cooperator|GTFT: 0.33|Grudger|Tit For Tat|Win-Stay Lose-Shift|DoubleCrosser: (D, D)"
493,3.73,-0.57,4.3,0.23,0.03,0.02,98,33,11,Win-Shift Lose-Stay: D|Random: 0.5|Suspicious Tit For Tat|Bully|Grudger|Meta Mixer: 9 players|Meta Winner: 9 players|GTFT: 0.33|Cycler DC|Tit For Tat|Tit For 2 Tats
494,3.89,-0.5,4.87,1.84,0.02,0.08,45,101,6,Meta Mixer: 4 players|Meta Winner: 4 players|Win-Stay Lose-Shift|Defector|Suspicious Tit For Tat|Grudger
495,3.77,0.49,4.98,0.85,0.08,0.06,87,99,16,Suspicious Tit For Tat|Meta Mixer: 14 players|Grudger|Evolved FSM 16|Bully|Tit For Tat|Random: 0.5|Alternator|Win-Shift Lose-Stay: D|Cycler DC|Win-Stay Lose-Shift|Meta Winner: 14 players|GTFT: 0.33|Soft Joss: 0.9|Defector|Evolved HMM 5
496,3.56,-0.36,4.74,0.24,0.0,0.03,69,146,13,"Tit For Tat|Evolved FSM 16|Bully|Tit For 2 Tats|Win-Stay Lose-Shift|Random: 0.5|Cooperator|Win-Shift Lose-Stay: D|DoubleCrosser: (D, D)|Anti Tit For Tat|Evolved HMM 5|Cycler DC|GTFT: 0.33"
497,3.29,-0.13,5.15,1.36,0.08,0.02,16,127,18,"Anti Tit For Tat|Win-Shift Lose-Stay: D|DoubleCrosser: (D, D)|Cooperator|Evolved HMM 5|Tit For Tat|Bully|Win-Stay Lose-Shift|Defector|Tit For 2 Tats|Suspicious Tit For Tat|Random: 0.5|Alternator|Evolved FSM 16|Soft Joss: 0.9|Cycler DC|Grudger|Meta Winner: 17 players"
498,3.68,0.79,4.57,0.81,0.09,0.0,92,5,5,"Random: 0.5|Cooperator|DoubleCrosser: (D, D)|Win-Stay Lose-Shift|Win-Shift Lose-Stay: D"
499,3.28,0.69,4.99,1.82,0.09,0.01,38,13,3,Cycler DC|Cooperator|GTFT: 0.33
500,3.45,-0.82,5.72,0.45,0.07,0.08,78,2,4,Win-Shift Lose-Stay: D|Anti Tit For Tat|Cooperator|Meta Mixer: 3 players
501,2.54,-0.72,5.62,0.34,0.05,0.01,28,193,16,"Soft Joss: 0.9|Cooperator|Evolved HMM 5|Evolved FSM 16|Tit For Tat|Win-Stay Lose-Shift|Random: 0.5|GTFT: 0.33|DoubleCrosser: (D, D)|Cycler DC|Defector|Grudger|Meta Mixer: 14 players|Alternator|Bully|Meta Winner: 14 players"
502,2.71,-0.52,5.42,1.67,0.06,0.09,98,20,5,Random: 0.5|Anti Tit For Tat|Suspicious Tit For Tat|Alternator|Evolved FSM 16
503,2.77,-0.32,4.94,0.98,0.08,0.08,75,81,12,Soft Joss: 0.9|Cycler DC|Evolved HMM 5|Cooperator|Meta Mixer: 10 players|Evolved FSM 16|Defector|Suspicious Tit For Tat|Tit For Tat|Win-Stay Lose-Shift|Win-Shift Lose-Stay: D|Meta Winner: 10 players
504,3.74,-0.71,4.61,1.3,0.09,0.07,40,5,17,"Defector|Win-Shift Lose-Stay: D|Alternator|Random: 0.5|Soft Joss: 0.9|Meta Winner: 15 players|Cycler DC|Anti Tit For Tat|Meta Mixer: 15 players|Tit For 2 Tats|Evolved HMM 5|Suspicious Tit For Tat|Cooperator|GTFT: 0.33|Tit For Tat|DoubleCrosser: (D, D)|Win-Stay Lose-Shift"
505,3.46,-0.41,5.3,0.85,0.04,0.06,77,156,18,"Evolved HMM 5|DoubleCrosser: (D, D)|Cooperator|Anti Tit For Tat|Tit For Tat|Meta Winner: 16 players|Evolved FSM 16|Soft Joss: 0.9|Alternator|Grudger|Win-Stay Lose-Shift|Cycler DC|Meta Mixer: 16 players|GTFT: 0.33|Win-Shift Lose-Stay: D|Suspicious Tit For Tat|Bully|Defector"
506,3.4,-0.21,5.77,0.81,0.02,0.08,98,69,18,"Suspicious Tit For Tat|Defector|Meta Winner: 16 players|Grudger|Win-Stay Lose-Shift|Evolved HMM 5|Random: 0.5|Cycler DC|Soft Joss: 0.9|Alternator|Anti Tit For Tat|Bully|Tit For Tat|Meta Mixer: 16 players|Win-Shift Lose-Stay: D|DoubleCrosser: (D, D)|Tit For 2 Tats|Cooperator"
507,3.33,-0.96,5.92,0.86,0.1,0.09,31,174,3,Meta Winner: 2 players|Grudger|Random: 0.5
508,2.98,-0.78,5.17,0.5,0.08,0.06,47,59,19,"Evolved HMM 5|Defector|Cycler DC|Cooperator|Meta Winner: 17 players|Evolved FSM 16|Tit For 2 Tats|Grudger|Meta Mixer: 17 players|Tit For Tat|GTFT: 0.33|DoubleCrosser: (D, D)|Soft Joss: 0.9|Win-Shift Lose-Stay: D|Random: 0.5|Bully|Win-Stay Lose-Shift|Anti Tit For Tat|Alternator"
509,3.73,-0.03,5.33,1.69,0.03,0.05,91,6,7,"DoubleCrosser: (D, D)|Tit For Tat|Cycler DC|Grudger|Random: 0.5|Alternator|Cooperator"
510,3.39,-0.59,5.16,0.86,0.01,0.09,58,164,6,Win-Shift Lose-Stay: D|Evolved FSM 16|Soft Joss: 0.9|Evolved HMM 5|Defector|Cycler DC
511,3.59,-0.78,5.13,0.69,0.0,0.09,28,120,7,Evolved HMM 5|Win-Stay Lose-Shift|Evolved FSM 16|Defector|Meta Mixer: 6 players|Tit For Tat|Cycler DC
512,2.59,-0.57,4.13,0.91,0.08,0.01,72,79,3,"DoubleCrosser: (D, D)|Grudger|Alternator"
513,3.92,0.91,5.0,1.12,0.07,0.01,35,111,5,Win-Stay Lose-Shift|Tit For Tat|Anti Tit For Tat|Random: 0.5|Grudger
514,3.36,-0.2,4.5,0.77,0.09,0.09,48,153,12,"Defector|Meta Mixer: 11 players|DoubleCrosser: (D, D)|GTFT: 0.33|Cycler DC|Evolved HMM 5|Tit For 2 Tats|Cooperator|Random: 0.5|Bully|Suspicious Tit For Tat|Win-Shift Lose-Stay: D"
515,3.05,0.01,4.19,1.39,0.07,0.04,55,110,17,"DoubleCrosser: (D, D)|Meta Winner: 16 players|Soft Joss: 0.9|Alternator|Evolved HMM 5|Tit For 2 Tats|Suspicious Tit For Tat|Anti Tit For Tat|Bully|Win-Stay Lose-Shift|Cycler DC|Cooperator|Defector|Evolved FSM 16|GTFT: 0.33|Tit For Tat|Grudger"
516,3.53,0.68,4.93,1.04,0.01,0.03,93,28,13,"Meta Winner: 11 players|Cooperator|Win-Stay Lose-Shift|Random: 0.5|GTFT: 0.33|DoubleCrosser: (D, D)|Alternator|Anti Tit For Tat|Grudger|Evolved FSM 16|Win-Shift Lose-Stay: D|Soft Joss: 0.9|Meta Mixer: 11 players"
517,3.12,-0.73,5.03,1.93,0.09,0.06,29,78,12,Alternator|Random: 0.5|Suspicious Tit For Tat|Cooperator|Bully|Meta Winner: 10 players|Meta Mixer: 10 players|Win-Stay Lose-Shift|Anti Tit For Tat|Win-Shift Lose-Stay: D|Grudger|Evolved HMM 5
518,2.95,-0.11,4.41,1.67,0.01,0.01,61,124,8,Tit For Tat|Evolved FSM 16|Win-Shift Lose-Stay: D|Soft Joss: 0.9|Cooperator|Suspicious Tit For Tat|Bully|GTFT: 0.33
519,2.28,-0.52,4.04,1.49,0.05,0.07,35,122,18,Win-Stay Lose-Shift|Meta Winner: 17 players|Cooperator|Random: 0.5|Grudger|GTFT: 0.33|Cycler DC|Suspicious Tit For Tat|Tit For 2 Tats|Anti Tit For Tat|Tit For Tat|Evolved HMM 5|Win-Shift Lose-Stay: D|Soft Joss: 0.9|Alternator|Bully|Evolved FSM 16|Defector
520,2.94,-0.45,5.93,1.45,0.1,0.04,74,54,14,"Evolved HMM 5|Tit For 2 Tats|Meta Winner: 12 players|Bully|Defector|GTFT: 0.33|Evolved FSM 16|Random: 0.5|Soft Joss: 0.9|Win-Stay Lose-Shift|Meta Mixer: 12 players|Tit For Tat|DoubleCrosser: (D, D)|Win-Shift Lose-Stay: D"
521,3.32,-0.86,5.57,1.85,0.08,0.05,70,156,8,Meta Mixer: 6 players|Evolved HMM 5|Meta Winner: 6 players|Win-Shift Lose-Stay: D|Cycler DC|Grudger|Defector|Win-Stay Lose-Shift
522,3.7,-0.81,4.09,0.32,0.01,0.09,70,83,10,"Tit For Tat|Cooperator|Defector|Tit For 2 Tats|DoubleCrosser: (D, D)|Soft Joss: 0.9|Anti Tit For Tat|Alternator|Win-Stay Lose-Shift|Cycler DC"
523,3.68,-0.36,5.21,1.85,0.07,0.04,91,147,20,"Suspicious Tit For Tat|Meta Winner: 18 players|Win-Shift Lose-Stay: D|Random: 0.5|Soft Joss: 0.9|GTFT: 0.33|Cycler DC|Cooperator|Tit For 2 Tats|Bully|Meta Mixer: 18 players|Evolved FSM 16|Grudger|Alternator|DoubleCrosser: (D, D)|Win-Stay Lose-Shift|Defector|Tit For Tat|Evolved HMM 5|Anti Tit For Tat"
524,2.99,0.14,5.28,1.66,0.05,0.04,89,144,7,"Bully|Soft Joss: 0.9|DoubleCrosser: (D, D)|Tit For 2 Tats|Meta Winner: 6 players|Win-Stay Lose-Shift|Anti Tit For Tat"
525,3.03,-0.0,4.25,0.2,0.01,0.05,12,58,12,Win-Shift Lose-Stay: D|Tit For 2 Tats|Grudger|Bully|Defector|Cycler DC|Anti Tit For Tat|Meta Winner: 10 players|Win-Stay Lose-Shift|Cooperator|Meta Mixer: 10 players|Evolved FSM 16
526,3.24,0.78,4.62,1.09,0.06,0.09,43,168,3,"Anti Tit For Tat|GTFT: 0.33|DoubleCrosser: (D, D)"
527,2.67,-0.72,4.52,1.53,0.05,0.07,94,16,10,"Random: 0.5|Bully|Anti Tit For Tat|Grudger|Meta Mixer: 9 players|Suspicious Tit For Tat|Win-Stay Lose-Shift|Evolved HMM 5|DoubleCrosser: (D, D)|Evolved FSM 16"
528,2.99,-0.3,4.21,0.45,0.05,0.08,39,6,4,Alternator|Suspicious Tit For Tat|Evolved FSM 16|Tit For 2 Tats
529,3.48,-0.9,5.36,1.1,0.08,0.07,65,180,16,Evolved FSM 16|Cycler DC|Cooperator|Soft Joss: 0.9|Meta Winner: 15 players|Evolved HMM 5|Win-Stay Lose-Shift|Defector|Tit For 2 Tats|Random: 0.5|Grudger|Suspicious Tit For Tat|Alternator|Anti Tit For Tat|Win-Shift Lose-Stay: D|Tit For Tat
530,3.14,-0.97,5.59,1.98,0.07,0.08,19,15,7,Soft Joss: 0.9|Defector|Win-Stay Lose-Shift|Anti Tit For Tat|GTFT: 0.33|Meta Mixer: 6 players|Evolved FSM 16
531,2.24,-0.5,4.96,0.15,0.05,0.05,55,57,17,"Win-Stay Lose-Shift|Grudger|Evolved FSM 16|Meta Winner: 15 players|Tit For Tat|Win-Shift Lose-Stay: D|Cycler DC|Defector|Meta Mixer: 15 players|Soft Joss: 0.9|GTFT: 0.33|Anti Tit For Tat|Alternator|Bully|Cooperator|DoubleCrosser: (D, D)|Tit For 2 Tats"
532,3.48,-0.26,4.46,0.42,0.08,0.01,40,179,17,"Soft Joss: 0.9|Cooperator|Alternator|Random: 0.5|Anti Tit For Tat|Cycler DC|Meta Winner: 15 players|Win-Stay Lose-Shift|Suspicious Tit For Tat|DoubleCrosser: (D, D)|Evolved HMM 5|Evolved FSM 16|GTFT: 0.33|Grudger|Tit For Tat|Meta Mixer: 15 players|Defector"
533,2.77,-0.55,4.04,0.89,0.04,0.07,78,14,12,"Anti Tit For Tat|Evolved FSM 16|Grudger|Alternator|GTFT: 0.33|Soft Joss: 0.9|DoubleCrosser: (D, D)|Cycler DC|Win-Stay Lose-Shift|Cooperator|Evolved HMM 5|Defector"
534,3.24,0.57,5.45,1.73,0.09,0.08,23,142,15,"Win-Stay Lose-Shift|Evolved FSM 16|Soft Joss: 0.9|DoubleCrosser: (D, D)|Win-Shift Lose-Stay: D|Bully|Suspicious Tit For Tat|Tit For Tat|Grudger|Cooperator|Meta Mixer: 14 players|Alternator|Cycler DC|Evolved HMM 5|Defector"
535,2.79,-0.28,4.68,1.23,0.07,0.08,87,4,6,Win-Stay Lose-Shift|Meta Mixer: 5 players|GTFT: 0.33|Win-Shift Lose-Stay: D|Defector|Tit For Tat
536,3.69,-0.88,4.96,0.44,0.09,0.03,88,142,13,"Bully|Soft Joss: 0.9|Defector|Win-Shift Lose-Stay: D|Evolved HMM 5|Cycler DC|DoubleCrosser: (D, D)|Tit For Tat|Meta Winner: 12 players|Cooperator|Grudger|Win-Stay Lose-Shift|Alternator"
537,3.31,0.01,4.47,0.37,0.04,0.03,80,184,10,Anti Tit For Tat|Win-Shift Lose-Stay: D|Meta Mixer: 9 players|Alternator|Grudger|Evolved FSM 16|Random: 0.5|Evolved HMM 5|Win-Stay Lose-Shift|Cooperator
538,2.65,0.65,4.47,0.74,0.04,0.06,46,37,3,GTFT: 0.33|Grudger|Meta Winner: 2 players
539,3.18,-0.58,4.3,0.21,0.03,0.07,75,149,14,Suspicious Tit For Tat|Tit For 2 Tats|Anti Tit For Tat|Cycler DC|Meta Mixer: 12 players|Random: 0.5|GTFT: 0.33|Evolved FSM 16|Soft Joss: 0.9|Cooperator|Win-Stay Lose-Shift|Win-Shift Lose-Stay: D|Meta Winner: 12 players|Evolved HMM 5
540,3.7,-0.9,5.47,1.06,0.05,0.05,66,82,11,"Suspicious Tit For Tat|Meta Mixer: 10 players|Win-Stay Lose-Shift|Tit For Tat|GTFT: 0.33|Cooperator|Tit For 2 Tats|DoubleCrosser: (D, D)|Defector|Soft Joss: 0.9|Evolved HMM 5"
541,3.94,-0.11,4.63,1.39,0.1,0.04,20,91,20,"Evolved HMM 5|Bully|Grudger|Random: 0.5|Tit For Tat|Meta Winner: 18 players|Tit For 2 Tats|Suspicious Tit For Tat|Cooperator|Win-Stay Lose-Shift|Meta Mixer: 18 players|Win-Shift Lose-Stay: D|Evolved FSM 16|DoubleCrosser: (D, D)|Soft Joss: 0.9|Cycler DC|Anti Tit For Tat|GTFT: 0.33|Defector|Alternator"
542,2.99,-0.6,4.3,1.76,0.02,0.05,31,31,16,"Win-Shift Lose-Stay: D|Evolved FSM 16|Random: 0.5|Cooperator|Cycler DC|DoubleCrosser: (D, D)|Alternator|Suspicious Tit For Tat|Soft Joss: 0.9|Bully|Anti Tit For Tat|GTFT: 0.33|Tit For 2 Tats|Evolved HMM 5|Meta Winner: 15 players|Win-Stay Lose-Shift"
543,3.11,-0.76,4.8,1.42,0.09,0.09,85,156,6,"Anti Tit For Tat|Bully|Grudger|Soft Joss: 0.9|DoubleCrosser: (D, D)|GTFT: 0.33"
544,3.67,-0.05,4.9,0.58,0.01,0.02,85,131,5,Cycler DC|Alternator|Grudger|Soft Joss: 0.9|Tit For 2 Tats
545,2.35,-0.44,4.64,1.45,0.08,0.02,73,88,4,Meta Mixer: 2 players|Evolved HMM 5|Meta Winner: 2 players|Evolved FSM 16
546,2.85,-0.36,5.69,0.65,0.02,0.01,36,111,19,"Win-Shift Lose-Stay: D|Meta Mixer: 17 players|GTFT: 0.33|Cooperator|Grudger|Cycler DC|Bully|Anti Tit For Tat|Soft Joss: 0.9|Random: 0.5|Tit For Tat|Win-Stay Lose-Shift|Evolved HMM 5|Tit For 2 Tats|DoubleCrosser: (D, D)|Defector|Alternator|Meta Winner: 17 players|Suspicious Tit For Tat"
547,2.41,0.51,4.28,1.68,0.0,0.09,79,138,9,Alternator|Random: 0.5|Meta Winner: 7 players|Grudger|Suspicious Tit For Tat|Cycler DC|Win-Stay Lose-Shift|Meta Mixer: 7 players|Evolved HMM 5
548,3.94,0.49,5.34,1.61,0.02,0.01,30,130,13,"Win-Shift Lose-Stay: D|Soft Joss: 0.9|Evolved HMM 5|Bully|GTFT: 0.33|Meta Mixer: 11 players|Alternator|Suspicious Tit For Tat|Anti Tit For Tat|Meta Winner: 11 players|Defector|Cooperator|DoubleCrosser: (D, D)"
549,3.25,0.17,5.9,0.49,0.09,0.02,35,68,18,"Cycler DC|Random: 0.5|Defector|Meta Mixer: 16 players|Win-Stay Lose-Shift|Bully|Cooperator|GTFT: 0.33|Anti Tit For Tat|Win-Shift Lose-Stay: D|DoubleCrosser: (D, D)|Alternator|Suspicious Tit For Tat|Tit For 2 Tats|Evolved HMM 5|Meta Winner: 16 players|Grudger|Soft Joss: 0.9"
550,2.84,-0.24,4.36,0.53,0.06,0.06,71,136,8,Win-Stay Lose-Shift|Tit For Tat|Meta Winner: 7 players|Random: 0.5|Evolved HMM 5|Tit For 2 Tats|GTFT: 0.33|Suspicious Tit For Tat
551,3.09,-0.56,5.2,0.59,0.1,0.09,46,108,17,"GTFT: 0.33|Tit For Tat|DoubleCrosser: (D, D)|Cooperator|Defector|Meta Mixer: 15 players|Random: 0.5|Meta Winner: 15 players|Anti Tit For Tat|Evolved FSM 16|Suspicious Tit For Tat|Bully|Soft Joss: 0.9|Win-Stay Lose-Shift|Evolved HMM 5|Cycler DC|Tit For 2 Tats"
552,2.82,-0.35,5.7,1.12,0.07,0.04,66,109,15,Win-Shift Lose-Stay: D|Anti Tit For Tat|Meta Winner: 13 players|Random: 0.5|Tit For Tat|Defector|GTFT: 0.33|Alternator|Cycler DC|Evolved HMM 5|Suspicious Tit For Tat|Cooperator|Bully|Grudger|Meta Mixer: 13 players
553,3.08,-0.96,4.26,1.9,0.04,0.08,52,91,20,"Bully|Anti Tit For Tat|Evolved HMM 5|Suspicious Tit For Tat|Grudger|Win-Shift Lose-Stay: D|Cooperator|Meta Winner: 18 players|Soft Joss: 0.9|Evolved FSM 16|DoubleCrosser: (D, D)|Cycler DC|Tit For 2 Tats|Tit For Tat|GTFT: 0.33|Win-Stay Lose-Shift|Meta Mixer: 18 players|Defector|Alternator|Random: 0.5"
554,2.04,-0.79,4.07,1.88,0.04,0.05,30,73,12,Alternator|Tit For Tat|Meta Mixer: 11 players|Anti Tit For Tat|Win-Shift Lose-Stay: D|Grudger|Evolved HMM 5|Tit For 2 Tats|Suspicious Tit For Tat|GTFT: 0.33|Soft Joss: 0.9|Bully
555,3.75,-0.85,5.64,1.72,0.05,0.07,63,6,3,Evolved FSM 16|Cycler DC|Cooperator
556,3.59,0.21,5.47,0.39,0.03,0.03,75,191,3,Win-Stay Lose-Shift|Win-Shift Lose-Stay: D|Soft Joss: 0.9
557,2.53,-0.06,4.41,1.31,0.03,0.01,62,144,11,Random: 0.5|Win-Stay Lose-Shift|Evolved FSM 16|Evolved HMM 5|Tit For Tat|Suspicious Tit For Tat|Alternator|Meta Winner: 10 players|Grudger|Soft Joss: 0.9|Defector
558,3.43,0.16,5.53,0.9,0.0,0.08,67,95,18,"Meta Mixer: 16 players|Cooperator|Win-Stay Lose-Shift|GTFT: 0.33|Cycler DC|Tit For 2 Tats|Evolved HMM 5|Anti Tit For Tat|Soft Joss: 0.9|Win-Shift Lose-Stay: D|Bully|Meta Winner: 16 players|Tit For Tat|Random: 0.5|Grudger|Alternator|Defector|DoubleCrosser: (D, D)"
559,2.95,0.13,5.23,1.45,0.02,0.08,42,106,12,"GTFT: 0.33|Cycler DC|Anti Tit For Tat|Meta Winner: 10 players|DoubleCrosser: (D, D)|Random: 0.5|Alternator|Meta Mixer: 10 players|Grudger|Cooperator|Win-Shift Lose-Stay: D|Tit For Tat"
560,2.63,-0.36,5.09,1.3,0.07,0.05,20,27,16,Bully|Tit For 2 Tats|Cycler DC|Alternator|Defector|Win-Shift Lose-Stay: D|Grudger|Anti Tit For Tat|Meta Winner: 14 players|Cooperator|Tit For Tat|Meta Mixer: 14 players|Evolved HMM 5|GTFT: 0.33|Suspicious Tit For Tat|Soft Joss: 0.9
561,3.76,-0.36,5.44,0.54,0.09,0.06,31,37,12,Evolved HMM 5|Suspicious Tit For Tat|Grudger|Meta Winner: 11 players|Win-Shift Lose-Stay: D|Tit For Tat|Soft Joss: 0.9|Cooperator|Defector|Bully|GTFT: 0.33|Random: 0.5
562,2.95,-0.64,5.43,0.64,0.05,0.1,10,80,9,Suspicious Tit For Tat|Cooperator|Evolved FSM 16|Soft Joss: 0.9|GTFT: 0.33|Anti Tit For Tat|Alternator|Win-Stay Lose-Shift|Tit For Tat
563,2.85,-0.27,5.82,1.46,0.08,0.09,81,139,9,Bully|Meta Mixer: 7 players|Cycler DC|Cooperator|Suspicious Tit For Tat|Evolved FSM 16|Meta Winner: 7 players|Soft Joss: 0.9|Win-Stay Lose-Shift
564,3.59,0.53,4.2,1.17,0.03,0.08,85,155,11,"Meta Winner: 10 players|Random: 0.5|Suspicious Tit For Tat|Defector|Alternator|Tit For 2 Tats|Cooperator|DoubleCrosser: (D, D)|Anti Tit For Tat|Win-Stay Lose-Shift|Bully"
565,2.95,-0.84,4.29,0.0,0.1,0.01,66,109,18,"GTFT: 0.33|Win-Stay Lose-Shift|Evolved HMM 5|Cooperator|Tit For Tat|Win-Shift Lose-Stay: D|Suspicious Tit For Tat|DoubleCrosser: (D, D)|Tit For 2 Tats|Random: 0.5|Defector|Cycler DC|Meta Mixer: 16 players|Soft Joss: 0.9|Alternator|Grudger|Anti Tit For Tat|Meta Winner: 16 players"
566,3.67,0.68,5.89,1.42,0.06,0.05,42,176,6,"Evolved FSM 16|DoubleCrosser: (D, D)|Grudger|Defector|Alternator|Meta Mixer: 5 players"
567,2.93,0.46,4.73,1.34,0.02,0.06,34,98,14,Defector|Alternator|Suspicious Tit For Tat|Soft Joss: 0.9|Grudger|Win-Shift Lose-Stay: D|Cooperator|Meta Mixer: 12 players|Win-Stay Lose-Shift|Cycler DC|Meta Winner: 12 players|Anti Tit For Tat|Random: 0.5|Bully
568,2.11,-0.94,4.55,1.14,0.07,0.05,87,162,17,"Random: 0.5|Defector|Meta Winner: 15 players|Cooperator|Anti Tit For Tat|Meta Mixer: 15 players|Alternator|Win-Stay Lose-Shift|Grudger|Bully|GTFT: 0.33|Tit For 2 Tats|Evolved FSM 16|Evolved HMM 5|DoubleCrosser: (D, D)|Soft Joss: 0.9|Suspicious Tit For Tat"
569,3.7,0.42,5.67,0.63,0.09,0.06,56,133,3,"Tit For 2 Tats|DoubleCrosser: (D, D)|Anti Tit For Tat"
570,3.65,0.46,4.13,1.0,0.01,0.04,45,156,9,"Evolved HMM 5|DoubleCrosser: (D, D)|Defector|Alternator|Win-Stay Lose-Shift|Cycler DC|Win-Shift Lose-Stay: D|Evolved FSM 16|Anti Tit For Tat"
571,3.14,0.13,4.68,1.39,0.05,0.01,21,47,5,Defector|GTFT: 0.33|Alternator|Meta Winner: 4 players|Evolved FSM 16
572,3.67,0.8,4.49,1.28,0.02,0.08,26,80,4,Tit For 2 Tats|Win-Stay Lose-Shift|Defector|Win-Shift Lose-Stay: D
573,2.63,-0.62,4.28,0.45,0.09,0.02,47,67,17,"Win-Shift Lose-Stay: D|Bully|Random: 0.5|Grudger|Evolved HMM 5|Defector|Tit For 2 Tats|GTFT: 0.33|Meta Winner: 15 players|Tit For Tat|Meta Mixer: 15 players|Alternator|Suspicious Tit For Tat|Anti Tit For Tat|Cycler DC|Soft Joss: 0.9|DoubleCrosser: (D, D)"
574,2.68,0.1,4.58,1.94,0.07,0.03,75,198,9,Win-Shift Lose-Stay: D|Suspicious Tit For Tat|Soft Joss: 0.9|Meta Winner: 8 players|Anti Tit For Tat|Evolved FSM 16|Random: 0.5|Evolved HMM 5|GTFT: 0.33
575,2.95,-0.35,5.26,0.93,0.06,0.07,14,83,6,"Grudger|Alternator|Defector|DoubleCrosser: (D, D)|Random: 0.5|Evolved FSM 16"
576,3.81,-0.28,4.67,0.37,0.02,0.05,12,113,17,"Meta Mixer: 15 players|Meta Winner: 15 players|DoubleCrosser: (D, D)|Tit For 2 Tats|Random: 0.5|Evolved FSM 16|Cooperator|Cycler DC|Grudger|Defector|Win-Stay Lose-Shift|GTFT: 0.33|Tit For Tat|Win-Shift Lose-Stay: D|Soft Joss: 0.9|Bully|Alternator"
577,3.75,0.8,5.94,1.53,0.05,0.04,44,148,15,Meta Mixer: 14 players|Alternator|Defector|Evolved HMM 5|Evolved FSM 16|Soft Joss: 0.9|Cycler DC|Win-Stay Lose-Shift|Grudger|Win-Shift Lose-Stay: D|Cooperator|Bully|GTFT: 0.33|Random: 0.5|Tit For Tat
578,2.69,-0.08,4.28,0.79,0.07,0.02,32,78,12,"Bully|Defector|Tit For Tat|Suspicious Tit For Tat|DoubleCrosser: (D, D)|Anti Tit For Tat|Grudger|Cooperator|Meta Winner: 10 players|GTFT: 0.33|Win-Shift Lose-Stay: D|Meta Mixer: 10 players"
579,2.32,0.1,4.01,0.2,0.04,0.02,70,172,15,Soft Joss: 0.9|Tit For Tat|Cooperator|Tit For 2 Tats|Cycler DC|Defector|Evolved HMM 5|Bully|Suspicious Tit For Tat|Meta Winner: 14 players|Random: 0.5|Grudger|Win-Shift Lose-Stay: D|Win-Stay Lose-Shift|Alternator
580,3.34,-0.95,4.69,1.94,0.09,0.02,40,95,14,"GTFT: 0.33|Evolved HMM 5|Alternator|Tit For 2 Tats|Bully|Meta Winner: 13 players|Cooperator|Random: 0.5|Tit For Tat|DoubleCrosser: (D, D)|Evolved FSM 16|Soft Joss: 0.9|Cycler DC|Win-Shift Lose-Stay: D"
581,2.77,-0.7,4.19,0.36,0.03,0.07,71,9,11,"DoubleCrosser: (D, D)|Defector|Meta Mixer: 9 players|Tit For 2 Tats|Cooperator|Tit For Tat|Evolved HMM 5|Anti Tit For Tat|Evolved FSM 16|GTFT: 0.33|Meta Winner: 9 players"
582,2.81,-0.68,5.31,1.61,0.01,0.05,97,117,3,"Random: 0.5|Tit For 2 Tats|DoubleCrosser: (D, D)"
583,3.6,-0.25,5.21,0.9,0.05,0.03,78,94,6,"Defector|DoubleCrosser: (D, D)|Evolved FSM 16|Tit For 2 Tats|Bully|Random: 0.5"
584,3.9,-0.48,4.01,1.42,0.05,0.06,68,112,4,Soft Joss: 0.9|Win-Stay Lose-Shift|Anti Tit For Tat|Cooperator
585,2.85,0.53,4.74,1.35,0.0,0.03,47,92,16,"Alternator|Soft Joss: 0.9|GTFT: 0.33|Win-Stay Lose-Shift|Anti Tit For Tat|Evolved HMM 5|Random: 0.5|Defector|Grudger|Meta Winner: 15 players|Win-Shift Lose-Stay: D|Suspicious Tit For Tat|Cooperator|DoubleCrosser: (D, D)|Evolved FSM 16|Cycler DC"
586,3.45,-0.14,4.19,1.27,0.03,0.1,98,159,10,Evolved HMM 5|Meta Mixer: 9 players|Soft Joss: 0.9|Anti Tit For Tat|Bully|Defector|Evolved FSM 16|Alternator|Random: 0.5|Win-Stay Lose-Shift
587,3.28,-0.24,5.95,1.76,0.1,0.01,91,192,12,"DoubleCrosser: (D, D)|Tit For 2 Tats|Alternator|Defector|Win-Shift Lose-Stay: D|Grudger|GTFT: 0.33|Soft Joss: 0.9|Anti Tit For Tat|Suspicious Tit For Tat|Meta Mixer: 11 players|Cooperator"
588,3.99,0.08,5.14,1.23,0.08,0.07,16,96,18,"Suspicious Tit For Tat|DoubleCrosser: (D, D)|Win-Shift Lose-Stay: D|Defector|Evolved FSM 16|Random: 0.5|GTFT: 0.33|Alternator|Win-Stay Lose-Shift|Meta Winner: 16 players|Bully|Cycler DC|Soft Joss: 0.9|Tit For 2 Tats|Cooperator|Anti Tit For Tat|Meta Mixer: 16 players|Tit For Tat"
589,3.22,0.22,4.44,1.46,0.05,0.04,86,85,20,"Tit For 2 Tats|Random: 0.5|Evolved FSM 16|Alternator|GTFT: 0.33|Defector|Soft Joss: 0.9|DoubleCrosser: (D, D)|Tit For Tat|Bully|Grudger|Win-Stay Lose-Shift|Cooperator|Cycler DC|Meta Winner: 18 players|Anti Tit For Tat|Win-Shift Lose-Stay: D|Suspicious Tit For Tat|Meta Mixer: 18 players|Evolved HMM 5"
590,3.14,-0.03,5.32,0.16,0.1,0.01,77,95,12,"Win-Stay Lose-Shift|GTFT: 0.33|Soft Joss: 0.9|Evolved FSM 16|Alternator|Bully|Meta Winner: 11 players|DoubleCrosser: (D, D)|Evolved HMM 5|Tit For 2 Tats|Defector|Suspicious Tit For Tat"
591,3.53,-0.43,4.83,1.5,0.07,0.1,58,138,7,Tit For 2 Tats|Cooperator|Meta Mixer: 5 players|Meta Winner: 5 players|Suspicious Tit For Tat|Evolved FSM 16|Anti Tit For Tat
592,3.2,-0.27,4.84,0.64,0.01,0.09,91,196,13,"Evolved HMM 5|Evolved FSM 16|Meta Mixer: 11 players|Tit For 2 Tats|Tit For Tat|DoubleCrosser: (D, D)|Suspicious Tit For Tat|Random: 0.5|Meta Winner: 11 players|Cycler DC|Grudger|Bully|Win-Shift Lose-Stay: D"
593,3.37,0.16,5.31,0.2,0.04,0.04,34,163,3,Meta Winner: 2 players|Tit For Tat|Cycler DC
594,3.01,0.14,5.22,0.16,0.04,0.0,88,64,8,Meta Mixer: 7 players|Random: 0.5|Bully|Grudger|Alternator|Evolved HMM 5|Win-Stay Lose-Shift|Tit For 2 Tats
595,3.1,0.7,5.31,1.73,0.02,0.04,40,45,18,"Suspicious Tit For Tat|GTFT: 0.33|Cycler DC|Win-Stay Lose-Shift|Bully|Soft Joss: 0.9|Alternator|Cooperator|Evolved HMM 5|Tit For Tat|Meta Mixer: 16 players|Tit For 2 Tats|Grudger|Anti Tit For Tat|Meta Winner: 16 players|Win-Shift Lose-Stay: D|DoubleCrosser: (D, D)|Random: 0.5"
596,3.74,-0.51,5.68,1.82,0.07,0.01,14,175,16,"Evolved HMM 5|Random: 0.5|Tit For 2 Tats|Bully|DoubleCrosser: (D, D)|Cycler DC|Grudger|Win-Shift Lose-Stay: D|Anti Tit For Tat|Win-Stay Lose-Shift|Evolved FSM 16|Alternator|Tit For Tat|Cooperator|Defector|GTFT: 0.33"
597,2.8,0.54,4.59,1.64,0.04,0.07,75,162,17,"DoubleCrosser: (D, D)|Cooperator|Meta Mixer: 15 players|Cycler DC|Win-Shift Lose-Stay: D|Tit For 2 Tats|Meta Winner: 15 players|Win-Stay Lose-Shift|Anti Tit For Tat|Bully|Defector|Suspicious Tit For Tat|Soft Joss: 0.9|Grudger|Random: 0.5|Evolved FSM 16|Tit For Tat"
598,2.66,-0.08,4.53,1.39,0.07,0.08,43,88,12,Soft Joss: 0.9|GTFT: 0.33|Meta Winner: 11 players|Win-Shift Lose-Stay: D|Evolved HMM 5|Win-Stay Lose-Shift|Alternator|Tit For 2 Tats|Bully|Grudger|Random: 0.5|Cycler DC
599,3.76,0.43,4.05,1.13,0.03,0.07,82,163,12,Random: 0.5|Soft Joss: 0.9|Win-Stay Lose-Shift|Cycler DC|Evolved HMM 5|Bully|Evolved FSM 16|Meta Winner: 11 players|Suspicious Tit For Tat|Tit For 2 Tats|Cooperator|Alternator
600,3.17,-0.98,5.7,0.3,0.04,0.05,76,104,18,"Meta Winner: 16 players|Defector|Grudger|Cycler DC|GTFT: 0.33|Win-Shift Lose-Stay: D|Meta Mixer: 16 players|Suspicious Tit For Tat|Tit For Tat|Random: 0.5|Bully|Soft Joss: 0.9|Evolved FSM 16|Anti Tit For Tat|Cooperator|DoubleCrosser: (D, D)|Alternator|Win-Stay Lose-Shift"
601,2.68,-0.55,5.89,0.62,0.03,0.08,25,167,9,Grudger|Random: 0.5|Soft Joss: 0.9|Alternator|Tit For Tat|Meta Winner: 8 players|Cooperator|Defector|GTFT: 0.33
602,3.25,0.01,4.07,1.9,0.03,0.1,78,21,4,Soft Joss: 0.9|Meta Mixer: 3 players|Evolved HMM 5|Tit For Tat
603,3.83,-0.73,5.47,1.81,0.03,0.02,41,150,18,"Soft Joss: 0.9|Cooperator|Evolved FSM 16|Anti Tit For Tat|GTFT: 0.33|Tit For 2 Tats|Random: 0.5|Evolved HMM 5|Meta Mixer: 16 players|Tit For Tat|Meta Winner: 16 players|DoubleCrosser: (D, D)|Win-Stay Lose-Shift|Grudger|Win-Shift Lose-Stay: D|Alternator|Defector|Bully"
604,3.14,0.72,4.97,1.16,0.01,0.09,92,50,17,"Alternator|Win-Shift Lose-Stay: D|DoubleCrosser: (D, D)|Meta Mixer: 16 players|Random: 0.5|GTFT: 0.33|Bully|Defector|Evolved HMM 5|Tit For Tat|Grudger|Cycler DC|Win-Stay Lose-Shift|Evolved FSM 16|Soft Joss: 0.9|Anti Tit For Tat|Suspicious Tit For Tat"
605,3.12,-0.12,4.55,0.62,0.1,0.09,72,2,13,Evolved HMM 5|Random: 0.5|Meta Mixer: 11 players|Defector|Meta Winner: 11 players|Anti Tit For Tat|Tit For 2 Tats|Suspicious Tit For Tat|GTFT: 0.33|Cycler DC|Soft Joss: 0.9|Tit For Tat|Evolved FSM 16
606,3.7,-0.69,5.57,1.22,0.1,0.1,93,153,16,Win-Shift Lose-Stay: D|Tit For Tat|Meta Winner: 14 players|Random: 0.5|Win-Stay Lose-Shift|Defector|Bully|Cycler DC|Soft Joss: 0.9|Grudger|GTFT: 0.33|Meta Mixer: 14 players|Tit For 2 Tats|Cooperator|Evolved FSM 16|Suspicious Tit For Tat
607,3.29,-0.09,4.82,0.28,0.03,0.08,35,54,11,"Win-Stay Lose-Shift|Grudger|Alternator|GTFT: 0.33|DoubleCrosser: (D, D)|Tit For 2 Tats|Suspicious Tit For Tat|Defector|Win-Shift Lose-Stay: D|Meta Mixer: 10 players|Cooperator"
608,3.24,-0.45,5.59,0.88,0.01,0.02,71,185,18,"Anti Tit For Tat|Tit For 2 Tats|Random: 0.5|Tit For Tat|Win-Shift Lose-Stay: D|Win-Stay Lose-Shift|Soft Joss: 0.9|Suspicious Tit For Tat|Alternator|Meta Winner: 17 players|Grudger|Defector|Cycler DC|Evolved HMM 5|Bully|Cooperator|Evolved FSM 16|DoubleCrosser: (D, D)"
609,3.65,0.18,5.46,1.75,0.06,0.06,66,63,13,Meta Mixer: 12 players|Evolved FSM 16|Win-Shift Lose-Stay: D|Evolved HMM 5|Win-Stay Lose-Shift|Grudger|Alternator|Bully|Anti Tit For Tat|Defector|GTFT: 0.33|Tit For Tat|Cooperator
610,2.94,-0.33,4.37,0.92,0.07,0.07,42,155,3,"Cycler DC|Cooperator|DoubleCrosser: (D, D)"
611,3.61,0.66,4.85,1.6,0.01,0.1,57,5,16,Anti Tit For Tat|Evolved HMM 5|GTFT: 0.33|Random: 0.5|Win-Stay Lose-Shift|Meta Mixer: 14 players|Defector|Evolved FSM 16|Meta Winner: 14 players|Grudger|Soft Joss: 0.9|Tit For 2 Tats|Win-Shift Lose-Stay: D|Cycler DC|Tit For Tat|Suspicious Tit For Tat
612,3.5,-0.14,5.99,1.53,0.03,0.05,29,167,13,"Bully|Defector|GTFT: 0.33|Soft Joss: 0.9|DoubleCrosser: (D, D)|Evolved HMM 5|Alternator|Suspicious Tit For Tat|Win-Stay Lose-Shift|Cycler DC|Random: 0.5|Tit For 2 Tats|Grudger"
613,3.54,0.31,5.17,1.06,0.02,0.08,55,184,7,Suspicious Tit For Tat|Cycler DC|Meta Winner: 6 players|Win-Stay Lose-Shift|Defector|Anti Tit For Tat|Alternator
614,3.89,-0.75,5.07,0.08,0.03,0.01,50,59,9,"Suspicious Tit For Tat|Win-Stay Lose-Shift|Defector|DoubleCrosser: (D, D)|Win-Shift Lose-Stay: D|Cooperator|Soft Joss: 0.9|Tit For 2 Tats|Evolved FSM 16"
615,3.76,-0.75,4.05,1.89,0.09,0.0,36,98,4,Soft Joss: 0.9|Meta Winner: 3 players|Tit For 2 Tats|Suspicious Tit For Tat
616,2.76,-0.81,4.41,1.63,0.02,0.09,76,32,8,"Suspicious Tit For Tat|Cooperator|Random: 0.5|Grudger|GTFT: 0.33|Meta Winner: 6 players|Meta Mixer: 6 players|DoubleCrosser: (D, D)"
617,3.6,-0.49,5.97,0.72,0.01,0.05,10,98,16,"Tit For 2 Tats|Cooperator|Grudger|Evolved FSM 16|Win-Stay Lose-Shift|DoubleCrosser: (D, D)|Anti Tit For Tat|Suspicious Tit For Tat|GTFT: 0.33|Cycler DC|Meta Mixer: 14 players|Soft Joss: 0.9|Meta Winner: 14 players|Random: 0.5|Alternator|Bully"
618,2.02,-0.72,4.35,1.04,0.05,0.0,86,54,12,"Grudger|DoubleCrosser: (D, D)|Defector|Meta Mixer: 10 players|Evolved FSM 16|Bully|Win-Shift Lose-Stay: D|Soft Joss: 0.9|Meta Winner: 10 players|GTFT: 0.33|Tit For 2 Tats|Random: 0.5"
619,3.25,-0.47,4.61,1.82,0.03,0.08,52,8,18,"Anti Tit For Tat|Cycler DC|DoubleCrosser: (D, D)|Meta Winner: 16 players|Tit For 2 Tats|Random: 0.5|Win-Stay Lose-Shift|Grudger|Win-Shift Lose-Stay: D|Bully|GTFT: 0.33|Evolved HMM 5|Alternator|Evolved FSM 16|Soft Joss: 0.9|Tit For Tat|Cooperator|Meta Mixer: 16 players"
620,2.95,0.71,4.22,1.97,0.05,0.01,87,164,3,Win-Stay Lose-Shift|Random: 0.5|Meta Mixer: 2 players
621,3.34,-0.01,5.91,0.19,0.08,0.06,26,57,19,"Cycler DC|Meta Winner: 17 players|Tit For Tat|Bully|Cooperator|Grudger|Suspicious Tit For Tat|Meta Mixer: 17 players|Win-Stay Lose-Shift|Anti Tit For Tat|Random: 0.5|Soft Joss: 0.9|Tit For 2 Tats|GTFT: 0.33|Defector|Evolved HMM 5|Evolved FSM 16|Win-Shift Lose-Stay: D|DoubleCrosser: (D, D)"
622,2.1,-0.64,4.77,0.4,0.01,0.0,40,42,15,"GTFT: 0.33|Alternator|Random: 0.5|Evolved FSM 16|Grudger|Cooperator|Meta Winner: 14 players|Win-Stay Lose-Shift|Suspicious Tit For Tat|Tit For Tat|Soft Joss: 0.9|DoubleCrosser: (D, D)|Cycler DC|Win-Shift Lose-Stay: D|Tit For 2 Tats"
623,2.56,0.85,4.24,1.54,0.03,0.09,42,88,18,Evolved FSM 16|Soft Joss: 0.9|Cooperator|GTFT: 0.33|Win-Shift Lose-Stay: D|Anti Tit For Tat|Tit For 2 Tats|Defector|Suspicious Tit For Tat|Evolved HMM 5|Alternator|Random: 0.5|Bully|Win-Stay Lose-Shift|Meta Mixer: 16 players|Meta Winner: 16 players|Grudger|Cycler DC
624,2.59,-0.39,5.1,1.75,0.04,0.1,20,130,8,Tit For 2 Tats|Evolved HMM 5|Suspicious Tit For Tat|Cycler DC|Tit For Tat|Meta Winner: 7 players|Alternator|Cooperator
625,2.71,-0.7,5.47,1.2,0.09,0.05,78,93,20,"Tit For Tat|Evolved HMM 5|Defector|Grudger|Evolved FSM 16|Anti Tit For Tat|GTFT: 0.33|Bully|DoubleCrosser: (D, D)|Meta Mixer: 18 players|Win-Stay Lose-Shift|Cooperator|Tit For 2 Tats|Cycler DC|Suspicious Tit For Tat|Win-Shift Lose-Stay: D|Soft Joss: 0.9|Random: 0.5|Alternator|Meta Winner: 18 players"
626,3.8,0.79,4.59,1.94,0.05,0.01,48,1,5,Win-Shift Lose-Stay: D|Evolved FSM 16|Win-Stay Lose-Shift|Suspicious Tit For Tat|Bully
627,3.61,-0.52,5.53,1.9,0.08,0.06,60,152,9,Tit For Tat|Grudger|Bully|Meta Winner: 7 players|Win-Shift Lose-Stay: D|Evolved FSM 16|Suspicious Tit For Tat|Anti Tit For Tat|Meta Mixer: 7 players
628,3.89,-0.11,5.48,0.3,0.07,0.08,11,164,6,Evolved HMM 5|Win-Stay Lose-Shift|Meta Winner: 5 players|Cooperator|Random: 0.5|Evolved FSM 16
629,2.54,-0.24,4.68,1.98,0.09,0.01,69,110,8,Random: 0.5|Win-Stay Lose-Shift|Tit For Tat|Evolved HMM 5|Cooperator|Anti Tit For Tat|Grudger|Meta Mixer: 7 players
630,3.4,-0.89,4.99,0.86,0.01,0.08,45,65,19,"GTFT: 0.33|DoubleCrosser: (D, D)|Win-Shift Lose-Stay: D|Grudger|Bully|Alternator|Anti Tit For Tat|Evolved HMM 5|Tit For Tat|Cooperator|Win-Stay Lose-Shift|Tit For 2 Tats|Meta Winner: 17 players|Cycler DC|Evolved FSM 16|Random: 0.5|Soft Joss: 0.9|Suspicious Tit For Tat|Meta Mixer: 17 players"
631,3.67,0.04,5.12,0.75,0.09,0.04,87,28,6,Meta Mixer: 4 players|Cooperator|Meta Winner: 4 players|Tit For Tat|Grudger|Win-Stay Lose-Shift
632,3.81,-0.21,5.35,0.84,0.07,0.03,66,118,19,"Anti Tit For Tat|Tit For 2 Tats|DoubleCrosser: (D, D)|Alternator|Suspicious Tit For Tat|Win-Stay Lose-Shift|Bully|Evolved HMM 5|GTFT: 0.33|Defector|Meta Winner: 17 players|Cycler DC|Random: 0.5|Tit For Tat|Meta Mixer: 17 players|Cooperator|Evolved FSM 16|Soft Joss: 0.9|Win-Shift Lose-Stay: D"
633,3.4,0.54,4.65,1.27,0.02,0.06,80,166,13,"Tit For 2 Tats|Grudger|Defector|Random: 0.5|Bully|Evolved FSM 16|Soft Joss: 0.9|Win-Stay Lose-Shift|Win-Shift Lose-Stay: D|Cooperator|DoubleCrosser: (D, D)|Cycler DC|Anti Tit For Tat"
634,2.67,-0.28,4.97,0.88,0.02,0.02,12,29,9,Meta Mixer: 7 players|Win-Stay Lose-Shift|Evolved HMM 5|Meta Winner: 7 players|Defector|Suspicious Tit For Tat|Evolved FSM 16|Grudger|Anti Tit For Tat
635,2.53,0.07,4.81,1.43,0.04,0.09,23,189,12,"Meta Winner: 10 players|Meta Mixer: 10 players|Bully|GTFT: 0.33|Tit For Tat|Random: 0.5|DoubleCrosser: (D, D)|Alternator|Cooperator|Win-Shift Lose-Stay: D|Evolved FSM 16|Cycler DC"
636,2.45,-0.56,4.05,1.39,0.09,0.04,37,38,3,Win-Stay Lose-Shift|Tit For Tat|Alternator
637,2.97,0.11,5.72,0.88,0.1,0.02,33,133,15,"Meta Mixer: 13 players|Tit For 2 Tats|Win-Shift Lose-Stay: D|Grudger|Evolved FSM 16|Suspicious Tit For Tat|Defector|DoubleCrosser: (D, D)|Cooperator|Meta Winner: 13 players|Random: 0.5|GTFT: 0.33|Anti Tit For Tat|Win-Stay Lose-Shift|Tit For Tat"
638,3.65,0.59,4.64,1.4,0.06,0.01,74,182,18,"Evolved FSM 16|GTFT: 0.33|Cooperator|Tit For Tat|Grudger|Random: 0.5|Soft Joss: 0.9|Meta Mixer: 16 players|Win-Shift Lose-Stay: D|Meta Winner: 16 players|Evolved HMM 5|Cycler DC|Alternator|Tit For 2 Tats|DoubleCrosser: (D, D)|Suspicious Tit For Tat|Defector|Bully"
639,3.91,0.12,4.87,0.34,0.06,0.01,54,123,7,Bully|Grudger|Meta Winner: 5 players|Win-Shift Lose-Stay: D|Evolved HMM 5|Soft Joss: 0.9|Meta Mixer: 5 players
640,3.2,0.53,4.06,0.86,0.01,0.04,94,116,12,"Evolved FSM 16|Win-Stay Lose-Shift|GTFT: 0.33|Tit For Tat|DoubleCrosser: (D, D)|Bully|Tit For 2 Tats|Win-Shift Lose-Stay: D|Meta Winner: 10 players|Meta Mixer: 10 players|Defector|Alternator"
641,2.66,-0.19,5.46,0.19,0.07,0.07,62,98,18,"Cycler DC|GTFT: 0.33|Defector|Cooperator|Win-Stay Lose-Shift|Evolved FSM 16|Bully|Grudger|Suspicious Tit For Tat|Meta Winner: 16 players|Tit For Tat|Anti Tit For Tat|DoubleCrosser: (D, D)|Random: 0.5|Evolved HMM 5|Win-Shift Lose-Stay: D|Meta Mixer: 16 players|Soft Joss: 0.9"
642,3.27,0.5,5.97,0.68,0.05,0.0,87,16,20,"Anti Tit For Tat|Grudger|Cooperator|Defector|Alternator|Win-Shift Lose-Stay: D|Random: 0.5|DoubleCrosser: (D, D)|Evolved HMM 5|Suspicious Tit For Tat|Cycler DC|Tit For 2 Tats|Meta Mixer: 18 players|GTFT: 0.33|Soft Joss: 0.9|Meta Winner: 18 players|Win-Stay Lose-Shift|Bully|Evolved FSM 16|Tit For Tat"
643,2.75,-0.12,4.31,0.35,0.08,0.08,74,39,17,"Alternator|Anti Tit For Tat|Evolved FSM 16|Cooperator|Win-Stay Lose-Shift|Soft Joss: 0.9|Cycler DC|Meta Mixer: 15 players|Defector|GTFT: 0.33|Bully|Win-Shift Lose-Stay: D|Random: 0.5|Meta Winner: 15 players|Evolved HMM 5|Tit For 2 Tats|DoubleCrosser: (D, D)"
644,3.84,0.86,5.99,1.88,0.05,0.04,67,30,20,"Bully|GTFT: 0.33|Tit For Tat|Grudger|Cycler DC|Cooperator|DoubleCrosser: (D, D)|Evolved FSM 16|Soft Joss: 0.9|Suspicious Tit For Tat|Alternator|Defector|Win-Stay Lose-Shift|Evolved HMM 5|Win-Shift Lose-Stay: D|Random: 0.5|Tit For 2 Tats|Meta Winner: 18 players|Meta Mixer: 18 players|Anti Tit For Tat"
645,3.13,0.04,5.82,1.4,0.08,0.06,46,83,7,"Soft Joss: 0.9|Suspicious Tit For Tat|Win-Stay Lose-Shift|DoubleCrosser: (D, D)|Tit For 2 Tats|Meta Mixer: 5 players|Meta Winner: 5 players"
646,3.4,-0.92,5.54,1.06,0.09,0.03,85,192,20,"Defector|GTFT: 0.33|Anti Tit For Tat|Alternator|Evolved FSM 16|Cycler DC|Suspicious Tit For Tat|Cooperator|Meta Winner: 18 players|Win-Shift Lose-Stay: D|Evolved HMM 5|DoubleCrosser: (D, D)|Bully|Soft Joss: 0.9|Tit For Tat|Win-Stay Lose-Shift|Random: 0.5|Meta Mixer: 18 players|Tit For 2 Tats|Grudger"
647,3.42,-0.59,5.78,0.15,0.02,0.06,11,12,15,"Suspicious Tit For Tat|Cooperator|Win-Stay Lose-Shift|Alternator|Tit For Tat|GTFT: 0.33|DoubleCrosser: (D, D)|Defector|Bully|Meta Winner: 13 players|Meta Mixer: 13 players|Tit For 2 Tats|Soft Joss: 0.9|Evolved HMM 5|Anti Tit For Tat"
648,3.14,0.25,4.85,1.73,0.02,0.09,44,105,3,"DoubleCrosser: (D, D)|Meta Winner: 2 players|Tit For 2 Tats"
649,3.8,-0.02,4.56,1.63,0.06,0.06,60,11,17,"Cycler DC|Tit For Tat|Bully|Cooperator|Evolved HMM 5|Evolved FSM 16|Tit For 2 Tats|Meta Mixer: 16 players|Anti Tit For Tat|Soft Joss: 0.9|Win-Shift Lose-Stay: D|Defector|GTFT: 0.33|Win-Stay Lose-Shift|DoubleCrosser: (D, D)|Random: 0.5|Suspicious Tit For Tat"
650,2.57,-0.78,5.07,1.14,0.01,0.08,35,23,20,"Random: 0.5|Suspicious Tit For Tat|Cycler DC|Evolved HMM 5|Anti Tit For Tat|Tit For Tat|Soft Joss: 0.9|Meta Winner: 18 players|Tit For 2 Tats|Cooperator|Alternator|Meta Mixer: 18 players|Bully|Win-Stay Lose-Shift|Defector|Win-Shift Lose-Stay: D|Grudger|GTFT: 0.33|DoubleCrosser: (D, D)|Evolved FSM 16"
651,3.95,0.45,5.01,1.54,0.0,0.0,29,88,11,Defector|Grudger|Soft Joss: 0.9|Suspicious Tit For Tat|Anti Tit For Tat|Evolved HMM 5|Evolved FSM 16|Bully|Cycler DC|Win-Shift Lose-Stay: D|Random: 0.5
652,3.25,0.44,4.45,0.67,0.0,0.04,41,155,19,"Win-Stay Lose-Shift|Evolved FSM 16|Defector|Cycler DC|GTFT: 0.33|Alternator|Anti Tit For Tat|Random: 0.5|DoubleCrosser: (D, D)|Suspicious Tit For Tat|Win-Shift Lose-Stay: D|Meta Winner: 17 players|Soft Joss: 0.9|Evolved HMM 5|Meta Mixer: 17 players|Grudger|Bully|Tit For 2 Tats|Tit For Tat"
653,2.21,-0.24,4.29,0.47,0.06,0.08,82,31,10,"Anti Tit For Tat|Meta Mixer: 9 players|Evolved FSM 16|Bully|Alternator|GTFT: 0.33|DoubleCrosser: (D, D)|Tit For Tat|Win-Stay Lose-Shift|Soft Joss: 0.9"
654,2.96,-0.09,5.27,1.8,0.09,0.02,46,164,8,Tit For 2 Tats|Win-Shift Lose-Stay: D|Defector|Grudger|Alternator|Suspicious Tit For Tat|Meta Winner: 7 players|Cycler DC
655,2.92,0.08,4.29,1.42,0.02,0.04,90,91,9,"Tit For 2 Tats|DoubleCrosser: (D, D)|Meta Mixer: 8 players|Soft Joss: 0.9|Evolved HMM 5|Tit For Tat|Suspicious Tit For Tat|Random: 0.5|Defector"
656,3.33,0.06,4.68,0.27,0.02,0.07,82,50,14,"Soft Joss: 0.9|Evolved FSM 16|DoubleCrosser: (D, D)|Grudger|Win-Stay Lose-Shift|Cooperator|Suspicious Tit For Tat|Bully|Tit For Tat|Anti Tit For Tat|Win-Shift Lose-Stay: D|Evolved HMM 5|Cycler DC|Meta Mixer: 13 players"
657,3.74,-0.6,5.91,0.82,0.03,0.09,94,99,19,"DoubleCrosser: (D, D)|Defector|Soft Joss: 0.9|Alternator|Suspicious Tit For Tat|Random: 0.5|Win-Stay Lose-Shift|GTFT: 0.33|Bully|Cycler DC|Meta Winner: 17 players|Grudger|Evolved FSM 16|Tit For 2 Tats|Anti Tit For Tat|Meta Mixer: 17 players|Cooperator|Tit For Tat|Win-Shift Lose-Stay: D"
658,3.48,-0.03,4.49,1.53,0.06,0.08,77,189,4,Cooperator|Bully|Meta Mixer: 3 players|Alternator
659,3.8,-0.7,4.63,0.41,0.02,0.08,56,160,13,Meta Mixer: 11 players|Soft Joss: 0.9|Random: 0.5|GTFT: 0.33|Defector|Cycler DC|Meta Winner: 11 players|Anti Tit For Tat|Win-Shift Lose-Stay: D|Bully|Evolved HMM 5|Win-Stay Lose-Shift|Suspicious Tit For Tat
660,3.82,0.12,4.24,0.82,0.06,0.07,45,177,10,"Cooperator|Cycler DC|Soft Joss: 0.9|Meta Winner: 9 players|Anti Tit For Tat|Bully|Suspicious Tit For Tat|Tit For Tat|DoubleCrosser: (D, D)|Tit For 2 Tats"
661,3.89,0.77,5.94,1.13,0.1,0.09,18,46,7,Meta Winner: 6 players|Win-Stay Lose-Shift|Tit For 2 Tats|Cycler DC|Cooperator|Soft Joss: 0.9|Evolved FSM 16
662,3.24,0.98,4.99,1.18,0.04,0.03,75,72,19,"Alternator|Random: 0.5|GTFT: 0.33|Defector|Anti Tit For Tat|Evolved FSM 16|Cooperator|Grudger|Cycler DC|Tit For 2 Tats|Tit For Tat|Suspicious Tit For Tat|Evolved HMM 5|Meta Winner: 17 players|Bully|DoubleCrosser: (D, D)|Win-Shift Lose-Stay: D|Meta Mixer: 17 players|Soft Joss: 0.9"
663,3.96,0.47,4.26,1.25,0.0,0.04,70,98,15,"Anti Tit For Tat|Win-Shift Lose-Stay: D|Tit For 2 Tats|GTFT: 0.33|Grudger|Evolved FSM 16|Meta Mixer: 14 players|Soft Joss: 0.9|Suspicious Tit For Tat|Random: 0.5|Defector|Bully|Win-Stay Lose-Shift|Tit For Tat|DoubleCrosser: (D, D)"
664,2.15,-0.69,4.21,0.75,0.08,0.08,19,3,3,GTFT: 0.33|Bully|Cycler DC
665,3.93,0.26,5.17,1.94,0.03,0.07,88,32,4,Cycler DC|Suspicious Tit For Tat|Bully|Defector
666,2.1,-0.36,4.47,0.16,0.05,0.05,35,182,18,"Meta Winner: 16 players|Defector|Random: 0.5|Win-Stay Lose-Shift|Anti Tit For Tat|Tit For Tat|Bully|Win-Shift Lose-Stay: D|Alternator|Evolved FSM 16|DoubleCrosser: (D, D)|Cooperator|Cycler DC|GTFT: 0.33|Soft Joss: 0.9|Meta Mixer: 16 players|Suspicious Tit For Tat|Evolved HMM 5"
667,2.82,-0.56,4.59,1.28,0.03,0.03,40,136,3,Win-Shift Lose-Stay: D|Win-Stay Lose-Shift|Defector
668,3.83,0.36,5.18,0.72,0.07,0.01,43,187,13,Soft Joss: 0.9|Grudger|Random: 0.5|Meta Mixer: 12 players|Evolved FSM 16|Cycler DC|Tit For 2 Tats|Tit For Tat|Defector|Win-Shift Lose-Stay: D|Cooperator|Win-Stay Lose-Shift|Bully
669,2.71,-0.08,4.09,0.93,0.09,0.08,61,119,17,"Soft Joss: 0.9|Cycler DC|Meta Mixer: 15 players|Tit For 2 Tats|DoubleCrosser: (D, D)|Alternator|Random: 0.5|Bully|Defector|Suspicious Tit For Tat|Evolved HMM 5|GTFT: 0.33|Grudger|Meta Winner: 15 players|Cooperator|Anti Tit For Tat|Evolved FSM 16"
670,2.67,-0.22,4.3,0.04,0.03,0.1,80,72,10,"Suspicious Tit For Tat|Random: 0.5|Meta Mixer: 9 players|DoubleCrosser: (D, D)|Evolved HMM 5|Evolved FSM 16|Bully|Tit For Tat|GTFT: 0.33|Alternator"
671,2.98,0.26,4.43,1.91,0.03,0.03,89,110,6,Meta Winner: 5 players|Cycler DC|Evolved HMM 5|Win-Stay Lose-Shift|GTFT: 0.33|Grudger
672,3.38,0.13,4.75,0.26,0.05,0.0,57,107,10,Suspicious Tit For Tat|GTFT: 0.33|Tit For Tat|Meta Mixer: 9 players|Random: 0.5|Tit For 2 Tats|Cycler DC|Win-Shift Lose-Stay: D|Defector|Win-Stay Lose-Shift
673,3.4,0.93,5.59,1.8,0.08,0.06,39,182,10,Tit For Tat|Random: 0.5|Meta Mixer: 9 players|Alternator|GTFT: 0.33|Win-Shift Lose-Stay: D|Anti Tit For Tat|Suspicious Tit For Tat|Bully|Win-Stay Lose-Shift
674,3.06,0.8,4.64,0.93,0.09,0.07,18,116,15,"Suspicious Tit For Tat|Win-Shift Lose-Stay: D|Cycler DC|Grudger|Anti Tit For Tat|Tit For Tat|Cooperator|DoubleCrosser: (D, D)|GTFT: 0.33|Alternator|Defector|Win-Stay Lose-Shift|Soft Joss: 0.9|Evolved FSM 16|Random: 0.5"
675,3.91,-0.37,5.57,0.97,0.09,0.02,92,49,6,Win-Stay Lose-Shift|Anti Tit For Tat|Suspicious Tit For Tat|Evolved HMM 5|Meta Winner: 5 players|Cooperator
676,2.85,-0.98,5.58,1.64,0.03,0.01,13,8,16,"Bully|Grudger|Soft Joss: 0.9|Cycler DC|Evolved FSM 16|GTFT: 0.33|Suspicious Tit For Tat|Win-Shift Lose-Stay: D|Meta Winner: 14 players|Win-Stay Lose-Shift|Tit For Tat|Defector|Anti Tit For Tat|Meta Mixer: 14 players|Cooperator|DoubleCrosser: (D, D)"
677,3.21,0.17,4.4,0.57,0.03,0.0,16,84,20,"Random: 0.5|Grudger|Cycler DC|GTFT: 0.33|Tit For 2 Tats|Win-Shift Lose-Stay: D|Alternator|Evolved HMM 5|Suspicious Tit For Tat|Meta Winner: 18 players|Defector|Meta Mixer: 18 players|Bully|Tit For Tat|Evolved FSM 16|DoubleCrosser: (D, D)|Soft Joss: 0.9|Anti Tit For Tat|Win-Stay Lose-Shift|Cooperator"
678,3.43,0.85,5.45,0.99,0.01,0.01,30,183,10,Bully|Grudger|Meta Mixer: 8 players|GTFT: 0.33|Meta Winner: 8 players|Suspicious Tit For Tat|Defector|Tit For 2 Tats|Anti Tit For Tat|Tit For Tat
679,3.1,-0.59,5.39,0.18,0.02,0.08,43,59,10,"Anti Tit For Tat|Evolved FSM 16|Alternator|Meta Winner: 8 players|Tit For Tat|Random: 0.5|Meta Mixer: 8 players|DoubleCrosser: (D, D)|Cooperator|Grudger"
680,3.91,-0.36,5.9,0.28,0.04,0.06,60,5,19,"Win-Stay Lose-Shift|Random: 0.5|Alternator|DoubleCrosser: (D, D)|Bully|Evolved FSM 16|Cooperator|Meta Winner: 17 players|Soft Joss: 0.9|Evolved HMM 5|GTFT: 0.33|Tit For Tat|Grudger|Meta Mixer: 17 players|Defector|Win-Shift Lose-Stay: D|Suspicious Tit For Tat|Tit For 2 Tats|Cycler DC"
681,2.53,-0.22,5.25,0.75,0.08,0.08,42,86,9,GTFT: 0.33|Win-Shift Lose-Stay: D|Tit For 2 Tats|Cooperator|Win-Stay Lose-Shift|Tit For Tat|Alternator|Soft Joss: 0.9|Random: 0.5
682,3.34,-0.59,5.94,1.54,0.01,0.04,23,191,9,Suspicious Tit For Tat|Meta Mixer: 7 players|Win-Stay Lose-Shift|Meta Winner: 7 players|Evolved FSM 16|Defector|Tit For Tat|Alternator|GTFT: 0.33
683,3.13,-0.5,5.25,1.77,0.05,0.03,37,47,13,Suspicious Tit For Tat|Random: 0.5|Tit For 2 Tats|GTFT: 0.33|Soft Joss: 0.9|Meta Winner: 12 players|Win-Stay Lose-Shift|Evolved FSM 16|Bully|Tit For Tat|Evolved HMM 5|Win-Shift Lose-Stay: D|Cycler DC
684,3.33,-0.84,5.59,1.88,0.01,0.0,13,159,4,Alternator|Win-Shift Lose-Stay: D|Meta Winner: 3 players|Win-Stay Lose-Shift
685,3.46,-0.81,4.89,1.92,0.04,0.06,64,190,14,"Bully|Win-Shift Lose-Stay: D|DoubleCrosser: (D, D)|Alternator|Win-Stay Lose-Shift|Tit For 2 Tats|Evolved HMM 5|Anti Tit For Tat|Cycler DC|Meta Winner: 13 players|Grudger|Tit For Tat|Cooperator|Evolved FSM 16"
686,3.49,-0.94,5.84,1.36,0.09,0.05,11,29,5,Tit For Tat|Soft Joss: 0.9|Evolved FSM 16|Win-Shift Lose-Stay: D|Evolved HMM 5
687,2.8,-0.93,4.43,0.75,0.04,0.05,32,4,4,Bully|Win-Shift Lose-Stay: D|Win-Stay Lose-Shift|Random: 0.5
688,3.38,0.99,4.38,1.62,0.0,0.06,65,144,18,"Tit For Tat|Anti Tit For Tat|Win-Stay Lose-Shift|Grudger|Bully|Evolved FSM 16|Defector|Meta Winner: 16 players|Tit For 2 Tats|Win-Shift Lose-Stay: D|Random: 0.5|DoubleCrosser: (D, D)|GTFT: 0.33|Evolved HMM 5|Cycler DC|Suspicious Tit For Tat|Meta Mixer: 16 players|Cooperator"
689,2.69,-0.2,5.47,0.35,0.05,0.03,47,38,18,"Evolved FSM 16|DoubleCrosser: (D, D)|Grudger|Meta Mixer: 16 players|Bully|Win-Stay Lose-Shift|Cycler DC|Random: 0.5|Defector|Meta Winner: 16 players|Tit For Tat|Soft Joss: 0.9|Tit For 2 Tats|Alternator|Win-Shift Lose-Stay: D|Evolved HMM 5|Anti Tit For Tat|GTFT: 0.33"
690,3.27,0.7,4.68,1.49,0.06,0.1,36,178,15,"Bully|DoubleCrosser: (D, D)|Cooperator|Evolved HMM 5|Anti Tit For Tat|Win-Shift Lose-Stay: D|Random: 0.5|Win-Stay Lose-Shift|Alternator|Cycler DC|Soft Joss: 0.9|Meta Winner: 14 players|Evolved FSM 16|Defector|Suspicious Tit For Tat"
691,3.87,0.64,4.75,1.05,0.02,0.04,62,177,6,Tit For Tat|Soft Joss: 0.9|Cycler DC|Suspicious Tit For Tat|Alternator|Meta Mixer: 5 players
692,3.01,-0.71,5.59,0.22,0.01,0.1,40,194,15,"Win-Stay Lose-Shift|Suspicious Tit For Tat|Evolved FSM 16|Cooperator|Meta Mixer: 14 players|Alternator|Soft Joss: 0.9|DoubleCrosser: (D, D)|Cycler DC|Anti Tit For Tat|Evolved HMM 5|Bully|GTFT: 0.33|Tit For 2 Tats|Win-Shift Lose-Stay: D"
693,3.2,-0.25,4.02,0.69,0.03,0.06,71,163,4,Random: 0.5|Anti Tit For Tat|Meta Winner: 3 players|GTFT: 0.33
694,3.54,0.17,5.51,0.85,0.09,0.09,97,126,3,Tit For 2 Tats|Anti Tit For Tat|Random: 0.5
695,3.66,-0.81,4.49,1.26,0.04,0.03,87,121,4,GTFT: 0.33|Win-Stay Lose-Shift|Evolved FSM 16|Soft Joss: 0.9
696,2.82,-0.74,4.43,0.02,0.09,0.08,74,114,5,Evolved HMM 5|Defector|Soft Joss: 0.9|Win-Shift Lose-Stay: D|Tit For 2 Tats
697,3.07,-0.49,5.6,1.45,0.01,0.05,32,116,12,"Defector|Anti Tit For Tat|Win-Stay Lose-Shift|GTFT: 0.33|DoubleCrosser: (D, D)|Meta Mixer: 11 players|Evolved HMM 5|Bully|Soft Joss: 0.9|Cooperator|Tit For Tat|Evolved FSM 16"
698,2.77,0.31,4.5,1.49,0.02,0.04,48,47,10,GTFT: 0.33|Meta Mixer: 9 players|Random: 0.5|Tit For Tat|Soft Joss: 0.9|Tit For 2 Tats|Grudger|Anti Tit For Tat|Evolved FSM 16|Bully
699,3.48,0.13,4.28,1.89,0.04,0.04,99,111,3,Evolved HMM 5|Grudger|Evolved FSM 16
700,2.95,0.11,4.21,0.56,0.04,0.01,43,171,14,Random: 0.5|Tit For 2 Tats|Evolved HMM 5|Tit For Tat|Cycler DC|Anti Tit For Tat|Alternator|Bully|Soft Joss: 0.9|Win-Stay Lose-Shift|Meta Mixer: 13 players|Cooperator|Evolved FSM 16|Defector
701,2.75,-0.87,5.99,0.53,0.08,0.02,62,30,20,"Anti Tit For Tat|Tit For Tat|Suspicious Tit For Tat|Cycler DC|Win-Stay Lose-Shift|Bully|Grudger|DoubleCrosser: (D, D)|Evolved FSM 16|Alternator|Defector|GTFT: 0.33|Win-Shift Lose-Stay: D|Meta Mixer: 18 players|Evolved HMM 5|Soft Joss: 0.9|Tit For 2 Tats|Meta Winner: 18 players|Cooperator|Random: 0.5"
702,3.72,-0.62,5.84,1.6,0.05,0.05,22,45,15,"Evolved FSM 16|Meta Winner: 13 players|Bully|Cycler DC|Evolved HMM 5|DoubleCrosser: (D, D)|Win-Shift Lose-Stay: D|Meta Mixer: 13 players|Anti Tit For Tat|Tit For Tat|Soft Joss: 0.9|Grudger|Tit For 2 Tats|Win-Stay Lose-Shift|Defector"
703,3.68,-0.55,5.51,0.72,0.03,0.01,65,11,13,Tit For 2 Tats|Alternator|Suspicious Tit For Tat|Grudger|Meta Winner: 12 players|Tit For Tat|Win-Stay Lose-Shift|Cooperator|Evolved HMM 5|Bully|Soft Joss: 0.9|Win-Shift Lose-Stay: D|Evolved FSM 16
704,3.51,0.2,5.29,0.31,0.03,0.08,65,154,3,"DoubleCrosser: (D, D)|Bully|Evolved FSM 16"
705,3.78,0.28,4.17,0.29,0.04,0.04,69,167,13,"Win-Stay Lose-Shift|Evolved FSM 16|GTFT: 0.33|Meta Winner: 12 players|Random: 0.5|Win-Shift Lose-Stay: D|Tit For Tat|Suspicious Tit For Tat|Grudger|Evolved HMM 5|Soft Joss: 0.9|Bully|DoubleCrosser: (D, D)"
706,3.38,0.07,4.67,1.95,0.06,0.01,90,69,11,"Win-Stay Lose-Shift|Evolved HMM 5|Tit For Tat|GTFT: 0.33|Meta Mixer: 9 players|Soft Joss: 0.9|Cooperator|Meta Winner: 9 players|DoubleCrosser: (D, D)|Defector|Cycler DC"
707,2.67,-0.44,4.38,1.35,0.06,0.07,34,197,7,Win-Stay Lose-Shift|Suspicious Tit For Tat|Grudger|GTFT: 0.33|Meta Mixer: 6 players|Tit For 2 Tats|Tit For Tat
708,3.29,-0.51,4.37,0.99,0.05,0.03,82,118,20,"GTFT: 0.33|Cycler DC|Win-Shift Lose-Stay: D|Bully|Evolved FSM 16|Anti Tit For Tat|Suspicious Tit For Tat|Random: 0.5|DoubleCrosser: (D, D)|Alternator|Soft Joss: 0.9|Cooperator|Meta Mixer: 18 players|Tit For 2 Tats|Grudger|Tit For Tat|Evolved HMM 5|Defector|Win-Stay Lose-Shift|Meta Winner: 18 players"
709,3.96,-0.02,4.53,1.26,0.01,0.04,50,31,7,"Defector|Cooperator|Grudger|Anti Tit For Tat|Evolved HMM 5|DoubleCrosser: (D, D)|Random: 0.5"
710,2.86,0.24,4.55,0.46,0.06,0.03,80,91,10,Cycler DC|Alternator|Evolved FSM 16|GTFT: 0.33|Tit For Tat|Bully|Tit For 2 Tats|Suspicious Tit For Tat|Cooperator|Win-Shift Lose-Stay: D
711,2.44,-0.52,4.35,0.21,0.03,0.06,86,99,17,"Suspicious Tit For Tat|Tit For Tat|Cooperator|Bully|DoubleCrosser: (D, D)|Grudger|Meta Mixer: 15 players|Random: 0.5|Evolved HMM 5|Meta Winner: 15 players|Win-Stay Lose-Shift|GTFT: 0.33|Alternator|Cycler DC|Soft Joss: 0.9|Anti Tit For Tat|Evolved FSM 16"
712,3.75,-0.96,4.87,0.68,0.05,0.04,66,156,9,Grudger|Cycler DC|Bully|Tit For 2 Tats|Defector|Evolved HMM 5|Suspicious Tit For Tat|Cooperator|Soft Joss: 0.9
713,2.81,-0.42,4.63,0.5,0.02,0.06,70,7,10,"Bully|Soft Joss: 0.9|Alternator|Tit For 2 Tats|Grudger|Defector|Suspicious Tit For Tat|Evolved FSM 16|Tit For Tat|DoubleCrosser: (D, D)"
714,3.82,-0.49,5.45,0.18,0.02,0.04,43,123,8,"Defector|Tit For Tat|Evolved HMM 5|Evolved FSM 16|Suspicious Tit For Tat|DoubleCrosser: (D, D)|Alternator|Random: 0.5"
715,3.39,-0.84,4.18,0.1,0.09,0.05,47,37,16,"Win-Shift Lose-Stay: D|Defector|Tit For Tat|DoubleCrosser: (D, D)|Win-Stay Lose-Shift|Bully|Meta Winner: 15 players|Anti Tit For Tat|Cooperator|Tit For 2 Tats|Random: 0.5|Alternator|Soft Joss: 0.9|Evolved FSM 16|Cycler DC|Grudger"
716,3.43,-0.8,4.39,0.13,0.08,0.02,25,200,17,"Evolved FSM 16|Grudger|Defector|Cycler DC|Meta Winner: 16 players|Cooperator|Tit For 2 Tats|Alternator|Random: 0.5|Bully|Evolved HMM 5|Win-Shift Lose-Stay: D|DoubleCrosser: (D, D)|Win-Stay Lose-Shift|Suspicious Tit For Tat|Tit For Tat|Soft Joss: 0.9"
717,2.1,-0.74,4.27,0.31,0.09,0.08,83,72,17,Tit For Tat|Soft Joss: 0.9|Defector|Cooperator|Meta Winner: 15 players|Bully|GTFT: 0.33|Win-Stay Lose-Shift|Alternator|Anti Tit For Tat|Suspicious Tit For Tat|Meta Mixer: 15 players|Grudger|Win-Shift Lose-Stay: D|Evolved HMM 5|Cycler DC|Evolved FSM 16
718,2.79,-0.19,5.36,1.08,0.05,0.1,76,91,15,"Win-Shift Lose-Stay: D|Evolved HMM 5|DoubleCrosser: (D, D)|Defector|Random: 0.5|Bully|Tit For 2 Tats|Alternator|Cooperator|Anti Tit For Tat|Win-Stay Lose-Shift|Meta Mixer: 14 players|Cycler DC|Evolved FSM 16|Tit For Tat"
719,2.77,-0.95,5.81,0.6,0.05,0.08,37,112,7,Soft Joss: 0.9|Meta Mixer: 6 players|Cycler DC|Win-Stay Lose-Shift|Tit For 2 Tats|Cooperator|Bully
720,2.45,-0.03,4.03,0.88,0.05,0.05,36,119,7,"DoubleCrosser: (D, D)|Anti Tit For Tat|Tit For Tat|Cycler DC|Cooperator|Evolved HMM 5|Defector"
721,2.93,0.31,4.11,0.77,0.04,0.06,55,132,20,"Random: 0.5|Anti Tit For Tat|Meta Winner: 18 players|Bully|Grudger|Defector|Cooperator|Cycler DC|Win-Shift Lose-Stay: D|Evolved HMM 5|Alternator|Meta Mixer: 18 players|GTFT: 0.33|Soft Joss: 0.9|Suspicious Tit For Tat|Tit For 2 Tats|Tit For Tat|Win-Stay Lose-Shift|DoubleCrosser: (D, D)|Evolved FSM 16"
722,2.74,-0.33,5.26,0.9,0.06,0.03,51,73,14,"Anti Tit For Tat|Evolved HMM 5|Cooperator|Soft Joss: 0.9|Random: 0.5|Suspicious Tit For Tat|Tit For 2 Tats|Win-Shift Lose-Stay: D|Alternator|GTFT: 0.33|DoubleCrosser: (D, D)|Win-Stay Lose-Shift|Meta Winner: 13 players|Tit For Tat"
723,2.77,-0.92,4.19,0.79,0.03,0.1,34,108,9,"DoubleCrosser: (D, D)|Cycler DC|Meta Winner: 8 players|Win-Shift Lose-Stay: D|Suspicious Tit For Tat|Alternator|Anti Tit For Tat|Bully|Soft Joss: 0.9"
724,2.97,-0.06,4.53,0.13,0.1,0.09,73,30,5,Soft Joss: 0.9|GTFT: 0.33|Grudger|Random: 0.5|Win-Shift Lose-Stay: D
725,3.1,0.48,5.15,1.8,0.06,0.03,29,171,19,"Win-Shift Lose-Stay: D|Tit For Tat|Meta Mixer: 17 players|Alternator|DoubleCrosser: (D, D)|Evolved FSM 16|Cycler DC|Defector|Meta Winner: 17 players|Random: 0.5|Soft Joss: 0.9|Suspicious Tit For Tat|Evolved HMM 5|GTFT: 0.33|Bully|Tit For 2 Tats|Win-Stay Lose-Shift|Cooperator|Grudger"
726,2.2,-0.27,4.31,1.08,0.07,0.04,52,77,5,Tit For Tat|Defector|Random: 0.5|Bully|GTFT: 0.33
727,3.96,-0.26,4.83,0.67,0.03,0.05,72,102,9,"Tit For 2 Tats|DoubleCrosser: (D, D)|Tit For Tat|Win-Stay Lose-Shift|Evolved FSM 16|Evolved HMM 5|Meta Winner: 8 players|Bully|Defector"
728,2.65,-0.83,4.32,0.75,0.01,0.08,11,39,20,"DoubleCrosser: (D, D)|Random: 0.5|Bully|Cycler DC|Anti Tit For Tat|Alternator|Tit For Tat|Evolved FSM 16|Soft Joss: 0.9|Tit For 2 Tats|Evolved HMM 5|Defector|Win-Shift Lose-Stay: D|Meta Winner: 18 players|Win-Stay Lose-Shift|Grudger|Suspicious Tit For Tat|Cooperator|Meta Mixer: 18 players|GTFT: 0.33"
729,3.99,-0.92,4.2,0.16,0.0,0.09,31,101,18,"Cooperator|Win-Shift Lose-Stay: D|Win-Stay Lose-Shift|Evolved HMM 5|Bully|DoubleCrosser: (D, D)|Evolved FSM 16|Cycler DC|Random: 0.5|Anti Tit For Tat|Tit For Tat|Tit For 2 Tats|Grudger|Defector|Suspicious Tit For Tat|Meta Mixer: 17 players|Alternator|GTFT: 0.33"
730,3.39,-0.28,5.33,1.62,0.05,0.03,100,103,16,"Tit For Tat|Win-Stay Lose-Shift|GTFT: 0.33|Suspicious Tit For Tat|Meta Winner: 14 players|Random: 0.5|Bully|Grudger|DoubleCrosser: (D, D)|Alternator|Anti Tit For Tat|Evolved FSM 16|Meta Mixer: 14 players|Soft Joss: 0.9|Win-Shift Lose-Stay: D|Cooperator"
731,3.45,-0.33,4.25,0.56,0.03,0.02,71,112,16,"Cooperator|Evolved FSM 16|Win-Stay Lose-Shift|Suspicious Tit For Tat|Random: 0.5|GTFT: 0.33|Alternator|Defector|Bully|Evolved HMM 5|Meta Winner: 15 players|Tit For 2 Tats|Anti Tit For Tat|DoubleCrosser: (D, D)|Soft Joss: 0.9|Grudger"
732,3.73,0.63,5.57,0.9,0.07,0.07,94,81,8,"Alternator|Defector|Win-Shift Lose-Stay: D|DoubleCrosser: (D, D)|Bully|Tit For Tat|Meta Mixer: 7 players|Random: 0.5"
733,2.28,-0.01,4.08,1.03,0.03,0.02,33,107,4,Alternator|Grudger|GTFT: 0.33|Meta Mixer: 3 players
734,3.99,-0.43,4.58,0.91,0.0,0.06,18,122,16,"Soft Joss: 0.9|Meta Mixer: 15 players|Tit For Tat|GTFT: 0.33|Evolved FSM 16|Random: 0.5|Cycler DC|DoubleCrosser: (D, D)|Evolved HMM 5|Alternator|Cooperator|Tit For 2 Tats|Suspicious Tit For Tat|Bully|Grudger|Win-Shift Lose-Stay: D"
735,2.44,-0.52,4.46,1.64,0.0,0.0,19,71,20,"Evolved FSM 16|DoubleCrosser: (D, D)|Alternator|Evolved HMM 5|Win-Stay Lose-Shift|Tit For 2 Tats|Random: 0.5|GTFT: 0.33|Meta Winner: 18 players|Tit For Tat|Meta Mixer: 18 players|Cooperator|Cycler DC|Suspicious Tit For Tat|Grudger|Anti Tit For Tat|Win-Shift Lose-Stay: D|Bully|Soft Joss: 0.9|Defector"
736,2.4,-0.84,5.09,1.37,0.06,0.09,12,26,7,"Win-Shift Lose-Stay: D|Defector|Win-Stay Lose-Shift|Meta Winner: 6 players|DoubleCrosser: (D, D)|Bully|Suspicious Tit For Tat"
737,3.08,-0.86,4.62,1.1,0.1,0.09,10,62,5,Win-Shift Lose-Stay: D|Defector|Cooperator|Soft Joss: 0.9|GTFT: 0.33
738,3.53,-0.07,4.24,1.56,0.01,0.07,45,22,14,Bully|Grudger|Defector|Tit For 2 Tats|Suspicious Tit For Tat|Win-Shift Lose-Stay: D|Cycler DC|Meta Mixer: 12 players|Alternator|Win-Stay Lose-Shift|Anti Tit For Tat|GTFT: 0.33|Meta Winner: 12 players|Soft Joss: 0.9
739,3.04,-0.61,4.68,1.38,0.1,0.08,54,8,13,"Tit For 2 Tats|DoubleCrosser: (D, D)|Cooperator|Evolved HMM 5|Meta Winner: 12 players|Evolved FSM 16|Bully|Soft Joss: 0.9|Win-Stay Lose-Shift|GTFT: 0.33|Tit For Tat|Anti Tit For Tat|Random: 0.5"
740,3.87,0.11,5.67,1.56,0.05,0.03,57,51,4,Anti Tit For Tat|Soft Joss: 0.9|Suspicious Tit For Tat|Alternator
741,3.5,-0.37,4.68,0.01,0.05,0.01,22,153,19,"Evolved FSM 16|Cooperator|Cycler DC|Random: 0.5|Evolved HMM 5|Win-Shift Lose-Stay: D|Soft Joss: 0.9|Grudger|Defector|Anti Tit For Tat|Win-Stay Lose-Shift|Alternator|Tit For 2 Tats|GTFT: 0.33|Bully|Meta Winner: 17 players|Meta Mixer: 17 players|Suspicious Tit For Tat|DoubleCrosser: (D, D)"
742,2.52,-0.69,4.27,0.76,0.03,0.04,19,136,14,"Bully|Random: 0.5|Win-Stay Lose-Shift|Evolved FSM 16|DoubleCrosser: (D, D)|Alternator|Soft Joss: 0.9|Cycler DC|Defector|Meta Winner: 13 players|Anti Tit For Tat|GTFT: 0.33|Evolved HMM 5|Win-Shift Lose-Stay: D"
743,3.95,-0.36,4.23,1.54,0.01,0.06,84,21,10,Anti Tit For Tat|Win-Shift Lose-Stay: D|Win-Stay Lose-Shift|Bully|Evolved FSM 16|Soft Joss: 0.9|Meta Mixer: 8 players|GTFT: 0.33|Cycler DC|Meta Winner: 8 players
744,3.32,-0.9,4.84,0.54,0.01,0.09,85,2,6,Random: 0.5|Anti Tit For Tat|Meta Winner: 5 players|Grudger|Tit For 2 Tats|Win-Shift Lose-Stay: D
745,3.65,-0.73,4.78,0.59,0.1,0.04,84,74,11,"Tit For Tat|Cooperator|DoubleCrosser: (D, D)|Win-Shift Lose-Stay: D|Random: 0.5|Alternator|Anti Tit For Tat|Suspicious Tit For Tat|Win-Stay Lose-Shift|Meta Mixer: 10 players|Cycler DC"
746,3.15,0.16,5.38,1.63,0.1,0.02,15,60,10,Anti Tit For Tat|Bully|Tit For 2 Tats|Cycler DC|Suspicious Tit For Tat|Evolved HMM 5|Meta Winner: 9 players|Win-Stay Lose-Shift|Alternator|GTFT: 0.33
747,2.22,-0.17,4.42,1.39,0.03,0.04,28,186,6,"Grudger|GTFT: 0.33|DoubleCrosser: (D, D)|Tit For 2 Tats|Win-Shift Lose-Stay: D|Tit For Tat"
748,3.72,-0.22,5.33,0.29,0.02,0.07,94,63,18,"Random: 0.5|Win-Shift Lose-Stay: D|DoubleCrosser: (D, D)|Anti Tit For Tat|Meta Mixer: 16 players|Alternator|Suspicious Tit For Tat|Tit For Tat|Bully|Soft Joss: 0.9|GTFT: 0.33|Tit For 2 Tats|Cycler DC|Evolved HMM 5|Cooperator|Win-Stay Lose-Shift|Grudger|Meta Winner: 16 players"
749,2.35,-0.05,4.57,1.54,0.08,0.01,68,90,12,Tit For Tat|Soft Joss: 0.9|Suspicious Tit For Tat|Win-Shift Lose-Stay: D|Random: 0.5|Evolved FSM 16|Cycler DC|Bully|Meta Winner: 11 players|Cooperator|Grudger|Tit For 2 Tats
750,2.47,-0.56,4.03,0.97,0.09,0.05,28,29,11,"Grudger|Evolved HMM 5|Win-Shift Lose-Stay: D|Cooperator|Evolved FSM 16|DoubleCrosser: (D, D)|GTFT: 0.33|Random: 0.5|Cycler DC|Suspicious Tit For Tat|Alternator"
751,3.38,0.14,4.65,1.11,0.0,0.02,23,188,12,"DoubleCrosser: (D, D)|Win-Shift Lose-Stay: D|Meta Mixer: 10 players|Suspicious Tit For Tat|Tit For 2 Tats|GTFT: 0.33|Meta Winner: 10 players|Win-Stay Lose-Shift|Random: 0.5|Grudger|Defector|Anti Tit For Tat"
752,3.25,-0.35,4.76,1.78,0.09,0.04,40,137,13,"Random: 0.5|Tit For Tat|DoubleCrosser: (D, D)|Alternator|Bully|Anti Tit For Tat|Win-Stay Lose-Shift|Meta Winner: 11 players|Cooperator|Suspicious Tit For Tat|Evolved HMM 5|Grudger|Meta Mixer: 11 players"
753,3.98,0.78,4.82,1.29,0.09,0.01,40,157,6,Bully|Win-Shift Lose-Stay: D|Evolved FSM 16|Tit For Tat|Anti Tit For Tat|Evolved HMM 5
754,3.08,0.39,5.38,1.31,0.0,0.08,37,106,13,Cooperator|Bully|Evolved HMM 5|Tit For Tat|Win-Shift Lose-Stay: D|Alternator|Suspicious Tit For Tat|Grudger|Defector|Tit For 2 Tats|Evolved FSM 16|Random: 0.5|Meta Mixer: 12 players
755,2.2,-0.96,4.05,1.25,0.03,0.02,30,60,4,Defector|Suspicious Tit For Tat|Meta Mixer: 3 players|Evolved FSM 16
756,2.92,-0.55,4.27,1.32,0.01,0.01,36,94,12,"DoubleCrosser: (D, D)|Cycler DC|Bully|Defector|Random: 0.5|Suspicious Tit For Tat|Alternator|Evolved FSM 16|Evolved HMM 5|Meta Winner: 11 players|Win-Shift Lose-Stay: D|Tit For 2 Tats"
757,2.31,-0.54,4.42,0.22,0.08,0.03,76,183,20,"Evolved HMM 5|Meta Mixer: 18 players|GTFT: 0.33|Soft Joss: 0.9|Defector|DoubleCrosser: (D, D)|Win-Stay Lose-Shift|Win-Shift Lose-Stay: D|Evolved FSM 16|Meta Winner: 18 players|Cooperator|Tit For Tat|Suspicious Tit For Tat|Anti Tit For Tat|Cycler DC|Grudger|Bully|Tit For 2 Tats|Random: 0.5|Alternator"
758,3.6,-0.61,5.85,1.67,0.03,0.08,69,24,6,Cycler DC|Anti Tit For Tat|Tit For Tat|Cooperator|Random: 0.5|Suspicious Tit For Tat
759,3.16,-0.73,5.82,1.48,0.05,0.05,39,33,10,"Anti Tit For Tat|Evolved HMM 5|Evolved FSM 16|Bully|Tit For Tat|Win-Shift Lose-Stay: D|Soft Joss: 0.9|Meta Winner: 9 players|Defector|DoubleCrosser: (D, D)"
760,2.52,-0.73,5.08,0.66,0.02,0.04,36,36,10,Bully|Evolved HMM 5|Cycler DC|Soft Joss: 0.9|Meta Winner: 9 players|Suspicious Tit For Tat|Grudger|GTFT: 0.33|Win-Shift Lose-Stay: D|Anti Tit For Tat
761,2.64,-0.45,5.48,0.33,0.08,0.0,11,200,3,Alternator|Meta Winner: 2 players|Bully
762,3.52,0.17,4.64,1.62,0.01,0.02,22,113,20,"Grudger|Anti Tit For Tat|Alternator|Cycler DC|Meta Winner: 18 players|Defector|Suspicious Tit For Tat|GTFT: 0.33|Meta Mixer: 18 players|Win-Shift Lose-Stay: D|Evolved HMM 5|Win-Stay Lose-Shift|Tit For 2 Tats|Random: 0.5|Evolved FSM 16|Tit For Tat|DoubleCrosser: (D, D)|Bully|Cooperator|Soft Joss: 0.9"
763,3.82,-0.65,4.98,0.15,0.08,0.05,15,81,15,"Random: 0.5|Anti Tit For Tat|Evolved HMM 5|DoubleCrosser: (D, D)|Soft Joss: 0.9|Alternator|Meta Winner: 14 players|Win-Stay Lose-Shift|Evolved FSM 16|Grudger|Cycler DC|Cooperator|Suspicious Tit For Tat|Bully|Defector"
764,2.72,0.06,4.68,1.03,0.04,0.06,40,106,7,Win-Shift Lose-Stay: D|Evolved HMM 5|Tit For Tat|GTFT: 0.33|Grudger|Meta Mixer: 6 players|Alternator
765,3.64,-0.25,4.73,1.57,0.0,0.07,90,121,4,"DoubleCrosser: (D, D)|Suspicious Tit For Tat|Tit For Tat|Meta Winner: 3 players"
766,3.23,-0.29,5.2,0.92,0.1,0.08,91,135,8,Cycler DC|Bully|Anti Tit For Tat|Win-Shift Lose-Stay: D|Evolved FSM 16|Soft Joss: 0.9|Random: 0.5|Suspicious Tit For Tat
767,3.06,0.83,4.51,1.78,0.07,0.03,43,165,8,Evolved FSM 16|Random: 0.5|Meta Mixer: 6 players|Tit For Tat|Suspicious Tit For Tat|Meta Winner: 6 players|Grudger|Tit For 2 Tats
768,3.3,-0.52,4.38,0.8,0.07,0.01,61,159,12,"Defector|Evolved HMM 5|Win-Stay Lose-Shift|DoubleCrosser: (D, D)|Evolved FSM 16|Bully|Alternator|Cooperator|Suspicious Tit For Tat|Soft Joss: 0.9|Meta Winner: 11 players|Win-Shift Lose-Stay: D"
769,2.21,-0.5,4.86,1.92,0.05,0.0,59,75,15,Defector|Grudger|Meta Mixer: 13 players|Win-Stay Lose-Shift|Anti Tit For Tat|Bully|Suspicious Tit For Tat|Tit For 2 Tats|Cooperator|GTFT: 0.33|Meta Winner: 13 players|Evolved HMM 5|Soft Joss: 0.9|Tit For Tat|Random: 0.5
770,3.82,-0.83,5.92,0.05,0.04,0.04,45,75,19,"Meta Mixer: 17 players|Evolved HMM 5|Meta Winner: 17 players|Alternator|Tit For Tat|Grudger|Anti Tit For Tat|Defector|Cooperator|Win-Shift Lose-Stay: D|GTFT: 0.33|Win-Stay Lose-Shift|Bully|Suspicious Tit For Tat|Random: 0.5|Tit For 2 Tats|DoubleCrosser: (D, D)|Soft Joss: 0.9|Evolved FSM 16"
771,3.65,0.05,5.94,0.39,0.06,0.09,25,102,10,Cycler DC|Cooperator|Bully|Meta Mixer: 9 players|Soft Joss: 0.9|Win-Shift Lose-Stay: D|Tit For Tat|Grudger|Anti Tit For Tat|Random: 0.5
772,3.95,-0.82,4.1,0.48,0.07,0.05,27,104,13,"Tit For Tat|Anti Tit For Tat|DoubleCrosser: (D, D)|Meta Mixer: 11 players|Bully|Evolved HMM 5|Tit For 2 Tats|Win-Stay Lose-Shift|Win-Shift Lose-Stay: D|Meta Winner: 11 players|Defector|Suspicious Tit For Tat|Soft Joss: 0.9"
773,3.0,0.11,4.92,0.81,0.09,0.09,11,48,9,"Alternator|Meta Winner: 8 players|Cooperator|GTFT: 0.33|DoubleCrosser: (D, D)|Anti Tit For Tat|Win-Shift Lose-Stay: D|Bully|Win-Stay Lose-Shift"
774,2.99,0.65,5.27,1.46,0.06,0.1,63,1,9,Tit For 2 Tats|Grudger|Meta Mixer: 8 players|Cycler DC|Anti Tit For Tat|Random: 0.5|Evolved HMM 5|Win-Stay Lose-Shift|Soft Joss: 0.9
775,3.74,0.15,5.62,1.28,0.01,0.03,39,102,19,"Random: 0.5|GTFT: 0.33|Alternator|Cycler DC|DoubleCrosser: (D, D)|Cooperator|Bully|Grudger|Meta Winner: 17 players|Soft Joss: 0.9|Win-Stay Lose-Shift|Win-Shift Lose-Stay: D|Tit For 2 Tats|Evolved FSM 16|Anti Tit For Tat|Meta Mixer: 17 players|Tit For Tat|Defector|Evolved HMM 5"
776,3.66,0.56,5.49,1.26,0.03,0.05,60,110,16,"Anti Tit For Tat|Evolved HMM 5|Cooperator|Evolved FSM 16|Cycler DC|Suspicious Tit For Tat|Tit For 2 Tats|Alternator|DoubleCrosser: (D, D)|Meta Mixer: 15 players|Grudger|Win-Shift Lose-Stay: D|GTFT: 0.33|Bully|Tit For Tat|Defector"
777,2.91,0.49,4.31,0.64,0.01,0.02,37,66,13,"Grudger|Anti Tit For Tat|DoubleCrosser: (D, D)|Evolved HMM 5|Defector|Suspicious Tit For Tat|Win-Stay Lose-Shift|Meta Mixer: 11 players|Tit For Tat|GTFT: 0.33|Meta Winner: 11 players|Soft Joss: 0.9|Bully"
778,3.97,-0.42,5.24,1.66,0.1,0.01,48,142,3,Evolved HMM 5|Soft Joss: 0.9|Suspicious Tit For Tat
779,3.06,-0.58,5.47,0.81,0.06,0.06,25,14,6,Grudger|Soft Joss: 0.9|Alternator|Anti Tit For Tat|Meta Winner: 5 players|Win-Stay Lose-Shift
780,3.43,-0.49,5.87,0.91,0.08,0.04,86,181,16,"Meta Winner: 14 players|Meta Mixer: 14 players|Tit For 2 Tats|Win-Stay Lose-Shift|Soft Joss: 0.9|Anti Tit For Tat|Win-Shift Lose-Stay: D|Cycler DC|Bully|DoubleCrosser: (D, D)|Defector|Suspicious Tit For Tat|Cooperator|Random: 0.5|Grudger|Evolved FSM 16"
781,2.04,-0.38,4.21,1.0,0.06,0.1,34,45,9,"Cooperator|Defector|Tit For Tat|Win-Stay Lose-Shift|Cycler DC|Tit For 2 Tats|Suspicious Tit For Tat|DoubleCrosser: (D, D)|Evolved HMM 5"
782,3.88,0.4,5.12,0.82,0.1,0.05,60,164,6,"Soft Joss: 0.9|DoubleCrosser: (D, D)|Alternator|Meta Winner: 5 players|Defector|Grudger"
783,3.12,-0.54,4.43,1.99,0.06,0.03,94,155,14,"Tit For Tat|Evolved HMM 5|Cycler DC|Alternator|Win-Stay Lose-Shift|DoubleCrosser: (D, D)|Meta Mixer: 13 players|Defector|Suspicious Tit For Tat|GTFT: 0.33|Anti Tit For Tat|Bully|Grudger|Win-Shift Lose-Stay: D"
784,3.61,-0.19,4.06,1.57,0.08,0.05,28,112,11,Bully|Evolved FSM 16|Tit For 2 Tats|Meta Mixer: 10 players|Grudger|Suspicious Tit For Tat|GTFT: 0.33|Anti Tit For Tat|Cooperator|Alternator|Win-Shift Lose-Stay: D
785,2.85,0.37,4.96,1.34,0.01,0.02,77,81,13,Cooperator|Win-Shift Lose-Stay: D|Suspicious Tit For Tat|Meta Mixer: 11 players|Tit For 2 Tats|Evolved HMM 5|Bully|Meta Winner: 11 players|Win-Stay Lose-Shift|Cycler DC|Soft Joss: 0.9|GTFT: 0.33|Alternator
786,3.34,0.2,4.0,1.03,0.09,0.04,17,30,15,"Evolved HMM 5|Suspicious Tit For Tat|Bully|Evolved FSM 16|Meta Mixer: 14 players|DoubleCrosser: (D, D)|Win-Stay Lose-Shift|Defector|Alternator|Grudger|Anti Tit For Tat|Random: 0.5|GTFT: 0.33|Cycler DC|Tit For 2 Tats"
787,2.91,0.73,4.64,1.55,0.05,0.09,66,165,16,"Cycler DC|Anti Tit For Tat|Grudger|Tit For Tat|Win-Shift Lose-Stay: D|Meta Winner: 14 players|Alternator|Evolved HMM 5|Tit For 2 Tats|Evolved FSM 16|Win-Stay Lose-Shift|Soft Joss: 0.9|Suspicious Tit For Tat|Meta Mixer: 14 players|DoubleCrosser: (D, D)|Cooperator"
788,3.45,-0.18,5.77,1.53,0.01,0.01,12,143,5,Random: 0.5|Meta Winner: 4 players|Tit For 2 Tats|Anti Tit For Tat|Defector
789,3.87,-0.47,4.05,1.35,0.1,0.02,68,60,5,Cycler DC|GTFT: 0.33|Grudger|Defector|Suspicious Tit For Tat
790,3.92,0.09,4.69,0.22,0.01,0.0,31,174,6,Bully|Defector|Alternator|Tit For 2 Tats|Cooperator|Random: 0.5
791,2.99,-0.31,4.26,1.15,0.01,0.02,19,171,20,"Win-Stay Lose-Shift|Meta Winner: 18 players|Win-Shift Lose-Stay: D|Anti Tit For Tat|Defector|DoubleCrosser: (D, D)|Meta Mixer: 18 players|Random: 0.5|Alternator|Bully|Suspicious Tit For Tat|Cycler DC|Grudger|Soft Joss: 0.9|Tit For Tat|Cooperator|GTFT: 0.33|Evolved HMM 5|Tit For 2 Tats|Evolved FSM 16"
792,3.36,-0.2,4.9,1.66,0.05,0.09,69,190,18,"Evolved HMM 5|Defector|Meta Mixer: 16 players|Bully|Alternator|DoubleCrosser: (D, D)|Meta Winner: 16 players|GTFT: 0.33|Anti Tit For Tat|Tit For Tat|Win-Stay Lose-Shift|Win-Shift Lose-Stay: D|Soft Joss: 0.9|Random: 0.5|Evolved FSM 16|Grudger|Tit For 2 Tats|Cooperator"
793,2.84,-0.32,5.86,1.15,0.08,0.08,97,156,17,"Tit For Tat|DoubleCrosser: (D, D)|Meta Winner: 15 players|Evolved FSM 16|Cooperator|Meta Mixer: 15 players|Win-Shift Lose-Stay: D|Bully|Soft Joss: 0.9|GTFT: 0.33|Defector|Suspicious Tit For Tat|Alternator|Tit For 2 Tats|Anti Tit For Tat|Cycler DC|Random: 0.5"
794,2.81,-0.71,4.47,1.56,0.08,0.04,10,97,20,"Cycler DC|Bully|Defector|Evolved FSM 16|Tit For Tat|GTFT: 0.33|Evolved HMM 5|DoubleCrosser: (D, D)|Soft Joss: 0.9|Meta Mixer: 18 players|Anti Tit For Tat|Suspicious Tit For Tat|Tit For 2 Tats|Alternator|Grudger|Meta Winner: 18 players|Cooperator|Win-Shift Lose-Stay: D|Win-Stay Lose-Shift|Random: 0.5"
795,3.46,0.54,5.14,1.05,0.02,0.1,27,84,15,"Soft Joss: 0.9|Anti Tit For Tat|Evolved FSM 16|Win-Shift Lose-Stay: D|Tit For Tat|Suspicious Tit For Tat|Win-Stay Lose-Shift|DoubleCrosser: (D, D)|Evolved HMM 5|Cycler DC|Grudger|Alternator|Bully|Meta Mixer: 14 players|Tit For 2 Tats"
796,3.6,0.38,5.7,1.9,0.02,0.08,65,185,11,"Evolved HMM 5|Win-Stay Lose-Shift|Cycler DC|Meta Mixer: 9 players|GTFT: 0.33|DoubleCrosser: (D, D)|Grudger|Meta Winner: 9 players|Win-Shift Lose-Stay: D|Soft Joss: 0.9|Anti Tit For Tat"
797,3.62,0.39,4.92,1.83,0.04,0.04,32,61,20,"Tit For 2 Tats|Soft Joss: 0.9|Meta Winner: 18 players|Random: 0.5|Suspicious Tit For Tat|Win-Shift Lose-Stay: D|Evolved FSM 16|GTFT: 0.33|Bully|Alternator|Win-Stay Lose-Shift|Tit For Tat|Cycler DC|Cooperator|DoubleCrosser: (D, D)|Meta Mixer: 18 players|Defector|Grudger|Anti Tit For Tat|Evolved HMM 5"
798,2.98,0.71,5.22,1.08,0.06,0.04,73,184,7,Cycler DC|GTFT: 0.33|Evolved HMM 5|Suspicious Tit For Tat|Random: 0.5|Grudger|Alternator
799,3.06,-1.0,5.58,1.36,0.06,0.07,40,95,4,Win-Shift Lose-Stay: D|Alternator|Grudger|Tit For 2 Tats
800,3.24,0.14,4.76,1.37,0.0,0.01,45,139,8,GTFT: 0.33|Grudger|Win-Shift Lose-Stay: D|Evolved FSM 16|Defector|Soft Joss: 0.9|Evolved HMM 5|Suspicious Tit For Tat
801,3.48,0.58,5.37,1.69,0.08,0.02,34,140,6,GTFT: 0.33|Tit For 2 Tats|Defector|Win-Shift Lose-Stay: D|Bully|Meta Winner: 5 players
802,2.66,-0.32,5.36,1.07,0.1,0.05,53,100,8,Meta Mixer: 6 players|Defector|Tit For 2 Tats|Tit For Tat|Evolved HMM 5|Meta Winner: 6 players|Win-Shift Lose-Stay: D|Win-Stay Lose-Shift
803,3.12,-0.27,5.01,0.78,0.1,0.05,43,99,20,"GTFT: 0.33|Alternator|Meta Winner: 18 players|Random: 0.5|Win-Stay Lose-Shift|DoubleCrosser: (D, D)|Cycler DC|Cooperator|Meta Mixer: 18 players|Tit For 2 Tats|Soft Joss: 0.9|Anti Tit For Tat|Win-Shift Lose-Stay: D|Suspicious Tit For Tat|Grudger|Evolved FSM 16|Evolved HMM 5|Defector|Bully|Tit For Tat"
804,3.41,-0.46,5.04,1.16,0.0,0.08,36,101,12,"Bully|GTFT: 0.33|Win-Stay Lose-Shift|Soft Joss: 0.9|Cooperator|Defector|DoubleCrosser: (D, D)|Evolved HMM 5|Random: 0.5|Anti Tit For Tat|Grudger|Meta Winner: 11 players"
805,3.77,-0.05,4.73,1.64,0.08,0.05,40,110,17,"GTFT: 0.33|Anti Tit For Tat|Alternator|Win-Shift Lose-Stay: D|Cycler DC|Grudger|DoubleCrosser: (D, D)|Meta Winner: 15 players|Meta Mixer: 15 players|Random: 0.5|Soft Joss: 0.9|Evolved FSM 16|Defector|Win-Stay Lose-Shift|Cooperator|Tit For Tat|Evolved HMM 5"
806,3.05,0.21,5.39,1.12,0.08,0.08,10,70,14,"Cycler DC|Tit For Tat|Evolved HMM 5|Evolved FSM 16|Grudger|Suspicious Tit For Tat|Bully|DoubleCrosser: (D, D)|Defector|Win-Shift Lose-Stay: D|Soft Joss: 0.9|Win-Stay Lose-Shift|Alternator|Tit For 2 Tats"
807,3.17,0.51,5.73,0.83,0.05,0.03,31,36,18,"GTFT: 0.33|Evolved HMM 5|Meta Winner: 16 players|Win-Shift Lose-Stay: D|Evolved FSM 16|Grudger|Win-Stay Lose-Shift|Suspicious Tit For Tat|Defector|Soft Joss: 0.9|DoubleCrosser: (D, D)|Cycler DC|Bully|Meta Mixer: 16 players|Anti Tit For Tat|Tit For Tat|Alternator|Cooperator"
808,2.86,-0.73,5.62,0.66,0.09,0.09,15,40,12,Grudger|Tit For Tat|Meta Mixer: 10 players|Bully|Evolved FSM 16|Evolved HMM 5|GTFT: 0.33|Anti Tit For Tat|Defector|Meta Winner: 10 players|Tit For 2 Tats|Cooperator
809,2.68,-0.59,4.01,0.07,0.06,0.06,33,175,6,Win-Stay Lose-Shift|Meta Winner: 4 players|Meta Mixer: 4 players|Evolved HMM 5|Tit For 2 Tats|Suspicious Tit For Tat
810,3.99,-0.0,5.17,0.98,0.09,0.1,38,109,17,"Soft Joss: 0.9|Win-Stay Lose-Shift|DoubleCrosser: (D, D)|Cycler DC|Alternator|Bully|Defector|Win-Shift Lose-Stay: D|Grudger|Meta Winner: 15 players|Evolved FSM 16|Evolved HMM 5|Cooperator|Random: 0.5|Tit For 2 Tats|Anti Tit For Tat|Meta Mixer: 15 players"
811,3.62,-0.73,5.42,0.21,0.08,0.01,87,37,3,Win-Stay Lose-Shift|Bully|Anti Tit For Tat
812,2.32,-0.07,4.52,1.44,0.0,0.02,70,104,19,"Bully|Soft Joss: 0.9|Defector|Evolved FSM 16|Grudger|Tit For Tat|Meta Mixer: 18 players|Evolved HMM 5|Cycler DC|Tit For 2 Tats|Win-Shift Lose-Stay: D|Random: 0.5|DoubleCrosser: (D, D)|Anti Tit For Tat|Cooperator|Suspicious Tit For Tat|Alternator|Win-Stay Lose-Shift|GTFT: 0.33"
813,3.02,0.34,5.24,1.55,0.05,0.09,80,62,6,Tit For 2 Tats|Anti Tit For Tat|Evolved FSM 16|Defector|Soft Joss: 0.9|Meta Mixer: 5 players
814,3.43,0.13,4.89,0.43,0.06,0.02,13,84,8,"Defector|Cycler DC|Suspicious Tit For Tat|DoubleCrosser: (D, D)|Meta Winner: 7 players|Anti Tit For Tat|Grudger|Evolved FSM 16"
815,3.31,0.28,5.6,1.17,0.02,0.06,40,43,13,"Grudger|Tit For Tat|Evolved FSM 16|Suspicious Tit For Tat|GTFT: 0.33|Win-Shift Lose-Stay: D|Cycler DC|DoubleCrosser: (D, D)|Evolved HMM 5|Anti Tit For Tat|Meta Mixer: 12 players|Win-Stay Lose-Shift|Soft Joss: 0.9"
816,3.22,-0.64,5.55,1.45,0.04,0.08,84,113,3,Defector|Meta Mixer: 1 player|Meta Winner: 1 player
817,3.52,0.44,5.19,1.82,0.02,0.07,51,36,20,"Evolved HMM 5|Tit For Tat|Cycler DC|Evolved FSM 16|Alternator|Tit For 2 Tats|GTFT: 0.33|Soft Joss: 0.9|Anti Tit For Tat|Bully|Defector|Suspicious Tit For Tat|Random: 0.5|Meta Winner: 18 players|Grudger|Win-Stay Lose-Shift|Meta Mixer: 18 players|Cooperator|Win-Shift Lose-Stay: D|DoubleCrosser: (D, D)"
818,3.88,0.04,5.21,1.77,0.05,0.06,54,176,9,Grudger|Evolved HMM 5|Meta Winner: 8 players|Defector|Tit For Tat|GTFT: 0.33|Win-Shift Lose-Stay: D|Suspicious Tit For Tat|Alternator
819,3.85,0.63,5.6,1.58,0.0,0.0,48,61,15,"Bully|Meta Mixer: 13 players|GTFT: 0.33|Cooperator|Soft Joss: 0.9|Anti Tit For Tat|Defector|Meta Winner: 13 players|Evolved HMM 5|Win-Stay Lose-Shift|Random: 0.5|Alternator|Tit For 2 Tats|DoubleCrosser: (D, D)|Cycler DC"
820,3.85,0.5,4.33,1.88,0.07,0.01,35,123,11,Evolved HMM 5|Suspicious Tit For Tat|Anti Tit For Tat|Meta Mixer: 9 players|Alternator|Win-Stay Lose-Shift|Meta Winner: 9 players|Tit For Tat|Evolved FSM 16|Cooperator|Soft Joss: 0.9
821,3.22,-0.2,5.0,0.23,0.06,0.07,24,54,8,"Cooperator|Soft Joss: 0.9|DoubleCrosser: (D, D)|Meta Mixer: 7 players|Cycler DC|Alternator|Anti Tit For Tat|Win-Stay Lose-Shift"
822,3.35,-0.23,5.54,0.23,0.01,0.09,15,31,4,Soft Joss: 0.9|Cycler DC|GTFT: 0.33|Evolved HMM 5
823,3.86,0.25,5.52,0.4,0.07,0.0,83,50,16,"Tit For 2 Tats|GTFT: 0.33|Suspicious Tit For Tat|Alternator|Defector|Tit For Tat|Meta Mixer: 15 players|DoubleCrosser: (D, D)|Cycler DC|Win-Shift Lose-Stay: D|Anti Tit For Tat|Bully|Grudger|Win-Stay Lose-Shift|Evolved HMM 5|Random: 0.5"
824,3.58,0.25,4.57,1.37,0.01,0.03,11,148,13,"Cycler DC|Meta Winner: 11 players|Win-Stay Lose-Shift|Tit For 2 Tats|Meta Mixer: 11 players|Alternator|DoubleCrosser: (D, D)|Evolved FSM 16|Cooperator|Defector|GTFT: 0.33|Suspicious Tit For Tat|Anti Tit For Tat"
825,3.14,0.56,5.43,0.69,0.06,0.08,22,59,17,"Cooperator|Cycler DC|Win-Shift Lose-Stay: D|Suspicious Tit For Tat|DoubleCrosser: (D, D)|Soft Joss: 0.9|Defector|Evolved FSM 16|Random: 0.5|Tit For 2 Tats|Grudger|Evolved HMM 5|Meta Mixer: 16 players|GTFT: 0.33|Anti Tit For Tat|Win-Stay Lose-Shift|Alternator"
826,2.15,-0.69,4.52,1.49,0.01,0.05,16,109,6,Grudger|Defector|Random: 0.5|Tit For Tat|Evolved FSM 16|Cycler DC
827,2.86,-0.96,5.93,1.72,0.02,0.01,46,136,6,GTFT: 0.33|Meta Winner: 5 players|Win-Shift Lose-Stay: D|Defector|Alternator|Cooperator
828,3.73,-0.88,5.4,0.06,0.0,0.04,61,128,17,"Grudger|DoubleCrosser: (D, D)|Win-Stay Lose-Shift|Bully|Meta Winner: 16 players|Tit For Tat|Evolved FSM 16|GTFT: 0.33|Defector|Random: 0.5|Cycler DC|Suspicious Tit For Tat|Evolved HMM 5|Anti Tit For Tat|Soft Joss: 0.9|Cooperator|Alternator"
829,3.62,-0.99,4.27,0.92,0.0,0.01,25,132,6,"Anti Tit For Tat|Suspicious Tit For Tat|Alternator|DoubleCrosser: (D, D)|Tit For Tat|Meta Winner: 5 players"
830,2.55,-0.02,4.9,1.89,0.04,0.0,11,133,6,"Grudger|Soft Joss: 0.9|Cooperator|Cycler DC|Alternator|DoubleCrosser: (D, D)"
831,3.95,-0.07,5.44,1.41,0.02,0.0,67,27,10,"Anti Tit For Tat|Soft Joss: 0.9|Tit For Tat|GTFT: 0.33|Bully|Alternator|DoubleCrosser: (D, D)|Cycler DC|Defector|Win-Shift Lose-Stay: D"
832,2.98,-0.2,5.91,0.4,0.01,0.02,12,145,16,"Defector|Grudger|Evolved FSM 16|Evolved HMM 5|Meta Mixer: 15 players|Tit For Tat|Suspicious Tit For Tat|Random: 0.5|DoubleCrosser: (D, D)|Win-Stay Lose-Shift|Cycler DC|Soft Joss: 0.9|Alternator|Anti Tit For Tat|Win-Shift Lose-Stay: D|GTFT: 0.33"
833,2.4,0.74,4.01,1.34,0.02,0.04,66,66,16,"Tit For 2 Tats|DoubleCrosser: (D, D)|Cycler DC|Bully|Grudger|Win-Stay Lose-Shift|Anti Tit For Tat|Win-Shift Lose-Stay: D|Cooperator|Evolved HMM 5|Tit For Tat|Alternator|Meta Winner: 15 players|Soft Joss: 0.9|GTFT: 0.33|Random: 0.5"
834,2.14,-0.11,4.05,0.23,0.05,0.05,42,10,3,Win-Shift Lose-Stay: D|Meta Mixer: 2 players|Tit For Tat
835,3.72,-0.46,5.51,1.26,0.0,0.02,100,17,13,"Defector|Anti Tit For Tat|Win-Shift Lose-Stay: D|Evolved HMM 5|Meta Mixer: 12 players|Tit For 2 Tats|Win-Stay Lose-Shift|Cycler DC|GTFT: 0.33|DoubleCrosser: (D, D)|Tit For Tat|Suspicious Tit For Tat|Grudger"
836,3.3,0.18,5.28,0.4,0.07,0.08,58,155,20,"Win-Stay Lose-Shift|Cooperator|DoubleCrosser: (D, D)|Tit For 2 Tats|Meta Mixer: 18 players|Bully|Random: 0.5|Tit For Tat|Cycler DC|Alternator|Evolved HMM 5|Meta Winner: 18 players|Grudger|Anti Tit For Tat|Suspicious Tit For Tat|Defector|Soft Joss: 0.9|Win-Shift Lose-Stay: D|GTFT: 0.33|Evolved FSM 16"
837,3.93,0.19,5.47,1.34,0.06,0.09,88,115,3,Bully|Win-Shift Lose-Stay: D|Defector
838,3.7,-0.72,5.77,1.91,0.02,0.01,68,139,8,"Cooperator|Bully|DoubleCrosser: (D, D)|Anti Tit For Tat|Defector|GTFT: 0.33|Soft Joss: 0.9|Evolved FSM 16"
839,3.61,-0.81,4.05,1.26,0.09,0.09,20,61,14,Meta Winner: 12 players|Meta Mixer: 12 players|Evolved HMM 5|Evolved FSM 16|Soft Joss: 0.9|Random: 0.5|Bully|Anti Tit For Tat|Tit For 2 Tats|Tit For Tat|Alternator|Win-Shift Lose-Stay: D|Cycler DC|Defector
840,3.63,0.94,5.02,1.7,0.09,0.09,48,137,7,Defector|Cooperator|Soft Joss: 0.9|Grudger|Tit For Tat|Win-Stay Lose-Shift|Random: 0.5
841,2.05,-0.16,4.12,1.08,0.03,0.07,33,49,15,"Meta Mixer: 13 players|Bully|Win-Stay Lose-Shift|Tit For 2 Tats|Meta Winner: 13 players|Evolved HMM 5|GTFT: 0.33|DoubleCrosser: (D, D)|Anti Tit For Tat|Random: 0.5|Win-Shift Lose-Stay: D|Tit For Tat|Cycler DC|Suspicious Tit For Tat|Grudger"
842,2.85,-0.7,5.2,1.81,0.07,0.04,95,123,4,Win-Shift Lose-Stay: D|Anti Tit For Tat|Grudger|Tit For Tat
843,3.12,-0.25,5.38,0.67,0.01,0.09,84,169,15,"Defector|Win-Stay Lose-Shift|Anti Tit For Tat|DoubleCrosser: (D, D)|Meta Mixer: 14 players|Evolved HMM 5|Random: 0.5|Suspicious Tit For Tat|Tit For 2 Tats|Win-Shift Lose-Stay: D|Cooperator|Cycler DC|Grudger|Alternator|Bully"
844,2.62,-0.98,4.91,0.13,0.06,0.01,28,41,14,"Meta Mixer: 13 players|Tit For Tat|DoubleCrosser: (D, D)|Win-Shift Lose-Stay: D|Cycler DC|Alternator|Evolved HMM 5|Win-Stay Lose-Shift|Cooperator|Random: 0.5|Evolved FSM 16|Suspicious Tit For Tat|Grudger|GTFT: 0.33"
845,2.87,-0.21,4.08,1.97,0.02,0.1,77,114,5,"DoubleCrosser: (D, D)|Alternator|Bully|Evolved FSM 16|Win-Stay Lose-Shift"
846,2.47,-0.18,4.81,0.95,0.0,0.02,41,12,11,GTFT: 0.33|Evolved FSM 16|Evolved HMM 5|Cooperator|Tit For 2 Tats|Defector|Random: 0.5|Grudger|Alternator|Bully|Soft Joss: 0.9
847,2.56,-0.71,5.81,0.6,0.01,0.01,50,167,4,Suspicious Tit For Tat|Win-Stay Lose-Shift|Win-Shift Lose-Stay: D|Alternator
848,2.83,-0.06,5.58,1.69,0.07,0.09,18,198,19,"Cycler DC|Win-Shift Lose-Stay: D|Evolved FSM 16|Anti Tit For Tat|Alternator|DoubleCrosser: (D, D)|Suspicious Tit For Tat|Tit For Tat|Meta Mixer: 17 players|Bully|Evolved HMM 5|Meta Winner: 17 players|Win-Stay Lose-Shift|Cooperator|GTFT: 0.33|Soft Joss: 0.9|Random: 0.5|Grudger|Tit For 2 Tats"
849,3.84,0.89,5.25,1.25,0.05,0.06,78,159,10,Meta Mixer: 9 players|Tit For 2 Tats|Evolved FSM 16|Soft Joss: 0.9|Win-Stay Lose-Shift|Evolved HMM 5|Win-Shift Lose-Stay: D|Suspicious Tit For Tat|Random: 0.5|Cycler DC
850,3.73,0.18,5.38,0.65,0.1,0.08,16,29,6,Meta Winner: 5 players|Cycler DC|Defector|Anti Tit For Tat|Random: 0.5|Evolved FSM 16
851,3.86,-0.91,4.49,1.78,0.01,0.05,64,175,4,Tit For Tat|Evolved FSM 16|Meta Mixer: 3 players|Tit For 2 Tats
852,2.63,0.42,4.41,0.82,0.01,0.05,43,84,14,Meta Winner: 13 players|Anti Tit For Tat|Tit For 2 Tats|Random: 0.5|Alternator|Evolved HMM 5|Soft Joss: 0.9|Win-Stay Lose-Shift|GTFT: 0.33|Grudger|Evolved FSM 16|Cycler DC|Bully|Tit For Tat
853,3.16,-0.41,5.06,0.36,0.04,0.04,45,190,20,"Meta Winner: 18 players|DoubleCrosser: (D, D)|Meta Mixer: 18 players|Random: 0.5|Evolved FSM 16|Alternator|Defector|Tit For 2 Tats|Suspicious Tit For Tat|Cycler DC|Bully|Soft Joss: 0.9|GTFT: 0.33|Win-Stay Lose-Shift|Cooperator|Grudger|Evolved HMM 5|Anti Tit For Tat|Tit For Tat|Win-Shift Lose-Stay: D"
854,3.57,-0.36,5.14,0.62,0.02,0.08,87,8,16,"Cycler DC|Tit For Tat|Grudger|Win-Shift Lose-Stay: D|Tit For 2 Tats|Soft Joss: 0.9|Suspicious Tit For Tat|Random: 0.5|Bully|GTFT: 0.33|Evolved FSM 16|DoubleCrosser: (D, D)|Defector|Meta Mixer: 15 players|Win-Stay Lose-Shift|Alternator"
855,3.27,-0.31,4.22,1.21,0.09,0.0,96,109,8,"Defector|Cooperator|Meta Winner: 7 players|Cycler DC|Win-Stay Lose-Shift|Bully|Tit For 2 Tats|DoubleCrosser: (D, D)"
856,3.93,0.31,4.9,0.96,0.03,0.01,50,157,5,Tit For 2 Tats|Alternator|Cooperator|Bully|Defector
857,2.99,-0.61,4.96,1.12,0.01,0.06,55,114,3,Win-Shift Lose-Stay: D|Soft Joss: 0.9|Cycler DC
858,2.82,-0.67,5.99,0.53,0.08,0.01,24,43,4,Suspicious Tit For Tat|Evolved HMM 5|Win-Shift Lose-Stay: D|Tit For Tat
859,3.77,-0.14,5.47,0.68,0.07,0.07,78,13,17,"Evolved FSM 16|Grudger|Defector|Meta Mixer: 15 players|Win-Shift Lose-Stay: D|Random: 0.5|Bully|Cycler DC|DoubleCrosser: (D, D)|Anti Tit For Tat|Soft Joss: 0.9|Cooperator|Meta Winner: 15 players|Evolved HMM 5|Suspicious Tit For Tat|Tit For Tat|Alternator"
860,3.89,0.31,4.06,0.51,0.03,0.05,28,51,5,Cooperator|Cycler DC|Suspicious Tit For Tat|Meta Mixer: 4 players|Soft Joss: 0.9
861,3.07,0.46,4.57,1.53,0.05,0.09,20,116,17,"Tit For 2 Tats|Suspicious Tit For Tat|Tit For Tat|Win-Stay Lose-Shift|Defector|Evolved FSM 16|Bully|Alternator|Cooperator|Win-Shift Lose-Stay: D|GTFT: 0.33|Meta Mixer: 15 players|DoubleCrosser: (D, D)|Evolved HMM 5|Meta Winner: 15 players|Grudger|Soft Joss: 0.9"
862,2.77,-0.92,5.21,0.49,0.03,0.06,14,99,10,"GTFT: 0.33|Evolved FSM 16|Evolved HMM 5|Cycler DC|Win-Shift Lose-Stay: D|Win-Stay Lose-Shift|Cooperator|Defector|DoubleCrosser: (D, D)|Meta Mixer: 9 players"
863,3.72,0.58,4.02,1.73,0.07,0.05,60,113,18,"Evolved HMM 5|Win-Stay Lose-Shift|Meta Winner: 17 players|Bully|DoubleCrosser: (D, D)|Defector|Evolved FSM 16|Cycler DC|Tit For 2 Tats|Grudger|Soft Joss: 0.9|GTFT: 0.33|Win-Shift Lose-Stay: D|Cooperator|Alternator|Tit For Tat|Anti Tit For Tat|Random: 0.5"
864,3.38,0.24,5.76,0.95,0.05,0.08,23,4,13,"Tit For Tat|Cooperator|Cycler DC|Soft Joss: 0.9|Win-Shift Lose-Stay: D|DoubleCrosser: (D, D)|Random: 0.5|Grudger|Suspicious Tit For Tat|Win-Stay Lose-Shift|GTFT: 0.33|Tit For 2 Tats|Bully"
865,3.53,-0.39,5.77,1.2,0.1,0.05,99,35,18,Cooperator|Win-Shift Lose-Stay: D|Soft Joss: 0.9|Cycler DC|Meta Mixer: 16 players|Suspicious Tit For Tat|Meta Winner: 16 players|Alternator|Anti Tit For Tat|Win-Stay Lose-Shift|Random: 0.5|Evolved FSM 16|Evolved HMM 5|Grudger|Bully|GTFT: 0.33|Tit For Tat|Defector
866,3.18,-0.53,5.3,0.33,0.06,0.01,24,166,20,"Random: 0.5|Alternator|Tit For 2 Tats|Defector|Suspicious Tit For Tat|Bully|Win-Shift Lose-Stay: D|DoubleCrosser: (D, D)|Meta Mixer: 18 players|Win-Stay Lose-Shift|Evolved FSM 16|Cooperator|Soft Joss: 0.9|Anti Tit For Tat|Grudger|Evolved HMM 5|Cycler DC|GTFT: 0.33|Tit For Tat|Meta Winner: 18 players"
867,2.76,-0.94,4.92,0.09,0.08,0.06,81,174,18,"Tit For 2 Tats|Cooperator|Alternator|Bully|Win-Stay Lose-Shift|Meta Mixer: 16 players|Defector|Suspicious Tit For Tat|Anti Tit For Tat|Cycler DC|Evolved FSM 16|Soft Joss: 0.9|GTFT: 0.33|Evolved HMM 5|DoubleCrosser: (D, D)|Grudger|Random: 0.5|Meta Winner: 16 players"
868,3.71,-0.61,5.5,1.28,0.03,0.09,85,81,6,"Anti Tit For Tat|Alternator|Suspicious Tit For Tat|Meta Mixer: 5 players|Soft Joss: 0.9|DoubleCrosser: (D, D)"
869,2.66,-0.24,4.56,1.48,0.08,0.03,98,12,16,"DoubleCrosser: (D, D)|Tit For 2 Tats|Meta Winner: 14 players|Win-Shift Lose-Stay: D|Bully|Anti Tit For Tat|Alternator|GTFT: 0.33|Suspicious Tit For Tat|Defector|Cycler DC|Soft Joss: 0.9|Evolved HMM 5|Meta Mixer: 14 players|Tit For Tat|Random: 0.5"
870,2.89,-0.2,4.0,0.65,0.08,0.09,44,198,18,"Anti Tit For Tat|Evolved HMM 5|Alternator|Grudger|Suspicious Tit For Tat|Random: 0.5|Soft Joss: 0.9|Win-Shift Lose-Stay: D|Cooperator|Cycler DC|Tit For 2 Tats|Bully|DoubleCrosser: (D, D)|GTFT: 0.33|Defector|Tit For Tat|Meta Mixer: 17 players|Evolved FSM 16"
871,2.92,-0.53,4.78,0.03,0.04,0.06,91,145,6,Random: 0.5|Evolved HMM 5|Meta Winner: 5 players|Bully|Grudger|Alternator
872,3.18,-0.09,4.74,0.36,0.01,0.05,58,6,10,"Cycler DC|Alternator|Bully|Meta Winner: 9 players|DoubleCrosser: (D, D)|Soft Joss: 0.9|Grudger|Tit For 2 Tats|Defector|Tit For Tat"
873,3.26,0.66,5.7,1.15,0.02,0.0,20,142,3,Meta Mixer: 2 players|Grudger|Cycler DC
874,3.57,0.02,5.88,0.72,0.1,0.01,72,117,12,Bully|Cycler DC|Random: 0.5|Win-Stay Lose-Shift|Tit For 2 Tats|Evolved HMM 5|Meta Winner: 11 players|Evolved FSM 16|Anti Tit For Tat|Grudger|Win-Shift Lose-Stay: D|Soft Joss: 0.9
875,2.18,-0.19,4.29,1.43,0.01,0.03,30,37,18,"GTFT: 0.33|Evolved HMM 5|Bully|Soft Joss: 0.9|Anti Tit For Tat|Tit For 2 Tats|Grudger|Cycler DC|DoubleCrosser: (D, D)|Defector|Meta Mixer: 16 players|Evolved FSM 16|Random: 0.5|Suspicious Tit For Tat|Win-Stay Lose-Shift|Win-Shift Lose-Stay: D|Meta Winner: 16 players|Tit For Tat"
876,3.67,0.56,4.97,0.64,0.01,0.08,28,33,14,"Random: 0.5|Alternator|Meta Mixer: 13 players|Anti Tit For Tat|Bully|GTFT: 0.33|Suspicious Tit For Tat|Cooperator|Grudger|Defector|DoubleCrosser: (D, D)|Cycler DC|Evolved FSM 16|Tit For 2 Tats"
877,3.77,-0.88,5.77,0.56,0.05,0.07,76,47,8,Win-Shift Lose-Stay: D|Soft Joss: 0.9|Tit For Tat|Bully|Cycler DC|Suspicious Tit For Tat|Anti Tit For Tat|Meta Mixer: 7 players
878,3.51,-0.77,5.28,0.12,0.04,0.0,32,119,6,"Bully|GTFT: 0.33|Defector|DoubleCrosser: (D, D)|Meta Winner: 5 players|Grudger"
879,2.14,-0.37,4.07,0.86,0.0,0.1,42,180,5,Evolved HMM 5|Meta Mixer: 4 players|Win-Stay Lose-Shift|GTFT: 0.33|Evolved FSM 16
880,3.29,0.04,4.45,1.59,0.04,0.06,37,106,14,"Cycler DC|Win-Shift Lose-Stay: D|Meta Mixer: 13 players|Random: 0.5|Cooperator|Suspicious Tit For Tat|DoubleCrosser: (D, D)|Grudger|Anti Tit For Tat|Win-Stay Lose-Shift|Evolved FSM 16|Bully|Tit For Tat|Tit For 2 Tats"
881,3.12,-0.56,4.7,1.22,0.02,0.05,47,55,14,"Soft Joss: 0.9|Win-Shift Lose-Stay: D|Evolved HMM 5|Tit For Tat|GTFT: 0.33|DoubleCrosser: (D, D)|Bully|Suspicious Tit For Tat|Meta Mixer: 13 players|Alternator|Tit For 2 Tats|Cycler DC|Win-Stay Lose-Shift|Random: 0.5"
882,2.9,-0.56,5.49,1.18,0.07,0.03,48,139,19,"Suspicious Tit For Tat|Evolved FSM 16|Win-Stay Lose-Shift|Defector|GTFT: 0.33|Tit For 2 Tats|Cooperator|Meta Winner: 17 players|Random: 0.5|Cycler DC|Soft Joss: 0.9|Bully|Alternator|Win-Shift Lose-Stay: D|Meta Mixer: 17 players|Tit For Tat|DoubleCrosser: (D, D)|Anti Tit For Tat|Evolved HMM 5"
883,2.79,-0.33,5.41,0.9,0.01,0.1,30,53,8,Alternator|Anti Tit For Tat|Evolved FSM 16|GTFT: 0.33|Evolved HMM 5|Meta Mixer: 6 players|Meta Winner: 6 players|Tit For Tat
884,3.02,0.2,4.93,0.78,0.07,0.01,47,181,17,"Tit For 2 Tats|Anti Tit For Tat|Defector|Evolved FSM 16|Alternator|Suspicious Tit For Tat|Grudger|Win-Stay Lose-Shift|Evolved HMM 5|Cooperator|DoubleCrosser: (D, D)|Cycler DC|Meta Mixer: 15 players|Meta Winner: 15 players|Tit For Tat|Random: 0.5|Win-Shift Lose-Stay: D"
885,2.71,-0.98,5.8,1.92,0.09,0.08,99,13,5,GTFT: 0.33|Cooperator|Meta Winner: 4 players|Suspicious Tit For Tat|Defector
886,2.88,-0.32,5.18,1.78,0.04,0.0,73,26,17,Suspicious Tit For Tat|Cycler DC|Soft Joss: 0.9|Anti Tit For Tat|Grudger|Random: 0.5|Evolved FSM 16|Win-Stay Lose-Shift|GTFT: 0.33|Defector|Alternator|Cooperator|Evolved HMM 5|Tit For 2 Tats|Meta Winner: 16 players|Win-Shift Lose-Stay: D|Bully
887,3.24,0.55,5.91,1.94,0.0,0.07,84,31,3,Win-Shift Lose-Stay: D|Grudger|Cycler DC
888,3.76,0.01,5.88,0.86,0.07,0.08,18,19,20,"Win-Stay Lose-Shift|Cooperator|Tit For Tat|GTFT: 0.33|Defector|Win-Shift Lose-Stay: D|Random: 0.5|DoubleCrosser: (D, D)|Meta Mixer: 18 players|Tit For 2 Tats|Meta Winner: 18 players|Evolved HMM 5|Bully|Alternator|Evolved FSM 16|Grudger|Suspicious Tit For Tat|Cycler DC|Soft Joss: 0.9|Anti Tit For Tat"
889,3.14,0.29,5.93,1.16,0.04,0.04,80,16,5,Evolved FSM 16|Tit For 2 Tats|Soft Joss: 0.9|Random: 0.5|Win-Shift Lose-Stay: D
890,3.39,-0.04,4.09,0.48,0.03,0.07,37,170,9,Meta Mixer: 7 players|Win-Stay Lose-Shift|Meta Winner: 7 players|Grudger|Tit For Tat|Alternator|Soft Joss: 0.9|Suspicious Tit For Tat|Random: 0.5
891,3.52,-0.33,4.92,1.69,0.0,0.02,54,3,5,Random: 0.5|Suspicious Tit For Tat|Tit For 2 Tats|GTFT: 0.33|Win-Shift Lose-Stay: D
892,2.78,-0.08,4.26,0.57,0.03,0.06,90,48,7,Tit For Tat|Meta Winner: 6 players|Win-Stay Lose-Shift|GTFT: 0.33|Cooperator|Anti Tit For Tat|Alternator
893,3.35,-0.99,4.84,0.71,0.08,0.05,62,131,11,Tit For Tat|Alternator|Cycler DC|Cooperator|Bully|Suspicious Tit For Tat|Soft Joss: 0.9|Meta Winner: 10 players|Evolved HMM 5|Random: 0.5|Win-Stay Lose-Shift
894,3.96,0.71,5.11,0.9,0.09,0.01,85,189,16,"Win-Stay Lose-Shift|Defector|Tit For 2 Tats|Anti Tit For Tat|Tit For Tat|DoubleCrosser: (D, D)|Cooperator|Suspicious Tit For Tat|GTFT: 0.33|Bully|Alternator|Grudger|Random: 0.5|Win-Shift Lose-Stay: D|Evolved FSM 16|Cycler DC"
895,2.38,-0.66,4.01,1.4,0.06,0.06,94,44,5,Grudger|Evolved HMM 5|Cooperator|Meta Mixer: 4 players|Random: 0.5
896,3.37,-0.13,5.45,1.13,0.08,0.05,37,138,14,"GTFT: 0.33|Evolved FSM 16|Meta Mixer: 12 players|Bully|Meta Winner: 12 players|Win-Stay Lose-Shift|Grudger|Tit For Tat|DoubleCrosser: (D, D)|Tit For 2 Tats|Evolved HMM 5|Anti Tit For Tat|Suspicious Tit For Tat|Cycler DC"
897,3.42,0.55,5.03,1.5,0.09,0.05,99,155,9,Bully|Evolved FSM 16|Tit For 2 Tats|Cycler DC|Random: 0.5|Soft Joss: 0.9|Meta Winner: 7 players|Meta Mixer: 7 players|Win-Shift Lose-Stay: D
898,3.92,-0.89,4.55,0.62,0.01,0.05,31,185,18,Defector|Alternator|Anti Tit For Tat|Meta Winner: 16 players|Suspicious Tit For Tat|Win-Stay Lose-Shift|Cycler DC|Win-Shift Lose-Stay: D|Bully|GTFT: 0.33|Cooperator|Grudger|Tit For 2 Tats|Meta Mixer: 16 players|Tit For Tat|Random: 0.5|Evolved HMM 5|Evolved FSM 16
899,2.56,-0.74,4.97,0.42,0.07,0.05,24,17,16,"Grudger|Meta Mixer: 14 players|Suspicious Tit For Tat|Alternator|Cycler DC|Meta Winner: 14 players|GTFT: 0.33|Soft Joss: 0.9|Evolved HMM 5|Bully|Tit For 2 Tats|Cooperator|Win-Stay Lose-Shift|DoubleCrosser: (D, D)|Defector|Anti Tit For Tat"
900,2.26,-0.0,4.44,1.43,0.09,0.01,23,63,14,"Suspicious Tit For Tat|Anti Tit For Tat|Cycler DC|Evolved HMM 5|Bully|Meta Winner: 13 players|Defector|Alternator|Soft Joss: 0.9|Evolved FSM 16|Grudger|Cooperator|Tit For 2 Tats|DoubleCrosser: (D, D)"
901,2.88,-0.2,5.87,0.92,0.06,0.06,38,34,5,"Alternator|Defector|Bully|DoubleCrosser: (D, D)|Evolved FSM 16"
902,3.5,-0.76,4.32,1.06,0.08,0.03,79,71,5,Meta Winner: 3 players|Tit For 2 Tats|Meta Mixer: 3 players|Defector|Cycler DC
903,3.6,-0.76,5.13,0.41,0.05,0.05,56,104,20,"Grudger|DoubleCrosser: (D, D)|Tit For 2 Tats|Soft Joss: 0.9|Anti Tit For Tat|Suspicious Tit For Tat|Cooperator|Meta Winner: 18 players|Evolved HMM 5|Bully|Random: 0.5|Win-Shift Lose-Stay: D|Evolved FSM 16|GTFT: 0.33|Tit For Tat|Alternator|Defector|Meta Mixer: 18 players|Win-Stay Lose-Shift|Cycler DC"
904,2.61,0.43,4.39,1.54,0.06,0.03,48,166,15,"Defector|Soft Joss: 0.9|Suspicious Tit For Tat|Cycler DC|Meta Winner: 13 players|Evolved FSM 16|Bully|Meta Mixer: 13 players|Anti Tit For Tat|Grudger|Evolved HMM 5|DoubleCrosser: (D, D)|Win-Stay Lose-Shift|GTFT: 0.33|Cooperator"
905,3.84,0.88,5.33,1.48,0.06,0.03,96,39,6,Evolved HMM 5|Meta Winner: 5 players|Anti Tit For Tat|Random: 0.5|Cooperator|Grudger
906,3.42,0.14,5.81,1.32,0.04,0.02,81,87,10,Cycler DC|Win-Stay Lose-Shift|Soft Joss: 0.9|Defector|Grudger|GTFT: 0.33|Alternator|Evolved HMM 5|Win-Shift Lose-Stay: D|Cooperator
907,3.06,-0.25,5.7,0.81,0.07,0.04,69,200,15,"Meta Mixer: 13 players|Win-Shift Lose-Stay: D|Random: 0.5|GTFT: 0.33|Soft Joss: 0.9|Suspicious Tit For Tat|Win-Stay Lose-Shift|Grudger|Tit For 2 Tats|Cycler DC|Defector|Cooperator|DoubleCrosser: (D, D)|Anti Tit For Tat|Meta Winner: 13 players"
908,2.94,-0.21,4.74,1.71,0.09,0.06,74,98,5,"DoubleCrosser: (D, D)|Suspicious Tit For Tat|Win-Shift Lose-Stay: D|Cycler DC|Bully"
909,2.66,0.24,4.02,1.68,0.09,0.05,53,48,15,Meta Winner: 13 players|Cycler DC|GTFT: 0.33|Grudger|Tit For 2 Tats|Suspicious Tit For Tat|Meta Mixer: 13 players|Tit For Tat|Bully|Anti Tit For Tat|Cooperator|Alternator|Random: 0.5|Soft Joss: 0.9|Evolved HMM 5
910,2.74,0.97,4.27,1.43,0.03,0.04,46,14,11,"Evolved FSM 16|Meta Mixer: 9 players|Suspicious Tit For Tat|Tit For Tat|Defector|Meta Winner: 9 players|DoubleCrosser: (D, D)|Anti Tit For Tat|Cycler DC|Random: 0.5|Grudger"
911,3.62,-0.17,4.43,0.91,0.07,0.05,23,175,3,Alternator|Evolved FSM 16|Cooperator
912,3.06,-0.67,4.99,0.71,0.09,0.01,80,115,5,Evolved FSM 16|Win-Shift Lose-Stay: D|GTFT: 0.33|Defector|Suspicious Tit For Tat
913,3.81,-0.48,4.87,1.6,0.08,0.07,96,128,4,Cooperator|Random: 0.5|Suspicious Tit For Tat|Defector
914,3.87,0.38,5.74,1.35,0.04,0.03,28,57,17,"Soft Joss: 0.9|Meta Winner: 16 players|Cycler DC|DoubleCrosser: (D, D)|Tit For 2 Tats|GTFT: 0.33|Defector|Suspicious Tit For Tat|Cooperator|Grudger|Tit For Tat|Alternator|Anti Tit For Tat|Bully|Win-Shift Lose-Stay: D|Evolved HMM 5|Random: 0.5"
915,3.63,-0.87,5.63,1.86,0.09,0.04,93,133,4,Anti Tit For Tat|Alternator|Cycler DC|Random: 0.5
916,3.33,-0.76,4.64,1.89,0.0,0.03,83,178,6,Suspicious Tit For Tat|Tit For 2 Tats|Evolved HMM 5|Bully|Random: 0.5|Evolved FSM 16
917,2.31,-0.65,4.7,1.55,0.07,0.06,33,148,18,"Tit For Tat|Grudger|Cycler DC|Meta Mixer: 16 players|Evolved HMM 5|DoubleCrosser: (D, D)|Soft Joss: 0.9|GTFT: 0.33|Tit For 2 Tats|Cooperator|Random: 0.5|Bully|Win-Shift Lose-Stay: D|Anti Tit For Tat|Defector|Win-Stay Lose-Shift|Suspicious Tit For Tat|Meta Winner: 16 players"
918,3.79,-0.65,5.23,1.21,0.03,0.09,98,178,10,"Grudger|Tit For Tat|Cycler DC|Meta Mixer: 9 players|DoubleCrosser: (D, D)|Suspicious Tit For Tat|Anti Tit For Tat|Win-Shift Lose-Stay: D|Defector|Alternator"
919,2.37,0.58,4.09,1.21,0.01,0.05,30,52,15,Anti Tit For Tat|Cooperator|Alternator|Random: 0.5|Meta Mixer: 13 players|Bully|Suspicious Tit For Tat|Meta Winner: 13 players|Defector|GTFT: 0.33|Win-Shift Lose-Stay: D|Evolved HMM 5|Soft Joss: 0.9|Grudger|Evolved FSM 16
920,3.52,-0.48,5.85,1.07,0.04,0.02,66,193,11,Cycler DC|Meta Winner: 9 players|Suspicious Tit For Tat|Evolved FSM 16|Meta Mixer: 9 players|Bully|Soft Joss: 0.9|Grudger|Win-Shift Lose-Stay: D|Alternator|Anti Tit For Tat
921,3.72,0.43,5.98,1.13,0.07,0.07,33,46,14,Tit For 2 Tats|Anti Tit For Tat|Meta Winner: 13 players|Defector|GTFT: 0.33|Cooperator|Evolved HMM 5|Random: 0.5|Alternator|Suspicious Tit For Tat|Soft Joss: 0.9|Tit For Tat|Win-Stay Lose-Shift|Grudger
922,2.55,-0.99,5.59,1.66,0.07,0.02,81,79,6,Evolved FSM 16|GTFT: 0.33|Cycler DC|Alternator|Bully|Cooperator
923,2.8,0.44,4.57,1.14,0.07,0.04,50,188,11,"Random: 0.5|Anti Tit For Tat|Grudger|GTFT: 0.33|Win-Shift Lose-Stay: D|Win-Stay Lose-Shift|Meta Mixer: 10 players|Tit For 2 Tats|Bully|Evolved HMM 5|DoubleCrosser: (D, D)"
924,2.86,-0.86,4.74,1.44,0.06,0.09,53,85,16,"Win-Shift Lose-Stay: D|Alternator|Bully|Tit For 2 Tats|Suspicious Tit For Tat|Win-Stay Lose-Shift|Defector|Tit For Tat|Meta Winner: 14 players|Evolved HMM 5|DoubleCrosser: (D, D)|Evolved FSM 16|Meta Mixer: 14 players|Cooperator|GTFT: 0.33|Anti Tit For Tat"
925,2.34,0.33,4.04,1.95,0.01,0.09,73,25,7,Bully|Cycler DC|Win-Stay Lose-Shift|Meta Winner: 6 players|Suspicious Tit For Tat|Evolved FSM 16|Cooperator
926,2.86,-0.19,5.5,1.89,0.05,0.06,61,10,19,"Random: 0.5|Suspicious Tit For Tat|Bully|Defector|DoubleCrosser: (D, D)|Tit For Tat|Soft Joss: 0.9|Cooperator|Anti Tit For Tat|Win-Stay Lose-Shift|Evolved FSM 16|GTFT: 0.33|Meta Winner: 17 players|Evolved HMM 5|Tit For 2 Tats|Alternator|Meta Mixer: 17 players|Grudger|Win-Shift Lose-Stay: D"
927,2.84,0.27,5.3,0.47,0.02,0.06,83,179,12,Suspicious Tit For Tat|Cooperator|Bully|Tit For 2 Tats|GTFT: 0.33|Cycler DC|Meta Mixer: 11 players|Alternator|Win-Shift Lose-Stay: D|Random: 0.5|Win-Stay Lose-Shift|Defector
928,2.25,-0.76,4.36,0.09,0.01,0.08,54,125,15,Win-Shift Lose-Stay: D|Win-Stay Lose-Shift|Soft Joss: 0.9|Meta Mixer: 13 players|Random: 0.5|Alternator|Grudger|Evolved FSM 16|Tit For 2 Tats|Bully|Suspicious Tit For Tat|Meta Winner: 13 players|Tit For Tat|Cooperator|GTFT: 0.33
929,3.33,-0.2,4.62,0.87,0.06,0.06,49,23,16,"Suspicious Tit For Tat|Tit For 2 Tats|Grudger|DoubleCrosser: (D, D)|Anti Tit For Tat|Cycler DC|Evolved HMM 5|Defector|Alternator|Evolved FSM 16|Meta Winner: 14 players|Cooperator|Meta Mixer: 14 players|Bully|Tit For Tat|Random: 0.5"
930,3.23,-0.12,5.13,1.93,0.01,0.06,93,92,7,Meta Mixer: 6 players|Tit For 2 Tats|Tit For Tat|GTFT: 0.33|Suspicious Tit For Tat|Alternator|Grudger
931,2.93,-0.26,4.74,0.02,0.01,0.05,69,106,9,"DoubleCrosser: (D, D)|Win-Stay Lose-Shift|Tit For Tat|Bully|GTFT: 0.33|Meta Mixer: 8 players|Cycler DC|Win-Shift Lose-Stay: D|Soft Joss: 0.9"
932,3.68,0.22,5.7,1.53,0.03,0.03,94,112,10,Win-Stay Lose-Shift|GTFT: 0.33|Win-Shift Lose-Stay: D|Meta Winner: 9 players|Tit For Tat|Cycler DC|Grudger|Soft Joss: 0.9|Anti Tit For Tat|Tit For 2 Tats
933,2.79,0.18,5.22,1.86,0.08,0.02,100,67,11,Meta Mixer: 9 players|Soft Joss: 0.9|Win-Stay Lose-Shift|Tit For Tat|Win-Shift Lose-Stay: D|Meta Winner: 9 players|Suspicious Tit For Tat|Cycler DC|Alternator|Random: 0.5|GTFT: 0.33
934,2.45,0.0,4.34,1.19,0.01,0.07,37,148,20,"Evolved HMM 5|Meta Mixer: 18 players|Win-Shift Lose-Stay: D|Cooperator|Tit For Tat|Bully|Anti Tit For Tat|Alternator|Win-Stay Lose-Shift|Random: 0.5|Soft Joss: 0.9|Tit For 2 Tats|Grudger|Evolved FSM 16|Meta Winner: 18 players|Suspicious Tit For Tat|Defector|DoubleCrosser: (D, D)|GTFT: 0.33|Cycler DC"
935,3.26,-0.26,4.39,1.57,0.05,0.06,26,10,10,"Alternator|Anti Tit For Tat|Win-Stay Lose-Shift|Win-Shift Lose-Stay: D|DoubleCrosser: (D, D)|Random: 0.5|Cycler DC|Suspicious Tit For Tat|Meta Mixer: 9 players|Bully"
936,2.45,-0.95,5.45,0.11,0.09,0.09,23,35,6,Suspicious Tit For Tat|Soft Joss: 0.9|GTFT: 0.33|Tit For 2 Tats|Grudger|Win-Shift Lose-Stay: D
937,2.78,-0.33,5.41,0.66,0.07,0.05,10,143,16,"Bully|Meta Mixer: 14 players|Suspicious Tit For Tat|Meta Winner: 14 players|Win-Shift Lose-Stay: D|Grudger|Defector|Random: 0.5|Cycler DC|Cooperator|Soft Joss: 0.9|DoubleCrosser: (D, D)|Evolved FSM 16|GTFT: 0.33|Anti Tit For Tat|Alternator"
938,3.87,-0.9,4.14,1.1,0.02,0.09,34,105,8,Cycler DC|Anti Tit For Tat|Tit For Tat|Suspicious Tit For Tat|Win-Stay Lose-Shift|Evolved FSM 16|Meta Winner: 7 players|Bully
939,2.42,-0.4,4.53,0.22,0.07,0.07,63,130,15,"Evolved FSM 16|Alternator|Anti Tit For Tat|GTFT: 0.33|Cycler DC|Win-Stay Lose-Shift|DoubleCrosser: (D, D)|Random: 0.5|Suspicious Tit For Tat|Soft Joss: 0.9|Meta Mixer: 13 players|Bully|Meta Winner: 13 players|Defector|Grudger"
940,2.08,-0.36,4.38,0.42,0.02,0.05,56,13,8,"Defector|Evolved FSM 16|Win-Shift Lose-Stay: D|DoubleCrosser: (D, D)|Tit For 2 Tats|Meta Winner: 7 players|Bully|Tit For Tat"
941,3.46,0.52,5.5,1.51,0.02,0.01,29,160,10,Alternator|Cycler DC|Meta Winner: 8 players|Meta Mixer: 8 players|GTFT: 0.33|Suspicious Tit For Tat|Win-Stay Lose-Shift|Anti Tit For Tat|Cooperator|Grudger
942,2.91,-0.98,4.86,1.87,0.09,0.01,71,157,14,GTFT: 0.33|Tit For Tat|Anti Tit For Tat|Defector|Win-Shift Lose-Stay: D|Meta Winner: 13 players|Evolved HMM 5|Cooperator|Alternator|Evolved FSM 16|Bully|Tit For 2 Tats|Cycler DC|Suspicious Tit For Tat
943,3.94,0.48,4.14,1.16,0.1,0.08,21,117,8,Defector|Cycler DC|Win-Stay Lose-Shift|Anti Tit For Tat|Grudger|Alternator|Tit For Tat|Random: 0.5
944,3.66,0.09,4.83,1.32,0.07,0.1,70,165,18,"GTFT: 0.33|Win-Shift Lose-Stay: D|DoubleCrosser: (D, D)|Cooperator|Defector|Soft Joss: 0.9|Cycler DC|Alternator|Suspicious Tit For Tat|Random: 0.5|Meta Mixer: 16 players|Evolved HMM 5|Tit For Tat|Anti Tit For Tat|Meta Winner: 16 players|Win-Stay Lose-Shift|Grudger|Evolved FSM 16"
945,3.86,-0.37,5.01,0.36,0.0,0.1,98,88,15,"Tit For 2 Tats|Evolved FSM 16|Win-Stay Lose-Shift|Win-Shift Lose-Stay: D|Cycler DC|Cooperator|Tit For Tat|Soft Joss: 0.9|GTFT: 0.33|Meta Winner: 14 players|DoubleCrosser: (D, D)|Anti Tit For Tat|Bully|Alternator|Evolved HMM 5"
946,3.96,-0.08,4.17,0.24,0.05,0.02,54,177,20,"DoubleCrosser: (D, D)|Anti Tit For Tat|Bully|Soft Joss: 0.9|Meta Mixer: 18 players|Meta Winner: 18 players|Evolved HMM 5|Tit For Tat|Cycler DC|Alternator|Cooperator|Evolved FSM 16|Defector|GTFT: 0.33|Grudger|Tit For 2 Tats|Win-Shift Lose-Stay: D|Win-Stay Lose-Shift|Random: 0.5|Suspicious Tit For Tat"
947,3.47,-0.78,5.2,1.79,0.01,0.02,73,100,11,Tit For Tat|Meta Winner: 10 players|Evolved FSM 16|Soft Joss: 0.9|Defector|Bully|Alternator|Random: 0.5|Cycler DC|Evolved HMM 5|GTFT: 0.33
948,2.35,0.37,4.23,1.36,0.03,0.09,58,50,9,Alternator|Evolved FSM 16|Suspicious Tit For Tat|Meta Mixer: 7 players|Win-Stay Lose-Shift|Cycler DC|Soft Joss: 0.9|Tit For Tat|Meta Winner: 7 players
949,3.68,0.2,4.61,1.0,0.09,0.0,69,6,8,Alternator|Grudger|Tit For 2 Tats|Evolved HMM 5|Meta Mixer: 7 players|Anti Tit For Tat|Win-Stay Lose-Shift|Evolved FSM 16
950,3.81,0.27,5.25,0.79,0.02,0.09,86,190,13,"DoubleCrosser: (D, D)|Tit For Tat|Win-Shift Lose-Stay: D|Defector|Soft Joss: 0.9|Random: 0.5|Meta Mixer: 11 players|Meta Winner: 11 players|Evolved HMM 5|Bully|GTFT: 0.33|Grudger|Win-Stay Lose-Shift"
951,2.16,0.09,4.04,0.8,0.01,0.06,13,168,14,"Meta Mixer: 12 players|Defector|Cycler DC|Win-Stay Lose-Shift|Cooperator|Anti Tit For Tat|Meta Winner: 12 players|Tit For 2 Tats|Suspicious Tit For Tat|Random: 0.5|Alternator|Bully|DoubleCrosser: (D, D)|Win-Shift Lose-Stay: D"
952,3.4,-0.13,5.51,0.8,0.05,0.07,29,166,16,"Defector|Win-Stay Lose-Shift|Meta Winner: 14 players|Anti Tit For Tat|DoubleCrosser: (D, D)|Suspicious Tit For Tat|Evolved HMM 5|Evolved FSM 16|GTFT: 0.33|Cycler DC|Meta Mixer: 14 players|Win-Shift Lose-Stay: D|Alternator|Tit For 2 Tats|Soft Joss: 0.9|Grudger"
953,2.39,-0.55,4.68,1.45,0.05,0.09,15,70,20,"Tit For Tat|Defector|Bully|Evolved FSM 16|Meta Mixer: 18 players|DoubleCrosser: (D, D)|Evolved HMM 5|Anti Tit For Tat|Soft Joss: 0.9|Tit For 2 Tats|Random: 0.5|Cycler DC|GTFT: 0.33|Win-Stay Lose-Shift|Grudger|Win-Shift Lose-Stay: D|Meta Winner: 18 players|Cooperator|Suspicious Tit For Tat|Alternator"
954,2.65,-0.88,4.22,1.11,0.03,0.03,27,173,3,Anti Tit For Tat|Tit For 2 Tats|Defector
955,3.0,-0.12,5.14,1.86,0.05,0.02,50,134,13,Tit For 2 Tats|Meta Winner: 11 players|Win-Stay Lose-Shift|Meta Mixer: 11 players|Evolved FSM 16|Evolved HMM 5|Grudger|Anti Tit For Tat|Random: 0.5|Suspicious Tit For Tat|Bully|Cooperator|Cycler DC
956,2.36,-0.97,5.62,0.39,0.07,0.0,30,157,11,Evolved FSM 16|Suspicious Tit For Tat|Cooperator|Win-Stay Lose-Shift|Random: 0.5|Win-Shift Lose-Stay: D|Evolved HMM 5|Tit For 2 Tats|Grudger|Anti Tit For Tat|GTFT: 0.33
957,3.19,0.15,5.18,1.23,0.05,0.07,75,179,9,"Cooperator|Evolved FSM 16|Alternator|Anti Tit For Tat|Tit For Tat|Soft Joss: 0.9|Suspicious Tit For Tat|DoubleCrosser: (D, D)|Tit For 2 Tats"
958,3.38,-1.0,4.04,0.34,0.0,0.09,30,139,13,"Suspicious Tit For Tat|Evolved FSM 16|Tit For 2 Tats|Meta Winner: 12 players|Cooperator|Alternator|Defector|GTFT: 0.33|Soft Joss: 0.9|DoubleCrosser: (D, D)|Bully|Cycler DC|Random: 0.5"
959,3.8,-1.0,5.77,1.1,0.04,0.07,63,158,8,Meta Mixer: 6 players|Anti Tit For Tat|Meta Winner: 6 players|Soft Joss: 0.9|Tit For 2 Tats|Win-Shift Lose-Stay: D|Grudger|Suspicious Tit For Tat
960,2.91,-0.51,4.33,0.87,0.02,0.08,36,129,15,"Suspicious Tit For Tat|Meta Winner: 13 players|Random: 0.5|DoubleCrosser: (D, D)|Bully|Win-Shift Lose-Stay: D|Defector|GTFT: 0.33|Anti Tit For Tat|Tit For 2 Tats|Soft Joss: 0.9|Meta Mixer: 13 players|Evolved FSM 16|Cooperator|Win-Stay Lose-Shift"
961,2.87,0.55,4.21,0.61,0.0,0.01,29,170,19,"Defector|Suspicious Tit For Tat|Tit For Tat|Cycler DC|Cooperator|GTFT: 0.33|Win-Shift Lose-Stay: D|DoubleCrosser: (D, D)|Grudger|Random: 0.5|Meta Winner: 17 players|Bully|Evolved FSM 16|Win-Stay Lose-Shift|Evolved HMM 5|Alternator|Soft Joss: 0.9|Anti Tit For Tat|Meta Mixer: 17 players"
962,3.79,-0.81,4.81,0.99,0.0,0.08,57,149,8,Alternator|Evolved FSM 16|Evolved HMM 5|Cooperator|Win-Shift Lose-Stay: D|Meta Mixer: 7 players|Tit For 2 Tats|Anti Tit For Tat
963,2.93,-0.18,5.24,0.89,0.05,0.05,24,91,16,"Meta Mixer: 14 players|Evolved FSM 16|Tit For Tat|Win-Stay Lose-Shift|Grudger|GTFT: 0.33|Meta Winner: 14 players|Bully|Random: 0.5|Soft Joss: 0.9|Alternator|Tit For 2 Tats|Suspicious Tit For Tat|Cooperator|Win-Shift Lose-Stay: D|DoubleCrosser: (D, D)"
964,3.53,-0.29,5.07,1.22,0.08,0.01,67,53,12,Meta Winner: 10 players|Evolved HMM 5|Defector|GTFT: 0.33|Meta Mixer: 10 players|Cooperator|Win-Stay Lose-Shift|Cycler DC|Random: 0.5|Suspicious Tit For Tat|Alternator|Tit For Tat
965,3.77,0.22,5.48,1.16,0.04,0.06,28,196,16,"DoubleCrosser: (D, D)|Meta Mixer: 15 players|Win-Stay Lose-Shift|Bully|Soft Joss: 0.9|Evolved FSM 16|Random: 0.5|Suspicious Tit For Tat|Tit For Tat|Alternator|Win-Shift Lose-Stay: D|GTFT: 0.33|Grudger|Evolved HMM 5|Defector|Cooperator"
966,2.7,0.14,4.51,1.24,0.04,0.01,75,50,19,"Win-Stay Lose-Shift|Cooperator|DoubleCrosser: (D, D)|Soft Joss: 0.9|Tit For Tat|Cycler DC|Evolved FSM 16|Random: 0.5|Win-Shift Lose-Stay: D|GTFT: 0.33|Defector|Meta Mixer: 17 players|Suspicious Tit For Tat|Meta Winner: 17 players|Evolved HMM 5|Tit For 2 Tats|Alternator|Anti Tit For Tat|Bully"
967,3.07,-0.37,5.55,0.53,0.08,0.02,91,132,15,"Alternator|GTFT: 0.33|Defector|Cooperator|Anti Tit For Tat|Bully|Suspicious Tit For Tat|Soft Joss: 0.9|Tit For Tat|Meta Winner: 14 players|DoubleCrosser: (D, D)|Win-Stay Lose-Shift|Cycler DC|Grudger|Win-Shift Lose-Stay: D"
968,2.72,-0.56,5.67,0.21,0.06,0.05,81,49,4,GTFT: 0.33|Random: 0.5|Win-Stay Lose-Shift|Tit For Tat
969,3.85,-0.26,4.03,0.89,0.0,0.0,15,174,14,Tit For 2 Tats|Meta Winner: 12 players|Cooperator|Grudger|Suspicious Tit For Tat|Alternator|Defector|Random: 0.5|Cycler DC|Anti Tit For Tat|Win-Shift Lose-Stay: D|Evolved HMM 5|Evolved FSM 16|Meta Mixer: 12 players
970,3.08,0.98,4.88,1.69,0.04,0.06,74,195,18,"Alternator|Cooperator|Evolved HMM 5|Random: 0.5|Defector|Suspicious Tit For Tat|GTFT: 0.33|Tit For 2 Tats|Meta Winner: 16 players|Grudger|Anti Tit For Tat|Meta Mixer: 16 players|Soft Joss: 0.9|Bully|Evolved FSM 16|DoubleCrosser: (D, D)|Cycler DC|Win-Shift Lose-Stay: D"
971,2.59,-0.5,4.54,1.9,0.06,0.09,60,124,11,"GTFT: 0.33|DoubleCrosser: (D, D)|Evolved FSM 16|Tit For 2 Tats|Grudger|Bully|Cycler DC|Alternator|Suspicious Tit For Tat|Soft Joss: 0.9|Meta Winner: 10 players"
972,3.82,-0.13,4.23,1.22,0.05,0.03,64,197,8,Defector|Meta Winner: 7 players|Cooperator|Alternator|GTFT: 0.33|Evolved FSM 16|Soft Joss: 0.9|Random: 0.5
973,2.59,-0.48,5.3,1.59,0.03,0.09,48,139,12,"GTFT: 0.33|Grudger|Tit For Tat|DoubleCrosser: (D, D)|Meta Winner: 11 players|Bully|Anti Tit For Tat|Cooperator|Win-Shift Lose-Stay: D|Tit For 2 Tats|Defector|Alternator"
974,2.47,-0.71,5.56,1.56,0.1,0.05,64,198,11,Evolved FSM 16|Meta Winner: 10 players|Tit For Tat|Grudger|GTFT: 0.33|Evolved HMM 5|Random: 0.5|Defector|Win-Shift Lose-Stay: D|Tit For 2 Tats|Bully
975,3.72,-0.77,4.28,0.2,0.05,0.05,88,22,17,"Bully|Anti Tit For Tat|GTFT: 0.33|Meta Mixer: 15 players|Evolved HMM 5|Defector|Cycler DC|Win-Stay Lose-Shift|Random: 0.5|DoubleCrosser: (D, D)|Tit For Tat|Tit For 2 Tats|Evolved FSM 16|Meta Winner: 15 players|Cooperator|Grudger|Suspicious Tit For Tat"
976,2.71,-0.12,5.28,0.28,0.05,0.07,47,29,17,"Cooperator|Grudger|Win-Stay Lose-Shift|Soft Joss: 0.9|Suspicious Tit For Tat|Cycler DC|Evolved HMM 5|Evolved FSM 16|Meta Winner: 15 players|Alternator|Defector|Meta Mixer: 15 players|Tit For Tat|DoubleCrosser: (D, D)|Random: 0.5|GTFT: 0.33|Anti Tit For Tat"
977,3.06,0.75,4.39,0.84,0.01,0.02,92,134,8,"DoubleCrosser: (D, D)|Anti Tit For Tat|Evolved HMM 5|Random: 0.5|Defector|Tit For 2 Tats|Win-Shift Lose-Stay: D|Meta Mixer: 7 players"
978,2.35,-0.61,4.71,1.09,0.03,0.06,33,81,5,GTFT: 0.33|Defector|Cooperator|Soft Joss: 0.9|Win-Stay Lose-Shift
979,3.66,-0.35,4.82,0.43,0.02,0.08,75,13,6,"Evolved HMM 5|Meta Mixer: 5 players|Cooperator|Grudger|DoubleCrosser: (D, D)|GTFT: 0.33"
980,2.59,-0.01,4.96,1.74,0.07,0.04,58,42,15,"Meta Mixer: 13 players|Bully|Win-Stay Lose-Shift|Tit For Tat|Suspicious Tit For Tat|DoubleCrosser: (D, D)|Random: 0.5|Meta Winner: 13 players|Evolved FSM 16|Grudger|GTFT: 0.33|Cycler DC|Soft Joss: 0.9|Defector|Cooperator"
981,2.68,-0.97,5.19,0.46,0.09,0.08,97,182,13,"Defector|Cooperator|Bully|DoubleCrosser: (D, D)|Win-Stay Lose-Shift|Soft Joss: 0.9|Cycler DC|Evolved FSM 16|GTFT: 0.33|Evolved HMM 5|Suspicious Tit For Tat|Grudger|Win-Shift Lose-Stay: D"
982,3.88,0.23,5.24,1.68,0.05,0.04,31,144,14,"Random: 0.5|GTFT: 0.33|Grudger|Evolved HMM 5|Cycler DC|Win-Shift Lose-Stay: D|Evolved FSM 16|Anti Tit For Tat|Win-Stay Lose-Shift|Alternator|Bully|DoubleCrosser: (D, D)|Tit For 2 Tats|Cooperator"
983,2.93,0.32,5.49,1.08,0.07,0.06,19,36,12,Evolved HMM 5|Evolved FSM 16|Suspicious Tit For Tat|Soft Joss: 0.9|Bully|Tit For Tat|Alternator|Defector|Win-Stay Lose-Shift|Win-Shift Lose-Stay: D|Cycler DC|Grudger
984,3.62,0.59,5.85,1.58,0.02,0.05,30,134,15,"Evolved HMM 5|Cooperator|Bully|Defector|Suspicious Tit For Tat|GTFT: 0.33|Alternator|Meta Mixer: 13 players|Win-Shift Lose-Stay: D|Grudger|Meta Winner: 13 players|Random: 0.5|Anti Tit For Tat|Soft Joss: 0.9|DoubleCrosser: (D, D)"
985,3.22,0.67,5.16,1.97,0.01,0.09,53,148,3,Alternator|Meta Mixer: 2 players|Defector
986,2.89,-0.26,5.67,1.15,0.01,0.09,64,150,9,"Tit For Tat|Grudger|Bully|GTFT: 0.33|Alternator|Tit For 2 Tats|Meta Mixer: 7 players|Meta Winner: 7 players|DoubleCrosser: (D, D)"
987,3.67,-0.75,4.02,0.64,0.04,0.07,25,32,10,"Meta Mixer: 8 players|Bully|Alternator|Tit For Tat|Cycler DC|DoubleCrosser: (D, D)|Win-Stay Lose-Shift|Evolved HMM 5|Random: 0.5|Meta Winner: 8 players"
988,3.71,-0.91,5.6,1.43,0.03,0.09,48,55,17,"Suspicious Tit For Tat|Tit For 2 Tats|Bully|GTFT: 0.33|Random: 0.5|Cooperator|Meta Winner: 15 players|Meta Mixer: 15 players|DoubleCrosser: (D, D)|Evolved FSM 16|Tit For Tat|Anti Tit For Tat|Soft Joss: 0.9|Defector|Evolved HMM 5|Cycler DC|Win-Stay Lose-Shift"
989,3.25,0.95,5.41,1.09,0.1,0.08,65,24,14,"Win-Stay Lose-Shift|Soft Joss: 0.9|Tit For Tat|Bully|GTFT: 0.33|DoubleCrosser: (D, D)|Suspicious Tit For Tat|Meta Mixer: 12 players|Cooperator|Meta Winner: 12 players|Evolved FSM 16|Evolved HMM 5|Defector|Win-Shift Lose-Stay: D"
990,2.94,-0.94,5.82,0.36,0.02,0.06,93,97,16,"Alternator|GTFT: 0.33|Tit For Tat|Win-Stay Lose-Shift|Defector|Win-Shift Lose-Stay: D|Anti Tit For Tat|Suspicious Tit For Tat|Cycler DC|Grudger|DoubleCrosser: (D, D)|Tit For 2 Tats|Evolved HMM 5|Meta Winner: 14 players|Soft Joss: 0.9|Meta Mixer: 14 players"
991,3.07,0.84,4.41,1.64,0.04,0.03,57,32,4,Suspicious Tit For Tat|Evolved FSM 16|Meta Mixer: 3 players|Alternator
992,3.96,-0.71,4.27,0.02,0.04,0.04,75,27,11,Win-Shift Lose-Stay: D|Meta Winner: 10 players|Soft Joss: 0.9|Cooperator|Tit For Tat|Win-Stay Lose-Shift|Defector|Tit For 2 Tats|Evolved HMM 5|Alternator|Evolved FSM 16
993,3.59,-0.2,4.82,0.84,0.07,0.09,94,156,3,Meta Mixer: 1 player|Defector|Meta Winner: 1 player
994,3.53,0.23,5.01,0.56,0.05,0.03,50,194,14,"Cooperator|Tit For Tat|GTFT: 0.33|Soft Joss: 0.9|Cycler DC|DoubleCrosser: (D, D)|Meta Mixer: 12 players|Anti Tit For Tat|Evolved HMM 5|Random: 0.5|Meta Winner: 12 players|Alternator|Suspicious Tit For Tat|Grudger"
995,3.12,-0.79,5.11,0.24,0.04,0.08,44,199,4,Suspicious Tit For Tat|Win-Stay Lose-Shift|Meta Winner: 3 players|Evolved HMM 5
996,3.8,-0.59,5.52,1.01,0.05,0.07,55,132,10,Tit For Tat|Suspicious Tit For Tat|Tit For 2 Tats|Win-Stay Lose-Shift|Random: 0.5|Meta Winner: 9 players|Alternator|Cycler DC|Anti Tit For Tat|Cooperator
997,3.21,-0.77,5.43,1.25,0.1,0.02,91,108,3,Defector|Evolved FSM 16|Cycler DC
998,2.27,-0.44,4.9,0.54,0.0,0.07,73,177,11,Cooperator|Meta Mixer: 9 players|Suspicious Tit For Tat|Defector|Win-Shift Lose-Stay: D|Evolved HMM 5|Tit For 2 Tats|Meta Winner: 9 players|Random: 0.5|GTFT: 0.33|Anti Tit For Tat
999,2.97,-0.8,4.12,1.23,0.06,0.01,45,140,17,"Alternator|Meta Mixer: 15 players|Evolved FSM 16|Random: 0.5|Cycler DC|Grudger|Suspicious Tit For Tat|Evolved HMM 5|Win-Stay Lose-Shift|DoubleCrosser: (D, D)|Cooperator|Bully|Win-Shift Lose-Stay: D|Tit For Tat|Meta Winner: 15 players|Soft Joss: 0.9|GTFT: 0.33"
1000,3.35,-0.8,5.39,0.34,0.05,0.06,14,50,12,"Tit For 2 Tats|Evolved HMM 5|DoubleCrosser: (D, D)|Cooperator|Meta Winner: 10 players|Meta Mixer: 10 players|Alternator|Tit For Tat|Evolved FSM 16|Bully|Win-Shift Lose-Stay: D|Suspicious Tit For Tat"
