run,R,S,T,P,noise,prob_end,repetitions,turns,n_strategies,selected_strategies
1,3.44,0.02,4.44,2.98,0.08,0.07,53,72,7,Suspicious Tit For Tat|GTFT: 0.33|Cooperator|Bully|Tit For 2 Tats|Evolved FSM 16|Grudger
2,4.23,2.63,5.69,3.61,0.05,0.1,58,21,20,"Win-Stay Lose-Shift|Meta Mixer: 18 players|Evolved FSM 16|Grudger|Suspicious Tit For Tat|Bully|Anti Tit For Tat|GTFT: 0.33|Cooperator|Tit For 2 Tats|Cycler DC|Random: 0.5|DoubleCrosser: (D, D)|Soft Joss: 0.9|ZD-GTFT-2: 0.25, 0.5|ZD-Extort-2: 0.1111111111111111, 0.5|Meta Winner: 18 players|Tit For Tat|Win-Shift Lose-Stay: D|Defector"
3,3.82,2.04,4.71,2.98,0.01,0.06,78,187,10,"Defector|Soft Joss: 0.9|Tit For 2 Tats|Win-Shift Lose-Stay: D|ZD-GTFT-2: 0.25, 0.5|Tit For Tat|GTFT: 0.33|DoubleCrosser: (D, D)|Evolved FSM 16|Meta Mixer: 9 players"
4,3.73,1.28,4.11,3.2,0.01,0.09,82,184,13,"Suspicious Tit For Tat|Meta Mixer: 12 players|Random: 0.5|Tit For 2 Tats|Soft Joss: 0.9|Cycler DC|Win-Shift Lose-Stay: D|Bully|Cooperator|Grudger|Evolved FSM 16|Evolved HMM 5|ZD-Extort-2: 0.1111111111111111, 0.5"
5,3.5,0.89,5.49,2.46,0.1,0.01,73,24,4,Cooperator|Cycler DC|Meta Mixer: 3 players|Defector
6,3.46,1.44,4.02,2.68,0.03,0.06,24,76,16,"Defector|Soft Joss: 0.9|Alternator|Win-Shift Lose-Stay: D|ZD-Extort-2: 0.1111111111111111, 0.5|Meta Winner: 14 players|Cooperator|DoubleCrosser: (D, D)|GTFT: 0.33|Cycler DC|Meta Mixer: 14 players|Evolved HMM 5|Win-Stay Lose-Shift|Random: 0.5|Bully|Tit For Tat"
7,3.9,1.73,5.53,3.26,0.0,0.03,12,29,14,"Win-Stay Lose-Shift|Tit For Tat|Anti Tit For Tat|Meta Mixer: 13 players|Bully|ZD-GTFT-2: 0.25, 0.5|Random: 0.5|DoubleCrosser: (D, D)|Evolved FSM 16|Tit For 2 Tats|Win-Shift Lose-Stay: D|ZD-Extort-2: 0.1111111111111111, 0.5|GTFT: 0.33|Evolved HMM 5"
8,5.65,3.11,5.93,4.51,0.07,0.04,95,167,14,"Soft Joss: 0.9|ZD-Extort-2: 0.1111111111111111, 0.5|Meta Winner: 13 players|Cooperator|Tit For Tat|ZD-GTFT-2: 0.25, 0.5|Bully|Defector|Alternator|Win-Stay Lose-Shift|Win-Shift Lose-Stay: D|Evolved HMM 5|Tit For 2 Tats|GTFT: 0.33"
9,3.42,0.08,4.01,1.14,0.0,0.03,75,61,11,"Meta Winner: 9 players|Random: 0.5|Suspicious Tit For Tat|ZD-GTFT-2: 0.25, 0.5|Cycler DC|Meta Mixer: 9 players|Tit For Tat|Tit For 2 Tats|ZD-Extort-2: 0.1111111111111111, 0.5|Soft Joss: 0.9|Evolved FSM 16"
10,4.14,3.06,4.93,3.11,0.01,0.04,53,28,10,"Suspicious Tit For Tat|Meta Winner: 9 players|ZD-GTFT-2: 0.25, 0.5|Soft Joss: 0.9|Cycler DC|DoubleCrosser: (D, D)|Defector|Evolved FSM 16|Tit For Tat|Cooperator"
11,3.43,0.03,4.2,2.31,0.01,0.08,40,43,16,"Random: 0.5|Meta Winner: 14 players|Suspicious Tit For Tat|Tit For 2 Tats|Anti Tit For Tat|Defector|Evolved HMM 5|Alternator|Evolved FSM 16|Cycler DC|Tit For Tat|Meta Mixer: 14 players|DoubleCrosser: (D, D)|Win-Shift Lose-Stay: D|Grudger|ZD-GTFT-2: 0.25, 0.5"
12,2.66,0.51,4.12,1.08,0.09,0.05,17,131,5,Defector|Bully|Evolved FSM 16|Meta Winner: 4 players|Tit For Tat
13,4.65,1.78,4.81,3.08,0.0,0.01,94,150,21,"ZD-Extort-2: 0.1111111111111111, 0.5|GTFT: 0.33|Win-Shift Lose-Stay: D|Suspicious Tit For Tat|Meta Mixer: 19 players|Tit For Tat|Evolved FSM 16|Evolved HMM 5|Bully|ZD-GTFT-2: 0.25, 0.5|Tit For 2 Tats|Cycler DC|Meta Winner: 19 players|Defector|Anti Tit For Tat|Alternator|Cooperator|Grudger|Soft Joss: 0.9|Random: 0.5|DoubleCrosser: (D, D)"
14,4.57,2.05,4.61,3.88,0.07,0.06,94,27,7,"Win-Shift Lose-Stay: D|Cooperator|Meta Mixer: 5 players|ZD-GTFT-2: 0.25, 0.5|Cycler DC|Meta Winner: 5 players|Win-Stay Lose-Shift"
15,4.3,1.06,5.21,1.67,0.03,0.05,16,24,16,"Win-Shift Lose-Stay: D|Anti Tit For Tat|Alternator|GTFT: 0.33|Cycler DC|Meta Winner: 14 players|Defector|Grudger|Tit For Tat|ZD-Extort-2: 0.1111111111111111, 0.5|Soft Joss: 0.9|Suspicious Tit For Tat|Tit For 2 Tats|Evolved FSM 16|Meta Mixer: 14 players|Win-Stay Lose-Shift"
16,3.86,1.03,4.72,2.91,0.06,0.09,89,192,7,"Tit For Tat|Defector|Meta Mixer: 6 players|DoubleCrosser: (D, D)|Alternator|Evolved FSM 16|GTFT: 0.33"
17,2.98,1.29,4.08,1.4,0.03,0.08,39,58,3,Meta Winner: 2 players|Suspicious Tit For Tat|Tit For 2 Tats
18,4.3,1.17,4.66,4.19,0.06,0.04,78,85,3,Cooperator|Win-Shift Lose-Stay: D|Defector
19,4.12,2.32,4.69,2.36,0.01,0.09,34,66,4,"DoubleCrosser: (D, D)|Alternator|ZD-Extort-2: 0.1111111111111111, 0.5|ZD-GTFT-2: 0.25, 0.5"
20,4.71,2.75,4.86,4.42,0.07,0.01,48,130,12,"Meta Winner: 10 players|DoubleCrosser: (D, D)|GTFT: 0.33|Tit For 2 Tats|Win-Stay Lose-Shift|Cycler DC|Suspicious Tit For Tat|Random: 0.5|Evolved FSM 16|Soft Joss: 0.9|Meta Mixer: 10 players|Bully"
21,3.1,1.45,4.57,2.22,0.05,0.04,37,131,18,"Defector|Bully|Win-Stay Lose-Shift|ZD-Extort-2: 0.1111111111111111, 0.5|GTFT: 0.33|Meta Mixer: 17 players|Tit For Tat|ZD-GTFT-2: 0.25, 0.5|Cycler DC|Cooperator|Tit For 2 Tats|Evolved HMM 5|Alternator|Evolved FSM 16|Grudger|Random: 0.5|DoubleCrosser: (D, D)|Win-Shift Lose-Stay: D"
22,4.58,2.2,4.91,3.06,0.04,0.04,28,168,3,"Cooperator|DoubleCrosser: (D, D)|Tit For Tat"
23,4.12,1.94,4.5,2.42,0.07,0.1,86,82,17,"Evolved FSM 16|ZD-Extort-2: 0.1111111111111111, 0.5|DoubleCrosser: (D, D)|ZD-GTFT-2: 0.25, 0.5|Soft Joss: 0.9|Defector|Random: 0.5|Tit For Tat|Cycler DC|Tit For 2 Tats|Cooperator|GTFT: 0.33|Meta Winner: 15 players|Win-Shift Lose-Stay: D|Evolved HMM 5|Meta Mixer: 15 players|Anti Tit For Tat"
24,3.43,0.31,4.64,1.34,0.07,0.07,18,107,16,"GTFT: 0.33|ZD-GTFT-2: 0.25, 0.5|Soft Joss: 0.9|DoubleCrosser: (D, D)|Anti Tit For Tat|Suspicious Tit For Tat|Evolved HMM 5|ZD-Extort-2: 0.1111111111111111, 0.5|Tit For 2 Tats|Win-Stay Lose-Shift|Grudger|Alternator|Random: 0.5|Evolved FSM 16|Tit For Tat|Meta Winner: 15 players"
25,3.86,0.86,5.8,1.78,0.04,0.07,61,186,8,"Soft Joss: 0.9|Cycler DC|Evolved FSM 16|ZD-GTFT-2: 0.25, 0.5|Alternator|Tit For 2 Tats|Evolved HMM 5|Anti Tit For Tat"
26,4.08,0.9,4.76,3.56,0.01,0.0,79,14,14,"Tit For Tat|Meta Mixer: 12 players|Bully|Anti Tit For Tat|Alternator|Meta Winner: 12 players|Suspicious Tit For Tat|DoubleCrosser: (D, D)|ZD-GTFT-2: 0.25, 0.5|Win-Stay Lose-Shift|Evolved FSM 16|Cooperator|Grudger|ZD-Extort-2: 0.1111111111111111, 0.5"
27,3.88,1.14,5.34,1.63,0.08,0.02,87,192,6,Defector|Win-Stay Lose-Shift|Cooperator|Evolved HMM 5|Alternator|Meta Mixer: 5 players
28,4.86,2.31,5.15,2.45,0.02,0.06,90,63,6,Win-Stay Lose-Shift|Evolved FSM 16|Cooperator|Evolved HMM 5|Anti Tit For Tat|Grudger
29,4.03,0.78,5.07,1.21,0.0,0.04,72,28,16,"Grudger|Meta Mixer: 14 players|Soft Joss: 0.9|Cycler DC|DoubleCrosser: (D, D)|Defector|Win-Shift Lose-Stay: D|Win-Stay Lose-Shift|Tit For 2 Tats|Random: 0.5|Tit For Tat|Meta Winner: 14 players|Suspicious Tit For Tat|Evolved HMM 5|ZD-Extort-2: 0.1111111111111111, 0.5|Evolved FSM 16"
30,4.33,0.87,4.49,1.93,0.08,0.06,95,98,13,"Alternator|Random: 0.5|GTFT: 0.33|Defector|Meta Mixer: 12 players|Suspicious Tit For Tat|Grudger|Tit For 2 Tats|Cycler DC|Evolved HMM 5|DoubleCrosser: (D, D)|Win-Stay Lose-Shift|ZD-GTFT-2: 0.25, 0.5"
31,3.61,0.36,5.11,1.5,0.04,0.06,40,177,18,"Meta Mixer: 16 players|Random: 0.5|Soft Joss: 0.9|Alternator|Bully|Win-Stay Lose-Shift|Tit For Tat|Suspicious Tit For Tat|Grudger|Cooperator|Cycler DC|GTFT: 0.33|ZD-Extort-2: 0.1111111111111111, 0.5|Defector|Meta Winner: 16 players|DoubleCrosser: (D, D)|Evolved FSM 16|ZD-GTFT-2: 0.25, 0.5"
32,4.13,1.43,4.85,2.04,0.03,0.03,25,185,9,"GTFT: 0.33|Cooperator|ZD-GTFT-2: 0.25, 0.5|Defector|Suspicious Tit For Tat|Evolved FSM 16|Random: 0.5|Cycler DC|Grudger"
33,4.42,2.98,5.18,3.04,0.08,0.03,56,46,12,"Alternator|ZD-GTFT-2: 0.25, 0.5|Cycler DC|Win-Shift Lose-Stay: D|Anti Tit For Tat|Meta Mixer: 11 players|Win-Stay Lose-Shift|Grudger|Bully|GTFT: 0.33|Tit For Tat|ZD-Extort-2: 0.1111111111111111, 0.5"
34,4.15,1.09,5.75,2.48,0.02,0.01,71,30,5,Tit For 2 Tats|Random: 0.5|Bully|Evolved HMM 5|Meta Mixer: 4 players
35,2.54,0.77,4.17,1.86,0.06,0.06,76,98,17,"Soft Joss: 0.9|Win-Stay Lose-Shift|Evolved HMM 5|DoubleCrosser: (D, D)|Meta Mixer: 15 players|Anti Tit For Tat|Cooperator|Tit For 2 Tats|Random: 0.5|GTFT: 0.33|Evolved FSM 16|Cycler DC|ZD-Extort-2: 0.1111111111111111, 0.5|Bully|Grudger|ZD-GTFT-2: 0.25, 0.5|Meta Winner: 15 players"
36,4.0,2.97,4.91,3.77,0.06,0.07,35,109,6,"ZD-GTFT-2: 0.25, 0.5|Tit For Tat|Cycler DC|Win-Shift Lose-Stay: D|Evolved FSM 16|Bully"
37,3.68,2.13,4.12,2.59,0.09,0.04,69,177,12,"Tit For 2 Tats|Win-Shift Lose-Stay: D|ZD-Extort-2: 0.1111111111111111, 0.5|ZD-GTFT-2: 0.25, 0.5|Random: 0.5|Soft Joss: 0.9|Bully|Win-Stay Lose-Shift|Alternator|Suspicious Tit For Tat|Grudger|Defector"
38,4.34,1.99,4.87,4.24,0.04,0.03,23,42,13,"DoubleCrosser: (D, D)|Random: 0.5|Win-Stay Lose-Shift|Tit For 2 Tats|ZD-GTFT-2: 0.25, 0.5|Anti Tit For Tat|Soft Joss: 0.9|ZD-Extort-2: 0.1111111111111111, 0.5|Defector|Cycler DC|Meta Winner: 11 players|Meta Mixer: 11 players|Suspicious Tit For Tat"
39,3.33,0.3,5.0,1.12,0.01,0.03,99,125,6,Alternator|Meta Mixer: 5 players|Evolved FSM 16|Tit For Tat|Defector|Win-Stay Lose-Shift
40,3.71,1.24,5.1,1.25,0.09,0.05,25,166,7,"Random: 0.5|Win-Stay Lose-Shift|ZD-Extort-2: 0.1111111111111111, 0.5|Win-Shift Lose-Stay: D|DoubleCrosser: (D, D)|Meta Winner: 6 players|Evolved FSM 16"
41,3.37,1.76,4.49,1.91,0.05,0.09,18,71,16,"GTFT: 0.33|ZD-Extort-2: 0.1111111111111111, 0.5|Win-Shift Lose-Stay: D|Alternator|Win-Stay Lose-Shift|ZD-GTFT-2: 0.25, 0.5|Random: 0.5|DoubleCrosser: (D, D)|Bully|Tit For Tat|Evolved FSM 16|Tit For 2 Tats|Defector|Meta Mixer: 15 players|Suspicious Tit For Tat|Cooperator"
42,4.37,0.76,4.77,2.38,0.05,0.09,58,99,7,"Random: 0.5|Anti Tit For Tat|Cycler DC|ZD-Extort-2: 0.1111111111111111, 0.5|GTFT: 0.33|Cooperator|Soft Joss: 0.9"
43,4.0,0.15,4.2,1.05,0.09,0.1,19,121,11,"GTFT: 0.33|Evolved FSM 16|Tit For 2 Tats|Bully|Meta Winner: 9 players|Meta Mixer: 9 players|ZD-GTFT-2: 0.25, 0.5|Random: 0.5|Grudger|ZD-Extort-2: 0.1111111111111111, 0.5|Tit For Tat"
44,5.83,2.0,5.84,4.61,0.01,0.06,22,114,8,Win-Stay Lose-Shift|Alternator|Anti Tit For Tat|GTFT: 0.33|Evolved FSM 16|Meta Winner: 7 players|Grudger|Defector
45,3.68,0.59,5.37,2.56,0.06,0.05,95,3,17,"Win-Stay Lose-Shift|ZD-GTFT-2: 0.25, 0.5|Defector|Bully|Soft Joss: 0.9|Grudger|Meta Winner: 15 players|GTFT: 0.33|Suspicious Tit For Tat|ZD-Extort-2: 0.1111111111111111, 0.5|Cycler DC|Tit For Tat|Tit For 2 Tats|Cooperator|DoubleCrosser: (D, D)|Meta Mixer: 15 players|Win-Shift Lose-Stay: D"
46,2.84,0.49,4.21,1.66,0.07,0.0,94,102,11,"Alternator|Evolved HMM 5|Anti Tit For Tat|Random: 0.5|Win-Stay Lose-Shift|Tit For Tat|Grudger|Cooperator|GTFT: 0.33|Soft Joss: 0.9|ZD-GTFT-2: 0.25, 0.5"
47,3.89,2.19,4.5,3.22,0.01,0.01,90,166,4,Win-Stay Lose-Shift|Soft Joss: 0.9|Anti Tit For Tat|Evolved HMM 5
48,3.37,0.27,4.73,1.65,0.09,0.09,47,192,13,"Cooperator|Soft Joss: 0.9|Bully|Cycler DC|Tit For Tat|Tit For 2 Tats|Grudger|Anti Tit For Tat|ZD-Extort-2: 0.1111111111111111, 0.5|Suspicious Tit For Tat|Alternator|Evolved HMM 5|Win-Shift Lose-Stay: D"
49,2.83,0.62,4.25,2.37,0.04,0.06,57,28,10,"Random: 0.5|Alternator|Evolved FSM 16|ZD-GTFT-2: 0.25, 0.5|GTFT: 0.33|Tit For Tat|Bully|Evolved HMM 5|DoubleCrosser: (D, D)|ZD-Extort-2: 0.1111111111111111, 0.5"
50,5.3,2.08,5.49,2.8,0.02,0.04,22,126,22,"DoubleCrosser: (D, D)|Win-Shift Lose-Stay: D|Anti Tit For Tat|Grudger|Suspicious Tit For Tat|Soft Joss: 0.9|ZD-Extort-2: 0.1111111111111111, 0.5|Cooperator|Meta Winner: 20 players|Defector|Evolved FSM 16|GTFT: 0.33|Tit For 2 Tats|Meta Mixer: 20 players|Win-Stay Lose-Shift|Alternator|Random: 0.5|Bully|Evolved HMM 5|ZD-GTFT-2: 0.25, 0.5|Tit For Tat|Cycler DC"
51,3.64,0.33,4.14,1.55,0.09,0.03,28,153,3,"Win-Shift Lose-Stay: D|Cycler DC|ZD-GTFT-2: 0.25, 0.5"
52,2.44,0.05,4.5,1.95,0.0,0.08,40,151,13,"Alternator|Defector|Win-Shift Lose-Stay: D|Anti Tit For Tat|Cycler DC|DoubleCrosser: (D, D)|Cooperator|Grudger|Evolved HMM 5|Tit For Tat|Tit For 2 Tats|Meta Mixer: 12 players|Evolved FSM 16"
53,3.44,0.95,5.19,1.54,0.07,0.09,94,134,12,"Soft Joss: 0.9|Meta Mixer: 11 players|Alternator|Anti Tit For Tat|Random: 0.5|Tit For 2 Tats|DoubleCrosser: (D, D)|GTFT: 0.33|Evolved HMM 5|Tit For Tat|Grudger|ZD-Extort-2: 0.1111111111111111, 0.5"
54,2.17,0.11,4.15,1.71,0.03,0.06,80,183,13,"Tit For 2 Tats|Evolved FSM 16|ZD-Extort-2: 0.1111111111111111, 0.5|Win-Stay Lose-Shift|Soft Joss: 0.9|Meta Mixer: 11 players|DoubleCrosser: (D, D)|Anti Tit For Tat|Meta Winner: 11 players|Grudger|ZD-GTFT-2: 0.25, 0.5|GTFT: 0.33|Win-Shift Lose-Stay: D"
55,3.22,0.18,4.68,1.92,0.04,0.07,57,40,18,"Bully|Meta Winner: 16 players|Meta Mixer: 16 players|Evolved FSM 16|DoubleCrosser: (D, D)|Cooperator|Grudger|Tit For 2 Tats|Evolved HMM 5|Win-Shift Lose-Stay: D|Alternator|Win-Stay Lose-Shift|Soft Joss: 0.9|GTFT: 0.33|Defector|Tit For Tat|Random: 0.5|ZD-Extort-2: 0.1111111111111111, 0.5"
56,3.8,2.69,4.71,3.1,0.07,0.1,86,80,14,"Cooperator|Evolved HMM 5|ZD-Extort-2: 0.1111111111111111, 0.5|Suspicious Tit For Tat|Cycler DC|Random: 0.5|Tit For Tat|DoubleCrosser: (D, D)|Anti Tit For Tat|Defector|Win-Shift Lose-Stay: D|Tit For 2 Tats|Soft Joss: 0.9|ZD-GTFT-2: 0.25, 0.5"
57,4.54,3.89,5.15,3.99,0.08,0.06,92,143,3,Evolved FSM 16|Meta Winner: 2 players|Win-Shift Lose-Stay: D
58,3.59,0.32,4.14,3.52,0.05,0.04,68,88,8,"Grudger|Win-Stay Lose-Shift|GTFT: 0.33|Evolved HMM 5|Bully|Anti Tit For Tat|Cycler DC|ZD-GTFT-2: 0.25, 0.5"
59,3.73,0.46,4.85,2.13,0.05,0.03,24,73,21,"Random: 0.5|ZD-Extort-2: 0.1111111111111111, 0.5|Win-Stay Lose-Shift|Anti Tit For Tat|Tit For Tat|Tit For 2 Tats|Evolved HMM 5|Alternator|Cooperator|Cycler DC|DoubleCrosser: (D, D)|Bully|Meta Mixer: 20 players|Evolved FSM 16|Defector|Soft Joss: 0.9|Suspicious Tit For Tat|Grudger|Win-Shift Lose-Stay: D|ZD-GTFT-2: 0.25, 0.5|GTFT: 0.33"
60,3.94,2.06,4.76,2.47,0.08,0.01,15,112,3,Soft Joss: 0.9|Bully|GTFT: 0.33
61,3.81,1.25,5.15,2.99,0.01,0.0,51,44,22,"Soft Joss: 0.9|Grudger|Bully|DoubleCrosser: (D, D)|Cooperator|Tit For Tat|Evolved HMM 5|Win-Stay Lose-Shift|Suspicious Tit For Tat|Win-Shift Lose-Stay: D|Anti Tit For Tat|Random: 0.5|Cycler DC|Defector|ZD-GTFT-2: 0.25, 0.5|Evolved FSM 16|Meta Mixer: 20 players|Alternator|Meta Winner: 20 players|GTFT: 0.33|ZD-Extort-2: 0.1111111111111111, 0.5|Tit For 2 Tats"
62,2.57,0.19,4.21,1.27,0.08,0.01,90,127,17,"Evolved HMM 5|Meta Winner: 15 players|Soft Joss: 0.9|Meta Mixer: 15 players|GTFT: 0.33|ZD-GTFT-2: 0.25, 0.5|Cycler DC|Tit For Tat|Anti Tit For Tat|Evolved FSM 16|Tit For 2 Tats|ZD-Extort-2: 0.1111111111111111, 0.5|Random: 0.5|Win-Stay Lose-Shift|Alternator|Bully|Win-Shift Lose-Stay: D"
63,2.99,0.39,4.15,1.07,0.03,0.06,21,158,22,"ZD-Extort-2: 0.1111111111111111, 0.5|Tit For 2 Tats|Soft Joss: 0.9|Evolved HMM 5|ZD-GTFT-2: 0.25, 0.5|Anti Tit For Tat|Evolved FSM 16|Random: 0.5|Meta Mixer: 20 players|Win-Stay Lose-Shift|GTFT: 0.33|Cooperator|Defector|Tit For Tat|Bully|Alternator|Grudger|Suspicious Tit For Tat|Win-Shift Lose-Stay: D|DoubleCrosser: (D, D)|Cycler DC|Meta Winner: 20 players"
64,3.47,1.81,4.08,3.45,0.06,0.04,46,100,16,"GTFT: 0.33|Evolved FSM 16|Anti Tit For Tat|Meta Winner: 15 players|Bully|Evolved HMM 5|Cooperator|Win-Shift Lose-Stay: D|ZD-Extort-2: 0.1111111111111111, 0.5|Suspicious Tit For Tat|Cycler DC|Grudger|Win-Stay Lose-Shift|ZD-GTFT-2: 0.25, 0.5|Defector|Alternator"
65,4.77,2.6,5.34,3.79,0.05,0.06,64,131,14,"Alternator|Grudger|Win-Stay Lose-Shift|Defector|Suspicious Tit For Tat|GTFT: 0.33|Random: 0.5|Cooperator|Soft Joss: 0.9|Bully|Tit For 2 Tats|Anti Tit For Tat|Cycler DC|ZD-Extort-2: 0.1111111111111111, 0.5"
66,3.63,1.55,5.02,2.94,0.07,0.09,89,34,22,"Tit For 2 Tats|Cycler DC|Defector|Evolved FSM 16|Evolved HMM 5|Soft Joss: 0.9|Anti Tit For Tat|Suspicious Tit For Tat|ZD-GTFT-2: 0.25, 0.5|GTFT: 0.33|Grudger|Cooperator|Tit For Tat|Meta Mixer: 20 players|Win-Stay Lose-Shift|Random: 0.5|Win-Shift Lose-Stay: D|ZD-Extort-2: 0.1111111111111111, 0.5|Bully|DoubleCrosser: (D, D)|Alternator|Meta Winner: 20 players"
67,3.92,1.76,5.36,2.29,0.08,0.05,63,42,9,"Evolved FSM 16|Cycler DC|Win-Shift Lose-Stay: D|Anti Tit For Tat|Random: 0.5|Grudger|Cooperator|ZD-Extort-2: 0.1111111111111111, 0.5|DoubleCrosser: (D, D)"
68,3.49,0.28,4.9,3.07,0.09,0.08,54,7,16,"Anti Tit For Tat|Tit For 2 Tats|ZD-Extort-2: 0.1111111111111111, 0.5|Grudger|Tit For Tat|Meta Mixer: 14 players|Bully|Defector|Cooperator|Alternator|Soft Joss: 0.9|Meta Winner: 14 players|Evolved HMM 5|Random: 0.5|Win-Shift Lose-Stay: D|Evolved FSM 16"
69,4.13,0.44,4.57,3.18,0.07,0.04,10,21,3,Win-Shift Lose-Stay: D|Suspicious Tit For Tat|Cycler DC
70,2.78,0.45,4.58,1.08,0.08,0.05,24,128,22,"ZD-GTFT-2: 0.25, 0.5|Alternator|ZD-Extort-2: 0.1111111111111111, 0.5|Evolved HMM 5|Tit For Tat|Cycler DC|Win-Stay Lose-Shift|Suspicious Tit For Tat|Meta Mixer: 20 players|Random: 0.5|Defector|Cooperator|Tit For 2 Tats|Soft Joss: 0.9|Bully|Grudger|Win-Shift Lose-Stay: D|DoubleCrosser: (D, D)|Meta Winner: 20 players|Evolved FSM 16|GTFT: 0.33|Anti Tit For Tat"
71,2.8,1.03,4.27,1.61,0.08,0.07,99,123,8,Cycler DC|Bully|Soft Joss: 0.9|Anti Tit For Tat|Win-Stay Lose-Shift|Suspicious Tit For Tat|Evolved HMM 5|Tit For 2 Tats
72,4.16,1.36,5.98,1.8,0.02,0.04,16,168,13,"Win-Shift Lose-Stay: D|Cooperator|Grudger|DoubleCrosser: (D, D)|Tit For 2 Tats|Soft Joss: 0.9|ZD-GTFT-2: 0.25, 0.5|Defector|Bully|Tit For Tat|Evolved FSM 16|Random: 0.5|ZD-Extort-2: 0.1111111111111111, 0.5"
73,3.3,1.58,4.16,2.89,0.03,0.01,94,76,12,"Soft Joss: 0.9|Evolved FSM 16|DoubleCrosser: (D, D)|Defector|Meta Winner: 11 players|Grudger|ZD-GTFT-2: 0.25, 0.5|Alternator|ZD-Extort-2: 0.1111111111111111, 0.5|Evolved HMM 5|Win-Stay Lose-Shift|Suspicious Tit For Tat"
74,3.57,1.74,4.77,2.56,0.09,0.04,19,147,7,"ZD-Extort-2: 0.1111111111111111, 0.5|Grudger|Tit For 2 Tats|GTFT: 0.33|Win-Shift Lose-Stay: D|Tit For Tat|Cooperator"
75,3.74,0.63,4.24,2.93,0.06,0.07,72,52,6,Cycler DC|Bully|Soft Joss: 0.9|Defector|Evolved FSM 16|Meta Mixer: 5 players
76,5.5,3.63,5.62,5.44,0.07,0.05,47,77,8,"Meta Mixer: 7 players|Defector|Grudger|ZD-Extort-2: 0.1111111111111111, 0.5|Tit For Tat|Cooperator|Suspicious Tit For Tat|Tit For 2 Tats"
77,3.8,0.59,4.28,1.07,0.04,0.08,80,34,22,"Bully|Meta Winner: 20 players|Win-Stay Lose-Shift|Tit For 2 Tats|Random: 0.5|ZD-Extort-2: 0.1111111111111111, 0.5|DoubleCrosser: (D, D)|Evolved HMM 5|Suspicious Tit For Tat|Evolved FSM 16|Anti Tit For Tat|Meta Mixer: 20 players|Defector|Grudger|Tit For Tat|Cooperator|Soft Joss: 0.9|Cycler DC|GTFT: 0.33|Alternator|ZD-GTFT-2: 0.25, 0.5|Win-Shift Lose-Stay: D"
78,4.53,3.52,4.69,4.16,0.03,0.06,80,71,7,"Meta Mixer: 6 players|Win-Stay Lose-Shift|Evolved FSM 16|ZD-GTFT-2: 0.25, 0.5|Bully|ZD-Extort-2: 0.1111111111111111, 0.5|Defector"
79,3.85,0.93,5.18,1.49,0.09,0.03,82,11,3,Bully|Anti Tit For Tat|Meta Mixer: 2 players
80,3.27,0.4,4.81,2.56,0.04,0.05,53,156,7,GTFT: 0.33|Meta Winner: 6 players|Grudger|Tit For 2 Tats|Cycler DC|Evolved FSM 16|Cooperator
81,3.23,0.4,4.64,1.6,0.01,0.03,59,158,16,Tit For Tat|Defector|GTFT: 0.33|Evolved HMM 5|Evolved FSM 16|Suspicious Tit For Tat|Meta Mixer: 14 players|Meta Winner: 14 players|Win-Shift Lose-Stay: D|Soft Joss: 0.9|Tit For 2 Tats|Cycler DC|Grudger|Alternator|Anti Tit For Tat|Cooperator
82,3.04,1.83,4.1,2.8,0.05,0.05,23,111,7,"Win-Shift Lose-Stay: D|Grudger|Tit For 2 Tats|Meta Mixer: 6 players|Anti Tit For Tat|Evolved FSM 16|ZD-GTFT-2: 0.25, 0.5"
83,4.3,1.9,5.01,1.92,0.07,0.01,22,101,14,"GTFT: 0.33|ZD-GTFT-2: 0.25, 0.5|Grudger|Cycler DC|Suspicious Tit For Tat|ZD-Extort-2: 0.1111111111111111, 0.5|Tit For 2 Tats|Win-Shift Lose-Stay: D|Alternator|DoubleCrosser: (D, D)|Random: 0.5|Bully|Defector|Tit For Tat"
84,4.19,1.34,5.69,2.62,0.05,0.06,70,5,14,"GTFT: 0.33|Cooperator|DoubleCrosser: (D, D)|Evolved HMM 5|Win-Stay Lose-Shift|Alternator|Random: 0.5|Cycler DC|Meta Winner: 12 players|Tit For 2 Tats|ZD-GTFT-2: 0.25, 0.5|Grudger|Meta Mixer: 12 players|ZD-Extort-2: 0.1111111111111111, 0.5"
85,3.59,1.6,4.3,2.06,0.09,0.09,17,181,7,"ZD-Extort-2: 0.1111111111111111, 0.5|Suspicious Tit For Tat|ZD-GTFT-2: 0.25, 0.5|GTFT: 0.33|Random: 0.5|Meta Winner: 6 players|Tit For 2 Tats"
86,4.09,2.08,4.71,3.23,0.07,0.06,34,64,11,"ZD-GTFT-2: 0.25, 0.5|Win-Stay Lose-Shift|Tit For Tat|Meta Mixer: 10 players|Evolved HMM 5|Suspicious Tit For Tat|Random: 0.5|Defector|Evolved FSM 16|Soft Joss: 0.9|Win-Shift Lose-Stay: D"
87,3.19,0.51,5.43,1.97,0.05,0.02,78,70,20,"Win-Shift Lose-Stay: D|Cycler DC|Cooperator|Evolved HMM 5|Tit For Tat|ZD-GTFT-2: 0.25, 0.5|Anti Tit For Tat|GTFT: 0.33|Meta Winner: 19 players|Evolved FSM 16|Soft Joss: 0.9|Tit For 2 Tats|Alternator|Random: 0.5|Suspicious Tit For Tat|Bully|Defector|Grudger|Win-Stay Lose-Shift|ZD-Extort-2: 0.1111111111111111, 0.5"
88,4.63,2.0,4.81,4.19,0.02,0.1,51,74,4,Bully|Meta Mixer: 3 players|Evolved HMM 5|Tit For Tat
89,4.07,1.42,4.35,1.54,0.1,0.04,73,48,12,"Anti Tit For Tat|Alternator|Win-Stay Lose-Shift|Evolved HMM 5|Cooperator|GTFT: 0.33|Evolved FSM 16|Tit For Tat|ZD-Extort-2: 0.1111111111111111, 0.5|Win-Shift Lose-Stay: D|Tit For 2 Tats|Soft Joss: 0.9"
90,3.2,0.69,4.81,1.72,0.01,0.1,71,83,10,Alternator|Win-Shift Lose-Stay: D|Tit For 2 Tats|Tit For Tat|Soft Joss: 0.9|Meta Mixer: 9 players|GTFT: 0.33|Cycler DC|Win-Stay Lose-Shift|Grudger
91,2.82,0.39,5.15,1.65,0.07,0.05,30,104,19,"Win-Stay Lose-Shift|Cooperator|Meta Winner: 18 players|Grudger|Tit For Tat|ZD-GTFT-2: 0.25, 0.5|Cycler DC|ZD-Extort-2: 0.1111111111111111, 0.5|Bully|Soft Joss: 0.9|Evolved HMM 5|Evolved FSM 16|Defector|Suspicious Tit For Tat|Tit For 2 Tats|Win-Shift Lose-Stay: D|Random: 0.5|Anti Tit For Tat|GTFT: 0.33"
92,4.0,1.77,5.36,3.36,0.05,0.04,82,29,4,"ZD-GTFT-2: 0.25, 0.5|ZD-Extort-2: 0.1111111111111111, 0.5|Suspicious Tit For Tat|Evolved HMM 5"
93,4.41,2.4,5.36,2.67,0.04,0.01,26,132,16,"Soft Joss: 0.9|Evolved HMM 5|Anti Tit For Tat|ZD-GTFT-2: 0.25, 0.5|Meta Winner: 15 players|Win-Stay Lose-Shift|Alternator|Suspicious Tit For Tat|Cycler DC|Random: 0.5|Grudger|Cooperator|ZD-Extort-2: 0.1111111111111111, 0.5|Evolved FSM 16|Tit For 2 Tats|GTFT: 0.33"
94,4.0,0.45,4.14,1.1,0.08,0.08,92,108,14,"Tit For 2 Tats|Soft Joss: 0.9|Meta Winner: 13 players|Evolved FSM 16|Bully|Cycler DC|Grudger|Anti Tit For Tat|ZD-GTFT-2: 0.25, 0.5|Win-Shift Lose-Stay: D|Suspicious Tit For Tat|Evolved HMM 5|DoubleCrosser: (D, D)|Cooperator"
95,4.78,2.18,5.67,4.7,0.07,0.04,58,59,10,"Soft Joss: 0.9|Grudger|Cycler DC|Win-Shift Lose-Stay: D|Suspicious Tit For Tat|Cooperator|Anti Tit For Tat|Tit For 2 Tats|GTFT: 0.33|ZD-GTFT-2: 0.25, 0.5"
96,3.27,1.35,4.13,2.01,0.09,0.02,15,103,17,"Tit For Tat|ZD-GTFT-2: 0.25, 0.5|Suspicious Tit For Tat|Anti Tit For Tat|Cycler DC|ZD-Extort-2: 0.1111111111111111, 0.5|Win-Stay Lose-Shift|Cooperator|DoubleCrosser: (D, D)|Grudger|Random: 0.5|Defector|Tit For 2 Tats|GTFT: 0.33|Soft Joss: 0.9|Bully|Evolved HMM 5"
97,3.84,0.54,5.11,3.09,0.07,0.06,16,89,15,"ZD-Extort-2: 0.1111111111111111, 0.5|GTFT: 0.33|DoubleCrosser: (D, D)|Evolved FSM 16|Cycler DC|Win-Stay Lose-Shift|Tit For 2 Tats|Bully|Random: 0.5|Win-Shift Lose-Stay: D|Tit For Tat|Cooperator|Meta Mixer: 14 players|ZD-GTFT-2: 0.25, 0.5|Soft Joss: 0.9"
98,5.3,3.31,5.61,3.42,0.06,0.01,41,66,9,GTFT: 0.33|Meta Mixer: 8 players|Bully|Soft Joss: 0.9|Grudger|Evolved FSM 16|Suspicious Tit For Tat|Alternator|Cycler DC
99,4.2,1.79,4.42,1.97,0.02,0.02,25,192,18,"Tit For Tat|Evolved FSM 16|Suspicious Tit For Tat|Tit For 2 Tats|Meta Winner: 16 players|GTFT: 0.33|Win-Stay Lose-Shift|Meta Mixer: 16 players|ZD-GTFT-2: 0.25, 0.5|Win-Shift Lose-Stay: D|ZD-Extort-2: 0.1111111111111111, 0.5|Defector|Cycler DC|Random: 0.5|Grudger|Evolved HMM 5|Cooperator|DoubleCrosser: (D, D)"
100,4.16,2.08,4.2,2.48,0.09,0.04,62,12,21,"Tit For Tat|Cycler DC|Alternator|Win-Shift Lose-Stay: D|ZD-GTFT-2: 0.25, 0.5|DoubleCrosser: (D, D)|Win-Stay Lose-Shift|Bully|Cooperator|Defector|ZD-Extort-2: 0.1111111111111111, 0.5|Suspicious Tit For Tat|Random: 0.5|Grudger|Meta Winner: 19 players|Meta Mixer: 19 players|Tit For 2 Tats|Soft Joss: 0.9|GTFT: 0.33|Anti Tit For Tat|Evolved HMM 5"
101,3.29,1.12,4.57,2.6,0.09,0.02,22,135,7,"Tit For Tat|Suspicious Tit For Tat|Evolved FSM 16|ZD-Extort-2: 0.1111111111111111, 0.5|Win-Shift Lose-Stay: D|Grudger|ZD-GTFT-2: 0.25, 0.5"
102,3.74,1.51,4.49,1.82,0.01,0.1,93,195,4,"Bully|Tit For 2 Tats|ZD-GTFT-2: 0.25, 0.5|Random: 0.5"
103,4.25,2.44,4.87,2.84,0.01,0.05,15,59,9,"Evolved HMM 5|Random: 0.5|Win-Shift Lose-Stay: D|Anti Tit For Tat|Bully|Evolved FSM 16|Meta Winner: 8 players|ZD-GTFT-2: 0.25, 0.5|DoubleCrosser: (D, D)"
104,4.53,2.31,4.63,3.07,0.07,0.04,19,77,8,"Evolved HMM 5|Tit For Tat|Meta Winner: 7 players|Tit For 2 Tats|ZD-GTFT-2: 0.25, 0.5|GTFT: 0.33|Evolved FSM 16|Random: 0.5"
105,3.3,1.44,4.15,2.41,0.1,0.03,91,70,17,"Random: 0.5|Tit For Tat|Grudger|ZD-GTFT-2: 0.25, 0.5|Tit For 2 Tats|DoubleCrosser: (D, D)|Defector|GTFT: 0.33|Win-Stay Lose-Shift|Soft Joss: 0.9|Suspicious Tit For Tat|Anti Tit For Tat|ZD-Extort-2: 0.1111111111111111, 0.5|Cycler DC|Cooperator|Meta Winner: 16 players|Alternator"
106,2.94,0.2,4.62,1.52,0.02,0.04,81,132,16,"Cooperator|Alternator|Bully|Grudger|ZD-GTFT-2: 0.25, 0.5|Evolved FSM 16|GTFT: 0.33|DoubleCrosser: (D, D)|Suspicious Tit For Tat|Meta Mixer: 14 players|Cycler DC|Soft Joss: 0.9|Random: 0.5|Anti Tit For Tat|Meta Winner: 14 players|Evolved HMM 5"
107,4.03,1.97,4.6,2.09,0.07,0.05,88,51,17,"Cooperator|Cycler DC|Win-Stay Lose-Shift|Alternator|Tit For 2 Tats|GTFT: 0.33|ZD-GTFT-2: 0.25, 0.5|Random: 0.5|DoubleCrosser: (D, D)|Defector|Tit For Tat|Soft Joss: 0.9|Suspicious Tit For Tat|Bully|Meta Mixer: 16 players|Win-Shift Lose-Stay: D|Grudger"
108,4.11,2.58,5.09,2.71,0.05,0.07,66,75,5,"DoubleCrosser: (D, D)|Meta Winner: 3 players|Random: 0.5|Cycler DC|Meta Mixer: 3 players"
109,2.66,0.53,4.61,1.26,0.04,0.04,86,123,21,"Tit For 2 Tats|ZD-GTFT-2: 0.25, 0.5|ZD-Extort-2: 0.1111111111111111, 0.5|DoubleCrosser: (D, D)|Meta Mixer: 19 players|Anti Tit For Tat|Grudger|Random: 0.5|Meta Winner: 19 players|Win-Shift Lose-Stay: D|Win-Stay Lose-Shift|GTFT: 0.33|Evolved FSM 16|Soft Joss: 0.9|Cooperator|Defector|Suspicious Tit For Tat|Bully|Evolved HMM 5|Cycler DC|Alternator"
110,4.02,2.85,5.13,2.95,0.03,0.08,23,3,6,"Win-Shift Lose-Stay: D|Tit For Tat|ZD-Extort-2: 0.1111111111111111, 0.5|Evolved FSM 16|ZD-GTFT-2: 0.25, 0.5|Meta Mixer: 5 players"
111,3.03,0.11,5.0,1.05,0.04,0.1,24,187,7,"Grudger|Win-Stay Lose-Shift|GTFT: 0.33|Soft Joss: 0.9|Suspicious Tit For Tat|ZD-Extort-2: 0.1111111111111111, 0.5|Random: 0.5"
112,2.1,0.04,4.13,1.78,0.03,0.01,31,190,10,"ZD-Extort-2: 0.1111111111111111, 0.5|Defector|ZD-GTFT-2: 0.25, 0.5|Meta Mixer: 9 players|GTFT: 0.33|DoubleCrosser: (D, D)|Soft Joss: 0.9|Cooperator|Tit For 2 Tats|Suspicious Tit For Tat"
113,4.07,1.85,5.59,3.45,0.04,0.02,24,68,18,"ZD-Extort-2: 0.1111111111111111, 0.5|Meta Mixer: 17 players|GTFT: 0.33|Tit For 2 Tats|Evolved HMM 5|Cooperator|Grudger|Defector|DoubleCrosser: (D, D)|Tit For Tat|Win-Stay Lose-Shift|Bully|Cycler DC|Anti Tit For Tat|Evolved FSM 16|ZD-GTFT-2: 0.25, 0.5|Alternator|Win-Shift Lose-Stay: D"
114,3.52,0.42,5.11,1.35,0.05,0.01,55,3,18,"Cycler DC|Suspicious Tit For Tat|Tit For 2 Tats|ZD-GTFT-2: 0.25, 0.5|ZD-Extort-2: 0.1111111111111111, 0.5|Random: 0.5|DoubleCrosser: (D, D)|GTFT: 0.33|Tit For Tat|Meta Mixer: 16 players|Grudger|Evolved HMM 5|Soft Joss: 0.9|Bully|Anti Tit For Tat|Meta Winner: 16 players|Alternator|Win-Stay Lose-Shift"
115,2.71,0.32,4.58,1.92,0.05,0.07,73,141,19,"Cooperator|Evolved HMM 5|Meta Winner: 17 players|Win-Shift Lose-Stay: D|ZD-GTFT-2: 0.25, 0.5|Grudger|Anti Tit For Tat|Tit For 2 Tats|ZD-Extort-2: 0.1111111111111111, 0.5|Tit For Tat|Meta Mixer: 17 players|Evolved FSM 16|Suspicious Tit For Tat|Random: 0.5|GTFT: 0.33|Bully|Alternator|Soft Joss: 0.9|Win-Stay Lose-Shift"
116,4.21,2.4,4.7,2.41,0.08,0.02,85,177,14,"Evolved FSM 16|Meta Mixer: 13 players|DoubleCrosser: (D, D)|Defector|Cycler DC|Suspicious Tit For Tat|ZD-Extort-2: 0.1111111111111111, 0.5|Tit For 2 Tats|Alternator|Win-Stay Lose-Shift|Evolved HMM 5|Win-Shift Lose-Stay: D|ZD-GTFT-2: 0.25, 0.5|GTFT: 0.33"
117,4.29,1.12,4.34,1.96,0.1,0.05,96,25,7,"DoubleCrosser: (D, D)|Anti Tit For Tat|Win-Shift Lose-Stay: D|Cycler DC|Evolved HMM 5|Tit For Tat|ZD-GTFT-2: 0.25, 0.5"
118,4.83,2.65,5.42,3.92,0.05,0.06,44,161,16,"Tit For 2 Tats|Soft Joss: 0.9|Bully|Evolved FSM 16|Meta Winner: 15 players|ZD-Extort-2: 0.1111111111111111, 0.5|Win-Shift Lose-Stay: D|Grudger|Defector|Tit For Tat|ZD-GTFT-2: 0.25, 0.5|DoubleCrosser: (D, D)|Win-Stay Lose-Shift|Alternator|Anti Tit For Tat|GTFT: 0.33"
119,4.5,2.92,5.94,3.44,0.08,0.04,64,55,18,"Win-Shift Lose-Stay: D|GTFT: 0.33|Win-Stay Lose-Shift|Meta Mixer: 16 players|ZD-GTFT-2: 0.25, 0.5|Cycler DC|Random: 0.5|Tit For 2 Tats|Defector|Evolved HMM 5|Alternator|Grudger|Anti Tit For Tat|Tit For Tat|Soft Joss: 0.9|Meta Winner: 16 players|Evolved FSM 16|Cooperator"
120,4.89,2.65,4.91,2.66,0.09,0.09,48,41,11,Bully|Meta Mixer: 9 players|Grudger|Win-Shift Lose-Stay: D|Meta Winner: 9 players|Evolved FSM 16|Defector|Alternator|Suspicious Tit For Tat|GTFT: 0.33|Cycler DC
121,2.47,0.66,4.19,1.11,0.05,0.04,11,179,13,"Cooperator|DoubleCrosser: (D, D)|Cycler DC|Random: 0.5|Bully|Tit For Tat|Tit For 2 Tats|Anti Tit For Tat|Grudger|Evolved HMM 5|Soft Joss: 0.9|Meta Mixer: 12 players|Defector"
122,3.91,0.52,5.13,1.48,0.02,0.07,62,158,17,"Suspicious Tit For Tat|Bully|Cooperator|Cycler DC|Evolved FSM 16|Tit For 2 Tats|Grudger|Meta Winner: 15 players|Defector|ZD-Extort-2: 0.1111111111111111, 0.5|Meta Mixer: 15 players|ZD-GTFT-2: 0.25, 0.5|Evolved HMM 5|Anti Tit For Tat|GTFT: 0.33|Win-Stay Lose-Shift|Soft Joss: 0.9"
123,3.94,2.27,5.2,3.29,0.08,0.07,48,53,19,"Evolved FSM 16|ZD-Extort-2: 0.1111111111111111, 0.5|Suspicious Tit For Tat|Tit For 2 Tats|Win-Stay Lose-Shift|Anti Tit For Tat|Tit For Tat|Random: 0.5|Meta Winner: 17 players|Meta Mixer: 17 players|Cooperator|Soft Joss: 0.9|ZD-GTFT-2: 0.25, 0.5|Evolved HMM 5|Alternator|Bully|DoubleCrosser: (D, D)|Win-Shift Lose-Stay: D|Grudger"
124,4.11,1.46,5.72,2.14,0.08,0.1,19,5,21,"Bully|Alternator|Win-Shift Lose-Stay: D|Suspicious Tit For Tat|Anti Tit For Tat|ZD-GTFT-2: 0.25, 0.5|Tit For 2 Tats|Evolved FSM 16|Cycler DC|GTFT: 0.33|Grudger|Soft Joss: 0.9|Evolved HMM 5|Win-Stay Lose-Shift|Random: 0.5|Meta Mixer: 20 players|Defector|DoubleCrosser: (D, D)|ZD-Extort-2: 0.1111111111111111, 0.5|Cooperator|Tit For Tat"
125,3.34,1.2,4.62,1.48,0.05,0.04,91,196,5,"Win-Stay Lose-Shift|DoubleCrosser: (D, D)|Tit For Tat|Anti Tit For Tat|Bully"
126,4.47,1.58,4.53,3.18,0.05,0.01,82,43,14,"Defector|Win-Shift Lose-Stay: D|Cooperator|Evolved HMM 5|Evolved FSM 16|Tit For Tat|Alternator|Random: 0.5|DoubleCrosser: (D, D)|Soft Joss: 0.9|ZD-GTFT-2: 0.25, 0.5|Tit For 2 Tats|ZD-Extort-2: 0.1111111111111111, 0.5|Meta Winner: 13 players"
127,4.84,1.61,5.11,3.84,0.03,0.04,50,70,5,"Evolved HMM 5|Grudger|Cooperator|ZD-Extort-2: 0.1111111111111111, 0.5|Meta Winner: 4 players"
128,3.35,1.06,4.4,1.71,0.05,0.06,73,198,9,"ZD-GTFT-2: 0.25, 0.5|Tit For Tat|Cycler DC|Alternator|DoubleCrosser: (D, D)|Evolved HMM 5|Meta Mixer: 8 players|Win-Shift Lose-Stay: D|Defector"
129,3.32,0.83,5.52,2.71,0.02,0.1,63,126,4,Cycler DC|Win-Shift Lose-Stay: D|Bully|Anti Tit For Tat
130,5.45,2.32,5.84,3.31,0.04,0.1,20,149,6,"ZD-Extort-2: 0.1111111111111111, 0.5|Cycler DC|Tit For 2 Tats|Bully|Anti Tit For Tat|DoubleCrosser: (D, D)"
131,3.51,1.01,5.85,3.09,0.05,0.02,35,35,21,"Cooperator|Cycler DC|Meta Winner: 19 players|Defector|Soft Joss: 0.9|ZD-GTFT-2: 0.25, 0.5|GTFT: 0.33|Suspicious Tit For Tat|Anti Tit For Tat|Win-Shift Lose-Stay: D|Evolved HMM 5|Evolved FSM 16|Tit For Tat|Meta Mixer: 19 players|Win-Stay Lose-Shift|Bully|Alternator|Grudger|DoubleCrosser: (D, D)|ZD-Extort-2: 0.1111111111111111, 0.5|Random: 0.5"
132,4.05,1.77,5.03,1.79,0.0,0.04,67,143,20,"Tit For Tat|Cooperator|Soft Joss: 0.9|Meta Mixer: 18 players|Cycler DC|Evolved HMM 5|Alternator|Random: 0.5|DoubleCrosser: (D, D)|Tit For 2 Tats|ZD-Extort-2: 0.1111111111111111, 0.5|Bully|Grudger|Suspicious Tit For Tat|Defector|Meta Winner: 18 players|Win-Shift Lose-Stay: D|Evolved FSM 16|GTFT: 0.33|ZD-GTFT-2: 0.25, 0.5"
133,4.05,1.17,4.26,3.53,0.0,0.05,31,147,16,"Tit For 2 Tats|Random: 0.5|Alternator|Meta Winner: 15 players|DoubleCrosser: (D, D)|Defector|Grudger|Cooperator|Bully|Cycler DC|Evolved HMM 5|Tit For Tat|ZD-GTFT-2: 0.25, 0.5|Evolved FSM 16|Soft Joss: 0.9|ZD-Extort-2: 0.1111111111111111, 0.5"
134,3.07,0.13,4.59,2.14,0.03,0.01,35,165,19,"Tit For Tat|Meta Mixer: 17 players|ZD-GTFT-2: 0.25, 0.5|Alternator|Tit For 2 Tats|Grudger|Random: 0.5|Win-Shift Lose-Stay: D|Evolved FSM 16|Meta Winner: 17 players|Defector|Win-Stay Lose-Shift|Soft Joss: 0.9|ZD-Extort-2: 0.1111111111111111, 0.5|Suspicious Tit For Tat|Bully|Anti Tit For Tat|Evolved HMM 5|DoubleCrosser: (D, D)"
135,3.71,1.15,5.62,1.97,0.02,0.02,41,169,10,"Win-Shift Lose-Stay: D|ZD-GTFT-2: 0.25, 0.5|Anti Tit For Tat|Tit For Tat|Tit For 2 Tats|Grudger|Defector|Bully|Cooperator|Win-Stay Lose-Shift"
136,3.95,1.22,4.64,2.06,0.07,0.04,82,145,7,"Evolved HMM 5|Suspicious Tit For Tat|Random: 0.5|ZD-GTFT-2: 0.25, 0.5|Win-Stay Lose-Shift|Defector|Evolved FSM 16"
137,2.12,0.03,4.08,1.67,0.05,0.03,88,52,7,"GTFT: 0.33|Defector|Meta Winner: 6 players|Anti Tit For Tat|Alternator|Cycler DC|ZD-Extort-2: 0.1111111111111111, 0.5"
138,5.01,4.27,5.55,4.45,0.04,0.09,60,151,6,"GTFT: 0.33|Win-Stay Lose-Shift|Meta Winner: 5 players|Cycler DC|Defector|DoubleCrosser: (D, D)"
139,4.73,3.51,5.94,4.46,0.02,0.06,32,97,12,"Win-Stay Lose-Shift|Cycler DC|Defector|Alternator|Tit For 2 Tats|Anti Tit For Tat|Evolved FSM 16|Meta Winner: 11 players|Random: 0.5|ZD-GTFT-2: 0.25, 0.5|Soft Joss: 0.9|Cooperator"
140,2.75,0.99,4.16,1.56,0.1,0.08,95,164,13,Soft Joss: 0.9|Alternator|Win-Shift Lose-Stay: D|Suspicious Tit For Tat|Tit For Tat|Bully|Grudger|Cycler DC|Tit For 2 Tats|Anti Tit For Tat|Random: 0.5|Meta Mixer: 12 players|GTFT: 0.33
141,3.13,0.22,4.99,2.16,0.05,0.09,93,195,10,"Defector|Soft Joss: 0.9|Bully|Anti Tit For Tat|Win-Stay Lose-Shift|Alternator|GTFT: 0.33|Cycler DC|Evolved HMM 5|DoubleCrosser: (D, D)"
142,5.79,2.58,5.88,2.62,0.09,0.07,65,168,8,"Evolved FSM 16|DoubleCrosser: (D, D)|Defector|Anti Tit For Tat|Cooperator|GTFT: 0.33|Suspicious Tit For Tat|ZD-GTFT-2: 0.25, 0.5"
143,3.56,1.82,4.82,3.37,0.07,0.03,22,13,15,"Evolved HMM 5|ZD-GTFT-2: 0.25, 0.5|Random: 0.5|Cycler DC|Anti Tit For Tat|Grudger|Alternator|Suspicious Tit For Tat|Meta Mixer: 13 players|Meta Winner: 13 players|GTFT: 0.33|ZD-Extort-2: 0.1111111111111111, 0.5|Win-Stay Lose-Shift|Tit For Tat|Cooperator"
144,3.05,0.06,4.74,1.38,0.04,0.03,44,145,4,Cycler DC|Meta Winner: 3 players|Cooperator|Bully
145,4.7,1.91,5.34,2.53,0.02,0.01,59,134,16,"ZD-GTFT-2: 0.25, 0.5|Random: 0.5|Evolved HMM 5|Tit For Tat|Meta Mixer: 14 players|Win-Stay Lose-Shift|Bully|Suspicious Tit For Tat|DoubleCrosser: (D, D)|Grudger|Alternator|Win-Shift Lose-Stay: D|ZD-Extort-2: 0.1111111111111111, 0.5|GTFT: 0.33|Meta Winner: 14 players|Tit For 2 Tats"
146,2.47,0.08,4.42,1.06,0.07,0.02,90,38,22,"Win-Shift Lose-Stay: D|GTFT: 0.33|Bully|Evolved FSM 16|Tit For 2 Tats|ZD-GTFT-2: 0.25, 0.5|Meta Mixer: 20 players|DoubleCrosser: (D, D)|Cycler DC|Meta Winner: 20 players|Tit For Tat|Alternator|Win-Stay Lose-Shift|ZD-Extort-2: 0.1111111111111111, 0.5|Suspicious Tit For Tat|Random: 0.5|Cooperator|Anti Tit For Tat|Soft Joss: 0.9|Evolved HMM 5|Grudger|Defector"
147,3.11,0.88,4.69,1.81,0.06,0.0,45,104,7,Evolved FSM 16|Meta Winner: 5 players|Tit For 2 Tats|Anti Tit For Tat|Meta Mixer: 5 players|GTFT: 0.33|Tit For Tat
148,3.0,0.57,4.1,1.54,0.03,0.08,49,72,18,"Meta Winner: 16 players|Cooperator|Tit For Tat|Cycler DC|Win-Stay Lose-Shift|Soft Joss: 0.9|GTFT: 0.33|Evolved HMM 5|Grudger|Suspicious Tit For Tat|ZD-GTFT-2: 0.25, 0.5|Random: 0.5|Anti Tit For Tat|Meta Mixer: 16 players|Evolved FSM 16|DoubleCrosser: (D, D)|Win-Shift Lose-Stay: D|Defector"
149,5.05,2.23,5.52,4.33,0.02,0.03,74,104,7,"ZD-Extort-2: 0.1111111111111111, 0.5|Evolved HMM 5|Alternator|Defector|Suspicious Tit For Tat|ZD-GTFT-2: 0.25, 0.5|Anti Tit For Tat"
150,4.1,1.63,4.55,2.57,0.01,0.0,57,126,22,"Soft Joss: 0.9|Defector|Random: 0.5|Evolved HMM 5|ZD-GTFT-2: 0.25, 0.5|Grudger|ZD-Extort-2: 0.1111111111111111, 0.5|Bully|DoubleCrosser: (D, D)|Cycler DC|Evolved FSM 16|Anti Tit For Tat|Tit For 2 Tats|Alternator|Suspicious Tit For Tat|Win-Shift Lose-Stay: D|GTFT: 0.33|Win-Stay Lose-Shift|Meta Mixer: 20 players|Tit For Tat|Meta Winner: 20 players|Cooperator"
151,3.04,0.81,4.54,1.04,0.08,0.0,26,166,8,"Evolved FSM 16|Alternator|Tit For Tat|Win-Shift Lose-Stay: D|Win-Stay Lose-Shift|Evolved HMM 5|DoubleCrosser: (D, D)|Soft Joss: 0.9"
152,2.96,0.7,4.75,1.49,0.07,0.08,60,150,6,"Alternator|ZD-Extort-2: 0.1111111111111111, 0.5|Grudger|ZD-GTFT-2: 0.25, 0.5|Win-Stay Lose-Shift|Evolved HMM 5"
153,3.62,0.52,5.37,1.88,0.03,0.03,93,183,12,"Suspicious Tit For Tat|Cycler DC|ZD-Extort-2: 0.1111111111111111, 0.5|Tit For Tat|Anti Tit For Tat|Tit For 2 Tats|GTFT: 0.33|Random: 0.5|Bully|Grudger|Alternator|Soft Joss: 0.9"
154,3.92,1.91,4.69,3.0,0.05,0.09,55,130,12,"Defector|ZD-GTFT-2: 0.25, 0.5|Meta Winner: 11 players|Win-Stay Lose-Shift|Cooperator|Random: 0.5|Cycler DC|Grudger|ZD-Extort-2: 0.1111111111111111, 0.5|Soft Joss: 0.9|Win-Shift Lose-Stay: D|Bully"
155,4.14,2.06,4.45,2.32,0.04,0.06,69,31,18,"Anti Tit For Tat|Meta Mixer: 16 players|Evolved HMM 5|Evolved FSM 16|Bully|Random: 0.5|Suspicious Tit For Tat|Win-Shift Lose-Stay: D|Meta Winner: 16 players|GTFT: 0.33|ZD-Extort-2: 0.1111111111111111, 0.5|Soft Joss: 0.9|Cycler DC|Grudger|Alternator|Tit For 2 Tats|DoubleCrosser: (D, D)|Defector"
156,2.72,0.85,4.16,2.7,0.01,0.05,36,195,8,"Evolved HMM 5|Defector|Random: 0.5|Bully|Cycler DC|DoubleCrosser: (D, D)|ZD-Extort-2: 0.1111111111111111, 0.5|Suspicious Tit For Tat"
157,3.37,0.54,4.86,1.01,0.07,0.1,51,194,19,"Suspicious Tit For Tat|Alternator|Meta Mixer: 17 players|Tit For Tat|Evolved HMM 5|Grudger|Win-Stay Lose-Shift|Bully|Anti Tit For Tat|Meta Winner: 17 players|Win-Shift Lose-Stay: D|Random: 0.5|Cycler DC|Soft Joss: 0.9|DoubleCrosser: (D, D)|Tit For 2 Tats|Evolved FSM 16|ZD-Extort-2: 0.1111111111111111, 0.5|GTFT: 0.33"
158,3.51,1.01,4.91,2.32,0.07,0.01,72,92,9,Defector|Tit For 2 Tats|Alternator|Tit For Tat|Evolved HMM 5|Cycler DC|Suspicious Tit For Tat|Grudger|Evolved FSM 16
159,3.81,0.92,4.07,1.72,0.0,0.1,94,28,3,"Anti Tit For Tat|Cooperator|DoubleCrosser: (D, D)"
160,3.65,0.43,4.41,1.02,0.01,0.05,89,156,7,"DoubleCrosser: (D, D)|Cooperator|ZD-Extort-2: 0.1111111111111111, 0.5|Meta Mixer: 6 players|Win-Stay Lose-Shift|Evolved HMM 5|Evolved FSM 16"
161,4.82,1.74,5.1,3.63,0.02,0.0,21,29,21,"Meta Winner: 19 players|Random: 0.5|Cycler DC|Bully|ZD-Extort-2: 0.1111111111111111, 0.5|Evolved HMM 5|Cooperator|Soft Joss: 0.9|Evolved FSM 16|GTFT: 0.33|Meta Mixer: 19 players|Tit For Tat|DoubleCrosser: (D, D)|Win-Stay Lose-Shift|Tit For 2 Tats|Alternator|Suspicious Tit For Tat|Anti Tit For Tat|Defector|Win-Shift Lose-Stay: D|ZD-GTFT-2: 0.25, 0.5"
162,2.84,1.13,4.34,1.81,0.09,0.01,53,47,6,Tit For 2 Tats|Meta Winner: 4 players|Soft Joss: 0.9|Win-Shift Lose-Stay: D|Meta Mixer: 4 players|Random: 0.5
163,3.67,2.13,4.83,3.14,0.02,0.04,55,157,3,Meta Winner: 2 players|Cycler DC|Random: 0.5
164,3.45,0.56,4.19,1.61,0.07,0.04,81,157,4,"Alternator|Meta Mixer: 3 players|Defector|ZD-Extort-2: 0.1111111111111111, 0.5"
165,2.72,0.13,4.98,2.67,0.02,0.06,61,61,5,Soft Joss: 0.9|Evolved HMM 5|Bully|Random: 0.5|GTFT: 0.33
166,3.11,0.24,4.24,2.38,0.04,0.06,10,24,22,"Evolved FSM 16|Meta Mixer: 20 players|Win-Stay Lose-Shift|ZD-Extort-2: 0.1111111111111111, 0.5|ZD-GTFT-2: 0.25, 0.5|Suspicious Tit For Tat|Soft Joss: 0.9|Defector|Random: 0.5|Alternator|Cooperator|Tit For Tat|DoubleCrosser: (D, D)|Win-Shift Lose-Stay: D|GTFT: 0.33|Meta Winner: 20 players|Evolved HMM 5|Bully|Grudger|Tit For 2 Tats|Cycler DC|Anti Tit For Tat"
167,3.16,1.1,5.1,1.23,0.05,0.08,62,28,11,"Evolved FSM 16|Suspicious Tit For Tat|Meta Mixer: 9 players|Cooperator|Tit For 2 Tats|Meta Winner: 9 players|Soft Joss: 0.9|DoubleCrosser: (D, D)|ZD-GTFT-2: 0.25, 0.5|Evolved HMM 5|Grudger"
168,4.03,0.72,4.68,1.14,0.07,0.01,67,118,21,"ZD-Extort-2: 0.1111111111111111, 0.5|Cycler DC|Random: 0.5|Alternator|Meta Winner: 19 players|Anti Tit For Tat|DoubleCrosser: (D, D)|Evolved FSM 16|Win-Stay Lose-Shift|Tit For Tat|Win-Shift Lose-Stay: D|Bully|Soft Joss: 0.9|GTFT: 0.33|Grudger|Evolved HMM 5|Cooperator|Meta Mixer: 19 players|Tit For 2 Tats|Defector|ZD-GTFT-2: 0.25, 0.5"
169,3.73,0.72,4.84,2.89,0.04,0.03,47,116,7,"Cycler DC|DoubleCrosser: (D, D)|Evolved FSM 16|ZD-Extort-2: 0.1111111111111111, 0.5|Win-Stay Lose-Shift|GTFT: 0.33|Suspicious Tit For Tat"
170,3.5,0.6,4.4,1.73,0.07,0.1,93,46,19,"ZD-GTFT-2: 0.25, 0.5|Meta Mixer: 17 players|GTFT: 0.33|Cooperator|Grudger|Random: 0.5|DoubleCrosser: (D, D)|Evolved FSM 16|Meta Winner: 17 players|Win-Shift Lose-Stay: D|Cycler DC|Suspicious Tit For Tat|Alternator|Tit For 2 Tats|Anti Tit For Tat|Win-Stay Lose-Shift|Evolved HMM 5|Tit For Tat|Soft Joss: 0.9"
171,3.95,0.9,4.59,1.1,0.01,0.09,81,58,20,"Tit For 2 Tats|Tit For Tat|ZD-Extort-2: 0.1111111111111111, 0.5|Win-Stay Lose-Shift|Anti Tit For Tat|Meta Winner: 18 players|Evolved FSM 16|Suspicious Tit For Tat|Random: 0.5|GTFT: 0.33|Defector|Win-Shift Lose-Stay: D|Alternator|Evolved HMM 5|Cycler DC|ZD-GTFT-2: 0.25, 0.5|Meta Mixer: 18 players|Cooperator|Soft Joss: 0.9|Bully"
172,4.21,1.87,5.41,3.42,0.06,0.08,34,76,17,"Defector|Bully|Meta Winner: 15 players|Evolved FSM 16|ZD-Extort-2: 0.1111111111111111, 0.5|Cooperator|Tit For 2 Tats|Alternator|Suspicious Tit For Tat|Cycler DC|Win-Shift Lose-Stay: D|Random: 0.5|Meta Mixer: 15 players|Win-Stay Lose-Shift|GTFT: 0.33|Soft Joss: 0.9|Grudger"
173,4.75,1.07,4.93,1.15,0.06,0.08,90,158,12,"Random: 0.5|Evolved HMM 5|ZD-GTFT-2: 0.25, 0.5|Grudger|Bully|GTFT: 0.33|Tit For Tat|Evolved FSM 16|Win-Shift Lose-Stay: D|Anti Tit For Tat|DoubleCrosser: (D, D)|Soft Joss: 0.9"
174,3.52,0.27,4.83,1.23,0.02,0.03,56,76,9,"Evolved FSM 16|ZD-Extort-2: 0.1111111111111111, 0.5|Random: 0.5|ZD-GTFT-2: 0.25, 0.5|Alternator|Cooperator|Grudger|Tit For Tat|Meta Mixer: 8 players"
175,3.5,1.56,4.77,1.71,0.08,0.04,75,115,18,"Anti Tit For Tat|Win-Stay Lose-Shift|Suspicious Tit For Tat|GTFT: 0.33|ZD-Extort-2: 0.1111111111111111, 0.5|Bully|Cooperator|ZD-GTFT-2: 0.25, 0.5|Tit For 2 Tats|Win-Shift Lose-Stay: D|DoubleCrosser: (D, D)|Alternator|Meta Winner: 17 players|Random: 0.5|Grudger|Evolved FSM 16|Defector|Tit For Tat"
176,2.38,0.1,4.15,1.35,0.08,0.09,62,100,17,"Meta Mixer: 15 players|Tit For 2 Tats|DoubleCrosser: (D, D)|GTFT: 0.33|Alternator|Meta Winner: 15 players|Cooperator|Win-Shift Lose-Stay: D|ZD-GTFT-2: 0.25, 0.5|Evolved HMM 5|Grudger|Win-Stay Lose-Shift|Anti Tit For Tat|Evolved FSM 16|ZD-Extort-2: 0.1111111111111111, 0.5|Bully|Cycler DC"
177,3.74,0.16,4.21,1.83,0.08,0.04,60,170,3,"Random: 0.5|Defector|ZD-GTFT-2: 0.25, 0.5"
178,3.82,2.76,4.44,3.25,0.03,0.06,48,174,14,"Alternator|ZD-GTFT-2: 0.25, 0.5|Meta Mixer: 12 players|Cycler DC|Cooperator|Anti Tit For Tat|Meta Winner: 12 players|Win-Stay Lose-Shift|Soft Joss: 0.9|Suspicious Tit For Tat|Win-Shift Lose-Stay: D|Grudger|ZD-Extort-2: 0.1111111111111111, 0.5|Evolved HMM 5"
179,3.79,0.64,4.42,3.03,0.09,0.09,28,42,8,"Tit For Tat|Evolved FSM 16|Win-Shift Lose-Stay: D|Suspicious Tit For Tat|Cooperator|Defector|Anti Tit For Tat|DoubleCrosser: (D, D)"
180,5.47,2.22,5.5,3.45,0.01,0.07,42,26,9,"Evolved HMM 5|Random: 0.5|GTFT: 0.33|Grudger|Cycler DC|Tit For Tat|Cooperator|ZD-GTFT-2: 0.25, 0.5|Win-Stay Lose-Shift"
181,2.41,0.55,4.14,1.69,0.07,0.07,29,145,21,"Grudger|GTFT: 0.33|DoubleCrosser: (D, D)|Defector|Alternator|Meta Mixer: 19 players|Tit For Tat|Tit For 2 Tats|Cooperator|Meta Winner: 19 players|Soft Joss: 0.9|ZD-Extort-2: 0.1111111111111111, 0.5|Suspicious Tit For Tat|Cycler DC|Evolved HMM 5|Anti Tit For Tat|Random: 0.5|Bully|Evolved FSM 16|Win-Stay Lose-Shift|Win-Shift Lose-Stay: D"
182,2.83,0.35,4.72,2.01,0.06,0.08,27,138,9,"Win-Shift Lose-Stay: D|Meta Mixer: 8 players|Bully|Evolved FSM 16|Alternator|ZD-Extort-2: 0.1111111111111111, 0.5|ZD-GTFT-2: 0.25, 0.5|DoubleCrosser: (D, D)|Win-Stay Lose-Shift"
183,4.25,1.8,4.52,2.75,0.01,0.04,85,188,12,"Cycler DC|Soft Joss: 0.9|ZD-Extort-2: 0.1111111111111111, 0.5|Evolved FSM 16|Bully|Tit For 2 Tats|Grudger|Win-Shift Lose-Stay: D|Alternator|GTFT: 0.33|Cooperator|Win-Stay Lose-Shift"
184,3.77,0.5,5.13,3.42,0.07,0.09,15,57,18,"Tit For Tat|Bully|Win-Shift Lose-Stay: D|Grudger|Meta Winner: 16 players|Anti Tit For Tat|Suspicious Tit For Tat|Evolved FSM 16|Tit For 2 Tats|Defector|Random: 0.5|ZD-GTFT-2: 0.25, 0.5|GTFT: 0.33|Alternator|Soft Joss: 0.9|DoubleCrosser: (D, D)|Meta Mixer: 16 players|Win-Stay Lose-Shift"
185,3.38,0.92,4.53,1.41,0.04,0.07,19,133,11,"Tit For 2 Tats|Tit For Tat|ZD-Extort-2: 0.1111111111111111, 0.5|Meta Winner: 9 players|Grudger|ZD-GTFT-2: 0.25, 0.5|Random: 0.5|Evolved HMM 5|Meta Mixer: 9 players|Win-Stay Lose-Shift|Alternator"
186,3.56,1.22,4.36,1.68,0.03,0.05,85,18,10,"Tit For 2 Tats|Meta Winner: 9 players|Cycler DC|Cooperator|Alternator|Suspicious Tit For Tat|DoubleCrosser: (D, D)|Random: 0.5|Bully|Win-Stay Lose-Shift"
187,3.04,0.09,4.19,2.25,0.08,0.05,25,24,18,"Meta Winner: 17 players|Cycler DC|Evolved FSM 16|ZD-GTFT-2: 0.25, 0.5|Alternator|DoubleCrosser: (D, D)|ZD-Extort-2: 0.1111111111111111, 0.5|Defector|Random: 0.5|Evolved HMM 5|Grudger|Win-Shift Lose-Stay: D|Suspicious Tit For Tat|Cooperator|Tit For Tat|Win-Stay Lose-Shift|GTFT: 0.33|Bully"
188,4.36,2.48,5.18,3.56,0.01,0.01,71,197,10,"Bully|Win-Stay Lose-Shift|Evolved FSM 16|ZD-GTFT-2: 0.25, 0.5|DoubleCrosser: (D, D)|Win-Shift Lose-Stay: D|Suspicious Tit For Tat|Alternator|Grudger|Evolved HMM 5"
189,3.51,1.4,4.31,1.64,0.04,0.04,45,175,15,"Suspicious Tit For Tat|DoubleCrosser: (D, D)|ZD-GTFT-2: 0.25, 0.5|Evolved FSM 16|Random: 0.5|Defector|Grudger|Win-Shift Lose-Stay: D|Soft Joss: 0.9|Tit For Tat|Cycler DC|Evolved HMM 5|Win-Stay Lose-Shift|ZD-Extort-2: 0.1111111111111111, 0.5|Meta Winner: 14 players"
190,4.97,2.71,5.47,3.62,0.04,0.07,30,26,9,"ZD-Extort-2: 0.1111111111111111, 0.5|Tit For 2 Tats|GTFT: 0.33|ZD-GTFT-2: 0.25, 0.5|Anti Tit For Tat|Defector|Meta Mixer: 8 players|Evolved FSM 16|Alternator"
191,4.97,1.72,5.61,2.87,0.01,0.03,57,21,22,"Anti Tit For Tat|Tit For 2 Tats|Meta Mixer: 20 players|ZD-Extort-2: 0.1111111111111111, 0.5|Win-Stay Lose-Shift|Meta Winner: 20 players|Defector|GTFT: 0.33|Tit For Tat|DoubleCrosser: (D, D)|Alternator|Cooperator|Win-Shift Lose-Stay: D|Cycler DC|Soft Joss: 0.9|Grudger|ZD-GTFT-2: 0.25, 0.5|Random: 0.5|Evolved HMM 5|Bully|Suspicious Tit For Tat|Evolved FSM 16"
192,3.78,0.32,4.72,3.71,0.03,0.04,95,102,15,"Evolved HMM 5|Suspicious Tit For Tat|ZD-Extort-2: 0.1111111111111111, 0.5|Alternator|Bully|ZD-GTFT-2: 0.25, 0.5|Win-Stay Lose-Shift|Grudger|DoubleCrosser: (D, D)|Win-Shift Lose-Stay: D|Random: 0.5|Defector|GTFT: 0.33|Cycler DC|Cooperator"
193,3.03,0.09,4.52,1.22,0.03,0.09,75,66,20,"Evolved HMM 5|Win-Shift Lose-Stay: D|Soft Joss: 0.9|Tit For 2 Tats|Random: 0.5|Tit For Tat|GTFT: 0.33|Meta Winner: 18 players|ZD-Extort-2: 0.1111111111111111, 0.5|ZD-GTFT-2: 0.25, 0.5|DoubleCrosser: (D, D)|Win-Stay Lose-Shift|Alternator|Grudger|Anti Tit For Tat|Bully|Evolved FSM 16|Cooperator|Meta Mixer: 18 players|Suspicious Tit For Tat"
194,4.1,1.14,4.8,2.06,0.02,0.03,37,147,11,"Defector|Suspicious Tit For Tat|Random: 0.5|Meta Mixer: 10 players|Tit For Tat|ZD-GTFT-2: 0.25, 0.5|Win-Shift Lose-Stay: D|Cooperator|Soft Joss: 0.9|DoubleCrosser: (D, D)|Tit For 2 Tats"
195,5.55,1.8,5.71,4.86,0.03,0.09,83,71,18,"Defector|ZD-Extort-2: 0.1111111111111111, 0.5|Win-Shift Lose-Stay: D|Tit For 2 Tats|Tit For Tat|Cycler DC|Anti Tit For Tat|Evolved FSM 16|Evolved HMM 5|Suspicious Tit For Tat|ZD-GTFT-2: 0.25, 0.5|Soft Joss: 0.9|Alternator|GTFT: 0.33|Meta Winner: 17 players|Cooperator|Grudger|Random: 0.5"
196,3.36,0.19,4.02,1.9,0.04,0.09,33,141,11,"Tit For Tat|Win-Shift Lose-Stay: D|Random: 0.5|GTFT: 0.33|Grudger|Defector|Evolved FSM 16|Suspicious Tit For Tat|Cooperator|Soft Joss: 0.9|ZD-GTFT-2: 0.25, 0.5"
197,3.28,0.86,5.5,1.91,0.06,0.1,97,59,6,"Win-Shift Lose-Stay: D|Tit For Tat|ZD-GTFT-2: 0.25, 0.5|DoubleCrosser: (D, D)|Tit For 2 Tats|Suspicious Tit For Tat"
198,4.2,1.19,4.29,1.48,0.02,0.05,90,133,20,"GTFT: 0.33|Random: 0.5|Win-Stay Lose-Shift|Win-Shift Lose-Stay: D|ZD-GTFT-2: 0.25, 0.5|Anti Tit For Tat|Tit For 2 Tats|ZD-Extort-2: 0.1111111111111111, 0.5|Grudger|Bully|Alternator|Cooperator|Cycler DC|Tit For Tat|Soft Joss: 0.9|Meta Winner: 18 players|Defector|Meta Mixer: 18 players|Evolved FSM 16|Evolved HMM 5"
199,3.52,1.05,4.72,3.04,0.04,0.04,96,156,9,"Evolved HMM 5|Meta Winner: 8 players|ZD-GTFT-2: 0.25, 0.5|Defector|Win-Stay Lose-Shift|Grudger|GTFT: 0.33|Random: 0.5|Win-Shift Lose-Stay: D"
200,4.19,1.46,4.97,3.84,0.03,0.06,28,43,13,"DoubleCrosser: (D, D)|Meta Mixer: 11 players|Evolved FSM 16|Evolved HMM 5|Tit For 2 Tats|Bully|ZD-Extort-2: 0.1111111111111111, 0.5|Random: 0.5|Defector|Cooperator|Meta Winner: 11 players|Grudger|Cycler DC"
201,4.07,1.96,5.42,2.21,0.08,0.09,85,134,17,"DoubleCrosser: (D, D)|Defector|Meta Mixer: 15 players|Alternator|Cycler DC|Tit For Tat|Win-Shift Lose-Stay: D|Grudger|Soft Joss: 0.9|Meta Winner: 15 players|Anti Tit For Tat|Cooperator|Bully|Suspicious Tit For Tat|Tit For 2 Tats|Evolved HMM 5|Random: 0.5"
202,3.83,0.89,5.87,1.15,0.05,0.1,23,68,22,"Cycler DC|Bully|Tit For 2 Tats|Win-Stay Lose-Shift|Tit For Tat|ZD-GTFT-2: 0.25, 0.5|Evolved HMM 5|ZD-Extort-2: 0.1111111111111111, 0.5|GTFT: 0.33|Meta Mixer: 20 players|Evolved FSM 16|Win-Shift Lose-Stay: D|Grudger|Alternator|DoubleCrosser: (D, D)|Defector|Random: 0.5|Suspicious Tit For Tat|Cooperator|Anti Tit For Tat|Meta Winner: 20 players|Soft Joss: 0.9"
203,4.15,1.6,4.27,2.7,0.05,0.07,82,112,19,"Meta Mixer: 17 players|Meta Winner: 17 players|ZD-GTFT-2: 0.25, 0.5|Win-Stay Lose-Shift|Grudger|Random: 0.5|Tit For Tat|Tit For 2 Tats|Anti Tit For Tat|ZD-Extort-2: 0.1111111111111111, 0.5|Cycler DC|Defector|Suspicious Tit For Tat|Evolved FSM 16|Bully|Soft Joss: 0.9|Alternator|GTFT: 0.33|DoubleCrosser: (D, D)"
204,3.26,0.94,4.69,1.02,0.09,0.05,11,197,16,"Win-Stay Lose-Shift|Evolved FSM 16|Tit For Tat|Alternator|ZD-GTFT-2: 0.25, 0.5|Grudger|Suspicious Tit For Tat|Random: 0.5|Win-Shift Lose-Stay: D|Soft Joss: 0.9|Tit For 2 Tats|Cooperator|Bully|ZD-Extort-2: 0.1111111111111111, 0.5|DoubleCrosser: (D, D)|Anti Tit For Tat"
205,3.07,1.15,4.53,1.5,0.09,0.08,97,70,12,"Meta Mixer: 11 players|ZD-GTFT-2: 0.25, 0.5|Win-Shift Lose-Stay: D|DoubleCrosser: (D, D)|Suspicious Tit For Tat|Bully|Defector|ZD-Extort-2: 0.1111111111111111, 0.5|Cycler DC|Anti Tit For Tat|GTFT: 0.33|Tit For Tat"
206,2.88,0.41,5.24,2.17,0.0,0.0,78,6,8,Cooperator|Win-Stay Lose-Shift|Win-Shift Lose-Stay: D|Cycler DC|Soft Joss: 0.9|Alternator|Tit For Tat|Anti Tit For Tat
207,3.14,0.54,4.3,1.73,0.08,0.1,69,179,4,GTFT: 0.33|Bully|Cycler DC|Anti Tit For Tat
208,2.99,0.38,4.53,2.08,0.09,0.03,58,4,6,Tit For Tat|Tit For 2 Tats|Soft Joss: 0.9|Meta Winner: 5 players|Anti Tit For Tat|Suspicious Tit For Tat
209,4.25,2.64,4.92,2.69,0.05,0.07,49,83,8,"Meta Mixer: 7 players|Anti Tit For Tat|ZD-GTFT-2: 0.25, 0.5|ZD-Extort-2: 0.1111111111111111, 0.5|Cooperator|Win-Shift Lose-Stay: D|Random: 0.5|GTFT: 0.33"
210,2.94,0.73,4.6,1.1,0.1,0.02,65,84,3,Defector|Win-Shift Lose-Stay: D|Evolved HMM 5
211,3.77,0.04,4.24,1.02,0.08,0.05,86,40,14,"Bully|Tit For Tat|Defector|Random: 0.5|Meta Winner: 13 players|GTFT: 0.33|Anti Tit For Tat|Alternator|Evolved FSM 16|ZD-Extort-2: 0.1111111111111111, 0.5|ZD-GTFT-2: 0.25, 0.5|Win-Shift Lose-Stay: D|Evolved HMM 5|Grudger"
212,3.91,1.26,5.41,2.58,0.06,0.05,51,188,17,"Win-Shift Lose-Stay: D|Evolved FSM 16|ZD-GTFT-2: 0.25, 0.5|Defector|Bully|ZD-Extort-2: 0.1111111111111111, 0.5|Cycler DC|Tit For Tat|Random: 0.5|DoubleCrosser: (D, D)|Meta Winner: 16 players|Evolved HMM 5|Soft Joss: 0.9|Alternator|Suspicious Tit For Tat|GTFT: 0.33|Anti Tit For Tat"
213,4.34,1.38,5.77,2.22,0.03,0.01,78,100,9,"ZD-Extort-2: 0.1111111111111111, 0.5|Random: 0.5|ZD-GTFT-2: 0.25, 0.5|Cycler DC|Win-Stay Lose-Shift|GTFT: 0.33|DoubleCrosser: (D, D)|Meta Winner: 8 players|Defector"
214,3.16,0.95,4.22,1.14,0.01,0.09,35,28,18,"Suspicious Tit For Tat|Cooperator|Anti Tit For Tat|Evolved HMM 5|Tit For 2 Tats|Random: 0.5|Win-Shift Lose-Stay: D|Alternator|Defector|Meta Mixer: 16 players|Win-Stay Lose-Shift|Evolved FSM 16|Soft Joss: 0.9|ZD-GTFT-2: 0.25, 0.5|Tit For Tat|Meta Winner: 16 players|Grudger|ZD-Extort-2: 0.1111111111111111, 0.5"
215,3.41,0.85,4.21,1.86,0.07,0.09,31,47,20,"Tit For 2 Tats|ZD-Extort-2: 0.1111111111111111, 0.5|GTFT: 0.33|Defector|ZD-GTFT-2: 0.25, 0.5|Soft Joss: 0.9|Grudger|Meta Mixer: 18 players|Evolved HMM 5|Win-Shift Lose-Stay: D|DoubleCrosser: (D, D)|Random: 0.5|Suspicious Tit For Tat|Win-Stay Lose-Shift|Evolved FSM 16|Cycler DC|Anti Tit For Tat|Meta Winner: 18 players|Tit For Tat|Cooperator"
216,5.27,2.0,5.53,2.08,0.04,0.04,14,73,22,"Alternator|ZD-Extort-2: 0.1111111111111111, 0.5|Cycler DC|Win-Stay Lose-Shift|Meta Winner: 20 players|Evolved HMM 5|Tit For Tat|Cooperator|DoubleCrosser: (D, D)|Defector|ZD-GTFT-2: 0.25, 0.5|Evolved FSM 16|Win-Shift Lose-Stay: D|Meta Mixer: 20 players|Bully|Grudger|Suspicious Tit For Tat|Soft Joss: 0.9|Random: 0.5|Tit For 2 Tats|GTFT: 0.33|Anti Tit For Tat"
217,3.59,1.3,4.73,1.6,0.01,0.04,37,188,5,GTFT: 0.33|Random: 0.5|Defector|Evolved HMM 5|Cooperator
218,3.6,0.03,4.45,2.57,0.08,0.04,49,135,4,"GTFT: 0.33|ZD-GTFT-2: 0.25, 0.5|Evolved HMM 5|Cycler DC"
219,3.85,0.97,4.65,1.44,0.1,0.1,86,148,19,"Bully|Tit For Tat|DoubleCrosser: (D, D)|Win-Stay Lose-Shift|Tit For 2 Tats|Cycler DC|ZD-Extort-2: 0.1111111111111111, 0.5|Defector|Anti Tit For Tat|Meta Mixer: 18 players|Evolved HMM 5|Alternator|Win-Shift Lose-Stay: D|Suspicious Tit For Tat|Random: 0.5|GTFT: 0.33|Cooperator|ZD-GTFT-2: 0.25, 0.5|Soft Joss: 0.9"
220,3.94,0.97,4.98,1.58,0.07,0.02,19,69,16,"GTFT: 0.33|Evolved HMM 5|Bully|Cooperator|DoubleCrosser: (D, D)|ZD-GTFT-2: 0.25, 0.5|Grudger|Defector|Meta Mixer: 15 players|Soft Joss: 0.9|Tit For 2 Tats|Win-Stay Lose-Shift|Alternator|Cycler DC|Evolved FSM 16|Tit For Tat"
221,3.71,0.58,4.09,1.54,0.08,0.09,24,190,4,Tit For Tat|Evolved FSM 16|Cycler DC|Win-Stay Lose-Shift
222,3.41,0.57,4.03,1.27,0.0,0.02,78,55,9,"ZD-GTFT-2: 0.25, 0.5|ZD-Extort-2: 0.1111111111111111, 0.5|Win-Shift Lose-Stay: D|Meta Winner: 8 players|Random: 0.5|Cycler DC|Alternator|Suspicious Tit For Tat|Win-Stay Lose-Shift"
223,3.67,0.8,4.4,1.72,0.09,0.01,94,70,14,"Cooperator|Alternator|Win-Stay Lose-Shift|Tit For 2 Tats|Tit For Tat|Evolved HMM 5|Meta Winner: 13 players|Soft Joss: 0.9|Defector|ZD-GTFT-2: 0.25, 0.5|Evolved FSM 16|Win-Shift Lose-Stay: D|Anti Tit For Tat|Bully"
224,4.32,2.04,4.4,2.86,0.0,0.09,49,86,18,"Tit For 2 Tats|Defector|Alternator|Grudger|Evolved HMM 5|ZD-GTFT-2: 0.25, 0.5|Win-Stay Lose-Shift|Cooperator|Win-Shift Lose-Stay: D|Cycler DC|Evolved FSM 16|GTFT: 0.33|Meta Winner: 17 players|Suspicious Tit For Tat|ZD-Extort-2: 0.1111111111111111, 0.5|Random: 0.5|Bully|Anti Tit For Tat"
225,4.06,0.26,4.3,3.01,0.04,0.1,88,161,10,"DoubleCrosser: (D, D)|Tit For Tat|Evolved HMM 5|Cycler DC|Meta Winner: 8 players|Win-Stay Lose-Shift|GTFT: 0.33|Meta Mixer: 8 players|Win-Shift Lose-Stay: D|Bully"
226,4.26,0.61,4.27,4.18,0.09,0.09,50,18,20,"ZD-GTFT-2: 0.25, 0.5|Cooperator|Defector|GTFT: 0.33|Cycler DC|Alternator|Evolved HMM 5|Soft Joss: 0.9|Suspicious Tit For Tat|DoubleCrosser: (D, D)|Meta Winner: 18 players|Tit For Tat|Grudger|Bully|Meta Mixer: 18 players|ZD-Extort-2: 0.1111111111111111, 0.5|Anti Tit For Tat|Evolved FSM 16|Tit For 2 Tats|Win-Shift Lose-Stay: D"
227,3.96,1.68,5.23,2.81,0.02,0.0,20,177,18,"Cycler DC|ZD-Extort-2: 0.1111111111111111, 0.5|Evolved FSM 16|Random: 0.5|Grudger|Defector|Tit For 2 Tats|Tit For Tat|Soft Joss: 0.9|Bully|Evolved HMM 5|Cooperator|GTFT: 0.33|Alternator|Suspicious Tit For Tat|DoubleCrosser: (D, D)|Win-Shift Lose-Stay: D|ZD-GTFT-2: 0.25, 0.5"
228,4.22,2.44,4.86,2.96,0.07,0.04,83,153,20,"ZD-Extort-2: 0.1111111111111111, 0.5|Meta Mixer: 18 players|Anti Tit For Tat|Meta Winner: 18 players|Cooperator|Soft Joss: 0.9|Evolved HMM 5|DoubleCrosser: (D, D)|Alternator|ZD-GTFT-2: 0.25, 0.5|Win-Shift Lose-Stay: D|Grudger|Suspicious Tit For Tat|Random: 0.5|Win-Stay Lose-Shift|Cycler DC|Defector|GTFT: 0.33|Evolved FSM 16|Tit For 2 Tats"
229,4.55,1.07,4.88,3.75,0.02,0.03,16,177,19,"Cycler DC|Soft Joss: 0.9|Meta Mixer: 18 players|Bully|ZD-Extort-2: 0.1111111111111111, 0.5|Cooperator|Defector|Tit For 2 Tats|Win-Stay Lose-Shift|Grudger|Win-Shift Lose-Stay: D|Evolved HMM 5|Suspicious Tit For Tat|DoubleCrosser: (D, D)|Random: 0.5|ZD-GTFT-2: 0.25, 0.5|Alternator|Anti Tit For Tat|Evolved FSM 16"
230,4.27,0.75,5.18,1.66,0.03,0.07,30,184,6,"Bully|Cooperator|Soft Joss: 0.9|Grudger|Meta Winner: 5 players|ZD-Extort-2: 0.1111111111111111, 0.5"
231,4.48,2.69,5.41,4.39,0.02,0.06,15,197,8,GTFT: 0.33|Evolved HMM 5|Cycler DC|Defector|Evolved FSM 16|Meta Mixer: 7 players|Anti Tit For Tat|Suspicious Tit For Tat
232,3.91,1.1,4.62,3.8,0.02,0.09,35,1,22,"Win-Shift Lose-Stay: D|Alternator|Soft Joss: 0.9|Random: 0.5|Evolved HMM 5|Meta Mixer: 20 players|ZD-GTFT-2: 0.25, 0.5|Cooperator|Evolved FSM 16|Win-Stay Lose-Shift|GTFT: 0.33|Tit For Tat|Grudger|Suspicious Tit For Tat|Tit For 2 Tats|ZD-Extort-2: 0.1111111111111111, 0.5|Cycler DC|Defector|Meta Winner: 20 players|DoubleCrosser: (D, D)|Anti Tit For Tat|Bully"
233,2.31,0.07,4.1,1.86,0.09,0.07,87,77,13,"Bully|Anti Tit For Tat|Cooperator|DoubleCrosser: (D, D)|Defector|ZD-GTFT-2: 0.25, 0.5|Win-Stay Lose-Shift|Random: 0.5|GTFT: 0.33|Grudger|Tit For 2 Tats|Soft Joss: 0.9|Evolved HMM 5"
234,3.6,1.72,5.05,2.81,0.01,0.07,90,136,5,"Random: 0.5|Evolved FSM 16|Win-Stay Lose-Shift|DoubleCrosser: (D, D)|GTFT: 0.33"
235,3.45,2.35,4.52,2.53,0.06,0.05,90,128,18,"Defector|Evolved FSM 16|Tit For Tat|Win-Stay Lose-Shift|Suspicious Tit For Tat|Alternator|Cooperator|ZD-Extort-2: 0.1111111111111111, 0.5|Meta Mixer: 16 players|GTFT: 0.33|Anti Tit For Tat|Random: 0.5|Evolved HMM 5|ZD-GTFT-2: 0.25, 0.5|Win-Shift Lose-Stay: D|Soft Joss: 0.9|Bully|Meta Winner: 16 players"
236,4.02,0.98,4.56,1.93,0.03,0.0,97,86,13,"Tit For 2 Tats|Evolved HMM 5|Evolved FSM 16|Alternator|Defector|Suspicious Tit For Tat|GTFT: 0.33|DoubleCrosser: (D, D)|ZD-GTFT-2: 0.25, 0.5|Random: 0.5|Tit For Tat|Grudger|Meta Mixer: 12 players"
237,4.91,1.57,5.49,2.17,0.03,0.05,36,148,13,"Grudger|Bully|Cycler DC|Win-Shift Lose-Stay: D|Alternator|GTFT: 0.33|Tit For 2 Tats|ZD-Extort-2: 0.1111111111111111, 0.5|Evolved HMM 5|Meta Mixer: 11 players|Win-Stay Lose-Shift|Meta Winner: 11 players|Suspicious Tit For Tat"
238,3.39,0.9,5.75,2.98,0.05,0.02,57,10,9,"Bully|Soft Joss: 0.9|ZD-Extort-2: 0.1111111111111111, 0.5|Alternator|Random: 0.5|Evolved FSM 16|Cycler DC|Cooperator|Defector"
239,4.82,2.33,5.85,3.0,0.01,0.09,76,174,7,"Suspicious Tit For Tat|Anti Tit For Tat|Soft Joss: 0.9|Tit For 2 Tats|ZD-Extort-2: 0.1111111111111111, 0.5|Cooperator|Alternator"
240,4.37,1.03,4.67,1.35,0.07,0.0,49,164,9,"GTFT: 0.33|Suspicious Tit For Tat|Meta Mixer: 7 players|Win-Stay Lose-Shift|Win-Shift Lose-Stay: D|Meta Winner: 7 players|Soft Joss: 0.9|ZD-Extort-2: 0.1111111111111111, 0.5|Anti Tit For Tat"
241,4.4,2.14,4.54,3.73,0.02,0.03,53,139,17,"Anti Tit For Tat|Cycler DC|Alternator|Random: 0.5|Meta Winner: 16 players|Cooperator|Tit For 2 Tats|Evolved FSM 16|ZD-GTFT-2: 0.25, 0.5|Suspicious Tit For Tat|Evolved HMM 5|Bully|Win-Stay Lose-Shift|Tit For Tat|Defector|GTFT: 0.33|Grudger"
242,4.59,1.82,5.63,3.41,0.1,0.08,69,146,7,Bully|Soft Joss: 0.9|Cooperator|Meta Mixer: 6 players|Win-Stay Lose-Shift|Evolved HMM 5|Random: 0.5
243,3.04,0.33,4.95,1.94,0.08,0.06,26,131,6,"Tit For 2 Tats|Cooperator|GTFT: 0.33|ZD-GTFT-2: 0.25, 0.5|Bully|Win-Stay Lose-Shift"
244,3.23,1.19,5.07,1.92,0.05,0.1,59,17,13,"Suspicious Tit For Tat|Evolved HMM 5|DoubleCrosser: (D, D)|Evolved FSM 16|GTFT: 0.33|Tit For Tat|Defector|ZD-GTFT-2: 0.25, 0.5|Soft Joss: 0.9|Anti Tit For Tat|Grudger|Win-Stay Lose-Shift|ZD-Extort-2: 0.1111111111111111, 0.5"
245,3.33,0.17,4.23,1.76,0.04,0.03,61,18,22,"Cooperator|Evolved FSM 16|Tit For 2 Tats|GTFT: 0.33|Random: 0.5|Anti Tit For Tat|Bully|Meta Winner: 20 players|DoubleCrosser: (D, D)|ZD-GTFT-2: 0.25, 0.5|Win-Stay Lose-Shift|Evolved HMM 5|Alternator|Meta Mixer: 20 players|Win-Shift Lose-Stay: D|Soft Joss: 0.9|Cycler DC|Tit For Tat|Suspicious Tit For Tat|Defector|ZD-Extort-2: 0.1111111111111111, 0.5|Grudger"
246,4.11,1.53,4.41,1.93,0.07,0.09,65,184,14,"Bully|Evolved HMM 5|Alternator|ZD-Extort-2: 0.1111111111111111, 0.5|Tit For 2 Tats|Cycler DC|Win-Stay Lose-Shift|Evolved FSM 16|Defector|Win-Shift Lose-Stay: D|Soft Joss: 0.9|Grudger|ZD-GTFT-2: 0.25, 0.5|DoubleCrosser: (D, D)"
247,2.63,0.45,4.22,1.05,0.06,0.06,58,104,15,"DoubleCrosser: (D, D)|ZD-GTFT-2: 0.25, 0.5|Suspicious Tit For Tat|Defector|Random: 0.5|Cycler DC|Evolved FSM 16|Win-Shift Lose-Stay: D|Meta Mixer: 13 players|Evolved HMM 5|Meta Winner: 13 players|Bully|ZD-Extort-2: 0.1111111111111111, 0.5|GTFT: 0.33|Soft Joss: 0.9"
248,3.31,1.18,4.02,1.33,0.07,0.1,27,22,7,"Meta Mixer: 5 players|DoubleCrosser: (D, D)|Soft Joss: 0.9|Meta Winner: 5 players|Defector|Evolved FSM 16|Evolved HMM 5"
249,3.4,0.34,5.1,1.85,0.06,0.06,40,183,19,"Win-Shift Lose-Stay: D|DoubleCrosser: (D, D)|ZD-GTFT-2: 0.25, 0.5|Evolved HMM 5|Grudger|Anti Tit For Tat|ZD-Extort-2: 0.1111111111111111, 0.5|Win-Stay Lose-Shift|Tit For Tat|Evolved FSM 16|Defector|Random: 0.5|Soft Joss: 0.9|Meta Mixer: 17 players|GTFT: 0.33|Meta Winner: 17 players|Tit For 2 Tats|Cycler DC|Bully"
250,4.09,1.26,4.69,2.45,0.05,0.07,63,91,12,Win-Stay Lose-Shift|Defector|Anti Tit For Tat|Meta Winner: 11 players|Win-Shift Lose-Stay: D|Evolved FSM 16|Random: 0.5|Evolved HMM 5|Bully|Soft Joss: 0.9|Alternator|GTFT: 0.33
251,3.1,0.78,4.17,2.79,0.01,0.03,42,4,6,Evolved FSM 16|Defector|Evolved HMM 5|Cycler DC|Soft Joss: 0.9|Grudger
252,4.14,0.73,4.29,1.48,0.1,0.08,40,170,17,"Meta Mixer: 16 players|Defector|Suspicious Tit For Tat|Evolved HMM 5|Grudger|Anti Tit For Tat|Win-Shift Lose-Stay: D|Tit For 2 Tats|DoubleCrosser: (D, D)|ZD-Extort-2: 0.1111111111111111, 0.5|Alternator|Bully|Tit For Tat|Evolved FSM 16|Win-Stay Lose-Shift|GTFT: 0.33|Cooperator"
253,4.63,1.11,5.49,2.93,0.07,0.05,28,136,16,"Alternator|Win-Stay Lose-Shift|Soft Joss: 0.9|Tit For 2 Tats|GTFT: 0.33|ZD-Extort-2: 0.1111111111111111, 0.5|Anti Tit For Tat|Random: 0.5|Win-Shift Lose-Stay: D|ZD-GTFT-2: 0.25, 0.5|Defector|Suspicious Tit For Tat|Meta Mixer: 15 players|Cycler DC|Grudger|Bully"
254,4.66,2.17,5.55,3.69,0.02,0.03,98,47,13,"ZD-GTFT-2: 0.25, 0.5|Alternator|Meta Mixer: 12 players|Bully|Evolved FSM 16|DoubleCrosser: (D, D)|Cooperator|Win-Shift Lose-Stay: D|Anti Tit For Tat|GTFT: 0.33|Tit For Tat|Defector|Random: 0.5"
255,3.25,0.65,4.11,3.01,0.06,0.01,25,23,22,"Cycler DC|Tit For 2 Tats|Evolved HMM 5|Defector|Cooperator|Evolved FSM 16|Win-Shift Lose-Stay: D|Meta Winner: 20 players|Tit For Tat|GTFT: 0.33|Anti Tit For Tat|Meta Mixer: 20 players|DoubleCrosser: (D, D)|Soft Joss: 0.9|Suspicious Tit For Tat|ZD-Extort-2: 0.1111111111111111, 0.5|Win-Stay Lose-Shift|Bully|Random: 0.5|Alternator|ZD-GTFT-2: 0.25, 0.5|Grudger"
256,3.76,1.03,4.29,1.6,0.09,0.07,23,9,5,Bully|Evolved HMM 5|Win-Shift Lose-Stay: D|Soft Joss: 0.9|Alternator
257,3.62,1.7,5.15,3.46,0.04,0.08,18,139,10,"Alternator|Tit For 2 Tats|Random: 0.5|Cooperator|ZD-GTFT-2: 0.25, 0.5|Grudger|GTFT: 0.33|Evolved FSM 16|Cycler DC|Suspicious Tit For Tat"
258,4.1,1.1,4.11,3.01,0.09,0.03,68,195,12,"Meta Mixer: 10 players|Suspicious Tit For Tat|Defector|ZD-GTFT-2: 0.25, 0.5|Anti Tit For Tat|Tit For 2 Tats|Meta Winner: 10 players|Cycler DC|Grudger|Random: 0.5|Evolved HMM 5|GTFT: 0.33"
259,3.64,1.46,5.38,3.34,0.02,0.0,13,185,21,"Tit For Tat|Random: 0.5|Tit For 2 Tats|Bully|ZD-GTFT-2: 0.25, 0.5|Win-Stay Lose-Shift|Meta Mixer: 19 players|Win-Shift Lose-Stay: D|DoubleCrosser: (D, D)|Evolved FSM 16|Meta Winner: 19 players|Alternator|GTFT: 0.33|Defector|ZD-Extort-2: 0.1111111111111111, 0.5|Evolved HMM 5|Soft Joss: 0.9|Grudger|Cooperator|Cycler DC|Suspicious Tit For Tat"
260,4.41,1.74,5.61,2.56,0.09,0.01,84,60,5,Anti Tit For Tat|Cycler DC|Random: 0.5|Meta Mixer: 4 players|Alternator
261,4.7,0.82,4.94,1.17,0.01,0.02,16,79,6,Soft Joss: 0.9|Evolved FSM 16|Defector|Evolved HMM 5|Bully|Cooperator
262,3.33,0.15,4.23,2.43,0.02,0.03,96,103,13,"Cooperator|Evolved HMM 5|ZD-GTFT-2: 0.25, 0.5|Cycler DC|GTFT: 0.33|Suspicious Tit For Tat|Anti Tit For Tat|Win-Stay Lose-Shift|Bully|Defector|Random: 0.5|Grudger|Meta Mixer: 12 players"
263,2.95,1.31,4.28,2.36,0.04,0.09,15,35,6,Meta Mixer: 5 players|Evolved FSM 16|Tit For 2 Tats|Defector|Alternator|Random: 0.5
264,4.35,2.64,4.38,4.27,0.09,0.1,74,57,17,"Meta Mixer: 15 players|Suspicious Tit For Tat|Win-Shift Lose-Stay: D|Anti Tit For Tat|Meta Winner: 15 players|Cooperator|Cycler DC|GTFT: 0.33|DoubleCrosser: (D, D)|Tit For Tat|Tit For 2 Tats|Bully|Soft Joss: 0.9|Alternator|Evolved FSM 16|Defector|Win-Stay Lose-Shift"
265,3.12,1.38,4.57,1.71,0.08,0.0,16,138,8,"Defector|Alternator|Random: 0.5|ZD-Extort-2: 0.1111111111111111, 0.5|Cooperator|Bully|Tit For Tat|Grudger"
266,3.68,1.58,4.89,2.12,0.09,0.02,24,84,10,"Cooperator|Tit For Tat|DoubleCrosser: (D, D)|Suspicious Tit For Tat|Tit For 2 Tats|Meta Mixer: 9 players|Bully|ZD-Extort-2: 0.1111111111111111, 0.5|Win-Stay Lose-Shift|Soft Joss: 0.9"
267,2.92,0.87,4.11,1.42,0.02,0.04,68,185,9,Meta Mixer: 7 players|Grudger|Win-Shift Lose-Stay: D|Suspicious Tit For Tat|GTFT: 0.33|Cycler DC|Anti Tit For Tat|Meta Winner: 7 players|Win-Stay Lose-Shift
268,4.97,2.8,4.98,3.35,0.03,0.07,41,64,13,"DoubleCrosser: (D, D)|Evolved HMM 5|Tit For Tat|Meta Mixer: 11 players|Cycler DC|Alternator|Meta Winner: 11 players|ZD-Extort-2: 0.1111111111111111, 0.5|Soft Joss: 0.9|Evolved FSM 16|Grudger|Win-Shift Lose-Stay: D|Random: 0.5"
269,3.09,0.88,4.2,1.17,0.07,0.04,37,34,14,"Win-Stay Lose-Shift|Tit For Tat|Bully|Alternator|Random: 0.5|Meta Winner: 12 players|Defector|Grudger|Meta Mixer: 12 players|ZD-Extort-2: 0.1111111111111111, 0.5|Soft Joss: 0.9|Tit For 2 Tats|Evolved HMM 5|DoubleCrosser: (D, D)"
270,3.95,1.87,4.59,3.06,0.06,0.02,97,21,22,"GTFT: 0.33|Anti Tit For Tat|ZD-Extort-2: 0.1111111111111111, 0.5|Grudger|Meta Mixer: 20 players|Cooperator|Tit For 2 Tats|Defector|Tit For Tat|Win-Stay Lose-Shift|Alternator|Soft Joss: 0.9|Meta Winner: 20 players|Bully|ZD-GTFT-2: 0.25, 0.5|Cycler DC|Random: 0.5|DoubleCrosser: (D, D)|Suspicious Tit For Tat|Evolved FSM 16|Evolved HMM 5|Win-Shift Lose-Stay: D"
271,4.43,3.12,5.3,3.58,0.07,0.08,38,83,14,"Win-Shift Lose-Stay: D|ZD-Extort-2: 0.1111111111111111, 0.5|DoubleCrosser: (D, D)|Meta Winner: 13 players|Anti Tit For Tat|Bully|Grudger|Defector|Tit For Tat|Evolved FSM 16|Evolved HMM 5|Random: 0.5|ZD-GTFT-2: 0.25, 0.5|Tit For 2 Tats"
272,4.59,3.55,5.24,4.39,0.09,0.01,68,23,5,Tit For 2 Tats|Defector|Win-Stay Lose-Shift|Bully|Cooperator
273,2.26,0.18,4.33,1.19,0.02,0.1,12,76,16,"Meta Winner: 14 players|ZD-GTFT-2: 0.25, 0.5|Cycler DC|Random: 0.5|Grudger|DoubleCrosser: (D, D)|Soft Joss: 0.9|Meta Mixer: 14 players|GTFT: 0.33|Alternator|Evolved FSM 16|Cooperator|Anti Tit For Tat|Tit For 2 Tats|ZD-Extort-2: 0.1111111111111111, 0.5|Suspicious Tit For Tat"
274,4.5,2.73,4.57,3.94,0.07,0.02,40,30,4,GTFT: 0.33|Evolved HMM 5|Cycler DC|Soft Joss: 0.9
275,2.46,0.06,4.52,1.82,0.03,0.03,57,115,20,"Defector|ZD-GTFT-2: 0.25, 0.5|Win-Stay Lose-Shift|Cooperator|Alternator|Tit For 2 Tats|Random: 0.5|ZD-Extort-2: 0.1111111111111111, 0.5|Bully|Tit For Tat|Meta Winner: 18 players|DoubleCrosser: (D, D)|Meta Mixer: 18 players|Win-Shift Lose-Stay: D|Grudger|Soft Joss: 0.9|Suspicious Tit For Tat|GTFT: 0.33|Evolved HMM 5|Anti Tit For Tat"
276,4.97,3.3,5.94,4.95,0.08,0.07,66,87,6,"Random: 0.5|Anti Tit For Tat|Cycler DC|ZD-GTFT-2: 0.25, 0.5|Cooperator|Win-Stay Lose-Shift"
277,3.27,0.54,4.05,1.5,0.03,0.06,34,150,19,"Tit For Tat|Win-Shift Lose-Stay: D|Suspicious Tit For Tat|Alternator|Bully|Soft Joss: 0.9|ZD-GTFT-2: 0.25, 0.5|Meta Mixer: 17 players|Evolved FSM 16|Cooperator|Meta Winner: 17 players|Defector|Win-Stay Lose-Shift|ZD-Extort-2: 0.1111111111111111, 0.5|Evolved HMM 5|GTFT: 0.33|Random: 0.5|Tit For 2 Tats|Anti Tit For Tat"
278,4.16,1.39,4.43,3.34,0.04,0.02,64,187,16,"Cycler DC|Evolved HMM 5|Evolved FSM 16|Bully|Meta Winner: 15 players|Suspicious Tit For Tat|Win-Stay Lose-Shift|Tit For Tat|DoubleCrosser: (D, D)|Win-Shift Lose-Stay: D|Defector|Anti Tit For Tat|Random: 0.5|ZD-Extort-2: 0.1111111111111111, 0.5|GTFT: 0.33|Alternator"
279,4.58,1.38,4.82,2.48,0.07,0.08,27,52,8,"Tit For 2 Tats|Win-Stay Lose-Shift|ZD-GTFT-2: 0.25, 0.5|Random: 0.5|Anti Tit For Tat|Meta Mixer: 7 players|ZD-Extort-2: 0.1111111111111111, 0.5|Tit For Tat"
280,4.42,1.82,4.53,3.85,0.07,0.09,63,46,18,"Meta Mixer: 16 players|Tit For Tat|Alternator|Cooperator|Win-Shift Lose-Stay: D|Random: 0.5|Bully|Win-Stay Lose-Shift|Grudger|Defector|Soft Joss: 0.9|Meta Winner: 16 players|DoubleCrosser: (D, D)|Suspicious Tit For Tat|Cycler DC|Tit For 2 Tats|ZD-GTFT-2: 0.25, 0.5|Evolved HMM 5"
281,5.23,1.89,5.95,2.58,0.0,0.03,84,15,7,GTFT: 0.33|Soft Joss: 0.9|Cycler DC|Grudger|Defector|Anti Tit For Tat|Win-Shift Lose-Stay: D
282,3.65,0.23,4.58,1.2,0.06,0.08,86,193,8,"ZD-GTFT-2: 0.25, 0.5|GTFT: 0.33|Meta Mixer: 6 players|Win-Stay Lose-Shift|Win-Shift Lose-Stay: D|Grudger|Cooperator|Meta Winner: 6 players"
283,3.33,1.63,4.75,1.79,0.01,0.02,38,49,20,"Evolved FSM 16|ZD-Extort-2: 0.1111111111111111, 0.5|ZD-GTFT-2: 0.25, 0.5|Meta Winner: 18 players|Cooperator|DoubleCrosser: (D, D)|Soft Joss: 0.9|Random: 0.5|Anti Tit For Tat|Meta Mixer: 18 players|Bully|Alternator|Tit For Tat|Defector|Cycler DC|Win-Shift Lose-Stay: D|Grudger|Tit For 2 Tats|Evolved HMM 5|Suspicious Tit For Tat"
284,3.97,2.17,5.32,2.39,0.0,0.03,11,194,6,Cooperator|Evolved FSM 16|Suspicious Tit For Tat|Evolved HMM 5|Meta Mixer: 5 players|Defector
285,3.48,1.6,4.55,1.87,0.08,0.06,74,146,5,"Cooperator|Evolved HMM 5|Alternator|ZD-Extort-2: 0.1111111111111111, 0.5|Suspicious Tit For Tat"
286,3.47,1.53,4.85,2.01,0.03,0.05,76,35,18,"Grudger|Win-Stay Lose-Shift|ZD-GTFT-2: 0.25, 0.5|Anti Tit For Tat|Bully|GTFT: 0.33|Random: 0.5|Evolved HMM 5|Suspicious Tit For Tat|Cycler DC|Tit For Tat|Meta Mixer: 16 players|Tit For 2 Tats|Meta Winner: 16 players|Cooperator|ZD-Extort-2: 0.1111111111111111, 0.5|Win-Shift Lose-Stay: D|Evolved FSM 16"
287,4.25,1.2,5.35,2.29,0.07,0.01,60,103,21,"Cooperator|Defector|Bully|Grudger|Suspicious Tit For Tat|GTFT: 0.33|ZD-GTFT-2: 0.25, 0.5|Win-Stay Lose-Shift|DoubleCrosser: (D, D)|Random: 0.5|Anti Tit For Tat|Meta Winner: 19 players|Tit For 2 Tats|Tit For Tat|Cycler DC|Soft Joss: 0.9|Meta Mixer: 19 players|Win-Shift Lose-Stay: D|Evolved FSM 16|ZD-Extort-2: 0.1111111111111111, 0.5|Evolved HMM 5"
288,2.69,0.08,4.98,2.59,0.07,0.08,73,174,3,Defector|Tit For 2 Tats|Evolved FSM 16
289,3.62,2.39,4.15,3.01,0.02,0.07,72,130,11,"ZD-GTFT-2: 0.25, 0.5|GTFT: 0.33|Meta Winner: 10 players|Evolved FSM 16|Alternator|Anti Tit For Tat|DoubleCrosser: (D, D)|Soft Joss: 0.9|ZD-Extort-2: 0.1111111111111111, 0.5|Suspicious Tit For Tat|Tit For Tat"
290,2.99,0.06,4.63,1.91,0.06,0.09,48,181,8,"Random: 0.5|DoubleCrosser: (D, D)|Cycler DC|Win-Stay Lose-Shift|Tit For 2 Tats|Meta Winner: 7 players|Cooperator|Evolved HMM 5"
291,4.21,1.83,5.35,3.2,0.05,0.09,74,15,15,"Win-Shift Lose-Stay: D|Random: 0.5|Evolved HMM 5|Tit For 2 Tats|Grudger|Win-Stay Lose-Shift|GTFT: 0.33|Alternator|Soft Joss: 0.9|ZD-Extort-2: 0.1111111111111111, 0.5|DoubleCrosser: (D, D)|Bully|Defector|Evolved FSM 16|ZD-GTFT-2: 0.25, 0.5"
292,4.21,0.95,5.53,2.22,0.1,0.04,17,170,10,"Tit For Tat|Meta Winner: 9 players|Win-Stay Lose-Shift|Evolved HMM 5|Bully|ZD-GTFT-2: 0.25, 0.5|Evolved FSM 16|Anti Tit For Tat|Defector|ZD-Extort-2: 0.1111111111111111, 0.5"
293,4.83,1.41,5.14,2.02,0.06,0.1,58,147,15,GTFT: 0.33|Evolved HMM 5|Cooperator|Random: 0.5|Evolved FSM 16|Suspicious Tit For Tat|Meta Winner: 13 players|Tit For Tat|Win-Shift Lose-Stay: D|Tit For 2 Tats|Meta Mixer: 13 players|Defector|Bully|Cycler DC|Grudger
294,3.83,0.43,4.15,1.61,0.03,0.06,38,160,5,Evolved HMM 5|Cooperator|GTFT: 0.33|Win-Shift Lose-Stay: D|Bully
295,3.66,0.74,5.13,2.14,0.01,0.08,74,77,16,"Meta Winner: 14 players|ZD-GTFT-2: 0.25, 0.5|GTFT: 0.33|Suspicious Tit For Tat|DoubleCrosser: (D, D)|Tit For 2 Tats|Win-Shift Lose-Stay: D|Win-Stay Lose-Shift|Random: 0.5|Tit For Tat|Evolved FSM 16|Meta Mixer: 14 players|Bully|Alternator|Soft Joss: 0.9|Cycler DC"
296,3.62,2.66,4.54,3.12,0.09,0.09,90,16,19,"Suspicious Tit For Tat|Grudger|Soft Joss: 0.9|Cycler DC|Tit For Tat|Evolved HMM 5|Win-Stay Lose-Shift|DoubleCrosser: (D, D)|Meta Winner: 17 players|Evolved FSM 16|Defector|Anti Tit For Tat|Cooperator|Tit For 2 Tats|ZD-Extort-2: 0.1111111111111111, 0.5|Win-Shift Lose-Stay: D|Bully|GTFT: 0.33|Meta Mixer: 17 players"
297,2.8,0.21,5.37,1.43,0.0,0.08,49,119,18,"ZD-GTFT-2: 0.25, 0.5|DoubleCrosser: (D, D)|Meta Mixer: 17 players|Anti Tit For Tat|Suspicious Tit For Tat|Defector|Win-Shift Lose-Stay: D|Bully|Alternator|Cycler DC|Tit For 2 Tats|GTFT: 0.33|Random: 0.5|Soft Joss: 0.9|Evolved FSM 16|ZD-Extort-2: 0.1111111111111111, 0.5|Cooperator|Tit For Tat"
298,3.89,0.57,4.11,1.91,0.01,0.1,56,172,5,Tit For 2 Tats|Cycler DC|Tit For Tat|Cooperator|Evolved HMM 5
299,5.24,2.66,5.47,3.21,0.09,0.09,42,128,5,Tit For Tat|Evolved FSM 16|Cooperator|GTFT: 0.33|Evolved HMM 5
300,4.8,3.58,5.47,3.83,0.02,0.01,37,71,17,"DoubleCrosser: (D, D)|Win-Shift Lose-Stay: D|Evolved HMM 5|Anti Tit For Tat|Random: 0.5|Grudger|Cooperator|Defector|Meta Mixer: 16 players|Suspicious Tit For Tat|Tit For Tat|GTFT: 0.33|ZD-GTFT-2: 0.25, 0.5|Cycler DC|Bully|ZD-Extort-2: 0.1111111111111111, 0.5|Win-Stay Lose-Shift"
301,4.7,3.25,5.21,3.45,0.07,0.08,40,65,20,"Tit For 2 Tats|Win-Stay Lose-Shift|Grudger|Cooperator|ZD-GTFT-2: 0.25, 0.5|Tit For Tat|Soft Joss: 0.9|Suspicious Tit For Tat|Alternator|Random: 0.5|Cycler DC|Evolved FSM 16|Anti Tit For Tat|Evolved HMM 5|GTFT: 0.33|Meta Mixer: 18 players|Meta Winner: 18 players|Win-Shift Lose-Stay: D|Bully|ZD-Extort-2: 0.1111111111111111, 0.5"
302,5.01,3.54,5.43,4.29,0.07,0.05,55,108,22,"ZD-GTFT-2: 0.25, 0.5|GTFT: 0.33|Soft Joss: 0.9|Alternator|Anti Tit For Tat|Defector|Evolved FSM 16|Tit For 2 Tats|Meta Mixer: 20 players|Bully|Evolved HMM 5|Suspicious Tit For Tat|Cooperator|Cycler DC|ZD-Extort-2: 0.1111111111111111, 0.5|Win-Shift Lose-Stay: D|Grudger|Tit For Tat|Meta Winner: 20 players|DoubleCrosser: (D, D)|Random: 0.5|Win-Stay Lose-Shift"
303,3.73,2.61,4.52,3.26,0.02,0.04,33,101,15,"Evolved HMM 5|Tit For Tat|Alternator|Evolved FSM 16|ZD-GTFT-2: 0.25, 0.5|Meta Mixer: 13 players|Bully|ZD-Extort-2: 0.1111111111111111, 0.5|Cooperator|Cycler DC|Grudger|Random: 0.5|Meta Winner: 13 players|Suspicious Tit For Tat|Win-Shift Lose-Stay: D"
304,4.28,0.98,4.41,3.67,0.07,0.04,65,53,22,"Suspicious Tit For Tat|Win-Stay Lose-Shift|Meta Winner: 20 players|DoubleCrosser: (D, D)|Defector|Evolved HMM 5|Cycler DC|Alternator|Random: 0.5|ZD-Extort-2: 0.1111111111111111, 0.5|Cooperator|Meta Mixer: 20 players|Tit For Tat|Grudger|ZD-GTFT-2: 0.25, 0.5|Tit For 2 Tats|GTFT: 0.33|Win-Shift Lose-Stay: D|Soft Joss: 0.9|Evolved FSM 16|Anti Tit For Tat|Bully"
305,3.17,0.17,4.77,2.3,0.06,0.01,40,121,14,"Evolved FSM 16|Meta Winner: 13 players|Anti Tit For Tat|Alternator|Win-Shift Lose-Stay: D|ZD-Extort-2: 0.1111111111111111, 0.5|Tit For 2 Tats|Cycler DC|Suspicious Tit For Tat|GTFT: 0.33|Defector|Bully|ZD-GTFT-2: 0.25, 0.5|Evolved HMM 5"
306,2.27,0.14,4.28,1.06,0.09,0.08,56,111,12,"Win-Shift Lose-Stay: D|Evolved FSM 16|Meta Winner: 10 players|ZD-Extort-2: 0.1111111111111111, 0.5|GTFT: 0.33|DoubleCrosser: (D, D)|Defector|Random: 0.5|Grudger|Tit For Tat|Bully|Meta Mixer: 10 players"
307,2.53,0.27,4.3,1.05,0.07,0.04,73,11,17,"Grudger|ZD-GTFT-2: 0.25, 0.5|Random: 0.5|Soft Joss: 0.9|Evolved FSM 16|Cooperator|Cycler DC|Anti Tit For Tat|Defector|Evolved HMM 5|ZD-Extort-2: 0.1111111111111111, 0.5|Meta Mixer: 16 players|Bully|Win-Stay Lose-Shift|GTFT: 0.33|Tit For Tat|DoubleCrosser: (D, D)"
308,3.85,1.98,5.17,3.77,0.06,0.04,19,64,18,"Meta Winner: 16 players|Cooperator|GTFT: 0.33|Alternator|Win-Stay Lose-Shift|Meta Mixer: 16 players|Tit For 2 Tats|Defector|ZD-GTFT-2: 0.25, 0.5|Anti Tit For Tat|Soft Joss: 0.9|Bully|Evolved HMM 5|Random: 0.5|Tit For Tat|Suspicious Tit For Tat|Grudger|ZD-Extort-2: 0.1111111111111111, 0.5"
309,4.59,1.43,5.94,4.41,0.07,0.07,82,34,9,"Anti Tit For Tat|Meta Mixer: 7 players|Win-Stay Lose-Shift|GTFT: 0.33|Meta Winner: 7 players|Bully|Tit For 2 Tats|ZD-GTFT-2: 0.25, 0.5|Suspicious Tit For Tat"
310,2.42,0.62,4.04,1.55,0.06,0.1,29,31,12,"Random: 0.5|DoubleCrosser: (D, D)|Win-Stay Lose-Shift|Cycler DC|Grudger|Cooperator|ZD-GTFT-2: 0.25, 0.5|Win-Shift Lose-Stay: D|ZD-Extort-2: 0.1111111111111111, 0.5|Tit For Tat|Tit For 2 Tats|Suspicious Tit For Tat"
311,3.66,1.61,4.95,2.13,0.08,0.06,65,162,16,"Bully|Anti Tit For Tat|ZD-Extort-2: 0.1111111111111111, 0.5|GTFT: 0.33|Soft Joss: 0.9|Tit For Tat|Cycler DC|ZD-GTFT-2: 0.25, 0.5|Evolved FSM 16|Win-Shift Lose-Stay: D|Evolved HMM 5|Grudger|Tit For 2 Tats|Meta Mixer: 15 players|Random: 0.5|Cooperator"
312,4.04,1.86,4.26,3.56,0.03,0.0,19,12,19,"Cooperator|ZD-Extort-2: 0.1111111111111111, 0.5|DoubleCrosser: (D, D)|Evolved FSM 16|Meta Winner: 18 players|Soft Joss: 0.9|Win-Shift Lose-Stay: D|Defector|Cycler DC|Win-Stay Lose-Shift|Anti Tit For Tat|Random: 0.5|Alternator|Grudger|Tit For Tat|GTFT: 0.33|Suspicious Tit For Tat|ZD-GTFT-2: 0.25, 0.5|Tit For 2 Tats"
313,3.9,1.09,4.17,1.86,0.05,0.07,89,68,13,"Defector|Suspicious Tit For Tat|Meta Winner: 11 players|Bully|Win-Shift Lose-Stay: D|Cooperator|DoubleCrosser: (D, D)|ZD-GTFT-2: 0.25, 0.5|Alternator|Random: 0.5|Meta Mixer: 11 players|Anti Tit For Tat|Tit For 2 Tats"
314,4.37,1.63,5.93,2.64,0.1,0.04,96,177,15,"Win-Stay Lose-Shift|Bully|Cycler DC|Evolved FSM 16|Alternator|Suspicious Tit For Tat|Cooperator|DoubleCrosser: (D, D)|ZD-GTFT-2: 0.25, 0.5|Grudger|Random: 0.5|Soft Joss: 0.9|Tit For 2 Tats|Tit For Tat|Meta Mixer: 14 players"
315,2.72,0.85,4.38,1.8,0.0,0.02,29,190,17,"Random: 0.5|Meta Winner: 15 players|Alternator|Soft Joss: 0.9|Tit For Tat|Suspicious Tit For Tat|Win-Stay Lose-Shift|Meta Mixer: 15 players|DoubleCrosser: (D, D)|ZD-Extort-2: 0.1111111111111111, 0.5|Evolved FSM 16|Defector|Grudger|Anti Tit For Tat|Tit For 2 Tats|Cooperator|ZD-GTFT-2: 0.25, 0.5"
316,4.07,0.79,5.47,2.7,0.05,0.05,85,186,22,"Meta Winner: 20 players|Random: 0.5|Tit For Tat|Anti Tit For Tat|ZD-Extort-2: 0.1111111111111111, 0.5|Alternator|DoubleCrosser: (D, D)|Win-Stay Lose-Shift|Defector|Win-Shift Lose-Stay: D|Evolved HMM 5|Cycler DC|Suspicious Tit For Tat|Evolved FSM 16|Grudger|Cooperator|GTFT: 0.33|Bully|Soft Joss: 0.9|Meta Mixer: 20 players|Tit For 2 Tats|ZD-GTFT-2: 0.25, 0.5"
317,3.68,0.99,4.32,2.26,0.05,0.06,97,87,22,"Meta Winner: 20 players|Soft Joss: 0.9|Cycler DC|Win-Stay Lose-Shift|Tit For 2 Tats|DoubleCrosser: (D, D)|Grudger|ZD-GTFT-2: 0.25, 0.5|Tit For Tat|Meta Mixer: 20 players|Bully|Evolved HMM 5|Cooperator|Evolved FSM 16|Anti Tit For Tat|Defector|GTFT: 0.33|ZD-Extort-2: 0.1111111111111111, 0.5|Win-Shift Lose-Stay: D|Alternator|Random: 0.5|Suspicious Tit For Tat"
318,2.92,0.88,4.2,2.91,0.02,0.0,12,92,11,"Grudger|Defector|Meta Mixer: 10 players|ZD-Extort-2: 0.1111111111111111, 0.5|Anti Tit For Tat|Bully|GTFT: 0.33|Suspicious Tit For Tat|ZD-GTFT-2: 0.25, 0.5|Win-Stay Lose-Shift|Cooperator"
319,2.5,0.47,4.24,1.39,0.04,0.0,81,69,7,"ZD-Extort-2: 0.1111111111111111, 0.5|Evolved FSM 16|Cooperator|Anti Tit For Tat|Soft Joss: 0.9|ZD-GTFT-2: 0.25, 0.5|Meta Mixer: 6 players"
320,5.09,3.0,5.95,3.49,0.01,0.06,74,27,8,Meta Mixer: 7 players|Cooperator|Suspicious Tit For Tat|Grudger|Defector|Win-Stay Lose-Shift|Soft Joss: 0.9|Tit For 2 Tats
321,4.2,0.85,5.01,1.32,0.03,0.01,35,113,16,"Alternator|Tit For Tat|Random: 0.5|GTFT: 0.33|Win-Stay Lose-Shift|ZD-Extort-2: 0.1111111111111111, 0.5|Defector|Anti Tit For Tat|Cycler DC|Evolved FSM 16|Grudger|Suspicious Tit For Tat|Tit For 2 Tats|Cooperator|Bully|Evolved HMM 5"
322,3.48,1.26,5.51,1.57,0.04,0.04,68,133,14,"Alternator|Soft Joss: 0.9|Cycler DC|Meta Winner: 12 players|ZD-Extort-2: 0.1111111111111111, 0.5|Bully|ZD-GTFT-2: 0.25, 0.5|Defector|Meta Mixer: 12 players|Suspicious Tit For Tat|Random: 0.5|Tit For 2 Tats|Evolved HMM 5|GTFT: 0.33"
323,4.32,2.82,5.52,3.13,0.01,0.06,94,134,12,"DoubleCrosser: (D, D)|Tit For 2 Tats|ZD-GTFT-2: 0.25, 0.5|Win-Stay Lose-Shift|GTFT: 0.33|Grudger|Alternator|Meta Winner: 11 players|Cycler DC|Win-Shift Lose-Stay: D|Evolved HMM 5|Bully"
324,3.52,0.83,5.4,1.52,0.08,0.07,99,89,15,"Suspicious Tit For Tat|Win-Stay Lose-Shift|Bully|Anti Tit For Tat|ZD-GTFT-2: 0.25, 0.5|GTFT: 0.33|Tit For 2 Tats|Grudger|Soft Joss: 0.9|DoubleCrosser: (D, D)|Evolved FSM 16|Win-Shift Lose-Stay: D|ZD-Extort-2: 0.1111111111111111, 0.5|Cycler DC|Cooperator"
325,3.21,1.63,4.19,2.15,0.02,0.0,79,152,11,"Tit For Tat|Win-Stay Lose-Shift|DoubleCrosser: (D, D)|ZD-Extort-2: 0.1111111111111111, 0.5|Cooperator|Anti Tit For Tat|Grudger|Cycler DC|GTFT: 0.33|Win-Shift Lose-Stay: D|Defector"
326,3.7,1.59,4.25,3.54,0.06,0.0,53,61,21,"Evolved HMM 5|Meta Mixer: 19 players|ZD-GTFT-2: 0.25, 0.5|Tit For Tat|Grudger|Win-Stay Lose-Shift|ZD-Extort-2: 0.1111111111111111, 0.5|GTFT: 0.33|Tit For 2 Tats|Evolved FSM 16|Random: 0.5|Soft Joss: 0.9|Bully|Suspicious Tit For Tat|Cooperator|Alternator|DoubleCrosser: (D, D)|Cycler DC|Anti Tit For Tat|Meta Winner: 19 players|Defector"
327,3.57,0.26,4.2,3.13,0.01,0.09,70,55,17,"Bully|Grudger|ZD-Extort-2: 0.1111111111111111, 0.5|Tit For 2 Tats|ZD-GTFT-2: 0.25, 0.5|Evolved FSM 16|Evolved HMM 5|DoubleCrosser: (D, D)|Cycler DC|Win-Stay Lose-Shift|Tit For Tat|GTFT: 0.33|Suspicious Tit For Tat|Meta Mixer: 16 players|Win-Shift Lose-Stay: D|Defector|Cooperator"
328,3.59,0.38,4.26,3.24,0.02,0.05,30,144,14,"Cooperator|Evolved FSM 16|DoubleCrosser: (D, D)|Meta Winner: 13 players|Evolved HMM 5|Grudger|Win-Stay Lose-Shift|Alternator|Win-Shift Lose-Stay: D|Bully|Anti Tit For Tat|Defector|Cycler DC|GTFT: 0.33"
329,3.27,0.4,4.61,2.8,0.06,0.0,49,73,9,"Defector|Random: 0.5|Alternator|Cooperator|ZD-GTFT-2: 0.25, 0.5|Grudger|Bully|DoubleCrosser: (D, D)|Evolved FSM 16"
330,3.63,2.24,4.84,2.49,0.08,0.05,87,34,7,"ZD-Extort-2: 0.1111111111111111, 0.5|Meta Mixer: 6 players|Soft Joss: 0.9|Evolved FSM 16|Evolved HMM 5|Cycler DC|GTFT: 0.33"
331,3.36,0.96,4.18,2.47,0.09,0.03,15,172,17,"Win-Shift Lose-Stay: D|Meta Mixer: 15 players|Bully|Defector|Alternator|Win-Stay Lose-Shift|Cooperator|GTFT: 0.33|Meta Winner: 15 players|Anti Tit For Tat|Random: 0.5|ZD-Extort-2: 0.1111111111111111, 0.5|DoubleCrosser: (D, D)|ZD-GTFT-2: 0.25, 0.5|Grudger|Suspicious Tit For Tat|Tit For Tat"
332,3.55,2.1,4.64,2.25,0.03,0.02,13,136,13,"Tit For 2 Tats|Win-Shift Lose-Stay: D|Bully|Cooperator|Evolved HMM 5|Defector|Win-Stay Lose-Shift|Evolved FSM 16|Soft Joss: 0.9|Cycler DC|Anti Tit For Tat|DoubleCrosser: (D, D)|Meta Winner: 12 players"
333,3.68,0.18,4.36,1.8,0.01,0.09,43,97,6,Anti Tit For Tat|Suspicious Tit For Tat|Tit For Tat|Evolved HMM 5|Evolved FSM 16|Random: 0.5
334,3.52,0.91,5.02,3.39,0.03,0.06,18,124,3,"DoubleCrosser: (D, D)|Meta Mixer: 2 players|Tit For Tat"
335,3.68,0.35,4.2,2.75,0.06,0.04,91,129,9,"Cycler DC|Grudger|ZD-GTFT-2: 0.25, 0.5|Defector|Tit For Tat|DoubleCrosser: (D, D)|Soft Joss: 0.9|Alternator|Random: 0.5"
336,5.49,2.48,5.63,3.79,0.02,0.01,71,70,22,"Win-Shift Lose-Stay: D|Tit For 2 Tats|Grudger|Suspicious Tit For Tat|ZD-Extort-2: 0.1111111111111111, 0.5|Win-Stay Lose-Shift|Anti Tit For Tat|Bully|Evolved FSM 16|Meta Winner: 20 players|ZD-GTFT-2: 0.25, 0.5|Random: 0.5|Cycler DC|GTFT: 0.33|Evolved HMM 5|Defector|Alternator|Meta Mixer: 20 players|Soft Joss: 0.9|DoubleCrosser: (D, D)|Tit For Tat|Cooperator"
337,5.56,3.82,5.77,3.9,0.07,0.03,94,83,13,"Suspicious Tit For Tat|Soft Joss: 0.9|Evolved FSM 16|GTFT: 0.33|Alternator|Cycler DC|ZD-GTFT-2: 0.25, 0.5|Win-Stay Lose-Shift|Tit For Tat|Random: 0.5|Tit For 2 Tats|Evolved HMM 5|Bully"
338,4.53,2.65,4.83,3.48,0.05,0.08,93,167,5,"ZD-GTFT-2: 0.25, 0.5|Alternator|Meta Winner: 4 players|Soft Joss: 0.9|Cooperator"
339,4.2,1.31,4.71,3.65,0.02,0.08,99,3,6,Soft Joss: 0.9|Grudger|Suspicious Tit For Tat|Meta Winner: 5 players|Alternator|Tit For Tat
340,4.65,2.47,5.49,3.48,0.02,0.08,90,78,10,Tit For Tat|Random: 0.5|Grudger|Anti Tit For Tat|Win-Shift Lose-Stay: D|Meta Mixer: 9 players|Suspicious Tit For Tat|Alternator|Cooperator|GTFT: 0.33
341,4.43,1.46,4.79,2.95,0.06,0.07,82,173,22,"Evolved HMM 5|Defector|Bully|Meta Winner: 20 players|Cycler DC|Evolved FSM 16|ZD-GTFT-2: 0.25, 0.5|Random: 0.5|Win-Stay Lose-Shift|Cooperator|Win-Shift Lose-Stay: D|Soft Joss: 0.9|Tit For 2 Tats|Alternator|GTFT: 0.33|Meta Mixer: 20 players|Tit For Tat|DoubleCrosser: (D, D)|Grudger|Anti Tit For Tat|Suspicious Tit For Tat|ZD-Extort-2: 0.1111111111111111, 0.5"
342,4.86,1.4,4.87,2.06,0.05,0.04,15,185,10,"Anti Tit For Tat|Win-Shift Lose-Stay: D|DoubleCrosser: (D, D)|ZD-GTFT-2: 0.25, 0.5|Soft Joss: 0.9|GTFT: 0.33|Alternator|Suspicious Tit For Tat|Cooperator|Defector"
343,3.24,0.78,4.16,1.06,0.1,0.04,19,64,9,Defector|GTFT: 0.33|Win-Stay Lose-Shift|Bully|Cooperator|Alternator|Random: 0.5|Suspicious Tit For Tat|Tit For 2 Tats
344,3.63,2.91,4.05,3.46,0.02,0.05,53,14,13,"ZD-Extort-2: 0.1111111111111111, 0.5|Tit For Tat|Bully|Soft Joss: 0.9|Cooperator|Evolved HMM 5|ZD-GTFT-2: 0.25, 0.5|Anti Tit For Tat|Alternator|DoubleCrosser: (D, D)|Suspicious Tit For Tat|Defector|Meta Winner: 12 players"
345,3.78,1.31,4.1,2.12,0.04,0.09,94,160,3,"Soft Joss: 0.9|Tit For 2 Tats|DoubleCrosser: (D, D)"
346,4.33,2.0,5.76,2.13,0.08,0.05,52,151,9,"Cooperator|Meta Winner: 8 players|Alternator|Bully|Suspicious Tit For Tat|Cycler DC|Win-Shift Lose-Stay: D|Defector|ZD-GTFT-2: 0.25, 0.5"
347,3.08,0.65,4.29,2.25,0.1,0.05,94,174,7,"Anti Tit For Tat|Tit For Tat|ZD-Extort-2: 0.1111111111111111, 0.5|ZD-GTFT-2: 0.25, 0.5|Meta Winner: 6 players|DoubleCrosser: (D, D)|Grudger"
348,3.79,2.89,4.68,2.94,0.06,0.03,84,145,13,"Evolved FSM 16|Win-Stay Lose-Shift|DoubleCrosser: (D, D)|GTFT: 0.33|Defector|Cooperator|Soft Joss: 0.9|Random: 0.5|Tit For 2 Tats|Alternator|Tit For Tat|ZD-Extort-2: 0.1111111111111111, 0.5|Meta Winner: 12 players"
349,4.27,2.95,4.96,3.66,0.04,0.04,10,93,3,Bully|Grudger|Alternator
350,3.38,0.66,5.83,3.32,0.03,0.02,43,185,8,"GTFT: 0.33|ZD-GTFT-2: 0.25, 0.5|Tit For Tat|Defector|Suspicious Tit For Tat|Alternator|Evolved HMM 5|DoubleCrosser: (D, D)"
351,3.08,0.3,4.91,1.77,0.05,0.08,89,112,5,"Cooperator|Cycler DC|Suspicious Tit For Tat|ZD-GTFT-2: 0.25, 0.5|Tit For 2 Tats"
352,4.93,2.83,5.84,3.31,0.03,0.01,41,14,11,"Cycler DC|ZD-Extort-2: 0.1111111111111111, 0.5|Evolved HMM 5|Random: 0.5|Suspicious Tit For Tat|Bully|Evolved FSM 16|Tit For 2 Tats|GTFT: 0.33|Win-Stay Lose-Shift|Anti Tit For Tat"
353,3.43,1.02,4.75,1.43,0.05,0.05,73,122,11,"Evolved HMM 5|Tit For 2 Tats|Meta Winner: 10 players|Anti Tit For Tat|Suspicious Tit For Tat|Tit For Tat|ZD-GTFT-2: 0.25, 0.5|ZD-Extort-2: 0.1111111111111111, 0.5|DoubleCrosser: (D, D)|Cooperator|Random: 0.5"
354,3.04,0.28,4.44,1.77,0.08,0.03,20,35,5,"Win-Stay Lose-Shift|Soft Joss: 0.9|ZD-Extort-2: 0.1111111111111111, 0.5|Grudger|Tit For Tat"
355,3.47,1.08,5.17,2.53,0.05,0.04,73,82,11,"Tit For 2 Tats|Alternator|Defector|Soft Joss: 0.9|Tit For Tat|Win-Shift Lose-Stay: D|Bully|Evolved FSM 16|Anti Tit For Tat|Cycler DC|ZD-Extort-2: 0.1111111111111111, 0.5"
356,5.01,3.62,6.0,3.97,0.0,0.03,54,104,15,"Evolved HMM 5|Meta Mixer: 13 players|Alternator|Random: 0.5|ZD-Extort-2: 0.1111111111111111, 0.5|Cycler DC|Tit For 2 Tats|Cooperator|Soft Joss: 0.9|Grudger|Meta Winner: 13 players|DoubleCrosser: (D, D)|Tit For Tat|GTFT: 0.33|Win-Stay Lose-Shift"
357,3.59,0.95,5.45,3.05,0.02,0.08,99,107,9,"Soft Joss: 0.9|Meta Winner: 8 players|ZD-GTFT-2: 0.25, 0.5|Alternator|Grudger|Cycler DC|ZD-Extort-2: 0.1111111111111111, 0.5|Random: 0.5|Evolved FSM 16"
358,3.64,1.09,4.02,3.2,0.04,0.07,61,196,20,"Win-Stay Lose-Shift|GTFT: 0.33|Evolved HMM 5|Alternator|Anti Tit For Tat|Cycler DC|ZD-Extort-2: 0.1111111111111111, 0.5|Defector|Meta Winner: 18 players|Meta Mixer: 18 players|DoubleCrosser: (D, D)|Grudger|Tit For 2 Tats|Suspicious Tit For Tat|Win-Shift Lose-Stay: D|ZD-GTFT-2: 0.25, 0.5|Cooperator|Evolved FSM 16|Soft Joss: 0.9|Random: 0.5"
359,4.41,2.31,4.65,2.33,0.01,0.04,18,100,9,"Cycler DC|Suspicious Tit For Tat|Win-Stay Lose-Shift|DoubleCrosser: (D, D)|Random: 0.5|Defector|Evolved FSM 16|ZD-GTFT-2: 0.25, 0.5|Cooperator"
360,4.78,1.99,5.05,4.32,0.06,0.07,46,166,17,"Grudger|Win-Stay Lose-Shift|Tit For 2 Tats|Defector|DoubleCrosser: (D, D)|Tit For Tat|Evolved HMM 5|Soft Joss: 0.9|Meta Mixer: 15 players|Meta Winner: 15 players|Suspicious Tit For Tat|ZD-Extort-2: 0.1111111111111111, 0.5|Evolved FSM 16|Bully|Anti Tit For Tat|Cooperator|Random: 0.5"
361,3.15,0.5,5.53,1.97,0.05,0.05,19,164,17,"Tit For 2 Tats|GTFT: 0.33|Meta Winner: 16 players|Suspicious Tit For Tat|Evolved FSM 16|Anti Tit For Tat|Alternator|Cycler DC|ZD-Extort-2: 0.1111111111111111, 0.5|Grudger|Bully|Defector|Tit For Tat|Win-Stay Lose-Shift|Win-Shift Lose-Stay: D|Random: 0.5|Evolved HMM 5"
362,2.75,0.37,5.1,2.66,0.08,0.08,31,5,22,"Cooperator|Defector|Win-Stay Lose-Shift|Meta Winner: 20 players|ZD-GTFT-2: 0.25, 0.5|Tit For 2 Tats|Meta Mixer: 20 players|Anti Tit For Tat|GTFT: 0.33|ZD-Extort-2: 0.1111111111111111, 0.5|Alternator|DoubleCrosser: (D, D)|Cycler DC|Bully|Tit For Tat|Win-Shift Lose-Stay: D|Soft Joss: 0.9|Random: 0.5|Grudger|Suspicious Tit For Tat|Evolved HMM 5|Evolved FSM 16"
363,4.84,2.64,5.39,4.12,0.07,0.09,59,177,12,"Soft Joss: 0.9|Anti Tit For Tat|Evolved FSM 16|Alternator|Meta Mixer: 10 players|Tit For 2 Tats|Suspicious Tit For Tat|Meta Winner: 10 players|Cooperator|Defector|DoubleCrosser: (D, D)|Grudger"
364,2.92,0.98,4.18,2.9,0.02,0.07,38,25,8,"Defector|Anti Tit For Tat|DoubleCrosser: (D, D)|ZD-Extort-2: 0.1111111111111111, 0.5|Cooperator|GTFT: 0.33|Evolved HMM 5|Win-Shift Lose-Stay: D"
365,4.03,1.51,5.25,3.83,0.04,0.02,23,92,13,Defector|Alternator|Tit For 2 Tats|GTFT: 0.33|Meta Mixer: 12 players|Evolved FSM 16|Suspicious Tit For Tat|Tit For Tat|Cooperator|Anti Tit For Tat|Evolved HMM 5|Cycler DC|Win-Stay Lose-Shift
366,5.38,1.68,5.98,1.75,0.06,0.1,99,100,7,GTFT: 0.33|Defector|Meta Winner: 6 players|Random: 0.5|Bully|Evolved FSM 16|Alternator
367,3.88,1.35,5.22,2.1,0.02,0.06,11,60,3,Evolved FSM 16|Cooperator|Win-Stay Lose-Shift
368,3.06,0.12,4.47,1.5,0.01,0.05,35,39,15,"Suspicious Tit For Tat|Meta Mixer: 13 players|Anti Tit For Tat|Tit For Tat|Soft Joss: 0.9|GTFT: 0.33|Cycler DC|Random: 0.5|Defector|ZD-Extort-2: 0.1111111111111111, 0.5|Alternator|Win-Shift Lose-Stay: D|Meta Winner: 13 players|ZD-GTFT-2: 0.25, 0.5|Grudger"
369,3.8,0.4,4.46,1.96,0.01,0.09,41,176,10,"Evolved FSM 16|Tit For 2 Tats|ZD-Extort-2: 0.1111111111111111, 0.5|GTFT: 0.33|Defector|Soft Joss: 0.9|Alternator|Anti Tit For Tat|DoubleCrosser: (D, D)|Tit For Tat"
370,2.41,0.27,4.14,1.89,0.02,0.01,85,141,9,"Tit For Tat|ZD-Extort-2: 0.1111111111111111, 0.5|Bully|DoubleCrosser: (D, D)|Soft Joss: 0.9|Win-Stay Lose-Shift|Defector|Grudger|Cooperator"
371,3.84,1.38,4.9,1.77,0.01,0.1,60,97,8,"Random: 0.5|Soft Joss: 0.9|DoubleCrosser: (D, D)|ZD-Extort-2: 0.1111111111111111, 0.5|Evolved FSM 16|Cycler DC|Meta Winner: 7 players|Alternator"
372,3.5,1.1,5.52,1.21,0.03,0.05,80,187,8,Win-Shift Lose-Stay: D|Tit For 2 Tats|Soft Joss: 0.9|Win-Stay Lose-Shift|Evolved FSM 16|Evolved HMM 5|Meta Mixer: 6 players|Meta Winner: 6 players
373,2.44,0.51,4.31,1.02,0.07,0.05,63,102,14,"Tit For 2 Tats|Random: 0.5|Win-Stay Lose-Shift|Evolved HMM 5|Bully|DoubleCrosser: (D, D)|Anti Tit For Tat|Soft Joss: 0.9|Meta Mixer: 12 players|Suspicious Tit For Tat|Evolved FSM 16|ZD-GTFT-2: 0.25, 0.5|Cooperator|Meta Winner: 12 players"
374,3.17,0.74,4.77,1.54,0.09,0.04,100,174,3,Meta Winner: 1 player|Meta Mixer: 1 player|Cycler DC
375,3.15,0.63,4.52,2.46,0.06,0.1,30,4,6,"Bully|Meta Mixer: 4 players|Tit For 2 Tats|Evolved FSM 16|Meta Winner: 4 players|ZD-Extort-2: 0.1111111111111111, 0.5"
376,4.33,3.24,5.17,3.51,0.09,0.01,83,199,14,"Cycler DC|Win-Shift Lose-Stay: D|Suspicious Tit For Tat|Tit For 2 Tats|Win-Stay Lose-Shift|Alternator|Defector|DoubleCrosser: (D, D)|Tit For Tat|ZD-Extort-2: 0.1111111111111111, 0.5|Anti Tit For Tat|Grudger|Evolved FSM 16|Meta Mixer: 13 players"
377,2.82,0.31,4.83,1.78,0.02,0.01,72,47,19,"Cooperator|Soft Joss: 0.9|Evolved HMM 5|Suspicious Tit For Tat|Defector|Evolved FSM 16|Anti Tit For Tat|Grudger|Bully|Tit For 2 Tats|Meta Winner: 18 players|Cycler DC|ZD-Extort-2: 0.1111111111111111, 0.5|Tit For Tat|Random: 0.5|Win-Stay Lose-Shift|ZD-GTFT-2: 0.25, 0.5|Win-Shift Lose-Stay: D|Alternator"
378,2.98,0.53,4.59,1.55,0.06,0.05,96,195,6,Alternator|Anti Tit For Tat|Win-Shift Lose-Stay: D|Meta Winner: 4 players|Meta Mixer: 4 players|Cooperator
379,3.92,1.09,4.42,2.1,0.1,0.03,72,122,13,"Evolved FSM 16|DoubleCrosser: (D, D)|GTFT: 0.33|Grudger|Meta Winner: 12 players|ZD-GTFT-2: 0.25, 0.5|Tit For Tat|Defector|ZD-Extort-2: 0.1111111111111111, 0.5|Suspicious Tit For Tat|Tit For 2 Tats|Win-Stay Lose-Shift|Alternator"
380,5.09,1.47,5.28,2.32,0.09,0.1,51,174,17,"Tit For Tat|Evolved FSM 16|Random: 0.5|Tit For 2 Tats|Bully|Grudger|DoubleCrosser: (D, D)|Soft Joss: 0.9|Meta Winner: 16 players|GTFT: 0.33|ZD-Extort-2: 0.1111111111111111, 0.5|Anti Tit For Tat|Suspicious Tit For Tat|Cycler DC|Cooperator|Defector|Evolved HMM 5"
381,5.28,3.12,5.74,4.36,0.0,0.05,21,78,20,"Soft Joss: 0.9|Defector|Meta Winner: 18 players|Cooperator|Random: 0.5|Tit For Tat|ZD-Extort-2: 0.1111111111111111, 0.5|Evolved HMM 5|Bully|Tit For 2 Tats|GTFT: 0.33|Anti Tit For Tat|Grudger|Suspicious Tit For Tat|Alternator|Win-Stay Lose-Shift|DoubleCrosser: (D, D)|Evolved FSM 16|Meta Mixer: 18 players|ZD-GTFT-2: 0.25, 0.5"
382,4.29,2.77,5.44,4.13,0.07,0.09,91,186,18,"Bully|GTFT: 0.33|Tit For Tat|Evolved HMM 5|Meta Winner: 16 players|Meta Mixer: 16 players|Tit For 2 Tats|Soft Joss: 0.9|Grudger|DoubleCrosser: (D, D)|Random: 0.5|Suspicious Tit For Tat|Win-Shift Lose-Stay: D|ZD-Extort-2: 0.1111111111111111, 0.5|Cooperator|Anti Tit For Tat|ZD-GTFT-2: 0.25, 0.5|Alternator"
383,4.24,0.36,4.38,2.86,0.03,0.04,10,80,4,"Evolved HMM 5|ZD-GTFT-2: 0.25, 0.5|Suspicious Tit For Tat|Tit For 2 Tats"
384,3.5,0.31,4.79,2.15,0.09,0.08,73,175,17,"Cycler DC|Evolved FSM 16|Win-Stay Lose-Shift|Meta Winner: 15 players|Anti Tit For Tat|GTFT: 0.33|Meta Mixer: 15 players|Win-Shift Lose-Stay: D|Grudger|ZD-GTFT-2: 0.25, 0.5|Evolved HMM 5|Random: 0.5|Tit For Tat|Cooperator|ZD-Extort-2: 0.1111111111111111, 0.5|Bully|Defector"
385,5.2,3.65,5.47,4.26,0.07,0.03,94,41,3,"ZD-GTFT-2: 0.25, 0.5|Tit For 2 Tats|GTFT: 0.33"
386,3.34,0.71,4.84,1.82,0.01,0.07,46,179,9,"ZD-GTFT-2: 0.25, 0.5|Tit For 2 Tats|Cooperator|Cycler DC|GTFT: 0.33|Anti Tit For Tat|Win-Stay Lose-Shift|Tit For Tat|Meta Winner: 8 players"
387,3.47,1.64,4.02,2.42,0.1,0.01,64,174,8,Anti Tit For Tat|Cooperator|Grudger|Random: 0.5|Defector|Meta Winner: 6 players|Meta Mixer: 6 players|Win-Shift Lose-Stay: D
388,3.96,2.43,5.3,3.87,0.04,0.0,40,102,18,"Win-Stay Lose-Shift|Evolved FSM 16|Defector|Tit For 2 Tats|Bully|Soft Joss: 0.9|Evolved HMM 5|Cycler DC|GTFT: 0.33|DoubleCrosser: (D, D)|Tit For Tat|Meta Mixer: 16 players|Alternator|Anti Tit For Tat|Win-Shift Lose-Stay: D|Meta Winner: 16 players|Suspicious Tit For Tat|Cooperator"
389,4.0,1.56,5.72,2.22,0.04,0.08,77,126,5,"ZD-Extort-2: 0.1111111111111111, 0.5|Evolved HMM 5|ZD-GTFT-2: 0.25, 0.5|Meta Mixer: 4 players|Cooperator"
390,2.56,0.18,4.18,2.17,0.01,0.03,79,44,16,"Meta Winner: 15 players|Alternator|Tit For Tat|Win-Stay Lose-Shift|Anti Tit For Tat|ZD-Extort-2: 0.1111111111111111, 0.5|Evolved HMM 5|GTFT: 0.33|Win-Shift Lose-Stay: D|Evolved FSM 16|Bully|Random: 0.5|Tit For 2 Tats|Defector|DoubleCrosser: (D, D)|Cycler DC"
391,3.41,0.3,4.26,1.18,0.04,0.09,61,117,5,"Win-Shift Lose-Stay: D|Meta Winner: 4 players|DoubleCrosser: (D, D)|Cycler DC|ZD-GTFT-2: 0.25, 0.5"
392,3.52,1.06,4.41,1.68,0.06,0.07,82,169,19,"Evolved FSM 16|Defector|DoubleCrosser: (D, D)|Cycler DC|GTFT: 0.33|Meta Winner: 17 players|Tit For 2 Tats|Alternator|Win-Stay Lose-Shift|Cooperator|Anti Tit For Tat|Evolved HMM 5|Grudger|Win-Shift Lose-Stay: D|ZD-Extort-2: 0.1111111111111111, 0.5|Meta Mixer: 17 players|ZD-GTFT-2: 0.25, 0.5|Random: 0.5|Soft Joss: 0.9"
393,3.83,0.17,4.29,1.77,0.1,0.02,23,32,8,"ZD-Extort-2: 0.1111111111111111, 0.5|Win-Stay Lose-Shift|Evolved HMM 5|Random: 0.5|Cooperator|Meta Winner: 7 players|Grudger|Evolved FSM 16"
394,2.89,0.15,5.14,1.51,0.0,0.03,59,47,14,"Meta Winner: 12 players|ZD-GTFT-2: 0.25, 0.5|Meta Mixer: 12 players|Tit For 2 Tats|Random: 0.5|Cycler DC|Win-Shift Lose-Stay: D|Alternator|GTFT: 0.33|Evolved FSM 16|Grudger|Bully|DoubleCrosser: (D, D)|Win-Stay Lose-Shift"
395,4.03,0.84,4.76,1.16,0.1,0.07,41,174,22,"DoubleCrosser: (D, D)|Soft Joss: 0.9|Defector|Meta Mixer: 20 players|Grudger|Evolved HMM 5|Win-Stay Lose-Shift|Cycler DC|Suspicious Tit For Tat|Win-Shift Lose-Stay: D|ZD-GTFT-2: 0.25, 0.5|Cooperator|ZD-Extort-2: 0.1111111111111111, 0.5|Anti Tit For Tat|Random: 0.5|GTFT: 0.33|Bully|Alternator|Tit For Tat|Meta Winner: 20 players|Evolved FSM 16|Tit For 2 Tats"
396,4.61,1.9,4.99,4.47,0.05,0.07,71,128,19,"Meta Winner: 17 players|ZD-GTFT-2: 0.25, 0.5|Cooperator|Tit For 2 Tats|Alternator|Suspicious Tit For Tat|Meta Mixer: 17 players|Grudger|ZD-Extort-2: 0.1111111111111111, 0.5|Soft Joss: 0.9|Win-Shift Lose-Stay: D|Defector|Evolved FSM 16|Evolved HMM 5|Random: 0.5|Cycler DC|Win-Stay Lose-Shift|Anti Tit For Tat|DoubleCrosser: (D, D)"
397,2.86,0.44,4.35,1.25,0.01,0.05,31,96,6,"GTFT: 0.33|Tit For Tat|ZD-GTFT-2: 0.25, 0.5|Cooperator|Win-Stay Lose-Shift|Evolved FSM 16"
398,4.58,4.15,4.79,4.33,0.05,0.09,69,159,18,"Anti Tit For Tat|Grudger|Alternator|Soft Joss: 0.9|GTFT: 0.33|Win-Stay Lose-Shift|Meta Mixer: 16 players|Meta Winner: 16 players|Evolved FSM 16|Defector|Random: 0.5|Bully|Suspicious Tit For Tat|Tit For 2 Tats|DoubleCrosser: (D, D)|Tit For Tat|Cooperator|Win-Shift Lose-Stay: D"
399,3.27,1.25,4.4,3.04,0.09,0.0,94,65,10,"Random: 0.5|Tit For 2 Tats|Grudger|Win-Stay Lose-Shift|Evolved FSM 16|DoubleCrosser: (D, D)|Defector|Win-Shift Lose-Stay: D|Meta Mixer: 9 players|Cycler DC"
400,2.97,0.43,4.22,2.65,0.04,0.04,55,182,9,"Cooperator|Suspicious Tit For Tat|Win-Stay Lose-Shift|Anti Tit For Tat|Cycler DC|Tit For 2 Tats|DoubleCrosser: (D, D)|Grudger|Defector"
401,4.57,1.65,5.6,2.16,0.09,0.05,59,34,6,"Cooperator|Alternator|Cycler DC|Evolved FSM 16|Grudger|ZD-Extort-2: 0.1111111111111111, 0.5"
402,3.39,0.93,4.03,1.12,0.04,0.06,11,112,18,"Win-Stay Lose-Shift|Meta Winner: 16 players|Random: 0.5|Bully|DoubleCrosser: (D, D)|Tit For Tat|Cycler DC|Grudger|Win-Shift Lose-Stay: D|Evolved HMM 5|Cooperator|Evolved FSM 16|Anti Tit For Tat|GTFT: 0.33|Soft Joss: 0.9|Defector|ZD-Extort-2: 0.1111111111111111, 0.5|Meta Mixer: 16 players"
403,4.31,0.98,4.95,1.34,0.06,0.02,85,162,7,Tit For Tat|Cooperator|Cycler DC|Tit For 2 Tats|Anti Tit For Tat|Win-Shift Lose-Stay: D|Suspicious Tit For Tat
404,2.86,0.99,4.1,1.57,0.02,0.03,71,16,19,"DoubleCrosser: (D, D)|Meta Mixer: 17 players|Anti Tit For Tat|Win-Stay Lose-Shift|Cooperator|Win-Shift Lose-Stay: D|Grudger|Cycler DC|Defector|Random: 0.5|Suspicious Tit For Tat|ZD-GTFT-2: 0.25, 0.5|Meta Winner: 17 players|Alternator|Bully|ZD-Extort-2: 0.1111111111111111, 0.5|Tit For 2 Tats|Evolved HMM 5|Tit For Tat"
405,3.14,0.3,4.42,2.94,0.02,0.09,56,86,12,"Cooperator|Meta Winner: 11 players|Alternator|ZD-GTFT-2: 0.25, 0.5|Cycler DC|GTFT: 0.33|Grudger|Random: 0.5|Tit For 2 Tats|Defector|Soft Joss: 0.9|Win-Stay Lose-Shift"
406,3.14,0.5,5.06,2.39,0.04,0.09,26,162,22,"Cooperator|Anti Tit For Tat|Evolved HMM 5|Suspicious Tit For Tat|Evolved FSM 16|Soft Joss: 0.9|Meta Winner: 20 players|Meta Mixer: 20 players|Win-Shift Lose-Stay: D|Win-Stay Lose-Shift|Defector|Cycler DC|Tit For Tat|Random: 0.5|Bully|Alternator|ZD-Extort-2: 0.1111111111111111, 0.5|Grudger|DoubleCrosser: (D, D)|Tit For 2 Tats|GTFT: 0.33|ZD-GTFT-2: 0.25, 0.5"
407,2.9,1.4,4.14,2.77,0.0,0.06,99,34,12,"Anti Tit For Tat|Evolved HMM 5|Meta Winner: 10 players|Suspicious Tit For Tat|Tit For 2 Tats|Random: 0.5|Bully|ZD-Extort-2: 0.1111111111111111, 0.5|Tit For Tat|ZD-GTFT-2: 0.25, 0.5|Win-Shift Lose-Stay: D|Meta Mixer: 10 players"
408,3.22,0.49,5.12,2.35,0.0,0.06,85,179,3,"ZD-Extort-2: 0.1111111111111111, 0.5|Soft Joss: 0.9|Win-Shift Lose-Stay: D"
409,4.03,1.03,4.3,3.81,0.08,0.06,41,54,20,"Cooperator|Alternator|Grudger|Evolved FSM 16|GTFT: 0.33|Bully|Win-Shift Lose-Stay: D|Evolved HMM 5|ZD-Extort-2: 0.1111111111111111, 0.5|Suspicious Tit For Tat|Win-Stay Lose-Shift|Cycler DC|Defector|Meta Mixer: 19 players|Random: 0.5|Tit For 2 Tats|DoubleCrosser: (D, D)|Anti Tit For Tat|Soft Joss: 0.9|Tit For Tat"
410,4.26,2.31,5.88,3.36,0.09,0.03,90,163,22,"ZD-GTFT-2: 0.25, 0.5|Suspicious Tit For Tat|Soft Joss: 0.9|Tit For Tat|GTFT: 0.33|Win-Shift Lose-Stay: D|Meta Mixer: 20 players|Win-Stay Lose-Shift|Meta Winner: 20 players|Tit For 2 Tats|Random: 0.5|Bully|Evolved HMM 5|Cooperator|Grudger|DoubleCrosser: (D, D)|Anti Tit For Tat|ZD-Extort-2: 0.1111111111111111, 0.5|Alternator|Defector|Cycler DC|Evolved FSM 16"
411,4.04,0.77,4.37,1.57,0.07,0.06,12,80,8,"Defector|Tit For 2 Tats|Evolved FSM 16|Suspicious Tit For Tat|Bully|Cycler DC|ZD-GTFT-2: 0.25, 0.5|Evolved HMM 5"
412,4.26,0.42,4.49,4.16,0.05,0.07,11,155,6,Tit For 2 Tats|Meta Winner: 5 players|Alternator|Cooperator|Evolved FSM 16|Anti Tit For Tat
413,3.74,1.62,4.26,1.73,0.06,0.08,11,28,20,"GTFT: 0.33|Bully|Suspicious Tit For Tat|Cycler DC|Random: 0.5|Soft Joss: 0.9|Defector|Evolved HMM 5|ZD-GTFT-2: 0.25, 0.5|Tit For Tat|Meta Mixer: 18 players|Cooperator|Alternator|Win-Shift Lose-Stay: D|ZD-Extort-2: 0.1111111111111111, 0.5|DoubleCrosser: (D, D)|Tit For 2 Tats|Win-Stay Lose-Shift|Evolved FSM 16|Meta Winner: 18 players"
414,4.08,0.46,4.28,1.07,0.01,0.07,38,176,15,"Meta Winner: 13 players|Cooperator|Random: 0.5|Defector|Meta Mixer: 13 players|Tit For Tat|ZD-GTFT-2: 0.25, 0.5|Cycler DC|Evolved HMM 5|Anti Tit For Tat|Win-Stay Lose-Shift|DoubleCrosser: (D, D)|Tit For 2 Tats|GTFT: 0.33|Grudger"
415,4.17,0.99,5.2,1.48,0.03,0.08,54,27,11,"Random: 0.5|Grudger|Win-Shift Lose-Stay: D|Bully|Alternator|Cycler DC|ZD-Extort-2: 0.1111111111111111, 0.5|Defector|Evolved HMM 5|Suspicious Tit For Tat|Tit For Tat"
416,3.98,1.77,4.85,2.23,0.03,0.08,93,63,15,"DoubleCrosser: (D, D)|ZD-GTFT-2: 0.25, 0.5|Random: 0.5|Meta Mixer: 13 players|Evolved HMM 5|Evolved FSM 16|Tit For Tat|Suspicious Tit For Tat|Anti Tit For Tat|Win-Stay Lose-Shift|Grudger|Soft Joss: 0.9|Win-Shift Lose-Stay: D|Cooperator|Meta Winner: 13 players"
417,4.29,3.15,4.7,3.85,0.03,0.01,80,108,10,Suspicious Tit For Tat|Tit For Tat|Anti Tit For Tat|Cycler DC|Cooperator|Evolved HMM 5|Tit For 2 Tats|Grudger|Alternator|Soft Joss: 0.9
418,3.8,0.1,4.15,3.44,0.04,0.01,19,4,21,"DoubleCrosser: (D, D)|Cycler DC|Defector|Random: 0.5|Meta Mixer: 19 players|ZD-Extort-2: 0.1111111111111111, 0.5|Win-Stay Lose-Shift|Tit For Tat|Suspicious Tit For Tat|Grudger|Evolved FSM 16|Soft Joss: 0.9|Alternator|ZD-GTFT-2: 0.25, 0.5|Anti Tit For Tat|GTFT: 0.33|Evolved HMM 5|Tit For 2 Tats|Meta Winner: 19 players|Bully|Win-Shift Lose-Stay: D"
419,3.68,2.47,4.02,2.82,0.06,0.08,83,129,12,"Tit For Tat|DoubleCrosser: (D, D)|Defector|Win-Shift Lose-Stay: D|Bully|ZD-Extort-2: 0.1111111111111111, 0.5|Tit For 2 Tats|ZD-GTFT-2: 0.25, 0.5|Grudger|Cooperator|Suspicious Tit For Tat|Win-Stay Lose-Shift"
420,3.16,0.16,4.74,1.58,0.04,0.08,52,8,10,"Win-Stay Lose-Shift|Defector|ZD-GTFT-2: 0.25, 0.5|Cooperator|Bully|Suspicious Tit For Tat|Alternator|Tit For 2 Tats|Cycler DC|Evolved HMM 5"
421,4.23,2.23,5.95,2.82,0.0,0.03,49,3,14,"Win-Stay Lose-Shift|Tit For 2 Tats|ZD-Extort-2: 0.1111111111111111, 0.5|Suspicious Tit For Tat|GTFT: 0.33|Meta Mixer: 13 players|Grudger|Bully|Random: 0.5|ZD-GTFT-2: 0.25, 0.5|Anti Tit For Tat|Defector|Evolved HMM 5|Win-Shift Lose-Stay: D"
422,3.78,0.83,4.2,1.42,0.04,0.06,14,75,8,Cycler DC|Soft Joss: 0.9|Bully|Evolved FSM 16|Tit For Tat|Suspicious Tit For Tat|Meta Winner: 7 players|Tit For 2 Tats
423,5.42,3.2,5.44,3.22,0.06,0.05,53,115,7,"GTFT: 0.33|Win-Stay Lose-Shift|Grudger|DoubleCrosser: (D, D)|Anti Tit For Tat|Tit For 2 Tats|Tit For Tat"
424,3.48,0.18,4.42,1.19,0.06,0.05,11,37,12,"ZD-GTFT-2: 0.25, 0.5|Bully|Random: 0.5|Cooperator|Soft Joss: 0.9|GTFT: 0.33|Defector|Meta Winner: 10 players|Cycler DC|Meta Mixer: 10 players|Anti Tit For Tat|DoubleCrosser: (D, D)"
425,3.11,0.82,5.15,1.15,0.05,0.1,42,196,17,"Meta Mixer: 15 players|Cycler DC|Cooperator|Evolved HMM 5|Random: 0.5|Anti Tit For Tat|Grudger|DoubleCrosser: (D, D)|Meta Winner: 15 players|Suspicious Tit For Tat|Tit For 2 Tats|Win-Stay Lose-Shift|Bully|Tit For Tat|Defector|Soft Joss: 0.9|ZD-GTFT-2: 0.25, 0.5"
426,4.22,1.99,4.53,3.2,0.06,0.07,41,180,20,"Alternator|Cycler DC|Cooperator|Win-Stay Lose-Shift|Tit For 2 Tats|Defector|ZD-GTFT-2: 0.25, 0.5|DoubleCrosser: (D, D)|Anti Tit For Tat|Evolved FSM 16|Suspicious Tit For Tat|Tit For Tat|Soft Joss: 0.9|ZD-Extort-2: 0.1111111111111111, 0.5|GTFT: 0.33|Random: 0.5|Win-Shift Lose-Stay: D|Meta Mixer: 18 players|Grudger|Meta Winner: 18 players"
427,3.94,1.46,5.99,3.06,0.03,0.0,29,121,7,"Meta Mixer: 6 players|Suspicious Tit For Tat|GTFT: 0.33|Evolved HMM 5|Anti Tit For Tat|Tit For 2 Tats|ZD-GTFT-2: 0.25, 0.5"
428,3.83,2.53,4.11,3.7,0.03,0.06,20,37,5,Win-Shift Lose-Stay: D|Tit For 2 Tats|Bully|Win-Stay Lose-Shift|Soft Joss: 0.9
429,4.03,1.04,4.95,1.49,0.04,0.07,59,3,20,"Evolved FSM 16|Suspicious Tit For Tat|Bully|Evolved HMM 5|Cycler DC|GTFT: 0.33|ZD-Extort-2: 0.1111111111111111, 0.5|Alternator|Meta Winner: 18 players|Tit For Tat|DoubleCrosser: (D, D)|Tit For 2 Tats|Defector|Anti Tit For Tat|Meta Mixer: 18 players|Grudger|ZD-GTFT-2: 0.25, 0.5|Soft Joss: 0.9|Cooperator|Win-Stay Lose-Shift"
430,2.8,0.31,4.6,2.47,0.05,0.1,62,106,14,"Grudger|ZD-GTFT-2: 0.25, 0.5|DoubleCrosser: (D, D)|ZD-Extort-2: 0.1111111111111111, 0.5|GTFT: 0.33|Cooperator|Defector|Tit For Tat|Suspicious Tit For Tat|Random: 0.5|Bully|Win-Shift Lose-Stay: D|Win-Stay Lose-Shift|Meta Winner: 13 players"
431,4.03,1.12,5.3,2.25,0.08,0.09,22,163,17,"ZD-Extort-2: 0.1111111111111111, 0.5|Evolved HMM 5|Anti Tit For Tat|Win-Stay Lose-Shift|DoubleCrosser: (D, D)|Suspicious Tit For Tat|Tit For Tat|Tit For 2 Tats|Random: 0.5|Win-Shift Lose-Stay: D|Meta Winner: 15 players|Evolved FSM 16|Cooperator|ZD-GTFT-2: 0.25, 0.5|GTFT: 0.33|Bully|Meta Mixer: 15 players"
432,4.32,2.48,4.83,3.34,0.0,0.04,38,130,12,"Win-Shift Lose-Stay: D|Meta Winner: 11 players|Win-Stay Lose-Shift|DoubleCrosser: (D, D)|Tit For Tat|Alternator|Evolved HMM 5|ZD-Extort-2: 0.1111111111111111, 0.5|Soft Joss: 0.9|Random: 0.5|Bully|Defector"
433,3.91,1.0,5.68,3.16,0.02,0.06,65,62,20,"Tit For 2 Tats|Suspicious Tit For Tat|Evolved FSM 16|Meta Winner: 18 players|Anti Tit For Tat|DoubleCrosser: (D, D)|Cycler DC|GTFT: 0.33|Meta Mixer: 18 players|Grudger|Bully|ZD-Extort-2: 0.1111111111111111, 0.5|Defector|Win-Shift Lose-Stay: D|Evolved HMM 5|Cooperator|ZD-GTFT-2: 0.25, 0.5|Alternator|Win-Stay Lose-Shift|Tit For Tat"
434,3.29,1.45,4.24,1.9,0.09,0.08,30,83,9,"Bully|Meta Winner: 8 players|Alternator|DoubleCrosser: (D, D)|Evolved FSM 16|Cycler DC|ZD-GTFT-2: 0.25, 0.5|Win-Stay Lose-Shift|Grudger"
435,5.41,2.95,5.47,3.8,0.02,0.07,38,77,9,"ZD-GTFT-2: 0.25, 0.5|Tit For Tat|Tit For 2 Tats|Win-Shift Lose-Stay: D|Anti Tit For Tat|Evolved HMM 5|Bully|Soft Joss: 0.9|Random: 0.5"
436,3.74,0.36,4.92,1.29,0.09,0.01,73,93,9,"Tit For 2 Tats|Cooperator|Random: 0.5|Alternator|DoubleCrosser: (D, D)|Bully|Evolved FSM 16|GTFT: 0.33|Anti Tit For Tat"
437,3.05,0.18,4.01,1.52,0.06,0.05,76,132,7,Suspicious Tit For Tat|Grudger|Cooperator|Meta Winner: 6 players|Alternator|GTFT: 0.33|Cycler DC
438,3.78,0.97,4.44,3.61,0.05,0.1,54,182,20,"Meta Mixer: 18 players|Win-Stay Lose-Shift|Soft Joss: 0.9|Random: 0.5|DoubleCrosser: (D, D)|ZD-Extort-2: 0.1111111111111111, 0.5|Tit For 2 Tats|Evolved FSM 16|Cooperator|Cycler DC|Bully|ZD-GTFT-2: 0.25, 0.5|Evolved HMM 5|Suspicious Tit For Tat|Anti Tit For Tat|Meta Winner: 18 players|Win-Shift Lose-Stay: D|Grudger|Tit For Tat|Alternator"
439,3.91,1.51,5.91,3.57,0.07,0.08,89,28,22,"Tit For 2 Tats|DoubleCrosser: (D, D)|Suspicious Tit For Tat|Evolved HMM 5|Grudger|ZD-GTFT-2: 0.25, 0.5|Bully|Tit For Tat|Random: 0.5|Alternator|Win-Shift Lose-Stay: D|Cycler DC|Win-Stay Lose-Shift|Evolved FSM 16|GTFT: 0.33|Soft Joss: 0.9|Defector|ZD-Extort-2: 0.1111111111111111, 0.5|Meta Mixer: 20 players|Anti Tit For Tat|Meta Winner: 20 players|Cooperator"
440,2.76,0.86,4.36,2.39,0.01,0.07,57,38,13,Cooperator|Alternator|GTFT: 0.33|Meta Mixer: 11 players|Evolved FSM 16|Suspicious Tit For Tat|Soft Joss: 0.9|Win-Stay Lose-Shift|Tit For 2 Tats|Defector|Meta Winner: 11 players|Win-Shift Lose-Stay: D|Anti Tit For Tat
441,3.67,0.25,4.77,2.41,0.03,0.06,95,20,21,"Meta Mixer: 19 players|DoubleCrosser: (D, D)|Meta Winner: 19 players|GTFT: 0.33|Evolved HMM 5|Suspicious Tit For Tat|ZD-Extort-2: 0.1111111111111111, 0.5|Alternator|Tit For 2 Tats|Tit For Tat|Evolved FSM 16|Soft Joss: 0.9|Cycler DC|Random: 0.5|Anti Tit For Tat|ZD-GTFT-2: 0.25, 0.5|Cooperator|Grudger|Bully|Defector|Win-Stay Lose-Shift"
442,2.85,0.55,4.83,1.59,0.01,0.08,73,157,4,Tit For 2 Tats|Win-Stay Lose-Shift|Soft Joss: 0.9|Random: 0.5
443,2.71,0.95,4.21,2.18,0.02,0.02,57,138,3,Anti Tit For Tat|Win-Shift Lose-Stay: D|Cooperator
444,2.64,0.98,4.1,1.43,0.08,0.04,99,44,7,"Evolved HMM 5|Soft Joss: 0.9|Cooperator|Cycler DC|GTFT: 0.33|Meta Winner: 6 players|DoubleCrosser: (D, D)"
445,3.45,1.31,4.96,1.69,0.05,0.01,47,183,5,"Grudger|ZD-GTFT-2: 0.25, 0.5|Tit For Tat|Meta Winner: 3 players|Meta Mixer: 3 players"
446,4.63,1.17,5.06,3.76,0.05,0.02,74,28,7,"Tit For Tat|Grudger|Tit For 2 Tats|Soft Joss: 0.9|ZD-Extort-2: 0.1111111111111111, 0.5|Suspicious Tit For Tat|Evolved FSM 16"
447,2.66,0.39,4.38,1.27,0.09,0.06,28,119,6,Cooperator|Tit For Tat|Alternator|Soft Joss: 0.9|Defector|Win-Shift Lose-Stay: D
448,3.36,0.55,4.06,2.07,0.09,0.01,65,55,7,"Tit For 2 Tats|ZD-Extort-2: 0.1111111111111111, 0.5|DoubleCrosser: (D, D)|Meta Mixer: 6 players|GTFT: 0.33|Anti Tit For Tat|Soft Joss: 0.9"
449,3.51,1.42,5.06,2.09,0.06,0.1,38,30,4,Anti Tit For Tat|Evolved HMM 5|Win-Shift Lose-Stay: D|Tit For Tat
450,3.34,0.91,5.43,1.24,0.09,0.03,36,44,9,Grudger|Meta Mixer: 7 players|Win-Stay Lose-Shift|Evolved FSM 16|Alternator|Cooperator|Defector|Win-Shift Lose-Stay: D|Meta Winner: 7 players
451,4.39,2.68,5.24,3.89,0.02,0.07,31,48,13,"Soft Joss: 0.9|Cycler DC|Alternator|Random: 0.5|DoubleCrosser: (D, D)|GTFT: 0.33|Evolved FSM 16|Bully|Meta Mixer: 11 players|Anti Tit For Tat|Meta Winner: 11 players|ZD-Extort-2: 0.1111111111111111, 0.5|Evolved HMM 5"
452,5.09,1.66,5.19,3.39,0.02,0.01,12,146,12,"Tit For Tat|ZD-Extort-2: 0.1111111111111111, 0.5|Meta Mixer: 10 players|Defector|Cycler DC|Cooperator|Evolved FSM 16|ZD-GTFT-2: 0.25, 0.5|Tit For 2 Tats|Grudger|Evolved HMM 5|Meta Winner: 10 players"
453,3.15,0.84,4.51,2.78,0.03,0.05,94,153,18,"Cooperator|Win-Shift Lose-Stay: D|ZD-Extort-2: 0.1111111111111111, 0.5|Alternator|Cycler DC|DoubleCrosser: (D, D)|Tit For Tat|GTFT: 0.33|Bully|Defector|Random: 0.5|Evolved HMM 5|Meta Winner: 17 players|Suspicious Tit For Tat|Tit For 2 Tats|Anti Tit For Tat|Grudger|Soft Joss: 0.9"
454,4.28,2.99,4.39,3.1,0.09,0.07,67,135,8,"Win-Shift Lose-Stay: D|Grudger|GTFT: 0.33|Tit For 2 Tats|DoubleCrosser: (D, D)|Meta Winner: 7 players|Win-Stay Lose-Shift|Cooperator"
455,3.08,1.05,4.08,1.71,0.04,0.05,54,74,6,"Alternator|Random: 0.5|Cycler DC|Soft Joss: 0.9|Evolved FSM 16|ZD-Extort-2: 0.1111111111111111, 0.5"
456,3.52,0.35,4.57,1.13,0.04,0.07,10,13,11,"Cycler DC|Grudger|Win-Stay Lose-Shift|ZD-Extort-2: 0.1111111111111111, 0.5|ZD-GTFT-2: 0.25, 0.5|Meta Winner: 9 players|Bully|Meta Mixer: 9 players|Evolved HMM 5|Random: 0.5|Soft Joss: 0.9"
457,3.4,0.26,4.39,1.19,0.05,0.04,96,164,15,"DoubleCrosser: (D, D)|Tit For 2 Tats|Cooperator|Win-Shift Lose-Stay: D|Win-Stay Lose-Shift|ZD-GTFT-2: 0.25, 0.5|Defector|ZD-Extort-2: 0.1111111111111111, 0.5|Suspicious Tit For Tat|GTFT: 0.33|Random: 0.5|Soft Joss: 0.9|Bully|Evolved FSM 16|Cycler DC"
458,3.26,0.14,4.27,1.68,0.06,0.06,79,47,15,"DoubleCrosser: (D, D)|Cooperator|Cycler DC|ZD-Extort-2: 0.1111111111111111, 0.5|Soft Joss: 0.9|GTFT: 0.33|Grudger|Tit For Tat|Defector|Suspicious Tit For Tat|ZD-GTFT-2: 0.25, 0.5|Tit For 2 Tats|Evolved HMM 5|Random: 0.5|Alternator"
459,4.07,1.98,4.28,3.41,0.04,0.06,82,76,4,Tit For 2 Tats|Cycler DC|Meta Winner: 3 players|Alternator
460,4.24,2.25,4.93,2.68,0.01,0.03,93,28,13,"Evolved FSM 16|Cooperator|Win-Stay Lose-Shift|Evolved HMM 5|Random: 0.5|GTFT: 0.33|Anti Tit For Tat|ZD-GTFT-2: 0.25, 0.5|Grudger|Meta Winner: 12 players|ZD-Extort-2: 0.1111111111111111, 0.5|Win-Shift Lose-Stay: D|Alternator"
461,4.03,0.46,4.27,2.94,0.06,0.07,10,125,22,"Suspicious Tit For Tat|Cooperator|Bully|Alternator|Cycler DC|Meta Mixer: 20 players|ZD-Extort-2: 0.1111111111111111, 0.5|Random: 0.5|Soft Joss: 0.9|Anti Tit For Tat|Tit For Tat|Evolved HMM 5|Win-Shift Lose-Stay: D|Grudger|Meta Winner: 20 players|GTFT: 0.33|Win-Stay Lose-Shift|Evolved FSM 16|DoubleCrosser: (D, D)|Tit For 2 Tats|Defector|ZD-GTFT-2: 0.25, 0.5"
462,4.3,1.55,5.72,2.43,0.02,0.08,94,62,8,"ZD-Extort-2: 0.1111111111111111, 0.5|ZD-GTFT-2: 0.25, 0.5|Suspicious Tit For Tat|Random: 0.5|Evolved HMM 5|Win-Stay Lose-Shift|Meta Winner: 7 players|GTFT: 0.33"
463,3.3,0.51,4.2,1.84,0.04,0.08,69,107,16,"Cycler DC|Alternator|Win-Stay Lose-Shift|Soft Joss: 0.9|Cooperator|Tit For 2 Tats|Meta Mixer: 14 players|Evolved FSM 16|Meta Winner: 14 players|Random: 0.5|GTFT: 0.33|Grudger|Evolved HMM 5|Tit For Tat|ZD-Extort-2: 0.1111111111111111, 0.5|Bully"
464,3.16,0.87,5.31,2.55,0.07,0.08,45,196,12,"Tit For 2 Tats|Bully|Random: 0.5|Meta Winner: 10 players|Evolved FSM 16|Defector|Win-Shift Lose-Stay: D|Meta Mixer: 10 players|Grudger|ZD-Extort-2: 0.1111111111111111, 0.5|Win-Stay Lose-Shift|DoubleCrosser: (D, D)"
465,4.65,1.67,5.62,1.86,0.02,0.09,63,17,4,Evolved FSM 16|Win-Shift Lose-Stay: D|Cooperator|Anti Tit For Tat
466,5.4,1.68,5.68,2.41,0.04,0.1,83,143,9,Suspicious Tit For Tat|Win-Shift Lose-Stay: D|Random: 0.5|Soft Joss: 0.9|Win-Stay Lose-Shift|Tit For Tat|Meta Winner: 8 players|Grudger|Bully
467,3.52,0.26,4.87,2.99,0.0,0.1,22,53,4,"Cycler DC|Alternator|Grudger|DoubleCrosser: (D, D)"
468,4.71,1.54,5.14,2.26,0.1,0.07,77,128,9,"Suspicious Tit For Tat|Evolved HMM 5|Random: 0.5|ZD-Extort-2: 0.1111111111111111, 0.5|Grudger|ZD-GTFT-2: 0.25, 0.5|Cycler DC|Tit For 2 Tats|Anti Tit For Tat"
469,3.8,1.96,4.88,3.45,0.01,0.05,22,31,18,"Tit For Tat|Anti Tit For Tat|Evolved FSM 16|ZD-GTFT-2: 0.25, 0.5|GTFT: 0.33|Alternator|Meta Winner: 16 players|DoubleCrosser: (D, D)|Cycler DC|Soft Joss: 0.9|Suspicious Tit For Tat|Defector|Meta Mixer: 16 players|Bully|Tit For 2 Tats|ZD-Extort-2: 0.1111111111111111, 0.5|Random: 0.5|Evolved HMM 5"
470,3.28,0.75,4.48,2.39,0.06,0.05,24,150,18,"Win-Shift Lose-Stay: D|Meta Mixer: 16 players|Alternator|Anti Tit For Tat|GTFT: 0.33|DoubleCrosser: (D, D)|Meta Winner: 16 players|Cooperator|Defector|Tit For 2 Tats|Evolved FSM 16|Bully|Soft Joss: 0.9|Random: 0.5|ZD-Extort-2: 0.1111111111111111, 0.5|Suspicious Tit For Tat|Tit For Tat|Grudger"
471,4.61,1.11,5.41,1.13,0.09,0.06,88,21,20,"Random: 0.5|Cycler DC|Win-Shift Lose-Stay: D|Anti Tit For Tat|Cooperator|Evolved HMM 5|Meta Winner: 18 players|Evolved FSM 16|ZD-GTFT-2: 0.25, 0.5|GTFT: 0.33|Defector|Suspicious Tit For Tat|Tit For Tat|Meta Mixer: 18 players|DoubleCrosser: (D, D)|Alternator|Tit For 2 Tats|Grudger|ZD-Extort-2: 0.1111111111111111, 0.5|Bully"
472,3.15,0.23,4.96,1.81,0.07,0.05,24,113,6,"Evolved FSM 16|Grudger|Meta Mixer: 5 players|Suspicious Tit For Tat|GTFT: 0.33|DoubleCrosser: (D, D)"
473,4.13,1.89,4.83,3.53,0.0,0.08,41,15,5,Anti Tit For Tat|Cycler DC|Soft Joss: 0.9|Defector|Win-Stay Lose-Shift
474,2.73,0.52,4.09,2.13,0.03,0.06,71,169,6,"Meta Winner: 4 players|Bully|Meta Mixer: 4 players|Win-Shift Lose-Stay: D|ZD-GTFT-2: 0.25, 0.5|Suspicious Tit For Tat"
475,4.2,1.96,4.99,2.14,0.02,0.07,56,200,20,"Win-Stay Lose-Shift|Meta Mixer: 18 players|Tit For Tat|ZD-Extort-2: 0.1111111111111111, 0.5|Win-Shift Lose-Stay: D|GTFT: 0.33|Cooperator|Alternator|Defector|Suspicious Tit For Tat|Grudger|Meta Winner: 18 players|Evolved FSM 16|Cycler DC|Anti Tit For Tat|Evolved HMM 5|Tit For 2 Tats|ZD-GTFT-2: 0.25, 0.5|DoubleCrosser: (D, D)|Random: 0.5"
476,4.23,2.12,4.28,3.26,0.05,0.01,73,9,11,"Win-Shift Lose-Stay: D|Evolved HMM 5|Tit For 2 Tats|Win-Stay Lose-Shift|Bully|Anti Tit For Tat|Meta Winner: 9 players|DoubleCrosser: (D, D)|Meta Mixer: 9 players|Suspicious Tit For Tat|Tit For Tat"
477,2.78,0.4,4.04,1.79,0.04,0.07,78,14,12,"Anti Tit For Tat|ZD-GTFT-2: 0.25, 0.5|Grudger|Alternator|GTFT: 0.33|Win-Shift Lose-Stay: D|Suspicious Tit For Tat|Tit For 2 Tats|Evolved HMM 5|Defector|Evolved FSM 16|Win-Stay Lose-Shift"
478,4.88,2.15,5.36,4.64,0.06,0.06,76,67,8,"Tit For 2 Tats|Soft Joss: 0.9|Tit For Tat|Cycler DC|Alternator|Win-Shift Lose-Stay: D|ZD-Extort-2: 0.1111111111111111, 0.5|Anti Tit For Tat"
479,2.57,0.36,4.08,1.42,0.07,0.08,11,32,12,"Evolved HMM 5|GTFT: 0.33|Win-Shift Lose-Stay: D|Defector|Soft Joss: 0.9|ZD-GTFT-2: 0.25, 0.5|Alternator|Tit For Tat|Random: 0.5|ZD-Extort-2: 0.1111111111111111, 0.5|DoubleCrosser: (D, D)|Meta Winner: 11 players"
480,2.38,0.57,4.13,2.06,0.09,0.01,90,45,7,Evolved FSM 16|Meta Mixer: 5 players|Anti Tit For Tat|Tit For Tat|Cooperator|Meta Winner: 5 players|Defector
481,3.7,1.17,4.51,3.32,0.07,0.06,54,28,5,"ZD-Extort-2: 0.1111111111111111, 0.5|Soft Joss: 0.9|Cooperator|Bully|Tit For Tat"
482,3.37,2.02,4.41,2.97,0.01,0.04,46,37,3,GTFT: 0.33|Evolved FSM 16|Grudger
483,3.09,1.11,4.67,2.36,0.1,0.06,30,95,4,Win-Stay Lose-Shift|Cycler DC|Evolved HMM 5|Alternator
484,4.73,3.44,5.48,3.66,0.04,0.06,94,186,7,"Tit For 2 Tats|Meta Mixer: 6 players|Bully|Evolved FSM 16|Tit For Tat|ZD-Extort-2: 0.1111111111111111, 0.5|DoubleCrosser: (D, D)"
485,4.12,0.83,5.21,2.62,0.02,0.06,41,85,10,Grudger|Tit For Tat|Soft Joss: 0.9|GTFT: 0.33|Cooperator|Meta Mixer: 8 players|Evolved FSM 16|Meta Winner: 8 players|Suspicious Tit For Tat|Defector
486,3.21,0.42,4.16,1.17,0.05,0.02,63,59,21,"Cycler DC|ZD-GTFT-2: 0.25, 0.5|Tit For Tat|DoubleCrosser: (D, D)|Meta Winner: 19 players|Win-Shift Lose-Stay: D|Win-Stay Lose-Shift|Defector|Soft Joss: 0.9|Anti Tit For Tat|Tit For 2 Tats|Suspicious Tit For Tat|GTFT: 0.33|ZD-Extort-2: 0.1111111111111111, 0.5|Bully|Meta Mixer: 19 players|Cooperator|Grudger|Random: 0.5|Evolved HMM 5|Alternator"
487,2.34,0.57,4.05,1.1,0.05,0.04,64,91,7,"Tit For 2 Tats|ZD-GTFT-2: 0.25, 0.5|Tit For Tat|Win-Stay Lose-Shift|Cooperator|GTFT: 0.33|ZD-Extort-2: 0.1111111111111111, 0.5"
488,3.24,0.82,5.48,2.01,0.04,0.08,47,194,18,"Cycler DC|Defector|Evolved HMM 5|ZD-Extort-2: 0.1111111111111111, 0.5|Bully|Meta Winner: 16 players|Alternator|Win-Stay Lose-Shift|Soft Joss: 0.9|Meta Mixer: 16 players|GTFT: 0.33|Grudger|Tit For Tat|Suspicious Tit For Tat|Tit For 2 Tats|Cooperator|Anti Tit For Tat|Evolved FSM 16"
489,3.26,0.26,4.58,1.51,0.09,0.03,87,193,6,"Tit For Tat|Win-Shift Lose-Stay: D|Cycler DC|Cooperator|Suspicious Tit For Tat|ZD-Extort-2: 0.1111111111111111, 0.5"
490,4.46,0.85,5.08,1.02,0.0,0.02,83,110,17,"ZD-Extort-2: 0.1111111111111111, 0.5|Cycler DC|Soft Joss: 0.9|Win-Stay Lose-Shift|Cooperator|ZD-GTFT-2: 0.25, 0.5|Evolved FSM 16|Random: 0.5|Suspicious Tit For Tat|Tit For Tat|Meta Mixer: 16 players|Anti Tit For Tat|Bully|Grudger|GTFT: 0.33|Evolved HMM 5|Alternator"
491,3.48,0.12,4.15,3.21,0.01,0.07,76,82,9,"ZD-GTFT-2: 0.25, 0.5|Meta Mixer: 8 players|Anti Tit For Tat|Alternator|Tit For Tat|Cycler DC|Tit For 2 Tats|DoubleCrosser: (D, D)|Cooperator"
492,3.19,0.26,4.13,1.46,0.04,0.03,58,162,21,"Tit For Tat|Meta Mixer: 19 players|Grudger|Random: 0.5|ZD-Extort-2: 0.1111111111111111, 0.5|Defector|Win-Stay Lose-Shift|DoubleCrosser: (D, D)|Cooperator|Cycler DC|GTFT: 0.33|Meta Winner: 19 players|Evolved FSM 16|Suspicious Tit For Tat|ZD-GTFT-2: 0.25, 0.5|Tit For 2 Tats|Soft Joss: 0.9|Bully|Alternator|Evolved HMM 5|Win-Shift Lose-Stay: D"
493,5.52,1.87,5.93,4.45,0.04,0.02,64,30,8,"Soft Joss: 0.9|GTFT: 0.33|Cooperator|Grudger|Tit For 2 Tats|Cycler DC|Random: 0.5|DoubleCrosser: (D, D)"
494,3.64,0.54,4.12,1.69,0.04,0.04,61,67,4,Win-Shift Lose-Stay: D|Random: 0.5|Tit For Tat|GTFT: 0.33
495,2.94,0.16,4.67,2.49,0.0,0.02,78,51,8,"ZD-GTFT-2: 0.25, 0.5|Tit For 2 Tats|Tit For Tat|Win-Stay Lose-Shift|Defector|Grudger|GTFT: 0.33|Suspicious Tit For Tat"
496,3.78,0.13,4.43,3.61,0.0,0.09,23,129,15,"Random: 0.5|Anti Tit For Tat|Defector|Win-Stay Lose-Shift|Evolved HMM 5|Alternator|Tit For Tat|GTFT: 0.33|Tit For 2 Tats|Grudger|Cooperator|ZD-Extort-2: 0.1111111111111111, 0.5|Cycler DC|Meta Mixer: 14 players|Suspicious Tit For Tat"
497,3.69,0.61,4.3,3.13,0.06,0.03,51,109,19,"Alternator|Win-Stay Lose-Shift|Win-Shift Lose-Stay: D|Soft Joss: 0.9|Suspicious Tit For Tat|Cooperator|Evolved FSM 16|GTFT: 0.33|Meta Mixer: 18 players|Tit For Tat|ZD-GTFT-2: 0.25, 0.5|Cycler DC|Grudger|Anti Tit For Tat|ZD-Extort-2: 0.1111111111111111, 0.5|Tit For 2 Tats|Evolved HMM 5|Bully|DoubleCrosser: (D, D)"
498,3.81,0.93,4.57,2.42,0.1,0.07,57,196,20,"Cooperator|Soft Joss: 0.9|Tit For Tat|Evolved HMM 5|Alternator|Tit For 2 Tats|Evolved FSM 16|Random: 0.5|Defector|Meta Mixer: 19 players|Win-Stay Lose-Shift|Anti Tit For Tat|Cycler DC|DoubleCrosser: (D, D)|Bully|Suspicious Tit For Tat|Win-Shift Lose-Stay: D|ZD-GTFT-2: 0.25, 0.5|Grudger|ZD-Extort-2: 0.1111111111111111, 0.5"
499,4.02,0.62,4.34,2.48,0.01,0.06,70,134,21,"Tit For Tat|Anti Tit For Tat|Random: 0.5|Win-Shift Lose-Stay: D|DoubleCrosser: (D, D)|Win-Stay Lose-Shift|GTFT: 0.33|ZD-GTFT-2: 0.25, 0.5|Bully|Alternator|Defector|ZD-Extort-2: 0.1111111111111111, 0.5|Evolved FSM 16|Suspicious Tit For Tat|Tit For 2 Tats|Soft Joss: 0.9|Grudger|Meta Mixer: 20 players|Cooperator|Evolved HMM 5|Cycler DC"
500,3.71,1.33,4.63,1.87,0.05,0.09,20,27,16,"Bully|Tit For 2 Tats|Cycler DC|Alternator|Defector|ZD-Extort-2: 0.1111111111111111, 0.5|Cooperator|Meta Winner: 14 players|Random: 0.5|Tit For Tat|Anti Tit For Tat|Evolved HMM 5|Suspicious Tit For Tat|Meta Mixer: 14 players|Soft Joss: 0.9|ZD-GTFT-2: 0.25, 0.5"
501,3.76,1.68,5.61,3.07,0.04,0.03,65,76,11,"ZD-Extort-2: 0.1111111111111111, 0.5|GTFT: 0.33|Evolved FSM 16|Grudger|Defector|Cycler DC|Win-Stay Lose-Shift|Win-Shift Lose-Stay: D|Meta Mixer: 10 players|Cooperator|Random: 0.5"
502,3.41,0.14,4.01,1.48,0.05,0.01,89,120,22,"Defector|Bully|Grudger|ZD-GTFT-2: 0.25, 0.5|Tit For Tat|Evolved FSM 16|Alternator|Soft Joss: 0.9|Cooperator|Cycler DC|Tit For 2 Tats|Suspicious Tit For Tat|Win-Stay Lose-Shift|ZD-Extort-2: 0.1111111111111111, 0.5|Meta Winner: 20 players|Win-Shift Lose-Stay: D|DoubleCrosser: (D, D)|Meta Mixer: 20 players|Anti Tit For Tat|Random: 0.5|GTFT: 0.33|Evolved HMM 5"
503,4.11,1.12,5.59,3.38,0.08,0.06,45,189,22,"Meta Winner: 20 players|Random: 0.5|Suspicious Tit For Tat|Defector|Alternator|Tit For Tat|Evolved FSM 16|Anti Tit For Tat|Tit For 2 Tats|Win-Stay Lose-Shift|Bully|Grudger|GTFT: 0.33|ZD-Extort-2: 0.1111111111111111, 0.5|ZD-GTFT-2: 0.25, 0.5|DoubleCrosser: (D, D)|Win-Shift Lose-Stay: D|Evolved HMM 5|Soft Joss: 0.9|Meta Mixer: 20 players|Cooperator|Cycler DC"
504,3.09,0.24,5.33,2.05,0.06,0.04,59,181,18,"Grudger|Win-Stay Lose-Shift|ZD-Extort-2: 0.1111111111111111, 0.5|GTFT: 0.33|Evolved FSM 16|Bully|Suspicious Tit For Tat|ZD-GTFT-2: 0.25, 0.5|Evolved HMM 5|Cycler DC|Meta Winner: 17 players|Soft Joss: 0.9|Random: 0.5|Win-Shift Lose-Stay: D|Tit For Tat|Cooperator|Defector|DoubleCrosser: (D, D)"
505,3.88,0.78,5.37,2.25,0.0,0.04,69,198,14,"DoubleCrosser: (D, D)|Suspicious Tit For Tat|Evolved FSM 16|ZD-GTFT-2: 0.25, 0.5|Meta Mixer: 13 players|Tit For 2 Tats|Grudger|Bully|Random: 0.5|Alternator|Cooperator|Tit For Tat|Defector|Win-Shift Lose-Stay: D"
506,3.4,1.63,4.39,1.79,0.09,0.05,11,156,11,Anti Tit For Tat|Meta Mixer: 9 players|Win-Shift Lose-Stay: D|Random: 0.5|Tit For 2 Tats|Meta Winner: 9 players|Evolved FSM 16|Cycler DC|GTFT: 0.33|Alternator|Win-Stay Lose-Shift
507,2.95,0.15,4.26,2.65,0.06,0.01,22,140,11,"Suspicious Tit For Tat|Meta Mixer: 10 players|Evolved FSM 16|Alternator|GTFT: 0.33|ZD-GTFT-2: 0.25, 0.5|Defector|Soft Joss: 0.9|Win-Stay Lose-Shift|Grudger|Random: 0.5"
508,4.85,2.14,5.03,2.55,0.07,0.01,74,38,11,"Bully|Defector|Soft Joss: 0.9|Anti Tit For Tat|Win-Shift Lose-Stay: D|Suspicious Tit For Tat|DoubleCrosser: (D, D)|Meta Winner: 10 players|GTFT: 0.33|Grudger|Alternator"
509,3.47,0.6,4.62,1.29,0.08,0.01,69,23,6,Bully|Defector|Meta Winner: 4 players|Meta Mixer: 4 players|GTFT: 0.33|Alternator
510,3.56,1.36,4.16,1.63,0.06,0.09,34,192,7,Win-Stay Lose-Shift|Anti Tit For Tat|Tit For 2 Tats|Meta Winner: 6 players|Defector|Win-Shift Lose-Stay: D|Cycler DC
511,3.3,0.8,5.13,2.92,0.02,0.1,43,179,17,"Win-Shift Lose-Stay: D|Bully|Random: 0.5|Grudger|Evolved HMM 5|ZD-GTFT-2: 0.25, 0.5|Soft Joss: 0.9|DoubleCrosser: (D, D)|GTFT: 0.33|Evolved FSM 16|Meta Mixer: 15 players|Alternator|Win-Stay Lose-Shift|Suspicious Tit For Tat|ZD-Extort-2: 0.1111111111111111, 0.5|Cycler DC|Meta Winner: 15 players"
512,3.7,1.57,4.42,1.94,0.08,0.02,99,129,20,"Win-Shift Lose-Stay: D|Bully|ZD-Extort-2: 0.1111111111111111, 0.5|Suspicious Tit For Tat|Meta Winner: 18 players|Evolved HMM 5|Soft Joss: 0.9|Cycler DC|Alternator|Anti Tit For Tat|ZD-GTFT-2: 0.25, 0.5|GTFT: 0.33|Meta Mixer: 18 players|Tit For Tat|Win-Stay Lose-Shift|Cooperator|Random: 0.5|Grudger|Defector|Evolved FSM 16"
513,3.62,0.76,4.76,1.09,0.06,0.09,11,41,16,"Random: 0.5|GTFT: 0.33|Meta Mixer: 14 players|Cooperator|Defector|Grudger|Win-Stay Lose-Shift|Bully|Tit For Tat|Win-Shift Lose-Stay: D|Soft Joss: 0.9|Alternator|DoubleCrosser: (D, D)|Meta Winner: 14 players|Suspicious Tit For Tat|ZD-GTFT-2: 0.25, 0.5"
514,4.34,0.69,4.8,1.84,0.03,0.07,48,11,10,"ZD-Extort-2: 0.1111111111111111, 0.5|Cooperator|DoubleCrosser: (D, D)|Evolved FSM 16|Win-Shift Lose-Stay: D|Tit For 2 Tats|Alternator|Bully|ZD-GTFT-2: 0.25, 0.5|Soft Joss: 0.9"
515,5.4,4.95,5.84,5.25,0.02,0.1,27,34,13,"Anti Tit For Tat|Bully|Win-Stay Lose-Shift|Cycler DC|Grudger|Soft Joss: 0.9|Tit For 2 Tats|Meta Mixer: 12 players|Tit For Tat|Alternator|GTFT: 0.33|ZD-Extort-2: 0.1111111111111111, 0.5|Cooperator"
516,3.38,0.74,5.69,2.14,0.05,0.07,99,55,18,"Meta Winner: 16 players|Tit For 2 Tats|Soft Joss: 0.9|Tit For Tat|Cooperator|Meta Mixer: 16 players|Cycler DC|Defector|ZD-Extort-2: 0.1111111111111111, 0.5|Bully|Suspicious Tit For Tat|Evolved FSM 16|Random: 0.5|Grudger|Win-Shift Lose-Stay: D|Win-Stay Lose-Shift|Alternator|DoubleCrosser: (D, D)"
517,4.21,0.64,4.98,2.88,0.06,0.08,57,93,13,"ZD-Extort-2: 0.1111111111111111, 0.5|Alternator|Evolved FSM 16|Tit For 2 Tats|Bully|Tit For Tat|Cycler DC|Meta Winner: 11 players|Cooperator|Meta Mixer: 11 players|DoubleCrosser: (D, D)|Random: 0.5|Suspicious Tit For Tat"
518,2.84,0.2,4.19,1.33,0.03,0.07,71,9,11,"DoubleCrosser: (D, D)|Defector|Meta Mixer: 10 players|Tit For 2 Tats|ZD-Extort-2: 0.1111111111111111, 0.5|Cooperator|Soft Joss: 0.9|Evolved HMM 5|Anti Tit For Tat|Evolved FSM 16|GTFT: 0.33"
519,4.28,1.88,5.47,2.33,0.02,0.01,74,99,17,"Alternator|Random: 0.5|Tit For 2 Tats|DoubleCrosser: (D, D)|Anti Tit For Tat|Win-Stay Lose-Shift|Evolved HMM 5|Cycler DC|Grudger|GTFT: 0.33|ZD-GTFT-2: 0.25, 0.5|ZD-Extort-2: 0.1111111111111111, 0.5|Tit For Tat|Win-Shift Lose-Stay: D|Defector|Suspicious Tit For Tat|Cooperator"
520,3.33,0.95,4.87,1.09,0.05,0.01,86,176,14,"Win-Shift Lose-Stay: D|DoubleCrosser: (D, D)|GTFT: 0.33|Win-Stay Lose-Shift|Alternator|Meta Winner: 12 players|Defector|Cycler DC|Random: 0.5|Suspicious Tit For Tat|ZD-GTFT-2: 0.25, 0.5|Tit For Tat|Meta Mixer: 12 players|Soft Joss: 0.9"
521,4.71,1.58,5.94,1.91,0.08,0.07,77,146,17,"Anti Tit For Tat|Bully|GTFT: 0.33|Grudger|Meta Winner: 16 players|Cycler DC|Cooperator|Suspicious Tit For Tat|Win-Shift Lose-Stay: D|Evolved HMM 5|ZD-GTFT-2: 0.25, 0.5|Defector|ZD-Extort-2: 0.1111111111111111, 0.5|Soft Joss: 0.9|DoubleCrosser: (D, D)|Alternator|Tit For 2 Tats"
522,3.99,1.0,4.49,2.12,0.08,0.04,98,200,8,"Win-Shift Lose-Stay: D|ZD-Extort-2: 0.1111111111111111, 0.5|Anti Tit For Tat|Tit For 2 Tats|Defector|Win-Stay Lose-Shift|Meta Winner: 7 players|Alternator"
523,3.52,1.1,4.53,3.46,0.02,0.0,51,57,5,"Evolved FSM 16|Win-Stay Lose-Shift|Soft Joss: 0.9|Evolved HMM 5|DoubleCrosser: (D, D)"
524,2.69,0.71,4.03,1.59,0.05,0.07,36,137,8,Meta Winner: 6 players|Tit For 2 Tats|Win-Shift Lose-Stay: D|Meta Mixer: 6 players|Anti Tit For Tat|Bully|Random: 0.5|Evolved FSM 16
525,3.96,1.09,4.61,2.34,0.02,0.06,89,91,21,"DoubleCrosser: (D, D)|Meta Winner: 19 players|Alternator|Win-Stay Lose-Shift|ZD-GTFT-2: 0.25, 0.5|Random: 0.5|Tit For Tat|Suspicious Tit For Tat|Win-Shift Lose-Stay: D|Bully|Soft Joss: 0.9|Evolved HMM 5|Anti Tit For Tat|GTFT: 0.33|Grudger|Meta Mixer: 19 players|ZD-Extort-2: 0.1111111111111111, 0.5|Evolved FSM 16|Tit For 2 Tats|Cycler DC|Cooperator"
526,5.47,2.96,5.53,5.38,0.04,0.02,86,72,13,"Grudger|Meta Mixer: 11 players|Cooperator|GTFT: 0.33|ZD-Extort-2: 0.1111111111111111, 0.5|Tit For 2 Tats|Tit For Tat|DoubleCrosser: (D, D)|Suspicious Tit For Tat|Random: 0.5|ZD-GTFT-2: 0.25, 0.5|Cycler DC|Meta Winner: 11 players"
527,4.79,2.38,5.66,3.49,0.01,0.06,63,108,16,"Suspicious Tit For Tat|Meta Mixer: 14 players|Alternator|Tit For Tat|Cycler DC|ZD-Extort-2: 0.1111111111111111, 0.5|Bully|Win-Stay Lose-Shift|Soft Joss: 0.9|Grudger|Meta Winner: 14 players|Evolved FSM 16|Defector|Cooperator|Random: 0.5|ZD-GTFT-2: 0.25, 0.5"
528,4.53,1.21,5.2,2.37,0.02,0.09,68,95,10,Defector|Random: 0.5|Suspicious Tit For Tat|GTFT: 0.33|Cycler DC|Win-Stay Lose-Shift|Bully|Soft Joss: 0.9|Alternator|Cooperator
529,3.45,1.18,5.16,2.67,0.02,0.02,69,129,6,Evolved FSM 16|GTFT: 0.33|Defector|Tit For Tat|Soft Joss: 0.9|Bully
530,3.8,1.04,4.52,1.34,0.06,0.05,13,113,18,"Anti Tit For Tat|Win-Stay Lose-Shift|Tit For 2 Tats|Meta Winner: 17 players|Grudger|Evolved FSM 16|Soft Joss: 0.9|Suspicious Tit For Tat|ZD-Extort-2: 0.1111111111111111, 0.5|Evolved HMM 5|DoubleCrosser: (D, D)|Bully|Cycler DC|ZD-GTFT-2: 0.25, 0.5|GTFT: 0.33|Tit For Tat|Cooperator|Random: 0.5"
531,2.55,0.46,4.28,1.75,0.03,0.07,68,182,18,"Tit For Tat|Win-Shift Lose-Stay: D|GTFT: 0.33|Win-Stay Lose-Shift|Soft Joss: 0.9|Evolved FSM 16|ZD-GTFT-2: 0.25, 0.5|Grudger|Cycler DC|Evolved HMM 5|DoubleCrosser: (D, D)|Tit For 2 Tats|Alternator|Bully|Meta Mixer: 16 players|Random: 0.5|Meta Winner: 16 players|ZD-Extort-2: 0.1111111111111111, 0.5"
532,2.9,0.49,4.44,1.69,0.09,0.02,91,79,18,"Soft Joss: 0.9|Win-Stay Lose-Shift|Cycler DC|Evolved FSM 16|Evolved HMM 5|Meta Mixer: 16 players|Tit For 2 Tats|ZD-GTFT-2: 0.25, 0.5|GTFT: 0.33|Cooperator|Alternator|Random: 0.5|ZD-Extort-2: 0.1111111111111111, 0.5|Meta Winner: 16 players|Bully|Win-Shift Lose-Stay: D|Grudger|Tit For Tat"
533,3.39,1.59,4.73,3.08,0.05,0.09,54,165,7,"Evolved HMM 5|ZD-Extort-2: 0.1111111111111111, 0.5|GTFT: 0.33|Meta Mixer: 6 players|Grudger|Tit For 2 Tats|Random: 0.5"
534,4.87,1.39,5.3,2.87,0.04,0.07,18,88,10,"Win-Stay Lose-Shift|Suspicious Tit For Tat|Tit For Tat|Cycler DC|Win-Shift Lose-Stay: D|Cooperator|Meta Mixer: 9 players|Defector|Evolved FSM 16|DoubleCrosser: (D, D)"
535,4.01,0.78,5.14,1.04,0.08,0.08,39,190,9,"Grudger|Anti Tit For Tat|Tit For 2 Tats|Cooperator|GTFT: 0.33|ZD-Extort-2: 0.1111111111111111, 0.5|Bully|Cycler DC|Win-Shift Lose-Stay: D"
536,3.76,1.46,4.46,1.49,0.03,0.03,34,188,5,"Cycler DC|ZD-Extort-2: 0.1111111111111111, 0.5|Win-Stay Lose-Shift|Anti Tit For Tat|Suspicious Tit For Tat"
537,3.44,1.12,4.46,2.42,0.05,0.08,50,163,5,Suspicious Tit For Tat|Random: 0.5|Cooperator|Soft Joss: 0.9|Bully
538,3.52,1.54,5.44,2.62,0.06,0.08,10,65,16,"Evolved FSM 16|Win-Shift Lose-Stay: D|Random: 0.5|Defector|GTFT: 0.33|ZD-Extort-2: 0.1111111111111111, 0.5|Meta Winner: 14 players|Meta Mixer: 14 players|Cycler DC|ZD-GTFT-2: 0.25, 0.5|DoubleCrosser: (D, D)|Grudger|Soft Joss: 0.9|Cooperator|Evolved HMM 5|Bully"
539,3.5,1.1,5.02,1.45,0.07,0.01,66,88,20,"Defector|Suspicious Tit For Tat|Cooperator|Tit For Tat|Meta Mixer: 18 players|Win-Stay Lose-Shift|ZD-Extort-2: 0.1111111111111111, 0.5|Meta Winner: 18 players|Tit For 2 Tats|Win-Shift Lose-Stay: D|Evolved HMM 5|Anti Tit For Tat|Cycler DC|Evolved FSM 16|Bully|Grudger|GTFT: 0.33|Soft Joss: 0.9|DoubleCrosser: (D, D)|Alternator"
540,4.26,1.44,5.7,1.51,0.1,0.07,63,200,11,"Tit For Tat|Win-Shift Lose-Stay: D|Random: 0.5|Win-Stay Lose-Shift|Grudger|Cycler DC|Evolved HMM 5|Defector|ZD-GTFT-2: 0.25, 0.5|Soft Joss: 0.9|DoubleCrosser: (D, D)"
541,3.89,0.47,4.01,1.16,0.06,0.01,68,197,11,"Alternator|Suspicious Tit For Tat|Meta Mixer: 9 players|Win-Shift Lose-Stay: D|Win-Stay Lose-Shift|Grudger|Meta Winner: 9 players|Defector|Evolved FSM 16|Tit For 2 Tats|DoubleCrosser: (D, D)"
542,3.48,0.32,4.65,1.49,0.05,0.09,23,20,10,Defector|GTFT: 0.33|Random: 0.5|Evolved HMM 5|Evolved FSM 16|Anti Tit For Tat|Tit For 2 Tats|Grudger|Soft Joss: 0.9|Tit For Tat
543,2.72,0.85,4.11,1.93,0.03,0.05,19,84,16,"Cycler DC|Meta Winner: 14 players|Evolved HMM 5|Win-Stay Lose-Shift|Suspicious Tit For Tat|Bully|Soft Joss: 0.9|Cooperator|Defector|Evolved FSM 16|Win-Shift Lose-Stay: D|GTFT: 0.33|Meta Mixer: 14 players|Grudger|Tit For 2 Tats|DoubleCrosser: (D, D)"
544,3.58,0.93,4.04,1.18,0.07,0.03,56,198,17,"Suspicious Tit For Tat|Defector|GTFT: 0.33|Soft Joss: 0.9|Tit For Tat|Evolved HMM 5|Grudger|Meta Mixer: 16 players|Cooperator|Evolved FSM 16|Random: 0.5|Cycler DC|Tit For 2 Tats|Alternator|Bully|Win-Shift Lose-Stay: D|ZD-Extort-2: 0.1111111111111111, 0.5"
545,3.12,0.1,4.82,2.03,0.05,0.09,75,96,3,"Evolved HMM 5|DoubleCrosser: (D, D)|Anti Tit For Tat"
546,2.86,0.08,4.57,1.12,0.01,0.06,24,137,8,"ZD-Extort-2: 0.1111111111111111, 0.5|Bully|Evolved HMM 5|Soft Joss: 0.9|Suspicious Tit For Tat|Meta Mixer: 7 players|DoubleCrosser: (D, D)|Random: 0.5"
547,4.12,1.54,5.06,3.56,0.0,0.06,10,160,15,"Alternator|Meta Winner: 14 players|Tit For Tat|GTFT: 0.33|DoubleCrosser: (D, D)|Cycler DC|Win-Shift Lose-Stay: D|ZD-GTFT-2: 0.25, 0.5|Cooperator|Win-Stay Lose-Shift|Evolved HMM 5|Defector|Random: 0.5|Evolved FSM 16|Soft Joss: 0.9"
548,4.03,1.82,5.54,2.07,0.09,0.02,28,53,12,"Defector|Cooperator|Alternator|ZD-GTFT-2: 0.25, 0.5|Anti Tit For Tat|Cycler DC|Grudger|Evolved HMM 5|Meta Winner: 10 players|DoubleCrosser: (D, D)|Meta Mixer: 10 players|GTFT: 0.33"
549,2.73,0.47,4.42,1.73,0.09,0.02,55,7,7,Soft Joss: 0.9|Cooperator|Tit For 2 Tats|Alternator|Meta Winner: 6 players|Suspicious Tit For Tat|Evolved FSM 16
550,2.92,1.06,4.1,1.38,0.06,0.01,32,130,21,"ZD-Extort-2: 0.1111111111111111, 0.5|Cooperator|Defector|Suspicious Tit For Tat|Meta Mixer: 19 players|Random: 0.5|Grudger|Meta Winner: 19 players|Evolved FSM 16|Evolved HMM 5|ZD-GTFT-2: 0.25, 0.5|Soft Joss: 0.9|Anti Tit For Tat|Win-Shift Lose-Stay: D|DoubleCrosser: (D, D)|GTFT: 0.33|Bully|Cycler DC|Alternator|Win-Stay Lose-Shift|Tit For 2 Tats"
551,3.61,1.75,4.01,2.04,0.04,0.09,18,112,12,"Tit For Tat|Bully|Tit For 2 Tats|Random: 0.5|Alternator|Win-Shift Lose-Stay: D|GTFT: 0.33|ZD-GTFT-2: 0.25, 0.5|Meta Mixer: 11 players|Cooperator|DoubleCrosser: (D, D)|Win-Stay Lose-Shift"
552,3.05,0.61,4.02,1.29,0.0,0.06,36,190,12,"Grudger|Evolved FSM 16|DoubleCrosser: (D, D)|Defector|Meta Mixer: 10 players|Evolved HMM 5|ZD-Extort-2: 0.1111111111111111, 0.5|Soft Joss: 0.9|Win-Shift Lose-Stay: D|Bully|Meta Winner: 10 players|GTFT: 0.33"
553,4.07,0.22,4.36,1.34,0.05,0.03,90,96,11,"Evolved FSM 16|GTFT: 0.33|Alternator|Meta Winner: 9 players|Meta Mixer: 9 players|Evolved HMM 5|Random: 0.5|ZD-Extort-2: 0.1111111111111111, 0.5|Grudger|Bully|Suspicious Tit For Tat"
554,2.79,1.09,4.09,2.07,0.02,0.0,38,24,16,"Bully|Cooperator|Random: 0.5|Soft Joss: 0.9|DoubleCrosser: (D, D)|Evolved HMM 5|Cycler DC|ZD-GTFT-2: 0.25, 0.5|Win-Stay Lose-Shift|Tit For 2 Tats|GTFT: 0.33|Alternator|Evolved FSM 16|Tit For Tat|Win-Shift Lose-Stay: D|Meta Winner: 15 players"
555,3.48,1.17,4.26,1.91,0.07,0.05,83,51,7,"Tit For Tat|ZD-Extort-2: 0.1111111111111111, 0.5|Cycler DC|Evolved FSM 16|Meta Winner: 6 players|Bully|Cooperator"
556,3.83,1.31,4.5,1.85,0.05,0.06,76,148,11,"Cycler DC|GTFT: 0.33|DoubleCrosser: (D, D)|Grudger|Meta Winner: 9 players|Anti Tit For Tat|Tit For 2 Tats|Meta Mixer: 9 players|Alternator|Random: 0.5|Cooperator"
557,2.98,0.49,4.48,1.02,0.09,0.02,83,104,17,"Suspicious Tit For Tat|Soft Joss: 0.9|Evolved FSM 16|Win-Shift Lose-Stay: D|ZD-GTFT-2: 0.25, 0.5|Meta Mixer: 16 players|Cooperator|Grudger|Cycler DC|GTFT: 0.33|Evolved HMM 5|Defector|Tit For 2 Tats|Bully|DoubleCrosser: (D, D)|ZD-Extort-2: 0.1111111111111111, 0.5|Random: 0.5"
558,3.62,1.07,5.54,1.25,0.08,0.03,56,110,3,"ZD-GTFT-2: 0.25, 0.5|Cycler DC|Cooperator"
559,3.12,0.68,4.45,1.24,0.03,0.09,49,116,16,"ZD-GTFT-2: 0.25, 0.5|Bully|ZD-Extort-2: 0.1111111111111111, 0.5|Defector|Tit For 2 Tats|Evolved FSM 16|Suspicious Tit For Tat|Meta Mixer: 15 players|DoubleCrosser: (D, D)|GTFT: 0.33|Cooperator|Alternator|Grudger|Evolved HMM 5|Soft Joss: 0.9|Cycler DC"
560,3.95,1.22,5.72,3.36,0.02,0.09,77,43,14,"Defector|Cooperator|Meta Winner: 13 players|Tit For Tat|Cycler DC|DoubleCrosser: (D, D)|Suspicious Tit For Tat|ZD-GTFT-2: 0.25, 0.5|Alternator|Random: 0.5|Soft Joss: 0.9|Tit For 2 Tats|Win-Shift Lose-Stay: D|GTFT: 0.33"
561,3.77,1.29,5.79,1.38,0.0,0.03,81,172,12,"Suspicious Tit For Tat|Evolved FSM 16|Meta Mixer: 10 players|Bully|Anti Tit For Tat|DoubleCrosser: (D, D)|Cycler DC|Evolved HMM 5|Tit For Tat|Soft Joss: 0.9|Cooperator|Meta Winner: 10 players"
562,2.24,0.14,4.02,1.39,0.06,0.05,94,113,12,"Cooperator|ZD-GTFT-2: 0.25, 0.5|Evolved FSM 16|Soft Joss: 0.9|Cycler DC|Bully|GTFT: 0.33|Evolved HMM 5|Meta Mixer: 11 players|Alternator|Suspicious Tit For Tat|DoubleCrosser: (D, D)"
563,4.2,1.76,4.21,2.93,0.04,0.09,95,127,16,"DoubleCrosser: (D, D)|Anti Tit For Tat|Cooperator|Win-Shift Lose-Stay: D|Evolved HMM 5|ZD-GTFT-2: 0.25, 0.5|GTFT: 0.33|Suspicious Tit For Tat|Random: 0.5|Cycler DC|Defector|Meta Mixer: 14 players|Alternator|Meta Winner: 14 players|Tit For Tat|ZD-Extort-2: 0.1111111111111111, 0.5"
564,5.3,1.88,5.99,3.1,0.06,0.06,95,98,4,Evolved FSM 16|Cooperator|Evolved HMM 5|Meta Mixer: 3 players
565,3.83,1.5,4.72,3.56,0.04,0.07,54,166,17,"Soft Joss: 0.9|Evolved HMM 5|ZD-Extort-2: 0.1111111111111111, 0.5|Anti Tit For Tat|Tit For 2 Tats|DoubleCrosser: (D, D)|Alternator|Cooperator|Win-Stay Lose-Shift|Bully|Random: 0.5|GTFT: 0.33|Defector|Meta Mixer: 15 players|Cycler DC|Meta Winner: 15 players|Grudger"
566,4.94,1.64,5.46,2.0,0.03,0.1,41,71,17,"Anti Tit For Tat|GTFT: 0.33|Soft Joss: 0.9|Win-Shift Lose-Stay: D|Defector|Suspicious Tit For Tat|Meta Mixer: 15 players|Grudger|ZD-Extort-2: 0.1111111111111111, 0.5|Tit For 2 Tats|ZD-GTFT-2: 0.25, 0.5|Bully|Tit For Tat|Meta Winner: 15 players|Evolved FSM 16|Random: 0.5|Cycler DC"
567,4.48,1.38,5.08,4.36,0.03,0.09,21,164,15,"GTFT: 0.33|Evolved FSM 16|Random: 0.5|Defector|Tit For 2 Tats|Suspicious Tit For Tat|Win-Shift Lose-Stay: D|DoubleCrosser: (D, D)|Grudger|Tit For Tat|Evolved HMM 5|Soft Joss: 0.9|ZD-GTFT-2: 0.25, 0.5|Meta Winner: 14 players|Bully"
568,4.67,2.32,5.82,3.06,0.05,0.04,99,20,9,"Bully|Meta Winner: 8 players|Evolved FSM 16|Tit For 2 Tats|Win-Shift Lose-Stay: D|Cycler DC|GTFT: 0.33|ZD-GTFT-2: 0.25, 0.5|Defector"
569,4.57,1.31,4.79,1.37,0.08,0.09,47,158,21,"Bully|GTFT: 0.33|Tit For Tat|Soft Joss: 0.9|Anti Tit For Tat|Evolved FSM 16|Cycler DC|Meta Mixer: 20 players|Random: 0.5|Alternator|ZD-Extort-2: 0.1111111111111111, 0.5|Cooperator|Evolved HMM 5|Win-Stay Lose-Shift|Win-Shift Lose-Stay: D|Grudger|Defector|ZD-GTFT-2: 0.25, 0.5|DoubleCrosser: (D, D)|Tit For 2 Tats|Suspicious Tit For Tat"
570,3.56,1.01,4.83,2.45,0.08,0.06,90,148,15,"Win-Shift Lose-Stay: D|Grudger|Meta Winner: 13 players|DoubleCrosser: (D, D)|Meta Mixer: 13 players|ZD-GTFT-2: 0.25, 0.5|Tit For Tat|Defector|Evolved FSM 16|Soft Joss: 0.9|Anti Tit For Tat|Bully|Tit For 2 Tats|Cooperator|GTFT: 0.33"
571,4.01,2.81,4.19,3.97,0.05,0.01,87,59,14,"Meta Mixer: 13 players|ZD-GTFT-2: 0.25, 0.5|Tit For Tat|Soft Joss: 0.9|Win-Shift Lose-Stay: D|Anti Tit For Tat|Evolved HMM 5|Win-Stay Lose-Shift|Evolved FSM 16|DoubleCrosser: (D, D)|Random: 0.5|Suspicious Tit For Tat|ZD-Extort-2: 0.1111111111111111, 0.5|Bully"
572,3.23,1.5,4.06,1.96,0.01,0.04,94,116,12,"ZD-GTFT-2: 0.25, 0.5|Win-Stay Lose-Shift|GTFT: 0.33|Tit For Tat|ZD-Extort-2: 0.1111111111111111, 0.5|DoubleCrosser: (D, D)|Cycler DC|Tit For 2 Tats|Win-Shift Lose-Stay: D|Evolved FSM 16|Meta Mixer: 11 players|Defector"
573,3.97,2.45,4.81,3.04,0.04,0.05,53,47,6,"Win-Stay Lose-Shift|Grudger|Defector|DoubleCrosser: (D, D)|Win-Shift Lose-Stay: D|Random: 0.5"
574,2.57,0.46,4.18,1.31,0.06,0.01,67,193,6,"ZD-Extort-2: 0.1111111111111111, 0.5|Win-Shift Lose-Stay: D|Alternator|Anti Tit For Tat|ZD-GTFT-2: 0.25, 0.5|Evolved HMM 5"
575,2.66,1.21,4.03,1.51,0.06,0.04,18,45,9,"Meta Mixer: 8 players|Evolved FSM 16|Random: 0.5|Defector|ZD-GTFT-2: 0.25, 0.5|Suspicious Tit For Tat|Grudger|Anti Tit For Tat|DoubleCrosser: (D, D)"
576,4.44,1.86,4.88,3.66,0.08,0.04,89,10,20,"Cooperator|Win-Stay Lose-Shift|Meta Mixer: 18 players|Meta Winner: 18 players|Grudger|Defector|ZD-Extort-2: 0.1111111111111111, 0.5|Soft Joss: 0.9|Anti Tit For Tat|Tit For Tat|Evolved HMM 5|Evolved FSM 16|Bully|Random: 0.5|Tit For 2 Tats|Win-Shift Lose-Stay: D|Cycler DC|ZD-GTFT-2: 0.25, 0.5|Suspicious Tit For Tat|Alternator"
577,4.08,2.09,4.12,2.48,0.07,0.08,85,26,19,"Bully|Meta Mixer: 17 players|GTFT: 0.33|ZD-Extort-2: 0.1111111111111111, 0.5|ZD-GTFT-2: 0.25, 0.5|Evolved HMM 5|Tit For 2 Tats|Random: 0.5|Win-Shift Lose-Stay: D|Evolved FSM 16|Cooperator|Cycler DC|Defector|Meta Winner: 17 players|Tit For Tat|Suspicious Tit For Tat|Anti Tit For Tat|DoubleCrosser: (D, D)|Grudger"
578,3.06,0.99,4.81,2.01,0.03,0.05,59,79,18,"Win-Stay Lose-Shift|Anti Tit For Tat|ZD-Extort-2: 0.1111111111111111, 0.5|Meta Mixer: 16 players|Suspicious Tit For Tat|Bully|Meta Winner: 16 players|Soft Joss: 0.9|Random: 0.5|Grudger|DoubleCrosser: (D, D)|Win-Shift Lose-Stay: D|Evolved FSM 16|Defector|Alternator|Cycler DC|Tit For Tat|GTFT: 0.33"
579,3.51,1.01,5.93,1.88,0.08,0.07,65,190,19,"ZD-Extort-2: 0.1111111111111111, 0.5|Defector|Meta Winner: 17 players|Grudger|Anti Tit For Tat|Suspicious Tit For Tat|Cooperator|Tit For Tat|Bully|Random: 0.5|Evolved HMM 5|Meta Mixer: 17 players|ZD-GTFT-2: 0.25, 0.5|Tit For 2 Tats|Soft Joss: 0.9|Win-Stay Lose-Shift|Cycler DC|GTFT: 0.33|Alternator"
580,2.8,0.3,4.09,2.62,0.03,0.09,94,85,8,"Tit For 2 Tats|Tit For Tat|Grudger|Meta Winner: 7 players|Anti Tit For Tat|Cycler DC|ZD-Extort-2: 0.1111111111111111, 0.5|Win-Stay Lose-Shift"
581,3.66,1.42,4.49,3.35,0.06,0.09,90,80,9,"Meta Mixer: 8 players|Win-Shift Lose-Stay: D|DoubleCrosser: (D, D)|Alternator|Evolved FSM 16|ZD-GTFT-2: 0.25, 0.5|Tit For 2 Tats|Cycler DC|ZD-Extort-2: 0.1111111111111111, 0.5"
582,5.1,1.8,5.8,3.0,0.06,0.04,99,197,17,"Cycler DC|Tit For Tat|Bully|Cooperator|Evolved HMM 5|Defector|Random: 0.5|Anti Tit For Tat|Evolved FSM 16|Win-Shift Lose-Stay: D|ZD-Extort-2: 0.1111111111111111, 0.5|DoubleCrosser: (D, D)|Meta Winner: 15 players|Suspicious Tit For Tat|Win-Stay Lose-Shift|Meta Mixer: 15 players|GTFT: 0.33"
583,3.47,0.15,4.57,1.27,0.08,0.09,21,143,18,"Suspicious Tit For Tat|Cycler DC|ZD-Extort-2: 0.1111111111111111, 0.5|Anti Tit For Tat|Random: 0.5|ZD-GTFT-2: 0.25, 0.5|Cooperator|Evolved HMM 5|Evolved FSM 16|Alternator|Meta Winner: 16 players|Bully|Soft Joss: 0.9|Win-Stay Lose-Shift|DoubleCrosser: (D, D)|Tit For Tat|Meta Mixer: 16 players|GTFT: 0.33"
584,3.5,1.15,4.64,3.37,0.1,0.09,54,119,9,Meta Mixer: 8 players|Anti Tit For Tat|Tit For 2 Tats|Evolved FSM 16|Cycler DC|Win-Stay Lose-Shift|Bully|Cooperator|Random: 0.5
585,4.43,0.88,4.88,3.06,0.02,0.05,50,15,6,"Meta Winner: 5 players|Bully|DoubleCrosser: (D, D)|ZD-Extort-2: 0.1111111111111111, 0.5|ZD-GTFT-2: 0.25, 0.5|Alternator"
586,3.54,0.18,4.45,2.43,0.06,0.09,83,166,15,"Win-Stay Lose-Shift|Evolved FSM 16|Tit For 2 Tats|Soft Joss: 0.9|Tit For Tat|Random: 0.5|Win-Shift Lose-Stay: D|Defector|GTFT: 0.33|ZD-GTFT-2: 0.25, 0.5|Meta Mixer: 14 players|Bully|Grudger|ZD-Extort-2: 0.1111111111111111, 0.5|Evolved HMM 5"
587,2.86,0.44,4.86,1.08,0.09,0.09,61,33,14,"Suspicious Tit For Tat|Tit For 2 Tats|DoubleCrosser: (D, D)|Evolved FSM 16|Soft Joss: 0.9|ZD-GTFT-2: 0.25, 0.5|ZD-Extort-2: 0.1111111111111111, 0.5|Meta Winner: 12 players|Tit For Tat|Defector|Meta Mixer: 12 players|Grudger|Random: 0.5|Bully"
588,4.09,1.88,4.39,3.04,0.09,0.05,62,96,12,"Suspicious Tit For Tat|Tit For 2 Tats|Cycler DC|Random: 0.5|Cooperator|Soft Joss: 0.9|Win-Stay Lose-Shift|ZD-Extort-2: 0.1111111111111111, 0.5|DoubleCrosser: (D, D)|Meta Mixer: 10 players|Evolved HMM 5|Meta Winner: 10 players"
589,2.46,0.28,4.1,1.81,0.04,0.05,33,114,3,Suspicious Tit For Tat|Tit For 2 Tats|Evolved HMM 5
590,2.93,0.5,4.31,2.51,0.04,0.05,26,196,18,"GTFT: 0.33|Evolved FSM 16|Meta Mixer: 16 players|ZD-Extort-2: 0.1111111111111111, 0.5|Anti Tit For Tat|Cooperator|Bully|ZD-GTFT-2: 0.25, 0.5|Alternator|DoubleCrosser: (D, D)|Tit For 2 Tats|Defector|Soft Joss: 0.9|Meta Winner: 16 players|Win-Shift Lose-Stay: D|Win-Stay Lose-Shift|Tit For Tat|Suspicious Tit For Tat"
591,4.38,0.85,4.63,2.51,0.02,0.03,81,41,7,"Defector|DoubleCrosser: (D, D)|Cooperator|ZD-GTFT-2: 0.25, 0.5|Meta Mixer: 5 players|Meta Winner: 5 players|Random: 0.5"
592,4.11,0.37,4.23,3.83,0.0,0.09,70,98,18,"Defector|Alternator|Evolved HMM 5|Grudger|Soft Joss: 0.9|Meta Winner: 16 players|ZD-GTFT-2: 0.25, 0.5|Random: 0.5|Meta Mixer: 16 players|Tit For Tat|GTFT: 0.33|Win-Stay Lose-Shift|ZD-Extort-2: 0.1111111111111111, 0.5|Evolved FSM 16|Anti Tit For Tat|Bully|DoubleCrosser: (D, D)|Tit For 2 Tats"
593,2.68,0.25,4.27,1.66,0.1,0.08,95,51,13,"Win-Stay Lose-Shift|Bully|Grudger|Random: 0.5|Alternator|DoubleCrosser: (D, D)|Defector|Evolved HMM 5|ZD-Extort-2: 0.1111111111111111, 0.5|Cycler DC|Cooperator|Win-Shift Lose-Stay: D|Tit For 2 Tats"
594,3.51,0.73,4.33,2.76,0.1,0.03,44,192,17,"Meta Winner: 16 players|Bully|GTFT: 0.33|ZD-GTFT-2: 0.25, 0.5|Anti Tit For Tat|Cycler DC|Alternator|Grudger|Win-Stay Lose-Shift|Random: 0.5|ZD-Extort-2: 0.1111111111111111, 0.5|Suspicious Tit For Tat|Cooperator|Tit For Tat|Evolved FSM 16|DoubleCrosser: (D, D)|Tit For 2 Tats"
595,5.01,1.91,5.03,2.7,0.01,0.03,43,142,9,"Random: 0.5|Win-Stay Lose-Shift|Win-Shift Lose-Stay: D|Bully|Soft Joss: 0.9|Evolved HMM 5|GTFT: 0.33|DoubleCrosser: (D, D)|Evolved FSM 16"
596,5.06,3.11,5.17,4.93,0.03,0.07,88,32,4,Cycler DC|Suspicious Tit For Tat|Bully|Defector
597,4.07,0.8,4.18,1.01,0.02,0.0,20,100,13,"Meta Mixer: 12 players|ZD-Extort-2: 0.1111111111111111, 0.5|Suspicious Tit For Tat|Random: 0.5|Evolved FSM 16|Evolved HMM 5|Defector|Tit For Tat|Cycler DC|Grudger|GTFT: 0.33|Win-Stay Lose-Shift|Alternator"
598,3.47,1.17,4.89,1.2,0.03,0.09,83,49,6,Bully|Suspicious Tit For Tat|Defector|GTFT: 0.33|Tit For Tat|Evolved FSM 16
599,4.33,0.82,4.79,1.99,0.06,0.02,42,89,10,"ZD-Extort-2: 0.1111111111111111, 0.5|Alternator|Win-Shift Lose-Stay: D|Win-Stay Lose-Shift|Defector|Bully|Anti Tit For Tat|Random: 0.5|Tit For Tat|ZD-GTFT-2: 0.25, 0.5"
600,5.01,2.73,5.35,2.79,0.07,0.03,56,179,22,"Meta Winner: 20 players|Bully|Evolved HMM 5|Win-Shift Lose-Stay: D|GTFT: 0.33|Soft Joss: 0.9|Grudger|Random: 0.5|Tit For 2 Tats|Tit For Tat|Defector|DoubleCrosser: (D, D)|Cycler DC|ZD-GTFT-2: 0.25, 0.5|ZD-Extort-2: 0.1111111111111111, 0.5|Win-Stay Lose-Shift|Evolved FSM 16|Anti Tit For Tat|Suspicious Tit For Tat|Meta Mixer: 20 players|Alternator|Cooperator"
601,3.38,1.0,5.38,3.09,0.08,0.09,61,119,17,"Soft Joss: 0.9|Cycler DC|Meta Mixer: 15 players|Tit For 2 Tats|DoubleCrosser: (D, D)|Alternator|Evolved FSM 16|Evolved HMM 5|Defector|Suspicious Tit For Tat|GTFT: 0.33|Bully|Meta Winner: 15 players|ZD-GTFT-2: 0.25, 0.5|ZD-Extort-2: 0.1111111111111111, 0.5|Cooperator|Win-Shift Lose-Stay: D"
602,2.96,0.3,4.03,1.53,0.05,0.02,80,72,10,"Suspicious Tit For Tat|Random: 0.5|Evolved FSM 16|Meta Mixer: 9 players|DoubleCrosser: (D, D)|ZD-GTFT-2: 0.25, 0.5|Defector|Tit For Tat|GTFT: 0.33|Alternator"
603,3.69,0.72,5.2,1.92,0.07,0.01,82,122,5,"Alternator|Soft Joss: 0.9|Grudger|DoubleCrosser: (D, D)|Tit For Tat"
604,4.41,3.4,4.63,4.32,0.06,0.06,52,179,9,"Cycler DC|GTFT: 0.33|Evolved HMM 5|Tit For Tat|Evolved FSM 16|ZD-GTFT-2: 0.25, 0.5|Random: 0.5|Win-Stay Lose-Shift|ZD-Extort-2: 0.1111111111111111, 0.5"
605,2.74,0.89,4.3,1.92,0.09,0.09,44,18,17,Tit For 2 Tats|Suspicious Tit For Tat|Win-Shift Lose-Stay: D|Cycler DC|Grudger|Anti Tit For Tat|Random: 0.5|Cooperator|Soft Joss: 0.9|GTFT: 0.33|Alternator|Defector|Meta Winner: 15 players|Tit For Tat|Bully|Meta Mixer: 15 players|Evolved FSM 16
606,3.9,1.69,5.91,1.91,0.02,0.08,34,153,22,"Cooperator|Win-Stay Lose-Shift|Anti Tit For Tat|Suspicious Tit For Tat|ZD-Extort-2: 0.1111111111111111, 0.5|ZD-GTFT-2: 0.25, 0.5|Meta Mixer: 20 players|Meta Winner: 20 players|Tit For 2 Tats|Evolved HMM 5|DoubleCrosser: (D, D)|Alternator|Cycler DC|Random: 0.5|Soft Joss: 0.9|Evolved FSM 16|Bully|GTFT: 0.33|Win-Shift Lose-Stay: D|Defector|Grudger|Tit For Tat"
607,4.13,1.84,4.74,4.11,0.04,0.02,66,195,13,"Cooperator|Win-Shift Lose-Stay: D|Soft Joss: 0.9|Meta Mixer: 12 players|Suspicious Tit For Tat|Evolved FSM 16|Win-Stay Lose-Shift|Bully|Random: 0.5|ZD-Extort-2: 0.1111111111111111, 0.5|Defector|Alternator|Anti Tit For Tat"
608,2.69,0.26,4.1,1.81,0.08,0.04,13,161,16,"Meta Mixer: 14 players|GTFT: 0.33|Tit For 2 Tats|Defector|Meta Winner: 14 players|Anti Tit For Tat|Win-Stay Lose-Shift|Evolved HMM 5|Random: 0.5|Evolved FSM 16|DoubleCrosser: (D, D)|Alternator|Win-Shift Lose-Stay: D|ZD-GTFT-2: 0.25, 0.5|Bully|Cooperator"
609,3.11,1.27,4.68,2.58,0.05,0.05,92,102,7,"ZD-GTFT-2: 0.25, 0.5|Bully|Suspicious Tit For Tat|Soft Joss: 0.9|Defector|Cooperator|Win-Shift Lose-Stay: D"
610,3.02,0.9,4.64,2.28,0.05,0.03,13,172,16,"ZD-GTFT-2: 0.25, 0.5|Bully|Anti Tit For Tat|Suspicious Tit For Tat|Evolved FSM 16|Evolved HMM 5|Tit For Tat|Win-Stay Lose-Shift|Random: 0.5|Alternator|Defector|Meta Winner: 14 players|Soft Joss: 0.9|Grudger|Meta Mixer: 14 players|Cooperator"
611,3.42,0.36,4.56,2.24,0.02,0.06,52,51,13,"Win-Shift Lose-Stay: D|Tit For 2 Tats|Cooperator|Win-Stay Lose-Shift|Soft Joss: 0.9|Alternator|ZD-GTFT-2: 0.25, 0.5|Evolved HMM 5|GTFT: 0.33|DoubleCrosser: (D, D)|Meta Winner: 12 players|Suspicious Tit For Tat|Evolved FSM 16"
612,4.48,1.01,5.44,2.59,0.08,0.09,71,144,22,"Win-Stay Lose-Shift|Tit For Tat|Bully|Cooperator|Alternator|ZD-GTFT-2: 0.25, 0.5|Anti Tit For Tat|DoubleCrosser: (D, D)|ZD-Extort-2: 0.1111111111111111, 0.5|Cycler DC|Soft Joss: 0.9|Tit For 2 Tats|Meta Mixer: 20 players|Suspicious Tit For Tat|Evolved FSM 16|Grudger|Win-Shift Lose-Stay: D|Meta Winner: 20 players|Random: 0.5|GTFT: 0.33|Defector|Evolved HMM 5"
613,3.3,1.07,5.48,1.64,0.03,0.0,25,78,7,Win-Shift Lose-Stay: D|Soft Joss: 0.9|Suspicious Tit For Tat|Cooperator|Alternator|Random: 0.5|Defector
614,3.76,1.23,5.16,1.75,0.05,0.07,29,56,5,Tit For 2 Tats|Meta Winner: 4 players|Alternator|Anti Tit For Tat|Random: 0.5
615,4.24,1.03,4.73,2.76,0.09,0.07,79,38,13,"Meta Mixer: 11 players|Grudger|DoubleCrosser: (D, D)|Defector|Tit For 2 Tats|Meta Winner: 11 players|Soft Joss: 0.9|Evolved HMM 5|ZD-GTFT-2: 0.25, 0.5|Cycler DC|Bully|GTFT: 0.33|Tit For Tat"
616,4.47,0.64,4.69,4.41,0.03,0.06,30,147,7,"Suspicious Tit For Tat|Tit For 2 Tats|Bully|DoubleCrosser: (D, D)|Cooperator|ZD-Extort-2: 0.1111111111111111, 0.5|Anti Tit For Tat"
617,3.75,0.94,5.04,1.7,0.09,0.07,97,182,13,"Random: 0.5|Cooperator|GTFT: 0.33|Grudger|ZD-GTFT-2: 0.25, 0.5|Tit For 2 Tats|ZD-Extort-2: 0.1111111111111111, 0.5|Meta Mixer: 12 players|Win-Stay Lose-Shift|Defector|Evolved HMM 5|Suspicious Tit For Tat|Anti Tit For Tat"
618,3.58,0.97,4.45,1.4,0.08,0.07,74,28,18,"Cycler DC|Bully|Win-Stay Lose-Shift|Tit For Tat|Tit For 2 Tats|Evolved FSM 16|Suspicious Tit For Tat|Win-Shift Lose-Stay: D|GTFT: 0.33|Anti Tit For Tat|Cooperator|Alternator|DoubleCrosser: (D, D)|ZD-Extort-2: 0.1111111111111111, 0.5|Meta Winner: 17 players|Soft Joss: 0.9|ZD-GTFT-2: 0.25, 0.5|Defector"
619,3.1,0.54,5.2,1.79,0.06,0.09,91,158,21,"Anti Tit For Tat|Random: 0.5|Meta Winner: 19 players|Meta Mixer: 19 players|GTFT: 0.33|Grudger|Alternator|Cycler DC|ZD-Extort-2: 0.1111111111111111, 0.5|Tit For Tat|Suspicious Tit For Tat|Win-Shift Lose-Stay: D|Evolved FSM 16|DoubleCrosser: (D, D)|Defector|Tit For 2 Tats|Cooperator|Evolved HMM 5|ZD-GTFT-2: 0.25, 0.5|Soft Joss: 0.9|Win-Stay Lose-Shift"
620,4.07,0.28,4.49,2.94,0.04,0.03,87,121,4,"GTFT: 0.33|Win-Stay Lose-Shift|ZD-GTFT-2: 0.25, 0.5|Soft Joss: 0.9"
621,3.0,0.13,4.43,1.02,0.09,0.08,74,114,5,"ZD-Extort-2: 0.1111111111111111, 0.5|Defector|Soft Joss: 0.9|Win-Shift Lose-Stay: D|Evolved HMM 5"
622,4.21,2.33,5.17,2.58,0.03,0.02,47,154,13,"DoubleCrosser: (D, D)|Cooperator|Cycler DC|Bully|Suspicious Tit For Tat|Random: 0.5|ZD-Extort-2: 0.1111111111111111, 0.5|Meta Mixer: 12 players|Alternator|ZD-GTFT-2: 0.25, 0.5|Grudger|GTFT: 0.33|Evolved HMM 5"
623,5.29,1.49,5.48,3.41,0.04,0.07,12,182,19,"Grudger|Meta Mixer: 17 players|ZD-GTFT-2: 0.25, 0.5|Cooperator|DoubleCrosser: (D, D)|Random: 0.5|Anti Tit For Tat|Cycler DC|Suspicious Tit For Tat|Win-Shift Lose-Stay: D|Meta Winner: 17 players|Evolved FSM 16|ZD-Extort-2: 0.1111111111111111, 0.5|Win-Stay Lose-Shift|Tit For 2 Tats|Bully|Defector|GTFT: 0.33|Evolved HMM 5"
624,4.57,3.71,4.8,4.24,0.01,0.02,83,48,9,"Soft Joss: 0.9|ZD-GTFT-2: 0.25, 0.5|Grudger|Meta Mixer: 8 players|Win-Shift Lose-Stay: D|Random: 0.5|Bully|Tit For 2 Tats|GTFT: 0.33"
625,2.98,0.49,4.37,2.11,0.01,0.01,99,101,3,"Grudger|Anti Tit For Tat|ZD-Extort-2: 0.1111111111111111, 0.5"
626,3.78,1.27,4.02,1.38,0.09,0.08,34,170,18,"Random: 0.5|Meta Winner: 16 players|Suspicious Tit For Tat|Cooperator|Defector|Tit For 2 Tats|Bully|Meta Mixer: 16 players|GTFT: 0.33|Soft Joss: 0.9|Win-Shift Lose-Stay: D|ZD-Extort-2: 0.1111111111111111, 0.5|Anti Tit For Tat|Tit For Tat|Win-Stay Lose-Shift|Cycler DC|Grudger|ZD-GTFT-2: 0.25, 0.5"
627,3.04,1.01,4.64,1.39,0.04,0.04,38,192,7,"Random: 0.5|Evolved FSM 16|ZD-Extort-2: 0.1111111111111111, 0.5|DoubleCrosser: (D, D)|Defector|Tit For Tat|Win-Stay Lose-Shift"
628,4.2,2.7,5.12,3.49,0.0,0.03,45,119,13,"Win-Stay Lose-Shift|ZD-GTFT-2: 0.25, 0.5|Evolved FSM 16|GTFT: 0.33|Meta Winner: 11 players|Random: 0.5|ZD-Extort-2: 0.1111111111111111, 0.5|Suspicious Tit For Tat|Tit For 2 Tats|Grudger|Meta Mixer: 11 players|Win-Shift Lose-Stay: D|DoubleCrosser: (D, D)"
629,5.3,2.03,5.38,3.29,0.01,0.06,44,74,22,"ZD-Extort-2: 0.1111111111111111, 0.5|Tit For Tat|GTFT: 0.33|Evolved FSM 16|Meta Mixer: 20 players|Suspicious Tit For Tat|Grudger|Cycler DC|Cooperator|Defector|Win-Shift Lose-Stay: D|Evolved HMM 5|Meta Winner: 20 players|Soft Joss: 0.9|Random: 0.5|ZD-GTFT-2: 0.25, 0.5|DoubleCrosser: (D, D)|Anti Tit For Tat|Win-Stay Lose-Shift|Bully|Tit For 2 Tats|Alternator"
630,3.22,0.71,5.37,2.2,0.08,0.06,32,31,12,"Meta Mixer: 10 players|Tit For Tat|Suspicious Tit For Tat|GTFT: 0.33|Defector|Random: 0.5|Grudger|Cooperator|Evolved FSM 16|Meta Winner: 10 players|ZD-Extort-2: 0.1111111111111111, 0.5|Cycler DC"
631,4.79,2.54,4.99,3.09,0.05,0.04,44,14,16,"Meta Mixer: 14 players|Random: 0.5|Evolved FSM 16|Cooperator|Meta Winner: 14 players|DoubleCrosser: (D, D)|Tit For 2 Tats|Defector|Anti Tit For Tat|Bully|ZD-GTFT-2: 0.25, 0.5|ZD-Extort-2: 0.1111111111111111, 0.5|Soft Joss: 0.9|Alternator|Win-Shift Lose-Stay: D|Suspicious Tit For Tat"
632,2.23,0.21,4.14,1.66,0.01,0.07,64,53,4,Meta Winner: 3 players|Evolved HMM 5|Anti Tit For Tat|Alternator
633,4.17,0.93,4.22,3.28,0.02,0.02,87,147,11,"ZD-GTFT-2: 0.25, 0.5|Grudger|Tit For Tat|Cycler DC|Alternator|GTFT: 0.33|Evolved FSM 16|Bully|Tit For 2 Tats|Suspicious Tit For Tat|Cooperator"
634,3.01,0.91,4.49,1.49,0.09,0.09,45,28,3,Tit For Tat|Meta Winner: 2 players|Win-Stay Lose-Shift
635,4.47,1.76,4.87,3.95,0.02,0.08,62,183,17,"Soft Joss: 0.9|Cycler DC|Tit For 2 Tats|Evolved FSM 16|Alternator|Win-Shift Lose-Stay: D|Suspicious Tit For Tat|Meta Winner: 15 players|GTFT: 0.33|Tit For Tat|Random: 0.5|ZD-Extort-2: 0.1111111111111111, 0.5|Defector|Win-Stay Lose-Shift|ZD-GTFT-2: 0.25, 0.5|Cooperator|Meta Mixer: 15 players"
636,4.71,1.21,5.23,3.25,0.07,0.06,99,175,15,"Defector|Tit For 2 Tats|Suspicious Tit For Tat|Evolved FSM 16|GTFT: 0.33|Grudger|Meta Mixer: 14 players|Cycler DC|Cooperator|ZD-Extort-2: 0.1111111111111111, 0.5|Soft Joss: 0.9|DoubleCrosser: (D, D)|Evolved HMM 5|Tit For Tat|Alternator"
637,2.89,0.78,4.04,1.84,0.04,0.03,44,94,11,"Random: 0.5|Defector|Meta Mixer: 9 players|Tit For Tat|ZD-Extort-2: 0.1111111111111111, 0.5|ZD-GTFT-2: 0.25, 0.5|Suspicious Tit For Tat|DoubleCrosser: (D, D)|Alternator|Meta Winner: 9 players|Evolved FSM 16"
638,2.48,0.33,4.1,2.05,0.06,0.06,42,21,19,"Win-Shift Lose-Stay: D|Soft Joss: 0.9|Cycler DC|Win-Stay Lose-Shift|Evolved FSM 16|DoubleCrosser: (D, D)|Meta Winner: 17 players|ZD-Extort-2: 0.1111111111111111, 0.5|Bully|Cooperator|Suspicious Tit For Tat|ZD-GTFT-2: 0.25, 0.5|Meta Mixer: 17 players|Random: 0.5|Anti Tit For Tat|Tit For Tat|Alternator|GTFT: 0.33|Defector"
639,4.47,3.49,5.15,4.03,0.07,0.03,70,109,8,"Tit For Tat|Alternator|Suspicious Tit For Tat|Bully|Evolved HMM 5|Cooperator|Win-Shift Lose-Stay: D|DoubleCrosser: (D, D)"
640,3.91,1.81,5.57,3.27,0.04,0.02,78,48,10,"Alternator|GTFT: 0.33|Defector|Win-Shift Lose-Stay: D|ZD-Extort-2: 0.1111111111111111, 0.5|Meta Winner: 9 players|Anti Tit For Tat|Suspicious Tit For Tat|Bully|DoubleCrosser: (D, D)"
641,4.33,1.29,4.92,3.26,0.05,0.04,77,120,19,"Grudger|Evolved FSM 16|Evolved HMM 5|Tit For 2 Tats|Win-Shift Lose-Stay: D|ZD-Extort-2: 0.1111111111111111, 0.5|DoubleCrosser: (D, D)|Bully|ZD-GTFT-2: 0.25, 0.5|Tit For Tat|Soft Joss: 0.9|Alternator|Cooperator|Anti Tit For Tat|Defector|Suspicious Tit For Tat|Meta Winner: 18 players|GTFT: 0.33|Win-Stay Lose-Shift"
642,2.83,0.51,4.77,1.04,0.08,0.02,91,193,7,Soft Joss: 0.9|Evolved HMM 5|Cycler DC|Win-Stay Lose-Shift|Tit For 2 Tats|Tit For Tat|Evolved FSM 16
643,2.46,0.8,4.03,1.64,0.05,0.05,36,119,7,"DoubleCrosser: (D, D)|Anti Tit For Tat|Tit For Tat|Cycler DC|Cooperator|Win-Stay Lose-Shift|Grudger"
644,2.98,1.16,4.11,1.77,0.04,0.06,55,132,20,"Random: 0.5|Anti Tit For Tat|Meta Winner: 18 players|Bully|Grudger|GTFT: 0.33|Suspicious Tit For Tat|Cycler DC|Win-Shift Lose-Stay: D|Evolved HMM 5|Alternator|Meta Mixer: 18 players|Tit For 2 Tats|DoubleCrosser: (D, D)|Soft Joss: 0.9|ZD-GTFT-2: 0.25, 0.5|Evolved FSM 16|Tit For Tat|ZD-Extort-2: 0.1111111111111111, 0.5|Win-Stay Lose-Shift"
645,3.82,1.62,4.76,2.24,0.03,0.01,35,24,22,"Tit For 2 Tats|Win-Shift Lose-Stay: D|Meta Winner: 20 players|Tit For Tat|Anti Tit For Tat|ZD-GTFT-2: 0.25, 0.5|Win-Stay Lose-Shift|Alternator|Bully|Cooperator|Suspicious Tit For Tat|Random: 0.5|Evolved FSM 16|Grudger|DoubleCrosser: (D, D)|GTFT: 0.33|Cycler DC|Defector|Evolved HMM 5|Soft Joss: 0.9|Meta Mixer: 20 players|ZD-Extort-2: 0.1111111111111111, 0.5"
646,4.23,1.03,4.44,1.53,0.01,0.07,53,158,14,"Random: 0.5|Win-Shift Lose-Stay: D|Evolved HMM 5|ZD-GTFT-2: 0.25, 0.5|Evolved FSM 16|GTFT: 0.33|ZD-Extort-2: 0.1111111111111111, 0.5|Meta Mixer: 12 players|Bully|Meta Winner: 12 players|Tit For 2 Tats|Win-Stay Lose-Shift|Soft Joss: 0.9|Cycler DC"
647,4.81,1.57,5.61,1.93,0.04,0.03,75,77,18,"Tit For 2 Tats|Anti Tit For Tat|Evolved HMM 5|Win-Stay Lose-Shift|Win-Shift Lose-Stay: D|Cooperator|Cycler DC|ZD-GTFT-2: 0.25, 0.5|ZD-Extort-2: 0.1111111111111111, 0.5|Meta Winner: 16 players|DoubleCrosser: (D, D)|Grudger|Tit For Tat|Bully|Meta Mixer: 16 players|Defector|Random: 0.5|Suspicious Tit For Tat"
648,4.03,0.75,4.73,2.27,0.01,0.02,71,170,5,"GTFT: 0.33|Anti Tit For Tat|DoubleCrosser: (D, D)|Tit For 2 Tats|Cycler DC"
649,4.77,0.84,4.83,2.26,0.03,0.05,72,102,21,"Suspicious Tit For Tat|Tit For 2 Tats|DoubleCrosser: (D, D)|Tit For Tat|Win-Stay Lose-Shift|Evolved HMM 5|Defector|Random: 0.5|Bully|ZD-GTFT-2: 0.25, 0.5|Soft Joss: 0.9|Meta Mixer: 19 players|Meta Winner: 19 players|Anti Tit For Tat|Win-Shift Lose-Stay: D|Alternator|GTFT: 0.33|Grudger|ZD-Extort-2: 0.1111111111111111, 0.5|Evolved FSM 16|Cooperator"
650,4.23,1.49,4.27,2.18,0.08,0.04,83,23,4,Defector|Win-Stay Lose-Shift|GTFT: 0.33|Cooperator
651,3.21,1.95,4.08,3.18,0.08,0.02,31,101,18,"Cooperator|Win-Shift Lose-Stay: D|Evolved HMM 5|Win-Stay Lose-Shift|ZD-Extort-2: 0.1111111111111111, 0.5|Bully|Evolved FSM 16|ZD-GTFT-2: 0.25, 0.5|Anti Tit For Tat|Tit For Tat|Random: 0.5|Cycler DC|Soft Joss: 0.9|Meta Mixer: 16 players|DoubleCrosser: (D, D)|Meta Winner: 16 players|GTFT: 0.33|Tit For 2 Tats"
652,4.75,1.2,5.39,2.35,0.03,0.07,61,108,10,"Win-Stay Lose-Shift|GTFT: 0.33|Suspicious Tit For Tat|Tit For Tat|Soft Joss: 0.9|Cycler DC|ZD-Extort-2: 0.1111111111111111, 0.5|Alternator|Anti Tit For Tat|ZD-GTFT-2: 0.25, 0.5"
653,5.1,1.92,5.29,3.26,0.09,0.02,70,168,4,Grudger|Defector|Tit For 2 Tats|Suspicious Tit For Tat
654,4.26,2.43,4.78,2.51,0.08,0.09,67,35,13,"DoubleCrosser: (D, D)|GTFT: 0.33|Evolved HMM 5|Defector|Alternator|Evolved FSM 16|Win-Shift Lose-Stay: D|Suspicious Tit For Tat|Anti Tit For Tat|Tit For Tat|ZD-Extort-2: 0.1111111111111111, 0.5|Bully|ZD-GTFT-2: 0.25, 0.5"
655,4.75,1.98,5.81,2.57,0.06,0.07,88,96,13,"Alternator|Cooperator|Random: 0.5|ZD-Extort-2: 0.1111111111111111, 0.5|Suspicious Tit For Tat|ZD-GTFT-2: 0.25, 0.5|Cycler DC|Defector|GTFT: 0.33|DoubleCrosser: (D, D)|Grudger|Win-Shift Lose-Stay: D|Evolved FSM 16"
656,4.72,2.88,5.06,4.7,0.06,0.04,15,117,21,"ZD-GTFT-2: 0.25, 0.5|Win-Stay Lose-Shift|Meta Winner: 19 players|Soft Joss: 0.9|Anti Tit For Tat|Meta Mixer: 19 players|GTFT: 0.33|Alternator|Suspicious Tit For Tat|ZD-Extort-2: 0.1111111111111111, 0.5|Random: 0.5|Evolved FSM 16|Tit For Tat|DoubleCrosser: (D, D)|Tit For 2 Tats|Cycler DC|Win-Shift Lose-Stay: D|Grudger|Bully|Cooperator|Evolved HMM 5"
657,2.87,0.09,4.9,2.22,0.02,0.09,42,102,11,"Alternator|ZD-Extort-2: 0.1111111111111111, 0.5|Tit For Tat|Anti Tit For Tat|Evolved FSM 16|Soft Joss: 0.9|ZD-GTFT-2: 0.25, 0.5|Suspicious Tit For Tat|Meta Winner: 9 players|Meta Mixer: 9 players|DoubleCrosser: (D, D)"
658,5.15,1.74,5.92,2.14,0.05,0.04,74,188,12,"Evolved FSM 16|Anti Tit For Tat|Random: 0.5|Evolved HMM 5|Suspicious Tit For Tat|Win-Stay Lose-Shift|Cooperator|DoubleCrosser: (D, D)|Meta Winner: 11 players|ZD-GTFT-2: 0.25, 0.5|Win-Shift Lose-Stay: D|Defector"
659,3.54,0.45,4.35,1.04,0.03,0.02,71,6,6,"Cycler DC|Win-Shift Lose-Stay: D|Defector|Win-Stay Lose-Shift|Meta Mixer: 5 players|DoubleCrosser: (D, D)"
660,2.99,0.89,4.32,2.45,0.08,0.03,79,178,20,"Meta Mixer: 18 players|Bully|Meta Winner: 18 players|Cycler DC|Cooperator|Alternator|Tit For Tat|Anti Tit For Tat|Tit For 2 Tats|DoubleCrosser: (D, D)|Evolved HMM 5|Evolved FSM 16|Soft Joss: 0.9|Random: 0.5|Defector|ZD-Extort-2: 0.1111111111111111, 0.5|Grudger|Win-Shift Lose-Stay: D|ZD-GTFT-2: 0.25, 0.5|GTFT: 0.33"
661,3.5,0.14,4.24,1.7,0.08,0.04,59,49,20,"Win-Shift Lose-Stay: D|Alternator|Evolved FSM 16|Bully|Evolved HMM 5|Defector|Cycler DC|ZD-Extort-2: 0.1111111111111111, 0.5|ZD-GTFT-2: 0.25, 0.5|Meta Winner: 18 players|Grudger|Tit For 2 Tats|Cooperator|Tit For Tat|Soft Joss: 0.9|Meta Mixer: 18 players|DoubleCrosser: (D, D)|Win-Stay Lose-Shift|Random: 0.5|Suspicious Tit For Tat"
662,3.57,1.75,5.24,2.51,0.1,0.07,94,200,18,"ZD-GTFT-2: 0.25, 0.5|Soft Joss: 0.9|Tit For 2 Tats|GTFT: 0.33|Grudger|Suspicious Tit For Tat|Anti Tit For Tat|Alternator|Tit For Tat|Cooperator|Meta Mixer: 16 players|Win-Stay Lose-Shift|Defector|Meta Winner: 16 players|Evolved HMM 5|DoubleCrosser: (D, D)|Bully|Evolved FSM 16"
663,3.51,1.32,5.19,2.39,0.08,0.01,14,164,13,"Tit For Tat|Win-Stay Lose-Shift|ZD-GTFT-2: 0.25, 0.5|DoubleCrosser: (D, D)|Meta Mixer: 12 players|Anti Tit For Tat|Cooperator|Alternator|Cycler DC|GTFT: 0.33|Bully|Evolved HMM 5|Suspicious Tit For Tat"
664,5.37,3.07,5.87,3.39,0.07,0.01,61,193,4,"Win-Stay Lose-Shift|DoubleCrosser: (D, D)|Bully|Meta Winner: 3 players"
665,4.18,0.34,4.37,3.23,0.08,0.05,100,33,8,"Meta Winner: 6 players|ZD-Extort-2: 0.1111111111111111, 0.5|Tit For Tat|DoubleCrosser: (D, D)|Alternator|Meta Mixer: 6 players|Win-Shift Lose-Stay: D|Win-Stay Lose-Shift"
666,2.45,0.38,4.12,1.97,0.05,0.03,61,152,16,"Evolved HMM 5|Win-Stay Lose-Shift|Win-Shift Lose-Stay: D|Tit For Tat|Cooperator|DoubleCrosser: (D, D)|Evolved FSM 16|GTFT: 0.33|Meta Mixer: 14 players|Meta Winner: 14 players|Alternator|Anti Tit For Tat|Suspicious Tit For Tat|ZD-GTFT-2: 0.25, 0.5|Cycler DC|Defector"
667,2.42,0.23,4.26,1.91,0.07,0.01,15,60,10,Anti Tit For Tat|Bully|Tit For 2 Tats|Cycler DC|Suspicious Tit For Tat|Win-Shift Lose-Stay: D|Cooperator|Win-Stay Lose-Shift|Alternator|GTFT: 0.33
668,3.2,0.86,4.68,1.32,0.01,0.04,62,97,19,"Meta Winner: 18 players|Win-Shift Lose-Stay: D|Soft Joss: 0.9|Suspicious Tit For Tat|Cycler DC|Evolved HMM 5|Tit For 2 Tats|Defector|Cooperator|GTFT: 0.33|Random: 0.5|DoubleCrosser: (D, D)|Tit For Tat|Win-Stay Lose-Shift|ZD-GTFT-2: 0.25, 0.5|Grudger|Alternator|Bully|Evolved FSM 16"
669,4.73,1.96,4.77,3.06,0.01,0.03,57,134,11,"Cooperator|Win-Shift Lose-Stay: D|ZD-Extort-2: 0.1111111111111111, 0.5|Win-Stay Lose-Shift|Tit For 2 Tats|Alternator|Bully|Evolved HMM 5|Anti Tit For Tat|Meta Winner: 10 players|Cycler DC"
670,3.83,1.46,4.65,2.57,0.0,0.02,23,188,12,"DoubleCrosser: (D, D)|Win-Shift Lose-Stay: D|Meta Mixer: 11 players|Evolved HMM 5|Suspicious Tit For Tat|Tit For 2 Tats|Grudger|Anti Tit For Tat|ZD-GTFT-2: 0.25, 0.5|Tit For Tat|Win-Stay Lose-Shift|Cooperator"
671,3.87,1.04,5.52,2.42,0.06,0.07,23,145,7,"Tit For Tat|DoubleCrosser: (D, D)|Anti Tit For Tat|Suspicious Tit For Tat|Soft Joss: 0.9|Meta Mixer: 6 players|Bully"
672,4.19,1.98,4.21,2.75,0.02,0.02,57,25,4,"Win-Shift Lose-Stay: D|Alternator|Evolved HMM 5|DoubleCrosser: (D, D)"
673,2.63,0.88,4.24,1.96,0.02,0.03,40,157,6,"Bully|Win-Shift Lose-Stay: D|Evolved FSM 16|ZD-GTFT-2: 0.25, 0.5|Tit For Tat|Anti Tit For Tat"
674,5.2,3.04,5.46,3.06,0.08,0.09,22,23,19,"Evolved HMM 5|Tit For Tat|Meta Winner: 17 players|Win-Shift Lose-Stay: D|Alternator|DoubleCrosser: (D, D)|Grudger|Soft Joss: 0.9|Defector|Tit For 2 Tats|Meta Mixer: 17 players|Evolved FSM 16|Bully|ZD-GTFT-2: 0.25, 0.5|Anti Tit For Tat|ZD-Extort-2: 0.1111111111111111, 0.5|Cycler DC|GTFT: 0.33|Win-Stay Lose-Shift"
675,3.95,0.47,4.36,1.58,0.01,0.04,89,35,4,Cooperator|Suspicious Tit For Tat|Grudger|Meta Mixer: 3 players
676,4.67,1.75,5.51,4.06,0.07,0.08,30,122,15,"Alternator|Defector|Grudger|Anti Tit For Tat|ZD-GTFT-2: 0.25, 0.5|Meta Mixer: 14 players|DoubleCrosser: (D, D)|Evolved HMM 5|Soft Joss: 0.9|Tit For 2 Tats|Bully|Cooperator|Random: 0.5|Evolved FSM 16|Suspicious Tit For Tat"
677,2.51,0.59,4.22,2.23,0.05,0.06,96,136,21,"Evolved HMM 5|GTFT: 0.33|Soft Joss: 0.9|Defector|ZD-GTFT-2: 0.25, 0.5|Suspicious Tit For Tat|Evolved FSM 16|ZD-Extort-2: 0.1111111111111111, 0.5|Bully|Win-Stay Lose-Shift|Tit For Tat|Cycler DC|Meta Winner: 19 players|Meta Mixer: 19 players|Cooperator|Tit For 2 Tats|Alternator|Anti Tit For Tat|Grudger|Win-Shift Lose-Stay: D|DoubleCrosser: (D, D)"
678,3.65,0.72,5.55,1.24,0.08,0.01,16,59,20,"Cooperator|ZD-GTFT-2: 0.25, 0.5|Random: 0.5|Tit For 2 Tats|Cycler DC|Anti Tit For Tat|Defector|Win-Shift Lose-Stay: D|Meta Winner: 18 players|Evolved HMM 5|Bully|DoubleCrosser: (D, D)|Alternator|Soft Joss: 0.9|ZD-Extort-2: 0.1111111111111111, 0.5|Tit For Tat|Meta Mixer: 18 players|Evolved FSM 16|Win-Stay Lose-Shift|Suspicious Tit For Tat"
679,3.8,0.26,4.28,2.96,0.01,0.04,64,185,20,"Bully|GTFT: 0.33|Soft Joss: 0.9|Defector|Win-Shift Lose-Stay: D|Meta Mixer: 18 players|Alternator|Random: 0.5|Tit For 2 Tats|Evolved FSM 16|DoubleCrosser: (D, D)|ZD-Extort-2: 0.1111111111111111, 0.5|Grudger|Win-Stay Lose-Shift|Anti Tit For Tat|Meta Winner: 18 players|Tit For Tat|Cycler DC|ZD-GTFT-2: 0.25, 0.5|Cooperator"
680,3.63,1.37,5.38,3.12,0.09,0.06,17,162,22,"Alternator|Cycler DC|Grudger|GTFT: 0.33|Tit For 2 Tats|Cooperator|Win-Stay Lose-Shift|ZD-GTFT-2: 0.25, 0.5|Meta Mixer: 20 players|DoubleCrosser: (D, D)|Bully|Anti Tit For Tat|Win-Shift Lose-Stay: D|Evolved FSM 16|Tit For Tat|Random: 0.5|ZD-Extort-2: 0.1111111111111111, 0.5|Soft Joss: 0.9|Meta Winner: 20 players|Defector|Suspicious Tit For Tat|Evolved HMM 5"
681,4.36,0.97,5.0,2.06,0.05,0.05,15,154,4,Alternator|Meta Winner: 3 players|Win-Shift Lose-Stay: D|Tit For Tat
682,3.76,0.9,4.76,1.24,0.03,0.01,58,145,6,"Tit For Tat|DoubleCrosser: (D, D)|Cycler DC|Win-Shift Lose-Stay: D|ZD-Extort-2: 0.1111111111111111, 0.5|Meta Winner: 5 players"
683,3.35,1.5,4.34,2.71,0.0,0.05,62,54,10,"DoubleCrosser: (D, D)|Evolved FSM 16|Meta Mixer: 9 players|ZD-GTFT-2: 0.25, 0.5|Soft Joss: 0.9|Grudger|Alternator|Tit For 2 Tats|Win-Stay Lose-Shift|Evolved HMM 5"
684,2.57,0.13,4.13,1.07,0.04,0.08,25,143,19,"Alternator|Win-Shift Lose-Stay: D|Meta Mixer: 18 players|Defector|ZD-GTFT-2: 0.25, 0.5|Random: 0.5|ZD-Extort-2: 0.1111111111111111, 0.5|Soft Joss: 0.9|Cooperator|Evolved FSM 16|DoubleCrosser: (D, D)|Suspicious Tit For Tat|Grudger|Tit For 2 Tats|Anti Tit For Tat|Win-Stay Lose-Shift|Bully|Tit For Tat|Cycler DC"
685,3.8,1.87,5.45,2.81,0.03,0.03,12,63,16,"Cycler DC|Grudger|ZD-Extort-2: 0.1111111111111111, 0.5|DoubleCrosser: (D, D)|Suspicious Tit For Tat|Cooperator|Win-Stay Lose-Shift|Tit For 2 Tats|Meta Winner: 15 players|Anti Tit For Tat|Tit For Tat|Alternator|ZD-GTFT-2: 0.25, 0.5|Evolved HMM 5|Random: 0.5|Soft Joss: 0.9"
686,4.03,2.86,4.71,3.3,0.0,0.04,39,185,14,"GTFT: 0.33|ZD-GTFT-2: 0.25, 0.5|Defector|Win-Stay Lose-Shift|Suspicious Tit For Tat|Alternator|Bully|Tit For Tat|Meta Mixer: 12 players|Cycler DC|DoubleCrosser: (D, D)|Tit For 2 Tats|Meta Winner: 12 players|Win-Shift Lose-Stay: D"
687,4.57,2.57,5.15,2.8,0.08,0.07,57,62,20,"ZD-Extort-2: 0.1111111111111111, 0.5|Meta Winner: 18 players|Defector|Win-Shift Lose-Stay: D|GTFT: 0.33|Cycler DC|Soft Joss: 0.9|Win-Stay Lose-Shift|DoubleCrosser: (D, D)|Grudger|Alternator|ZD-GTFT-2: 0.25, 0.5|Evolved FSM 16|Tit For 2 Tats|Meta Mixer: 18 players|Random: 0.5|Suspicious Tit For Tat|Evolved HMM 5|Bully|Tit For Tat"
688,3.26,2.06,4.39,2.33,0.01,0.07,28,27,5,"Cooperator|Evolved FSM 16|Soft Joss: 0.9|ZD-Extort-2: 0.1111111111111111, 0.5|ZD-GTFT-2: 0.25, 0.5"
689,4.05,0.16,4.1,1.74,0.07,0.05,27,104,13,"Tit For Tat|Anti Tit For Tat|DoubleCrosser: (D, D)|Meta Mixer: 11 players|Bully|ZD-GTFT-2: 0.25, 0.5|Random: 0.5|Tit For 2 Tats|Defector|Suspicious Tit For Tat|Evolved HMM 5|Meta Winner: 11 players|Win-Shift Lose-Stay: D"
690,4.9,2.0,5.72,3.81,0.0,0.09,36,7,3,Evolved HMM 5|Cooperator|GTFT: 0.33
691,3.62,0.01,4.24,2.09,0.06,0.02,57,157,14,"Cycler DC|Anti Tit For Tat|Bully|Win-Stay Lose-Shift|Evolved FSM 16|Cooperator|Evolved HMM 5|Meta Mixer: 12 players|Win-Shift Lose-Stay: D|Meta Winner: 12 players|ZD-Extort-2: 0.1111111111111111, 0.5|Grudger|Suspicious Tit For Tat|DoubleCrosser: (D, D)"
692,4.47,2.3,4.95,3.04,0.04,0.02,30,56,22,"Evolved FSM 16|ZD-Extort-2: 0.1111111111111111, 0.5|Cycler DC|Bully|Tit For Tat|Soft Joss: 0.9|Win-Shift Lose-Stay: D|Defector|Meta Mixer: 20 players|Suspicious Tit For Tat|Anti Tit For Tat|Grudger|Meta Winner: 20 players|Alternator|Win-Stay Lose-Shift|GTFT: 0.33|ZD-GTFT-2: 0.25, 0.5|DoubleCrosser: (D, D)|Cooperator|Evolved HMM 5|Random: 0.5|Tit For 2 Tats"
693,4.54,1.08,5.26,2.19,0.04,0.04,15,133,6,"Cooperator|Cycler DC|DoubleCrosser: (D, D)|Alternator|Anti Tit For Tat|Suspicious Tit For Tat"
694,3.7,2.45,4.8,3.21,0.04,0.07,19,83,9,"Cooperator|Defector|Suspicious Tit For Tat|Win-Shift Lose-Stay: D|GTFT: 0.33|Grudger|Anti Tit For Tat|DoubleCrosser: (D, D)|Evolved FSM 16"
695,5.19,1.3,5.24,4.48,0.1,0.01,48,142,3,"ZD-Extort-2: 0.1111111111111111, 0.5|Soft Joss: 0.9|Suspicious Tit For Tat"
696,3.89,0.86,4.74,1.05,0.05,0.1,84,182,5,Win-Stay Lose-Shift|Evolved HMM 5|Defector|Alternator|Soft Joss: 0.9
697,4.32,1.17,5.98,1.55,0.07,0.06,90,108,22,"Evolved HMM 5|Tit For 2 Tats|Win-Stay Lose-Shift|ZD-GTFT-2: 0.25, 0.5|Soft Joss: 0.9|Bully|Evolved FSM 16|ZD-Extort-2: 0.1111111111111111, 0.5|Win-Shift Lose-Stay: D|Meta Mixer: 20 players|Defector|Random: 0.5|Suspicious Tit For Tat|Cooperator|Meta Winner: 20 players|Tit For Tat|Cycler DC|Alternator|GTFT: 0.33|Grudger|Anti Tit For Tat|DoubleCrosser: (D, D)"
698,5.02,3.24,5.33,3.61,0.05,0.07,81,194,3,Win-Stay Lose-Shift|Alternator|Grudger
699,4.07,1.13,5.39,2.05,0.08,0.01,85,196,14,"ZD-GTFT-2: 0.25, 0.5|Cycler DC|DoubleCrosser: (D, D)|Win-Shift Lose-Stay: D|Bully|Tit For 2 Tats|ZD-Extort-2: 0.1111111111111111, 0.5|Defector|Suspicious Tit For Tat|GTFT: 0.33|Anti Tit For Tat|Cooperator|Alternator|Evolved HMM 5"
700,3.37,1.25,4.53,1.57,0.03,0.05,90,11,3,Defector|Random: 0.5|Tit For Tat
701,3.34,1.32,4.0,2.2,0.09,0.04,17,30,15,"ZD-Extort-2: 0.1111111111111111, 0.5|Suspicious Tit For Tat|Bully|Evolved FSM 16|Meta Mixer: 14 players|GTFT: 0.33|Alternator|Random: 0.5|Anti Tit For Tat|ZD-GTFT-2: 0.25, 0.5|Win-Shift Lose-Stay: D|Soft Joss: 0.9|Win-Stay Lose-Shift|Cycler DC|DoubleCrosser: (D, D)"
702,3.57,1.03,4.59,3.2,0.05,0.08,90,134,9,"Evolved HMM 5|Soft Joss: 0.9|DoubleCrosser: (D, D)|Cycler DC|Anti Tit For Tat|Grudger|Tit For Tat|GTFT: 0.33|Meta Winner: 8 players"
703,4.28,1.47,4.54,2.45,0.04,0.01,67,36,15,"DoubleCrosser: (D, D)|Cycler DC|Evolved FSM 16|Meta Mixer: 13 players|Grudger|Alternator|Bully|ZD-GTFT-2: 0.25, 0.5|Meta Winner: 13 players|Tit For Tat|Soft Joss: 0.9|GTFT: 0.33|Tit For 2 Tats|Suspicious Tit For Tat|ZD-Extort-2: 0.1111111111111111, 0.5"
704,4.45,0.76,4.53,1.68,0.01,0.01,50,92,8,"Suspicious Tit For Tat|Grudger|Tit For 2 Tats|Cooperator|Soft Joss: 0.9|Bully|ZD-GTFT-2: 0.25, 0.5|Alternator"
705,4.4,2.77,4.41,4.09,0.01,0.02,58,29,10,"DoubleCrosser: (D, D)|Tit For Tat|ZD-Extort-2: 0.1111111111111111, 0.5|GTFT: 0.33|Cycler DC|Soft Joss: 0.9|Random: 0.5|Win-Shift Lose-Stay: D|Win-Stay Lose-Shift|Defector"
706,3.35,0.96,4.34,1.11,0.03,0.0,22,111,11,"Win-Stay Lose-Shift|Anti Tit For Tat|Tit For Tat|Soft Joss: 0.9|Suspicious Tit For Tat|Win-Shift Lose-Stay: D|Cooperator|ZD-GTFT-2: 0.25, 0.5|Evolved FSM 16|ZD-Extort-2: 0.1111111111111111, 0.5|Meta Mixer: 10 players"
707,5.49,2.16,5.86,4.33,0.05,0.09,19,4,8,"Meta Mixer: 7 players|Bully|Random: 0.5|Evolved HMM 5|ZD-GTFT-2: 0.25, 0.5|Defector|Cooperator|GTFT: 0.33"
708,3.24,0.55,4.39,3.18,0.05,0.07,72,188,22,"Soft Joss: 0.9|Tit For Tat|DoubleCrosser: (D, D)|Meta Mixer: 20 players|ZD-GTFT-2: 0.25, 0.5|Evolved HMM 5|Cooperator|Evolved FSM 16|Win-Shift Lose-Stay: D|Bully|Meta Winner: 20 players|GTFT: 0.33|Defector|Suspicious Tit For Tat|Alternator|Tit For 2 Tats|Anti Tit For Tat|Cycler DC|Random: 0.5|Grudger|ZD-Extort-2: 0.1111111111111111, 0.5|Win-Stay Lose-Shift"
709,4.1,1.38,5.57,3.23,0.07,0.1,68,123,4,"Tit For 2 Tats|Random: 0.5|Tit For Tat|ZD-Extort-2: 0.1111111111111111, 0.5"
710,3.08,0.99,4.0,1.18,0.02,0.06,51,173,8,"Bully|Tit For 2 Tats|Grudger|Alternator|GTFT: 0.33|Soft Joss: 0.9|Cooperator|ZD-GTFT-2: 0.25, 0.5"
711,3.44,1.46,4.53,2.79,0.08,0.02,83,36,13,"Evolved HMM 5|Tit For 2 Tats|Soft Joss: 0.9|Anti Tit For Tat|ZD-GTFT-2: 0.25, 0.5|Win-Shift Lose-Stay: D|Tit For Tat|Suspicious Tit For Tat|Win-Stay Lose-Shift|DoubleCrosser: (D, D)|ZD-Extort-2: 0.1111111111111111, 0.5|Cycler DC|Grudger"
712,4.95,3.29,5.7,4.76,0.02,0.08,65,185,22,"Win-Shift Lose-Stay: D|ZD-Extort-2: 0.1111111111111111, 0.5|Win-Stay Lose-Shift|Cycler DC|Evolved FSM 16|GTFT: 0.33|Bully|Meta Mixer: 20 players|Anti Tit For Tat|Evolved HMM 5|Defector|Tit For Tat|Meta Winner: 20 players|ZD-GTFT-2: 0.25, 0.5|Soft Joss: 0.9|Suspicious Tit For Tat|Alternator|Cooperator|Grudger|DoubleCrosser: (D, D)|Tit For 2 Tats|Random: 0.5"
713,5.17,1.63,5.26,3.06,0.04,0.01,89,148,16,"ZD-Extort-2: 0.1111111111111111, 0.5|Random: 0.5|Cycler DC|Evolved FSM 16|GTFT: 0.33|Meta Winner: 15 players|Suspicious Tit For Tat|Tit For Tat|Grudger|Alternator|ZD-GTFT-2: 0.25, 0.5|Win-Shift Lose-Stay: D|Defector|DoubleCrosser: (D, D)|Tit For 2 Tats|Cooperator"
714,4.24,1.32,5.29,3.57,0.07,0.09,94,93,15,"Tit For 2 Tats|Evolved FSM 16|GTFT: 0.33|Soft Joss: 0.9|Anti Tit For Tat|Alternator|Cooperator|Bully|Cycler DC|Win-Shift Lose-Stay: D|Evolved HMM 5|Defector|Meta Mixer: 13 players|DoubleCrosser: (D, D)|Meta Winner: 13 players"
715,3.24,0.8,4.37,2.03,0.01,0.08,88,76,8,"Meta Mixer: 6 players|Tit For Tat|Cycler DC|ZD-GTFT-2: 0.25, 0.5|Win-Shift Lose-Stay: D|Tit For 2 Tats|Meta Winner: 6 players|DoubleCrosser: (D, D)"
716,4.12,2.18,5.88,3.81,0.01,0.04,43,21,13,"Defector|ZD-GTFT-2: 0.25, 0.5|GTFT: 0.33|Random: 0.5|Meta Winner: 12 players|Evolved FSM 16|Tit For 2 Tats|Bully|Win-Stay Lose-Shift|Soft Joss: 0.9|Suspicious Tit For Tat|DoubleCrosser: (D, D)|Cooperator"
717,3.62,2.3,4.65,2.98,0.03,0.03,10,50,12,"Meta Mixer: 10 players|Evolved FSM 16|Cooperator|ZD-Extort-2: 0.1111111111111111, 0.5|Bully|Meta Winner: 10 players|Random: 0.5|Win-Stay Lose-Shift|Tit For Tat|ZD-GTFT-2: 0.25, 0.5|Alternator|Evolved HMM 5"
718,4.14,0.76,5.04,2.83,0.0,0.08,36,101,12,"Bully|GTFT: 0.33|Win-Stay Lose-Shift|Soft Joss: 0.9|Cooperator|Meta Mixer: 10 players|ZD-Extort-2: 0.1111111111111111, 0.5|ZD-GTFT-2: 0.25, 0.5|Anti Tit For Tat|Evolved HMM 5|Grudger|Meta Winner: 10 players"
719,4.42,1.81,4.73,3.8,0.08,0.05,40,110,17,"GTFT: 0.33|Anti Tit For Tat|Alternator|Win-Shift Lose-Stay: D|Cycler DC|Cooperator|Win-Stay Lose-Shift|Tit For 2 Tats|Soft Joss: 0.9|Meta Mixer: 16 players|Evolved FSM 16|Defector|Bully|Tit For Tat|Suspicious Tit For Tat|ZD-GTFT-2: 0.25, 0.5|Evolved HMM 5"
720,3.55,0.64,4.12,1.34,0.03,0.01,75,135,20,"Grudger|Tit For 2 Tats|Defector|Cycler DC|GTFT: 0.33|DoubleCrosser: (D, D)|ZD-Extort-2: 0.1111111111111111, 0.5|Alternator|Evolved FSM 16|Meta Mixer: 18 players|Win-Stay Lose-Shift|Win-Shift Lose-Stay: D|Suspicious Tit For Tat|Tit For Tat|ZD-GTFT-2: 0.25, 0.5|Bully|Meta Winner: 18 players|Anti Tit For Tat|Evolved HMM 5|Cooperator"
721,3.62,1.23,4.56,2.92,0.04,0.09,88,74,8,"ZD-Extort-2: 0.1111111111111111, 0.5|Cycler DC|Win-Stay Lose-Shift|Cooperator|Bully|DoubleCrosser: (D, D)|GTFT: 0.33|Alternator"
722,3.93,0.15,4.27,3.59,0.08,0.04,39,151,10,"Bully|Tit For Tat|Cycler DC|Cooperator|GTFT: 0.33|ZD-GTFT-2: 0.25, 0.5|Meta Winner: 9 players|Evolved HMM 5|Alternator|Defector"
723,3.94,1.25,5.7,2.13,0.1,0.05,73,177,10,"DoubleCrosser: (D, D)|Soft Joss: 0.9|Meta Mixer: 8 players|Win-Stay Lose-Shift|Meta Winner: 8 players|Cycler DC|Alternator|Bully|Defector|Win-Shift Lose-Stay: D"
724,5.08,1.3,5.48,3.12,0.05,0.02,80,119,14,"Alternator|ZD-GTFT-2: 0.25, 0.5|Defector|Random: 0.5|Tit For 2 Tats|ZD-Extort-2: 0.1111111111111111, 0.5|Bully|GTFT: 0.33|Tit For Tat|Evolved HMM 5|Meta Mixer: 13 players|Evolved FSM 16|DoubleCrosser: (D, D)|Win-Stay Lose-Shift"
725,3.97,1.31,4.64,2.08,0.05,0.04,83,9,13,"Cycler DC|Evolved FSM 16|Bully|ZD-Extort-2: 0.1111111111111111, 0.5|Soft Joss: 0.9|Tit For 2 Tats|Tit For Tat|Grudger|Anti Tit For Tat|Suspicious Tit For Tat|Alternator|Win-Shift Lose-Stay: D|Meta Mixer: 12 players"
726,3.37,0.44,4.43,2.38,0.08,0.0,33,45,7,"Evolved HMM 5|Meta Winner: 6 players|Evolved FSM 16|Suspicious Tit For Tat|DoubleCrosser: (D, D)|Defector|Cooperator"
727,4.77,2.04,5.47,3.48,0.06,0.02,80,37,10,"Defector|GTFT: 0.33|Grudger|Tit For Tat|ZD-GTFT-2: 0.25, 0.5|Suspicious Tit For Tat|Meta Mixer: 9 players|Win-Shift Lose-Stay: D|Cycler DC|DoubleCrosser: (D, D)"
728,3.39,1.87,4.84,2.54,0.09,0.02,60,75,10,Alternator|Evolved HMM 5|GTFT: 0.33|Win-Shift Lose-Stay: D|Meta Mixer: 9 players|Random: 0.5|Cooperator|Bully|Tit For Tat|Win-Stay Lose-Shift
729,3.78,1.23,5.8,2.47,0.01,0.05,51,36,21,"ZD-GTFT-2: 0.25, 0.5|ZD-Extort-2: 0.1111111111111111, 0.5|Tit For Tat|Cycler DC|Evolved HMM 5|Alternator|Cooperator|Bully|Tit For 2 Tats|Defector|Suspicious Tit For Tat|Meta Mixer: 19 players|Win-Shift Lose-Stay: D|Random: 0.5|Soft Joss: 0.9|GTFT: 0.33|Grudger|Evolved FSM 16|Win-Stay Lose-Shift|Meta Winner: 19 players|Anti Tit For Tat"
730,3.54,0.86,5.04,2.45,0.02,0.07,100,96,19,"Grudger|Defector|Tit For Tat|ZD-GTFT-2: 0.25, 0.5|Tit For 2 Tats|Anti Tit For Tat|ZD-Extort-2: 0.1111111111111111, 0.5|Cooperator|Alternator|Cycler DC|Evolved HMM 5|Soft Joss: 0.9|Suspicious Tit For Tat|Random: 0.5|Meta Mixer: 18 players|DoubleCrosser: (D, D)|GTFT: 0.33|Win-Stay Lose-Shift|Bully"
731,4.45,2.07,5.15,3.52,0.03,0.0,48,51,18,"Win-Shift Lose-Stay: D|Meta Mixer: 16 players|ZD-Extort-2: 0.1111111111111111, 0.5|Suspicious Tit For Tat|Anti Tit For Tat|Evolved HMM 5|Alternator|Win-Stay Lose-Shift|Evolved FSM 16|Tit For Tat|ZD-GTFT-2: 0.25, 0.5|Cooperator|Soft Joss: 0.9|Tit For 2 Tats|Grudger|Cycler DC|Random: 0.5|Meta Winner: 16 players"
732,3.77,0.35,4.8,3.03,0.02,0.09,99,118,16,"Soft Joss: 0.9|Cycler DC|Anti Tit For Tat|Cooperator|Bully|Evolved HMM 5|ZD-Extort-2: 0.1111111111111111, 0.5|Suspicious Tit For Tat|Meta Winner: 15 players|Evolved FSM 16|ZD-GTFT-2: 0.25, 0.5|Grudger|Alternator|Tit For 2 Tats|Win-Stay Lose-Shift|Random: 0.5"
733,2.78,1.23,4.27,2.32,0.04,0.02,89,192,9,"Anti Tit For Tat|Win-Stay Lose-Shift|Evolved HMM 5|Suspicious Tit For Tat|DoubleCrosser: (D, D)|Tit For 2 Tats|GTFT: 0.33|Cooperator|Win-Shift Lose-Stay: D"
734,3.35,1.06,4.6,1.35,0.02,0.01,12,143,15,"Meta Mixer: 14 players|ZD-Extort-2: 0.1111111111111111, 0.5|Cycler DC|GTFT: 0.33|Alternator|Evolved HMM 5|Evolved FSM 16|Bully|Win-Stay Lose-Shift|Random: 0.5|Suspicious Tit For Tat|Soft Joss: 0.9|ZD-GTFT-2: 0.25, 0.5|Cooperator|Defector"
735,3.95,1.57,5.43,2.02,0.06,0.08,22,59,17,"Cooperator|Cycler DC|Win-Shift Lose-Stay: D|Suspicious Tit For Tat|DoubleCrosser: (D, D)|Grudger|GTFT: 0.33|Evolved FSM 16|Defector|Evolved HMM 5|Meta Mixer: 15 players|Bully|Meta Winner: 15 players|Alternator|ZD-Extort-2: 0.1111111111111111, 0.5|Soft Joss: 0.9|ZD-GTFT-2: 0.25, 0.5"
736,3.03,0.31,4.84,1.33,0.05,0.01,86,159,4,"Soft Joss: 0.9|Bully|DoubleCrosser: (D, D)|Evolved HMM 5"
737,2.47,0.33,4.04,1.19,0.07,0.09,53,82,11,"Defector|Meta Mixer: 10 players|Alternator|Tit For Tat|Win-Stay Lose-Shift|Anti Tit For Tat|Evolved HMM 5|Evolved FSM 16|ZD-Extort-2: 0.1111111111111111, 0.5|Soft Joss: 0.9|ZD-GTFT-2: 0.25, 0.5"
738,4.47,2.44,4.73,4.32,0.08,0.05,64,79,22,"Bully|Grudger|Soft Joss: 0.9|Evolved HMM 5|Meta Mixer: 20 players|ZD-GTFT-2: 0.25, 0.5|Win-Stay Lose-Shift|Suspicious Tit For Tat|DoubleCrosser: (D, D)|Meta Winner: 20 players|Cooperator|Cycler DC|Tit For Tat|Anti Tit For Tat|Tit For 2 Tats|Evolved FSM 16|Random: 0.5|ZD-Extort-2: 0.1111111111111111, 0.5|GTFT: 0.33|Alternator|Defector|Win-Shift Lose-Stay: D"
739,4.39,1.9,5.11,3.7,0.0,0.0,62,142,10,Cooperator|Soft Joss: 0.9|Tit For 2 Tats|Win-Shift Lose-Stay: D|Bully|Random: 0.5|Defector|Suspicious Tit For Tat|Evolved HMM 5|Alternator
740,3.6,2.08,5.09,3.11,0.04,0.01,13,185,6,"GTFT: 0.33|Anti Tit For Tat|Soft Joss: 0.9|Bully|Suspicious Tit For Tat|ZD-Extort-2: 0.1111111111111111, 0.5"
741,2.94,0.68,4.08,1.48,0.02,0.01,16,74,14,"ZD-Extort-2: 0.1111111111111111, 0.5|Win-Shift Lose-Stay: D|Random: 0.5|Win-Stay Lose-Shift|Suspicious Tit For Tat|Tit For 2 Tats|Defector|Anti Tit For Tat|Grudger|Cooperator|Alternator|DoubleCrosser: (D, D)|Evolved HMM 5|ZD-GTFT-2: 0.25, 0.5"
742,3.25,0.78,4.36,2.19,0.04,0.04,42,128,3,"Suspicious Tit For Tat|Cooperator|ZD-GTFT-2: 0.25, 0.5"
743,3.57,2.34,4.66,2.94,0.01,0.06,95,120,6,Win-Shift Lose-Stay: D|Anti Tit For Tat|Alternator|Meta Winner: 5 players|Tit For Tat|Bully
744,4.05,2.21,5.64,3.13,0.07,0.06,50,64,5,GTFT: 0.33|Defector|Anti Tit For Tat|Win-Shift Lose-Stay: D|Evolved FSM 16
745,3.29,0.53,4.93,1.28,0.06,0.07,23,106,15,"Cooperator|Cycler DC|Suspicious Tit For Tat|Random: 0.5|Win-Stay Lose-Shift|Anti Tit For Tat|Evolved HMM 5|Tit For Tat|ZD-GTFT-2: 0.25, 0.5|Meta Mixer: 13 players|Meta Winner: 13 players|Grudger|Bully|Defector|Evolved FSM 16"
746,3.75,2.45,4.37,3.66,0.06,0.06,24,157,17,"Alternator|Bully|Win-Shift Lose-Stay: D|Defector|DoubleCrosser: (D, D)|Cycler DC|Meta Winner: 15 players|Cooperator|Tit For Tat|Random: 0.5|Evolved FSM 16|ZD-GTFT-2: 0.25, 0.5|Grudger|Meta Mixer: 15 players|Anti Tit For Tat|Tit For 2 Tats|Soft Joss: 0.9"
747,2.33,0.05,4.11,1.88,0.08,0.06,22,140,5,Tit For Tat|Grudger|Meta Winner: 4 players|Evolved FSM 16|Evolved HMM 5
748,3.71,1.39,4.04,2.36,0.03,0.07,13,19,20,"Tit For 2 Tats|Win-Shift Lose-Stay: D|Win-Stay Lose-Shift|ZD-GTFT-2: 0.25, 0.5|Cycler DC|Defector|Cooperator|Tit For Tat|ZD-Extort-2: 0.1111111111111111, 0.5|Meta Mixer: 18 players|Meta Winner: 18 players|Random: 0.5|Evolved FSM 16|Soft Joss: 0.9|DoubleCrosser: (D, D)|GTFT: 0.33|Alternator|Evolved HMM 5|Anti Tit For Tat|Grudger"
749,3.98,2.02,5.35,3.36,0.04,0.09,29,119,15,"Evolved HMM 5|Random: 0.5|Anti Tit For Tat|Win-Shift Lose-Stay: D|Evolved FSM 16|Grudger|Tit For Tat|ZD-Extort-2: 0.1111111111111111, 0.5|ZD-GTFT-2: 0.25, 0.5|Cycler DC|DoubleCrosser: (D, D)|Win-Stay Lose-Shift|Suspicious Tit For Tat|Soft Joss: 0.9|Defector"
750,3.41,0.58,4.85,2.33,0.05,0.07,98,142,20,"Tit For Tat|GTFT: 0.33|Tit For 2 Tats|Grudger|Cooperator|Soft Joss: 0.9|Evolved FSM 16|Bully|Cycler DC|Meta Mixer: 18 players|Alternator|Win-Stay Lose-Shift|Suspicious Tit For Tat|DoubleCrosser: (D, D)|Random: 0.5|ZD-GTFT-2: 0.25, 0.5|Win-Shift Lose-Stay: D|Anti Tit For Tat|ZD-Extort-2: 0.1111111111111111, 0.5|Meta Winner: 18 players"
751,2.76,0.29,4.86,1.9,0.04,0.02,53,27,15,"Cycler DC|Defector|Grudger|Evolved HMM 5|Tit For Tat|DoubleCrosser: (D, D)|Win-Shift Lose-Stay: D|Random: 0.5|Soft Joss: 0.9|Bully|Alternator|ZD-Extort-2: 0.1111111111111111, 0.5|Win-Stay Lose-Shift|Cooperator|Meta Winner: 14 players"
752,3.64,1.42,5.07,2.32,0.09,0.01,43,102,18,"Cycler DC|ZD-Extort-2: 0.1111111111111111, 0.5|Soft Joss: 0.9|Evolved HMM 5|Bully|DoubleCrosser: (D, D)|Alternator|Win-Stay Lose-Shift|Meta Mixer: 16 players|Anti Tit For Tat|Tit For 2 Tats|Meta Winner: 16 players|Grudger|Cooperator|Evolved FSM 16|GTFT: 0.33|Defector|Tit For Tat"
753,4.05,2.31,4.72,2.83,0.1,0.09,62,28,10,"Suspicious Tit For Tat|Random: 0.5|DoubleCrosser: (D, D)|Alternator|GTFT: 0.33|Defector|Tit For Tat|Evolved HMM 5|Cycler DC|ZD-Extort-2: 0.1111111111111111, 0.5"
754,2.34,0.62,4.04,2.21,0.03,0.01,25,158,6,"DoubleCrosser: (D, D)|GTFT: 0.33|Anti Tit For Tat|Suspicious Tit For Tat|Win-Stay Lose-Shift|Win-Shift Lose-Stay: D"
755,3.17,0.12,4.06,1.87,0.08,0.05,18,198,19,"Cycler DC|Win-Shift Lose-Stay: D|Evolved FSM 16|ZD-GTFT-2: 0.25, 0.5|Evolved HMM 5|Anti Tit For Tat|Alternator|DoubleCrosser: (D, D)|Suspicious Tit For Tat|Tit For Tat|Meta Mixer: 17 players|Bully|ZD-Extort-2: 0.1111111111111111, 0.5|Meta Winner: 17 players|Win-Stay Lose-Shift|Cooperator|GTFT: 0.33|Soft Joss: 0.9|Random: 0.5"
756,5.0,3.21,5.57,3.49,0.06,0.09,79,109,22,"Meta Winner: 20 players|ZD-GTFT-2: 0.25, 0.5|Evolved FSM 16|Tit For Tat|Tit For 2 Tats|Soft Joss: 0.9|Win-Stay Lose-Shift|ZD-Extort-2: 0.1111111111111111, 0.5|Win-Shift Lose-Stay: D|Suspicious Tit For Tat|Random: 0.5|Cycler DC|Anti Tit For Tat|Defector|DoubleCrosser: (D, D)|GTFT: 0.33|Bully|Evolved HMM 5|Alternator|Cooperator|Meta Mixer: 20 players|Grudger"
757,3.07,0.93,4.96,2.44,0.07,0.04,19,122,5,"DoubleCrosser: (D, D)|Meta Winner: 4 players|Anti Tit For Tat|Tit For Tat|Evolved FSM 16"
758,4.38,0.77,5.08,3.73,0.03,0.04,100,166,7,"Cooperator|ZD-Extort-2: 0.1111111111111111, 0.5|Evolved HMM 5|Win-Shift Lose-Stay: D|GTFT: 0.33|Grudger|Anti Tit For Tat"
759,4.53,1.99,5.14,2.05,0.03,0.0,58,97,11,"ZD-GTFT-2: 0.25, 0.5|Evolved FSM 16|DoubleCrosser: (D, D)|Meta Mixer: 10 players|Random: 0.5|Evolved HMM 5|Anti Tit For Tat|Defector|Tit For 2 Tats|Suspicious Tit For Tat|Cycler DC"
760,3.9,1.16,4.32,3.7,0.09,0.05,66,88,20,"Alternator|Evolved HMM 5|Soft Joss: 0.9|Win-Stay Lose-Shift|GTFT: 0.33|Tit For Tat|Suspicious Tit For Tat|Tit For 2 Tats|Win-Shift Lose-Stay: D|Evolved FSM 16|Meta Mixer: 18 players|Meta Winner: 18 players|Random: 0.5|Bully|Cooperator|Grudger|DoubleCrosser: (D, D)|Defector|ZD-Extort-2: 0.1111111111111111, 0.5|Anti Tit For Tat"
761,4.49,1.62,4.59,3.79,0.09,0.07,70,80,15,"Cycler DC|GTFT: 0.33|Evolved FSM 16|Bully|Tit For 2 Tats|Alternator|Cooperator|Anti Tit For Tat|Evolved HMM 5|Meta Winner: 13 players|Grudger|Soft Joss: 0.9|Meta Mixer: 13 players|Defector|ZD-GTFT-2: 0.25, 0.5"
762,3.98,0.91,4.26,1.52,0.09,0.04,11,70,17,"Cycler DC|DoubleCrosser: (D, D)|Win-Shift Lose-Stay: D|Defector|Meta Mixer: 15 players|Bully|Meta Winner: 15 players|Grudger|Anti Tit For Tat|ZD-Extort-2: 0.1111111111111111, 0.5|Alternator|Cooperator|Evolved FSM 16|Random: 0.5|GTFT: 0.33|Evolved HMM 5|Tit For Tat"
763,3.64,0.82,4.51,1.75,0.07,0.09,19,29,7,"Suspicious Tit For Tat|Cycler DC|Soft Joss: 0.9|Win-Stay Lose-Shift|ZD-GTFT-2: 0.25, 0.5|Random: 0.5|Bully"
764,4.76,1.55,5.37,4.38,0.0,0.05,18,156,15,Tit For Tat|Anti Tit For Tat|Win-Shift Lose-Stay: D|GTFT: 0.33|Suspicious Tit For Tat|Meta Mixer: 14 players|Tit For 2 Tats|Win-Stay Lose-Shift|Random: 0.5|Cooperator|Defector|Evolved FSM 16|Evolved HMM 5|Bully|Cycler DC
765,3.73,2.65,4.02,3.36,0.07,0.05,60,113,18,"ZD-Extort-2: 0.1111111111111111, 0.5|Win-Stay Lose-Shift|Meta Winner: 16 players|Bully|DoubleCrosser: (D, D)|Grudger|Defector|Cycler DC|Soft Joss: 0.9|ZD-GTFT-2: 0.25, 0.5|GTFT: 0.33|Random: 0.5|Tit For 2 Tats|Meta Mixer: 16 players|Suspicious Tit For Tat|Alternator|Win-Shift Lose-Stay: D|Anti Tit For Tat"
766,5.2,1.85,5.64,3.89,0.06,0.05,80,28,3,Meta Mixer: 1 player|Meta Winner: 1 player|GTFT: 0.33
767,3.48,0.62,4.48,1.36,0.05,0.07,78,189,15,"Evolved FSM 16|Evolved HMM 5|Meta Mixer: 14 players|DoubleCrosser: (D, D)|ZD-Extort-2: 0.1111111111111111, 0.5|ZD-GTFT-2: 0.25, 0.5|Cycler DC|Soft Joss: 0.9|Tit For 2 Tats|Grudger|Win-Stay Lose-Shift|Alternator|Random: 0.5|Defector|Tit For Tat"
768,3.59,1.91,4.18,2.55,0.04,0.03,44,34,9,"ZD-GTFT-2: 0.25, 0.5|Meta Mixer: 8 players|Tit For Tat|Evolved HMM 5|Soft Joss: 0.9|Defector|Evolved FSM 16|Cooperator|Win-Stay Lose-Shift"
769,3.11,0.03,4.92,1.1,0.08,0.06,81,174,18,"Tit For 2 Tats|Cooperator|Alternator|ZD-GTFT-2: 0.25, 0.5|Bully|Win-Stay Lose-Shift|Suspicious Tit For Tat|Defector|Random: 0.5|Meta Winner: 16 players|Anti Tit For Tat|Cycler DC|Evolved FSM 16|Meta Mixer: 16 players|GTFT: 0.33|Evolved HMM 5|Soft Joss: 0.9|Grudger"
770,3.86,0.88,4.4,1.05,0.04,0.02,57,72,13,"Evolved HMM 5|Tit For 2 Tats|Soft Joss: 0.9|Bully|GTFT: 0.33|Alternator|Anti Tit For Tat|Suspicious Tit For Tat|Evolved FSM 16|ZD-GTFT-2: 0.25, 0.5|DoubleCrosser: (D, D)|Grudger|Cycler DC"
771,4.46,1.37,5.18,2.62,0.0,0.08,34,111,16,"ZD-GTFT-2: 0.25, 0.5|Suspicious Tit For Tat|Win-Stay Lose-Shift|Meta Winner: 14 players|Cycler DC|Tit For 2 Tats|ZD-Extort-2: 0.1111111111111111, 0.5|Bully|Meta Mixer: 14 players|Evolved FSM 16|Tit For Tat|Alternator|Win-Shift Lose-Stay: D|Cooperator|DoubleCrosser: (D, D)|Evolved HMM 5"
772,4.79,1.48,5.11,3.14,0.1,0.07,72,158,5,"Grudger|Alternator|Evolved HMM 5|DoubleCrosser: (D, D)|Defector"
773,4.3,2.58,4.73,2.88,0.0,0.06,26,6,5,"Cycler DC|DoubleCrosser: (D, D)|Grudger|Soft Joss: 0.9|Meta Mixer: 4 players"
774,3.7,1.28,5.04,3.36,0.03,0.01,10,195,21,"Grudger|Cycler DC|Bully|Soft Joss: 0.9|Meta Winner: 19 players|GTFT: 0.33|ZD-Extort-2: 0.1111111111111111, 0.5|Anti Tit For Tat|Tit For Tat|DoubleCrosser: (D, D)|Tit For 2 Tats|Meta Mixer: 19 players|Evolved HMM 5|Evolved FSM 16|ZD-GTFT-2: 0.25, 0.5|Win-Shift Lose-Stay: D|Cooperator|Random: 0.5|Win-Stay Lose-Shift|Alternator|Suspicious Tit For Tat"
775,3.55,0.28,4.18,2.03,0.03,0.02,87,123,13,"ZD-Extort-2: 0.1111111111111111, 0.5|Evolved HMM 5|Bully|Soft Joss: 0.9|Anti Tit For Tat|Win-Shift Lose-Stay: D|Grudger|Cycler DC|Evolved FSM 16|ZD-GTFT-2: 0.25, 0.5|Meta Winner: 11 players|Defector|Meta Mixer: 11 players"
776,3.94,1.57,4.34,1.82,0.1,0.05,81,157,13,"Win-Shift Lose-Stay: D|Alternator|Anti Tit For Tat|Bully|Random: 0.5|ZD-Extort-2: 0.1111111111111111, 0.5|Defector|Evolved HMM 5|Grudger|Cycler DC|DoubleCrosser: (D, D)|Tit For Tat|Cooperator"
777,4.17,1.16,4.18,1.23,0.05,0.09,57,2,18,"Bully|Anti Tit For Tat|Grudger|ZD-GTFT-2: 0.25, 0.5|Meta Mixer: 16 players|Meta Winner: 16 players|Cooperator|Win-Stay Lose-Shift|Defector|Alternator|Soft Joss: 0.9|ZD-Extort-2: 0.1111111111111111, 0.5|Tit For Tat|Evolved HMM 5|Win-Shift Lose-Stay: D|GTFT: 0.33|Evolved FSM 16|Random: 0.5"
778,3.9,0.72,4.16,3.16,0.08,0.08,16,146,7,"Suspicious Tit For Tat|Anti Tit For Tat|Meta Mixer: 6 players|Soft Joss: 0.9|Bully|DoubleCrosser: (D, D)|GTFT: 0.33"
779,4.39,2.28,5.66,3.97,0.03,0.07,99,76,10,"Meta Mixer: 9 players|Cycler DC|Evolved HMM 5|ZD-Extort-2: 0.1111111111111111, 0.5|Soft Joss: 0.9|DoubleCrosser: (D, D)|Suspicious Tit For Tat|Evolved FSM 16|ZD-GTFT-2: 0.25, 0.5|Random: 0.5"
780,3.6,0.82,4.69,1.73,0.01,0.08,21,160,19,"Cycler DC|Random: 0.5|Suspicious Tit For Tat|Win-Stay Lose-Shift|ZD-GTFT-2: 0.25, 0.5|Bully|Evolved FSM 16|Soft Joss: 0.9|Tit For 2 Tats|Grudger|Anti Tit For Tat|Alternator|Meta Winner: 18 players|Defector|GTFT: 0.33|DoubleCrosser: (D, D)|ZD-Extort-2: 0.1111111111111111, 0.5|Evolved HMM 5|Cooperator"
781,5.09,1.74,5.94,3.98,0.05,0.09,40,87,7,"DoubleCrosser: (D, D)|ZD-Extort-2: 0.1111111111111111, 0.5|Anti Tit For Tat|Tit For 2 Tats|Win-Shift Lose-Stay: D|Meta Winner: 6 players|Evolved FSM 16"
782,3.56,0.55,5.49,2.51,0.07,0.03,48,139,19,"Suspicious Tit For Tat|ZD-GTFT-2: 0.25, 0.5|Win-Stay Lose-Shift|Defector|GTFT: 0.33|Tit For Tat|Tit For 2 Tats|Soft Joss: 0.9|Random: 0.5|Meta Mixer: 17 players|Cycler DC|Meta Winner: 17 players|Bully|Win-Shift Lose-Stay: D|Alternator|Evolved FSM 16|DoubleCrosser: (D, D)|ZD-Extort-2: 0.1111111111111111, 0.5|Cooperator"
783,5.37,1.61,5.63,4.08,0.04,0.03,20,94,15,"Defector|Suspicious Tit For Tat|Evolved HMM 5|Meta Winner: 14 players|Alternator|Anti Tit For Tat|GTFT: 0.33|Soft Joss: 0.9|Tit For 2 Tats|Evolved FSM 16|ZD-Extort-2: 0.1111111111111111, 0.5|ZD-GTFT-2: 0.25, 0.5|Tit For Tat|Cycler DC|Random: 0.5"
784,4.16,0.35,4.19,1.06,0.03,0.09,97,100,4,Meta Winner: 2 players|Defector|Meta Mixer: 2 players|Alternator
785,3.74,1.11,4.81,3.52,0.09,0.03,20,175,8,"Alternator|Bully|Cycler DC|Defector|Soft Joss: 0.9|GTFT: 0.33|Grudger|DoubleCrosser: (D, D)"
786,5.47,1.75,5.73,5.05,0.08,0.07,85,67,17,"Meta Mixer: 16 players|Evolved FSM 16|GTFT: 0.33|Anti Tit For Tat|Soft Joss: 0.9|Win-Stay Lose-Shift|Evolved HMM 5|DoubleCrosser: (D, D)|Tit For Tat|Random: 0.5|ZD-GTFT-2: 0.25, 0.5|Cooperator|Bully|Grudger|Alternator|ZD-Extort-2: 0.1111111111111111, 0.5|Defector"
787,4.35,2.89,5.49,3.16,0.07,0.08,16,3,15,"Win-Stay Lose-Shift|Evolved FSM 16|Suspicious Tit For Tat|Meta Winner: 13 players|Alternator|Meta Mixer: 13 players|Cooperator|ZD-GTFT-2: 0.25, 0.5|Cycler DC|Defector|Bully|Soft Joss: 0.9|Random: 0.5|ZD-Extort-2: 0.1111111111111111, 0.5|GTFT: 0.33"
788,3.41,0.69,5.92,2.83,0.04,0.06,28,12,14,"Tit For 2 Tats|Bully|Anti Tit For Tat|Evolved FSM 16|DoubleCrosser: (D, D)|Random: 0.5|Alternator|GTFT: 0.33|ZD-Extort-2: 0.1111111111111111, 0.5|Suspicious Tit For Tat|Win-Stay Lose-Shift|Meta Winner: 13 players|Win-Shift Lose-Stay: D|ZD-GTFT-2: 0.25, 0.5"
789,2.83,0.47,4.15,1.8,0.08,0.09,71,129,11,"Meta Winner: 10 players|Cycler DC|Suspicious Tit For Tat|Evolved FSM 16|Win-Stay Lose-Shift|ZD-GTFT-2: 0.25, 0.5|Grudger|DoubleCrosser: (D, D)|Cooperator|Alternator|Tit For 2 Tats"
790,3.0,0.93,4.02,2.97,0.01,0.04,46,28,17,"ZD-GTFT-2: 0.25, 0.5|Win-Shift Lose-Stay: D|Defector|Evolved HMM 5|Anti Tit For Tat|Evolved FSM 16|Cycler DC|Cooperator|Tit For 2 Tats|Soft Joss: 0.9|Random: 0.5|ZD-Extort-2: 0.1111111111111111, 0.5|Meta Winner: 16 players|Win-Stay Lose-Shift|Alternator|GTFT: 0.33|Tit For Tat"
791,4.21,0.91,5.59,1.02,0.03,0.1,68,86,21,"ZD-GTFT-2: 0.25, 0.5|Meta Winner: 19 players|Soft Joss: 0.9|GTFT: 0.33|Defector|Bully|Meta Mixer: 19 players|Win-Stay Lose-Shift|Grudger|Evolved FSM 16|Suspicious Tit For Tat|Cycler DC|ZD-Extort-2: 0.1111111111111111, 0.5|DoubleCrosser: (D, D)|Alternator|Anti Tit For Tat|Win-Shift Lose-Stay: D|Cooperator|Random: 0.5|Tit For Tat|Tit For 2 Tats"
792,3.03,0.35,4.92,1.38,0.1,0.09,98,153,7,Alternator|Soft Joss: 0.9|Cooperator|Bully|Grudger|Defector|Tit For Tat
793,3.89,0.66,5.43,1.52,0.1,0.01,87,186,8,"Bully|Grudger|ZD-Extort-2: 0.1111111111111111, 0.5|Cooperator|Evolved FSM 16|Random: 0.5|Alternator|GTFT: 0.33"
794,3.54,1.01,4.87,1.84,0.07,0.09,82,192,17,"Random: 0.5|Defector|Cooperator|Tit For 2 Tats|ZD-GTFT-2: 0.25, 0.5|ZD-Extort-2: 0.1111111111111111, 0.5|Anti Tit For Tat|Grudger|Alternator|Evolved HMM 5|Meta Mixer: 16 players|Evolved FSM 16|Tit For Tat|Win-Shift Lose-Stay: D|GTFT: 0.33|DoubleCrosser: (D, D)|Cycler DC"
795,4.41,1.39,5.96,1.53,0.05,0.02,75,71,13,"Win-Stay Lose-Shift|Anti Tit For Tat|Cooperator|ZD-Extort-2: 0.1111111111111111, 0.5|Cycler DC|Defector|Random: 0.5|Bully|Alternator|DoubleCrosser: (D, D)|Soft Joss: 0.9|Win-Shift Lose-Stay: D|Evolved FSM 16"
796,3.63,0.36,4.46,1.41,0.03,0.05,45,168,9,"Cycler DC|ZD-Extort-2: 0.1111111111111111, 0.5|Cooperator|Bully|DoubleCrosser: (D, D)|Grudger|Suspicious Tit For Tat|Meta Mixer: 8 players|Alternator"
797,5.2,1.54,5.27,2.16,0.01,0.09,26,184,17,"Random: 0.5|Grudger|Cycler DC|Cooperator|Tit For Tat|Meta Mixer: 15 players|Suspicious Tit For Tat|Alternator|Tit For 2 Tats|DoubleCrosser: (D, D)|Bully|Win-Shift Lose-Stay: D|Anti Tit For Tat|Meta Winner: 15 players|Defector|Soft Joss: 0.9|Evolved HMM 5"
798,4.13,1.42,4.69,1.72,0.05,0.04,84,25,22,"ZD-GTFT-2: 0.25, 0.5|Tit For Tat|Cycler DC|Bully|Alternator|Defector|Evolved HMM 5|Suspicious Tit For Tat|GTFT: 0.33|DoubleCrosser: (D, D)|Grudger|Anti Tit For Tat|Meta Mixer: 20 players|Evolved FSM 16|Soft Joss: 0.9|Win-Stay Lose-Shift|Win-Shift Lose-Stay: D|Meta Winner: 20 players|Tit For 2 Tats|Random: 0.5|ZD-Extort-2: 0.1111111111111111, 0.5|Cooperator"
799,5.65,2.85,5.77,2.94,0.04,0.1,15,99,10,"Tit For 2 Tats|Cycler DC|Bully|Evolved HMM 5|ZD-Extort-2: 0.1111111111111111, 0.5|Meta Winner: 8 players|Grudger|Defector|Alternator|Meta Mixer: 8 players"
800,4.46,1.11,5.16,3.71,0.0,0.1,60,51,12,"Evolved FSM 16|Suspicious Tit For Tat|Tit For Tat|Evolved HMM 5|DoubleCrosser: (D, D)|Grudger|Alternator|Cycler DC|GTFT: 0.33|Win-Stay Lose-Shift|Meta Mixer: 11 players|Bully"
801,3.0,1.05,4.43,1.27,0.03,0.07,99,83,11,"Meta Winner: 10 players|Cycler DC|Cooperator|ZD-Extort-2: 0.1111111111111111, 0.5|Evolved HMM 5|Anti Tit For Tat|Random: 0.5|Win-Stay Lose-Shift|GTFT: 0.33|Soft Joss: 0.9|ZD-GTFT-2: 0.25, 0.5"
802,4.15,0.76,4.62,1.27,0.07,0.03,35,144,13,"Tit For Tat|Cycler DC|Win-Stay Lose-Shift|Soft Joss: 0.9|Defector|Grudger|Anti Tit For Tat|ZD-GTFT-2: 0.25, 0.5|Win-Shift Lose-Stay: D|Cooperator|Tit For 2 Tats|ZD-Extort-2: 0.1111111111111111, 0.5|Meta Mixer: 12 players"
803,3.53,1.29,4.16,1.93,0.05,0.0,44,95,17,"Tit For 2 Tats|Evolved HMM 5|Win-Shift Lose-Stay: D|Random: 0.5|GTFT: 0.33|Soft Joss: 0.9|Meta Winner: 16 players|Win-Stay Lose-Shift|Grudger|DoubleCrosser: (D, D)|Cycler DC|ZD-GTFT-2: 0.25, 0.5|Defector|Cooperator|ZD-Extort-2: 0.1111111111111111, 0.5|Anti Tit For Tat|Evolved FSM 16"
804,3.29,1.16,4.74,2.96,0.09,0.06,74,98,5,"DoubleCrosser: (D, D)|Suspicious Tit For Tat|Win-Shift Lose-Stay: D|Cycler DC|Bully"
805,2.67,0.73,4.35,1.04,0.0,0.03,89,79,19,"Bully|GTFT: 0.33|Defector|Tit For 2 Tats|Cycler DC|Meta Mixer: 17 players|Grudger|Win-Stay Lose-Shift|Suspicious Tit For Tat|DoubleCrosser: (D, D)|ZD-GTFT-2: 0.25, 0.5|Tit For Tat|Meta Winner: 17 players|Anti Tit For Tat|Cooperator|Alternator|ZD-Extort-2: 0.1111111111111111, 0.5|Soft Joss: 0.9|Win-Shift Lose-Stay: D"
806,3.93,0.32,4.48,2.72,0.02,0.01,46,14,11,"Meta Mixer: 10 players|ZD-GTFT-2: 0.25, 0.5|Evolved HMM 5|Suspicious Tit For Tat|Tit For Tat|Defector|DoubleCrosser: (D, D)|Random: 0.5|Anti Tit For Tat|Cycler DC|ZD-Extort-2: 0.1111111111111111, 0.5"
807,3.72,0.87,5.46,2.44,0.02,0.09,20,95,20,"Soft Joss: 0.9|Bully|ZD-GTFT-2: 0.25, 0.5|Win-Shift Lose-Stay: D|GTFT: 0.33|Defector|Suspicious Tit For Tat|ZD-Extort-2: 0.1111111111111111, 0.5|DoubleCrosser: (D, D)|Evolved FSM 16|Cycler DC|Meta Mixer: 19 players|Random: 0.5|Evolved HMM 5|Tit For Tat|Tit For 2 Tats|Win-Stay Lose-Shift|Cooperator|Alternator|Grudger"
808,3.92,0.96,4.99,1.48,0.08,0.0,77,106,13,"Cycler DC|Tit For Tat|Soft Joss: 0.9|Evolved FSM 16|Evolved HMM 5|Meta Winner: 12 players|DoubleCrosser: (D, D)|Suspicious Tit For Tat|GTFT: 0.33|Defector|ZD-GTFT-2: 0.25, 0.5|Cooperator|Random: 0.5"
809,3.6,2.3,4.09,2.82,0.08,0.09,18,7,14,"GTFT: 0.33|Meta Mixer: 12 players|ZD-Extort-2: 0.1111111111111111, 0.5|Anti Tit For Tat|Evolved HMM 5|Alternator|Cycler DC|Tit For Tat|DoubleCrosser: (D, D)|Meta Winner: 12 players|Bully|Grudger|ZD-GTFT-2: 0.25, 0.5|Random: 0.5"
810,3.1,0.54,4.37,2.78,0.04,0.06,39,147,6,"Suspicious Tit For Tat|Tit For 2 Tats|ZD-Extort-2: 0.1111111111111111, 0.5|Bully|Random: 0.5|Defector"
811,4.07,1.14,5.44,1.57,0.09,0.08,54,33,14,"Evolved FSM 16|Grudger|Suspicious Tit For Tat|Tit For Tat|Cycler DC|Defector|ZD-GTFT-2: 0.25, 0.5|GTFT: 0.33|Meta Mixer: 13 players|Tit For 2 Tats|Evolved HMM 5|Cooperator|Win-Stay Lose-Shift|Soft Joss: 0.9"
812,4.56,3.09,5.71,3.95,0.02,0.04,26,59,16,"DoubleCrosser: (D, D)|Bully|ZD-Extort-2: 0.1111111111111111, 0.5|Grudger|Anti Tit For Tat|Random: 0.5|Tit For 2 Tats|ZD-GTFT-2: 0.25, 0.5|Alternator|Win-Shift Lose-Stay: D|Tit For Tat|Meta Winner: 14 players|Evolved FSM 16|Meta Mixer: 14 players|Suspicious Tit For Tat|Cycler DC"
813,4.88,3.2,5.0,3.97,0.08,0.02,14,26,3,Random: 0.5|Cooperator|Cycler DC
814,4.78,1.74,5.11,3.11,0.1,0.07,73,171,16,"Win-Shift Lose-Stay: D|ZD-GTFT-2: 0.25, 0.5|Meta Winner: 14 players|Tit For 2 Tats|Random: 0.5|Suspicious Tit For Tat|GTFT: 0.33|Tit For Tat|Evolved HMM 5|Cycler DC|Bully|Grudger|Cooperator|Win-Stay Lose-Shift|Meta Mixer: 14 players|Anti Tit For Tat"
815,5.59,2.11,5.9,3.33,0.08,0.03,29,89,20,"Meta Winner: 18 players|Evolved HMM 5|Cycler DC|Defector|Meta Mixer: 18 players|Grudger|Tit For 2 Tats|Alternator|Suspicious Tit For Tat|Bully|Win-Stay Lose-Shift|ZD-GTFT-2: 0.25, 0.5|Cooperator|GTFT: 0.33|Soft Joss: 0.9|ZD-Extort-2: 0.1111111111111111, 0.5|Anti Tit For Tat|DoubleCrosser: (D, D)|Win-Shift Lose-Stay: D|Tit For Tat"
816,3.26,1.19,4.24,1.34,0.01,0.08,32,103,4,"ZD-Extort-2: 0.1111111111111111, 0.5|Win-Stay Lose-Shift|Meta Winner: 3 players|Tit For 2 Tats"
817,4.04,0.89,4.46,2.44,0.01,0.07,70,12,14,"GTFT: 0.33|Win-Shift Lose-Stay: D|Evolved HMM 5|Bully|Defector|Evolved FSM 16|Grudger|Anti Tit For Tat|Suspicious Tit For Tat|Random: 0.5|Cycler DC|Soft Joss: 0.9|Meta Winner: 13 players|ZD-GTFT-2: 0.25, 0.5"
818,3.44,0.18,4.9,2.96,0.08,0.08,12,65,8,"DoubleCrosser: (D, D)|Defector|Alternator|Bully|Random: 0.5|Cooperator|Cycler DC|Grudger"
819,3.78,2.18,4.49,3.52,0.05,0.06,68,104,4,"Evolved HMM 5|ZD-Extort-2: 0.1111111111111111, 0.5|Random: 0.5|Suspicious Tit For Tat"
820,2.92,0.63,4.15,2.71,0.08,0.1,33,34,17,"Meta Mixer: 16 players|Tit For 2 Tats|Alternator|Soft Joss: 0.9|GTFT: 0.33|ZD-Extort-2: 0.1111111111111111, 0.5|Random: 0.5|ZD-GTFT-2: 0.25, 0.5|Win-Shift Lose-Stay: D|Suspicious Tit For Tat|Defector|Cooperator|Evolved HMM 5|Cycler DC|Win-Stay Lose-Shift|Evolved FSM 16|DoubleCrosser: (D, D)"
821,3.68,0.35,4.18,1.88,0.1,0.07,84,164,13,"Defector|Tit For Tat|Cooperator|Cycler DC|Anti Tit For Tat|Meta Winner: 11 players|Evolved FSM 16|Win-Stay Lose-Shift|ZD-GTFT-2: 0.25, 0.5|ZD-Extort-2: 0.1111111111111111, 0.5|Alternator|Tit For 2 Tats|Meta Mixer: 11 players"
822,4.21,0.76,4.28,2.49,0.05,0.08,73,103,12,"Evolved HMM 5|Soft Joss: 0.9|Meta Winner: 10 players|Meta Mixer: 10 players|Win-Stay Lose-Shift|Bully|DoubleCrosser: (D, D)|Random: 0.5|Cooperator|Suspicious Tit For Tat|Defector|Tit For 2 Tats"
823,2.99,1.12,4.81,2.39,0.0,0.07,44,145,16,"Evolved FSM 16|Defector|Soft Joss: 0.9|Meta Winner: 14 players|Bully|Cooperator|Grudger|ZD-GTFT-2: 0.25, 0.5|Win-Stay Lose-Shift|Random: 0.5|Suspicious Tit For Tat|ZD-Extort-2: 0.1111111111111111, 0.5|Meta Mixer: 14 players|GTFT: 0.33|Alternator|DoubleCrosser: (D, D)"
824,3.28,0.38,4.74,1.02,0.01,0.05,69,106,9,"DoubleCrosser: (D, D)|Win-Stay Lose-Shift|Tit For Tat|Bully|GTFT: 0.33|Meta Mixer: 8 players|ZD-GTFT-2: 0.25, 0.5|ZD-Extort-2: 0.1111111111111111, 0.5|Suspicious Tit For Tat"
825,2.76,0.54,4.7,2.16,0.1,0.08,47,191,10,"Win-Stay Lose-Shift|Win-Shift Lose-Stay: D|Bully|Meta Winner: 9 players|Cooperator|Tit For 2 Tats|Tit For Tat|ZD-Extort-2: 0.1111111111111111, 0.5|Evolved HMM 5|ZD-GTFT-2: 0.25, 0.5"
826,3.48,0.68,4.57,1.67,0.0,0.08,94,180,20,"Defector|Cycler DC|Tit For Tat|Anti Tit For Tat|GTFT: 0.33|ZD-Extort-2: 0.1111111111111111, 0.5|DoubleCrosser: (D, D)|Bully|Win-Stay Lose-Shift|Grudger|Evolved FSM 16|Cooperator|Random: 0.5|Win-Shift Lose-Stay: D|Meta Mixer: 18 players|Alternator|Evolved HMM 5|Meta Winner: 18 players|Suspicious Tit For Tat|ZD-GTFT-2: 0.25, 0.5"
827,4.02,1.58,4.35,3.3,0.03,0.09,54,50,12,"Meta Mixer: 11 players|DoubleCrosser: (D, D)|Grudger|GTFT: 0.33|Random: 0.5|Cycler DC|ZD-Extort-2: 0.1111111111111111, 0.5|Alternator|Cooperator|Soft Joss: 0.9|Tit For 2 Tats|ZD-GTFT-2: 0.25, 0.5"
828,3.11,1.52,4.56,1.64,0.01,0.06,82,14,3,Cycler DC|Grudger|Cooperator
829,5.22,1.92,5.72,3.23,0.02,0.06,90,174,18,"Alternator|ZD-GTFT-2: 0.25, 0.5|DoubleCrosser: (D, D)|Bully|Suspicious Tit For Tat|Evolved HMM 5|Win-Shift Lose-Stay: D|Grudger|Defector|Random: 0.5|Cycler DC|Cooperator|Soft Joss: 0.9|Evolved FSM 16|Meta Mixer: 16 players|GTFT: 0.33|Anti Tit For Tat|Meta Winner: 16 players"
830,4.0,0.13,4.14,2.65,0.02,0.09,34,105,8,Meta Winner: 6 players|Cycler DC|Anti Tit For Tat|Tit For Tat|Suspicious Tit For Tat|Win-Stay Lose-Shift|Soft Joss: 0.9|Meta Mixer: 6 players
831,2.96,0.04,4.37,2.29,0.02,0.05,84,107,19,"Meta Winner: 17 players|Tit For 2 Tats|ZD-GTFT-2: 0.25, 0.5|Alternator|Anti Tit For Tat|GTFT: 0.33|Cycler DC|Win-Stay Lose-Shift|DoubleCrosser: (D, D)|Random: 0.5|Suspicious Tit For Tat|Soft Joss: 0.9|Evolved HMM 5|Bully|Evolved FSM 16|Defector|Grudger|Cooperator|Meta Mixer: 17 players"
832,3.77,2.28,4.36,3.02,0.08,0.02,27,134,7,Evolved FSM 16|Tit For Tat|Alternator|Cycler DC|Meta Winner: 6 players|Evolved HMM 5|GTFT: 0.33
833,4.78,1.59,4.8,1.81,0.02,0.02,42,105,17,"Soft Joss: 0.9|Bully|Cooperator|DoubleCrosser: (D, D)|Meta Winner: 15 players|Grudger|Alternator|Tit For Tat|Evolved HMM 5|Suspicious Tit For Tat|Meta Mixer: 15 players|ZD-GTFT-2: 0.25, 0.5|Win-Stay Lose-Shift|Defector|Win-Shift Lose-Stay: D|Anti Tit For Tat|GTFT: 0.33"
834,2.59,0.09,4.11,1.59,0.09,0.02,39,189,21,"ZD-GTFT-2: 0.25, 0.5|Win-Shift Lose-Stay: D|Random: 0.5|Defector|Tit For Tat|Alternator|Suspicious Tit For Tat|Cycler DC|Grudger|Tit For 2 Tats|Bully|ZD-Extort-2: 0.1111111111111111, 0.5|DoubleCrosser: (D, D)|Meta Mixer: 19 players|Soft Joss: 0.9|Cooperator|GTFT: 0.33|Meta Winner: 19 players|Evolved HMM 5|Evolved FSM 16|Anti Tit For Tat"
835,4.35,1.75,4.83,3.21,0.07,0.1,70,165,18,"GTFT: 0.33|Win-Shift Lose-Stay: D|DoubleCrosser: (D, D)|Cooperator|Defector|Meta Mixer: 16 players|Anti Tit For Tat|Suspicious Tit For Tat|ZD-GTFT-2: 0.25, 0.5|Meta Winner: 16 players|ZD-Extort-2: 0.1111111111111111, 0.5|Evolved HMM 5|Grudger|Tit For Tat|Bully|Soft Joss: 0.9|Evolved FSM 16|Tit For 2 Tats"
836,3.38,1.7,4.31,2.91,0.07,0.04,78,73,11,"ZD-Extort-2: 0.1111111111111111, 0.5|Cycler DC|Tit For Tat|Random: 0.5|Evolved FSM 16|Suspicious Tit For Tat|Soft Joss: 0.9|Win-Stay Lose-Shift|Tit For 2 Tats|Anti Tit For Tat|Bully"
837,3.5,0.55,4.92,1.59,0.07,0.04,88,13,5,Soft Joss: 0.9|Anti Tit For Tat|Random: 0.5|Win-Stay Lose-Shift|Meta Mixer: 4 players
838,4.32,1.28,5.87,2.17,0.06,0.03,55,46,22,"GTFT: 0.33|Cooperator|Random: 0.5|Meta Mixer: 20 players|Defector|ZD-GTFT-2: 0.25, 0.5|Cycler DC|Soft Joss: 0.9|Tit For Tat|Suspicious Tit For Tat|Grudger|Evolved FSM 16|Evolved HMM 5|Win-Stay Lose-Shift|DoubleCrosser: (D, D)|Anti Tit For Tat|Tit For 2 Tats|Alternator|Bully|ZD-Extort-2: 0.1111111111111111, 0.5|Meta Winner: 20 players|Win-Shift Lose-Stay: D"
839,4.22,2.14,4.52,2.23,0.09,0.07,10,178,20,"Suspicious Tit For Tat|Meta Winner: 19 players|Win-Stay Lose-Shift|Evolved FSM 16|Evolved HMM 5|Soft Joss: 0.9|Alternator|Cycler DC|Win-Shift Lose-Stay: D|DoubleCrosser: (D, D)|Tit For Tat|Tit For 2 Tats|ZD-GTFT-2: 0.25, 0.5|Defector|Random: 0.5|Bully|Cooperator|Grudger|Anti Tit For Tat|ZD-Extort-2: 0.1111111111111111, 0.5"
840,4.28,1.14,5.72,2.24,0.03,0.06,50,49,17,"Random: 0.5|Win-Shift Lose-Stay: D|Evolved FSM 16|Defector|Tit For 2 Tats|DoubleCrosser: (D, D)|Suspicious Tit For Tat|Bully|Win-Stay Lose-Shift|Grudger|Evolved HMM 5|Meta Winner: 16 players|Cooperator|Cycler DC|Soft Joss: 0.9|ZD-Extort-2: 0.1111111111111111, 0.5|GTFT: 0.33"
841,2.97,0.96,4.31,2.75,0.01,0.08,27,8,14,"Evolved HMM 5|Defector|Cycler DC|Meta Winner: 12 players|Win-Stay Lose-Shift|Cooperator|Bully|Meta Mixer: 12 players|DoubleCrosser: (D, D)|Tit For 2 Tats|Suspicious Tit For Tat|ZD-Extort-2: 0.1111111111111111, 0.5|Alternator|Random: 0.5"
842,4.08,0.72,5.33,1.08,0.03,0.02,23,58,20,"Anti Tit For Tat|Meta Winner: 18 players|Win-Shift Lose-Stay: D|Evolved HMM 5|ZD-GTFT-2: 0.25, 0.5|Tit For Tat|Defector|Meta Mixer: 18 players|DoubleCrosser: (D, D)|GTFT: 0.33|Soft Joss: 0.9|Bully|Tit For 2 Tats|Grudger|Win-Stay Lose-Shift|Suspicious Tit For Tat|Alternator|ZD-Extort-2: 0.1111111111111111, 0.5|Cycler DC|Cooperator"
843,4.94,2.05,5.33,3.8,0.09,0.05,78,128,15,"Win-Stay Lose-Shift|Alternator|Cooperator|Evolved HMM 5|Evolved FSM 16|ZD-Extort-2: 0.1111111111111111, 0.5|GTFT: 0.33|Cycler DC|Win-Shift Lose-Stay: D|DoubleCrosser: (D, D)|Meta Mixer: 13 players|Suspicious Tit For Tat|Soft Joss: 0.9|Meta Winner: 13 players|Bully"
844,3.58,1.51,5.14,3.41,0.05,0.02,50,134,13,"Tit For 2 Tats|Meta Mixer: 11 players|Meta Winner: 11 players|Win-Stay Lose-Shift|Evolved FSM 16|Evolved HMM 5|Cooperator|ZD-Extort-2: 0.1111111111111111, 0.5|Suspicious Tit For Tat|Grudger|Bully|Random: 0.5|Cycler DC"
845,4.36,0.95,4.43,1.95,0.05,0.09,99,29,5,"Random: 0.5|Evolved FSM 16|Soft Joss: 0.9|Cycler DC|DoubleCrosser: (D, D)"
846,3.89,1.59,5.18,2.77,0.05,0.07,75,179,9,"Cooperator|ZD-GTFT-2: 0.25, 0.5|Alternator|Anti Tit For Tat|Tit For Tat|DoubleCrosser: (D, D)|ZD-Extort-2: 0.1111111111111111, 0.5|Suspicious Tit For Tat|Evolved FSM 16"
847,3.69,1.53,4.09,1.73,0.09,0.05,10,91,20,"Defector|DoubleCrosser: (D, D)|Evolved FSM 16|Meta Winner: 18 players|Anti Tit For Tat|ZD-GTFT-2: 0.25, 0.5|Soft Joss: 0.9|Suspicious Tit For Tat|Win-Shift Lose-Stay: D|Grudger|Random: 0.5|Bully|Tit For Tat|Tit For 2 Tats|Cooperator|Meta Mixer: 18 players|ZD-Extort-2: 0.1111111111111111, 0.5|Evolved HMM 5|Cycler DC|GTFT: 0.33"
848,3.18,0.25,4.43,2.96,0.03,0.01,90,139,15,"Defector|Tit For 2 Tats|Soft Joss: 0.9|Cooperator|Tit For Tat|DoubleCrosser: (D, D)|Win-Stay Lose-Shift|Meta Mixer: 14 players|Anti Tit For Tat|Alternator|ZD-Extort-2: 0.1111111111111111, 0.5|Evolved HMM 5|Bully|Win-Shift Lose-Stay: D|Random: 0.5"
849,2.54,0.19,4.4,1.94,0.05,0.05,38,90,8,"Soft Joss: 0.9|Evolved FSM 16|Bully|ZD-Extort-2: 0.1111111111111111, 0.5|Random: 0.5|GTFT: 0.33|Alternator|Suspicious Tit For Tat"
850,3.89,1.37,5.91,2.11,0.04,0.06,57,149,8,"Alternator|Meta Mixer: 7 players|ZD-GTFT-2: 0.25, 0.5|ZD-Extort-2: 0.1111111111111111, 0.5|Cooperator|Win-Shift Lose-Stay: D|Tit For Tat|Tit For 2 Tats"
851,4.05,1.1,4.23,3.12,0.06,0.06,78,165,10,"ZD-GTFT-2: 0.25, 0.5|Win-Stay Lose-Shift|Grudger|Random: 0.5|Defector|Alternator|Cycler DC|Evolved FSM 16|Suspicious Tit For Tat|DoubleCrosser: (D, D)"
852,4.61,0.94,4.74,2.44,0.02,0.09,83,25,7,"GTFT: 0.33|Soft Joss: 0.9|Suspicious Tit For Tat|Win-Stay Lose-Shift|ZD-Extort-2: 0.1111111111111111, 0.5|Defector|Meta Winner: 6 players"
853,3.6,1.73,4.65,2.75,0.0,0.04,48,35,21,"Evolved FSM 16|Alternator|Soft Joss: 0.9|Win-Shift Lose-Stay: D|Random: 0.5|Cycler DC|DoubleCrosser: (D, D)|Suspicious Tit For Tat|Win-Stay Lose-Shift|ZD-Extort-2: 0.1111111111111111, 0.5|Anti Tit For Tat|Tit For Tat|ZD-GTFT-2: 0.25, 0.5|Meta Winner: 19 players|GTFT: 0.33|Meta Mixer: 19 players|Tit For 2 Tats|Evolved HMM 5|Cooperator|Grudger|Bully"
854,2.88,1.23,4.51,2.16,0.04,0.01,75,50,22,"ZD-Extort-2: 0.1111111111111111, 0.5|Win-Stay Lose-Shift|Cooperator|DoubleCrosser: (D, D)|Soft Joss: 0.9|Tit For Tat|Meta Mixer: 20 players|Evolved HMM 5|Meta Winner: 20 players|Win-Shift Lose-Stay: D|GTFT: 0.33|Defector|Evolved FSM 16|Suspicious Tit For Tat|Anti Tit For Tat|Random: 0.5|Bully|Cycler DC|Alternator|ZD-GTFT-2: 0.25, 0.5|Grudger|Tit For 2 Tats"
855,3.22,1.27,4.02,2.47,0.04,0.0,31,31,4,Defector|Tit For 2 Tats|Cycler DC|Soft Joss: 0.9
856,3.11,1.31,4.04,1.57,0.04,0.01,38,1,20,"ZD-GTFT-2: 0.25, 0.5|Evolved HMM 5|Meta Winner: 18 players|Suspicious Tit For Tat|Anti Tit For Tat|GTFT: 0.33|Random: 0.5|Cycler DC|ZD-Extort-2: 0.1111111111111111, 0.5|Win-Shift Lose-Stay: D|Tit For 2 Tats|Cooperator|Win-Stay Lose-Shift|Tit For Tat|Soft Joss: 0.9|Meta Mixer: 18 players|Defector|Alternator|Bully|Evolved FSM 16"
857,4.42,1.45,5.36,3.6,0.06,0.09,86,92,9,"Alternator|Grudger|Tit For 2 Tats|Win-Stay Lose-Shift|Cooperator|Win-Shift Lose-Stay: D|Suspicious Tit For Tat|DoubleCrosser: (D, D)|Tit For Tat"
858,2.9,0.11,4.41,2.31,0.03,0.03,42,34,22,"Evolved FSM 16|Anti Tit For Tat|Tit For 2 Tats|Random: 0.5|Win-Shift Lose-Stay: D|GTFT: 0.33|DoubleCrosser: (D, D)|ZD-GTFT-2: 0.25, 0.5|Suspicious Tit For Tat|Defector|Bully|Cycler DC|Alternator|Evolved HMM 5|Grudger|Soft Joss: 0.9|Meta Mixer: 20 players|Win-Stay Lose-Shift|Tit For Tat|Meta Winner: 20 players|Cooperator|ZD-Extort-2: 0.1111111111111111, 0.5"
859,4.12,0.63,4.27,3.4,0.09,0.01,11,85,10,Suspicious Tit For Tat|Meta Mixer: 8 players|Win-Stay Lose-Shift|Soft Joss: 0.9|Alternator|Win-Shift Lose-Stay: D|Random: 0.5|Cycler DC|Tit For Tat|Meta Winner: 8 players
860,2.75,0.88,4.61,2.37,0.02,0.04,31,25,10,"ZD-GTFT-2: 0.25, 0.5|Tit For Tat|GTFT: 0.33|Alternator|Random: 0.5|Bully|Cycler DC|Meta Winner: 9 players|Defector|Grudger"
861,4.41,1.73,5.29,3.11,0.07,0.03,51,44,8,Evolved HMM 5|Win-Stay Lose-Shift|Defector|Grudger|Cycler DC|GTFT: 0.33|Cooperator|Suspicious Tit For Tat
862,3.12,1.25,4.23,2.04,0.04,0.01,16,136,4,Grudger|Win-Stay Lose-Shift|Evolved FSM 16|Bully
863,3.14,0.36,4.52,1.58,0.04,0.02,28,77,17,"ZD-Extort-2: 0.1111111111111111, 0.5|Win-Stay Lose-Shift|Cooperator|Soft Joss: 0.9|Evolved FSM 16|Grudger|Meta Mixer: 15 players|Meta Winner: 15 players|Tit For 2 Tats|Random: 0.5|Tit For Tat|ZD-GTFT-2: 0.25, 0.5|Cycler DC|DoubleCrosser: (D, D)|GTFT: 0.33|Alternator|Bully"
864,3.26,0.21,4.46,1.07,0.05,0.04,18,177,9,"Tit For Tat|Meta Mixer: 8 players|ZD-Extort-2: 0.1111111111111111, 0.5|Defector|DoubleCrosser: (D, D)|Anti Tit For Tat|Random: 0.5|Win-Shift Lose-Stay: D|Soft Joss: 0.9"
865,3.28,0.41,4.35,1.45,0.06,0.02,97,17,13,"Defector|Cooperator|Soft Joss: 0.9|Win-Stay Lose-Shift|DoubleCrosser: (D, D)|GTFT: 0.33|Suspicious Tit For Tat|Evolved FSM 16|Meta Winner: 11 players|Grudger|Meta Mixer: 11 players|Tit For Tat|Win-Shift Lose-Stay: D"
866,3.07,0.99,4.1,2.79,0.07,0.02,45,98,18,"Bully|Random: 0.5|Soft Joss: 0.9|Tit For 2 Tats|Defector|Evolved HMM 5|Meta Winner: 16 players|Cycler DC|Cooperator|DoubleCrosser: (D, D)|Suspicious Tit For Tat|Meta Mixer: 16 players|Win-Stay Lose-Shift|Evolved FSM 16|Grudger|ZD-GTFT-2: 0.25, 0.5|ZD-Extort-2: 0.1111111111111111, 0.5|GTFT: 0.33"
867,3.49,1.3,5.11,2.44,0.02,0.09,100,88,8,"Cooperator|Bully|ZD-GTFT-2: 0.25, 0.5|DoubleCrosser: (D, D)|ZD-Extort-2: 0.1111111111111111, 0.5|Win-Stay Lose-Shift|Evolved FSM 16|Meta Mixer: 7 players"
868,3.59,1.19,4.14,2.2,0.07,0.07,90,19,7,"Win-Stay Lose-Shift|ZD-Extort-2: 0.1111111111111111, 0.5|ZD-GTFT-2: 0.25, 0.5|Suspicious Tit For Tat|Soft Joss: 0.9|Bully|Evolved FSM 16"
869,2.67,0.59,4.03,1.97,0.1,0.09,22,69,9,"DoubleCrosser: (D, D)|Random: 0.5|Defector|ZD-Extort-2: 0.1111111111111111, 0.5|Tit For 2 Tats|Evolved HMM 5|Cooperator|Anti Tit For Tat|Bully"
870,4.2,0.84,5.45,1.67,0.08,0.08,24,199,5,"Evolved HMM 5|Tit For Tat|Evolved FSM 16|Random: 0.5|ZD-GTFT-2: 0.25, 0.5"
871,4.69,3.01,5.64,3.28,0.1,0.07,90,43,6,Soft Joss: 0.9|Meta Winner: 5 players|Evolved HMM 5|Anti Tit For Tat|Grudger|GTFT: 0.33
872,3.98,2.2,4.3,3.76,0.02,0.08,21,161,13,"ZD-Extort-2: 0.1111111111111111, 0.5|ZD-GTFT-2: 0.25, 0.5|Alternator|Soft Joss: 0.9|Evolved FSM 16|GTFT: 0.33|Suspicious Tit For Tat|Bully|Meta Winner: 11 players|Random: 0.5|Meta Mixer: 11 players|Anti Tit For Tat|DoubleCrosser: (D, D)"
873,3.97,0.5,4.27,2.04,0.04,0.06,98,136,13,"ZD-GTFT-2: 0.25, 0.5|Cooperator|ZD-Extort-2: 0.1111111111111111, 0.5|Meta Mixer: 12 players|Anti Tit For Tat|Win-Stay Lose-Shift|GTFT: 0.33|Alternator|Bully|Cycler DC|Evolved HMM 5|Tit For Tat|Grudger"
874,4.54,3.42,4.8,4.3,0.05,0.02,61,36,17,"Bully|Suspicious Tit For Tat|Grudger|ZD-Extort-2: 0.1111111111111111, 0.5|Tit For 2 Tats|Tit For Tat|Meta Mixer: 16 players|Defector|Cooperator|ZD-GTFT-2: 0.25, 0.5|Win-Stay Lose-Shift|Alternator|GTFT: 0.33|Soft Joss: 0.9|Win-Shift Lose-Stay: D|Random: 0.5|DoubleCrosser: (D, D)"
875,3.38,1.12,4.18,1.69,0.01,0.03,59,97,10,"Evolved HMM 5|Random: 0.5|Meta Winner: 9 players|Defector|Grudger|ZD-GTFT-2: 0.25, 0.5|Cooperator|Anti Tit For Tat|Suspicious Tit For Tat|Cycler DC"
876,4.38,2.03,4.49,3.07,0.08,0.09,70,125,8,"Soft Joss: 0.9|Alternator|Defector|ZD-GTFT-2: 0.25, 0.5|DoubleCrosser: (D, D)|Tit For 2 Tats|Evolved HMM 5|Meta Mixer: 7 players"
877,2.67,0.11,4.69,1.3,0.08,0.03,100,175,16,"Bully|Anti Tit For Tat|Cooperator|Soft Joss: 0.9|GTFT: 0.33|Suspicious Tit For Tat|ZD-GTFT-2: 0.25, 0.5|Win-Shift Lose-Stay: D|DoubleCrosser: (D, D)|Random: 0.5|Cycler DC|ZD-Extort-2: 0.1111111111111111, 0.5|Grudger|Alternator|Defector|Evolved HMM 5"
878,3.39,0.31,4.07,2.31,0.1,0.0,28,125,16,"Suspicious Tit For Tat|DoubleCrosser: (D, D)|Cycler DC|ZD-Extort-2: 0.1111111111111111, 0.5|Cooperator|Win-Shift Lose-Stay: D|Evolved HMM 5|GTFT: 0.33|Evolved FSM 16|Tit For Tat|Anti Tit For Tat|Random: 0.5|Win-Stay Lose-Shift|ZD-GTFT-2: 0.25, 0.5|Defector|Meta Winner: 15 players"
879,3.23,0.69,5.51,2.91,0.08,0.03,68,35,18,"Cooperator|Soft Joss: 0.9|Win-Shift Lose-Stay: D|Suspicious Tit For Tat|Alternator|DoubleCrosser: (D, D)|Meta Winner: 16 players|Tit For 2 Tats|Anti Tit For Tat|Meta Mixer: 16 players|Evolved HMM 5|Cycler DC|ZD-GTFT-2: 0.25, 0.5|Random: 0.5|GTFT: 0.33|ZD-Extort-2: 0.1111111111111111, 0.5|Tit For Tat|Defector"
880,3.92,1.05,4.94,2.05,0.07,0.02,46,195,18,"Soft Joss: 0.9|Alternator|Win-Shift Lose-Stay: D|Cooperator|Tit For Tat|Meta Mixer: 17 players|ZD-Extort-2: 0.1111111111111111, 0.5|Win-Stay Lose-Shift|Anti Tit For Tat|Defector|Evolved HMM 5|Evolved FSM 16|Suspicious Tit For Tat|Random: 0.5|Bully|Cycler DC|DoubleCrosser: (D, D)|Grudger"
881,2.6,0.05,4.27,1.27,0.03,0.07,31,60,5,Evolved FSM 16|Anti Tit For Tat|Meta Mixer: 4 players|Grudger|Soft Joss: 0.9
882,3.46,2.26,4.11,2.7,0.03,0.06,30,70,14,"Tit For Tat|ZD-GTFT-2: 0.25, 0.5|Bully|Anti Tit For Tat|Random: 0.5|Win-Stay Lose-Shift|Cooperator|GTFT: 0.33|Evolved FSM 16|DoubleCrosser: (D, D)|Cycler DC|Win-Shift Lose-Stay: D|Meta Winner: 13 players|Alternator"
883,4.33,1.92,5.17,2.58,0.1,0.09,83,105,9,"Defector|Meta Winner: 8 players|Grudger|Bully|Random: 0.5|Win-Stay Lose-Shift|Cycler DC|Evolved HMM 5|ZD-GTFT-2: 0.25, 0.5"
884,3.69,1.93,4.03,2.87,0.02,0.01,78,160,4,Anti Tit For Tat|Suspicious Tit For Tat|Win-Stay Lose-Shift|Tit For 2 Tats
885,3.1,1.27,4.02,1.94,0.01,0.09,14,9,22,"GTFT: 0.33|Tit For Tat|Tit For 2 Tats|DoubleCrosser: (D, D)|Cycler DC|Bully|Grudger|Cooperator|Suspicious Tit For Tat|Win-Shift Lose-Stay: D|Win-Stay Lose-Shift|Alternator|Meta Winner: 20 players|Defector|Meta Mixer: 20 players|Soft Joss: 0.9|ZD-GTFT-2: 0.25, 0.5|ZD-Extort-2: 0.1111111111111111, 0.5|Random: 0.5|Evolved HMM 5|Evolved FSM 16|Anti Tit For Tat"
886,2.95,0.2,4.05,2.2,0.08,0.0,67,44,8,"Bully|Cooperator|Suspicious Tit For Tat|ZD-GTFT-2: 0.25, 0.5|Tit For 2 Tats|Anti Tit For Tat|Random: 0.5|Soft Joss: 0.9"
887,2.84,0.15,4.15,1.26,0.08,0.03,100,199,11,"DoubleCrosser: (D, D)|Cooperator|Random: 0.5|Meta Mixer: 9 players|Defector|Bully|Evolved FSM 16|Meta Winner: 9 players|Alternator|Tit For Tat|Cycler DC"
888,3.06,0.44,4.61,3.03,0.02,0.03,26,48,14,"Cycler DC|Bully|Tit For 2 Tats|Alternator|Meta Winner: 12 players|GTFT: 0.33|Defector|Cooperator|Win-Stay Lose-Shift|ZD-GTFT-2: 0.25, 0.5|Anti Tit For Tat|Meta Mixer: 12 players|Evolved HMM 5|Evolved FSM 16"
889,4.15,1.67,4.61,3.51,0.02,0.06,36,173,8,"DoubleCrosser: (D, D)|Meta Mixer: 7 players|Grudger|GTFT: 0.33|Cooperator|Tit For Tat|Cycler DC|ZD-Extort-2: 0.1111111111111111, 0.5"
890,3.84,0.81,4.82,2.71,0.06,0.1,96,35,11,"Grudger|Meta Winner: 9 players|Evolved HMM 5|ZD-GTFT-2: 0.25, 0.5|Meta Mixer: 9 players|Cooperator|Tit For 2 Tats|Alternator|Bully|Anti Tit For Tat|Random: 0.5"
891,4.13,1.15,4.81,1.89,0.05,0.04,71,143,16,"ZD-Extort-2: 0.1111111111111111, 0.5|DoubleCrosser: (D, D)|Cycler DC|Suspicious Tit For Tat|Soft Joss: 0.9|Tit For 2 Tats|Anti Tit For Tat|ZD-GTFT-2: 0.25, 0.5|Alternator|Win-Shift Lose-Stay: D|Meta Winner: 14 players|Evolved FSM 16|GTFT: 0.33|Tit For Tat|Win-Stay Lose-Shift|Meta Mixer: 14 players"
892,3.23,1.12,4.18,2.28,0.06,0.06,20,112,12,"Anti Tit For Tat|Meta Winner: 11 players|Tit For 2 Tats|Evolved HMM 5|ZD-Extort-2: 0.1111111111111111, 0.5|Suspicious Tit For Tat|Evolved FSM 16|Win-Stay Lose-Shift|Grudger|GTFT: 0.33|Bully|Cooperator"
893,3.29,1.6,4.87,3.18,0.01,0.06,77,106,13,"Win-Shift Lose-Stay: D|DoubleCrosser: (D, D)|Defector|Cycler DC|Alternator|Evolved FSM 16|Bully|Random: 0.5|Cooperator|Grudger|Tit For 2 Tats|Tit For Tat|Soft Joss: 0.9"
894,4.18,3.35,4.75,3.37,0.05,0.06,88,2,3,"ZD-Extort-2: 0.1111111111111111, 0.5|Evolved HMM 5|Bully"
895,2.27,0.05,4.24,2.01,0.1,0.09,59,146,7,"Tit For Tat|Cycler DC|Random: 0.5|Suspicious Tit For Tat|Soft Joss: 0.9|ZD-GTFT-2: 0.25, 0.5|Anti Tit For Tat"
896,3.51,0.85,4.78,2.84,0.1,0.1,80,109,18,"Win-Shift Lose-Stay: D|Tit For 2 Tats|Tit For Tat|Anti Tit For Tat|Evolved HMM 5|Alternator|Meta Winner: 16 players|GTFT: 0.33|Cooperator|DoubleCrosser: (D, D)|Suspicious Tit For Tat|ZD-GTFT-2: 0.25, 0.5|Soft Joss: 0.9|Meta Mixer: 16 players|Evolved FSM 16|ZD-Extort-2: 0.1111111111111111, 0.5|Grudger|Cycler DC"
897,4.14,0.38,4.52,1.04,0.03,0.02,62,106,3,Soft Joss: 0.9|GTFT: 0.33|Tit For 2 Tats
898,4.79,1.98,5.44,3.68,0.01,0.05,27,168,10,"ZD-Extort-2: 0.1111111111111111, 0.5|Soft Joss: 0.9|Evolved FSM 16|Win-Stay Lose-Shift|Alternator|Cycler DC|Tit For 2 Tats|Bully|ZD-GTFT-2: 0.25, 0.5|Win-Shift Lose-Stay: D"
899,4.39,1.85,4.69,2.68,0.09,0.05,55,164,9,"DoubleCrosser: (D, D)|Win-Stay Lose-Shift|Defector|Tit For Tat|Grudger|Soft Joss: 0.9|Alternator|Random: 0.5|Cycler DC"
900,3.34,1.86,4.17,3.32,0.01,0.07,23,141,6,"Meta Winner: 5 players|DoubleCrosser: (D, D)|Bully|Defector|GTFT: 0.33|Grudger"
901,3.03,0.14,4.53,1.11,0.02,0.01,21,8,5,Defector|Suspicious Tit For Tat|Cycler DC|Evolved HMM 5|Meta Mixer: 4 players
902,3.0,0.82,4.85,1.25,0.03,0.05,57,3,18,"DoubleCrosser: (D, D)|Meta Winner: 17 players|GTFT: 0.33|Tit For Tat|Win-Shift Lose-Stay: D|Win-Stay Lose-Shift|Tit For 2 Tats|Grudger|Alternator|Cycler DC|Evolved FSM 16|Bully|Soft Joss: 0.9|Evolved HMM 5|Suspicious Tit For Tat|Anti Tit For Tat|Defector|ZD-Extort-2: 0.1111111111111111, 0.5"
903,5.83,2.1,5.97,2.49,0.03,0.03,63,22,18,"DoubleCrosser: (D, D)|ZD-GTFT-2: 0.25, 0.5|Defector|Evolved FSM 16|GTFT: 0.33|Cooperator|Cycler DC|Meta Winner: 16 players|Tit For Tat|Meta Mixer: 16 players|Bully|Suspicious Tit For Tat|Soft Joss: 0.9|Alternator|Tit For 2 Tats|Win-Stay Lose-Shift|ZD-Extort-2: 0.1111111111111111, 0.5|Evolved HMM 5"
904,5.61,4.39,5.87,4.61,0.09,0.03,19,160,17,"DoubleCrosser: (D, D)|ZD-GTFT-2: 0.25, 0.5|Soft Joss: 0.9|ZD-Extort-2: 0.1111111111111111, 0.5|Win-Shift Lose-Stay: D|Win-Stay Lose-Shift|Random: 0.5|Tit For Tat|Meta Winner: 15 players|Anti Tit For Tat|GTFT: 0.33|Bully|Evolved HMM 5|Alternator|Cooperator|Grudger|Meta Mixer: 15 players"
905,4.02,0.68,4.07,1.33,0.05,0.05,48,38,7,"Tit For Tat|GTFT: 0.33|Win-Shift Lose-Stay: D|Suspicious Tit For Tat|Win-Stay Lose-Shift|Anti Tit For Tat|ZD-GTFT-2: 0.25, 0.5"
906,5.03,2.21,5.45,4.04,0.09,0.02,53,164,16,"Win-Shift Lose-Stay: D|Evolved FSM 16|Grudger|Defector|Meta Mixer: 14 players|Meta Winner: 14 players|Evolved HMM 5|Alternator|Suspicious Tit For Tat|GTFT: 0.33|ZD-GTFT-2: 0.25, 0.5|Cycler DC|Tit For 2 Tats|Anti Tit For Tat|ZD-Extort-2: 0.1111111111111111, 0.5|Soft Joss: 0.9"
907,4.05,1.84,5.34,3.36,0.01,0.01,41,1,16,"Tit For Tat|Win-Stay Lose-Shift|Meta Winner: 14 players|GTFT: 0.33|Meta Mixer: 14 players|ZD-Extort-2: 0.1111111111111111, 0.5|Defector|Grudger|Anti Tit For Tat|Win-Shift Lose-Stay: D|Tit For 2 Tats|Cycler DC|ZD-GTFT-2: 0.25, 0.5|Suspicious Tit For Tat|Alternator|Cooperator"
908,4.43,0.9,4.81,1.06,0.08,0.1,33,24,8,"Grudger|Win-Stay Lose-Shift|Suspicious Tit For Tat|Win-Shift Lose-Stay: D|Bully|Defector|Tit For Tat|DoubleCrosser: (D, D)"
909,3.46,0.69,4.06,1.13,0.1,0.04,40,128,7,"Cooperator|Meta Mixer: 6 players|ZD-Extort-2: 0.1111111111111111, 0.5|Tit For 2 Tats|Anti Tit For Tat|ZD-GTFT-2: 0.25, 0.5|Suspicious Tit For Tat"
910,3.74,0.01,4.16,1.09,0.03,0.09,24,62,6,"Random: 0.5|Cooperator|Evolved HMM 5|Soft Joss: 0.9|ZD-GTFT-2: 0.25, 0.5|DoubleCrosser: (D, D)"
911,3.57,2.48,4.09,3.27,0.09,0.02,55,176,22,"Anti Tit For Tat|ZD-Extort-2: 0.1111111111111111, 0.5|Win-Shift Lose-Stay: D|Cooperator|Win-Stay Lose-Shift|Soft Joss: 0.9|GTFT: 0.33|DoubleCrosser: (D, D)|Defector|Alternator|Random: 0.5|Meta Winner: 20 players|Grudger|Evolved HMM 5|Tit For Tat|Bully|ZD-GTFT-2: 0.25, 0.5|Suspicious Tit For Tat|Meta Mixer: 20 players|Cycler DC|Tit For 2 Tats|Evolved FSM 16"
912,4.15,1.94,4.89,2.49,0.06,0.01,39,120,6,"DoubleCrosser: (D, D)|Cooperator|Meta Winner: 5 players|Alternator|ZD-GTFT-2: 0.25, 0.5|ZD-Extort-2: 0.1111111111111111, 0.5"
913,3.37,0.51,4.22,3.31,0.09,0.07,85,163,15,"Win-Shift Lose-Stay: D|Random: 0.5|Meta Mixer: 13 players|Cooperator|ZD-GTFT-2: 0.25, 0.5|Suspicious Tit For Tat|Evolved FSM 16|Defector|DoubleCrosser: (D, D)|Evolved HMM 5|Alternator|Tit For Tat|ZD-Extort-2: 0.1111111111111111, 0.5|Meta Winner: 13 players|Anti Tit For Tat"
914,2.98,0.35,5.34,2.58,0.09,0.1,30,32,15,"Evolved HMM 5|Anti Tit For Tat|Tit For 2 Tats|Evolved FSM 16|ZD-GTFT-2: 0.25, 0.5|Grudger|Soft Joss: 0.9|Cycler DC|Suspicious Tit For Tat|GTFT: 0.33|Tit For Tat|Alternator|DoubleCrosser: (D, D)|ZD-Extort-2: 0.1111111111111111, 0.5|Defector"
915,3.32,0.73,4.13,1.27,0.1,0.09,99,192,7,"Bully|GTFT: 0.33|Anti Tit For Tat|Cooperator|DoubleCrosser: (D, D)|Win-Stay Lose-Shift|Cycler DC"
916,4.67,2.92,4.73,4.5,0.08,0.09,30,73,9,"Cooperator|Evolved FSM 16|ZD-GTFT-2: 0.25, 0.5|Tit For Tat|Cycler DC|Win-Stay Lose-Shift|ZD-Extort-2: 0.1111111111111111, 0.5|Win-Shift Lose-Stay: D|Anti Tit For Tat"
917,4.59,1.24,5.2,3.92,0.02,0.01,57,19,15,"Random: 0.5|Grudger|ZD-GTFT-2: 0.25, 0.5|Tit For 2 Tats|Win-Stay Lose-Shift|Evolved HMM 5|Tit For Tat|Cooperator|GTFT: 0.33|Evolved FSM 16|Defector|Soft Joss: 0.9|Cycler DC|Win-Shift Lose-Stay: D|Anti Tit For Tat"
918,3.27,1.58,4.55,1.59,0.05,0.08,84,109,6,"GTFT: 0.33|Random: 0.5|Tit For Tat|ZD-GTFT-2: 0.25, 0.5|Meta Winner: 5 players|Evolved HMM 5"
919,2.97,1.59,4.15,1.97,0.01,0.06,82,128,19,"Cooperator|GTFT: 0.33|Grudger|Win-Shift Lose-Stay: D|Cycler DC|Tit For 2 Tats|Anti Tit For Tat|ZD-Extort-2: 0.1111111111111111, 0.5|Meta Mixer: 17 players|Soft Joss: 0.9|Win-Stay Lose-Shift|Tit For Tat|Bully|Meta Winner: 17 players|Suspicious Tit For Tat|Alternator|Random: 0.5|Evolved FSM 16|ZD-GTFT-2: 0.25, 0.5"
920,4.12,3.16,4.87,4.09,0.04,0.05,28,10,14,"Bully|Soft Joss: 0.9|Cooperator|Alternator|Meta Mixer: 13 players|Suspicious Tit For Tat|Anti Tit For Tat|DoubleCrosser: (D, D)|Win-Shift Lose-Stay: D|Tit For Tat|Random: 0.5|Defector|ZD-Extort-2: 0.1111111111111111, 0.5|Cycler DC"
921,4.14,0.82,4.96,1.68,0.03,0.02,12,199,8,"Soft Joss: 0.9|Win-Stay Lose-Shift|Bully|Meta Mixer: 6 players|ZD-Extort-2: 0.1111111111111111, 0.5|GTFT: 0.33|Meta Winner: 6 players|ZD-GTFT-2: 0.25, 0.5"
922,2.87,0.02,4.09,1.47,0.07,0.04,36,37,18,"Bully|Suspicious Tit For Tat|GTFT: 0.33|Meta Mixer: 16 players|ZD-GTFT-2: 0.25, 0.5|Tit For 2 Tats|Random: 0.5|Evolved HMM 5|Grudger|Meta Winner: 16 players|Defector|Win-Stay Lose-Shift|ZD-Extort-2: 0.1111111111111111, 0.5|Cooperator|Soft Joss: 0.9|DoubleCrosser: (D, D)|Cycler DC|Win-Shift Lose-Stay: D"
923,4.32,1.08,4.53,2.74,0.07,0.02,98,86,14,"Tit For Tat|Win-Shift Lose-Stay: D|Alternator|Grudger|Evolved FSM 16|ZD-Extort-2: 0.1111111111111111, 0.5|Cycler DC|Meta Winner: 13 players|Cooperator|Win-Stay Lose-Shift|Suspicious Tit For Tat|Anti Tit For Tat|Defector|Soft Joss: 0.9"
924,2.74,0.2,4.86,1.02,0.07,0.03,67,15,18,"ZD-Extort-2: 0.1111111111111111, 0.5|Evolved FSM 16|Soft Joss: 0.9|Random: 0.5|GTFT: 0.33|Grudger|Win-Shift Lose-Stay: D|Bully|Suspicious Tit For Tat|Anti Tit For Tat|Win-Stay Lose-Shift|Alternator|Cooperator|Evolved HMM 5|Cycler DC|Tit For 2 Tats|DoubleCrosser: (D, D)|Meta Winner: 17 players"
925,2.97,1.21,4.42,2.65,0.02,0.01,32,45,7,Random: 0.5|Cooperator|Meta Mixer: 5 players|Bully|Soft Joss: 0.9|Grudger|Meta Winner: 5 players
926,2.62,1.09,4.11,2.0,0.01,0.03,80,104,21,"ZD-GTFT-2: 0.25, 0.5|Tit For Tat|Anti Tit For Tat|Grudger|Defector|Cooperator|DoubleCrosser: (D, D)|Win-Stay Lose-Shift|Alternator|ZD-Extort-2: 0.1111111111111111, 0.5|Soft Joss: 0.9|Bully|GTFT: 0.33|Random: 0.5|Evolved HMM 5|Meta Winner: 20 players|Tit For 2 Tats|Cycler DC|Win-Shift Lose-Stay: D|Suspicious Tit For Tat|Evolved FSM 16"
927,2.94,0.15,4.37,1.96,0.04,0.0,19,116,17,"Alternator|Suspicious Tit For Tat|Bully|Tit For 2 Tats|Meta Mixer: 15 players|Soft Joss: 0.9|Anti Tit For Tat|ZD-Extort-2: 0.1111111111111111, 0.5|Defector|GTFT: 0.33|Meta Winner: 15 players|Grudger|Cycler DC|Cooperator|Win-Shift Lose-Stay: D|Random: 0.5|Tit For Tat"
928,3.98,1.28,5.23,3.94,0.07,0.02,87,58,7,"Soft Joss: 0.9|Defector|Random: 0.5|Meta Mixer: 6 players|ZD-GTFT-2: 0.25, 0.5|Bully|Evolved HMM 5"
929,4.05,1.17,4.1,2.72,0.01,0.04,63,116,15,"Meta Mixer: 13 players|GTFT: 0.33|Defector|Soft Joss: 0.9|Evolved FSM 16|Win-Stay Lose-Shift|Grudger|Cooperator|ZD-Extort-2: 0.1111111111111111, 0.5|Tit For Tat|Cycler DC|DoubleCrosser: (D, D)|Meta Winner: 13 players|ZD-GTFT-2: 0.25, 0.5|Alternator"
930,3.52,0.82,5.63,2.25,0.04,0.09,31,12,20,"Alternator|Cooperator|Evolved HMM 5|Defector|Anti Tit For Tat|Evolved FSM 16|ZD-Extort-2: 0.1111111111111111, 0.5|Tit For 2 Tats|ZD-GTFT-2: 0.25, 0.5|Random: 0.5|Cycler DC|Meta Mixer: 18 players|Win-Stay Lose-Shift|Meta Winner: 18 players|Grudger|Bully|Tit For Tat|Soft Joss: 0.9|Win-Shift Lose-Stay: D|Suspicious Tit For Tat"
931,4.2,0.41,4.45,2.12,0.02,0.0,31,63,14,"Bully|Anti Tit For Tat|Cycler DC|Grudger|GTFT: 0.33|Evolved HMM 5|Meta Mixer: 13 players|Random: 0.5|Win-Stay Lose-Shift|ZD-Extort-2: 0.1111111111111111, 0.5|Cooperator|Defector|Evolved FSM 16|ZD-GTFT-2: 0.25, 0.5"
932,4.57,1.11,5.16,3.89,0.08,0.06,41,50,8,"Win-Stay Lose-Shift|Tit For Tat|Tit For 2 Tats|Defector|DoubleCrosser: (D, D)|Cycler DC|Alternator|Evolved FSM 16"
933,4.67,2.21,5.56,2.44,0.06,0.06,17,31,7,Tit For Tat|Random: 0.5|Tit For 2 Tats|Suspicious Tit For Tat|Bully|Meta Mixer: 6 players|Soft Joss: 0.9
934,2.97,1.2,4.62,1.32,0.04,0.06,44,165,5,Evolved HMM 5|Suspicious Tit For Tat|Soft Joss: 0.9|GTFT: 0.33|Evolved FSM 16
935,2.49,0.4,4.15,1.72,0.04,0.09,45,122,13,"Cycler DC|ZD-Extort-2: 0.1111111111111111, 0.5|Tit For 2 Tats|Win-Shift Lose-Stay: D|Evolved FSM 16|Cooperator|Meta Winner: 12 players|Grudger|Alternator|Win-Stay Lose-Shift|Suspicious Tit For Tat|Anti Tit For Tat|Tit For Tat"
936,4.92,1.43,5.32,4.54,0.01,0.01,31,181,6,Bully|Grudger|Tit For Tat|GTFT: 0.33|Meta Mixer: 5 players|Alternator
937,2.72,0.31,4.64,2.24,0.06,0.01,40,171,4,"ZD-Extort-2: 0.1111111111111111, 0.5|Soft Joss: 0.9|Random: 0.5|Evolved HMM 5"
938,4.04,0.55,4.75,3.61,0.01,0.05,100,66,13,"ZD-GTFT-2: 0.25, 0.5|Cooperator|Evolved HMM 5|Defector|Alternator|Win-Stay Lose-Shift|Random: 0.5|Tit For Tat|Meta Winner: 12 players|Suspicious Tit For Tat|Soft Joss: 0.9|GTFT: 0.33|Tit For 2 Tats"
939,3.38,0.83,4.34,2.33,0.04,0.06,17,43,13,"Soft Joss: 0.9|ZD-GTFT-2: 0.25, 0.5|Win-Stay Lose-Shift|DoubleCrosser: (D, D)|Win-Shift Lose-Stay: D|Anti Tit For Tat|GTFT: 0.33|Random: 0.5|Meta Mixer: 11 players|Tit For 2 Tats|Defector|Evolved HMM 5|Meta Winner: 11 players"
940,3.76,1.14,4.38,1.47,0.07,0.07,71,35,15,"Defector|Alternator|ZD-Extort-2: 0.1111111111111111, 0.5|Win-Shift Lose-Stay: D|Tit For 2 Tats|Random: 0.5|Cycler DC|GTFT: 0.33|Win-Stay Lose-Shift|ZD-GTFT-2: 0.25, 0.5|Bully|Meta Winner: 14 players|Evolved FSM 16|Cooperator|Soft Joss: 0.9"
941,4.13,1.83,4.81,4.1,0.06,0.02,42,47,3,Bully|Defector|Tit For Tat
942,3.62,0.45,4.34,1.1,0.0,0.09,53,14,21,"Grudger|DoubleCrosser: (D, D)|Suspicious Tit For Tat|Defector|Bully|Random: 0.5|Win-Stay Lose-Shift|GTFT: 0.33|Alternator|Meta Mixer: 19 players|Meta Winner: 19 players|Cooperator|ZD-Extort-2: 0.1111111111111111, 0.5|Anti Tit For Tat|Tit For 2 Tats|Evolved HMM 5|Tit For Tat|Cycler DC|Win-Shift Lose-Stay: D|Evolved FSM 16|Soft Joss: 0.9"
943,3.41,0.83,5.06,2.59,0.03,0.01,97,192,16,"Anti Tit For Tat|Random: 0.5|DoubleCrosser: (D, D)|Cycler DC|Tit For 2 Tats|Win-Stay Lose-Shift|Suspicious Tit For Tat|Grudger|Win-Shift Lose-Stay: D|Soft Joss: 0.9|Defector|Alternator|GTFT: 0.33|ZD-GTFT-2: 0.25, 0.5|Cooperator|Tit For Tat"
944,4.43,1.82,4.7,1.99,0.02,0.02,70,169,15,"ZD-Extort-2: 0.1111111111111111, 0.5|Grudger|Random: 0.5|DoubleCrosser: (D, D)|Anti Tit For Tat|Evolved HMM 5|Suspicious Tit For Tat|Tit For 2 Tats|Cycler DC|Win-Stay Lose-Shift|Meta Winner: 13 players|Bully|Soft Joss: 0.9|Alternator|Meta Mixer: 13 players"
945,5.04,2.5,5.76,2.91,0.01,0.06,12,23,18,"Evolved FSM 16|Meta Winner: 16 players|Evolved HMM 5|Suspicious Tit For Tat|Defector|Win-Stay Lose-Shift|ZD-GTFT-2: 0.25, 0.5|Alternator|Bully|Cycler DC|Win-Shift Lose-Stay: D|Cooperator|Tit For Tat|Tit For 2 Tats|Grudger|Meta Mixer: 16 players|DoubleCrosser: (D, D)|Soft Joss: 0.9"
946,3.39,1.05,4.59,2.78,0.08,0.04,82,11,11,"Soft Joss: 0.9|Defector|Suspicious Tit For Tat|ZD-Extort-2: 0.1111111111111111, 0.5|DoubleCrosser: (D, D)|Win-Shift Lose-Stay: D|Bully|GTFT: 0.33|Alternator|ZD-GTFT-2: 0.25, 0.5|Win-Stay Lose-Shift"
947,3.34,1.59,4.68,1.79,0.05,0.09,32,24,15,"Win-Shift Lose-Stay: D|Tit For Tat|GTFT: 0.33|Evolved HMM 5|Alternator|Anti Tit For Tat|Meta Mixer: 13 players|Random: 0.5|Meta Winner: 13 players|ZD-Extort-2: 0.1111111111111111, 0.5|Cycler DC|Evolved FSM 16|Suspicious Tit For Tat|ZD-GTFT-2: 0.25, 0.5|Grudger"
948,3.23,0.79,4.44,3.02,0.02,0.01,58,22,20,"Soft Joss: 0.9|Meta Mixer: 18 players|Grudger|DoubleCrosser: (D, D)|Win-Shift Lose-Stay: D|Evolved HMM 5|Meta Winner: 18 players|Bully|GTFT: 0.33|Suspicious Tit For Tat|Cooperator|Tit For 2 Tats|ZD-GTFT-2: 0.25, 0.5|Anti Tit For Tat|Defector|Tit For Tat|Random: 0.5|Alternator|ZD-Extort-2: 0.1111111111111111, 0.5|Evolved FSM 16"
949,3.09,0.5,5.55,1.09,0.08,0.06,12,75,10,"Grudger|DoubleCrosser: (D, D)|Meta Mixer: 8 players|Anti Tit For Tat|GTFT: 0.33|Evolved HMM 5|Tit For Tat|Meta Winner: 8 players|Cooperator|Random: 0.5"
950,3.07,0.43,4.53,2.05,0.04,0.06,95,55,3,Tit For 2 Tats|Random: 0.5|Cooperator
951,2.99,0.66,5.01,2.0,0.06,0.08,59,121,9,"Evolved HMM 5|DoubleCrosser: (D, D)|Suspicious Tit For Tat|Win-Stay Lose-Shift|Defector|ZD-Extort-2: 0.1111111111111111, 0.5|Random: 0.5|Evolved FSM 16|Alternator"
952,3.37,0.24,4.04,1.72,0.08,0.07,17,68,20,"DoubleCrosser: (D, D)|Bully|ZD-GTFT-2: 0.25, 0.5|Tit For 2 Tats|Soft Joss: 0.9|Alternator|Meta Winner: 18 players|Suspicious Tit For Tat|Cooperator|Meta Mixer: 18 players|ZD-Extort-2: 0.1111111111111111, 0.5|Anti Tit For Tat|Evolved FSM 16|Evolved HMM 5|Grudger|Random: 0.5|GTFT: 0.33|Cycler DC|Defector|Win-Shift Lose-Stay: D"
953,3.89,1.1,5.86,2.62,0.03,0.09,36,198,10,"Soft Joss: 0.9|Bully|Meta Winner: 8 players|Alternator|ZD-GTFT-2: 0.25, 0.5|DoubleCrosser: (D, D)|Win-Stay Lose-Shift|Random: 0.5|Cycler DC|Meta Mixer: 8 players"
954,2.82,0.75,4.81,1.05,0.06,0.07,95,61,5,Meta Winner: 3 players|Tit For Tat|GTFT: 0.33|Win-Stay Lose-Shift|Meta Mixer: 3 players
955,3.35,0.4,5.22,1.06,0.02,0.06,78,113,9,"Alternator|Grudger|Win-Shift Lose-Stay: D|ZD-Extort-2: 0.1111111111111111, 0.5|Defector|Evolved FSM 16|Tit For Tat|Evolved HMM 5|Soft Joss: 0.9"
956,4.65,2.9,5.39,3.53,0.01,0.07,24,107,18,"ZD-Extort-2: 0.1111111111111111, 0.5|Alternator|Tit For 2 Tats|Evolved FSM 16|Win-Shift Lose-Stay: D|Tit For Tat|Cooperator|Defector|GTFT: 0.33|ZD-GTFT-2: 0.25, 0.5|Win-Stay Lose-Shift|Meta Mixer: 16 players|Anti Tit For Tat|Suspicious Tit For Tat|Cycler DC|Evolved HMM 5|Meta Winner: 16 players|Grudger"
957,4.02,2.77,5.1,3.33,0.08,0.03,13,170,3,"Soft Joss: 0.9|Cycler DC|ZD-Extort-2: 0.1111111111111111, 0.5"
958,3.75,1.09,5.02,1.93,0.06,0.05,45,23,5,"DoubleCrosser: (D, D)|ZD-GTFT-2: 0.25, 0.5|Alternator|Evolved HMM 5|Meta Winner: 4 players"
959,3.11,0.03,4.34,1.83,0.0,0.01,12,62,22,"Cooperator|Soft Joss: 0.9|Anti Tit For Tat|Defector|DoubleCrosser: (D, D)|Suspicious Tit For Tat|Win-Shift Lose-Stay: D|Cycler DC|Meta Mixer: 20 players|Meta Winner: 20 players|Evolved HMM 5|Win-Stay Lose-Shift|ZD-Extort-2: 0.1111111111111111, 0.5|Bully|ZD-GTFT-2: 0.25, 0.5|Random: 0.5|Tit For Tat|Tit For 2 Tats|Alternator|Grudger|GTFT: 0.33|Evolved FSM 16"
960,3.71,0.82,4.6,2.01,0.0,0.01,29,58,17,"Grudger|Tit For Tat|Alternator|Defector|ZD-GTFT-2: 0.25, 0.5|Win-Shift Lose-Stay: D|Soft Joss: 0.9|Suspicious Tit For Tat|DoubleCrosser: (D, D)|Meta Winner: 15 players|Evolved FSM 16|Cooperator|Win-Stay Lose-Shift|Random: 0.5|Meta Mixer: 15 players|Tit For 2 Tats|Anti Tit For Tat"
961,5.26,3.9,5.36,4.72,0.03,0.09,75,140,7,Cooperator|Grudger|Evolved HMM 5|Soft Joss: 0.9|Random: 0.5|Tit For Tat|Meta Mixer: 6 players
962,4.27,1.7,4.93,4.17,0.06,0.01,84,80,21,"Random: 0.5|Defector|Cycler DC|Anti Tit For Tat|Win-Shift Lose-Stay: D|Meta Mixer: 19 players|Tit For 2 Tats|Bully|Soft Joss: 0.9|Suspicious Tit For Tat|Win-Stay Lose-Shift|Grudger|DoubleCrosser: (D, D)|Alternator|Meta Winner: 19 players|Cooperator|Tit For Tat|ZD-GTFT-2: 0.25, 0.5|ZD-Extort-2: 0.1111111111111111, 0.5|GTFT: 0.33|Evolved HMM 5"
963,4.1,2.14,4.35,2.17,0.09,0.09,94,40,21,"Evolved FSM 16|ZD-GTFT-2: 0.25, 0.5|Tit For Tat|Suspicious Tit For Tat|GTFT: 0.33|Random: 0.5|Tit For 2 Tats|Win-Shift Lose-Stay: D|Soft Joss: 0.9|Meta Winner: 19 players|Grudger|ZD-Extort-2: 0.1111111111111111, 0.5|Meta Mixer: 19 players|Bully|Defector|Evolved HMM 5|Cooperator|Alternator|DoubleCrosser: (D, D)|Cycler DC|Win-Stay Lose-Shift"
964,3.52,0.53,4.5,1.62,0.06,0.07,86,22,7,Cycler DC|Tit For 2 Tats|Alternator|Evolved FSM 16|Evolved HMM 5|Bully|Win-Stay Lose-Shift
965,3.69,1.29,4.59,2.77,0.04,0.08,18,79,10,Anti Tit For Tat|Win-Stay Lose-Shift|Evolved HMM 5|Bully|Suspicious Tit For Tat|Meta Mixer: 9 players|Cooperator|Alternator|Random: 0.5|Win-Shift Lose-Stay: D
966,3.79,0.9,5.62,1.42,0.05,0.01,85,157,20,"DoubleCrosser: (D, D)|Meta Mixer: 18 players|GTFT: 0.33|Tit For 2 Tats|Win-Stay Lose-Shift|Defector|Cycler DC|Random: 0.5|Alternator|ZD-Extort-2: 0.1111111111111111, 0.5|ZD-GTFT-2: 0.25, 0.5|Evolved FSM 16|Bully|Meta Winner: 18 players|Grudger|Anti Tit For Tat|Tit For Tat|Suspicious Tit For Tat|Win-Shift Lose-Stay: D|Evolved HMM 5"
967,5.83,2.89,5.86,3.07,0.01,0.09,81,159,15,"Cycler DC|Evolved HMM 5|ZD-GTFT-2: 0.25, 0.5|Anti Tit For Tat|Grudger|Tit For 2 Tats|Meta Winner: 13 players|Soft Joss: 0.9|Alternator|Meta Mixer: 13 players|Tit For Tat|GTFT: 0.33|Defector|Cooperator|DoubleCrosser: (D, D)"
968,3.18,0.64,4.9,1.22,0.06,0.1,29,194,12,"Alternator|Win-Stay Lose-Shift|Tit For Tat|Meta Mixer: 11 players|Random: 0.5|Win-Shift Lose-Stay: D|Cooperator|Grudger|Bully|Defector|ZD-GTFT-2: 0.25, 0.5|Anti Tit For Tat"
969,3.16,0.19,4.34,3.1,0.04,0.08,94,46,4,Cycler DC|GTFT: 0.33|Evolved FSM 16|Evolved HMM 5
970,4.58,0.89,4.59,1.98,0.05,0.0,44,127,16,"Alternator|Soft Joss: 0.9|ZD-GTFT-2: 0.25, 0.5|DoubleCrosser: (D, D)|Cycler DC|Tit For Tat|GTFT: 0.33|Anti Tit For Tat|Meta Winner: 14 players|Grudger|ZD-Extort-2: 0.1111111111111111, 0.5|Suspicious Tit For Tat|Defector|Meta Mixer: 14 players|Win-Shift Lose-Stay: D|Random: 0.5"
971,3.27,0.5,5.56,2.1,0.07,0.09,85,89,5,Win-Shift Lose-Stay: D|Grudger|Tit For 2 Tats|Suspicious Tit For Tat|Anti Tit For Tat
972,3.46,0.88,4.69,1.19,0.01,0.09,67,67,11,"Evolved FSM 16|Tit For 2 Tats|Grudger|Tit For Tat|Cooperator|Meta Mixer: 10 players|Anti Tit For Tat|GTFT: 0.33|Evolved HMM 5|DoubleCrosser: (D, D)|Alternator"
973,2.63,0.29,4.03,2.46,0.03,0.0,41,155,20,"Cycler DC|Defector|Bully|ZD-GTFT-2: 0.25, 0.5|Alternator|Suspicious Tit For Tat|Tit For 2 Tats|ZD-Extort-2: 0.1111111111111111, 0.5|Random: 0.5|Evolved FSM 16|Grudger|Evolved HMM 5|Cooperator|Win-Shift Lose-Stay: D|Meta Mixer: 18 players|Soft Joss: 0.9|Meta Winner: 18 players|Tit For Tat|Win-Stay Lose-Shift|DoubleCrosser: (D, D)"
974,3.56,0.45,4.89,1.39,0.06,0.03,58,73,16,"Evolved FSM 16|Suspicious Tit For Tat|Meta Mixer: 15 players|Tit For Tat|GTFT: 0.33|DoubleCrosser: (D, D)|Cycler DC|Cooperator|Alternator|Soft Joss: 0.9|Win-Stay Lose-Shift|Evolved HMM 5|Random: 0.5|Grudger|ZD-Extort-2: 0.1111111111111111, 0.5|Win-Shift Lose-Stay: D"
975,5.44,3.68,5.82,4.38,0.05,0.05,87,143,18,"Anti Tit For Tat|Evolved FSM 16|Defector|Meta Winner: 17 players|Cooperator|Bully|Win-Stay Lose-Shift|DoubleCrosser: (D, D)|ZD-GTFT-2: 0.25, 0.5|Evolved HMM 5|Tit For 2 Tats|Soft Joss: 0.9|ZD-Extort-2: 0.1111111111111111, 0.5|Suspicious Tit For Tat|Win-Shift Lose-Stay: D|Alternator|Tit For Tat|Random: 0.5"
976,3.7,0.86,5.07,2.51,0.08,0.02,94,31,6,Evolved FSM 16|Meta Mixer: 5 players|Tit For 2 Tats|Anti Tit For Tat|Win-Stay Lose-Shift|Soft Joss: 0.9
977,4.22,1.51,4.45,3.18,0.1,0.04,45,76,18,"Anti Tit For Tat|ZD-GTFT-2: 0.25, 0.5|Cycler DC|Suspicious Tit For Tat|Bully|Soft Joss: 0.9|Meta Mixer: 16 players|Evolved FSM 16|Evolved HMM 5|Grudger|Meta Winner: 16 players|Win-Stay Lose-Shift|GTFT: 0.33|Defector|Cooperator|ZD-Extort-2: 0.1111111111111111, 0.5|Random: 0.5|Tit For Tat"
978,3.82,0.85,5.75,2.09,0.09,0.02,51,180,21,"Tit For 2 Tats|Alternator|Grudger|Tit For Tat|Meta Mixer: 19 players|Cycler DC|Meta Winner: 19 players|Anti Tit For Tat|Evolved FSM 16|Win-Shift Lose-Stay: D|ZD-Extort-2: 0.1111111111111111, 0.5|ZD-GTFT-2: 0.25, 0.5|Bully|Defector|Evolved HMM 5|Suspicious Tit For Tat|DoubleCrosser: (D, D)|Cooperator|GTFT: 0.33|Random: 0.5|Soft Joss: 0.9"
979,2.98,1.22,4.47,1.47,0.04,0.01,77,165,5,"Meta Mixer: 4 players|DoubleCrosser: (D, D)|Win-Shift Lose-Stay: D|Alternator|Evolved FSM 16"
980,3.85,1.47,4.68,3.19,0.04,0.05,86,94,10,"Cooperator|Evolved HMM 5|Defector|Tit For 2 Tats|Anti Tit For Tat|ZD-GTFT-2: 0.25, 0.5|DoubleCrosser: (D, D)|Alternator|Bully|Tit For Tat"
981,4.2,0.76,4.7,2.58,0.03,0.08,90,152,7,"Anti Tit For Tat|GTFT: 0.33|Win-Stay Lose-Shift|ZD-GTFT-2: 0.25, 0.5|Evolved FSM 16|Evolved HMM 5|Meta Mixer: 6 players"
982,3.23,1.18,4.24,1.87,0.05,0.03,46,196,13,Tit For 2 Tats|Meta Winner: 12 players|Defector|Evolved FSM 16|Grudger|Cycler DC|Cooperator|Tit For Tat|Win-Stay Lose-Shift|Soft Joss: 0.9|Alternator|Evolved HMM 5|Suspicious Tit For Tat
983,2.65,0.24,4.76,2.34,0.04,0.01,79,109,3,Soft Joss: 0.9|Alternator|Win-Stay Lose-Shift
984,3.0,1.09,4.73,1.14,0.07,0.01,39,174,5,"DoubleCrosser: (D, D)|Random: 0.5|Cooperator|GTFT: 0.33|Anti Tit For Tat"
985,3.18,0.15,4.69,1.13,0.03,0.01,41,152,13,"Win-Stay Lose-Shift|Soft Joss: 0.9|Evolved HMM 5|Win-Shift Lose-Stay: D|Anti Tit For Tat|Tit For 2 Tats|Evolved FSM 16|Grudger|Meta Mixer: 12 players|Defector|Cooperator|ZD-GTFT-2: 0.25, 0.5|ZD-Extort-2: 0.1111111111111111, 0.5"
986,3.73,1.02,5.29,2.57,0.1,0.09,61,149,9,"DoubleCrosser: (D, D)|GTFT: 0.33|Tit For 2 Tats|Cooperator|ZD-GTFT-2: 0.25, 0.5|Tit For Tat|Suspicious Tit For Tat|Soft Joss: 0.9|Defector"
987,3.7,1.51,5.43,2.69,0.04,0.1,57,176,17,"Anti Tit For Tat|Defector|Tit For Tat|Random: 0.5|Evolved HMM 5|Bully|Win-Shift Lose-Stay: D|Cooperator|DoubleCrosser: (D, D)|Alternator|GTFT: 0.33|Meta Winner: 16 players|Win-Stay Lose-Shift|ZD-Extort-2: 0.1111111111111111, 0.5|ZD-GTFT-2: 0.25, 0.5|Tit For 2 Tats|Cycler DC"
988,3.33,1.28,4.72,1.51,0.01,0.07,99,123,9,Meta Winner: 8 players|Cycler DC|Suspicious Tit For Tat|Evolved HMM 5|Tit For 2 Tats|Win-Stay Lose-Shift|Win-Shift Lose-Stay: D|Alternator|Bully
989,5.45,1.85,5.74,2.43,0.08,0.09,68,97,22,"Evolved HMM 5|Meta Mixer: 20 players|Defector|Win-Shift Lose-Stay: D|Evolved FSM 16|Soft Joss: 0.9|Random: 0.5|ZD-Extort-2: 0.1111111111111111, 0.5|Cooperator|Win-Stay Lose-Shift|Grudger|Bully|DoubleCrosser: (D, D)|Meta Winner: 20 players|ZD-GTFT-2: 0.25, 0.5|Tit For Tat|Anti Tit For Tat|Alternator|Suspicious Tit For Tat|Cycler DC|GTFT: 0.33|Tit For 2 Tats"
990,2.79,0.18,5.15,2.77,0.06,0.02,32,133,11,Win-Stay Lose-Shift|Cycler DC|Suspicious Tit For Tat|Meta Winner: 9 players|Random: 0.5|Bully|Meta Mixer: 9 players|Soft Joss: 0.9|Evolved HMM 5|Alternator|GTFT: 0.33
991,4.44,1.3,4.97,3.97,0.03,0.03,59,15,17,"GTFT: 0.33|DoubleCrosser: (D, D)|Evolved HMM 5|Bully|Suspicious Tit For Tat|Tit For Tat|Cooperator|Alternator|Soft Joss: 0.9|Grudger|ZD-GTFT-2: 0.25, 0.5|Cycler DC|Random: 0.5|Win-Stay Lose-Shift|Evolved FSM 16|Anti Tit For Tat|Win-Shift Lose-Stay: D"
992,2.98,1.75,4.08,2.4,0.01,0.05,12,173,16,"Random: 0.5|Grudger|ZD-Extort-2: 0.1111111111111111, 0.5|Defector|DoubleCrosser: (D, D)|Soft Joss: 0.9|ZD-GTFT-2: 0.25, 0.5|Bully|Evolved HMM 5|Win-Stay Lose-Shift|Alternator|Suspicious Tit For Tat|Evolved FSM 16|Meta Mixer: 15 players|Win-Shift Lose-Stay: D|Anti Tit For Tat"
993,4.6,3.89,5.27,4.4,0.08,0.09,19,73,21,"Soft Joss: 0.9|Win-Shift Lose-Stay: D|GTFT: 0.33|Random: 0.5|Suspicious Tit For Tat|Cooperator|ZD-GTFT-2: 0.25, 0.5|Win-Stay Lose-Shift|Grudger|Tit For 2 Tats|Meta Winner: 19 players|Evolved FSM 16|Tit For Tat|Meta Mixer: 19 players|Cycler DC|Evolved HMM 5|DoubleCrosser: (D, D)|Alternator|Bully|ZD-Extort-2: 0.1111111111111111, 0.5|Anti Tit For Tat"
994,3.53,2.65,4.07,3.25,0.0,0.03,99,170,9,"Cycler DC|DoubleCrosser: (D, D)|Meta Mixer: 7 players|Win-Stay Lose-Shift|Suspicious Tit For Tat|Meta Winner: 7 players|ZD-Extort-2: 0.1111111111111111, 0.5|Grudger|Cooperator"
995,5.13,1.52,5.4,1.67,0.08,0.1,100,78,18,"Win-Stay Lose-Shift|Defector|Meta Mixer: 16 players|GTFT: 0.33|Tit For 2 Tats|Soft Joss: 0.9|Random: 0.5|Anti Tit For Tat|DoubleCrosser: (D, D)|Win-Shift Lose-Stay: D|ZD-GTFT-2: 0.25, 0.5|Grudger|Bully|Meta Winner: 16 players|Cooperator|Tit For Tat|Cycler DC|Evolved FSM 16"
996,3.0,0.77,4.58,1.1,0.1,0.02,42,148,14,"Tit For 2 Tats|Win-Stay Lose-Shift|Soft Joss: 0.9|Evolved HMM 5|ZD-GTFT-2: 0.25, 0.5|Win-Shift Lose-Stay: D|Meta Winner: 13 players|Alternator|Random: 0.5|GTFT: 0.33|Defector|ZD-Extort-2: 0.1111111111111111, 0.5|Suspicious Tit For Tat|Tit For Tat"
997,3.84,0.63,5.25,3.26,0.07,0.02,10,159,17,"Cycler DC|Suspicious Tit For Tat|Tit For 2 Tats|Cooperator|Anti Tit For Tat|ZD-GTFT-2: 0.25, 0.5|Meta Winner: 15 players|Meta Mixer: 15 players|ZD-Extort-2: 0.1111111111111111, 0.5|Soft Joss: 0.9|Evolved FSM 16|Bully|Alternator|DoubleCrosser: (D, D)|Grudger|GTFT: 0.33|Tit For Tat"
998,4.78,1.46,5.8,3.59,0.03,0.05,76,103,13,GTFT: 0.33|Grudger|Random: 0.5|Meta Mixer: 11 players|Cooperator|Defector|Win-Shift Lose-Stay: D|Tit For Tat|Suspicious Tit For Tat|Cycler DC|Alternator|Evolved HMM 5|Meta Winner: 11 players
999,2.82,0.16,4.14,1.46,0.02,0.03,48,67,5,"ZD-Extort-2: 0.1111111111111111, 0.5|Evolved HMM 5|Evolved FSM 16|Random: 0.5|Win-Stay Lose-Shift"
1000,3.61,0.64,4.01,3.17,0.04,0.05,64,5,19,"Tit For Tat|GTFT: 0.33|Random: 0.5|Anti Tit For Tat|Bully|Soft Joss: 0.9|Alternator|Cooperator|Suspicious Tit For Tat|ZD-Extort-2: 0.1111111111111111, 0.5|Evolved FSM 16|Win-Stay Lose-Shift|Cycler DC|Meta Mixer: 18 players|ZD-GTFT-2: 0.25, 0.5|Evolved HMM 5|Win-Shift Lose-Stay: D|Tit For 2 Tats|Grudger"
