Rank,Name,Median_score,Cooperation_rating,Wins,Initial_C_rate,CC_rate,CD_rate,DC_rate,DD_rate,CC_to_C_rate,CD_to_C_rate,DC_to_C_rate,DD_to_C_rate,R,S,T,P,noise,prob_end,repetitions,turns,tournament,n_strategies,run
0,Grudger,3.3985890652557322,0.45969037820889674,5.0,1.0,0.4491083676268861,0.010582010582010581,0.3783656672545561,0.16194395453654714,1.0,0.0,0.0,0.0,3,0,5,1,0.06,0.0,45,63,standard,10,1
1,Evolved FSM 16,3.3474426807760143,0.4877523025671174,5.0,1.0,0.46435430139133843,0.023398001175778955,0.35849500293944736,0.1537526944934352,0.8538037166085948,0.4528076463560335,0.05078774804941133,0.07274869759364921,3,0,5,1,0.06,0.0,45,63,standard,10,1
2,"DoubleCrosser: (D, D)",3.310405643738977,0.4984126984126984,9.0,1.0,0.4604742308446012,0.03793846756809719,0.35563394081912597,0.14595336076817558,0.9914976552166419,0.7451612903225806,0.021352313167259787,0.0,3,0,5,1,0.06,0.0,45,63,standard,10,1
3,Soft Joss: 0.9,2.5520282186948853,0.7411718596903782,0.0,1.0,0.5352537722908094,0.20591808739956885,0.17178130511463843,0.08704683519498335,1.0,0.0998608218679052,1.0,0.09953543237056377,3,0,5,1,0.06,0.0,45,63,standard,10,1
4,Meta Mixer: 9 players,2.111111111111111,0.48932000783852636,6.0,0.7654320987654321,0.24150499706055262,0.24781501077797374,0.222183029590437,0.28849696257103674,0.4820962288972815,0.5026200330960451,0.47494209602492976,0.49863431295757216,3,0,5,1,0.06,0.0,45,63,standard,10,1
5,Bully,2.0934744268077603,0.5417205565353713,4.0,0.0,0.16245345874975506,0.3792670977856163,0.28692925729962765,0.17135018616500097,0.0,1.0,0.0,1.0,3,0,5,1,0.06,0.0,45,63,standard,10,1
6,Cycler DC,1.9312169312169312,0.49206349206349204,4.0,0.0,0.20505584950029396,0.2870076425631981,0.20321379580638838,0.3047227121301195,0.0,0.0,1.0,1.0,3,0,5,1,0.06,0.0,45,63,standard,10,1
7,Alternator,1.9206349206349205,0.5079365079365079,2.0,1.0,0.21552028218694882,0.29241622574955906,0.1967862041936116,0.2952772878698805,0.0,0.0,1.0,1.0,3,0,5,1,0.06,0.0,45,63,standard,10,1
8,Cooperator,1.8835978835978837,1.0,0.0,1.0,0.6282578875171468,0.3717421124828532,0.0,0.0,1.0,1.0,0.0,0.0,3,0,5,1,0.06,0.0,45,63,standard,10,1
9,Anti Tit For Tat,1.5326278659611994,0.6610621203213796,2.0,1.0,0.17358416617675873,0.48747795414462086,0.17017440721144425,0.16876347246717616,0.0,1.0,0.0,1.0,3,0,5,1,0.06,0.0,45,63,standard,10,1
0,"DoubleCrosser: (D, D)",3.0426201372997714,0.544573389996731,16.0,1.0,0.5313337692056228,0.013239620791108204,0.24838999673095782,0.20703661327231124,0.9966069546308899,0.7696774193548388,0.054878048780487805,0.0,3,0,5,1,0.05,0.0,35,184,standard,20,2
1,Evolved HMM 5,3.003432494279176,0.587888198757764,7.0,1.0,0.5392448512585812,0.04864334749918273,0.24384602811376266,0.16826577312847335,0.9971662716668471,0.4684207532055965,0.01673821385670462,0.19570575654558528,3,0,5,1,0.05,0.0,35,184,standard,20,2
2,Evolved FSM 16,2.972826086956522,0.5884030728996404,7.0,1.0,0.4966083687479569,0.09179470415168356,0.2680124223602485,0.14358450474011117,0.9014984450098953,0.5302489193696064,0.16234249247286797,0.32612367276933346,3,0,5,1,0.05,0.0,35,184,standard,20,2
3,Grudger,2.9659610983981692,0.4785060477280157,7.0,1.0,0.4753595946387708,0.0031464530892448507,0.25478097417456685,0.2667129780974175,1.0,0.0,0.0,0.0,3,0,5,1,0.05,0.0,35,184,standard,20,2
4,Meta Winner: 18 players,2.6338672768878717,0.016802876757110168,16.0,1.0,0.010076822491010133,0.006726054266100031,0.3958728342595619,0.5873242889833279,0.5448884641629944,0.40295249089031515,0.010762724313758076,0.008892840878707738,3,0,5,1,0.05,0.0,35,184,standard,20,2
5,Tit For Tat,2.5266018306636155,0.6918846028113763,0.0,1.0,0.5413206930369402,0.1505639097744361,0.14879045439686173,0.15932494279176201,1.0,0.0,1.0,0.0,3,0,5,1,0.05,0.0,35,184,standard,20,2
6,Soft Joss: 0.9,2.5014302059496565,0.739628963713632,0.0,1.0,0.5965429879045439,0.14308597580908797,0.11299444262830993,0.14737659365805816,1.0,0.09440349291505061,1.0,0.09477165267509459,3,0,5,1,0.05,0.0,35,184,standard,20,2
7,Win-Stay Lose-Shift,2.443077803203661,0.7205214122262177,2.0,1.0,0.5605344883949004,0.1599869238313174,0.12095456031382804,0.15852402745995423,1.0,0.0,0.0,1.0,3,0,5,1,0.05,0.0,35,184,standard,20,2
8,Defector,2.433638443935927,0.0,17.0,0.0,0.0,0.0,0.35931677018633545,0.6406832298136645,0.0,0.0,0.0,0.0,3,0,5,1,0.05,0.0,35,184,standard,20,2
9,GTFT: 0.33,2.3955949656750573,0.8036613272311213,0.0,1.0,0.6216165413533835,0.1820447858777378,0.08323798627002289,0.11310068649885584,1.0,0.35378169888260397,1.0,0.3289780955383042,3,0,5,1,0.05,0.0,35,184,standard,20,2
10,Tit For 2 Tats,2.306064073226545,0.8293151356652501,0.0,1.0,0.667121608368748,0.16219352729650213,0.03320529584831645,0.13747956848643347,1.0,0.7611923688808173,1.0,0.0,3,0,5,1,0.05,0.0,35,184,standard,20,2
11,Suspicious Tit For Tat,2.2674485125858124,0.5434210526315789,9.0,0.0,0.3735943118666231,0.16982674076495585,0.17234390323635174,0.2842350441320693,1.0,0.0,1.0,0.0,3,0,5,1,0.05,0.0,35,184,standard,20,2
12,Cooperator,2.01058352402746,1.0,0.0,1.0,0.6701372997711671,0.32986270022883296,0.0,0.0,1.0,1.0,0.0,0.0,3,0,5,1,0.05,0.0,35,184,standard,20,2
13,Meta Mixer: 18 players,2.002574370709382,0.44432003922850605,11.0,0.6947368421052632,0.2031627983000981,0.24115724092840798,0.2139588100686499,0.34172115070284403,0.5619769328793516,0.38186707790582197,0.5314292063603806,0.3756585838850961,3,0,5,1,0.05,0.0,35,184,standard,20,2
14,Alternator,1.9659610983981695,0.5,5.0,1.0,0.17000653808434127,0.3299934619156587,0.23880353056554426,0.2611964694344557,0.0,0.0,1.0,1.0,3,0,5,1,0.05,0.0,35,184,standard,20,2
15,Cycler DC,1.9613844393592677,0.5,6.0,0.0,0.16870709382151028,0.3312929061784897,0.23890160183066358,0.2610983981693364,0.0,0.0,1.0,1.0,3,0,5,1,0.05,0.0,35,184,standard,20,2
16,Random: 0.5,1.9350686498855836,0.49865969271003596,7.0,0.4992481203007519,0.20495259888852568,0.2937070938215103,0.20371853546910754,0.2976217718208565,0.4961128576520164,0.4973587240769498,0.5062968045759536,0.5027740970459673,3,0,5,1,0.05,0.0,35,184,standard,20,2
17,Bully,1.8586956521739129,0.5906505393919581,8.0,0.0,0.1756374632232756,0.41501307616868255,0.23054919908466817,0.17880026152337364,0.0,1.0,0.0,1.0,3,0,5,1,0.05,0.0,35,184,standard,20,2
18,Win-Shift Lose-Stay: D,1.7768878718535468,0.5966083687479569,8.0,0.0,0.19514547237659366,0.4014628963713632,0.1980222294867604,0.20536940176528276,0.0,1.0,1.0,0.0,3,0,5,1,0.05,0.0,35,184,standard,20,2
19,Anti Tit For Tat,1.5921052631578947,0.6467146126185028,5.0,1.0,0.1787430532853874,0.4679715593331154,0.17601340307289962,0.17727198430859756,0.0,1.0,0.0,1.0,3,0,5,1,0.05,0.0,35,184,standard,20,2
0,Grudger,3.0892379679144386,0.5052584670231729,6.0,1.0,0.5022504456327985,0.0030080213903743314,0.2727495543672014,0.2219919786096257,1.0,0.0,0.0,0.0,3,0,5,1,0.08,0.06,15,187,standard,17,3
1,"DoubleCrosser: (D, D)",3.068850267379679,0.5160873440285205,14.0,1.0,0.503921568627451,0.01216577540106952,0.26811497326203204,0.21579768270944744,0.9965522593663299,0.7475198412698413,0.019550342130987292,0.0,3,0,5,1,0.08,0.06,15,187,standard,17,3
2,Evolved HMM 5,3.025735294117647,0.5700757575757576,6.0,1.0,0.5143048128342246,0.055770944741532984,0.2630793226381462,0.1668449197860963,0.9961025855169294,0.4114337936174213,0.018452472623225878,0.19144276983681494,3,0,5,1,0.08,0.06,15,187,standard,17,3
3,Evolved FSM 16,2.991644385026738,0.5955213903743316,6.0,1.0,0.5074197860962566,0.08810160427807487,0.2666889483065954,0.13778966131907308,0.8875457875457876,0.45626518230511115,0.029398742992554867,0.394868114691544,3,0,5,1,0.08,0.06,15,187,standard,17,3
4,Meta Winner: 15 players,2.8064839572192515,0.01644385026737968,14.0,1.0,0.009848484848484848,0.00659536541889483,0.4435828877005348,0.5399732620320855,0.5509884206955564,0.3711391568276057,0.016597877036722112,0.01078055488450246,3,0,5,1,0.08,0.06,15,187,standard,17,3
5,Defector,2.56951871657754,0.0,15.0,0.0,0.0,0.0,0.3924465240641711,0.6075534759358289,0.0,0.0,0.0,0.0,3,0,5,1,0.08,0.06,15,187,standard,17,3
6,Tit For Tat,2.5023395721925135,0.6969251336898395,0.0,1.0,0.5802361853832442,0.11668894830659537,0.11472816399286988,0.18834670231729056,1.0,0.0,1.0,0.0,3,0,5,1,0.08,0.06,15,187,standard,17,3
7,Win-Stay Lose-Shift,2.4545454545454546,0.7410204991087344,2.0,1.0,0.5878342245989304,0.15318627450980393,0.10750891265597148,0.15147058823529413,1.0,0.0,0.0,1.0,3,0,5,1,0.08,0.06,15,187,standard,17,3
8,GTFT: 0.33,2.3218582887700534,0.7868538324420677,0.0,1.0,0.6011363636363636,0.1857174688057041,0.07698306595365419,0.13616310160427808,1.0,0.3196711700287984,1.0,0.339835814244545,3,0,5,1,0.08,0.06,15,187,standard,17,3
9,Tit For 2 Tats,2.264705882352941,0.795187165775401,0.0,1.0,0.6328208556149733,0.1623663101604278,0.04046345811051694,0.16434937611408199,1.0,0.7053907013594548,1.0,0.0,3,0,5,1,0.08,0.06,15,187,standard,17,3
10,Meta Mixer: 15 players,1.9836229946524064,0.44547682709447417,9.0,0.775,0.1957664884135473,0.2497103386809269,0.20998217468805702,0.3445409982174687,0.5236653853009396,0.4140043890359381,0.4990011614158879,0.4194550316053776,3,0,5,1,0.08,0.06,15,187,standard,17,3
11,Cooperator,1.9131016042780749,1.0,0.0,1.0,0.6374331550802139,0.3625668449197861,0.0,0.0,1.0,1.0,0.0,0.0,3,0,5,1,0.08,0.06,15,187,standard,17,3
12,Random: 0.5,1.8559491978609626,0.49973262032085564,6.0,0.5583333333333333,0.1944741532976827,0.3052584670231729,0.1929367201426025,0.3073306595365419,0.4803686990389353,0.496480748202258,0.5047370154619341,0.505695167356607,3,0,5,1,0.08,0.06,15,187,standard,17,3
13,Alternator,1.84725935828877,0.5026737967914439,4.0,1.0,0.20131461675579324,0.30135918003565065,0.1858511586452763,0.31147504456327985,0.0,0.0,1.0,1.0,3,0,5,1,0.08,0.06,15,187,standard,17,3
14,Bully,1.7830882352941178,0.611096256684492,7.0,0.0,0.14561051693404636,0.46548573975044555,0.24015151515151517,0.1487522281639929,0.0,1.0,0.0,1.0,3,0,5,1,0.08,0.06,15,187,standard,17,3
15,Win-Shift Lose-Stay: D,1.7252673796791445,0.6454322638146167,7.0,0.0,0.19376114081996434,0.4516711229946524,0.19763814616755795,0.15692959001782533,0.0,1.0,1.0,0.0,3,0,5,1,0.08,0.06,15,187,standard,17,3
16,Anti Tit For Tat,1.4702540106951871,0.6775401069518716,5.0,1.0,0.15051247771836007,0.5270276292335117,0.1737745098039216,0.14868538324420677,0.0,1.0,0.0,1.0,3,0,5,1,0.08,0.06,15,187,standard,17,3
0,Evolved HMM 5,3.0147569444444446,0.6315852490421456,5.0,1.0,0.5759997605363986,0.05558548850574713,0.22943606321839083,0.1389786877394636,0.9992492492492493,0.5185034677068904,0.014527845036319613,0.21214485073994852,3,0,5,1,0.09,0.09,58,72,standard,17,4
1,Evolved FSM 16,2.9613715277777777,0.6430346024904214,5.0,1.0,0.5328065134099618,0.11022808908045977,0.2511075191570881,0.10585787835249043,0.9650590551181102,0.573961941793331,0.29100006110331517,0.4587034912112311,3,0,5,1,0.09,0.09,58,72,standard,17,4
2,Grudger,2.9600694444444446,0.5114493534482759,5.0,1.0,0.5045049090038315,0.006944444444444446,0.23967313218390807,0.24887751436781608,1.0,0.0,0.0,0.0,3,0,5,1,0.09,0.09,58,72,standard,17,4
3,Meta Winner: 15 players,2.6996527777777777,0.03993055555555555,13.0,1.0,0.02387152777777778,0.01605902777777778,0.41741499042145586,0.5426544540229885,0.5861006431117672,0.5691244239631337,0.008429485521118987,0.020724282761502854,3,0,5,1,0.09,0.09,58,72,standard,17,4
4,Tit For Tat,2.5234375,0.700266403256705,0.0,1.0,0.567947796934866,0.13231860632183906,0.1300287356321839,0.16970486111111113,1.0,0.0,1.0,0.0,3,0,5,1,0.09,0.09,58,72,standard,17,4
5,Soft Joss: 0.9,2.5030381944444446,0.7477101293103449,0.0,1.0,0.6177412595785441,0.12996886973180077,0.09901819923371648,0.1532716714559387,1.0,0.09605358121286514,1.0,0.09785616329156421,3,0,5,1,0.09,0.09,58,72,standard,17,4
6,Defector,2.4652777777777777,0.0,14.0,0.0,0.0,0.0,0.3661099137931035,0.6338900862068966,0.0,0.0,0.0,0.0,3,0,5,1,0.09,0.09,58,72,standard,17,4
7,Win-Stay Lose-Shift,2.439670138888889,0.7322946599616859,1.0,1.0,0.5744432471264368,0.15785141283524906,0.11217373084291189,0.15553160919540235,1.0,0.0,0.0,1.0,3,0,5,1,0.09,0.09,58,72,standard,17,4
8,GTFT: 0.33,2.3958333333333335,0.8118863745210728,0.0,1.0,0.6452646072796935,0.1666217672413793,0.06827705938697318,0.11983656609195405,1.0,0.34133013968469283,1.0,0.3238349795672182,3,0,5,1,0.09,0.09,58,72,standard,17,4
9,Tit For 2 Tats,2.3411458333333335,0.8197737068965517,0.0,1.0,0.6795079022988505,0.14026580459770113,0.030860871647509572,0.1493654214559387,1.0,0.71612413028519,1.0,0.0,3,0,5,1,0.09,0.09,58,72,standard,17,4
10,Suspicious Tit For Tat,2.2178819444444446,0.5147719109195402,8.0,0.0,0.3531339798850574,0.16163793103448276,0.16819324712643677,0.31703484195402304,1.0,0.0,1.0,0.0,3,0,5,1,0.09,0.09,58,72,standard,17,4
11,Meta Mixer: 15 players,2.0672743055555554,0.4715487308429119,9.0,0.6594827586206896,0.22921156609195403,0.24233716475095787,0.21345186781609193,0.3149994013409962,0.5765711263050223,0.3888534865529604,0.5735795221665266,0.3846502305580705,3,0,5,1,0.09,0.09,58,72,standard,17,4
12,Cycler DC,2.0190972222222223,0.5,5.0,0.0,0.18621288314176246,0.31378711685823757,0.24018199233716472,0.25981800766283525,0.0,0.0,1.0,1.0,3,0,5,1,0.09,0.09,58,72,standard,17,4
13,Cooperator,2.015625,1.0,0.0,1.0,0.6720396312260537,0.32796036877394635,0.0,0.0,1.0,1.0,0.0,0.0,3,0,5,1,0.09,0.09,58,72,standard,17,4
14,Bully,1.9652777777777777,0.5700730363984674,6.0,0.0,0.16228148946360155,0.40779154693486586,0.2621677442528736,0.167759219348659,0.0,1.0,0.0,1.0,3,0,5,1,0.09,0.09,58,72,standard,17,4
15,Win-Shift Lose-Stay: D,1.8424479166666665,0.5922234195402298,6.0,0.0,0.2010745929118774,0.39114882662835254,0.20719588122605365,0.2005806992337165,0.0,1.0,1.0,0.0,3,0,5,1,0.09,0.09,58,72,standard,17,4
16,Anti Tit For Tat,1.6493055555555556,0.6393977490421456,5.0,1.0,0.16837284482758616,0.4710249042145593,0.19624042145593867,0.1643618295019157,0.0,1.0,0.0,1.0,3,0,5,1,0.09,0.09,58,72,standard,17,4
0,Defector,2.660818713450292,0.0,11.0,0.0,0.0,0.0,0.41522272760089524,0.5847772723991047,0.0,0.0,0.0,0.0,3,0,5,1,0.1,0.06,81,57,standard,13,5
1,Meta Winner: 11 players,2.628654970760234,0.04302938415998845,10.0,1.0,0.02979929246985777,0.013230091690130676,0.39596419031116886,0.5610064255288427,0.5961042163194397,0.49989243942953315,0.015519786151815913,0.005466492310509708,3,0,5,1,0.1,0.06,81,57,standard,13,5
2,Evolved FSM 16,2.6067251461988303,0.6202079272254711,4.0,1.0,0.4674572233051766,0.15275070392029455,0.20669987726517944,0.1730921955093495,0.8957832376381406,0.532482827617803,0.3640465382179477,0.39937679838445583,3,0,5,1,0.1,0.06,81,57,standard,13,5
3,Tit For Tat,2.4005847953216377,0.6376254422063389,0.0,1.0,0.4867699083098693,0.15085553389646958,0.14350949389935744,0.21886506389430363,1.0,0.0,1.0,0.0,3,0,5,1,0.1,0.06,81,57,standard,13,5
4,Suspicious Tit For Tat,2.309941520467836,0.5339325680456285,7.0,0.0,0.3295429932856833,0.20438957475994513,0.21451519745866723,0.2515522344957043,1.0,0.0,1.0,0.0,3,0,5,1,0.1,0.06,81,57,standard,13,5
5,GTFT: 0.33,2.280701754385965,0.7806295574326764,0.0,1.0,0.5927008880225255,0.1879286694101509,0.06963396144682696,0.14973648112049673,1.0,0.3343327720948939,1.0,0.34118599353899765,3,0,5,1,0.1,0.06,81,57,standard,13,5
6,Tit For 2 Tats,2.263157894736842,0.7800339325680457,0.0,1.0,0.6382030178326474,0.1418309147353982,0.032235939643347054,0.18773012778860734,1.0,0.7063294424012759,1.0,0.0,3,0,5,1,0.1,0.06,81,57,standard,13,5
7,Cycler DC,2.254385964912281,0.49122807017543857,7.0,0.0,0.2024583062594759,0.28876976391596276,0.2841672081438163,0.22460472168074505,0.0,0.0,1.0,1.0,3,0,5,1,0.1,0.06,81,57,standard,13,5
8,Win-Stay Lose-Shift,2.1827485380116958,0.7151108223232979,1.0,1.0,0.5140062089379829,0.20110461338531518,0.08912713883474119,0.1957620388419609,1.0,0.0,0.0,1.0,3,0,5,1,0.1,0.06,81,57,standard,13,5
9,Meta Mixer: 11 players,2.1637426900584793,0.5240596346834163,5.0,0.6851851851851852,0.28418525738213846,0.2398743773012779,0.20836040719081658,0.2675799581257671,0.6360602544712762,0.4060822493537975,0.6346468365863402,0.4185009998875499,3,0,5,1,0.1,0.06,81,57,standard,13,5
10,Random: 0.5,2.146198830409357,0.5016785791639593,5.0,0.5493827160493827,0.2373474839361779,0.26433109522778137,0.23408057179987007,0.2642408490361707,0.4910008056961466,0.4937013919806454,0.5055642083040094,0.5037965711756406,3,0,5,1,0.1,0.06,81,57,standard,13,5
11,Anti Tit For Tat,2.077485380116959,0.5508627535917984,5.0,1.0,0.1963757129449137,0.3544870406468847,0.25918706230597066,0.18995018410223086,0.0,1.0,0.0,1.0,3,0,5,1,0.1,0.06,81,57,standard,13,5
12,Cooperator,1.9385964912280702,1.0,0.0,1.0,0.6468486029889539,0.3531513970110461,0.0,0.0,1.0,1.0,0.0,0.0,3,0,5,1,0.1,0.06,81,57,standard,13,5
0,"DoubleCrosser: (D, D)",3.230392156862745,0.8075980392156863,5.0,1.0,0.7869397759103641,0.02065826330532213,0.16780462184873948,0.02459733893557423,0.9874771493001347,0.8508064516129032,0.0,0.0,3,0,5,1,0.09,0.06,28,68,standard,7,6
1,Evolved FSM 16,3.153186274509804,0.7415966386554622,2.0,1.0,0.7065826330532213,0.0350140056022409,0.19441526610644258,0.06398809523809525,0.9547026279391425,0.4840764331210191,0.15157840330788805,0.22707423580786026,3,0,5,1,0.09,0.06,28,68,standard,7,6
2,Win-Stay Lose-Shift,3.1519607843137254,0.760766806722689,1.0,1.0,0.7151610644257703,0.045605742296918765,0.19704131652661064,0.042191876750700276,1.0,0.0,0.0,1.0,3,0,5,1,0.09,0.06,28,68,standard,7,6
3,Tit For Tat,2.803921568627451,0.8593312324929971,0.0,1.0,0.7692577030812325,0.0900735294117647,0.08604691876750702,0.0546218487394958,1.0,0.0,1.0,0.0,3,0,5,1,0.09,0.06,28,68,standard,7,6
4,Soft Joss: 0.9,2.784313725490196,0.8807773109243697,0.0,1.0,0.7841386554621849,0.09663865546218486,0.0779936974789916,0.041228991596638655,1.0,0.07540446645067954,1.0,0.1087962962962963,3,0,5,1,0.09,0.06,28,68,standard,7,6
5,Meta Mixer: 6 players,2.3308823529411766,0.5393032212885154,4.0,0.8392857142857143,0.3764880952380952,0.16281512605042017,0.18881302521008403,0.27188375350140054,0.7658653891747572,0.28736681043184936,0.6686452720428715,0.24335117813107543,3,0,5,1,0.09,0.06,28,68,standard,7,6
6,Win-Shift Lose-Stay: D,1.3223039215686274,0.7732843137254902,1.0,0.0,0.14994747899159663,0.6233368347338936,0.16202731092436976,0.06468837535014006,0.0,1.0,1.0,0.0,3,0,5,1,0.09,0.06,28,68,standard,7,6
0,Evolved HMM 5,3.012123933542883,0.5421344110163149,7.0,1.0,0.4875517637080277,0.05458264730828718,0.27302965291290393,0.1848359360707812,0.9978748024281714,0.47692159942772444,0.016484517304189435,0.19145600223556614,3,0,5,1,0.04,0.02,27,131,standard,18,7
1,Grudger,2.966771441400988,0.4197808046034359,7.0,1.0,0.41529045884681265,0.00449034575662326,0.2861015483377405,0.29411764705882354,1.0,0.0,0.0,0.0,3,0,5,1,0.04,0.02,27,131,standard,18,7
2,Meta Winner: 16 players,2.6659182757072295,0.0233996906650701,14.0,1.0,0.013787024563854378,0.00961266610121572,0.4054948527332901,0.5711054566016399,0.5606275942498621,0.4090910850592534,0.013939591589973708,0.008859802314086907,3,0,5,1,0.04,0.02,27,131,standard,18,7
3,Tit For Tat,2.475527615626403,0.6602970280563455,0.0,1.0,0.4917427530808761,0.16855427497546938,0.16577691297044686,0.1739260589732076,1.0,0.0,1.0,0.0,3,0,5,1,0.04,0.02,27,131,standard,18,7
4,Defector,2.453075886843287,0.0,15.0,0.0,0.0,0.0,0.3640007317600492,0.6359992682399508,0.0,0.0,0.0,0.0,3,0,5,1,0.04,0.02,27,131,standard,18,7
5,Soft Joss: 0.9,2.451279748540638,0.7115534933226896,0.0,1.0,0.5490029769329277,0.16255051638976198,0.12862345956194182,0.1598230471153686,1.0,0.09897827031002247,1.0,0.09826171107856028,3,0,5,1,0.04,0.02,27,131,standard,18,7
6,Win-Stay Lose-Shift,2.3821284238886395,0.6896173227560745,1.0,1.0,0.5113505962181311,0.1782667265379434,0.13499309817226296,0.17538957907166258,1.0,0.0,0.0,1.0,3,0,5,1,0.04,0.02,27,131,standard,18,7
7,GTFT: 0.33,2.327346205657836,0.783033145404048,0.0,1.0,0.5797701608209017,0.20326298458314623,0.09256764622727802,0.12439920836867403,1.0,0.33616361937978745,1.0,0.33129528644255685,3,0,5,1,0.04,0.02,27,131,standard,18,7
8,Tit For 2 Tats,2.2276605298607994,0.8112724309401453,0.0,1.0,0.6299955096542434,0.181276921285902,0.03735302433102163,0.15137454472883302,1.0,0.7360150146791837,1.0,0.0,3,0,5,1,0.04,0.02,27,131,standard,18,7
9,Suspicious Tit For Tat,2.2132914234396046,0.5123318199205043,9.0,0.0,0.33995243559680016,0.172379384323704,0.1763708027740358,0.3112973773054599,1.0,0.0,1.0,0.0,3,0,5,1,0.04,0.02,27,131,standard,18,7
10,Cycler DC,2.1414458913336327,0.4961832061068702,8.0,0.0,0.18578389795273495,0.3103993081541352,0.2699695654343162,0.2338472284588135,0.0,0.0,1.0,1.0,3,0,5,1,0.04,0.02,27,131,standard,18,7
11,Alternator,2.1392007184553212,0.5038167938931297,5.0,1.0,0.1922699529345241,0.31154684095860563,0.2658118378818872,0.23037136822498294,0.0,0.0,1.0,1.0,3,0,5,1,0.04,0.02,27,131,standard,18,7
12,Meta Mixer: 16 players,2.115401885945218,0.4829782634003559,9.0,0.6514161220043573,0.23733971960285385,0.24563854379750202,0.22087511849523522,0.2961466181044089,0.5741045696077032,0.41686183679086264,0.564277533206331,0.4098732659006669,3,0,5,1,0.04,0.02,27,131,standard,18,7
13,Random: 0.5,2.0893578805568027,0.5027191538192886,8.0,0.485838779956427,0.2288246935754794,0.27389446024380915,0.22611385521129565,0.27116699096941577,0.5037198893599518,0.5089545879067556,0.4978507769682839,0.4986125648477614,3,0,5,1,0.04,0.02,27,131,standard,18,7
14,Bully,2.0848675348001797,0.5399391308686324,8.0,0.0,0.19654409685842103,0.3433950340102114,0.2591428428877913,0.2009180262435763,0.0,1.0,0.0,1.0,3,0,5,1,0.04,0.02,27,131,standard,18,7
15,Win-Shift Lose-Stay: D,1.9806915132465202,0.5526617771790651,7.0,0.0,0.2169169618653229,0.3357448153137422,0.22187297310781812,0.2254652497131168,0.0,1.0,1.0,0.0,3,0,5,1,0.04,0.02,27,131,standard,18,7
16,Cooperator,1.8926807364167042,1.0,0.0,1.0,0.6301784496665502,0.3698215503334497,0.0,0.0,1.0,1.0,0.0,0.0,3,0,5,1,0.04,0.02,27,131,standard,18,7
17,Anti Tit For Tat,1.7983834755276156,0.6031698514859718,7.0,1.0,0.20043572984749453,0.40273412163847727,0.20005321891267108,0.19677692960135704,0.0,1.0,0.0,1.0,3,0,5,1,0.04,0.02,27,131,standard,18,7
0,Grudger,2.9922279792746114,0.6020725388601036,3.0,1.0,0.599481865284974,0.0025906735751295338,0.19896373056994818,0.19896373056994818,1.0,0.0,0.0,0.0,3,0,5,1,0.07,0.07,78,193,standard,11,8
1,"DoubleCrosser: (D, D)",2.97720207253886,0.6072538860103627,9.0,1.0,0.5989637305699481,0.008290155440414507,0.1970306895177361,0.19571542447190113,0.9965095986038395,0.75,0.0,0.0,3,0,5,1,0.07,0.07,78,193,standard,11,8
2,Win-Stay Lose-Shift,2.793782383419689,0.7507772020725388,1.0,1.0,0.6492227979274612,0.10155440414507773,0.14922279792746113,0.1,1.0,0.0,0.0,1.0,3,0,5,1,0.07,0.07,78,193,standard,11,8
3,Tit For Tat,2.661139896373057,0.7673575129533678,0.0,1.0,0.6326424870466322,0.13471502590673573,0.13264248704663212,0.1,1.0,0.0,1.0,0.0,3,0,5,1,0.07,0.07,78,193,standard,11,8
4,GTFT: 0.33,2.534974093264249,0.841929055400558,0.0,1.0,0.6700146140560648,0.17191444134449313,0.09128470838315397,0.06678623621628801,1.0,0.3188826706809904,1.0,0.3362822961696994,3,0,5,1,0.07,0.07,78,193,standard,11,8
5,Tit For 2 Tats,2.3450777202072537,0.9010362694300518,0.0,1.0,0.7487046632124352,0.1523316062176166,0.0,0.09896373056994819,1.0,0.9,0.0,0.0,3,0,5,1,0.07,0.07,78,193,standard,11,8
6,Cooperator,2.2461139896373057,1.0,0.0,1.0,0.7487046632124352,0.25129533678756477,0.0,0.0,1.0,1.0,0.0,0.0,3,0,5,1,0.07,0.07,78,193,standard,11,8
7,Cycler DC,2.2212435233160623,0.49740932642487046,6.0,0.0,0.1673309419423409,0.3300783844825296,0.30414507772020727,0.19844559585492227,0.0,0.0,1.0,1.0,3,0,5,1,0.07,0.07,78,193,standard,11,8
8,Alternator,2.212953367875648,0.5025906735751295,3.0,1.0,0.1710243124750897,0.33156636110003984,0.3010362694300518,0.19637305699481863,0.0,0.0,1.0,1.0,3,0,5,1,0.07,0.07,78,193,standard,11,8
9,Defector,2.15440414507772,0.0,9.0,0.0,0.0,0.0,0.2879965457685665,0.7120034542314334,0.0,0.0,0.0,0.0,3,0,5,1,0.07,0.07,78,193,standard,11,8
10,Win-Shift Lose-Stay: D,1.9409326424870468,0.6245117576723794,5.0,0.0,0.22129666533811615,0.40321509233426334,0.22522917497010758,0.15025906735751296,0.0,1.0,1.0,0.0,3,0,5,1,0.07,0.07,78,193,standard,11,8
0,Evolved HMM 5,2.9282891022021458,0.5995875579996564,4.0,1.0,0.5567721503449291,0.042815407654727126,0.214518940416861,0.18589350158348267,0.9975308641975309,0.5188785493080831,0.014492753623188406,0.19505649717514123,3,0,5,1,0.08,0.05,23,161,standard,12,9
1,Grudger,2.813664596273292,0.4590626764539808,4.0,1.0,0.4556747600225861,0.0033879164313946916,0.22610659661699362,0.31483072692902564,1.0,0.0,0.0,0.0,3,0,5,1,0.08,0.05,23,161,standard,12,9
2,Win-Stay Lose-Shift,2.660079051383399,0.6698499987724941,1.0,1.0,0.5248569955564284,0.1449930032160656,0.1877347605135885,0.14241524071391745,1.0,0.0,0.0,1.0,3,0,5,1,0.08,0.05,23,161,standard,12,9
3,Soft Joss: 0.9,2.5872388481084134,0.7648589595659538,0.0,1.0,0.6049394839564972,0.1599194756094567,0.1335280976112734,0.10161294282277268,1.0,0.10095557989865123,1.0,0.09989309620530248,3,0,5,1,0.08,0.05,23,161,standard,12,9
4,Tit For Tat,2.5782044042913608,0.6978862347482385,0.0,1.0,0.5077210124469104,0.19016522230132815,0.18815211253774583,0.11396165271401568,1.0,0.0,1.0,0.0,3,0,5,1,0.08,0.05,23,161,standard,12,9
5,Tit For 2 Tats,2.302653867871259,0.8878059558588859,0.0,1.0,0.7153659195247097,0.17244003633417623,0.011047553580634866,0.10114649056047922,1.0,0.8621562952243126,1.0,0.0,3,0,5,1,0.08,0.05,23,161,standard,12,9
6,Suspicious Tit For Tat,2.163749294184077,0.47929197456607664,6.0,0.0,0.2863525888100557,0.1929393857560209,0.1961063511158029,0.3246016743181204,1.0,0.0,1.0,0.0,3,0,5,1,0.08,0.05,23,161,standard,12,9
7,Cycler DC,2.0491247882552233,0.4968944099378882,6.0,0.0,0.11887167652763116,0.378022733410257,0.29798934524832443,0.20511624481378735,0.0,0.0,1.0,1.0,3,0,5,1,0.08,0.05,23,161,standard,12,9
8,Alternator,2.0400903444381706,0.5031055900621118,2.0,1.0,0.12103208700562197,0.38207350305648985,0.29560798369872093,0.20128642623916726,0.0,0.0,1.0,1.0,3,0,5,1,0.08,0.05,23,161,standard,12,9
9,Random: 0.5,1.9457933370976848,0.5025900375616822,4.0,0.44664031620553357,0.21036997029435592,0.29222006726732624,0.20285763385952424,0.2945523285787936,0.5105484434336747,0.5082029649886476,0.5057834870889762,0.5044228003101563,3,0,5,1,0.08,0.05,23,161,standard,12,9
10,Defector,1.8921513269339356,0.0,9.0,0.0,0.0,0.0,0.22293963125721158,0.7770603687427884,0.0,0.0,0.0,0.0,3,0,5,1,0.08,0.05,23,161,standard,12,9
11,Win-Shift Lose-Stay: D,1.6674195369847544,0.5711339699997545,4.0,0.0,0.17472319740750744,0.3964107725922471,0.17879851717280826,0.2500675128274372,0.0,1.0,1.0,0.0,3,0,5,1,0.08,0.05,23,161,standard,12,9
0,Evolved FSM 16,3.4677419354838706,0.4121132323897301,2.0,1.0,0.3686635944700461,0.043449637919684,0.4431643625192012,0.14472240509106868,0.8099688473520249,0.3930635838150289,0.06604651162790698,0.17161186848436247,3,0,5,1,0.0,0.09,49,62,standard,4,10
1,Tit For Tat,2.435483870967742,0.6490015360983102,0.0,1.0,0.4812376563528637,0.16776387974544654,0.15898617511520735,0.19201228878648233,1.0,0.0,1.0,0.0,3,0,5,1,0.0,0.09,49,62,standard,4,10
2,Meta Mixer: 3 players,2.10752688172043,0.4210006583278473,2.0,0.6938775510204082,0.1769804696071977,0.24402018872064954,0.25554092604783846,0.32345841562431427,0.4420318518874169,0.40943934039436775,0.39918714327556315,0.41351824523219616,3,0,5,1,0.0,0.09,49,62,standard,4,10
3,Bully,1.3010752688172043,0.6939872723282862,1.0,0.0,0.15503620803159973,0.5389510642966864,0.13649330700021942,0.16951942067149436,0.0,1.0,0.0,1.0,3,0,5,1,0.0,0.09,49,62,standard,4,10
0,"DoubleCrosser: (D, D)",2.8857868020304567,0.19709098008590395,5.0,1.0,0.17896654952492516,0.018124430560978785,0.3833138097097488,0.41959521020434726,0.9989743589743589,0.743354758449098,0.0030694946570920404,0.0,3,0,5,1,0.07,0.08,78,197,standard,7,11
1,Evolved FSM 16,2.6988155668358713,0.31286606794221006,4.0,1.0,0.17930278970888106,0.133563278233329,0.3678359147902295,0.3192980172675604,0.7563569162391208,0.4495057352168227,0.019272102141596595,0.27405266960409225,3,0,5,1,0.07,0.08,78,197,standard,7,11
2,Defector,2.302876480541455,0.0,5.0,0.0,0.0,0.0,0.32561065555989416,0.6743893444401059,0.0,0.0,0.0,0.0,3,0,5,1,0.07,0.08,78,197,standard,7,11
3,Meta Mixer: 6 players,1.69585448392555,0.29235541672089893,3.0,0.4358974358974359,0.08294286086164258,0.20941255585925636,0.19230769230769232,0.5153368909714088,0.29014258807750093,0.3034653928684352,0.3336229487437546,0.302344412646984,3,0,5,1,0.07,0.08,78,197,standard,7,11
4,Random: 0.5,1.2787648054145515,0.49957698815566837,1.0,0.5235042735042735,0.1132912490780511,0.38628573907761715,0.11116534339884593,0.38925766844548576,0.5120216585296006,0.49951747936205915,0.49615156376070635,0.5003529382600967,3,0,5,1,0.07,0.08,78,197,standard,7,11
5,Cycler DC,1.260575296108291,0.49746192893401014,1.0,0.0,0.1154171547572563,0.38204477417675387,0.10293288212069936,0.3996051889452905,0.0,0.0,1.0,1.0,3,0,5,1,0.07,0.08,78,197,standard,7,11
6,Win-Shift Lose-Stay: D,1.1912013536379018,0.5683652219185215,1.0,0.0,0.10605666189422536,0.46230856002429604,0.10857304004512126,0.32306173803635735,0.0,1.0,1.0,0.0,3,0,5,1,0.07,0.08,78,197,standard,7,11
0,Grudger,3.23389175257732,0.7519656139892992,2.0,1.0,0.7500326242985776,0.0019329896907216498,0.18475140284483887,0.06328298316586195,1.0,0.0,0.0,0.0,3,0,5,1,0.06,0.1,79,194,standard,9,12
1,"DoubleCrosser: (D, D)",3.229381443298969,0.7527975336030275,8.0,1.0,0.7467049458436644,0.006092587759363173,0.18507764583061465,0.062124820566357826,0.995824932795699,0.7392691415313225,0.005440848214285714,0.0,3,0,5,1,0.06,0.1,79,194,standard,9,12
2,Evolved HMM 5,3.197164948453608,0.7765480229675062,2.0,1.0,0.7621607072947931,0.014387315672713036,0.17202792639958242,0.051424050632911396,0.9964788732394366,0.3248863066521416,0.01564320186387086,0.14526419106821528,3,0,5,1,0.06,0.1,79,194,standard,9,12
3,Soft Joss: 0.9,2.7822164948453607,0.8847954456479186,0.0,1.0,0.8147673887511419,0.07002805689677671,0.05584464309017356,0.05935991126190787,1.0,0.08340229708520337,1.0,0.10131782367311515,3,0,5,1,0.06,0.1,79,194,standard,9,12
4,Tit For 2 Tats,2.702963917525773,0.9199481273652617,0.0,1.0,0.8212840923920136,0.09866403497324808,0.039997390056113795,0.04005448257862456,1.0,0.7224733426054706,1.0,0.0,3,0,5,1,0.06,0.1,79,194,standard,9,12
5,Win-Stay Lose-Shift,2.6926546391752577,0.8971437426595328,0.0,1.0,0.8231518334855801,0.07399190917395276,0.02980229675061986,0.07305396058984731,1.0,0.0,0.0,1.0,3,0,5,1,0.06,0.1,79,194,standard,9,12
6,Cooperator,2.4336340206185567,1.0,0.0,1.0,0.8114152420722954,0.18858475792770457,0.0,0.0,1.0,1.0,0.0,0.0,3,0,5,1,0.06,0.1,79,194,standard,9,12
7,Random: 0.5,2.077319587628866,0.4988336813258515,4.0,0.4936708860759494,0.22523815737961636,0.27359552394623515,0.22540943494714866,0.2757568837269999,0.5039004994707156,0.5008603046803116,0.4897412734682128,0.5028304793848611,3,0,5,1,0.06,0.1,79,194,standard,9,12
8,Anti Tit For Tat,1.9561855670103094,0.5837873548218714,4.0,1.0,0.13223443820957848,0.45155291661229285,0.2859193527339162,0.13029329244421245,0.0,1.0,0.0,1.0,3,0,5,1,0.06,0.1,79,194,standard,9,12
0,Meta Winner: 8 players,3.0905077262693155,0.01913171449595291,8.0,1.0,0.00952812211090357,0.00960359238504934,0.5204618780777721,0.46040640742627503,0.6359395932285958,0.5833333333333334,0.004257075603253048,0.009773013032899357,3,0,5,1,0.03,0.06,39,151,standard,10,13
1,Evolved FSM 16,3.0125091979396617,0.38612479009830003,5.0,1.0,0.23290126601384875,0.15322352408445125,0.42446368936435164,0.18941152053734836,0.8355273850154395,0.47650709219858156,0.018684729437383227,0.48044319702492677,3,0,5,1,0.03,0.06,39,151,standard,10,13
2,Defector,2.63355408388521,0.0,8.0,0.0,0.0,0.0,0.40953944265202546,0.5904605573479746,0.0,0.0,0.0,0.0,3,0,5,1,0.03,0.06,39,151,standard,10,13
3,Tit For Tat,2.191317144959529,0.5127827776834399,0.0,1.0,0.33461632799381147,0.1781664496896285,0.17482689005867813,0.312390332257882,1.0,0.0,1.0,0.0,3,0,5,1,0.03,0.06,39,151,standard,10,13
4,Soft Joss: 0.9,2.1089036055923476,0.5522914661987509,0.0,1.0,0.34250297164204446,0.20978849455670648,0.15843097300050946,0.28927756080073963,1.0,0.0942980986703483,1.0,0.09897407401832872,3,0,5,1,0.03,0.06,39,151,standard,10,13
5,Win-Shift Lose-Stay: D,1.8601913171449596,0.5487066281768268,4.0,0.0,0.19926039131337148,0.34944623686345544,0.20299616988358712,0.24829720193958604,0.0,1.0,1.0,0.0,3,0,5,1,0.03,0.06,39,151,standard,10,13
6,Meta Mixer: 8 players,1.8432671081677705,0.4134072942019962,5.0,0.6324786324786325,0.14473311824305204,0.2686741759589442,0.21124129733401253,0.37535140846399123,0.39216152607411464,0.4187776453442611,0.40102517470897775,0.4259376565411437,3,0,5,1,0.03,0.06,39,151,standard,10,13
7,Alternator,1.6578366445916113,0.5033112582781457,1.0,1.0,0.1755061225259901,0.32780513575215564,0.158072489198317,0.33861625252353733,0.0,0.0,1.0,1.0,3,0,5,1,0.03,0.06,39,151,standard,10,13
8,Bully,1.6438557763061072,0.6320446784022943,3.0,0.0,0.17427973057112134,0.457764947831173,0.1891662421463746,0.17878907945133113,0.0,1.0,0.0,1.0,3,0,5,1,0.03,0.06,39,151,standard,10,13
9,Anti Tit For Tat,1.0927152317880795,0.7480236221958076,2.0,1.0,0.17720420369426992,0.5708194185015377,0.07609290390747345,0.17588347389671893,0.0,1.0,0.0,1.0,3,0,5,1,0.03,0.06,39,151,standard,10,13
0,Tit For 2 Tats,2.5059952038369304,0.8739710933955538,0.0,1.0,0.7441506254455895,0.12982046794996435,0.036716572687795705,0.08931233391665046,1.0,0.799529816528584,1.0,0.0,3,0,5,1,0.02,0.07,37,139,standard,7,14
1,Evolved FSM 16,2.4592326139088727,0.5713591289130857,2.0,1.0,0.43836282325490966,0.13299630565817616,0.18047183874522002,0.2481690323416942,0.7281972633107825,0.6047904862809634,0.4408353925934859,0.1453350672100672,3,0,5,1,0.02,0.07,37,139,standard,7,14
2,Tit For Tat,2.383693045563549,0.6247002398081535,0.0,1.0,0.4440663685268002,0.1806338712813533,0.1770043424719684,0.19829541771987813,1.0,0.0,1.0,0.0,3,0,5,1,0.02,0.07,37,139,standard,7,14
3,Suspicious Tit For Tat,2.3045563549160675,0.5508458098386156,4.0,0.0,0.31755136431395425,0.23329444552466136,0.2379285760580724,0.21122561410331195,1.0,0.0,1.0,0.0,3,0,5,1,0.02,0.07,37,139,standard,7,14
4,Meta Mixer: 5 players,2.1378896882494005,0.4709637695249206,3.0,0.6486486486486487,0.2918530040832199,0.17911076544170068,0.1828699202799922,0.3461663101950872,0.7646933597528367,0.26160503321815437,0.7424915317743225,0.17262535750219687,3,0,5,1,0.02,0.07,37,139,standard,7,14
5,Meta Winner: 5 players,2.07673860911271,0.23024823384535614,4.0,1.0,0.14472746127422387,0.08552077257113229,0.22878994102015685,0.5409618251344871,0.5975065886265097,0.4948635543823278,0.3746822765800128,0.06185998559462091,3,0,5,1,0.02,0.07,37,139,standard,7,14
6,Random: 0.5,1.8860911270983214,0.4987361462181606,2.0,0.45045045045045046,0.197938946140385,0.30079720007777566,0.19839263724155812,0.3028712165402813,0.5026194430038075,0.49790877623633767,0.48851176091672094,0.5048497741552469,3,0,5,1,0.02,0.07,37,139,standard,7,14
0,"DoubleCrosser: (D, D)",2.9113553113553112,0.6269484361792054,12.0,1.0,0.606931530008453,0.020016906170752326,0.17945336714567484,0.19359819667511977,0.992650091194924,0.7845846367744178,0.028401585204755615,0.0,3,0,5,1,0.02,0.01,65,91,standard,16,15
1,Evolved HMM 5,2.8622710622710623,0.6827387996618766,4.0,1.0,0.6199267399267399,0.06281205973513666,0.17164271625810085,0.14561848408002256,0.9979310292349602,0.5034385977269403,0.013864307473652065,0.19692302916483173,3,0,5,1,0.02,0.01,65,91,standard,16,15
2,Grudger,2.81978021978022,0.5436573682727529,4.0,1.0,0.5377965624119471,0.005860805860805862,0.18772612003381234,0.26861651169343476,1.0,0.0,0.0,0.0,3,0,5,1,0.02,0.01,65,91,standard,16,15
3,Evolved FSM 16,2.8117216117216115,0.6886221470836855,4.0,1.0,0.5674049027895182,0.12121724429416737,0.19989856297548603,0.1114792899408284,0.9289575712954188,0.5527210855062665,0.3346130978650662,0.4994829215356016,3,0,5,1,0.02,0.01,65,91,standard,16,15
4,Win-Stay Lose-Shift,2.506959706959707,0.7360383206537052,1.0,1.0,0.5878050154973232,0.14823330515638206,0.11925612848689772,0.14470555085939701,1.0,0.0,0.0,1.0,3,0,5,1,0.02,0.01,65,91,standard,16,15
5,Tit For Tat,2.504029304029304,0.7087630318399549,0.0,1.0,0.6009354747816287,0.10782755705832626,0.10253029022259792,0.1887066779374472,1.0,0.0,1.0,0.0,3,0,5,1,0.02,0.01,65,91,standard,16,15
6,Soft Joss: 0.9,2.4996336996336996,0.7574640743871514,0.0,1.0,0.6565116934347703,0.10095238095238095,0.071389123696816,0.17114680191603268,1.0,0.10120125684871126,1.0,0.09984517457629909,3,0,5,1,0.02,0.01,65,91,standard,16,15
7,GTFT: 0.33,2.4300366300366303,0.8242998027613412,0.0,1.0,0.6821752606367991,0.1421245421245421,0.051169343477035785,0.12453085376162298,1.0,0.33765431620690844,1.0,0.3225708715951437,3,0,5,1,0.02,0.01,65,91,standard,16,15
8,Meta Winner: 14 players,2.3230769230769233,0.024592843054381516,12.0,1.0,0.01828120597351367,0.00631163708086785,0.34056917441532825,0.6348379825302903,0.5345764419770668,0.1446529809269663,0.0441119472226436,0.002462232052367572,3,0,5,1,0.02,0.01,65,91,standard,16,15
9,Defector,2.2893772893772897,0.0,13.0,0.0,0.0,0.0,0.32190476190476186,0.6780952380952381,0.0,0.0,0.0,0.0,3,0,5,1,0.02,0.01,65,91,standard,16,15
10,Suspicious Tit For Tat,2.18974358974359,0.5148041701887855,8.0,0.0,0.37669202592279516,0.13811214426599042,0.1438827838827839,0.34131304592843054,1.0,0.0,1.0,0.0,3,0,5,1,0.02,0.01,65,91,standard,16,15
11,Cooperator,2.158241758241758,1.0,0.0,1.0,0.7192448577063962,0.2807551422936038,0.0,0.0,1.0,1.0,0.0,0.0,3,0,5,1,0.02,0.01,65,91,standard,16,15
12,Meta Mixer: 14 players,1.9164835164835163,0.43486052409129333,8.0,0.7425641025641025,0.20566920259227953,0.22919132149901378,0.18576500422654268,0.379374471682164,0.6154693339091096,0.32650819295576045,0.5802873537773449,0.32880256255091445,3,0,5,1,0.02,0.01,65,91,standard,16,15
13,Random: 0.5,1.8058608058608059,0.49897999436460977,5.0,0.49025641025641026,0.18562975486052408,0.31335023950408564,0.18760214144829532,0.31341786418709494,0.5032650289545406,0.4979491619118101,0.4910167290155873,0.496840153001619,3,0,5,1,0.02,0.01,65,91,standard,16,15
14,Anti Tit For Tat,1.5794871794871796,0.6572104818258664,5.0,1.0,0.14893209354747816,0.5082783882783883,0.19738517892364046,0.1454043392504931,0.0,1.0,0.0,1.0,3,0,5,1,0.02,0.01,65,91,standard,16,15
15,Win-Shift Lose-Stay: D,1.5450549450549451,0.5993575655114116,6.0,0.0,0.1582304874612567,0.44112707805015494,0.16599605522682445,0.23464637926176388,0.0,1.0,1.0,0.0,3,0,5,1,0.02,0.01,65,91,standard,16,15
0,"DoubleCrosser: (D, D)",3.0318559556786706,0.5481119696748797,16.0,1.0,0.5303494192545074,0.01776255042037226,0.24680468484229967,0.20508334548282062,0.9947431675372852,0.7721153846153846,0.014144271570014143,0.0,3,0,5,1,0.03,0.02,19,114,standard,20,16
1,Evolved HMM 5,2.9958448753462603,0.5920202167468532,7.0,1.0,0.5409680711473976,0.051052145599455714,0.24087573504398113,0.16710404820916558,0.9979308907250596,0.4766160116028907,0.015467697185889813,0.19547227826585323,3,0,5,1,0.03,0.02,19,114,standard,20,16
2,Grudger,2.9672206832871653,0.4814355834183797,7.0,1.0,0.47635709773047574,0.0050784856879039705,0.25521213004811194,0.26335228653350823,1.0,0.0,0.0,0.0,3,0,5,1,0.03,0.02,19,114,standard,20,16
3,Evolved FSM 16,2.9630655586334256,0.5938912377897653,7.0,1.0,0.4996355153812509,0.09425572240851436,0.2642756475676727,0.1418331146425621,0.8915438596491227,0.5317981180031347,0.17036739213010574,0.3243969052349907,3,0,5,1,0.03,0.02,19,114,standard,20,16
4,Meta Winner: 18 players,2.641735918744229,0.027020459736599115,16.0,1.0,0.01652330271662536,0.010497157019973757,0.39947514214900126,0.5735043981143996,0.5381701462795303,0.4946238856924239,0.016364727328744874,0.01762990372384097,3,0,5,1,0.03,0.02,19,114,standard,20,16
5,Tit For Tat,2.5221606648199444,0.6916217135636876,0.0,1.0,0.5406035865286485,0.1510181270350391,0.14783496136463042,0.16054332507168198,1.0,0.0,1.0,0.0,3,0,5,1,0.03,0.02,19,114,standard,20,16
6,Soft Joss: 0.9,2.5018467220683287,0.7420906837731448,0.0,1.0,0.5965641249939252,0.14552655877921952,0.11316032463430044,0.14474899159255478,1.0,0.1010712222725943,1.0,0.1113399189451844,3,0,5,1,0.03,0.02,19,114,standard,20,16
7,Win-Stay Lose-Shift,2.4445983379501386,0.7209748748602809,1.0,1.0,0.5605530446615152,0.1604218301987656,0.1207173057296982,0.15830781941002087,1.0,0.0,0.0,1.0,3,0,5,1,0.03,0.02,19,114,standard,20,16
8,Defector,2.4441366574330563,0.0,17.0,0.0,0.0,0.0,0.35967342178160083,0.6403265782183992,0.0,0.0,0.0,0.0,3,0,5,1,0.03,0.02,19,114,standard,20,16
9,GTFT: 0.33,2.3928901200369346,0.8013072848325801,0.0,1.0,0.618919181610536,0.18238810322204402,0.08356417359187442,0.1151285415755455,1.0,0.3364249581093227,1.0,0.3091225835193977,3,0,5,1,0.03,0.02,19,114,standard,20,16
10,Tit For 2 Tats,2.3047091412742384,0.8303445594595908,0.0,1.0,0.6671526461583321,0.1631919133012587,0.03321669825533363,0.13643874228507558,1.0,0.7602541299005242,1.0,0.0,3,0,5,1,0.03,0.02,19,114,standard,20,16
11,Suspicious Tit For Tat,2.2686980609418286,0.540384895757399,10.0,0.0,0.36837245468241236,0.1720124410749866,0.17655634932205863,0.2830587549205424,1.0,0.0,1.0,0.0,3,0,5,1,0.03,0.02,19,114,standard,20,16
12,Meta Mixer: 18 players,2.0267774699907664,0.4479272974680468,11.0,0.7119113573407202,0.20816931525489626,0.23975798221315062,0.21366088351071583,0.3384118190212373,0.5622269328014086,0.37668755639307105,0.5400509193463289,0.3755125043567149,3,0,5,1,0.03,0.02,19,114,standard,20,16
13,Cooperator,2.009695290858726,1.0,0.0,1.0,0.6690236672012441,0.3309763327987558,0.0,0.0,1.0,1.0,0.0,0.0,3,0,5,1,0.03,0.02,19,114,standard,20,16
14,Alternator,1.9843028624192058,0.5,7.0,1.0,0.17138066773582156,0.32861933226417844,0.24206638479856155,0.2579336152014385,0.0,0.0,1.0,1.0,3,0,5,1,0.03,0.02,19,114,standard,20,16
15,Cycler DC,1.969529085872576,0.5,5.0,0.0,0.1681975020654128,0.33180249793458716,0.2417747971035622,0.25822520289643774,0.0,0.0,1.0,1.0,3,0,5,1,0.03,0.02,19,114,standard,20,16
16,Random: 0.5,1.9233610341643583,0.4989551440929193,7.0,0.5041551246537396,0.20114691160033046,0.29780823249258875,0.2064683870340672,0.29457646887301353,0.504042109460735,0.49483210894665813,0.5148317839473657,0.49885987956868827,3,0,5,1,0.03,0.02,19,114,standard,20,16
17,Bully,1.8762696214219758,0.5856052874568694,9.0,0.0,0.17434514263498083,0.4112601448218885,0.23438790883024735,0.1800068037128833,0.0,1.0,0.0,1.0,3,0,5,1,0.03,0.02,19,114,standard,20,16
18,Win-Shift Lose-Stay: D,1.7922437673130194,0.5993585070710016,8.0,0.0,0.19653010642950863,0.40282840064149295,0.20131700442241338,0.19932448850658502,0.0,1.0,1.0,0.0,3,0,5,1,0.03,0.02,19,114,standard,20,16
19,Anti Tit For Tat,1.6061865189289013,0.6438256305583905,7.0,1.0,0.18078437089954802,0.46304125965884246,0.1782572775428877,0.17791709189872185,0.0,1.0,0.0,1.0,3,0,5,1,0.03,0.02,19,114,standard,20,16
0,"DoubleCrosser: (D, D)",2.7675675675675677,0.57327768945416,12.0,1.0,0.5457074721780604,0.02757021727609963,0.17600688924218338,0.25071542130365665,0.9915859185115803,0.7806021781971841,0.012317542660086807,0.0,3,0,5,1,0.03,0.08,68,74,standard,16,17
1,Grudger,2.6747747747747748,0.47955749867514574,5.0,1.0,0.4714493905670376,0.008108108108108107,0.1855988341282459,0.33484366719660835,1.0,0.0,0.0,0.0,3,0,5,1,0.03,0.08,68,74,standard,16,17
2,Evolved FSM 16,2.667567567567567,0.6342077371489137,5.0,1.0,0.5077503974562798,0.12645733969263379,0.19464758876523583,0.17114467408585057,0.8657297377232732,0.5382991203405636,0.2583999161912943,0.35029894099820846,3,0,5,1,0.03,0.08,68,74,standard,16,17
3,Win-Stay Lose-Shift,2.5211711711711713,0.6917991520932697,2.0,1.0,0.5326444091149973,0.1591547429782724,0.15386857445680974,0.15433227344992054,1.0,0.0,0.0,1.0,3,0,5,1,0.03,0.08,68,74,standard,16,17
4,Tit For Tat,2.4959459459459463,0.6787095919448861,0.0,1.0,0.5214758876523582,0.1572337042925278,0.15268945416004237,0.16860095389507151,1.0,0.0,1.0,0.0,3,0,5,1,0.03,0.08,68,74,standard,16,17
5,Soft Joss: 0.9,2.4864864864864864,0.7362745098039216,0.0,1.0,0.5865792262851086,0.14969528351881295,0.11469263381028087,0.14903285638579755,1.0,0.10381067725369313,1.0,0.10490826120249105,3,0,5,1,0.03,0.08,68,74,standard,16,17
6,Meta Winner: 14 players,2.3752252252252255,0.03354531001589825,13.0,1.0,0.02325119236883943,0.010294117647058823,0.3279411764705883,0.6385135135135135,0.6077934533855328,0.5140579382515288,0.018406354362683182,0.0009818635865810102,3,0,5,1,0.03,0.08,68,74,standard,16,17
7,Tit For 2 Tats,2.291891891891892,0.8468203497615262,0.0,1.0,0.6967938526762056,0.15002649708532062,0.012056173820879701,0.14112347641759404,1.0,0.8281527894799205,1.0,0.0,3,0,5,1,0.03,0.08,68,74,standard,16,17
8,Suspicious Tit For Tat,2.1711711711711716,0.4846581875993641,5.0,0.0,0.2993640699523052,0.18529411764705886,0.18958664546899845,0.32575516693163753,1.0,0.0,1.0,0.0,3,0,5,1,0.03,0.08,68,74,standard,16,17
9,Cooperator,2.1540540540540545,1.0,0.0,1.0,0.7177530471648118,0.28224695283518814,0.0,0.0,1.0,1.0,0.0,0.0,3,0,5,1,0.03,0.08,68,74,standard,16,17
10,Defector,2.1135135135135132,0.0,13.0,0.0,0.0,0.0,0.27782193958664547,0.7221780604133544,0.0,0.0,0.0,0.0,3,0,5,1,0.03,0.08,68,74,standard,16,17
11,Alternator,2.026576576576576,0.5,6.0,1.0,0.14194488606253314,0.35805511393746686,0.27542395336512987,0.22457604663487016,0.0,0.0,1.0,1.0,3,0,5,1,0.03,0.08,68,74,standard,16,17
12,Meta Mixer: 14 players,2.0157657657657655,0.4498410174880763,8.0,0.6696078431372549,0.23016693163751986,0.21967408585055645,0.19532326444091147,0.3548357180710122,0.6511194548072565,0.32514609160542085,0.6257203133048543,0.3058493277243541,3,0,5,1,0.03,0.08,68,74,standard,16,17
13,Cycler DC,2.0094594594594595,0.5,3.0,0.0,0.13611552729199788,0.3638844727080021,0.27566242713301536,0.2243375728669846,0.0,0.0,1.0,1.0,3,0,5,1,0.03,0.08,68,74,standard,16,17
14,Random: 0.5,1.9103603603603603,0.5021462639109698,5.0,0.4970588235294118,0.20323264440911498,0.2989136195018548,0.2012851086380498,0.2965686274509804,0.5004374329913379,0.5014773632837642,0.49635916406665254,0.5055710254409983,3,0,5,1,0.03,0.08,68,74,standard,16,17
15,Win-Shift Lose-Stay: D,1.677027027027027,0.6011526232114467,5.0,0.0,0.17829888712241657,0.4228537360890302,0.1868574456809751,0.21198993110757816,0.0,1.0,1.0,0.0,3,0,5,1,0.03,0.08,68,74,standard,16,17
0,Grudger,2.8777777777777778,0.5066666666666667,7.0,1.0,0.4660493827160494,0.04061728395061728,0.24444444444444446,0.2488888888888889,1.0,0.0,0.0,0.0,3,0,5,1,0.05,0.09,30,15,standard,19,18
1,Evolved HMM 5,2.85,0.6317283950617284,6.5,1.0,0.5393827160493827,0.09234567901234568,0.21530864197530863,0.15296296296296297,0.99951171875,0.47599623188070533,0.0,0.16892752440764264,3,0,5,1,0.05,0.09,30,15,standard,19,18
2,Evolved FSM 16,2.8111111111111113,0.6388888888888888,6.0,1.0,0.5154320987654321,0.1234567901234568,0.2255555555555556,0.13555555555555554,0.9032450076804915,0.4522596233615398,0.3305011074836405,0.3233648017424127,3,0,5,1,0.05,0.09,30,15,standard,19,18
3,"DoubleCrosser: (D, D)",2.7055555555555557,0.658395061728395,11.0,1.0,0.5264197530864199,0.1319753086419753,0.19493827160493826,0.14666666666666664,0.9510759991652042,0.7852218037246286,0.02564102564102564,0.0,3,0,5,1,0.05,0.09,30,15,standard,19,18
4,Meta Winner: 17 players,2.6314814814814813,0.20493827160493827,15.0,1.0,0.12259259259259259,0.08234567901234568,0.3653086419753086,0.4297530864197531,0.553018860205524,0.370037514573898,0.02732734120246444,0.09413256520240333,3,0,5,1,0.05,0.09,30,15,standard,19,18
5,Defector,2.6222222222222227,0.0,16.0,0.0,0.0,0.0,0.4050617283950617,0.5949382716049383,0.0,0.0,0.0,0.0,3,0,5,1,0.05,0.09,30,15,standard,19,18
6,Tit For Tat,2.4870370370370374,0.7060493827160493,0.0,1.0,0.5279012345679012,0.1781481481481481,0.15246913580246912,0.14148148148148149,1.0,0.0,1.0,0.0,3,0,5,1,0.05,0.09,30,15,standard,19,18
7,Win-Stay Lose-Shift,2.3962962962962964,0.7165432098765432,1.0,1.0,0.541358024691358,0.17518518518518517,0.12395061728395057,0.15950617283950613,1.0,0.0,0.0,1.0,3,0,5,1,0.05,0.09,30,15,standard,19,18
8,GTFT: 0.33,2.3388888888888886,0.8033333333333333,0.0,1.0,0.59320987654321,0.2101234567901235,0.08975308641975309,0.10691358024691358,1.0,0.3341140380256181,1.0,0.3407483059869357,3,0,5,1,0.05,0.09,30,15,standard,19,18
9,Suspicious Tit For Tat,2.3185185185185184,0.5,9.0,0.0,0.3154320987654321,0.18456790123456793,0.2175308641975309,0.2824691358024692,1.0,0.0,1.0,0.0,3,0,5,1,0.05,0.09,30,15,standard,19,18
10,Meta Mixer: 17 players,2.2740740740740737,0.5313580246913581,8.0,0.7148148148148148,0.30543209876543215,0.22592592592592586,0.22518518518518524,0.24345679012345686,0.6263752925296181,0.4058548951135047,0.5773152405448498,0.4162295525701193,3,0,5,1,0.05,0.09,30,15,standard,19,18
11,Tit For 2 Tats,2.261111111111111,0.860246913580247,0.0,1.0,0.6591358024691357,0.20111111111111107,0.03444444444444444,0.10530864197530862,1.0,0.7715634106808925,1.0,0.0,3,0,5,1,0.05,0.09,30,15,standard,19,18
12,Cycler DC,2.196296296296296,0.4666666666666667,7.0,0.0,0.1838271604938272,0.28283950617283954,0.2775308641975308,0.2558024691358025,0.0,0.0,1.0,1.0,3,0,5,1,0.05,0.09,30,15,standard,19,18
13,Random: 0.5,2.151851851851852,0.495679012345679,8.0,0.49074074074074076,0.23703703703703707,0.25864197530864197,0.2371604938271605,0.26716049382716045,0.5045092215591485,0.4949549008836007,0.5006609013121476,0.4874312006401032,3,0,5,1,0.05,0.09,30,15,standard,19,18
14,Alternator,2.146296296296296,0.5333333333333333,3.0,1.0,0.23037037037037036,0.3029629629629629,0.2490123456790124,0.21765432098765433,0.0,0.0,1.0,1.0,3,0,5,1,0.05,0.09,30,15,standard,19,18
15,Bully,2.0500000000000003,0.5279012345679013,7.0,0.0,0.16555555555555557,0.36234567901234566,0.27185185185185184,0.20024691358024693,0.0,1.0,0.0,1.0,3,0,5,1,0.05,0.09,30,15,standard,19,18
16,Win-Shift Lose-Stay: D,1.998148148148148,0.5571604938271605,6.0,0.0,0.20024691358024696,0.3569135802469135,0.24000000000000002,0.20283950617283952,0.0,1.0,1.0,0.0,3,0,5,1,0.05,0.09,30,15,standard,19,18
17,Cooperator,1.9500000000000002,1.0,0.0,1.0,0.6511111111111112,0.3488888888888889,0.0,0.0,1.0,1.0,0.0,0.0,3,0,5,1,0.05,0.09,30,15,standard,19,18
18,Anti Tit For Tat,1.7888888888888888,0.6134567901234568,6.0,1.0,0.2009876543209877,0.41246913580246913,0.20135802469135805,0.1851851851851852,0.0,1.0,0.0,1.0,3,0,5,1,0.05,0.09,30,15,standard,19,18
0,Tit For Tat,2.6552287581699345,0.7532679738562091,0.0,1.0,0.5849673202614379,0.16830065359477123,0.16339869281045752,0.08333333333333333,1.0,0.0,1.0,0.0,3,0,5,1,0.07,0.03,43,102,standard,7,19
1,Soft Joss: 0.9,2.6013071895424837,0.7676318589451284,0.0,1.0,0.5911612707098344,0.17647058823529416,0.14865481076151393,0.08371333029335767,1.0,0.09563717559549817,1.0,0.09032114296285707,3,0,5,1,0.07,0.03,43,102,standard,7,19
2,Alternator,2.5098039215686274,0.5,5.0,1.0,0.17506459948320416,0.32493540051679587,0.37254901960784315,0.12745098039215688,0.0,0.0,1.0,1.0,3,0,5,1,0.07,0.03,43,102,standard,7,19
3,Meta Winner: 6 players,2.491830065359477,0.46101231190150477,4.0,1.0,0.22906216750265998,0.23195014439884484,0.31737346101231184,0.2216142270861833,0.4573441017110098,0.5844276317765993,1.0,0.8397196261682242,3,0,5,1,0.07,0.03,43,102,standard,7,19
4,Bully,2.462418300653595,0.4428864569083447,6.0,0.0,0.299171606627147,0.14371485028119776,0.2526219790241678,0.30449156406748745,0.0,1.0,0.0,1.0,3,0,5,1,0.07,0.03,43,102,standard,7,19
5,GTFT: 0.33,2.4477124183006533,0.813687490500076,0.0,1.0,0.6105411156710746,0.20314637482900136,0.10666514667882658,0.07964736282109743,1.0,0.3330603413864933,1.0,0.3302270577105014,3,0,5,1,0.07,0.03,43,102,standard,7,19
6,Win-Stay Lose-Shift,2.316993464052288,0.8071895424836601,0.0,1.0,0.6535947712418301,0.15359477124183005,0.04084967320261438,0.15196078431372548,1.0,0.0,0.0,1.0,3,0,5,1,0.07,0.03,43,102,standard,7,19
0,Grudger,3.2355072463768115,0.5036231884057971,3.0,1.0,0.5,0.0036231884057971015,0.30978260869565216,0.18659420289855072,1.0,0.0,0.0,0.0,3,0,5,1,0.1,0.1,19,138,standard,9,20
1,Evolved HMM 5,3.1856884057971016,0.545766590389016,3.0,1.0,0.5018115942028986,0.043954996186117465,0.3061594202898551,0.14807398932112892,1.0,0.49782338308457713,0.0,0.21901056142301278,3,0,5,1,0.1,0.1,19,138,standard,9,20
2,Evolved FSM 16,3.1440217391304346,0.5887681159420289,3.0,1.0,0.5027173913043479,0.08605072463768117,0.3061594202898551,0.10507246376811594,1.0,0.49719101123595505,0.011307100859339666,0.4762126865671642,3,0,5,1,0.1,0.1,19,138,standard,9,20
3,Defector,2.778985507246377,0.0,7.0,0.0,0.0,0.0,0.4459382151029748,0.5540617848970252,0.0,0.0,0.0,0.0,3,0,5,1,0.1,0.1,19,138,standard,9,20
4,Soft Joss: 0.9,2.4990942028985508,0.7336003051106026,0.0,1.0,0.5795194508009154,0.15408085430968727,0.12352212051868802,0.1428775743707094,1.0,0.09618010852951996,1.0,0.09726731100225075,3,0,5,1,0.1,0.1,19,138,standard,9,20
5,Cooperator,1.875,1.0,0.0,1.0,0.625,0.375,0.0,0.0,1.0,1.0,0.0,0.0,3,0,5,1,0.1,0.1,19,138,standard,9,20
6,Win-Shift Lose-Stay: D,1.6557971014492754,0.6178966437833715,4.0,0.0,0.1795385202135774,0.43835812356979403,0.18373379099923723,0.1983695652173913,0.0,1.0,1.0,0.0,3,0,5,1,0.1,0.1,19,138,standard,9,20
7,Cycler DC,1.6358695652173914,0.5,2.0,0.0,0.16447368421052633,0.3355263157894737,0.16032608695652173,0.33967391304347827,0.0,0.0,1.0,1.0,3,0,5,1,0.1,0.1,19,138,standard,9,20
8,Bully,1.3596014492753623,0.697463768115942,2.0,0.0,0.13496376811594202,0.5625,0.16347254004576658,0.1390636918382914,0.0,1.0,0.0,1.0,3,0,5,1,0.1,0.1,19,138,standard,9,20
0,"DoubleCrosser: (D, D)",3.1132478632478633,0.585562678062678,16.0,1.0,0.5606837606837607,0.024878917378917377,0.25438034188034186,0.16005698005698005,0.9916208978725705,0.7752014240209856,0.028621752531924262,0.0,3,0,5,1,0.02,0.08,100,78,standard,19,21
1,Evolved HMM 5,3.1068376068376065,0.6113247863247864,7.0,1.0,0.571445868945869,0.03987891737891738,0.2505484330484331,0.1381267806267806,0.9981169137000914,0.47858896684842467,0.013212057180269791,0.18649517567805643,3,0,5,1,0.02,0.08,100,78,standard,19,21
2,Evolved FSM 16,3.087962962962963,0.6001353276353276,7.0,1.0,0.5302065527065527,0.06992877492877493,0.27387464387464383,0.12599002849002847,0.8876963504138319,0.5321251333875194,0.20015421125442492,0.23068016352081103,3,0,5,1,0.02,0.08,100,78,standard,19,21
3,Grudger,3.061253561253561,0.5100569800569801,7.0,1.0,0.5029344729344729,0.007122507122507122,0.26522792022792024,0.2247150997150997,1.0,0.0,0.0,0.0,3,0,5,1,0.02,0.08,100,78,standard,19,21
4,Tit For Tat,2.6047008547008548,0.7310185185185185,0.0,1.0,0.5718376068376069,0.1591809116809117,0.1549002849002849,0.1140811965811966,1.0,0.0,1.0,0.0,3,0,5,1,0.02,0.08,100,78,standard,19,21
5,Soft Joss: 0.9,2.5829772079772084,0.7739245014245014,0.0,1.0,0.6234188034188033,0.150505698005698,0.12130341880341877,0.10477207977207975,1.0,0.10668110027767046,1.0,0.10132002670649698,3,0,5,1,0.02,0.08,100,78,standard,19,21
6,Win-Stay Lose-Shift,2.54522792022792,0.7326638176638177,2.0,1.0,0.5897792022792023,0.1428846153846154,0.12736467236467236,0.13997150997150998,1.0,0.0,0.0,1.0,3,0,5,1,0.02,0.08,100,78,standard,19,21
7,Defector,2.52991452991453,0.0,16.0,0.0,0.0,0.0,0.3827777777777778,0.6172222222222222,0.0,0.0,0.0,0.0,3,0,5,1,0.02,0.08,100,78,standard,19,21
8,GTFT: 0.33,2.478988603988604,0.8302564102564103,0.0,1.0,0.6530270655270656,0.17722934472934476,0.08761396011396011,0.08212962962962962,1.0,0.3348823245431242,1.0,0.3354561382411436,3,0,5,1,0.02,0.08,100,78,standard,19,21
9,Tit For 2 Tats,2.3725071225071224,0.8778133903133903,0.0,1.0,0.7055982905982907,0.17221509971509968,0.03329059829059829,0.08889601139601139,1.0,0.7897228159119903,1.0,0.0,3,0,5,1,0.02,0.08,100,78,standard,19,21
10,Suspicious Tit For Tat,2.341880341880342,0.5649786324786324,10.0,0.0,0.3820868945868946,0.18289173789173788,0.18987179487179487,0.2451495726495726,1.0,0.0,1.0,0.0,3,0,5,1,0.02,0.08,100,78,standard,19,21
11,Meta Mixer: 18 players,2.1346153846153846,0.4596082621082621,10.0,0.7016666666666667,0.23011396011396018,0.229494301994302,0.22693732193732188,0.3134544159544159,0.5595021660338024,0.3887083007365653,0.5399704771679524,0.37713488209375134,3,0,5,1,0.02,0.08,100,78,standard,19,21
12,Cooperator,2.1175213675213675,1.0,0.0,1.0,0.705997150997151,0.294002849002849,0.0,0.0,1.0,1.0,0.0,0.0,3,0,5,1,0.02,0.08,100,78,standard,19,21
13,Alternator,2.077279202279202,0.5,7.0,1.0,0.18408831908831905,0.31591168091168087,0.2559544159544159,0.24404558404558405,0.0,0.0,1.0,1.0,3,0,5,1,0.02,0.08,100,78,standard,19,21
14,Cycler DC,2.0584045584045585,0.5,5.0,0.0,0.1783048433048433,0.3216951566951567,0.2558475783475783,0.24415242165242168,0.0,0.0,1.0,1.0,3,0,5,1,0.02,0.08,100,78,standard,19,21
15,Random: 0.5,2.0313390313390314,0.5002991452991453,8.0,0.5211111111111111,0.21997150997150997,0.28032763532763527,0.21994301994301996,0.2797578347578347,0.4998999416643568,0.5020249847818387,0.5031308199464181,0.4984055091509573,3,0,5,1,0.02,0.08,100,78,standard,19,21
16,Bully,1.9811253561253561,0.5607407407407408,9.0,0.0,0.18315527065527068,0.37758547008547017,0.24825498575498572,0.1910042735042735,0.0,1.0,0.0,1.0,3,0,5,1,0.02,0.08,100,78,standard,19,21
17,Win-Shift Lose-Stay: D,1.89494301994302,0.5803347578347579,8.0,0.0,0.2069230769230769,0.373411680911681,0.21358974358974359,0.20607549857549856,0.0,1.0,1.0,0.0,3,0,5,1,0.02,0.08,100,78,standard,19,21
18,Anti Tit For Tat,1.706908831908832,0.6237678062678063,7.0,1.0,0.19175213675213676,0.4320156695156696,0.189480056980057,0.18675213675213675,0.0,1.0,0.0,1.0,3,0,5,1,0.02,0.08,100,78,standard,19,21
0,Evolved HMM 5,3.154166666666667,0.5663194444444445,8.0,1.0,0.5112847222222222,0.05503472222222223,0.2965277777777778,0.1371527777777778,0.9985272459499264,0.46606696275905424,0.017095234703326447,0.14148924963128695,3,0,5,1,0.05,0.03,16,24,standard,16,22
1,Evolved FSM 16,3.1,0.5645833333333333,7.0,1.0,0.4743055555555556,0.09027777777777776,0.3104166666666666,0.12500000000000003,0.8759229902064397,0.5094541910331384,0.25031577642877484,0.25011756673995766,3,0,5,1,0.05,0.03,16,24,standard,16,22
2,Grudger,3.0944444444444446,0.4440972222222222,8.0,1.0,0.4190972222222222,0.025,0.3215277777777778,0.23437499999999997,1.0,0.0,0.0,0.0,3,0,5,1,0.05,0.03,16,24,standard,16,22
3,Tit For Tat,2.591666666666667,0.7090277777777778,0.0,1.0,0.5083333333333333,0.20069444444444445,0.19305555555555554,0.09791666666666668,1.0,0.0,1.0,0.0,3,0,5,1,0.05,0.03,16,24,standard,16,22
4,Soft Joss: 0.9,2.5388888888888888,0.7411458333333333,0.0,1.0,0.5385416666666667,0.20260416666666667,0.1654513888888889,0.09340277777777777,1.0,0.08327368167751142,1.0,0.10472644060744747,3,0,5,1,0.05,0.03,16,24,standard,16,22
5,Win-Stay Lose-Shift,2.5277777777777777,0.6881944444444444,2.0,1.0,0.5279513888888888,0.16024305555555554,0.1578125,0.15399305555555556,1.0,0.0,0.0,1.0,3,0,5,1,0.05,0.03,16,24,standard,16,22
6,Meta Winner: 14 players,2.511111111111111,0.3090277777777778,11.0,1.0,0.14930555555555555,0.15972222222222224,0.33593749999999994,0.35503472222222227,0.5434890071759728,0.6921267873806279,0.09664311264600214,0.2128969120299305,3,0,5,1,0.05,0.03,16,24,standard,16,22
7,GTFT: 0.33,2.438888888888889,0.8180555555555555,0.0,1.0,0.599826388888889,0.21822916666666667,0.11267361111111111,0.06927083333333334,1.0,0.32694491182998275,1.0,0.37520717022441163,3,0,5,1,0.05,0.03,16,24,standard,16,22
8,Suspicious Tit For Tat,2.2444444444444445,0.4690972222222222,5.0,0.0,0.2255208333333333,0.2435763888888889,0.2583333333333333,0.2725694444444445,1.0,0.0,1.0,0.0,3,0,5,1,0.05,0.03,16,24,standard,16,22
9,Meta Mixer: 14 players,2.1694444444444443,0.459375,7.0,0.65,0.21909722222222222,0.24027777777777778,0.24774305555555556,0.29288194444444443,0.5437374593096964,0.376927868559915,0.5334309326681278,0.38182553731957725,3,0,5,1,0.05,0.03,16,24,standard,16,22
10,Alternator,2.0472222222222225,0.5,4.0,1.0,0.1703125,0.3296875,0.25729166666666664,0.24270833333333328,0.0,0.0,1.0,1.0,3,0,5,1,0.05,0.03,16,24,standard,16,22
11,Random: 0.5,2.0152777777777775,0.5078125,4.5,0.4708333333333333,0.22395833333333334,0.2838541666666667,0.215625,0.2765625,0.5057615349172465,0.4875708962877209,0.5156538325323641,0.5245282053364806,3,0,5,1,0.05,0.03,16,24,standard,16,22
12,Cycler DC,1.9833333333333334,0.5,3.0,0.0,0.1572916666666667,0.34270833333333334,0.2546875,0.24531249999999996,0.0,0.0,1.0,1.0,3,0,5,1,0.05,0.03,16,24,standard,16,22
13,Bully,1.9472222222222222,0.5519097222222222,5.5,0.0,0.2092013888888889,0.3427083333333333,0.2197916666666667,0.22829861111111113,0.0,1.0,0.0,1.0,3,0,5,1,0.05,0.03,16,24,standard,16,22
14,Win-Shift Lose-Stay: D,1.7791666666666668,0.6019097222222223,4.0,0.0,0.18854166666666666,0.4133680555555556,0.20711805555555554,0.1909722222222222,0.0,1.0,1.0,0.0,3,0,5,1,0.05,0.03,16,24,standard,16,22
15,Anti Tit For Tat,1.6694444444444443,0.6276041666666666,4.0,1.0,0.2298611111111111,0.39774305555555556,0.1517361111111111,0.22065972222222222,0.0,1.0,0.0,1.0,3,0,5,1,0.05,0.03,16,24,standard,16,22
0,Grudger,3.3133802816901405,0.6690140845070423,2.0,1.0,0.6654929577464789,0.0035211267605633804,0.24647887323943662,0.08450704225352113,1.0,0.0,0.0,0.0,3,0,5,1,0.05,0.08,84,142,standard,7,23
1,"DoubleCrosser: (D, D)",3.295774647887324,0.6713615023474179,6.0,1.0,0.6619718309859156,0.00938967136150235,0.24544489157165214,0.08319360608093003,0.9952380952380953,0.75,0.0,0.0,3,0,5,1,0.05,0.08,84,142,standard,7,23
2,Soft Joss: 0.9,2.7453051643192485,0.8461183769282361,0.0,1.0,0.7150402414486923,0.13107813547954397,0.11140453834115809,0.042477084730605866,1.0,0.10779966422740263,1.0,0.10547805375978224,3,0,5,1,0.05,0.08,84,142,standard,7,23
3,Win-Stay Lose-Shift,2.5938967136150235,0.8603286384976526,0.0,1.0,0.761737089201878,0.09859154929577464,0.04225352112676056,0.09741784037558686,1.0,0.0,0.0,1.0,3,0,5,1,0.05,0.08,84,142,standard,7,23
4,Tit For 2 Tats,2.5422535211267605,0.9342723004694836,0.0,1.0,0.7816901408450705,0.15258215962441316,0.03286384976525822,0.03286384976525822,1.0,0.8333333333333334,1.0,0.0,3,0,5,1,0.05,0.08,84,142,standard,7,23
5,Cycler DC,2.022300469483568,0.5,3.0,0.0,0.21993069528280795,0.28006930471719205,0.215962441314554,0.28403755868544606,0.0,0.0,1.0,1.0,3,0,5,1,0.05,0.08,84,142,standard,7,23
6,Anti Tit For Tat,1.738262910798122,0.6116560473954841,3.0,1.0,0.21811424100156493,0.3935418063939191,0.174365638274089,0.213978314330427,0.0,1.0,0.0,1.0,3,0,5,1,0.05,0.08,84,142,standard,7,23
0,"DoubleCrosser: (D, D)",3.039094650205761,0.676954732510288,8.0,1.0,0.6502057613168725,0.026748971193415638,0.1916199027310138,0.13142536475869812,0.9855297888386124,0.8125,0.0,0.0,3,0,5,1,0.1,0.0,55,54,standard,10,24
1,Evolved FSM 16,2.92798353909465,0.7016460905349794,2.0,1.0,0.5967078189300411,0.10493827160493827,0.2098765432098765,0.08847736625514403,1.0,0.6419753086419753,0.5208333333333334,0.4575,3,0,5,1,0.1,0.0,55,54,standard,10,24
2,Grudger,2.808641975308642,0.565843621399177,3.0,1.0,0.5555555555555556,0.0102880658436214,0.17695473251028807,0.257201646090535,1.0,0.0,0.0,0.0,3,0,5,1,0.1,0.0,55,54,standard,10,24
3,Soft Joss: 0.9,2.60082304526749,0.794949494949495,0.0,1.0,0.6668537224092779,0.12809577254021698,0.0982416760194538,0.10680882903105125,1.0,0.10857136875779227,1.0,0.10706400190825299,3,0,5,1,0.1,0.0,55,54,standard,10,24
4,Tit For 2 Tats,2.4897119341563787,0.8744855967078189,0.0,1.0,0.7469135802469136,0.12757201646090535,0.0308641975308642,0.09465020576131687,1.0,0.8,1.0,0.0,3,0,5,1,0.1,0.0,55,54,standard,10,24
5,Meta Winner: 9 players,2.4876543209876543,0.12723531612420502,6.0,1.0,0.04743733632622521,0.0797979797979798,0.3675645342312009,0.505200149644594,0.5256861177724487,0.7326680672268907,0.04511688993958498,0.06327871983368609,3,0,5,1,0.1,0.0,55,54,standard,10,24
6,Suspicious Tit For Tat,2.403292181069959,0.6029180695847363,6.0,0.0,0.46090534979423864,0.14201271979049757,0.15428357650579874,0.24279835390946503,1.0,0.0,1.0,0.0,3,0,5,1,0.1,0.0,55,54,standard,10,24
7,Cooperator,2.1604938271604937,1.0,0.0,1.0,0.720164609053498,0.27983539094650206,0.0,0.0,1.0,1.0,0.0,0.0,3,0,5,1,0.1,0.0,55,54,standard,10,24
8,Cycler DC,2.0185185185185186,0.5,3.0,0.0,0.1850729517396184,0.3149270482603816,0.24074074074074078,0.2592592592592593,0.0,0.0,1.0,1.0,3,0,5,1,0.1,0.0,55,54,standard,10,24
9,Bully,1.7098765432098766,0.6213617658062103,3.0,0.0,0.13187429854096522,0.489487467265245,0.23355780022446693,0.14508043396932288,0.0,1.0,0.0,1.0,3,0,5,1,0.1,0.0,55,54,standard,10,24
0,"DoubleCrosser: (D, D)",3.1719077568134173,0.6708595387840671,8.0,1.0,0.6582809224318658,0.012578616352201259,0.21708192227060155,0.1120585389453314,0.9927884615384616,0.75,0.0,0.0,3,0,5,1,0.0,0.07,52,106,standard,10,25
1,Evolved HMM 5,3.1551362683438153,0.7069222706015159,2.0,1.0,0.6666666666666666,0.04025560393484922,0.2154491211094985,0.07762860828898564,1.0,0.43621417752500175,0.0,0.2293182430611695,3,0,5,1,0.0,0.07,52,106,standard,10,25
2,Evolved FSM 16,3.120545073375262,0.7431865828092243,2.0,1.0,0.6666666666666666,0.07651991614255765,0.21593291404612158,0.040880503144654086,1.0,0.5,0.00980392156862745,0.918918918918919,3,0,5,1,0.0,0.07,52,106,standard,10,25
3,Tit For Tat,2.646750524109015,0.7976939203354297,0.0,1.0,0.7295597484276729,0.06813417190775681,0.0639412997903564,0.13836477987421386,1.0,0.0,1.0,0.0,3,0,5,1,0.0,0.07,52,106,standard,10,25
4,Soft Joss: 0.9,2.6147798742138364,0.8132156103854217,0.0,1.0,0.7307289146911788,0.08248669569424286,0.05910337042412514,0.12768101919045316,1.0,0.09204578497103102,1.0,0.10728568405779579,3,0,5,1,0.0,0.07,52,106,standard,10,25
5,Tit For 2 Tats,2.4706498951781968,0.8469601677148847,0.0,1.0,0.7431865828092243,0.10377358490566038,0.022012578616352203,0.1310272536687631,1.0,0.75,1.0,0.0,3,0,5,1,0.0,0.07,52,106,standard,10,25
6,Defector,2.40251572327044,0.0,8.0,0.0,0.0,0.0,0.3496210288663119,0.6503789711336881,0.0,0.0,0.0,0.0,3,0,5,1,0.0,0.07,52,106,standard,10,25
7,Cooperator,2.1635220125786163,1.0,0.0,1.0,0.7211740041928721,0.2788259958071279,0.0,0.0,1.0,1.0,0.0,0.0,3,0,5,1,0.0,0.07,52,106,standard,10,25
8,Win-Shift Lose-Stay: D,1.99895178197065,0.6187711659409773,5.0,0.0,0.22758426060312856,0.39118690533784867,0.23343009192065792,0.14779874213836475,0.0,1.0,1.0,0.0,3,0,5,1,0.0,0.07,52,106,standard,10,25
9,Anti Tit For Tat,1.5775681341719077,0.6632398000322529,4.0,1.0,0.12054507337526206,0.5426947266569908,0.21988388969521047,0.11687631027253668,0.0,1.0,0.0,1.0,3,0,5,1,0.0,0.07,52,106,standard,10,25
0,Suspicious Tit For Tat,3.0172413793103443,0.964633068081344,2.0,0.0,0.9465075154730327,0.018125552608311227,0.03536693191865606,0.0,1.0,0.0,1.0,0,3,0,5,1,0.03,0.08,39,58,standard,3,26
1,Tit For 2 Tats,2.9741379310344827,1.0,0.0,1.0,0.9913793103448276,0.008620689655172414,0.0,0.0,1.0,1.0,0.0,0,3,0,5,1,0.03,0.08,39,58,standard,3,26
2,GTFT: 0.33,2.956896551724138,0.9818744473916887,0.0,1.0,0.9551282051282051,0.02674624226348364,0.018125552608311227,0.0,1.0,0.32231404958677684,1.0,0,3,0,5,1,0.03,0.08,39,58,standard,3,26
0,"DoubleCrosser: (D, D)",2.919135802469136,0.583196159122085,15.0,1.0,0.5608916323731139,0.022304526748971196,0.20458161865569272,0.2122222222222222,0.9927993761506693,0.7747490481135341,0.04039497307001795,0.0,3,0,5,1,0.03,0.01,45,90,standard,19,27
1,Evolved HMM 5,2.889506172839506,0.6246639231824417,6.0,1.0,0.5708093278463648,0.053854595336076824,0.19994513031550074,0.17539094650205764,0.9981000085440874,0.4699813966761269,0.01697970510600232,0.19303751019874285,3,0,5,1,0.03,0.01,45,90,standard,19,27
2,Grudger,2.851851851851852,0.5099588477366255,6.0,1.0,0.5037860082304526,0.00617283950617284,0.2130178326474623,0.2770233196159122,1.0,0.0,0.0,0.0,3,0,5,1,0.03,0.01,45,90,standard,19,27
3,Evolved FSM 16,2.8487654320987654,0.6289849108367627,6.0,1.0,0.5292455418381343,0.09973936899862827,0.22248285322359398,0.14853223593964335,0.8888319253430815,0.5211983480722551,0.20828349818415084,0.3237732096881299,3,0,5,1,0.03,0.01,45,90,standard,19,27
4,Defector,2.5407407407407407,0.0,17.0,0.0,0.0,0.0,0.3853497942386831,0.6146502057613169,0.0,0.0,0.0,0.0,3,0,5,1,0.03,0.01,45,90,standard,19,27
5,Tit For Tat,2.516666666666667,0.6962688614540467,0.0,1.0,0.5542112482853223,0.14205761316872426,0.1377366255144033,0.16599451303155005,1.0,0.0,1.0,0.0,3,0,5,1,0.03,0.01,45,90,standard,19,27
6,Meta Winner: 17 players,2.511111111111111,0.03443072702331962,15.0,1.0,0.021248285322359395,0.013182441700960218,0.3704938271604938,0.5950754458161865,0.5144951344658034,0.40127388998014546,0.013791183118386837,0.014283424715815934,3,0,5,1,0.03,0.01,45,90,standard,19,27
7,Soft Joss: 0.9,2.495061728395062,0.7448148148148148,0.0,1.0,0.6084910836762689,0.13632373113854593,0.10403292181069958,0.15115226337448562,1.0,0.10253518810780819,1.0,0.0997973782065147,3,0,5,1,0.03,0.01,45,90,standard,19,27
8,GTFT: 0.33,2.390740740740741,0.8079835390946503,0.0,1.0,0.634087791495199,0.17389574759945134,0.07401920438957477,0.11799725651577504,1.0,0.3333550653113847,1.0,0.32734223166779103,3,0,5,1,0.03,0.01,45,90,standard,19,27
9,Tit For 2 Tats,2.351851851851852,0.8250891632373114,0.0,1.0,0.6792866941015088,0.14580246913580244,0.035116598079561044,0.13979423868312757,1.0,0.7392639338120804,1.0,0.0,3,0,5,1,0.03,0.01,45,90,standard,19,27
10,Suspicious Tit For Tat,2.34320987654321,0.5682716049382716,10.0,0.0,0.3865294924554184,0.1817421124828532,0.18791495198902608,0.2438134430727023,1.0,0.0,1.0,0.0,3,0,5,1,0.03,0.01,45,90,standard,19,27
11,Win-Stay Lose-Shift,2.3074074074074074,0.7617283950617284,0.0,1.0,0.5930452674897119,0.16868312757201645,0.07187928669410151,0.1663923182441701,1.0,0.0,0.0,1.0,3,0,5,1,0.03,0.01,45,90,standard,19,27
12,Meta Mixer: 17 players,2.0487654320987656,0.45540466392318246,10.0,0.745679012345679,0.21910836762688612,0.23629629629629628,0.2122633744855967,0.3323319615912208,0.5779983583723317,0.3790749719101895,0.554882137863014,0.3731462842343178,3,0,5,1,0.03,0.01,45,90,standard,19,27
13,Cooperator,2.038888888888889,1.0,0.0,1.0,0.679368998628258,0.3206310013717421,0.0,0.0,1.0,1.0,0.0,0.0,3,0,5,1,0.03,0.01,45,90,standard,19,27
14,Alternator,1.9759259259259256,0.5,6.0,1.0,0.16978052126200274,0.3302194787379973,0.24090534979423872,0.2590946502057613,0.0,0.0,1.0,1.0,3,0,5,1,0.03,0.01,45,90,standard,19,27
15,Cycler DC,1.9691358024691357,0.5,6.0,0.0,0.16561042524005487,0.33438957475994513,0.2434156378600823,0.2565843621399177,0.0,0.0,1.0,1.0,3,0,5,1,0.03,0.01,45,90,standard,19,27
16,Random: 0.5,1.9339506172839505,0.5018106995884773,7.0,0.5111111111111111,0.20519890260631002,0.29661179698216733,0.20474622770919065,0.29344307270233194,0.47958121672347453,0.49980952165980286,0.5072099212683445,0.5071804908673531,3,0,5,1,0.03,0.01,45,90,standard,19,27
17,Bully,1.9049382716049383,0.5799588477366255,8.0,0.0,0.1662551440329218,0.4137037037037037,0.2470233196159122,0.17301783264746226,0.0,1.0,0.0,1.0,3,0,5,1,0.03,0.01,45,90,standard,19,27
18,Anti Tit For Tat,1.6339506172839506,0.6414677640603567,7.0,1.0,0.17320987654320988,0.46825788751714675,0.18894375857338822,0.16958847736625515,0.0,1.0,0.0,1.0,3,0,5,1,0.03,0.01,45,90,standard,19,27
0,Defector,2.9,0.0,14.0,0.0,0.0,0.0,0.47711640211640205,0.5228835978835978,0.0,0.0,0.0,0.0,3,0,5,1,0.04,0.06,42,12,standard,16,28
1,Grudger,2.8055555555555554,0.5337301587301587,6.0,1.0,0.48373015873015873,0.05,0.2223544973544974,0.24391534391534395,1.0,0.0,0.0,0.0,3,0,5,1,0.04,0.06,42,12,standard,16,28
2,Evolved HMM 5,2.8,0.6640211640211641,5.0,1.0,0.5686507936507936,0.09537037037037037,0.19034391534391532,0.14563492063492064,0.9992531740104555,0.4563356158538875,0.007756132756132756,0.15300991250081983,3,0,5,1,0.04,0.06,42,12,standard,16,28
3,Evolved FSM 16,2.769444444444444,0.6682539682539682,5.0,1.0,0.5411375661375661,0.1271164021164021,0.20092592592592595,0.1308201058201058,0.8949916332361473,0.43897730621868547,0.4605529953917051,0.33626262626262626,3,0,5,1,0.04,0.06,42,12,standard,16,28
4,"DoubleCrosser: (D, D)",2.613888888888889,0.6917989417989417,9.0,1.0,0.5383597883597884,0.15343915343915346,0.17222222222222222,0.13597883597883598,0.9303576765115227,0.7899761652542373,0.0,0.0,3,0,5,1,0.04,0.06,42,12,standard,16,28
5,Tit For Tat,2.513888888888889,0.7148148148148148,0.0,1.0,0.5355820105820105,0.17923280423280422,0.1560846560846561,0.12910052910052908,1.0,0.0,1.0,0.0,3,0,5,1,0.04,0.06,42,12,standard,16,28
6,Suspicious Tit For Tat,2.388888888888889,0.5173280423280423,6.0,0.0,0.2916666666666667,0.22566137566137565,0.25727513227513227,0.22539682539682543,1.0,0.0,1.0,0.0,3,0,5,1,0.04,0.06,42,12,standard,16,28
7,GTFT: 0.33,2.3583333333333334,0.816931216931217,0.0,1.0,0.6021164021164022,0.21481481481481482,0.09007936507936508,0.092989417989418,1.0,0.3434056246574444,1.0,0.333351548030602,3,0,5,1,0.04,0.06,42,12,standard,16,28
8,Win-Stay Lose-Shift,2.3,0.7513227513227513,0.0,1.0,0.5784391534391534,0.17288359788359792,0.0818783068783069,0.1667989417989418,1.0,0.0,0.0,1.0,3,0,5,1,0.04,0.06,42,12,standard,16,28
9,Meta Mixer: 15 players,2.2916666666666665,0.5284391534391535,7.0,0.7111111111111111,0.3003968253968254,0.22804232804232807,0.22962962962962966,0.24193121693121694,0.595750683977731,0.4262842360174112,0.5349391323232721,0.44062040698602434,3,0,5,1,0.04,0.06,42,12,standard,16,28
10,Random: 0.5,2.2138888888888886,0.5018518518518519,6.0,0.5015873015873016,0.24775132275132272,0.2541005291005291,0.24232804232804234,0.25582010582010584,0.5149764352041933,0.5072195622293323,0.4875686448948423,0.49835254070692797,3,0,5,1,0.04,0.06,42,12,standard,16,28
11,Alternator,2.1916666666666664,0.5,5.0,1.0,0.21468253968253967,0.2853174603174603,0.26322751322751325,0.23677248677248677,0.0,0.0,1.0,1.0,3,0,5,1,0.04,0.06,42,12,standard,16,28
12,Bully,2.177777777777778,0.4978835978835979,6.0,0.0,0.1593915343915344,0.33849206349206346,0.3007936507936508,0.20132275132275132,0.0,1.0,0.0,1.0,3,0,5,1,0.04,0.06,42,12,standard,16,28
13,Cycler DC,2.136111111111111,0.5,4.0,0.0,0.19126984126984128,0.3087301587301587,0.26626984126984127,0.23373015873015873,0.0,0.0,1.0,1.0,3,0,5,1,0.04,0.06,42,12,standard,16,28
14,Cooperator,2.0,1.0,0.0,1.0,0.6669312169312168,0.33306878306878307,0.0,0.0,1.0,1.0,0.0,0.0,3,0,5,1,0.04,0.06,42,12,standard,16,28
15,Anti Tit For Tat,1.8694444444444445,0.6018518518518519,4.0,1.0,0.20343915343915345,0.39841269841269844,0.21415343915343912,0.183994708994709,0.0,1.0,0.0,1.0,3,0,5,1,0.04,0.06,42,12,standard,16,28
0,"DoubleCrosser: (D, D)",2.462121212121212,0.39867424242424243,6.0,1.0,0.3073863636363636,0.09128787878787879,0.23475378787878787,0.36657196969696976,0.9902839096387483,0.7494918699186992,0.009328358208955223,0.0,3,0,5,1,0.03,0.07,80,33,standard,9,29
1,Meta Winner: 7 players,2.4507575757575757,0.0699810606060606,7.0,1.0,0.04010416666666667,0.029876893939393943,0.3507102272727273,0.5793087121212122,0.7215973003374578,0.5088028169014085,0.013440860215053764,0.0,3,0,5,1,0.03,0.07,80,33,standard,9,29
2,Win-Stay Lose-Shift,2.2935606060606064,0.5734848484848485,1.0,1.0,0.34195075757575755,0.23153409090909088,0.21202651515151516,0.21448863636363635,1.0,0.0,0.0,1.0,3,0,5,1,0.03,0.07,80,33,standard,9,29
3,Defector,1.9848484848484849,0.0,7.0,0.0,0.0,0.0,0.2487689393939394,0.7512310606060606,0.0,0.0,0.0,0.0,3,0,5,1,0.03,0.07,80,33,standard,9,29
4,Meta Mixer: 7 players,1.9848484848484849,0.4128787878787879,4.0,0.553125,0.19441287878787883,0.2184659090909091,0.20364583333333336,0.3834753787878788,0.5472926531716001,0.37192621480370114,0.5447477181853053,0.3452802860941123,3,0,5,1,0.03,0.07,80,33,standard,9,29
5,Cycler DC,1.9848484848484849,0.48484848484848486,3.0,0.0,0.16268939393939394,0.3221590909090909,0.24578598484848482,0.2693655303030303,0.0,0.0,1.0,1.0,3,0,5,1,0.03,0.07,80,33,standard,9,29
6,Alternator,1.9299242424242422,0.5151515151515151,1.0,1.0,0.17684659090909094,0.3383049242424243,0.22954545454545458,0.2553030303030303,0.0,0.0,1.0,1.0,3,0,5,1,0.03,0.07,80,33,standard,9,29
7,Tit For 2 Tats,1.768939393939394,0.7475852272727272,0.0,1.0,0.4902462121212121,0.25733901515151514,0.012026515151515151,0.2403882575757576,1.0,0.8155279503105591,1.0,0.0,3,0,5,1,0.03,0.07,80,33,standard,9,29
8,Win-Shift Lose-Stay: D,1.6136363636363635,0.5893939393939394,2.0,0.0,0.16003787878787878,0.4293560606060606,0.18106060606060606,0.22954545454545455,0.0,1.0,1.0,0.0,3,0,5,1,0.03,0.07,80,33,standard,9,29
0,Evolved FSM 16,2.787126068376068,0.5155614061864062,5.0,1.0,0.3702559015059015,0.14530550468050465,0.29863018925518925,0.18580840455840456,0.8813638191345854,0.5360734415285207,0.2231442248167339,0.39198184743369524,3,0,5,1,0.03,0.04,84,156,standard,13,30
1,Grudger,2.784188034188034,0.34069113756613756,5.0,1.0,0.33641763329263324,0.004273504273504273,0.2789415445665446,0.3803673178673179,1.0,0.0,0.0,0.0,3,0,5,1,0.03,0.04,84,156,standard,13,30
2,Defector,2.502136752136752,0.0,11.0,0.0,0.0,0.0,0.37501907814407814,0.6249809218559218,0.0,0.0,0.0,0.0,3,0,5,1,0.03,0.04,84,156,standard,13,30
3,Meta Winner: 11 players,2.480769230769231,0.019943019943019943,9.0,1.0,0.01079822954822955,0.009144790394790395,0.3671080077330077,0.6129489723239724,0.5473053076065768,0.3692342406131153,0.008973916455878032,0.008704018191478867,3,0,5,1,0.03,0.04,84,156,standard,13,30
4,Soft Joss: 0.9,2.2938034188034186,0.6500814000814,0.0,1.0,0.4928902116402117,0.15719118844118843,0.11696810134310133,0.23295049857549857,1.0,0.09969140005070072,1.0,0.0965062749093098,3,0,5,1,0.03,0.04,84,156,standard,13,30
5,Suspicious Tit For Tat,2.169337606837607,0.49940221815221814,6.0,0.0,0.34087555962555965,0.1585266585266585,0.16164275539275538,0.33895502645502645,1.0,0.0,1.0,0.0,3,0,5,1,0.03,0.04,84,156,standard,13,30
6,GTFT: 0.33,2.15625,0.7366516585266585,0.0,1.0,0.520229192104192,0.21642246642246643,0.0830408017908018,0.18030753968253968,1.0,0.33243004099572415,1.0,0.33385999239265796,3,0,5,1,0.03,0.04,84,156,standard,13,30
7,Tit For 2 Tats,2.142895299145299,0.72502035002035,0.0,1.0,0.5502709096459096,0.17474944037444037,0.0542073667073667,0.22077228327228327,1.0,0.6685410422675087,1.0,0.0,3,0,5,1,0.03,0.04,84,156,standard,13,30
8,Meta Mixer: 11 players,1.9236111111111112,0.4097222222222222,7.0,0.5912698412698413,0.16152192714692715,0.24820029507529506,0.2124033374033374,0.37787444037444035,0.4931593688894989,0.3741982636383652,0.5068714000575603,0.37495882396699054,3,0,5,1,0.03,0.04,84,156,standard,13,30
9,Cycler DC,1.8832799145299146,0.5,4.0,0.0,0.18451745014245013,0.31548254985754987,0.20734126984126985,0.2926587301587302,0.0,0.0,1.0,1.0,3,0,5,1,0.03,0.04,84,156,standard,13,30
10,Random: 0.5,1.8116987179487178,0.5002988909238909,4.0,0.48412698412698413,0.18772893772893773,0.3125699531949531,0.1871375152625153,0.31256359381359383,0.5028611856930062,0.5003749158206094,0.5140434676393512,0.5011433965205092,3,0,5,1,0.03,0.04,84,156,standard,13,30
11,Bully,1.7932692307692308,0.6062716218966219,5.0,0.0,0.1605870980870981,0.4456845238095238,0.22989163614163613,0.16383674196174194,0.0,1.0,0.0,1.0,3,0,5,1,0.03,0.04,84,156,standard,13,30
12,Anti Tit For Tat,1.376068376068376,0.6935159747659748,3.0,1.0,0.1639893671143671,0.5295266076516078,0.14474587912087913,0.1617381461131461,0.0,1.0,0.0,1.0,3,0,5,1,0.03,0.04,84,156,standard,13,30
0,"DoubleCrosser: (D, D)",2.9611140304781927,0.4827377824487651,10.0,1.0,0.4675249605885444,0.015212821860220705,0.2600105097214924,0.2572517078297425,0.9969930502567731,0.7890835579514824,0.015112262521588947,0.0,3,0,5,1,0.01,0.1,40,173,standard,12,31
1,Meta Winner: 10 players,2.640304781923279,0.08723068838675775,9.0,1.0,0.04064634787178139,0.046584340514976355,0.40162900683131897,0.5111403047819233,0.610530164721848,0.49707678939393773,0.044069576258862646,0.06767790047831182,3,0,5,1,0.01,0.1,40,173,standard,12,31
2,Tit For Tat,2.497372569626905,0.6493431424067262,0.0,1.0,0.44019968470835524,0.20914345769837095,0.20666053599579612,0.14399632159747766,1.0,0.0,1.0,0.0,3,0,5,1,0.01,0.1,40,173,standard,12,31
3,Soft Joss: 0.9,2.4881765633210717,0.7190751445086705,0.0,1.0,0.5361928533893852,0.18288229111928533,0.15039411455596427,0.1305307409353652,1.0,0.10346208558130493,1.0,0.10025115532512285,3,0,5,1,0.01,0.1,40,173,standard,12,31
4,Suspicious Tit For Tat,2.413557540725171,0.5767735155018392,6.0,0.0,0.331161324224908,0.24561219127693115,0.24869942196531794,0.1745270625328429,1.0,0.0,1.0,0.0,3,0,5,1,0.01,0.1,40,173,standard,12,31
5,Win-Stay Lose-Shift,2.2808723068838677,0.68922753547031,1.0,1.0,0.4961376773515502,0.19308985811875987,0.11992905937992643,0.19084340514976353,1.0,0.0,0.0,1.0,3,0,5,1,0.01,0.1,40,173,standard,12,31
6,Cycler DC,2.2304256437204417,0.49710982658959535,7.0,0.0,0.16192853389385178,0.33518129269574354,0.3100236468733579,0.19286652653704675,0.0,0.0,1.0,1.0,3,0,5,1,0.01,0.1,40,173,standard,12,31
7,Alternator,2.2241198108250133,0.5028901734104047,3.0,1.0,0.16476615869679453,0.3381240147136101,0.3074881765633211,0.1896216500262743,0.0,0.0,1.0,1.0,3,0,5,1,0.01,0.1,40,173,standard,12,31
8,Anti Tit For Tat,2.1697320021019446,0.5207041513399895,4.0,1.0,0.2395559642669469,0.28114818707304257,0.24265633210719917,0.23663951655281135,0.0,1.0,0.0,1.0,3,0,5,1,0.01,0.1,40,173,standard,12,31
9,Random: 0.5,2.1594850236468734,0.49884393063583815,5.0,0.5068181818181818,0.23679716237519707,0.26204676826064105,0.2364161849710983,0.2647398843930636,0.5003374516656686,0.4961235905429751,0.49539008849653304,0.5014398786800459,3,0,5,1,0.01,0.1,40,173,standard,12,31
10,Meta Mixer: 10 players,2.146873357856017,0.5240803993694167,4.0,0.7477272727272727,0.2703757225433527,0.25370467682606407,0.21957435627955862,0.25634524435102474,0.6366053267442008,0.4122643506319541,0.6325012333268881,0.41225730403699756,3,0,5,1,0.01,0.1,40,173,standard,12,31
11,Cooperator,1.9784550709406201,1.0,0.0,1.0,0.6592485549132948,0.34075144508670524,0.0,0.0,1.0,1.0,0.0,0.0,3,0,5,1,0.01,0.1,40,173,standard,12,31
0,"DoubleCrosser: (D, D)",2.6507936507936507,0.6772486772486772,5.0,1.0,0.6560846560846562,0.021164021164021163,0.08994708994708993,0.2328042328042328,0.9868852459016393,0.75,0.0,0.0,3,0,5,1,0.07,0.04,61,63,standard,7,32
1,Grudger,2.6481481481481484,0.671957671957672,1.0,1.0,0.6640211640211641,0.007936507936507936,0.082010582010582,0.24603174603174602,1.0,0.0,0.0,0.0,3,0,5,1,0.07,0.04,61,63,standard,7,32
2,Tit For Tat,2.5687830687830684,0.7513227513227513,0.0,1.0,0.6640211640211641,0.08730158730158728,0.082010582010582,0.16666666666666666,1.0,0.0,1.0,0.0,3,0,5,1,0.07,0.04,61,63,standard,7,32
3,Tit For 2 Tats,2.3994708994708995,0.8386243386243386,0.0,1.0,0.746031746031746,0.09259259259259257,0.0,0.16137566137566137,1.0,0.8333333333333334,0.0,0.0,3,0,5,1,0.07,0.04,61,63,standard,7,32
4,Cooperator,2.238095238095238,1.0,0.0,1.0,0.746031746031746,0.25396825396825395,0.0,0.0,1.0,1.0,0.0,0.0,3,0,5,1,0.07,0.04,61,63,standard,7,32
5,Defector,2.0899470899470898,0.0,6.0,0.0,0.0,0.0,0.2724867724867725,0.7275132275132274,0.0,0.0,0.0,0.0,3,0,5,1,0.07,0.04,61,63,standard,7,32
6,Alternator,2.0846560846560847,0.5079365079365079,2.0,1.0,0.18518518518518515,0.32275132275132273,0.25925925925925924,0.2328042328042328,0.0,0.0,1.0,1.0,3,0,5,1,0.07,0.04,61,63,standard,7,32
0,Evolved HMM 5,2.955078125,0.702172256097561,5.0,1.0,0.646436737804878,0.055735518292682924,0.17940167682926828,0.11842606707317074,0.9971120258780453,0.5350678337744931,0.0121976401179941,0.19631474010577354,3,0,5,1,0.05,0.01,41,32,standard,17,33
1,"DoubleCrosser: (D, D)",2.943359375,0.6757336128048781,14.0,1.0,0.6262862042682927,0.049447408536585365,0.18559451219512194,0.138671875,0.9749323983507344,0.7858961503676615,0.01644017044800184,0.0,3,0,5,1,0.05,0.01,41,32,standard,17,33
2,Evolved FSM 16,2.931640625,0.6969321646341463,5.0,1.0,0.6063262195121951,0.09060594512195122,0.20250571646341461,0.10056211890243902,0.930638821614325,0.5318196174859109,0.308010878010878,0.32838840105219935,3,0,5,1,0.05,0.01,41,32,standard,17,33
3,Grudger,2.92578125,0.5799352134146342,5.0,1.0,0.5643102134146342,0.015625,0.2035537347560976,0.2165110518292683,1.0,0.0,0.0,0.0,3,0,5,1,0.05,0.01,41,32,standard,17,33
4,Win-Stay Lose-Shift,2.634765625,0.7534298780487805,2.0,1.0,0.6267625762195123,0.12666730182926828,0.12590510670731708,0.12066501524390244,1.0,0.0,0.0,1.0,3,0,5,1,0.05,0.01,41,32,standard,17,33
5,Tit For Tat,2.62890625,0.7610518292682927,0.0,1.0,0.6254287347560975,0.13562309451219512,0.12933498475609756,0.10961318597560975,1.0,0.0,1.0,0.0,3,0,5,1,0.05,0.01,41,32,standard,17,33
6,Soft Joss: 0.9,2.61328125,0.7984946646341463,0.0,1.0,0.6667301829268293,0.13176448170731708,0.10261051829268295,0.09889481707317076,1.0,0.08595069902448146,1.0,0.10008351538714258,3,0,5,1,0.05,0.01,41,32,standard,17,33
7,GTFT: 0.33,2.541015625,0.8569455030487805,0.0,1.0,0.7091272865853658,0.14781821646341464,0.06850228658536586,0.07455221036585366,1.0,0.34006898037910727,1.0,0.32915428622097825,3,0,5,1,0.05,0.01,41,32,standard,17,33
8,Tit For 2 Tats,2.46484375,0.8981040396341463,0.0,1.0,0.7582412347560975,0.13986280487804878,0.022103658536585365,0.07979230182926829,1.0,0.811961006371158,1.0,0.0,3,0,5,1,0.05,0.01,41,32,standard,17,33
9,Defector,2.3828125,0.0,14.0,0.0,0.0,0.0,0.34389291158536583,0.6561070884146342,0.0,0.0,0.0,0.0,3,0,5,1,0.05,0.01,41,32,standard,17,33
10,Suspicious Tit For Tat,2.333984375,0.557593368902439,7.0,0.0,0.38586128048780494,0.17173208841463417,0.18507050304878048,0.2573361280487805,1.0,0.0,1.0,0.0,3,0,5,1,0.05,0.01,41,32,standard,17,33
11,Cooperator,2.28515625,1.0,0.0,1.0,0.7614329268292683,0.2385670731707317,0.0,0.0,1.0,1.0,0.0,0.0,3,0,5,1,0.05,0.01,41,32,standard,17,33
12,Meta Mixer: 16 players,2.23046875,0.49957126524390244,9.0,0.6661585365853658,0.2918730945121951,0.20769817073170732,0.2150342987804878,0.28539443597560976,0.6331921637340859,0.35124285378408776,0.6223996689416323,0.3532299910128664,3,0,5,1,0.05,0.01,41,32,standard,17,33
13,Cycler DC,2.09765625,0.5,5.0,0.0,0.17935403963414634,0.3206459603658537,0.26576791158536583,0.23423208841463414,0.0,0.0,1.0,1.0,3,0,5,1,0.05,0.01,41,32,standard,17,33
14,Random: 0.5,2.0859375,0.5027153201219512,7.0,0.4817073170731707,0.23113567073170738,0.27157964939024387,0.225562118902439,0.27172256097560976,0.49277944874877966,0.507442093378258,0.5079774617480332,0.4952881234364969,3,0,5,1,0.05,0.01,41,32,standard,17,33
15,Win-Shift Lose-Stay: D,1.875,0.5861756859756098,5.0,0.0,0.19898056402439024,0.3871951219512195,0.21660632621951217,0.19721798780487806,0.0,1.0,1.0,0.0,3,0,5,1,0.05,0.01,41,32,standard,17,33
16,Bully,1.84375,0.5814119664634146,6.0,0.0,0.17335175304878048,0.40806021341463417,0.22718178353658539,0.19140625,0.0,1.0,0.0,1.0,3,0,5,1,0.05,0.01,41,32,standard,17,33
0,"DoubleCrosser: (D, D)",3.0561195713479976,0.5185937206241775,15.0,1.0,0.5056088237137306,0.012984896910446827,0.26382152033590284,0.2175847590399198,0.9969163640663912,0.7712095400340715,0.043463381245722105,0.0,3,0,5,1,0.08,0.08,45,197,standard,19,34
1,Evolved FSM 16,2.9743372814438804,0.5640408598107414,7.0,1.0,0.4680140377263898,0.09602682208435169,0.2835683399135176,0.15239080027574106,0.8881304120795441,0.5229310598135143,0.15674510672944647,0.3258439609915154,3,0,5,1,0.08,0.08,45,197,standard,19,34
2,Grudger,2.971517202481669,0.44932004762800026,7.0,1.0,0.44621796076956827,0.0031020868584320364,0.2701886319483612,0.28049132042363856,1.0,0.0,0.0,0.0,3,0,5,1,0.08,0.08,45,197,standard,19,34
3,Meta Winner: 17 players,2.6590524534686972,0.015604436924233878,15.0,1.0,0.009362662154540327,0.006241774769693553,0.4063420442439055,0.5780535188318605,0.5405045659421333,0.3945244037798653,0.010396548501486576,0.012671704386927342,3,0,5,1,0.08,0.08,45,197,standard,19,34
4,Tit For Tat,2.501974055273548,0.6752585072382027,0.0,1.0,0.5163251237701322,0.15893338346807043,0.15692799398383156,0.16781349877796575,1.0,0.0,1.0,0.0,3,0,5,1,0.08,0.08,45,197,standard,19,34
5,Soft Joss: 0.9,2.47687535250987,0.726740615403898,0.0,1.0,0.5752209061853731,0.15151970921852476,0.11954628062919093,0.15371310396691104,1.0,0.09876357783976845,1.0,0.10160122233615389,3,0,5,1,0.08,0.08,45,197,standard,19,34
6,Defector,2.446136491821771,0.0,16.0,0.0,0.0,0.0,0.3616281255875165,0.6383718744124836,0.0,0.0,0.0,0.0,3,0,5,1,0.08,0.08,45,197,standard,19,34
7,Win-Stay Lose-Shift,2.419345741680767,0.7049633389734913,2.0,1.0,0.5363414175596916,0.16862192141379956,0.12818198909569467,0.16685467193081405,1.0,0.0,0.0,1.0,3,0,5,1,0.08,0.08,45,197,standard,19,34
8,GTFT: 0.33,2.361816130851664,0.7928996678573667,0.0,1.0,0.6012784357962023,0.19162123206116438,0.08763552046123958,0.11946481168139374,1.0,0.33718088206246805,1.0,0.3263254723042896,3,0,5,1,0.08,0.08,45,197,standard,19,34
9,Tit For 2 Tats,2.2676254935138185,0.8207808485304255,0.0,1.0,0.6496396565770507,0.17114119195337468,0.034994046499968665,0.14422510496960583,1.0,0.7614733496722743,1.0,0.0,3,0,5,1,0.08,0.08,45,197,standard,19,34
10,Suspicious Tit For Tat,2.227016356457981,0.5200100269474212,8.0,0.0,0.34111048442689734,0.17889954252052387,0.18106160305821895,0.2989283699943599,1.0,0.0,1.0,0.0,3,0,5,1,0.08,0.08,45,197,standard,19,34
11,Cycler DC,2.047941342357586,0.49746192893401014,9.0,0.0,0.17695682145766747,0.32050510747634264,0.25410791502162056,0.24843015604436924,0.0,0.0,1.0,1.0,3,0,5,1,0.08,0.08,45,197,standard,19,34
12,Alternator,2.044275239706712,0.5025380710659898,5.0,1.0,0.1808798646362098,0.32165820642978,0.2511624992166447,0.2462994297173654,0.0,0.0,1.0,1.0,3,0,5,1,0.08,0.08,45,197,standard,19,34
13,Meta Mixer: 17 players,2.018330513254371,0.4574293413548913,11.0,0.7049382716049383,0.21244594848655762,0.24498339286833368,0.21482734849909133,0.32774331014601743,0.5612827250291553,0.388129311648616,0.5643929107594697,0.3906036858157696,3,0,5,1,0.08,0.08,45,197,standard,19,34
14,Random: 0.5,1.9624929498025945,0.4993419815754841,8.0,0.4765432098765432,0.20924985899605192,0.29009212257943223,0.20901798583693676,0.29164003258757915,0.5054581844090007,0.5010259804333504,0.5083804047503541,0.49846717474750646,3,0,5,1,0.08,0.08,45,197,standard,19,34
15,Bully,1.95882684715172,0.568352447201855,8.0,0.0,0.18568653255624493,0.38266591464561,0.24288400075202107,0.1887635520461239,0.0,1.0,0.0,1.0,3,0,5,1,0.08,0.08,45,197,standard,19,34
16,Cooperator,1.94839255499154,1.0,0.0,1.0,0.650278874475152,0.3497211255248481,0.0,0.0,1.0,1.0,0.0,0.0,3,0,5,1,0.08,0.08,45,197,standard,19,34
17,Win-Shift Lose-Stay: D,1.8652002256063167,0.5795700946293163,8.0,0.0,0.20508240897411795,0.37448768565519835,0.208566773202983,0.2118631321677007,0.0,1.0,1.0,0.0,3,0,5,1,0.08,0.08,45,197,standard,19,34
18,Anti Tit For Tat,1.685843203609701,0.6267970169831422,6.0,1.0,0.18895782415240958,0.4378391928307326,0.18658269098201416,0.1866202920348436,0.0,1.0,0.0,1.0,3,0,5,1,0.08,0.08,45,197,standard,19,34
0,"DoubleCrosser: (D, D)",3.011145510835913,0.557005892339958,16.0,1.0,0.5319384799760312,0.025067412363926893,0.24330370518326178,0.1996904024767802,0.9925332925217307,0.7725431662159352,0.02110214945464605,0.0,3,0,5,1,0.07,0.01,62,85,standard,20,35
1,Evolved HMM 5,2.989783281733746,0.5933186857085788,7.0,1.0,0.5415360031958454,0.051782682512733456,0.23993808049535603,0.16674323379606512,0.9972377678796341,0.47983771366196803,0.017996551062683327,0.18595104102206522,3,0,5,1,0.07,0.01,62,85,standard,20,35
2,Grudger,2.956037151702786,0.4843703185858384,7.0,1.0,0.47755917307500245,0.006811145510835913,0.2522720463397583,0.2633576350744033,1.0,0.0,0.0,0.0,3,0,5,1,0.07,0.01,62,85,standard,20,35
3,Evolved FSM 16,2.954798761609907,0.5984420253670228,7.0,1.0,0.5024468191351243,0.09599520623189853,0.2608908419055228,0.14066713272745432,0.8943476416367773,0.525216257240232,0.17412234570908716,0.3235290730525863,3,0,5,1,0.07,0.01,62,85,standard,20,35
4,Meta Winner: 18 players,2.629721362229102,0.03641266353740138,16.0,1.0,0.021891540996704286,0.014521122540697096,0.39435733546389695,0.5692300009987017,0.5466550468165692,0.34861227454574273,0.010947991406065144,0.0166503561132752,3,0,5,1,0.07,0.01,62,85,standard,20,35
5,Tit For Tat,2.5275541795665637,0.6970837910716069,0.0,1.0,0.5452411864576051,0.15184260461400176,0.14688904424248475,0.1560271646859083,1.0,0.0,1.0,0.0,3,0,5,1,0.07,0.01,62,85,standard,20,35
6,Soft Joss: 0.9,2.498761609907121,0.7409367821831618,0.0,1.0,0.591810646159992,0.14912613602316985,0.1159193049036253,0.14314391291321282,1.0,0.09839913200075427,1.0,0.10010165129599673,3,0,5,1,0.07,0.01,62,85,standard,20,35
7,Defector,2.4513931888544893,0.0,17.0,0.0,0.0,0.0,0.36326775192250077,0.6367322480774993,0.0,0.0,0.0,0.0,3,0,5,1,0.07,0.01,62,85,standard,20,35
8,Win-Stay Lose-Shift,2.4408668730650156,0.7228303205832418,2.0,1.0,0.5619694397283532,0.16086088085488864,0.12021372216119046,0.15695595725556777,1.0,0.0,0.0,1.0,3,0,5,1,0.07,0.01,62,85,standard,20,35
9,GTFT: 0.33,2.388854489164087,0.803255767502247,0.0,1.0,0.6181763707180664,0.18507939678418056,0.08420053929891141,0.1125436931988415,1.0,0.3157524281768623,1.0,0.3248879673286657,3,0,5,1,0.07,0.01,62,85,standard,20,35
10,Tit For 2 Tats,2.307120743034056,0.8325776490562269,0.0,1.0,0.6683111954459204,0.16426645361030665,0.03329671427144713,0.134125636672326,1.0,0.7614968339236292,1.0,0.0,3,0,5,1,0.07,0.01,62,85,standard,20,35
11,Suspicious Tit For Tat,2.2752321981424153,0.5370718066513532,11.0,0.0,0.36280834914611004,0.1742634575052432,0.18098471986417655,0.2819434734844702,1.0,0.0,1.0,0.0,3,0,5,1,0.07,0.01,62,85,standard,20,35
12,Meta Mixer: 18 players,2.0538699690402478,0.45555777489263954,11.0,0.6926994906621392,0.21751722760411465,0.23804054728852495,0.21480075901328272,0.32964146609407774,0.5595089048057316,0.3860306488639412,0.5432471686098858,0.38019639003476724,3,0,5,1,0.07,0.01,62,85,standard,20,35
13,Cooperator,2.011764705882353,1.0,0.0,1.0,0.6701987416358733,0.3298012583641266,0.0,0.0,1.0,1.0,0.0,0.0,3,0,5,1,0.07,0.01,62,85,standard,20,35
14,Cycler DC,1.9972136222910215,0.49411764705882355,9.0,0.0,0.168770598222311,0.3253470488365125,0.24601018675721564,0.25987216618396086,0.0,0.0,1.0,1.0,3,0,5,1,0.07,0.01,62,85,standard,20,35
15,Alternator,1.98328173374613,0.5058823529411764,4.0,1.0,0.17687006891041646,0.32901228403076,0.23913911914511132,0.25497852791371217,0.0,0.0,1.0,1.0,3,0,5,1,0.07,0.01,62,85,standard,20,35
16,Random: 0.5,1.9501547987616101,0.49992010386497554,7.0,0.49745331069609505,0.20807949665434933,0.29184060721062616,0.2075801458104464,0.29249975032457803,0.4885105334453717,0.4972372551684697,0.502814389650458,0.5012999445120827,3,0,5,1,0.07,0.01,62,85,standard,20,35
17,Bully,1.8910216718266255,0.5823329671427144,9.0,0.0,0.17521222410865875,0.4071207430340557,0.23572355937281533,0.18194347348447018,0.0,1.0,0.0,1.0,3,0,5,1,0.07,0.01,62,85,standard,20,35
18,Win-Shift Lose-Stay: D,1.8058823529411765,0.5941675821432139,9.0,0.0,0.19558573853989814,0.3985818436033157,0.20369519624488167,0.2021372216119045,0.0,1.0,1.0,0.0,3,0,5,1,0.07,0.01,62,85,standard,20,35
19,Anti Tit For Tat,1.6154798761609908,0.6434834714870669,5.0,1.0,0.18119444721861577,0.462289024268451,0.17916708279236992,0.17734944572056324,0.0,1.0,0.0,1.0,3,0,5,1,0.07,0.01,62,85,standard,20,35
0,"DoubleCrosser: (D, D)",2.7975,0.5226923076923077,9.0,1.0,0.5018589743589744,0.020833333333333336,0.2030769230769231,0.2742307692307692,0.9944245739532928,0.7857142857142857,0.0,0.0,3,0,5,1,0.02,0.04,13,100,standard,13,36
1,Evolved FSM 16,2.6675,0.5940384615384615,4.0,1.0,0.4517948717948717,0.14224358974358975,0.22685897435897437,0.1791025641025641,0.8632478632478633,0.5255048263709396,0.26435730613680325,0.3826699607582116,3,0,5,1,0.02,0.04,13,100,standard,13,36
2,Soft Joss: 0.9,2.3925,0.6931410256410256,0.0,1.0,0.5347435897435897,0.1583974358974359,0.11974358974358974,0.1871153846153846,1.0,0.1004217528228504,1.0,0.10891672821009074,3,0,5,1,0.02,0.04,13,100,standard,13,36
3,Defector,2.3866666666666667,0.0,11.0,0.0,0.0,0.0,0.3473076923076923,0.6526923076923077,0.0,0.0,0.0,0.0,3,0,5,1,0.02,0.04,13,100,standard,13,36
4,Meta Winner: 12 players,2.3808333333333334,0.025064102564102565,10.0,1.0,0.017307692307692305,0.007756410256410256,0.3373076923076923,0.6376282051282051,0.6435271292450024,0.4330459770114943,0.012234224689076364,0.0015930965338226335,3,0,5,1,0.02,0.04,13,100,standard,13,36
5,Suspicious Tit For Tat,2.355,0.5686538461538462,7.0,0.0,0.3769230769230769,0.19173076923076923,0.19737179487179488,0.23397435897435895,1.0,0.0,1.0,0.0,3,0,5,1,0.02,0.04,13,100,standard,13,36
6,GTFT: 0.33,2.2866666666666666,0.77,0.0,1.0,0.5714743589743589,0.19852564102564105,0.08455128205128204,0.14544871794871794,1.0,0.32826787230886323,1.0,0.3016939865362642,3,0,5,1,0.02,0.04,13,100,standard,13,36
7,Tit For 2 Tats,2.2158333333333333,0.785,0.0,1.0,0.6309615384615385,0.15403846153846157,0.027115384615384614,0.1878846153846154,1.0,0.7728066180935034,1.0,0.0,3,0,5,1,0.02,0.04,13,100,standard,13,36
8,Win-Stay Lose-Shift,2.1808333333333336,0.7101282051282052,1.0,1.0,0.5081410256410256,0.20198717948717948,0.08948717948717949,0.20038461538461538,1.0,0.0,0.0,1.0,3,0,5,1,0.02,0.04,13,100,standard,13,36
9,Alternator,1.9808333333333332,0.5,3.0,1.0,0.15224358974358976,0.3477564102564103,0.255,0.245,0.0,0.0,1.0,1.0,3,0,5,1,0.02,0.04,13,100,standard,13,36
10,Cycler DC,1.9758333333333333,0.5,5.0,0.0,0.14814102564102563,0.3518589743589744,0.257051282051282,0.24294871794871795,0.0,0.0,1.0,1.0,3,0,5,1,0.02,0.04,13,100,standard,13,36
11,Random: 0.5,1.8575,0.5030769230769231,5.0,0.5128205128205128,0.19320512820512822,0.30987179487179484,0.19596153846153844,0.3009615384615385,0.5041473122028397,0.4961655353120815,0.5044947563259751,0.509958179961992,3,0,5,1,0.02,0.04,13,100,standard,13,36
12,Anti Tit For Tat,1.6533333333333333,0.6296153846153846,4.0,1.0,0.2139743589743589,0.4156410256410257,0.15980769230769235,0.21057692307692308,0.0,1.0,0.0,1.0,3,0,5,1,0.02,0.04,13,100,standard,13,36
0,"DoubleCrosser: (D, D)",2.738805970149254,0.5413113006396588,11.0,1.0,0.5093949893390193,0.03191631130063966,0.18756663113006397,0.2711220682302772,0.9911741989695286,0.7792721518987342,0.021352313167259787,0.0,3,0,5,1,0.01,0.05,16,67,standard,15,37
1,Evolved HMM 5,2.6934968017057566,0.5956156716417911,5.0,1.0,0.5237873134328358,0.07182835820895522,0.18050373134328354,0.22388059701492535,0.9979940010474362,0.459898156134365,0.010676101280510546,0.19907784416065494,3,0,5,1,0.01,0.05,16,67,standard,15,37
2,Evolved FSM 16,2.6428571428571423,0.6118070362473348,5.0,1.0,0.47381396588486135,0.13799307036247335,0.2066231343283582,0.18156982942430702,0.8541805295900798,0.5401490873824794,0.2793283156631535,0.3516804980887864,3,0,5,1,0.01,0.05,16,67,standard,15,37
3,Tit For Tat,2.431769722814499,0.6463885927505331,0.0,1.0,0.482542643923241,0.16384594882729211,0.15631663113006394,0.19729477611940302,1.0,0.0,1.0,0.0,3,0,5,1,0.01,0.05,16,67,standard,15,37
4,Suspicious Tit For Tat,2.4227078891257996,0.5931503198294243,8.0,0.0,0.39259061833688697,0.20055970149253735,0.20908848614072498,0.19776119402985076,1.0,0.0,1.0,0.0,3,0,5,1,0.01,0.05,16,67,standard,15,37
5,Soft Joss: 0.9,2.3997867803837956,0.6961620469083155,0.0,1.0,0.5327158848614072,0.16344616204690832,0.12526652452025586,0.1785714285714286,1.0,0.08385504009556248,1.0,0.09951761187629506,3,0,5,1,0.01,0.05,16,67,standard,15,37
6,GTFT: 0.33,2.2985074626865676,0.7817164179104478,0.0,1.0,0.5857542643923241,0.19596215351812366,0.08322228144989337,0.13506130063965885,1.0,0.3346664468750332,1.0,0.3350488807386608,3,0,5,1,0.01,0.05,16,67,standard,15,37
7,Tit For 2 Tats,2.2547974413646052,0.8082356076759062,0.0,1.0,0.6514525586353944,0.15678304904051169,0.02691897654584221,0.16484541577825154,1.0,0.7733554792141651,1.0,0.0,3,0,5,1,0.01,0.05,16,67,standard,15,37
8,Defector,2.236673773987207,0.0,13.0,0.0,0.0,0.0,0.3089019189765458,0.6910980810234542,0.0,0.0,0.0,0.0,3,0,5,1,0.01,0.05,16,67,standard,15,37
9,Meta Winner: 13 players,2.222814498933902,0.03704690831556503,12.0,1.0,0.02605277185501066,0.010994136460554369,0.2976412579957356,0.6653118336886994,0.614621157521766,0.4438922188922189,0.008086587111821933,0.008733102232362186,3,0,5,1,0.01,0.05,16,67,standard,15,37
10,Meta Mixer: 13 players,2.033582089552239,0.4245735607675906,7.0,0.7946428571428571,0.20102611940298515,0.22354744136460555,0.21875,0.3566764392324093,0.603747318765834,0.3042577591923993,0.5770538034614732,0.29162975390871454,3,0,5,1,0.01,0.05,16,67,standard,15,37
11,Cycler DC,1.9456289978678039,0.4925373134328358,7.0,0.0,0.1236007462686567,0.36893656716417905,0.2659914712153518,0.24147121535181235,0.0,0.0,1.0,1.0,3,0,5,1,0.01,0.05,16,67,standard,15,37
12,Alternator,1.8992537313432836,0.5074626865671642,3.0,1.0,0.12846481876332622,0.378997867803838,0.25619669509594883,0.23634061833688697,0.0,0.0,1.0,1.0,3,0,5,1,0.01,0.05,16,67,standard,15,37
13,Random: 0.5,1.8550106609808101,0.4982009594882729,5.5,0.5357142857142857,0.19636194029850745,0.30183901918976547,0.19516257995735606,0.30663646055437094,0.49289009047461757,0.5022614858941692,0.49049184575028587,0.4934508090760488,3,0,5,1,0.01,0.05,16,67,standard,15,37
14,Anti Tit For Tat,1.5287846481876333,0.6585820895522388,4.0,1.0,0.19962686567164178,0.458955223880597,0.1474546908315565,0.19396321961620464,0.0,1.0,0.0,1.0,3,0,5,1,0.01,0.05,16,67,standard,15,37
0,Suspicious Tit For Tat,2.385479041916168,0.4946816892530728,3.0,0.0,0.11385124487866373,0.38083044437440916,0.3849669082886858,0.12035140245824143,1.0,0.0,1.0,0.0,3,0,5,1,0.01,0.1,38,167,standard,5,38
1,Tit For Tat,2.3727544910179645,0.5027970375039394,0.0,1.0,0.12117869524109677,0.3816183422628428,0.37799401197604793,0.11920895052001261,1.0,0.0,1.0,0.0,3,0,5,1,0.01,0.1,38,167,standard,5,38
2,Alternator,2.3121257485029942,0.5029940119760479,0.5,1.0,0.19094705326189726,0.31204695871415067,0.3102741884651749,0.18673179955877717,0.0,0.0,1.0,1.0,3,0,5,1,0.01,0.1,38,167,standard,5,38
3,Meta Mixer: 4 players,2.2432634730538923,0.4995272612669398,1.0,0.743421052631579,0.23763000315159152,0.26189725811534825,0.25752442483454147,0.24294831389851873,0.5819311151914317,0.36843333817534696,0.6288814964708269,0.4177084148307433,3,0,5,1,0.01,0.1,38,167,standard,5,38
4,Anti Tit For Tat,2.197604790419162,0.4991727072171447,2.0,1.0,0.3176410337220296,0.18153167349511504,0.1871651433974157,0.3136621493854397,0.0,1.0,0.0,1.0,3,0,5,1,0.01,0.1,38,167,standard,5,38
0,Grudger,3.3116279069767445,0.20687707641196013,3.0,1.0,0.20222591362126247,0.004651162790697674,0.4724252491694353,0.32069767441860464,1.0,0.0,0.0,0.0,3,0,5,1,0.06,0.02,70,172,standard,6,39
1,Soft Joss: 0.9,2.5162790697674415,0.7253986710963455,0.0,1.0,0.533172757475083,0.19222591362126246,0.1604485049833887,0.11415282392026578,1.0,0.10178297482563907,1.0,0.09374016606167743,3,0,5,1,0.06,0.02,70,172,standard,6,39
2,Meta Mixer: 5 players,1.9447674418604652,0.3914285714285714,3.0,0.4228571428571429,0.15455149501661128,0.23687707641196015,0.2189202657807309,0.38965116279069767,0.5218000182171815,0.33636221428177243,0.5722681775804579,0.3044216918636015,3,0,5,1,0.06,0.02,70,172,standard,6,39
3,Suspicious Tit For Tat,1.847674418604651,0.3661129568106312,1.0,0.0,0.2586212624584718,0.10749169435215947,0.10906976744186045,0.5248172757475082,1.0,0.0,1.0,0.0,3,0,5,1,0.06,0.02,70,172,standard,6,39
4,Win-Shift Lose-Stay: D,1.7261627906976744,0.48159468438538205,2.0,0.0,0.1714285714285714,0.3101661129568106,0.17393687707641195,0.34446843853820597,0.0,1.0,1.0,0.0,3,0,5,1,0.06,0.02,70,172,standard,6,39
5,Bully,1.5755813953488373,0.6399833887043189,1.0,0.0,0.213953488372093,0.426029900332226,0.14264119601328903,0.21737541528239204,0.0,1.0,0.0,1.0,3,0,5,1,0.06,0.02,70,172,standard,6,39
0,Meta Winner: 6 players,2.6257142857142854,0.17425595238095237,5.0,1.0,0.16202380952380951,0.012232142857142858,0.3279166666666667,0.4978273809523809,0.4808908929425428,0.2892156862745098,0.5137738262797215,0.025475389345720217,3,0,5,1,0.06,0.1,24,200,standard,8,40
1,Tit For 2 Tats,2.5403571428571428,1.0,0.0,1.0,0.8453273809523809,0.15467261904761906,0.0,0.0,1.0,1.0,0.0,0.0,3,0,5,1,0.06,0.1,24,200,standard,8,40
2,Cooperator,2.5371428571428574,1.0,0.0,1.0,0.8458630952380952,0.15413690476190475,0.0,0.0,1.0,1.0,0.0,0.0,3,0,5,1,0.06,0.1,24,200,standard,8,40
3,Grudger,2.358571428571429,0.4405357142857143,3.0,1.0,0.4376785714285714,0.002857142857142857,0.12160714285714287,0.43785714285714283,1.0,0.0,0.0,0.0,3,0,5,1,0.06,0.1,24,200,standard,8,40
4,Alternator,2.35,0.5,3.0,1.0,0.22214285714285711,0.2778571428571429,0.2969047619047619,0.20309523809523813,0.0,0.0,1.0,1.0,3,0,5,1,0.06,0.1,24,200,standard,8,40
5,Win-Stay Lose-Shift,2.332142857142857,0.70125,1.0,1.0,0.5201488095238095,0.1811011904761905,0.11943452380952382,0.17931547619047622,1.0,0.0,0.0,1.0,3,0,5,1,0.06,0.1,24,200,standard,8,40
6,Suspicious Tit For Tat,2.1457142857142855,0.49026785714285714,2.0,0.0,0.33458333333333334,0.15568452380952383,0.15744047619047621,0.3522916666666667,1.0,0.0,1.0,0.0,3,0,5,1,0.06,0.1,24,200,standard,8,40
7,Meta Mixer: 6 players,2.1042857142857145,0.6167857142857143,2.0,0.8095238095238095,0.4120535714285714,0.2047321428571429,0.11997023809523809,0.2632440476190476,0.7863178539301694,0.3969719220442446,0.7764180237796044,0.43383923379673456,3,0,5,1,0.06,0.1,24,200,standard,8,40
0,Grudger,3.3492063492063493,0.8031746031746032,1.0,1.0,0.7968253968253969,0.006349206349206349,0.19047619047619047,0.006349206349206349,1.0,0.0,0.0,0.0,3,0,5,1,0.01,0.07,90,63,standard,6,41
1,"DoubleCrosser: (D, D)",3.3301587301587303,0.7904761904761904,5.0,1.0,0.7777777777777778,0.012698412698412698,0.19805996472663137,0.01146384479717813,0.9868852459016393,0.75,0.0,0.0,3,0,5,1,0.01,0.07,90,63,standard,6,41
2,GTFT: 0.33,2.7333333333333334,0.9204585537918871,0.0,1.0,0.8422927689594356,0.07816578483245148,0.0308289241622575,0.048712522045855376,1.0,0.37275594371664245,1.0,0.33078101071975496,3,0,5,1,0.01,0.07,90,63,standard,6,41
3,Win-Stay Lose-Shift,2.6507936507936507,0.9301587301587302,0.0,1.0,0.8603174603174605,0.06984126984126984,0.0,0.06984126984126984,1.0,0.0,0.0,1.0,3,0,5,1,0.01,0.07,90,63,standard,6,41
4,Cooperator,2.3904761904761904,1.0,0.0,1.0,0.7968253968253969,0.20317460317460317,0.0,0.0,1.0,1.0,0.0,0.0,3,0,5,1,0.01,0.07,90,63,standard,6,41
5,Anti Tit For Tat,2.253968253968254,0.527089947089947,3.0,1.0,0.12483245149911819,0.40225749559082896,0.35312169312169317,0.1197883597883598,0.0,1.0,0.0,1.0,3,0,5,1,0.01,0.07,90,63,standard,6,41
0,"DoubleCrosser: (D, D)",2.816666666666667,0.5,10.0,1.0,0.3949685534591195,0.10503144654088051,0.279874213836478,0.220125786163522,0.49988936013276786,0.7752976190476191,0.0,0.0,3,0,5,1,0.04,0.05,53,4,standard,16,42
1,Grudger,2.7666666666666666,0.7261006289308176,3.0,1.0,0.6163522012578616,0.10974842767295598,0.160062893081761,0.11383647798742139,1.0,0.0,0.0,0.0,3,0,5,1,0.04,0.05,53,4,standard,16,42
2,Win-Shift Lose-Stay: D,2.7,0.45220125786163523,10.0,0.0,0.23176100628930818,0.22044025157232702,0.36163522012578614,0.1861635220125786,0.0,1.0,1.0,0.0,3,0,5,1,0.04,0.05,53,4,standard,16,42
3,Suspicious Tit For Tat,2.65,0.46257861635220127,8.0,0.0,0.2522012578616352,0.21037735849056605,0.339622641509434,0.19779874213836476,1.0,0.0,1.0,0.0,3,0,5,1,0.04,0.05,53,4,standard,16,42
4,Tit For Tat,2.6333333333333333,0.8251572327044026,0.0,1.0,0.6540880503144655,0.17106918238993712,0.12515723270440252,0.04968553459119498,1.0,0.0,1.0,0.0,3,0,5,1,0.04,0.05,53,4,standard,16,42
5,Soft Joss: 0.9,2.6166666666666667,0.8430817610062893,0.0,1.0,0.6688679245283019,0.17421383647798744,0.11320754716981131,0.043710691823899375,1.0,0.09742186754633243,1.0,0.08093346573982124,3,0,5,1,0.04,0.05,53,4,standard,16,42
6,Meta Mixer: 15 players,2.6166666666666667,0.6792452830188679,4.0,0.7031446540880503,0.4839622641509434,0.19528301886792446,0.20597484276729555,0.1147798742138365,0.7430226334631359,0.41295870178777994,0.7611964742556686,0.44154451259056626,3,0,5,1,0.04,0.05,53,4,standard,16,42
7,Random: 0.5,2.6,0.4959119496855346,7.0,0.49433962264150944,0.2883647798742139,0.20754716981132076,0.3110062893081761,0.19308176100628932,0.4755374360265423,0.4679482992839493,0.5335607949984502,0.4801536915455462,3,0,5,1,0.04,0.05,53,4,standard,16,42
8,Evolved FSM 16,2.6,0.8459119496855346,1.0,1.0,0.6757861635220126,0.170125786163522,0.10440251572327043,0.04968553459119497,1.0,0.3373015873015873,0.9461538461538461,0.0,3,0,5,1,0.04,0.05,53,4,standard,16,42
9,Win-Stay Lose-Shift,2.6,0.8088050314465409,1.0,1.0,0.6613207547169812,0.14748427672955977,0.10723270440251574,0.08396226415094342,1.0,0.0,0.0,1.0,3,0,5,1,0.04,0.05,53,4,standard,16,42
10,Cycler DC,2.5833333333333335,0.5,5.0,0.0,0.22547169811320755,0.2745283018867924,0.3550314465408805,0.1449685534591195,0.0,0.0,1.0,1.0,3,0,5,1,0.04,0.05,53,4,standard,16,42
11,Evolved HMM 5,2.5166666666666666,0.8905660377358491,0.0,1.0,0.7144654088050314,0.17610062893081763,0.06572327044025157,0.043710691823899375,1.0,0.5173576189135186,0.0,0.0,3,0,5,1,0.04,0.05,53,4,standard,16,42
12,Bully,2.5166666666666666,0.36855345911949683,7.0,0.0,0.14905660377358493,0.21949685534591193,0.36069182389937104,0.2707547169811321,0.0,1.0,0.0,1.0,3,0,5,1,0.04,0.05,53,4,standard,16,42
13,GTFT: 0.33,2.5166666666666666,0.8833333333333333,0.0,1.0,0.6955974842767296,0.1877358490566038,0.08081761006289308,0.035849056603773584,1.0,0.33650318450487743,1.0,0.5134751773049645,3,0,5,1,0.04,0.05,53,4,standard,16,42
14,Tit For 2 Tats,2.4166666666666665,0.9566037735849057,0.0,1.0,0.7635220125786163,0.19308176100628932,0.021069182389937106,0.02232704402515723,1.0,0.8828289936664321,1.0,0.0,3,0,5,1,0.04,0.05,53,4,standard,16,42
15,Cooperator,2.3,1.0,0.0,1.0,0.7707547169811321,0.22924528301886796,0.0,0.0,1.0,1.0,0.0,0.0,3,0,5,1,0.04,0.05,53,4,standard,16,42
0,"DoubleCrosser: (D, D)",2.8984375,0.5973048941798942,13.0,1.0,0.5712218915343915,0.026083002645502645,0.19576719576719576,0.20692791005291003,0.9904024957080234,0.7841981132075472,0.015015015015015015,0.0,3,0,5,1,0.03,0.09,21,72,standard,17,43
1,Evolved HMM 5,2.8793402777777777,0.6293402777777778,5.0,1.0,0.5737847222222223,0.05555555555555556,0.1961392195767196,0.17452050264550265,0.9996708360763661,0.5255175515066204,0.005571030640668524,0.20051249396824003,3,0,5,1,0.03,0.09,21,72,standard,17,43
2,Grudger,2.8203125,0.5109953703703703,5.0,1.0,0.5031828703703705,0.007812500000000002,0.2053158068783069,0.28368882275132273,1.0,0.0,0.0,0.0,3,0,5,1,0.03,0.09,21,72,standard,17,43
3,Evolved FSM 16,2.8177083333333335,0.6487681878306878,5.0,1.0,0.5350529100529101,0.11371527777777776,0.21556712962962965,0.13566468253968253,0.9082278481012658,0.5684981064554235,0.2508165785359344,0.38250298682925216,3,0,5,1,0.03,0.09,21,72,standard,17,43
4,Tit For Tat,2.5286458333333335,0.6979993386243386,0.0,1.0,0.5482804232804233,0.14971891534391532,0.14570932539682538,0.15629133597883593,1.0,0.0,1.0,0.0,3,0,5,1,0.03,0.09,21,72,standard,17,43
5,Soft Joss: 0.9,2.5052083333333335,0.7456183862433863,0.0,1.0,0.6012731481481481,0.1443452380952381,0.11226851851851855,0.14211309523809526,1.0,0.09056493968783388,1.0,0.09744095252904898,3,0,5,1,0.03,0.09,21,72,standard,17,43
6,Meta Winner: 15 players,2.4574652777777777,0.03993055555555555,13.0,1.0,0.023726851851851857,0.016203703703703706,0.35358796296296297,0.6064814814814814,0.5653823730449118,0.6457142857142857,0.008592017738359202,0.01863514876840528,3,0,5,1,0.03,0.09,21,72,standard,17,43
7,GTFT: 0.33,2.4088541666666665,0.8155588624338624,0.0,1.0,0.6384341931216931,0.17712466931216933,0.0771742724867725,0.1072668650793651,1.0,0.33036320599519947,1.0,0.35747192165589536,3,0,5,1,0.03,0.09,21,72,standard,17,43
8,Tit For 2 Tats,2.326388888888889,0.8470568783068783,0.0,1.0,0.7007275132275133,0.1463293650793651,0.017939814814814815,0.1350033068783069,1.0,0.8049911056376574,1.0,0.0,3,0,5,1,0.03,0.09,21,72,standard,17,43
9,Suspicious Tit For Tat,2.2864583333333335,0.5492724867724867,7.0,0.0,0.3903769841269842,0.15889550264550265,0.16530257936507933,0.28542493386243384,1.0,0.0,1.0,0.0,3,0,5,1,0.03,0.09,21,72,standard,17,43
10,Defector,2.204861111111111,0.0,14.0,0.0,0.0,0.0,0.3016699735449736,0.6983300264550265,0.0,0.0,0.0,0.0,3,0,5,1,0.03,0.09,21,72,standard,17,43
11,Cooperator,2.1041666666666665,1.0,0.0,1.0,0.7020916005291005,0.29790839947089953,0.0,0.0,1.0,1.0,0.0,0.0,3,0,5,1,0.03,0.09,21,72,standard,17,43
12,Meta Mixer: 15 players,2.0347222222222223,0.44403108465608465,8.0,0.6339285714285714,0.22685185185185183,0.21717923280423285,0.20163690476190474,0.3543320105820105,0.6072966418312871,0.33381690296133454,0.6131850241441007,0.32178987491792377,3,0,5,1,0.03,0.09,21,72,standard,17,43
13,Alternator,1.9704861111111112,0.5,5.0,1.0,0.14566798941798942,0.3543320105820106,0.2580605158730158,0.24193948412698413,0.0,0.0,1.0,1.0,3,0,5,1,0.03,0.09,21,72,standard,17,43
14,Cycler DC,1.9522569444444444,0.5,4.0,0.0,0.13930224867724866,0.36069775132275134,0.2585978835978836,0.2414021164021164,0.0,0.0,1.0,1.0,3,0,5,1,0.03,0.09,21,72,standard,17,43
15,Win-Shift Lose-Stay: D,1.8107638888888888,0.5993303571428571,5.0,0.0,0.1987020502645503,0.4006283068783069,0.2045304232804233,0.19613921957671962,0.0,1.0,1.0,0.0,3,0,5,1,0.03,0.09,21,72,standard,17,43
16,Bully,1.609375,0.6377314814814815,5.0,0.0,0.1722883597883598,0.4654431216931217,0.18270502645502645,0.17956349206349206,0.0,1.0,0.0,1.0,3,0,5,1,0.03,0.09,21,72,standard,17,43
0,"DoubleCrosser: (D, D)",2.893939393939394,0.7846108140225787,8.0,1.0,0.7342543077837196,0.05035650623885918,0.11645870469399881,0.09893048128342247,0.962037037037037,0.7885572139303482,0.0,0.0,3,0,5,1,0.06,0.05,34,22,standard,10,44
1,Grudger,2.888888888888889,0.7204396910279264,3.0,1.0,0.700237670825906,0.020202020202020204,0.12433155080213903,0.15522875816993464,1.0,0.0,0.0,0.0,3,0,5,1,0.06,0.05,34,22,standard,10,44
2,Evolved HMM 5,2.8232323232323235,0.7627748068924539,2.0,1.0,0.7186571598336304,0.044117647058823525,0.10888294711824124,0.12834224598930483,0.9991859991859992,0.3559684281488793,0.006316098707403055,0.15472663614328036,3,0,5,1,0.06,0.05,34,22,standard,10,44
3,Evolved FSM 16,2.8030303030303028,0.7841651812240048,2.0,1.0,0.7277183600713012,0.0564468211527035,0.0974450386215092,0.11838978015448604,0.856339815948139,0.4160493827160494,0.24948815274902233,0.23188306964902708,3,0,5,1,0.06,0.05,34,22,standard,10,44
4,Tit For Tat,2.765151515151515,0.8551693404634582,0.0,1.0,0.7401960784313725,0.11497326203208554,0.09803921568627448,0.04679144385026737,1.0,0.0,1.0,0.0,3,0,5,1,0.06,0.05,34,22,standard,10,44
5,GTFT: 0.33,2.704545454545455,0.9084967320261438,0.0,1.0,0.7837195484254309,0.12477718360071305,0.06387403446226977,0.027629233511586457,1.0,0.347268383880349,1.0,0.3079958463136033,3,0,5,1,0.06,0.05,34,22,standard,10,44
6,Tit For 2 Tats,2.641414141414141,0.9738562091503268,0.0,1.0,0.8516042780748665,0.12225193107546052,0.014557338086749853,0.011586452762923354,1.0,0.8904542902793972,1.0,0.0,3,0,5,1,0.06,0.05,34,22,standard,10,44
7,Meta Mixer: 9 players,2.4873737373737375,0.6115567439096851,5.0,0.954248366013072,0.46434937611408195,0.14720736779560306,0.17706476530005938,0.21137849079025547,0.7729156254731974,0.34589640393184784,0.7031849576834523,0.29223470535042834,3,0,5,1,0.06,0.05,34,22,standard,10,44
8,Alternator,2.0883838383838382,0.5,3.0,1.0,0.17929292929292928,0.3207070707070707,0.2629233511586453,0.23707664884135474,0.0,0.0,1.0,1.0,3,0,5,1,0.06,0.05,34,22,standard,10,44
9,Random: 0.5,2.05050505050505,0.5069815805109923,3.0,0.45751633986928103,0.21880570409982178,0.2881758764111705,0.2256387403446227,0.267379679144385,0.4902799695930379,0.5120351975274143,0.5228627551907971,0.5132496884469926,3,0,5,1,0.06,0.05,34,22,standard,10,44
0,"DoubleCrosser: (D, D)",2.652236652236652,0.5117207055982567,8.0,1.0,0.47427629060282117,0.0374444149954354,0.18591159407485938,0.30236770032688404,0.9912875369021166,0.7838607051373009,0.012128140671778483,0.0,3,0,5,1,0.01,0.02,98,63,standard,12,45
1,Evolved HMM 5,2.5865800865800868,0.5739611862060842,3.0,1.0,0.4791059280855199,0.09485525812056422,0.18099360956503813,0.2450452042288777,0.9963298322685065,0.5370853836927955,0.017810648744862198,0.2024420270102014,3,0,5,1,0.01,0.02,98,63,standard,12,45
2,Grudger,2.544011544011544,0.3791854404099302,4.0,1.0,0.36764142886591866,0.011544011544011544,0.20475895986100065,0.41605559972906914,1.0,0.0,0.0,0.0,3,0,5,1,0.01,0.02,98,63,standard,12,45
3,Evolved FSM 16,2.507936507936508,0.5922637453249698,3.0,1.0,0.4143033836911388,0.177960361633831,0.2142562652766734,0.19347998939835673,0.8821148045300242,0.5434994791450776,0.26955534591640684,0.4194550834745665,3,0,5,1,0.01,0.02,98,63,standard,12,45
4,Tit For Tat,2.3239538239538238,0.5955473098330241,0.0,1.0,0.42677503901993696,0.16877227081308713,0.15979032305562918,0.2446623671113467,1.0,0.0,1.0,0.0,3,0,5,1,0.01,0.02,98,63,standard,12,45
5,Meta Winner: 10 players,2.191197691197691,0.040786877521571396,9.0,1.0,0.02610654651470978,0.014680331006861619,0.2829019053508849,0.6763112171275437,0.615244580580274,0.5538630091651592,0.02593429329405002,0.0018222385310473943,3,0,5,1,0.01,0.02,98,63,standard,12,45
6,Suspicious Tit For Tat,1.9855699855699855,0.4002856553876962,4.0,0.0,0.2370645227788085,0.1632211326088877,0.1685661277498012,0.43114821686250254,1.0,0.0,1.0,0.0,3,0,5,1,0.01,0.02,98,63,standard,12,45
7,Defector,1.8369408369408369,0.0,9.0,0.0,0.0,0.0,0.20967694437082193,0.790323055629178,0.0,0.0,0.0,0.0,3,0,5,1,0.01,0.02,98,63,standard,12,45
8,Meta Mixer: 10 players,1.6904761904761907,0.2927084253614866,5.0,0.5463821892393321,0.09928733398121153,0.19342109138027502,0.17117236504991606,0.5361192095885973,0.5445359150602989,0.22444567879113267,0.5185780499991526,0.22086387289646361,3,0,5,1,0.01,0.02,98,63,standard,12,45
9,Random: 0.5,1.4098124098124099,0.49805636540330417,1.0,0.5102040816326531,0.12938422122095594,0.3686721441823483,0.13057690608711015,0.3713667285095857,0.48984881318556434,0.49919899518762967,0.5017380995539095,0.4974163290675749,3,0,5,1,0.01,0.02,98,63,standard,12,45
10,Cycler DC,1.373015873015873,0.49206349206349204,2.0,0.0,0.06506758547574874,0.42699590658774333,0.167270371352004,0.34066613658450395,0.0,0.0,1.0,1.0,3,0,5,1,0.01,0.02,98,63,standard,12,45
11,Win-Shift Lose-Stay: D,1.0851370851370852,0.619150690579262,1.0,0.0,0.0955178608239833,0.5236328297552787,0.10532438083458492,0.27552492858615313,0.0,1.0,1.0,0.0,3,0,5,1,0.01,0.02,98,63,standard,12,45
0,Defector,2.333333333333333,0.0,4.0,0.0,0.0,0.0,0.3329702251270879,0.6670297748729122,0.0,0.0,0.0,0.0,3,0,5,1,0.03,0.02,34,81,standard,6,46
1,Meta Winner: 5 players,2.2975308641975305,0.03326071169208424,3.0,1.0,0.0168482207697894,0.016412490922294843,0.32069716775599133,0.6460421205519244,0.6196663837589483,0.6229519834895993,0.0034259193439715213,0.0015508561883134393,3,0,5,1,0.03,0.02,34,81,standard,6,46
2,Suspicious Tit For Tat,1.8987654320987652,0.333841684822077,2.0,0.0,0.11721132897603485,0.21663035584604212,0.2204066811909949,0.44575163398692813,1.0,0.0,1.0,0.0,3,0,5,1,0.03,0.02,34,81,standard,6,46
3,Evolved FSM 16,1.8049382716049382,0.43391430646332607,2.0,1.0,0.090559186637618,0.34335511982570804,0.2443718228031954,0.32171387073347857,0.7443946188340808,0.5729192721047279,0.3749093360610006,0.4802762978775675,3,0,5,1,0.03,0.02,34,81,standard,6,46
4,Cycler DC,1.319753086419753,0.49382716049382713,1.0,0.0,0.05591866376180101,0.4379084967320261,0.16020334059549746,0.3459694989106754,0.0,0.0,1.0,1.0,3,0,5,1,0.03,0.02,34,81,standard,6,46
5,Random: 0.5,1.3074074074074074,0.4982570806100218,0.0,0.5,0.11641249092229485,0.38184458968772694,0.11750181554103123,0.38424110384894694,0.5395632770381591,0.4976830180708897,0.5235591528210943,0.49043726939441357,3,0,5,1,0.03,0.02,34,81,standard,6,46
0,"DoubleCrosser: (D, D)",3.316696375519905,0.5582332106396277,10.0,1.0,0.5457554922795564,0.012477718360071303,0.3094736517196411,0.13229313764073122,0.9960220750551876,0.7916666666666666,0.0,0.0,3,0,5,1,0.07,0.1,77,153,standard,12,47
1,Grudger,3.165775401069519,0.4588281593629187,5.0,1.0,0.45466891990956165,0.0041592394533571005,0.3156083369987113,0.22556350363836994,1.0,0.0,0.0,0.0,3,0,5,1,0.07,0.1,77,153,standard,12,47
2,Win-Stay Lose-Shift,2.7302436125965537,0.6823159015672384,1.0,1.0,0.5521371082868409,0.13017879328039753,0.18900232269216224,0.12868177574059925,1.0,0.0,0.0,1.0,3,0,5,1,0.07,0.1,77,153,standard,12,47
3,Tit For Tat,2.688651218062983,0.7427676304681652,0.0,1.0,0.5293808983648556,0.21338673210330966,0.21065506092244063,0.04657730860939417,1.0,0.0,1.0,0.0,3,0,5,1,0.07,0.1,77,153,standard,12,47
4,Soft Joss: 0.9,2.6827094474153297,0.7992298847913821,0.0,1.0,0.6182759605219498,0.18095392426943227,0.1567084133929054,0.04406170181571251,1.0,0.1035585517292054,1.0,0.10203553228280582,3,0,5,1,0.07,0.1,77,153,standard,12,47
5,Suspicious Tit For Tat,2.270944741532977,0.5199049316696376,5.0,0.0,0.30132493768857405,0.21857999398106348,0.22127308223564904,0.25882198609471335,1.0,0.0,1.0,0.0,3,0,5,1,0.07,0.1,77,153,standard,12,47
6,Cycler DC,2.194890077243018,0.49673202614379086,5.0,0.0,0.16444043182011095,0.33229159432367994,0.2994498074711978,0.20381816638501132,0.0,0.0,1.0,1.0,3,0,5,1,0.07,0.1,77,153,standard,12,47
7,Alternator,2.1889483065953654,0.5032679738562091,2.0,1.0,0.1684684893241043,0.33479948453210484,0.2963014406864674,0.20043058545732342,0.0,0.0,1.0,1.0,3,0,5,1,0.07,0.1,77,153,standard,12,47
8,Cooperator,2.176470588235294,1.0,0.0,1.0,0.7256213780277951,0.27437862197220486,0.0,0.0,1.0,1.0,0.0,0.0,3,0,5,1,0.07,0.1,77,153,standard,12,47
9,Random: 0.5,2.1218062982768866,0.49940196464260633,5.0,0.4757969303423849,0.2317830713552639,0.26761889328734245,0.23086479770971746,0.26973323764767615,0.5039196887929484,0.5044763175051094,0.4835780731857937,0.4995184013869272,3,0,5,1,0.07,0.1,77,153,standard,12,47
10,Bully,2.063576945929887,0.5371283499625745,5.0,0.0,0.24081919269085048,0.29630915727172413,0.2190738554374918,0.24379779459993364,0.0,1.0,0.0,1.0,3,0,5,1,0.07,0.1,77,153,standard,12,47
11,Win-Shift Lose-Stay: D,1.857991681521093,0.5995400915187011,5.0,0.0,0.20626432391138272,0.39327576760731836,0.20999915117562173,0.1904607573056771,0.0,1.0,1.0,0.0,3,0,5,1,0.07,0.1,77,153,standard,12,47
0,Tit For Tat,2.705772811918063,0.7489995641665677,0.0,1.0,0.5542810729426682,0.19471849122389953,0.19420341534926105,0.056797020484171325,1.0,0.0,1.0,0.0,3,0,5,1,0.0,0.01,47,179,standard,7,48
1,Alternator,2.701117318435754,0.5027932960893855,3.0,1.0,0.1835651174769207,0.31922817861246483,0.41281350291215974,0.08439320099845476,0.0,0.0,1.0,1.0,3,0,5,1,0.0,0.01,47,179,standard,7,48
2,Soft Joss: 0.9,2.659217877094972,0.7798050635920599,0.0,1.0,0.5787669875985578,0.20103807599350215,0.17435318356511748,0.04584175284282262,1.0,0.10620661332481011,1.0,0.11364501379047857,3,0,5,1,0.0,0.01,47,179,standard,7,48
3,Win-Stay Lose-Shift,2.6396648044692737,0.7501683901897856,1.0,1.0,0.6258568089068505,0.12431158128293514,0.12750108958358097,0.12233052022663338,1.0,0.0,0.0,1.0,3,0,5,1,0.0,0.01,47,179,standard,7,48
4,Meta Winner: 6 players,2.6340782122905027,0.5183248147707913,3.0,1.0,0.21676770078053806,0.30155711399025315,0.3742422441459646,0.10743294108324418,0.5563565040667361,0.1500616007244474,0.8085139845908738,0.5937430865733573,3,0,5,1,0.0,0.01,47,179,standard,7,48
5,Random: 0.5,2.612662942271881,0.4979595071120092,4.0,0.48936170212765956,0.2987241966797417,0.19923531043226753,0.30137881849518605,0.2006616743928048,0.4941026516366808,0.5008773741227485,0.4959570400031131,0.5049476490850016,3,0,5,1,0.0,0.01,47,179,standard,7,48
6,Cooperator,2.2653631284916202,1.0,0.0,1.0,0.7555964974840524,0.24440350251594753,0.0,0.0,1.0,1.0,0.0,0.0,3,0,5,1,0.0,0.01,47,179,standard,7,48
0,Evolved HMM 5,3.591869918699187,0.31343399148277196,4.0,1.0,0.2624080526519551,0.05102593883081689,0.5294231513743709,0.15714285714285714,0.9928026290647824,0.3782850964737192,0.01500343633864481,0.15792670414059012,3,0,5,1,0.03,0.1,42,123,standard,6,49
1,Meta Winner: 5 players,3.278048780487805,0.2565234223770809,4.0,1.0,0.12415795586527296,0.13236546651180797,0.5369337979094077,0.2065427797135114,0.5287923705561794,0.6859680336885626,0.0638883599177618,0.39780299174219264,3,0,5,1,0.03,0.1,42,123,standard,6,49
2,Bully,2.0821138211382113,0.5610530391018196,2.0,0.0,0.09167634533488192,0.4693766937669377,0.3414246999612853,0.09752226093689507,0.0,1.0,0.0,1.0,3,0,5,1,0.03,0.1,42,123,standard,6,49
3,Tit For 2 Tats,2.0495934959349595,0.7140921409214093,0.0,1.0,0.4043747580332946,0.30971738288811457,0.13708865660085173,0.14881920247773905,1.0,0.547735824948703,1.0,0.0,3,0,5,1,0.03,0.1,42,123,standard,6,49
4,Random: 0.5,2.0300813008130083,0.5002710027100271,2.0,0.5,0.22288037166085944,0.2773906310491676,0.2178861788617886,0.2818428184281843,0.5077604779542629,0.49274430692652976,0.5002715564941488,0.5074731537330883,3,0,5,1,0.03,0.1,42,123,standard,6,49
5,Anti Tit For Tat,1.0853658536585367,0.7626790553619822,2.0,1.0,0.10147115756871856,0.6612078977932636,0.1383275261324042,0.09899341850561363,0.0,1.0,0.0,1.0,3,0,5,1,0.03,0.1,42,123,standard,6,49
0,"DoubleCrosser: (D, D)",2.974747474747475,0.8434343434343434,8.0,1.0,0.8181818181818181,0.025252525252525256,0.09132996632996632,0.06523569023569023,0.9552631578947367,0.875,0.0,0.0,3,0,5,1,0.01,0.06,48,22,standard,10,50
1,Evolved HMM 5,2.9393939393939394,0.898989898989899,1.0,1.0,0.8787878787878787,0.0202020202020202,0.05050505050505049,0.0505050505050505,1.0,0.75,0.0,0.0,3,0,5,1,0.01,0.06,48,22,standard,10,50
2,Evolved FSM 16,2.893939393939394,0.8686868686868687,1.0,1.0,0.8131313131313131,0.05555555555555555,0.08080808080808081,0.05050505050505051,1.0,0.6875,0.5625,0.1111111111111111,3,0,5,1,0.01,0.06,48,22,standard,10,50
3,Tit For Tat,2.8636363636363638,0.8838383838383839,0.0,1.0,0.7676767676767677,0.11616161616161616,0.1111111111111111,0.005050505050505051,1.0,0.0,1.0,0.0,3,0,5,1,0.01,0.06,48,22,standard,10,50
4,Soft Joss: 0.9,2.8636363636363638,0.9109848484848485,0.0,1.0,0.8126052188552189,0.09837962962962962,0.0843855218855219,0.004629629629629629,1.0,0.08814376155925452,1.0,0.0,3,0,5,1,0.01,0.06,48,22,standard,10,50
5,Cooperator,2.7878787878787876,1.0,0.0,1.0,0.9292929292929293,0.0707070707070707,0.0,0.0,1.0,1.0,0.0,0.0,3,0,5,1,0.01,0.06,48,22,standard,10,50
6,Tit For 2 Tats,2.7878787878787876,1.0,0.0,1.0,0.9292929292929293,0.0707070707070707,0.0,0.0,1.0,1.0,0.0,0.0,3,0,5,1,0.01,0.06,48,22,standard,10,50
7,Win-Stay Lose-Shift,2.7727272727272725,0.8686868686868687,0.0,1.0,0.7929292929292929,0.07575757575757576,0.06565656565656565,0.06565656565656565,1.0,0.0,0.0,1.0,3,0,5,1,0.01,0.06,48,22,standard,10,50
8,Suspicious Tit For Tat,2.7626262626262625,0.7050715488215489,7.0,0.0,0.48905723905723913,0.2160143097643098,0.24947390572390576,0.04545454545454546,1.0,0.0,1.0,0.0,3,0,5,1,0.01,0.06,48,22,standard,10,50
9,Cycler DC,2.388888888888889,0.5,3.0,0.0,0.1720328282828283,0.32796717171717177,0.34343434343434337,0.15656565656565657,0.0,0.0,1.0,1.0,3,0,5,1,0.01,0.06,48,22,standard,10,50
0,Meta Winner: 5 players,3.367368421052632,0.01368421052631579,3.0,1.0,0.00631578947368421,0.007368421052631578,0.5905263157894737,0.3957894736842105,0.6666666666666666,0.625,0.005434782608695652,0.0,3,0,5,1,0.03,0.06,88,190,standard,6,51
1,Defector,2.6042105263157893,0.0,3.0,0.0,0.0,0.0,0.4010526315789473,0.5989473684210526,0.0,0.0,0.0,0.0,3,0,5,1,0.03,0.06,88,190,standard,6,51
2,Win-Shift Lose-Stay: D,1.811578947368421,0.3642105263157895,2.0,0.0,0.16736842105263156,0.19684210526315787,0.16842105263157894,0.4673684210526316,0.0,1.0,1.0,0.0,3,0,5,1,0.03,0.06,88,190,standard,6,51
3,Bully,1.7294736842105263,0.6273684210526316,1.0,0.0,0.1168421052631579,0.5105263157894736,0.251578947368421,0.12105263157894737,0.0,1.0,0.0,1.0,3,0,5,1,0.03,0.06,88,190,standard,6,51
4,Suspicious Tit For Tat,1.6610526315789476,0.30105263157894735,2.0,0.0,0.25052631578947365,0.05052631578947368,0.05263157894736843,0.6463157894736842,1.0,0.0,1.0,0.0,3,0,5,1,0.03,0.06,88,190,standard,6,51
5,Cooperator,0.9031578947368422,1.0,0.0,1.0,0.30105263157894735,0.6989473684210527,0.0,0.0,1.0,1.0,0.0,0.0,3,0,5,1,0.03,0.06,88,190,standard,6,51
0,"DoubleCrosser: (D, D)",2.8077380952380953,0.6483928571428571,13.0,1.0,0.629702380952381,0.018690476190476195,0.14154761904761903,0.2100595238095238,0.9935211625103118,0.7788461538461539,0.07954545454545454,0.0,3,0,5,1,0.02,0.01,10,105,standard,17,52
1,Evolved HMM 5,2.7583333333333333,0.7007738095238095,4.0,1.0,0.6414880952380952,0.05928571428571429,0.13196428571428573,0.16726190476190475,0.9955934959349594,0.49406426846236345,0.01567246616956642,0.19947951917001738,3,0,5,1,0.02,0.01,10,105,standard,17,52
2,Evolved FSM 16,2.718452380952381,0.7042857142857143,4.0,1.0,0.5924404761904762,0.11184523809523808,0.1619047619047619,0.13380952380952382,0.9299633699633699,0.5291705070284102,0.429318021742459,0.39978020266331704,3,0,5,1,0.02,0.01,10,105,standard,17,52
3,Grudger,2.698809523809524,0.5701785714285714,4.0,1.0,0.5654166666666667,0.004761904761904762,0.14160714285714285,0.28821428571428576,1.0,0.0,0.0,0.0,3,0,5,1,0.02,0.01,10,105,standard,17,52
4,Tit For Tat,2.5342261904761907,0.7180357142857143,0.0,1.0,0.6069642857142857,0.11107142857142856,0.1074404761904762,0.17452380952380953,1.0,0.0,1.0,0.0,3,0,5,1,0.02,0.01,10,105,standard,17,52
5,Soft Joss: 0.9,2.525892857142857,0.7648809523809523,0.0,1.0,0.6571428571428571,0.10773809523809524,0.07964285714285715,0.1554761904761905,1.0,0.0817272287034405,1.0,0.10314738242876857,3,0,5,1,0.02,0.01,10,105,standard,17,52
6,GTFT: 0.33,2.4544642857142858,0.83125,0.0,1.0,0.6911309523809523,0.14011904761904764,0.053154761904761906,0.1155952380952381,1.0,0.341721656188882,1.0,0.3177796855027028,3,0,5,1,0.02,0.01,10,105,standard,17,52
7,Tit For 2 Tats,2.4357142857142855,0.8263095238095238,0.0,1.0,0.7235714285714285,0.10273809523809523,0.024642857142857143,0.14904761904761904,1.0,0.7398548026805659,1.0,0.0,3,0,5,1,0.02,0.01,10,105,standard,17,52
8,Win-Stay Lose-Shift,2.364583333333333,0.7830357142857143,0.0,1.0,0.6281547619047619,0.15488095238095237,0.06422619047619048,0.15273809523809523,1.0,0.0,0.0,1.0,3,0,5,1,0.02,0.01,10,105,standard,17,52
9,Suspicious Tit For Tat,2.3377976190476186,0.5738690476190477,9.5,0.0,0.41017857142857145,0.16369047619047622,0.16916666666666663,0.2569642857142857,1.0,0.0,1.0,0.0,3,0,5,1,0.02,0.01,10,105,standard,17,52
10,Defector,2.335714285714286,0.0,15.0,0.0,0.0,0.0,0.3348809523809524,0.6651190476190477,0.0,0.0,0.0,0.0,3,0,5,1,0.02,0.01,10,105,standard,17,52
11,Meta Winner: 15 players,2.3270833333333334,0.023392857142857142,14.0,1.0,0.01761904761904762,0.005773809523809524,0.325297619047619,0.6513095238095238,0.5855147750799925,0.5112698412698412,0.020697261881746403,0.0020989713167947075,3,0,5,1,0.02,0.01,10,105,standard,17,52
12,Cooperator,2.2160714285714285,1.0,0.0,1.0,0.7392261904761905,0.2607738095238095,0.0,0.0,1.0,1.0,0.0,0.0,3,0,5,1,0.02,0.01,10,105,standard,17,52
13,Meta Mixer: 15 players,1.9985119047619049,0.44476190476190475,8.0,0.725,0.22273809523809524,0.22202380952380954,0.2006547619047619,0.3545833333333333,0.6237944162803852,0.325555125867564,0.624853995983015,0.32426785184583623,3,0,5,1,0.02,0.01,10,105,standard,17,52
14,Cycler DC,1.9363095238095238,0.49523809523809526,8.0,0.0,0.15113095238095237,0.3441071428571429,0.24333333333333332,0.2614285714285714,0.0,0.0,1.0,1.0,3,0,5,1,0.02,0.01,10,105,standard,17,52
15,Random: 0.5,1.881547619047619,0.5072619047619048,6.0,0.4,0.20000000000000004,0.30726190476190474,0.1960714285714286,0.2966666666666667,0.4860175737551745,0.5021654060741031,0.5251162338008638,0.5084442970173803,3,0,5,1,0.02,0.01,10,105,standard,17,52
16,Anti Tit For Tat,1.6952380952380952,0.6316071428571428,5.5,1.0,0.1611904761904762,0.47041666666666665,0.20964285714285713,0.15875,0.0,1.0,0.0,1.0,3,0,5,1,0.02,0.01,10,105,standard,17,52
0,Grudger,2.948717948717949,0.4265328874024526,4.0,1.0,0.41114827201783727,0.015384615384615382,0.28542363433667783,0.2880434782608695,1.0,0.0,0.0,0.0,3,0,5,1,0.04,0.05,92,39,standard,11,53
1,Evolved FSM 16,2.81025641025641,0.5576086956521739,4.0,1.0,0.42360646599777035,0.1340022296544036,0.27304905239687843,0.1693422519509476,0.9285263668560536,0.4446441716981113,0.06758959615126599,0.41512137690462736,3,0,5,1,0.04,0.05,92,39,standard,11,53
2,Defector,2.7282051282051283,0.0,10.0,0.0,0.0,0.0,0.4309921962095875,0.5690078037904126,0.0,0.0,0.0,0.0,3,0,5,1,0.04,0.05,92,39,standard,11,53
3,Meta Winner: 10 players,2.617948717948718,0.0729375696767001,8.0,1.0,0.039325529542920845,0.03361204013377926,0.3914715719063545,0.5355908584169453,0.4790614657831761,0.38279909529653366,0.01114680003034865,0.03358215203539981,3,0,5,1,0.04,0.05,92,39,standard,11,53
4,Tit For Tat,2.323076923076923,0.6159141583054627,0.0,1.0,0.48076923076923084,0.13514492753623186,0.12360646599777034,0.26047937569676705,1.0,0.0,1.0,0.0,3,0,5,1,0.04,0.05,92,39,standard,11,53
5,Soft Joss: 0.9,2.258974358974359,0.6498327759197324,0.0,1.0,0.48871237458193983,0.16112040133779262,0.11036789297658862,0.23979933110367896,1.0,0.10439187426598118,1.0,0.10286259543790581,3,0,5,1,0.04,0.05,92,39,standard,11,53
6,Win-Stay Lose-Shift,2.0307692307692307,0.7385451505016722,0.0,1.0,0.5231326644370122,0.21541248606465996,0.0503623188405797,0.21109253065774802,1.0,0.0,0.0,1.0,3,0,5,1,0.04,0.05,92,39,standard,11,53
7,Bully,1.7551282051282053,0.6034838350055741,3.0,0.0,0.15431995540691196,0.4491638795986622,0.22405239687848386,0.17246376811594205,0.0,1.0,0.0,1.0,3,0,5,1,0.04,0.05,92,39,standard,11,53
8,Random: 0.5,1.6987179487179487,0.4973244147157191,3.0,0.4967391304347826,0.17120958751393534,0.3261148272017837,0.17003901895206242,0.3326365663322185,0.4934819662794276,0.4951119595544444,0.48843254926808055,0.49750410562176295,3,0,5,1,0.04,0.05,92,39,standard,11,53
9,Cycler DC,1.6512820512820514,0.48717948717948717,3.0,0.0,0.15732998885172797,0.32984949832775917,0.16672240802675586,0.34609810479375697,0.0,0.0,1.0,1.0,3,0,5,1,0.04,0.05,92,39,standard,11,53
10,Anti Tit For Tat,1.2730769230769232,0.7142976588628762,3.0,1.0,0.1676142697881828,0.5466833890746934,0.12040133779264213,0.16530100334448158,0.0,1.0,0.0,1.0,3,0,5,1,0.04,0.05,92,39,standard,11,53
0,"DoubleCrosser: (D, D)",2.988095238095238,0.5384335154826958,15.0,1.0,0.5078974759302628,0.030536039552432996,0.2505854800936768,0.21098100442362738,0.9913596130735558,0.7724550898203593,0.03173164097914778,0.0,3,0,5,1,0.05,0.03,61,70,standard,19,54
1,Evolved HMM 5,2.9793650793650794,0.574967473328129,7.0,1.0,0.5172651574290918,0.05770231589903721,0.25052042674993497,0.17451209992193598,0.9977729350253631,0.4787937634350552,0.01183752467835274,0.19623354749871255,3,0,5,1,0.05,0.03,61,70,standard,19,54
2,Grudger,2.945238095238095,0.4582617746552173,7.0,1.0,0.4495316159250586,0.008730158730158732,0.26428571428571435,0.27745251105906843,1.0,0.0,0.0,0.0,3,0,5,1,0.05,0.03,61,70,standard,19,54
3,Evolved FSM 16,2.9380952380952383,0.5810044236273745,7.0,1.0,0.47732240437158463,0.10368201925578974,0.27190996617226126,0.1470856102003643,0.8853057397361195,0.5225531215584132,0.1848249449916295,0.32477830061564,3,0,5,1,0.05,0.03,61,70,standard,19,54
4,Meta Winner: 17 players,2.496031746031746,0.04460057246942493,15.0,1.0,0.02599531615925059,0.01860525631017434,0.3614754098360656,0.5939240176945095,0.5457779243106529,0.3447425944214804,0.009698724672492932,0.018734985897318607,3,0,5,1,0.05,0.03,61,70,standard,19,54
5,Tit For Tat,2.4904761904761905,0.6773484257090815,0.0,1.0,0.5155997918293,0.16174863387978144,0.15525631017434297,0.16739526411657557,1.0,0.0,1.0,0.0,3,0,5,1,0.05,0.03,61,70,standard,19,54
6,Soft Joss: 0.9,2.461111111111111,0.7226645849596669,0.0,1.0,0.563791308873276,0.15887327608639082,0.1236143637782982,0.15372105126203486,1.0,0.10372779518441409,1.0,0.09578596541134464,3,0,5,1,0.05,0.03,61,70,standard,19,54
7,Win-Stay Lose-Shift,2.407936507936508,0.7074421025240697,2.0,1.0,0.5360655737704918,0.17137652875357792,0.12668488160291438,0.16587301587301587,1.0,0.0,0.0,1.0,3,0,5,1,0.05,0.03,61,70,standard,19,54
8,GTFT: 0.33,2.3492063492063493,0.7934296122820713,0.0,1.0,0.5973978662503253,0.19603174603174603,0.08762685402029664,0.11894353369763204,1.0,0.32315011931491466,1.0,0.33503197350526315,3,0,5,1,0.05,0.03,61,70,standard,19,54
9,Defector,2.304761904761905,0.0,16.0,0.0,0.0,0.0,0.32753057507155864,0.6724694249284413,0.0,0.0,0.0,0.0,3,0,5,1,0.05,0.03,61,70,standard,19,54
10,Tit For 2 Tats,2.265079365079365,0.824408014571949,0.0,1.0,0.6492844132188395,0.17512360135310956,0.03558417902680198,0.14000780640124902,1.0,0.7597835157117064,1.0,0.0,3,0,5,1,0.05,0.03,61,70,standard,19,54
11,Suspicious Tit For Tat,2.2333333333333334,0.508391881342701,10.0,0.0,0.32408274785323965,0.18430913348946135,0.19215456674473066,0.29945355191256834,1.0,0.0,1.0,0.0,3,0,5,1,0.05,0.03,61,70,standard,19,54
12,Meta Mixer: 17 players,2.011111111111111,0.4110330470986209,10.0,0.6520947176684881,0.17828519385896435,0.23274785323965652,0.22190996617226125,0.3670569867291179,0.5404189627757245,0.3489834775957126,0.505742043126808,0.34534749584859337,3,0,5,1,0.05,0.03,61,70,standard,19,54
13,Alternator,1.8873015873015875,0.5,5.0,1.0,0.15699973978662501,0.343000260213375,0.22940411137132447,0.2705958886286755,0.0,0.0,1.0,1.0,3,0,5,1,0.05,0.03,61,70,standard,19,54
14,Cycler DC,1.876984126984127,0.5,4.0,0.0,0.15114493884985683,0.34885506115014314,0.2300416341399948,0.2699583658600052,0.0,0.0,1.0,1.0,3,0,5,1,0.05,0.03,61,70,standard,19,54
15,Random: 0.5,1.849206349206349,0.4999219359875098,6.0,0.51183970856102,0.19073640385115795,0.30918553213635186,0.1938849856882644,0.3061930783242258,0.503082355534799,0.5029127467279519,0.49476886784932506,0.49623192774825614,3,0,5,1,0.05,0.03,61,70,standard,19,54
16,Bully,1.7087301587301587,0.6139994795732501,7.0,0.0,0.18386677075201666,0.43013270882123344,0.19268800416341397,0.19331251626333593,0.0,1.0,0.0,1.0,3,0,5,1,0.05,0.03,61,70,standard,19,54
17,Win-Shift Lose-Stay: D,1.6857142857142857,0.5992844132188394,8.0,0.0,0.17853239656518344,0.42075201665365597,0.18839448347645069,0.21232110330470985,0.0,1.0,1.0,0.0,3,0,5,1,0.05,0.03,61,70,standard,19,54
18,Anti Tit For Tat,1.438095238095238,0.6784803538901899,5.0,1.0,0.19175123601353108,0.48672911787665885,0.13456934686442878,0.18695029924538123,0.0,1.0,0.0,1.0,3,0,5,1,0.05,0.03,61,70,standard,19,54
0,"DoubleCrosser: (D, D)",3.0410927456382,0.5746814738292011,15.0,1.0,0.5585255968778696,0.016155876951331496,0.23489152892561987,0.1904269972451791,0.9946026824609826,0.7774971941638609,0.015163607342378291,0.0,3,0,5,1,0.06,0.08,32,121,standard,19,55
1,Evolved HMM 5,3.0009182736455466,0.6233499770431589,6.0,1.0,0.570018365472911,0.05333161157024793,0.22783230027548207,0.14881772268135904,0.9981965104898674,0.49717907312865595,0.013191783441132063,0.1988617847502498,3,0,5,1,0.06,0.08,32,121,standard,19,55
2,Grudger,2.9641873278236917,0.5069444444444444,6.0,1.0,0.5023530762167127,0.004591368227731864,0.24083161157024793,0.2522239439853077,1.0,0.0,0.0,0.0,3,0,5,1,0.06,0.08,32,121,standard,19,55
3,Evolved FSM 16,2.9584481175390267,0.625129132231405,6.0,1.0,0.5265581955922864,0.09857093663911845,0.2516069788797062,0.1232638888888889,0.9255092583103611,0.5512237186450946,0.19408670197230182,0.3796580038369045,3,0,5,1,0.06,0.08,32,121,standard,19,55
4,Meta Winner: 17 players,2.603535353535354,0.025611225895316805,15.0,1.0,0.015323691460055097,0.010287534435261708,0.38160009182736454,0.5927886822773185,0.5460474658897501,0.3375406871740037,0.013758359047751417,0.01536743905939081,3,0,5,1,0.06,0.08,32,121,standard,19,55
5,Tit For Tat,2.522727272727273,0.7023358585858586,0.0,1.0,0.5704057621671258,0.13193009641873277,0.12822830578512398,0.16943583562901743,1.0,0.0,1.0,0.0,3,0,5,1,0.06,0.08,32,121,standard,19,55
6,Soft Joss: 0.9,2.51147842056933,0.7532139577594124,0.0,1.0,0.628185261707989,0.12502869605142333,0.09475436179981635,0.15203168044077137,1.0,0.12544430286737032,1.0,0.10318814220075834,3,0,5,1,0.06,0.08,32,121,standard,19,55
7,Win-Stay Lose-Shift,2.457759412304867,0.7339302112029384,2.0,1.0,0.578756313131313,0.15517389807162532,0.11362201561065197,0.15244777318640956,1.0,0.0,0.0,1.0,3,0,5,1,0.06,0.08,32,121,standard,19,55
8,Defector,2.4095500459136825,0.0,16.0,0.0,0.0,0.0,0.3526170798898071,0.6473829201101928,0.0,0.0,0.0,0.0,3,0,5,1,0.06,0.08,32,121,standard,19,55
9,GTFT: 0.33,2.4047291092745637,0.8132891414141414,0.0,1.0,0.6474403122130394,0.1658488292011019,0.06902835169880624,0.11768250688705234,1.0,0.33462675864991265,1.0,0.3350973411151095,3,0,5,1,0.06,0.08,32,121,standard,19,55
10,Tit For 2 Tats,2.350550964187328,0.8230888429752066,0.0,1.0,0.6775711662075298,0.14551767676767677,0.035410927456381996,0.14150022956841138,1.0,0.7362317715860749,1.0,0.0,3,0,5,1,0.06,0.08,32,121,standard,19,55
11,Suspicious Tit For Tat,2.260330578512397,0.5444214876033058,10.0,0.0,0.3922176308539945,0.1522038567493113,0.15683826905417816,0.29874024334251603,1.0,0.0,1.0,0.0,3,0,5,1,0.06,0.08,32,121,standard,19,55
12,Cooperator,2.0365013774104685,1.0,0.0,1.0,0.678962924701561,0.32103707529843895,0.0,0.0,1.0,1.0,0.0,0.0,3,0,5,1,0.06,0.08,32,121,standard,19,55
13,Meta Mixer: 17 players,2.009641873278237,0.44837580348943984,10.0,0.6527777777777778,0.21120293847566576,0.2371728650137741,0.20867768595041322,0.3429465105601469,0.5623673249017535,0.37108223791709916,0.5465121769348218,0.3798335665713689,3,0,5,1,0.06,0.08,32,121,standard,19,55
14,Cycler DC,1.9494949494949494,0.49586776859504134,7.5,0.0,0.1782742194674013,0.31759354912764004,0.2277892561983471,0.27634297520661155,0.0,0.0,1.0,1.0,3,0,5,1,0.06,0.08,32,121,standard,19,55
15,Random: 0.5,1.9171258034894398,0.5020087235996327,7.0,0.515625,0.20467458677685949,0.29733413682277315,0.20229281450872363,0.2956984618916436,0.5048426825423386,0.5013283418746507,0.4958371698494498,0.5069435546320481,3,0,5,1,0.06,0.08,32,121,standard,19,55
16,Bully,1.8629476584022038,0.5925591138659321,7.5,0.0,0.15758436639118456,0.43497474747474757,0.24484905876951332,0.16259182736455466,0.0,1.0,0.0,1.0,3,0,5,1,0.06,0.08,32,121,standard,19,55
17,Win-Shift Lose-Stay: D,1.755050505050505,0.5917412764003673,8.0,0.0,0.19176136363636365,0.3999799127640037,0.1971131772268136,0.21114554637281907,0.0,1.0,1.0,0.0,3,0,5,1,0.06,0.08,32,121,standard,19,55
18,Anti Tit For Tat,1.5918273645546372,0.6519886363636364,6.0,1.0,0.16263487144168964,0.4893537649219468,0.1881026170798898,0.15990874655647383,0.0,1.0,0.0,1.0,3,0,5,1,0.06,0.08,32,121,standard,19,55
0,"DoubleCrosser: (D, D)",2.6231884057971016,0.6320332480818415,8.0,1.0,0.542572463768116,0.0894607843137255,0.15574381926683717,0.21222293265132142,0.9711448461448462,0.7906845394984562,0.018059653328416005,0.0,3,0,5,1,0.08,0.06,68,23,standard,13,56
1,Evolved FSM 16,2.5507246376811596,0.6580349531116795,3.0,1.0,0.4924872122762149,0.16554774083546459,0.18419650468883203,0.15776854219948847,0.8567403521758923,0.5062759770640205,0.35576310980910003,0.39598956817101455,3,0,5,1,0.08,0.06,68,23,standard,13,56
2,Tit For Tat,2.414855072463768,0.6586210571184996,0.0,1.0,0.49333972719522595,0.16528132992327366,0.14700554134697355,0.19437340153452687,1.0,0.0,1.0,0.0,3,0,5,1,0.08,0.06,68,23,standard,13,56
3,GTFT: 0.33,2.3315217391304346,0.7957161125319693,0.0,1.0,0.6007033248081841,0.19501278772378516,0.07933716965046887,0.1249467178175618,1.0,0.3301092621773505,1.0,0.34029065426877986,3,0,5,1,0.08,0.06,68,23,standard,13,56
4,Meta Winner: 11 players,2.320652173913044,0.09681372549019608,9.0,1.0,0.06596334185848253,0.030850383631713562,0.3142583120204604,0.5889279624893435,0.5240180800495249,0.16694951202044997,0.0718901279272757,0.005356149903470434,3,0,5,1,0.08,0.06,68,23,standard,13,56
5,Suspicious Tit For Tat,2.3134057971014492,0.5323422847399829,6.0,0.0,0.36668797953964194,0.16565430520034102,0.18734015345268545,0.28031756180733164,1.0,0.0,1.0,0.0,3,0,5,1,0.08,0.06,68,23,standard,13,56
6,Meta Mixer: 11 players,2.2771739130434785,0.542572463768116,6.0,0.6642156862745098,0.3377557544757033,0.2048167092924126,0.1999147485080989,0.2575127877237852,0.6950655043729883,0.37560330574546996,0.6916071616100287,0.3390652724443297,3,0,5,1,0.08,0.06,68,23,standard,13,56
7,Alternator,2.2391304347826084,0.5217391304347826,4.0,1.0,0.20044757033248084,0.3212915601023018,0.2912404092071611,0.18702046035805628,0.0,0.0,1.0,1.0,3,0,5,1,0.08,0.06,68,23,standard,13,56
8,Tit For 2 Tats,2.2282608695652173,0.8324808184143222,0.0,1.0,0.6699701619778347,0.16251065643648765,0.01257459505541347,0.1549445865302643,1.0,0.8154460425790249,1.0,0.0,3,0,5,1,0.08,0.06,68,23,standard,13,56
9,Defector,2.2028985507246377,0.0,10.0,0.0,0.0,0.0,0.30045822676896844,0.6995417732310315,0.0,0.0,0.0,0.0,3,0,5,1,0.08,0.06,68,23,standard,13,56
10,Random: 0.5,2.177536231884058,0.4978687127024723,5.0,0.5073529411764706,0.23635976129582273,0.2615089514066496,0.2390771526001705,0.2630541346973572,0.5143570710317366,0.49673656736039684,0.49913068512128633,0.48120960278983965,3,0,5,1,0.08,0.06,68,23,standard,13,56
11,Win-Shift Lose-Stay: D,2.108695652173913,0.4884377664109122,4.0,0.0,0.2131287297527707,0.27530903665814155,0.23875745950554136,0.2728047740835465,0.0,1.0,1.0,0.0,3,0,5,1,0.08,0.06,68,23,standard,13,56
12,Cooperator,2.0652173913043477,1.0,0.0,1.0,0.6873401534526854,0.3126598465473146,0.0,0.0,1.0,1.0,0.0,0.0,3,0,5,1,0.08,0.06,68,23,standard,13,56
0,Evolved FSM 16,3.516239316239316,0.2341880341880342,2.0,1.0,0.11452991452991453,0.11965811965811968,0.6017094017094017,0.1641025641025641,1.0,0.7423076923076923,0.33858730596123815,0.010526315789473684,3,0,5,1,0.06,0.05,66,195,standard,4,57
1,Suspicious Tit For Tat,2.056410256410256,0.38632478632478634,1.0,0.0,0.1094017094017094,0.2769230769230769,0.27863247863247864,0.335042735042735,1.0,0.0,1.0,0.0,3,0,5,1,0.06,0.05,66,195,standard,4,57
2,Cycler DC,1.7709401709401709,0.49743589743589745,0.0,0.0,0.08547008547008549,0.411965811965812,0.252991452991453,0.24957264957264957,0.0,0.0,1.0,1.0,3,0,5,1,0.06,0.05,66,195,standard,4,57
3,Win-Shift Lose-Stay: D,1.1042735042735041,0.49572649572649574,0.0,0.0,0.08376068376068375,0.411965811965812,0.08717948717948719,0.4170940170940171,0.0,1.0,1.0,0.0,3,0,5,1,0.06,0.05,66,195,standard,4,57
0,Win-Stay Lose-Shift,2.2496,0.5056,1.0,1.0,0.2544,0.2512,0.248,0.2464,1.0,0.0,0.0,1.0,3,0,5,1,0.09,0.04,99,125,standard,6,58
1,Tit For Tat,2.0368000000000004,0.44,0.0,1.0,0.27040000000000003,0.16960000000000003,0.16640000000000002,0.3936,1.0,0.0,1.0,0.0,3,0,5,1,0.09,0.04,99,125,standard,6,58
2,Meta Winner: 5 players,1.8207999999999998,0.0144,3.0,1.0,0.009600000000000001,0.0048000000000000004,0.2016,0.784,0.6666666666666666,0.0,1.0,0.0,3,0,5,1,0.09,0.04,99,125,standard,6,58
3,Defector,1.8192,0.0,4.0,0.0,0.0,0.0,0.2048,0.7952,0.0,0.0,0.0,0.0,3,0,5,1,0.09,0.04,99,125,standard,6,58
4,Alternator,1.6079999999999999,0.504,0.0,1.0,0.10400000000000001,0.4,0.2,0.296,0.0,0.0,1.0,1.0,3,0,5,1,0.09,0.04,99,125,standard,6,58
5,Win-Shift Lose-Stay: D,1.4032,0.4336,1.0,0.0,0.11680000000000001,0.3168,0.12160000000000001,0.44480000000000003,0.0,1.0,1.0,0.0,3,0,5,1,0.09,0.04,99,125,standard,6,58
0,Evolved HMM 5,3.2840336134453785,0.44866946778711486,3.0,1.0,0.4207282913165266,0.027941176470588237,0.3714985994397759,0.17983193277310922,0.9955555555555555,0.5866425992779783,0.01876675603217158,0.12521440823327615,3,0,5,1,0.04,0.02,24,119,standard,6,59
1,Win-Stay Lose-Shift,2.880672268907563,0.4703081232492997,1.0,1.0,0.30210084033613444,0.16820728291316528,0.36540616246498603,0.16428571428571428,1.0,0.0,0.0,1.0,3,0,5,1,0.04,0.02,24,119,standard,6,59
2,Suspicious Tit For Tat,2.1537815126050424,0.4631652661064426,1.0,0.0,0.24740896358543418,0.21575630252100844,0.21806722689075633,0.31876750700280115,1.0,0.0,1.0,0.0,3,0,5,1,0.04,0.02,24,119,standard,6,59
3,Random: 0.5,2.026050420168067,0.4992997198879552,1.0,0.5833333333333334,0.2213585434173669,0.27794117647058825,0.21799719887955185,0.282703081232493,0.5046155119921801,0.5028792206476119,0.4942651554925849,0.49889678610854127,3,0,5,1,0.04,0.02,24,119,standard,6,59
4,Cycler DC,1.9588235294117649,0.4957983193277311,0.0,0.0,0.14950980392156862,0.34628851540616246,0.25252100840336134,0.25168067226890756,0.0,0.0,1.0,1.0,3,0,5,1,0.04,0.02,24,119,standard,6,59
5,Win-Shift Lose-Stay: D,1.1260504201680672,0.5950280112044818,0.0,0.0,0.09992997198879552,0.4950980392156863,0.1057422969187675,0.2992296918767507,0.0,1.0,1.0,0.0,3,0,5,1,0.04,0.02,24,119,standard,6,59
0,"DoubleCrosser: (D, D)",3.031039136302294,0.5516386337952448,16.0,1.0,0.5325587263969805,0.019079907398264265,0.24564695039662945,0.20271441580812571,0.99441846752594,0.7710682578115993,0.02263271418465149,0.0,3,0,5,1,0.08,0.1,41,117,standard,20,60
1,Evolved HMM 5,2.99685110211426,0.5912906092623679,7.0,1.0,0.5398549532054026,0.05143565605696543,0.24190557695050635,0.16680381378712572,0.9979292547643832,0.47432153412482353,0.01451720352776411,0.1965320139652445,3,0,5,1,0.08,0.1,41,117,standard,20,60
2,Evolved FSM 16,2.9644624381466484,0.5932106689487947,7.0,1.0,0.4992484337798843,0.09396223516891038,0.2646171400985265,0.14217219095267875,0.8957528272224757,0.522893720762887,0.16425719313493897,0.3242028591424632,3,0,5,1,0.08,0.1,41,117,standard,20,60
3,Grudger,2.9617633828160144,0.48126570334529256,7.0,1.0,0.47631743523912967,0.004948268106162842,0.2542707613310951,0.2644635353236124,1.0,0.0,0.0,0.0,3,0,5,1,0.08,0.1,41,117,standard,20,60
4,Meta Winner: 18 players,2.638326585695007,0.026398077745959647,16.0,1.0,0.015920037742887555,0.010478040003072096,0.39766081871345027,0.57594110354059,0.5410607020788594,0.3860132391550432,0.013154011471072197,0.011506812529035406,3,0,5,1,0.08,0.1,41,117,standard,20,60
5,Tit For Tat,2.526315789473684,0.6944252438475802,0.0,1.0,0.5438486773531703,0.15057656649440987,0.14735086622121282,0.158223889931207,1.0,0.0,1.0,0.0,3,0,5,1,0.08,0.1,41,117,standard,20,60
6,Soft Joss: 0.9,2.499775078722447,0.7404957045521873,0.0,1.0,0.5943627047606509,0.1461329997915364,0.11405154537375335,0.14545275007405947,1.0,0.10415104359244697,1.0,0.09943035256609241,3,0,5,1,0.08,0.1,41,117,standard,20,60
7,Defector,2.4484930274403958,0.0,17.0,0.0,0.0,0.0,0.36209034155118874,0.6379096584488112,0.0,0.0,0.0,0.0,3,0,5,1,0.08,0.1,41,117,standard,20,60
8,Win-Stay Lose-Shift,2.440395861448493,0.7208013780542664,1.0,1.0,0.5603941059653511,0.16040727208891523,0.12073335308251869,0.15846526886321496,1.0,0.0,0.0,1.0,3,0,5,1,0.08,0.1,41,117,standard,20,60
9,GTFT: 0.33,2.3913630229419702,0.8052181736392263,0.0,1.0,0.6211777097528061,0.18404046388642023,0.0837036305585728,0.11107819580220095,1.0,0.34078548564355576,1.0,0.3304818777538424,3,0,5,1,0.08,0.1,41,117,standard,20,60
10,Tit For 2 Tats,2.303643724696356,0.8325378800346708,0.0,1.0,0.6682685450336285,0.1642693350010423,0.03289336537090067,0.13456875459442855,1.0,0.7636939525484311,1.0,0.0,3,0,5,1,0.08,0.1,41,117,standard,20,60
11,Suspicious Tit For Tat,2.2730544309491676,0.5414129444938174,10.0,0.0,0.36984738268435313,0.17156556180946425,0.17609690266943157,0.282490152836751,1.0,0.0,1.0,0.0,3,0,5,1,0.08,0.1,41,117,standard,20,60
12,Meta Mixer: 18 players,2.0287899235267655,0.45132374400667086,11.0,0.675224646983312,0.20954982829180518,0.24177391571486562,0.21585859583292188,0.33281766016040726,0.5585923919415791,0.38077059219846976,0.5476776017797005,0.38144008878232943,3,0,5,1,0.08,0.1,41,117,standard,20,60
13,Cooperator,2.00944669365722,1.0,0.0,1.0,0.6696619597774924,0.3303380402225075,0.0,0.0,1.0,1.0,0.0,0.0,3,0,5,1,0.08,0.1,41,117,standard,20,60
14,Cycler DC,1.9851551956815114,0.49572649572649574,9.0,0.0,0.16841666392372423,0.3273098318027715,0.24390243902439024,0.260371065249114,0.0,0.0,1.0,1.0,3,0,5,1,0.08,0.1,41,117,standard,20,60
15,Alternator,1.9694107062528117,0.5042735042735043,4.0,1.0,0.17369408511898884,0.33057941915451544,0.23794476811164875,0.25778172761484697,0.0,0.0,1.0,1.0,3,0,5,1,0.08,0.1,41,117,standard,20,60
16,Random: 0.5,1.9433198380566803,0.49878761945514194,8.0,0.5070603337612324,0.20675202703444043,0.29203559242070154,0.20580845484568205,0.295403925699176,0.4887136444447599,0.49739639730714225,0.49551815920017056,0.5016535158570812,3,0,5,1,0.08,0.1,41,117,standard,20,60
17,Bully,1.8722447143499776,0.5869348167165882,9.0,0.0,0.17543859649122814,0.41149622022536014,0.23313913301076333,0.1799260502726485,0.0,1.0,0.0,1.0,3,0,5,1,0.08,0.1,41,117,standard,20,60
18,Win-Shift Lose-Stay: D,1.7854251012145752,0.5956793171170578,8.0,0.0,0.19550596315679758,0.40017335396026027,0.20058589249860112,0.20373479038434109,0.0,1.0,1.0,0.0,3,0,5,1,0.08,0.1,41,117,standard,20,60
19,Anti Tit For Tat,1.6041385515069724,0.6452388005661434,5.0,1.0,0.18040880813666435,0.46482999242947887,0.1771721360938306,0.1775890633400261,0.0,1.0,0.0,1.0,3,0,5,1,0.08,0.1,41,117,standard,20,60
0,"DoubleCrosser: (D, D)",2.9181701030927836,0.5909320762103615,13.0,1.0,0.570199334464309,0.020732741746052465,0.19956283439906045,0.20950508939057813,0.9934784798744469,0.7789902998236331,0.03559870550161812,0.0,3,0,5,1,0.03,0.06,79,97,standard,17,61
1,Evolved HMM 5,2.8795103092783507,0.6402437035103745,5.0,1.0,0.5816423071903954,0.05860139631997913,0.19388620644656143,0.1658700900430641,0.9977513901532428,0.4652645994983631,0.017312570088840067,0.19293391483803365,3,0,5,1,0.03,0.06,79,97,standard,17,61
2,Evolved FSM 16,2.8311855670103094,0.6468501239723345,5.0,1.0,0.5331625995041106,0.11368752446822394,0.219431032232807,0.1337188437948584,0.8884366784340278,0.5387416891333395,0.27782689145976,0.40278510007095064,3,0,5,1,0.03,0.06,79,97,standard,17,61
3,Tit For Tat,2.5161082474226806,0.6994160250554613,0.0,1.0,0.5671652746965941,0.13225075035886727,0.12839292705206837,0.1721910478924703,1.0,0.0,1.0,0.0,3,0,5,1,0.03,0.06,79,97,standard,17,61
4,Soft Joss: 0.9,2.5032216494845363,0.7511336943755709,0.0,1.0,0.6266149027795903,0.12451879159598069,0.09394166775414328,0.1549246378702858,1.0,0.09819561901115859,1.0,0.09535824453968553,3,0,5,1,0.03,0.06,79,97,standard,17,61
5,Win-Stay Lose-Shift,2.493556701030928,0.7216494845360825,2.0,1.0,0.5680950672060551,0.15355441733002742,0.1278709382748271,0.15047957718909044,1.0,0.0,0.0,1.0,3,0,5,1,0.03,0.06,79,97,standard,17,61
6,GTFT: 0.33,2.4143041237113403,0.815493279394493,0.0,1.0,0.6528529949106094,0.16264028448388357,0.06769541954847971,0.11681130105702729,1.0,0.32862464430784105,1.0,0.33275608470954776,3,0,5,1,0.03,0.06,79,97,standard,17,61
7,Meta Winner: 15 players,2.364046391752577,0.02308169124363826,13.0,1.0,0.016850450215320372,0.006231241028317892,0.35101298447083384,0.6259053242855279,0.5540087967223178,0.16011907291966623,0.04241300475479418,0.006749621360478742,3,0,5,1,0.03,0.06,79,97,standard,17,61
8,Tit For 2 Tats,2.3537371134020617,0.8307614511288007,0.0,1.0,0.6959089129583713,0.13485253817042933,0.024419287485319057,0.1448192613858802,1.0,0.7718853288353722,1.0,0.0,3,0,5,1,0.03,0.06,79,97,standard,17,61
9,Suspicious Tit For Tat,2.3402061855670104,0.5778823567793292,11.0,0.0,0.42036408717212587,0.15751826960720344,0.16454064987602768,0.2575769933446431,1.0,0.0,1.0,0.0,3,0,5,1,0.03,0.06,79,97,standard,17,61
10,Defector,2.3350515463917527,0.0,14.0,0.0,0.0,0.0,0.33452140153986687,0.6654785984601331,0.0,0.0,0.0,0.0,3,0,5,1,0.03,0.06,79,97,standard,17,61
11,Cooperator,2.1127577319587627,1.0,0.0,1.0,0.7042933576928097,0.2957066423071904,0.0,0.0,1.0,1.0,0.0,0.0,3,0,5,1,0.03,0.06,79,97,standard,17,61
12,Meta Mixer: 15 players,2.0927835051546393,0.47618426203836617,8.0,0.7626582278481012,0.2487521205794075,0.22743214145895863,0.20822458567140806,0.3155911522902258,0.6250423595900898,0.3573355108343022,0.6090301093623803,0.3516950259782279,3,0,5,1,0.03,0.06,79,97,standard,17,61
13,Alternator,2.0393041237113403,0.5051546391752577,5.0,1.0,0.17717440950019575,0.32798022967506196,0.2531808691113141,0.24166449171342813,0.0,0.0,1.0,1.0,3,0,5,1,0.03,0.06,79,97,standard,17,61
14,Random: 0.5,1.9987113402061856,0.5006769541954847,7.0,0.5189873417721519,0.21546717995563097,0.2852097742398539,0.21360759493670886,0.2857154508678063,0.4939138388065853,0.500431402998915,0.5056860983827047,0.5022854326561828,3,0,5,1,0.03,0.06,79,97,standard,17,61
15,Win-Shift Lose-Stay: D,1.8460051546391751,0.5646695158554091,8.0,0.0,0.19663480360172256,0.3680347122536866,0.20421179694636563,0.23111868719822526,0.0,1.0,1.0,0.0,3,0,5,1,0.03,0.06,79,97,standard,17,61
16,Anti Tit For Tat,1.7835051546391754,0.6100662273261125,5.0,1.0,0.18404182435077648,0.426024402975336,0.21047566227326114,0.1794581104006264,0.0,1.0,0.0,1.0,3,0,5,1,0.03,0.06,79,97,standard,17,61
0,Grudger,2.6658823529411766,0.6141176470588235,2.0,1.0,0.6094117647058823,0.004705882352941176,0.11388235294117648,0.272,1.0,0.0,0.0,0.0,3,0,5,1,0.1,0.01,85,85,standard,6,62
1,Evolved HMM 5,2.616470588235294,0.6655778546712803,1.0,1.0,0.6106297577854671,0.05494809688581316,0.1130795847750865,0.22134256055363322,1.0,0.36481826984389387,0.0,0.2055741360089186,3,0,5,1,0.1,0.01,85,85,standard,6,62
2,Soft Joss: 0.9,2.5223529411764707,0.7539653979238754,0.0,1.0,0.6204013840830449,0.13356401384083044,0.10397231833910033,0.1420622837370242,1.0,0.1006530702168508,1.0,0.10265031645569621,3,0,5,1,0.1,0.01,85,85,standard,6,62
3,Cooperator,2.4141176470588235,1.0,0.0,1.0,0.8047058823529412,0.19529411764705884,0.0,0.0,1.0,1.0,0.0,0.0,3,0,5,1,0.1,0.01,85,85,standard,6,62
4,Meta Winner: 5 players,2.3388235294117647,0.1805674740484429,4.0,1.0,0.131681660899654,0.048885813148788926,0.2817993079584775,0.5376332179930796,0.5648811041481928,0.19815107688788505,0.6139006036045382,0.06144948755718366,3,0,5,1,0.1,0.01,85,85,standard,6,62
5,Alternator,1.6894117647058824,0.5058823529411764,2.0,1.0,0.122878892733564,0.3830034602076125,0.20766782006920415,0.2864498269896194,0.0,0.0,1.0,1.0,3,0,5,1,0.1,0.01,85,85,standard,6,62
0,Evolved HMM 5,2.885294117647059,0.5917849898580122,7.0,1.0,0.5046653144016228,0.08711967545638945,0.24006085192697774,0.16815415821501012,1.0,0.4587776657687882,0.027777777777777776,0.1906040693923431,3,0,5,1,0.01,0.09,29,20,standard,18,63
1,Evolved FSM 16,2.85,0.5917849898580122,6.0,1.0,0.47048681541582144,0.12129817444219067,0.25669371196754565,0.15152129817444218,0.8839120649465477,0.4720096680298936,0.2625404002283701,0.30475494291283767,3,0,5,1,0.01,0.09,29,20,standard,18,63
2,"DoubleCrosser: (D, D)",2.761764705882353,0.6021298174442191,13.0,1.0,0.4940162271805275,0.10811359026369168,0.22008113590263687,0.17778904665314393,0.9689829148033483,0.7761467889908257,0.012345679012345678,0.0,3,0,5,1,0.01,0.09,29,20,standard,18,63
3,Meta Winner: 16 players,2.573529411764706,0.1563894523326572,15.0,1.0,0.09219066937119676,0.06419878296146045,0.35811359026369166,0.4854969574036512,0.5488975332682593,0.4002371650660887,0.02277636212361132,0.0726610281526828,3,0,5,1,0.01,0.09,29,20,standard,18,63
4,Tit For Tat,2.4735294117647055,0.675659229208925,0.0,1.0,0.4953346855983773,0.18032454361054764,0.1656186612576065,0.15872210953346855,1.0,0.0,1.0,0.0,3,0,5,1,0.01,0.09,29,20,standard,18,63
5,Defector,2.4705882352941178,0.0,15.0,0.0,0.0,0.0,0.36612576064908725,0.6338742393509128,0.0,0.0,0.0,0.0,3,0,5,1,0.01,0.09,29,20,standard,18,63
6,Soft Joss: 0.9,2.4205882352941175,0.7092292089249493,0.0,1.0,0.5230223123732252,0.18620689655172412,0.14178498985801216,0.14898580121703853,1.0,0.07435450027377312,1.0,0.08987164073049235,3,0,5,1,0.01,0.09,29,20,standard,18,63
7,Win-Stay Lose-Shift,2.376470588235294,0.6966531440162271,2.0,1.0,0.5134888438133873,0.18316430020283977,0.13377281947261666,0.16957403651115618,1.0,0.0,0.0,1.0,3,0,5,1,0.01,0.09,29,20,standard,18,63
8,Suspicious Tit For Tat,2.317647058823529,0.5175456389452333,6.0,0.0,0.30253549695740356,0.21501014198782964,0.231947261663286,0.25050709939148075,1.0,0.0,1.0,0.0,3,0,5,1,0.01,0.09,29,20,standard,18,63
9,GTFT: 0.33,2.2911764705882356,0.7960446247464503,0.0,1.0,0.5693711967545639,0.22667342799188642,0.09594320486815415,0.10801217038539554,1.0,0.3480502846481408,1.0,0.3663533516452908,3,0,5,1,0.01,0.09,29,20,standard,18,63
10,Tit For 2 Tats,2.211764705882353,0.8390466531440163,0.0,1.0,0.6335699797160244,0.20547667342799186,0.03782961460446248,0.12312373225152132,1.0,0.7662235613848517,1.0,0.0,3,0,5,1,0.01,0.09,29,20,standard,18,63
11,Meta Mixer: 16 players,2.2058823529411766,0.48498985801217037,9.0,0.6470588235294118,0.24847870182555784,0.23651115618661253,0.2300202839756593,0.2849898580121704,0.5891724523230493,0.3977335769843377,0.5689516465270152,0.38080702058194776,3,0,5,1,0.01,0.09,29,20,standard,18,63
12,Alternator,2.1294117647058823,0.5,5.0,1.0,0.1931034482758621,0.30689655172413793,0.2620689655172414,0.23793103448275865,0.0,0.0,1.0,1.0,3,0,5,1,0.01,0.09,29,20,standard,18,63
13,Random: 0.5,2.091176470588235,0.5088235294117647,6.0,0.5294117647058824,0.23144016227180525,0.27738336713995937,0.2257606490872211,0.2654158215010143,0.5165135165208813,0.504876345633773,0.5137391604948258,0.5133383500047861,3,0,5,1,0.01,0.09,29,20,standard,18,63
14,Cycler DC,2.073529411764706,0.5,4.0,0.0,0.17565922920892496,0.32434077079107504,0.26399594320486813,0.23600405679513184,0.0,0.0,1.0,1.0,3,0,5,1,0.01,0.09,29,20,standard,18,63
15,Win-Shift Lose-Stay: D,1.9441176470588233,0.5484787018255578,5.0,0.0,0.19929006085192694,0.34918864097363084,0.22636916835699794,0.2251521298174442,0.0,1.0,1.0,0.0,3,0,5,1,0.01,0.09,29,20,standard,18,63
16,Bully,1.9441176470588233,0.5495943204868154,6.0,0.0,0.18955375253549692,0.36004056795131845,0.23245436105476672,0.21795131845841784,0.0,1.0,0.0,1.0,3,0,5,1,0.01,0.09,29,20,standard,18,63
17,Anti Tit For Tat,1.6588235294117646,0.6354969574036511,4.0,1.0,0.2143002028397566,0.4211967545638945,0.16450304259634888,0.19999999999999998,0.0,1.0,0.0,1.0,3,0,5,1,0.01,0.09,29,20,standard,18,63
0,Defector,3.0246153846153847,0.0,5.0,0.0,0.0,0.0,0.5074592074592075,0.4925407925407925,0.0,0.0,0.0,0.0,3,0,5,1,0.07,0.04,22,195,standard,6,64
1,Soft Joss: 0.9,2.0887179487179486,0.5318414918414919,0.0,1.0,0.2987878787878788,0.23305361305361302,0.1812121212121212,0.28694638694638697,1.0,0.09374314075245134,1.0,0.09328429764644199,3,0,5,1,0.07,0.04,22,195,standard,6,64
2,Meta Mixer: 5 players,2.0666666666666664,0.4194871794871795,4.0,0.7909090909090909,0.18634032634032632,0.23314685314685316,0.23118881118881118,0.34932400932400937,0.38141040804581683,0.39230245632309513,0.3886617313937205,0.479026588957845,3,0,5,1,0.07,0.04,22,195,standard,6,64
3,Anti Tit For Tat,1.8548717948717948,0.5795804195804196,2.0,1.0,0.26797202797202796,0.3116083916083916,0.15468531468531468,0.26573426573426573,0.0,1.0,0.0,1.0,3,0,5,1,0.07,0.04,22,195,standard,6,64
4,Alternator,1.8533333333333333,0.5025641025641026,1.0,1.0,0.21263403263403263,0.2899300699300699,0.17897435897435898,0.31846153846153846,0.0,0.0,1.0,1.0,3,0,5,1,0.07,0.04,22,195,standard,6,64
5,Win-Stay Lose-Shift,1.8061538461538462,0.6385547785547786,0.0,1.0,0.3636829836829837,0.27487179487179486,0.08909090909090908,0.27235431235431234,1.0,0.0,0.0,1.0,3,0,5,1,0.07,0.04,22,195,standard,6,64
0,"DoubleCrosser: (D, D)",3.1681681681681684,0.35972814920183344,5.0,1.0,0.33570412517780945,0.024024024024024027,0.37890522101048424,0.26136662978768244,0.9954128440366973,0.75,0.0,0.0,3,0,5,1,0.08,0.03,57,111,standard,7,65
1,Evolved HMM 5,3.0915915915915915,0.4298245614035088,3.0,1.0,0.3443970286075549,0.08542753279595387,0.37224066171434594,0.19793477688214525,0.992600422832981,0.4166604823971192,0.022502744237102086,0.197515403473122,3,0,5,1,0.08,0.03,57,111,standard,7,65
2,Defector,2.837837837837838,0.0,6.0,0.0,0.0,0.0,0.4584321163268532,0.5415678836731468,0.0,0.0,0.0,0.0,3,0,5,1,0.08,0.03,57,111,standard,7,65
3,Tit For Tat,2.2162162162162162,0.557504873294347,0.0,1.0,0.4337758811443022,0.12372899215004478,0.11824982877614458,0.32424529792950846,1.0,0.0,1.0,0.0,3,0,5,1,0.08,0.03,57,111,standard,7,65
4,Meta Mixer: 6 players,2.036036036036036,0.3261682735366946,3.0,0.6432748538011696,0.09517412148991096,0.23099415204678364,0.26861071597913705,0.4052210104841684,0.313095187035477,0.4046745703161057,0.27748647712430163,0.37056498738752275,3,0,5,1,0.08,0.03,57,111,standard,7,65
5,Bully,1.4279279279279278,0.6954849586428534,1.0,0.0,0.06762025183077815,0.6278647068120752,0.22962436120330856,0.07489068015383805,0.0,1.0,0.0,1.0,3,0,5,1,0.08,0.03,57,111,standard,7,65
6,Anti Tit For Tat,0.5870870870870871,0.8672356567093409,1.0,1.0,0.07283599388862548,0.7943996628207155,0.06037616563932355,0.07238817765133555,0.0,1.0,0.0,1.0,3,0,5,1,0.08,0.03,57,111,standard,7,65
0,Grudger,2.955407969639469,0.5424988751736145,6.0,1.0,0.5339599757428746,0.008538899430740036,0.22407519708914495,0.23342592773724058,1.0,0.0,0.0,0.0,3,0,5,1,0.06,0.04,97,62,standard,18,66
1,"DoubleCrosser: (D, D)",2.8956356736242883,0.5750405915608677,15.0,1.0,0.542586905064653,0.03245368649621471,0.21054793716622,0.21441147127291224,0.9897827031725334,0.7465739202657807,0.0520471894517696,0.0,3,0,5,1,0.06,0.04,97,62,standard,18,66
2,Evolved HMM 5,2.871916508538899,0.6095678710459908,6.0,1.0,0.5492967389815919,0.060271132064398755,0.20838631428627322,0.18204581466773606,0.9980667009602194,0.4372405359665803,0.01483925596235957,0.1944601893283257,3,0,5,1,0.06,0.04,97,62,standard,18,66
3,Evolved FSM 16,2.844402277039848,0.6392926309200102,6.0,1.0,0.5487098730413349,0.09058275787867523,0.20872865275142316,0.15197871632856666,0.8895871214072152,0.4596467727044388,0.0670791378213438,0.33073395763625474,3,0,5,1,0.06,0.04,97,62,standard,18,66
4,Meta Winner: 16 players,2.5910815939278935,0.049854261624836166,15.0,1.0,0.03074199417046499,0.019112267454371175,0.3823333789784621,0.5678123593967017,0.5136029392283276,0.3068647867199616,0.014441001474197397,0.018207223110221448,3,0,5,1,0.06,0.04,97,62,standard,18,66
5,Tit For Tat,2.5398481973434537,0.7180402590035017,0.0,1.0,0.5911207183239109,0.12691954067959074,0.12108022457403314,0.16087951642246523,1.0,0.0,1.0,0.0,3,0,5,1,0.06,0.04,97,62,standard,18,66
6,Win-Stay Lose-Shift,2.532258064516129,0.7485279445998553,2.0,1.0,0.6073866859680352,0.14114125863181987,0.11488878890432129,0.13658326649582347,1.0,0.0,0.0,1.0,3,0,5,1,0.06,0.04,97,62,standard,18,66
7,Soft Joss: 0.9,2.501897533206831,0.7465521626009899,0.0,1.0,0.6027700072380133,0.14378215536297662,0.10957765214499503,0.14387018525401515,1.0,0.09733822170459737,1.0,0.09894995177206714,3,0,5,1,0.06,0.04,97,62,standard,18,66
8,GTFT: 0.33,2.396584440227704,0.8070776032395,0.0,1.0,0.6248068232946654,0.18227077994483465,0.08220035603200378,0.11072204072849627,1.0,0.3293807726778612,1.0,0.3230949881092904,3,0,5,1,0.06,0.04,97,62,standard,18,66
9,Defector,2.396584440227704,0.0,16.0,0.0,0.0,0.0,0.3486472740077075,0.6513527259922924,0.0,0.0,0.0,0.0,3,0,5,1,0.06,0.04,97,62,standard,18,66
10,Tit For 2 Tats,2.2988614800759013,0.8422797785559185,0.0,1.0,0.6811752968563548,0.16110448169956376,0.02451143410473601,0.13320878733934544,1.0,0.7671343320951935,1.0,0.0,3,0,5,1,0.06,0.04,97,62,standard,18,66
11,Meta Mixer: 16 players,2.0777988614800758,0.4643381130303801,10.0,0.7246816252274105,0.23286840509399634,0.23146970793638375,0.21083158903734422,0.3248302979322757,0.5931426190903589,0.373379359398854,0.5614038453187192,0.3689113478357853,3,0,5,1,0.06,0.04,97,62,standard,18,66
12,Cooperator,2.0721062618595827,1.0,0.0,1.0,0.6906727439895147,0.30932725601048533,0.0,0.0,1.0,1.0,0.0,0.0,3,0,5,1,0.06,0.04,97,62,standard,18,66
13,Alternator,1.9876660341555976,0.5,7.0,1.0,0.16874352002190965,0.3312564799780904,0.24488937577026149,0.25511062422973846,0.0,0.0,1.0,1.0,3,0,5,1,0.06,0.04,97,62,standard,18,66
14,Cycler DC,1.96584440227704,0.5,4.0,0.0,0.16209237269899646,0.33790762730100354,0.2451632465423815,0.2548367534576185,0.0,0.0,1.0,1.0,3,0,5,1,0.06,0.04,97,62,standard,18,66
15,Random: 0.5,1.9487666034155595,0.5000586865940257,7.0,0.5106124924196482,0.20768207515796477,0.292376611436061,0.20655724877247203,0.2933840646335022,0.5038833567731842,0.4972363964205786,0.5029142748353232,0.5017065737984912,3,0,5,1,0.06,0.04,97,62,standard,18,66
16,Win-Shift Lose-Stay: D,1.7988614800759013,0.6422465228193039,7.0,0.0,0.19961266847943038,0.4426338543398736,0.21096852442340422,0.1467849527572918,0.0,1.0,1.0,0.0,3,0,5,1,0.06,0.04,97,62,standard,18,66
17,Bully,1.698292220113852,0.6153778438545355,8.0,0.0,0.1793168880455408,0.4360609558089947,0.19382225786889415,0.19079989827657035,0.0,1.0,0.0,1.0,3,0,5,1,0.06,0.04,97,62,standard,18,66
0,Cycler DC,2.346955128205128,0.5,3.0,0.0,0.19499434389140272,0.3050056561085973,0.31572869532428355,0.18427130467571645,0.0,0.0,1.0,1.0,3,0,5,1,0.1,0.07,68,78,standard,9,67
1,Tit For Tat,2.344551282051282,0.6327064479638009,0.0,1.0,0.5352092760180995,0.09749717194570136,0.0934907616892911,0.273802790346908,1.0,0.0,1.0,0.0,3,0,5,1,0.1,0.07,68,78,standard,9,67
2,Defector,2.3397435897435894,0.0,8.0,0.0,0.0,0.0,0.3345352564102564,0.6654647435897436,0.0,0.0,0.0,0.0,3,0,5,1,0.1,0.07,68,78,standard,9,67
3,Meta Winner: 8 players,2.326923076923077,0.028634049773755655,7.0,1.0,0.020809766214177978,0.007824283559577677,0.32411858974358976,0.6472473604826546,0.44503217087285096,0.650953490953491,0.021624965736471925,0.0014100142107825472,3,0,5,1,0.1,0.07,68,78,standard,9,67
4,Soft Joss: 0.9,2.301282051282051,0.6700367647058824,0.0,1.0,0.5449660633484162,0.12507070135746606,0.08399321266968326,0.2459700226244344,1.0,0.11024068390841989,1.0,0.10070395361840545,3,0,5,1,0.1,0.07,68,78,standard,9,67
5,Win-Stay Lose-Shift,2.1939102564102564,0.7514847285067874,0.0,1.0,0.5641496983408748,0.18733503016591252,0.06405542986425339,0.1844598416289593,1.0,0.0,0.0,1.0,3,0,5,1,0.1,0.07,68,78,standard,9,67
6,Random: 0.5,2.178685897435898,0.5029458898944194,4.0,0.48713235294117646,0.24040818250377072,0.2625377073906486,0.2411387631975867,0.25591534690799395,0.5015265565016889,0.5083174157077809,0.5262818989581125,0.5004845345983334,3,0,5,1,0.1,0.07,68,78,standard,9,67
7,Tit For 2 Tats,2.172275641025641,0.729850113122172,0.0,1.0,0.6136170814479638,0.11623303167420815,0.015507164404223228,0.2546427224736048,1.0,0.6716920614946931,1.0,0.0,3,0,5,1,0.1,0.07,68,78,standard,9,67
8,Cooperator,1.8846153846153846,1.0,0.0,1.0,0.6289357088989442,0.3710642911010558,0.0,0.0,1.0,1.0,0.0,0.0,3,0,5,1,0.1,0.07,68,78,standard,9,67
0,"DoubleCrosser: (D, D)",2.9049019607843136,0.5375782227784731,9.0,1.0,0.5138089278264497,0.023769294952023363,0.22425949103045467,0.23816228619107216,0.9938738064775734,0.7427073712588304,0.019204618831207238,0.0,3,0,5,1,0.1,0.03,94,102,standard,11,68
1,Evolved HMM 5,2.8558823529411765,0.5826554025865666,4.0,1.0,0.5240926157697121,0.058562786816854395,0.21642678347934918,0.20091781393408428,0.9947228489123598,0.3395274029930073,0.015198682295804952,0.17528599701191927,3,0,5,1,0.1,0.03,94,102,standard,11,68
2,Defector,2.756862745098039,0.0,10.0,0.0,0.0,0.0,0.4391948268669171,0.560805173133083,0.0,0.0,0.0,0.0,3,0,5,1,0.1,0.03,94,102,standard,11,68
3,Soft Joss: 0.9,2.4647058823529413,0.7304338756779307,0.0,1.0,0.5852523988318732,0.1451814768460576,0.11011681268251983,0.15944931163954945,1.0,0.10063957420432,1.0,0.10082966697459268,3,0,5,1,0.1,0.03,94,102,standard,11,68
4,Win-Stay Lose-Shift,2.341176470588235,0.7685648727576136,1.0,1.0,0.6068105965790572,0.1617542761785565,0.07156862745098039,0.15986649979140594,1.0,0.0,0.0,1.0,3,0,5,1,0.1,0.03,94,102,standard,11,68
5,Tit For 2 Tats,2.303921568627451,0.8179286608260325,0.0,1.0,0.6509178139340843,0.16701084689194826,0.04206299541093032,0.1400083437630371,1.0,0.7282630757875667,1.0,0.0,3,0,5,1,0.1,0.03,94,102,standard,11,68
6,Meta Mixer: 10 players,2.175,0.49045682102628285,6.0,0.8585106382978723,0.27033792240300375,0.22011889862327907,0.21727158948685857,0.29227158948685855,0.5518945108427596,0.4295392191038841,0.5234677556864908,0.44654367560025876,3,0,5,1,0.1,0.03,94,102,standard,11,68
7,Alternator,2.1176470588235294,0.5,5.0,1.0,0.23776595744680845,0.2622340425531915,0.22593867334167705,0.2740613266583229,0.0,0.0,1.0,1.0,3,0,5,1,0.1,0.03,94,102,standard,11,68
8,Random: 0.5,2.0995098039215687,0.500052148518982,5.0,0.5329787234042553,0.23034000834376303,0.26971214017521905,0.2289945765540259,0.2709532749269921,0.49587240563911944,0.5044624285359904,0.4986254292197551,0.50119662597417,3,0,5,1,0.1,0.03,94,102,standard,11,68
9,Cooperator,2.0058823529411764,1.0,0.0,1.0,0.6688881935753025,0.3311118064246975,0.0,0.0,1.0,1.0,0.0,0.0,3,0,5,1,0.1,0.03,94,102,standard,11,68
10,Anti Tit For Tat,1.9794117647058824,0.5698477263245724,5.0,1.0,0.18285356695869834,0.386994159365874,0.25061535252398837,0.17953692115143927,0.0,1.0,0.0,1.0,3,0,5,1,0.1,0.03,94,102,standard,11,68
0,Defector,3.5326460481099655,0.0,6.0,0.0,0.0,0.0,0.6337074026345934,0.3662925973654066,0.0,0.0,0.0,0.0,3,0,5,1,0.06,0.06,96,194,standard,7,69
1,Evolved FSM 16,2.8758591065292096,0.6219573310423826,2.0,1.0,0.5066580756013745,0.11529925544100801,0.24200851947308133,0.13603414948453607,0.9222222222222222,0.42588384505628074,0.021726568820062405,0.49766433890521483,3,0,5,1,0.06,0.06,96,194,standard,7,69
2,Soft Joss: 0.9,2.341494845360825,0.688717067583047,0.0,1.0,0.5790467497136311,0.10967031786941579,0.07336411798396335,0.2379188144329897,1.0,0.10101990038546636,1.0,0.09783867350509212,3,0,5,1,0.06,0.06,96,194,standard,7,69
3,Win-Stay Lose-Shift,2.1417525773195876,0.7821806987399771,0.0,1.0,0.5970163946162658,0.18516430412371138,0.03394365693012601,0.18387564432989692,1.0,0.0,0.0,1.0,3,0,5,1,0.06,0.06,96,194,standard,7,69
4,Anti Tit For Tat,2.0588487972508593,0.5624731529209622,3.0,1.0,0.14021334478808706,0.42225980813287517,0.29993556701030927,0.13759128006872853,0.0,1.0,0.0,1.0,3,0,5,1,0.06,0.06,96,194,standard,7,69
5,Meta Mixer: 6 players,2.0300687285223367,0.5047071878579611,4.0,0.828125,0.23552942439862545,0.26917776345933564,0.20709836769759452,0.2881944444444444,0.5160722935717448,0.46141676564840556,0.47665169352801307,0.48688797950765467,3,0,5,1,0.06,0.06,96,194,standard,7,69
6,Cooperator,1.8324742268041236,1.0,0.0,1.0,0.6115138172966782,0.38848618270332186,0.0,0.0,1.0,1.0,0.0,0.0,3,0,5,1,0.06,0.06,96,194,standard,7,69
0,"DoubleCrosser: (D, D)",3.046825396825397,0.49473150962512663,12.0,1.0,0.4685410334346505,0.02619047619047619,0.2838399189463019,0.22142857142857142,0.993421814560026,0.7777777777777778,0.0,0.0,3,0,5,1,0.07,0.01,47,84,standard,16,70
1,Evolved HMM 5,3.0301587301587305,0.5358156028368795,6.0,1.0,0.4772205336035124,0.05859506923336711,0.28385680513340084,0.1803275920297197,0.9988087134104833,0.4881134889254408,0.014046822742474917,0.20785925893983334,3,0,5,1,0.07,0.01,47,84,standard,16,70
2,Grudger,2.9793650793650794,0.4103850050658561,6.0,1.0,0.40244849712934816,0.007936507936507936,0.2954913880445796,0.29412360688956435,1.0,0.0,0.0,0.0,3,0,5,1,0.07,0.01,47,84,standard,16,70
3,Evolved FSM 16,2.9793650793650794,0.5491219182708544,6.0,1.0,0.4315940560621412,0.11752786220871325,0.308257345491388,0.1426207362377575,0.8956611570247935,0.5534456861009563,0.19053832490777423,0.37166508597929016,3,0,5,1,0.07,0.01,47,84,standard,16,70
4,Meta Winner: 15 players,2.56984126984127,0.03706518068220196,12.0,1.0,0.02070246538331645,0.01636271529888551,0.3733873691320499,0.5895474501857481,0.5590469432784644,0.4179873216109837,0.029499335046227673,0.01498384560328044,3,0,5,1,0.07,0.01,47,84,standard,16,70
5,Tit For Tat,2.4595238095238097,0.6491556906450523,0.0,1.0,0.47379263762242485,0.17536305302262747,0.17181695373184733,0.1790273556231003,1.0,0.0,1.0,0.0,3,0,5,1,0.07,0.01,47,84,standard,16,70
6,Win-Stay Lose-Shift,2.3603174603174604,0.679854778790949,1.0,1.0,0.49620060790273557,0.18365417088821342,0.13826409996622763,0.18188112124282338,1.0,0.0,0.0,1.0,3,0,5,1,0.07,0.01,47,84,standard,16,70
7,Defector,2.3555555555555556,0.0,13.0,0.0,0.0,0.0,0.339581222559946,0.660418777440054,0.0,0.0,0.0,0.0,3,0,5,1,0.07,0.01,47,84,standard,16,70
8,Tit For 2 Tats,2.188888888888889,0.8037993920972645,0.0,1.0,0.6179162445119892,0.18588314758527524,0.03493752110773388,0.16126308679500176,1.0,0.7681706541840037,1.0,0.0,3,0,5,1,0.07,0.01,47,84,standard,16,70
9,Suspicious Tit For Tat,2.142063492063492,0.4647078689631881,5.0,0.0,0.26899696048632216,0.1957109084768659,0.19932455251604192,0.33596757852077,1.0,0.0,1.0,0.0,3,0,5,1,0.07,0.01,47,84,standard,16,70
10,Alternator,1.7420634920634919,0.5,3.0,1.0,0.15937183383991896,0.340628166160081,0.1907801418439716,0.3092198581560284,0.0,0.0,1.0,1.0,3,0,5,1,0.07,0.01,47,84,standard,16,70
11,Cycler DC,1.7357142857142855,0.5,2.0,0.0,0.15570753123944614,0.3442924687605539,0.19240121580547112,0.30759878419452885,0.0,0.0,1.0,1.0,3,0,5,1,0.07,0.01,47,84,standard,16,70
12,Random: 0.5,1.723809523809524,0.5029888551165147,4.0,0.49361702127659574,0.17722053360351234,0.3257683215130023,0.17394461330631542,0.3230665315771699,0.5082627358527596,0.503652775061233,0.49541799850098966,0.5030539065924436,3,0,5,1,0.07,0.01,47,84,standard,16,70
13,Bully,1.5706349206349206,0.6456264775413711,4.0,0.0,0.1730496453900709,0.4725768321513002,0.17463694697737248,0.17973657548125632,0.0,1.0,0.0,1.0,3,0,5,1,0.07,0.01,47,84,standard,16,70
14,Win-Shift Lose-Stay: D,1.4976190476190476,0.5960824045930428,4.0,0.0,0.15494765281999323,0.44113475177304967,0.1599797365754812,0.24393785883147587,0.0,1.0,1.0,0.0,3,0,5,1,0.07,0.01,47,84,standard,16,70
15,Anti Tit For Tat,1.2492063492063492,0.7150287065180683,3.0,1.0,0.17852077001013172,0.5365079365079365,0.10763255656872676,0.177338736913205,0.0,1.0,0.0,1.0,3,0,5,1,0.07,0.01,47,84,standard,16,70
0,"DoubleCrosser: (D, D)",3.06670252824099,0.5571095571095571,11.0,1.0,0.5422718307333692,0.014837726376187917,0.24971310740541514,0.1931773354850278,0.9952313936980116,0.7830922242314647,0.01794392523364486,0.0,3,0,5,1,0.09,0.07,60,143,standard,14,71
1,Evolved FSM 16,2.9935449166218397,0.5795409718486642,5.0,1.0,0.49372422449345527,0.08581674735520889,0.27376725838264304,0.14669176976869286,0.8724668064290706,0.5836469534050179,0.22072395426734973,0.26143212846259406,3,0,5,1,0.09,0.07,60,143,standard,14,71
2,Grudger,2.9483593329747175,0.4663618432849202,5.0,1.0,0.4620584543661466,0.004303388918773534,0.2568854222700377,0.27675273444504217,1.0,0.0,0.0,0.0,3,0,5,1,0.09,0.07,60,143,standard,14,71
3,Tit For Tat,2.5691231845078,0.6997041420118343,0.0,1.0,0.5195804195804196,0.18012372243141475,0.17764030840953918,0.12265554957862651,1.0,0.0,1.0,0.0,3,0,5,1,0.09,0.07,60,143,standard,14,71
4,GTFT: 0.33,2.460462614308768,0.820091447014524,0.0,1.0,0.6314237045006276,0.18866774251389634,0.09668280437511206,0.083225748610364,1.0,0.33713055179610024,1.0,0.33100455597281947,3,0,5,1,0.09,0.07,60,143,standard,14,71
5,Defector,2.340505648197956,0.0,11.0,0.0,0.0,0.0,0.33543123543123543,0.6645687645687646,0.0,0.0,0.0,0.0,3,0,5,1,0.09,0.07,60,143,standard,14,71
6,Tit For 2 Tats,2.3168370091447015,0.8769230769230769,0.0,1.0,0.7011027434104357,0.1758203335126412,0.022610722610722608,0.10046620046620044,1.0,0.8385291078194971,1.0,0.0,3,0,5,1,0.09,0.07,60,143,standard,14,71
7,Suspicious Tit For Tat,2.270575578267886,0.5393760086067778,7.0,0.0,0.36013089474627935,0.1792451138604985,0.18276851353774434,0.2778554778554778,1.0,0.0,1.0,0.0,3,0,5,1,0.09,0.07,60,143,standard,14,71
8,Cooperator,2.123722431414739,1.0,0.0,1.0,0.7082660928814776,0.29173390711852254,0.0,0.0,1.0,1.0,0.0,0.0,3,0,5,1,0.09,0.07,60,143,standard,14,71
9,Cycler DC,2.091447014523937,0.4965034965034965,5.0,0.0,0.16342119419042495,0.33308230231307157,0.2745562130177515,0.22894029047875203,0.0,0.0,1.0,1.0,3,0,5,1,0.09,0.07,60,143,standard,14,71
10,Alternator,2.0866057019903175,0.5034965034965035,3.0,1.0,0.16683700914470145,0.336659494351802,0.27187556033709886,0.2246279361663977,0.0,0.0,1.0,1.0,3,0,5,1,0.09,0.07,60,143,standard,14,71
11,Meta Mixer: 13 players,2.0406132329209252,0.44251389636005023,7.0,0.6012820512820513,0.21869284561592248,0.22382105074412767,0.2108032992648377,0.34668280437511206,0.5726401359922698,0.3607608572886227,0.5705106464066453,0.34259333869964914,3,0,5,1,0.09,0.07,60,143,standard,14,71
12,Win-Shift Lose-Stay: D,1.9612694997310383,0.5403263403263403,4.0,0.0,0.21184328492020799,0.3284830554061323,0.21672045902815132,0.24295320064550832,0.0,1.0,1.0,0.0,3,0,5,1,0.09,0.07,60,143,standard,14,71
13,Bully,1.7315761161915009,0.6110722610722611,4.0,0.0,0.19204769589384973,0.4190245651784113,0.19216424601039986,0.19676349291733908,0.0,1.0,0.0,1.0,3,0,5,1,0.09,0.07,60,143,standard,14,71
0,Evolved HMM 5,3.1932870370370368,0.5571096025801082,6.0,1.0,0.5284475135247607,0.02866208905534749,0.287934352892218,0.15495604452767373,0.9985159354472468,0.47338700409303375,0.014254248047018274,0.17863787403780382,3,0,5,1,0.07,0.05,89,144,standard,13,72
1,Evolved FSM 16,3.0671296296296298,0.5364973470661673,5.0,1.0,0.45594049105285067,0.08055685601331668,0.3089562526009155,0.1545464003329172,0.830587574989471,0.5827584670231729,0.2590678641532899,0.20815624025659654,3,0,5,1,0.07,0.05,89,144,standard,13,72
2,Meta Winner: 11 players,2.7702546296296298,0.12962962962962962,10.0,1.0,0.06473028506034124,0.06489934456928839,0.42231715563878486,0.4480532147315855,0.5849018529033456,0.619990074040173,0.04869582449074516,0.11550404947812054,3,0,5,1,0.07,0.05,89,144,standard,13,72
3,Tit For Tat,2.524305555555556,0.6701974094881398,0.0,1.0,0.48011600083229294,0.19008140865584686,0.18858588223054515,0.14121670828131502,1.0,0.0,1.0,0.0,3,0,5,1,0.07,0.05,89,144,standard,13,72
4,Soft Joss: 0.9,2.5081018518518516,0.7339263420724095,0.0,1.0,0.5647692987931751,0.16915704327923425,0.13763394714939656,0.1284397107781939,1.0,0.09878843711528287,1.0,0.10042934117906858,3,0,5,1,0.07,0.05,89,144,standard,13,72
5,Suspicious Tit For Tat,2.4918981481481484,0.6046608406158968,6.0,0.0,0.3390618497711194,0.2655989908447774,0.2689606741573034,0.12637848522679984,1.0,0.0,1.0,0.0,3,0,5,1,0.07,0.05,89,144,standard,13,72
6,GTFT: 0.33,2.3877314814814814,0.797733302122347,0.0,1.0,0.5967150436953808,0.2010182584269663,0.09886079900124843,0.1034058988764045,1.0,0.32995339877078556,1.0,0.3302843489598542,3,0,5,1,0.07,0.05,89,144,standard,13,72
7,Win-Stay Lose-Shift,2.2395833333333335,0.7246670828131502,0.0,1.0,0.5371670828131503,0.1875,0.08815803162713275,0.18717488555971704,1.0,0.0,0.0,1.0,3,0,5,1,0.07,0.05,89,144,standard,13,72
8,Meta Mixer: 11 players,2.078125,0.4516489804411153,7.0,0.7069288389513109,0.19443143986683312,0.25721754057428214,0.23681335830212236,0.3115376612567624,0.5538759923594164,0.38077144823737524,0.5223211926460242,0.38884976851629166,3,0,5,1,0.07,0.05,89,144,standard,13,72
9,Bully,2.005787037037037,0.5536243757802747,5.0,0.0,0.21416588639201004,0.3394584893882646,0.229179671244278,0.21719595297544736,0.0,1.0,0.0,1.0,3,0,5,1,0.07,0.05,89,144,standard,13,72
10,Alternator,1.9484953703703702,0.5,3.0,1.0,0.1426016957969205,0.3573983042030795,0.2549547440699126,0.2450452559300874,0.0,0.0,1.0,1.0,3,0,5,1,0.07,0.05,89,144,standard,13,72
11,Cycler DC,1.9456018518518519,0.5,3.0,0.0,0.13990974823137745,0.3600902517686226,0.2560341240116521,0.24396587598834787,0.0,0.0,1.0,1.0,3,0,5,1,0.07,0.05,89,144,standard,13,72
12,Anti Tit For Tat,1.592013888888889,0.6391424781523096,3.0,1.0,0.21744303995006242,0.4216994382022472,0.14494902205576363,0.21590849979192675,0.0,1.0,0.0,1.0,3,0,5,1,0.07,0.05,89,144,standard,13,72
0,Evolved HMM 5,2.7346938775510203,0.654552590266876,4.0,1.0,0.5864468864468865,0.06810570381998954,0.15748299319727893,0.18796441653584514,0.99811872909699,0.4757917868199634,0.018730489073881373,0.19882553853017929,3,0,5,1,0.01,0.02,78,35,standard,15,73
1,"DoubleCrosser: (D, D)",2.73265306122449,0.6179225536368393,11.0,1.0,0.5666928309785454,0.05122972265829409,0.16122448979591836,0.22085295656724224,0.9812791375291373,0.7852678571428572,0.0029644268774703555,0.0,3,0,5,1,0.01,0.02,78,35,standard,15,73
2,Grudger,2.673469387755102,0.5228152799581371,4.0,1.0,0.5064887493458922,0.0163265306122449,0.1693877551020408,0.30779696493982206,1.0,0.0,0.0,0.0,3,0,5,1,0.01,0.02,78,35,standard,15,73
3,Evolved FSM 16,2.6714285714285713,0.671193092621664,4.0,1.0,0.5428048142333857,0.1283882783882784,0.17783882783882785,0.15096807953950814,0.8957946815089673,0.5321528942802656,0.313822471586822,0.36883981378851693,3,0,5,1,0.01,0.02,78,35,standard,15,73
4,Tit For Tat,2.479591836734694,0.6903976975405547,0.0,1.0,0.5386708529565672,0.1517268445839874,0.13835688121402406,0.17124542124542125,1.0,0.0,1.0,0.0,3,0,5,1,0.01,0.02,78,35,standard,15,73
5,Soft Joss: 0.9,2.4602040816326527,0.7322605965463108,0.0,1.0,0.5818419675562533,0.15041862899005756,0.11130298273155416,0.156436420722135,1.0,0.0879928467686869,1.0,0.09555464885181861,3,0,5,1,0.01,0.02,78,35,standard,15,73
6,GTFT: 0.33,2.370408163265306,0.8072736787022501,0.0,1.0,0.6277341705913134,0.1795395081109367,0.07331240188383045,0.11941391941391943,1.0,0.3380213265992298,1.0,0.33177019937867097,3,0,5,1,0.01,0.02,78,35,standard,15,73
7,Defector,2.3224489795918366,0.0,13.0,0.0,0.0,0.0,0.3326007326007326,0.6673992673992675,0.0,0.0,0.0,0.0,3,0,5,1,0.01,0.02,78,35,standard,15,73
8,Meta Winner: 14 players,2.3071428571428574,0.06862899005756148,12.0,1.0,0.04874411302982732,0.01988487702773417,0.3073783359497645,0.6239926739926741,0.6187693570338726,0.4355909450256683,0.018439550395224158,0.005366175644141809,3,0,5,1,0.01,0.02,78,35,standard,15,73
9,Win-Stay Lose-Shift,2.2918367346938773,0.7544479330193616,0.0,1.0,0.5773417059131345,0.17710622710622712,0.07909471480900053,0.1664573521716379,1.0,0.0,0.0,1.0,3,0,5,1,0.01,0.02,78,35,standard,15,73
10,Suspicious Tit For Tat,2.2775510204081635,0.5081109366823653,5.0,0.0,0.29254317111459965,0.21556776556776555,0.22671376242804814,0.26517530088958663,1.0,0.0,1.0,0.0,3,0,5,1,0.01,0.02,78,35,standard,15,73
11,Random: 0.5,1.7816326530612245,0.4956828885400314,5.0,0.4725274725274725,0.1803506017791732,0.3153322867608582,0.18296703296703296,0.3213500784929356,0.49809170685850934,0.49528571807230304,0.5178680796584587,0.4924600278544971,3,0,5,1,0.01,0.02,78,35,standard,15,73
12,Cycler DC,1.7775510204081635,0.4857142857142857,5.0,0.0,0.09863945578231292,0.3870748299319728,0.2420722135007849,0.27221350078492934,0.0,0.0,1.0,1.0,3,0,5,1,0.01,0.02,78,35,standard,15,73
13,Alternator,1.7448979591836733,0.5142857142857142,2.0,1.0,0.11596023024594451,0.39832548403976975,0.22922553636839352,0.2564887493458922,0.0,0.0,1.0,1.0,3,0,5,1,0.01,0.02,78,35,standard,15,73
14,Anti Tit For Tat,1.4887755102040816,0.6695185766614338,4.0,1.0,0.19816849816849816,0.4713500784929357,0.14141810570382002,0.1890633176347462,0.0,1.0,0.0,1.0,3,0,5,1,0.01,0.02,78,35,standard,15,73
0,Grudger,3.045161290322581,0.4129032258064516,3.0,1.0,0.4064516129032258,0.0064516129032258064,0.3096774193548387,0.2774193548387097,1.0,0.0,0.0,0.0,3,0,5,1,0.04,0.04,40,93,standard,6,74
1,Evolved FSM 16,2.9182795698924733,0.5311827956989247,2.0,1.0,0.4150537634408602,0.11612903225806451,0.3010752688172043,0.16774193548387098,0.9375,0.49,0.0946969696969697,0.41761363636363635,3,0,5,1,0.04,0.04,40,93,standard,6,74
2,Meta Winner: 5 players,2.696774193548387,0.08172043010752689,4.0,1.0,0.03655913978494624,0.04516129032258064,0.4172043010752688,0.5010752688172043,0.49523809523809526,0.7083333333333334,0.3703030303030303,0.19802414021164022,3,0,5,1,0.04,0.04,40,93,standard,6,74
3,Tit For 2 Tats,2.09247311827957,0.7612903225806451,0.0,1.0,0.5548387096774193,0.2064516129032258,0.04731182795698925,0.1913978494623656,1.0,0.6863226863226863,1.0,0.0,3,0,5,1,0.04,0.04,40,93,standard,6,74
4,Cycler DC,1.5741935483870968,0.4946236559139785,2.0,0.0,0.2043010752688172,0.2903225806451613,0.1139784946236559,0.3913978494623656,0.0,0.0,1.0,1.0,3,0,5,1,0.04,0.04,40,93,standard,6,74
5,Anti Tit For Tat,1.0408602150537636,0.7634408602150538,1.0,1.0,0.15053763440860216,0.6129032258064516,0.0881720430107527,0.14838709677419354,0.0,1.0,0.0,1.0,3,0,5,1,0.04,0.04,40,93,standard,6,74
0,Bully,3.1979166666666665,0.30721507352941174,7.0,0.0,0.20503982843137253,0.10217524509803923,0.4719669117647059,0.22081801470588233,0.0,1.0,0.0,1.0,3,0,5,1,0.02,0.01,68,24,standard,9,75
1,Alternator,2.8333333333333335,0.5,5.0,1.0,0.3324142156862745,0.1675857843137255,0.33333333333333337,0.16666666666666669,0.0,0.0,1.0,1.0,3,0,5,1,0.02,0.01,68,24,standard,9,75
2,Meta Winner: 8 players,2.7239583333333335,0.4294577205882353,4.0,1.0,0.22480085784313725,0.20465686274509806,0.3707107843137255,0.19983149509803919,0.5837285200552046,0.6415172984087252,1.0,0.7738887818737811,3,0,5,1,0.02,0.01,68,24,standard,9,75
3,Tit For Tat,2.6458333333333335,0.7552083333333334,0.0,1.0,0.5989583333333334,0.15625,0.15104166666666666,0.09375,1.0,0.0,1.0,0.0,3,0,5,1,0.02,0.01,68,24,standard,9,75
4,Anti Tit For Tat,2.546875,0.4515165441176471,5.0,1.0,0.2350643382352941,0.21645220588235295,0.32628676470588236,0.22219669117647056,0.0,1.0,0.0,1.0,3,0,5,1,0.02,0.01,68,24,standard,9,75
5,GTFT: 0.33,2.421875,0.8155637254901961,0.0,1.0,0.6160386029411765,0.19952512254901963,0.09643075980392159,0.08800551470588237,1.0,0.32904138918804016,1.0,0.31257196887772587,3,0,5,1,0.02,0.01,68,24,standard,9,75
6,Tit For 2 Tats,2.322916666666667,0.8541666666666666,0.0,1.0,0.6354166666666667,0.21875000000000003,0.06770833333333333,0.078125,1.0,0.625,1.0,0.0,3,0,5,1,0.02,0.01,68,24,standard,9,75
7,Win-Stay Lose-Shift,2.28125,0.8125,0.0,1.0,0.65625,0.15624999999999997,0.03125,0.15624999999999997,1.0,0.0,0.0,1.0,3,0,5,1,0.02,0.01,68,24,standard,9,75
8,Cooperator,1.71875,1.0,0.0,1.0,0.5729166666666666,0.42708333333333337,0.0,0.0,1.0,1.0,0.0,0.0,3,0,5,1,0.02,0.01,68,24,standard,9,75
0,"DoubleCrosser: (D, D)",3.427152317880795,0.40040930831493743,8.0,1.0,0.3827492641648271,0.017660044150110375,0.4195180279617366,0.18007266372332598,0.99712368168744,0.7447916666666667,0.006841046277665996,0.0,3,0,5,1,0.01,0.08,36,151,standard,9,76
1,Tit For Tat,2.640314569536424,0.709138153053716,0.0,1.0,0.4780629139072848,0.2310752391464312,0.22817788815305373,0.06268395879323031,1.0,0.0,1.0,0.0,3,0,5,1,0.01,0.08,36,151,standard,9,76
2,Soft Joss: 0.9,2.5765728476821192,0.7325239146431199,0.0,1.0,0.4934924576894776,0.2390314569536424,0.2075285136129507,0.05994757174392936,1.0,0.08864308545489723,1.0,0.10002627283259899,3,0,5,1,0.01,0.08,36,151,standard,9,76
3,GTFT: 0.33,2.4184602649006623,0.7936212288447387,0.0,1.0,0.5331585724797646,0.26046265636497423,0.15381254598969832,0.05256622516556291,1.0,0.32886449090325715,1.0,0.3195376223161541,3,0,5,1,0.01,0.08,36,151,standard,9,76
4,Win-Shift Lose-Stay: D,2.292632450331126,0.5929451802796174,4.0,0.0,0.26726913171449596,0.3256760485651214,0.2712702354672553,0.1357845842531273,0.0,1.0,1.0,0.0,3,0,5,1,0.01,0.08,36,151,standard,9,76
5,Cycler DC,2.2338576158940397,0.4966887417218543,4.5,0.0,0.152754782928624,0.34393395879323035,0.318179727740986,0.1851315305371597,0.0,0.0,1.0,1.0,3,0,5,1,0.01,0.08,36,151,standard,9,76
6,Alternator,2.2255794701986753,0.5033112582781457,3.0,1.0,0.15783664459161148,0.3454746136865342,0.3143855776306107,0.18230316409124356,0.0,0.0,1.0,1.0,3,0,5,1,0.01,0.08,36,151,standard,9,76
7,Random: 0.5,2.1415562913907285,0.49947111846946285,4.0,0.5520833333333334,0.23521431199411333,0.26425680647534955,0.23659400294334068,0.26393487858719644,0.501060504717871,0.5028340892214291,0.4895403303798975,0.5014272017793292,3,0,5,1,0.01,0.08,36,151,standard,9,76
8,Bully,1.9027317880794703,0.5586598601913172,4.0,0.0,0.2873206401766005,0.2713392200147167,0.14944352465047833,0.2918966151582046,0.0,1.0,0.0,1.0,3,0,5,1,0.01,0.08,36,151,standard,9,76
0,Grudger,3.0476190476190474,0.5,4.0,1.0,0.4047619047619047,0.09523809523809523,0.3333333333333333,0.16666666666666666,1.0,0.0,0.0,0.0,3,0,5,1,0.03,0.02,94,7,standard,7,77
1,Tit For Tat,2.5,0.7142857142857143,0.0,1.0,0.4523809523809524,0.2619047619047619,0.2142857142857143,0.07142857142857144,1.0,0.0,1.0,0.0,3,0,5,1,0.03,0.02,94,7,standard,7,77
2,Alternator,2.380952380952381,0.5714285714285714,2.0,1.0,0.23784194528875383,0.3335866261398176,0.3095238095238096,0.11904761904761905,0.0,0.0,1.0,1.0,3,0,5,1,0.03,0.02,94,7,standard,7,77
3,Cycler DC,2.357142857142857,0.42857142857142855,3.0,0.0,0.12056737588652483,0.3080040526849038,0.3571428571428572,0.2142857142857143,0.0,0.0,1.0,1.0,3,0,5,1,0.03,0.02,94,7,standard,7,77
4,Bully,2.261904761904762,0.42857142857142855,3.0,0.0,0.21808510638297876,0.21048632218844987,0.26646403242147926,0.30496453900709225,0.0,1.0,0.0,1.0,3,0,5,1,0.03,0.02,94,7,standard,7,77
5,GTFT: 0.33,2.238095238095238,0.7998986828774063,0.0,1.0,0.505065856129686,0.2948328267477203,0.1299392097264438,0.07016210739614996,1.0,0.34799987557546347,1.0,0.373118018455561,3,0,5,1,0.03,0.02,94,7,standard,7,77
6,Meta Winner: 6 players,2.142857142857143,0.6314589665653495,2.0,1.0,0.30243161094224924,0.32902735562310026,0.22239108409321173,0.1461499493414387,0.7000868055555555,0.820940170940171,1.0,0.7659574468085106,3,0,5,1,0.03,0.02,94,7,standard,7,77
0,Grudger,2.9916666666666667,0.7656926406926406,1.0,1.0,0.7573593073593075,0.008333333333333335,0.11893939393939396,0.11536796536796538,1.0,0.0,0.0,0.0,3,0,5,1,0.01,0.07,77,30,standard,5,78
1,Evolved HMM 5,2.908333333333333,0.8153679653679654,1.0,1.0,0.7835497835497836,0.031818181818181815,0.09372294372294372,0.09090909090909091,0.9941860465116279,0.3674911660777385,0.015513126491646777,0.14303329223181258,3,0,5,1,0.01,0.07,77,30,standard,5,78
2,Soft Joss: 0.9,2.7916666666666665,0.8967532467532467,0.0,1.0,0.825,0.07175324675324675,0.05476190476190476,0.048484848484848485,1.0,0.11076443057722309,1.0,0.10697674418604651,3,0,5,1,0.01,0.07,77,30,standard,5,78
3,Cooperator,2.6,1.0,0.0,1.0,0.8704545454545455,0.12954545454545455,0.0,0.0,1.0,1.0,0.0,0.0,3,0,5,1,0.01,0.07,77,30,standard,5,78
4,Random: 0.5,2.1750000000000003,0.5037878787878788,2.0,0.5032467532467533,0.23636363636363636,0.2674242424242424,0.24145021645021644,0.25476190476190474,0.4995807540229912,0.5171971917083952,0.5062078806495803,0.4928043282343464,3,0,5,1,0.01,0.07,77,30,standard,5,78
0,Grudger,2.8472222222222223,0.5219907407407407,7.0,1.0,0.47117003367003363,0.05082070707070708,0.23979377104377106,0.2382154882154882,1.0,0.0,0.0,0.0,3,0,5,1,0.05,0.02,88,12,standard,19,79
1,Evolved HMM 5,2.7916666666666665,0.6472537878787878,6.0,1.0,0.5448758417508418,0.10237794612794614,0.20249368686868688,0.15025252525252525,0.99950040043519,0.46256857384806366,0.007504284597081482,0.16243888268252657,3,0,5,1,0.05,0.02,88,12,standard,19,79
2,Evolved FSM 16,2.75,0.6547243265993266,6.0,1.0,0.5190446127946129,0.1356797138047138,0.21291035353535354,0.13236531986531988,0.9127908595134332,0.42887327394427616,0.3608015593011081,0.35323247468417646,3,0,5,1,0.05,0.02,88,12,standard,19,79
3,"DoubleCrosser: (D, D)",2.5833333333333335,0.6856060606060606,11.0,1.0,0.521517255892256,0.16408880471380474,0.17660984848484848,0.13778409090909094,0.9356592588109097,0.7829179810725553,0.0,0.0,3,0,5,1,0.05,0.02,88,12,standard,19,79
4,Tit For Tat,2.5,0.7074915824915825,0.0,1.0,0.5298295454545454,0.17766203703703703,0.15451388888888892,0.13799452861952863,1.0,0.0,1.0,0.0,3,0,5,1,0.05,0.02,88,12,standard,19,79
5,Meta Winner: 17 players,2.5,0.26078493265993263,15.0,1.0,0.15283038720538722,0.10795454545454544,0.32339015151515155,0.41582491582491576,0.5445639371291092,0.35914686458519,0.03534195139709445,0.1275841797938229,3,0,5,1,0.05,0.02,88,12,standard,19,79
6,Defector,2.4629629629629632,0.0,16.0,0.0,0.0,0.0,0.3650568181818182,0.6349431818181819,0.0,0.0,0.0,0.0,3,0,5,1,0.05,0.02,88,12,standard,19,79
7,Soft Joss: 0.9,2.4444444444444446,0.7404776936026936,0.0,1.0,0.5525568181818181,0.18792087542087546,0.13194444444444445,0.12757786195286194,1.0,0.10528858094847454,1.0,0.09560986466274636,3,0,5,1,0.05,0.02,88,12,standard,19,79
8,Win-Stay Lose-Shift,2.4120370370370368,0.720854377104377,1.0,1.0,0.5498737373737375,0.17098063973063973,0.12105429292929291,0.15809132996632996,1.0,0.0,0.0,1.0,3,0,5,1,0.05,0.02,88,12,standard,19,79
9,GTFT: 0.33,2.3263888888888893,0.8085016835016835,0.0,1.0,0.5894886363636364,0.21901304713804717,0.09227693602693605,0.0992213804713805,1.0,0.3364790243692061,1.0,0.3088077751535514,3,0,5,1,0.05,0.02,88,12,standard,19,79
10,Suspicious Tit For Tat,2.2870370370370368,0.479324494949495,6.0,0.0,0.2702546296296296,0.20906986531986532,0.23853114478114476,0.28214436026936024,1.0,0.0,1.0,0.0,3,0,5,1,0.05,0.02,88,12,standard,19,79
11,Meta Mixer: 17 players,2.252314814814815,0.5069444444444444,8.0,0.663510101010101,0.28040824915824913,0.2265361952861953,0.2289036195286195,0.26415193602693604,0.6061398392802684,0.387899293762213,0.5764739560576659,0.373995529155106,3,0,5,1,0.05,0.02,88,12,standard,19,79
12,Tit For 2 Tats,2.224537037037037,0.8722117003367004,0.0,1.0,0.6576178451178452,0.2145938552188552,0.0314604377104377,0.09632786195286196,1.0,0.7805643030995143,1.0,0.0,3,0,5,1,0.05,0.02,88,12,standard,19,79
13,Alternator,2.185185185185185,0.5,6.0,1.0,0.20854377104377106,0.29145622895622897,0.2653093434343434,0.23469065656565657,0.0,0.0,1.0,1.0,3,0,5,1,0.05,0.02,88,12,standard,19,79
14,Cycler DC,2.143518518518518,0.5,5.0,0.0,0.18308080808080807,0.3169191919191919,0.2737794612794613,0.22622053872053874,0.0,0.0,1.0,1.0,3,0,5,1,0.05,0.02,88,12,standard,19,79
15,Random: 0.5,2.1203703703703702,0.5041561447811448,7.0,0.5164141414141414,0.23721590909090906,0.26694023569023567,0.2290614478114478,0.26678240740740744,0.49620499460761325,0.500022532375269,0.508301352469267,0.5109536982793023,3,0,5,1,0.05,0.02,88,12,standard,19,79
16,Win-Shift Lose-Stay: D,2.009259259259259,0.5514520202020202,5.0,0.0,0.20207281144781147,0.34937920875420875,0.23811026936026933,0.21043771043771042,0.0,1.0,1.0,0.0,3,0,5,1,0.05,0.02,88,12,standard,19,79
17,Bully,1.9953703703703702,0.53125,6.0,0.0,0.1783459595959596,0.35290404040404044,0.24989478114478114,0.21885521885521889,0.0,1.0,0.0,1.0,3,0,5,1,0.05,0.02,88,12,standard,19,79
18,Anti Tit For Tat,1.7337962962962963,0.6236321548821548,4.0,1.0,0.21753998316498319,0.4060921717171717,0.1752946127946128,0.20107323232323232,0.0,1.0,0.0,1.0,3,0,5,1,0.05,0.02,88,12,standard,19,79
0,"DoubleCrosser: (D, D)",3.1111111111111116,0.7017588797814208,11.0,1.0,0.6879212204007286,0.013837659380692167,0.18722108378870672,0.1110200364298725,0.996014844557498,0.8024083393242272,0.08289351133188451,0.0,3,0,5,1,0.03,0.06,80,183,standard,13,80
1,Evolved HMM 5,3.0940346083788706,0.7219774590163934,3.0,1.0,0.684636839708561,0.037340619307832425,0.19038592896174866,0.08763661202185792,0.9986383442265795,0.5305922192402612,0.014772158237356035,0.2055871013615747,3,0,5,1,0.03,0.06,80,183,standard,13,80
2,Grudger,2.9672131147540983,0.5898850182149362,4.0,1.0,0.5871527777777777,0.00273224043715847,0.19844603825136609,0.2116689435336976,1.0,0.0,0.0,0.0,3,0,5,1,0.03,0.06,80,183,standard,13,80
3,Win-Stay Lose-Shift,2.6821493624772312,0.7543317395264116,2.0,1.0,0.6386327413479053,0.11569899817850637,0.13064663023679415,0.11502163023679417,1.0,0.0,0.0,1.0,3,0,5,1,0.03,0.06,80,183,standard,13,80
4,Soft Joss: 0.9,2.658014571948998,0.8260928961748634,0.0,1.0,0.7377675318761384,0.08832536429872494,0.06743510928961748,0.10647199453551912,1.0,0.09938881775308366,1.0,0.0984075426844531,3,0,5,1,0.03,0.06,80,183,standard,13,80
5,GTFT: 0.33,2.5883424408014575,0.8688012295081967,0.0,1.0,0.7525216302367942,0.11627959927140256,0.049908925318761385,0.08128984517304191,1.0,0.33489785876351225,1.0,0.3291304837230929,3,0,5,1,0.03,0.06,80,183,standard,13,80
6,Meta Winner: 11 players,2.558743169398907,0.049026639344262296,9.0,1.0,0.02834699453551913,0.02067964480874317,0.37996926229508193,0.5710040983606558,0.5713859295815161,0.7536440946962752,0.06821035343807141,0.1254768965152332,3,0,5,1,0.03,0.06,80,183,standard,13,80
7,Tit For 2 Tats,2.5491803278688523,0.8829348816029143,0.0,1.0,0.7797188069216758,0.10321607468123861,0.023263888888888886,0.09380122950819672,1.0,0.7953583131710754,1.0,0.0,3,0,5,1,0.03,0.06,80,183,standard,13,80
8,Cooperator,2.342896174863388,1.0,0.0,1.0,0.7809084699453552,0.2190915300546448,0.0,0.0,1.0,1.0,0.0,0.0,3,0,5,1,0.03,0.06,80,183,standard,13,80
9,Suspicious Tit For Tat,2.290300546448088,0.602891621129326,5.0,0.0,0.5271801001821493,0.07571152094717667,0.07816484517304188,0.31894353369763206,1.0,0.0,1.0,0.0,3,0,5,1,0.03,0.06,80,183,standard,13,80
10,Meta Mixer: 11 players,2.117714025500911,0.5276753187613843,6.0,0.790625,0.314537795992714,0.21313752276867037,0.18452868852459017,0.2877959927140255,0.6987064912948572,0.39026459537789077,0.6579929543889637,0.3705389249581101,3,0,5,1,0.03,0.06,80,183,standard,13,80
11,Anti Tit For Tat,1.8381147540983607,0.6026183970856102,5.0,1.0,0.1579918032786885,0.4446265938069216,0.24146744080145718,0.1559141621129326,0.0,1.0,0.0,1.0,3,0,5,1,0.03,0.06,80,183,standard,13,80
12,Win-Shift Lose-Stay: D,1.6901183970856102,0.6686190801457195,5.0,0.0,0.1919341985428051,0.4766848816029144,0.19592440801457198,0.13545651183970855,0.0,1.0,1.0,0.0,3,0,5,1,0.03,0.06,80,183,standard,13,80
0,"DoubleCrosser: (D, D)",3.084859584859585,0.45179348952933857,11.0,1.0,0.4316469693828184,0.020146520146520148,0.30975418711267766,0.23845232335798375,0.9956458174421562,0.7777777777777778,0.0,0.0,3,0,5,1,0.05,0.02,53,117,standard,15,81
1,Evolved FSM 16,2.9908424908424913,0.5108968599534637,6.0,1.0,0.3875526988734536,0.12334416108001013,0.33456585343377804,0.15453728661275834,0.886369770580297,0.5460474833808168,0.19453419761315358,0.3772364478364283,3,0,5,1,0.05,0.02,53,117,standard,15,81
2,Meta Winner: 14 players,2.855311355311355,0.026101780818761952,12.0,1.0,0.01467505241090147,0.011426728407860486,0.4499735065772802,0.5239247126039579,0.5600244851681629,0.43959183644916844,0.014336102803095134,0.01195111484489571,3,0,5,1,0.05,0.02,53,117,standard,15,81
3,Defector,2.606837606837607,0.0,12.0,0.0,0.0,0.0,0.402423572234893,0.597576427765107,0.0,0.0,0.0,0.0,3,0,5,1,0.05,0.02,53,117,standard,15,81
4,Tit For Tat,2.418192918192918,0.6232059345266893,0.0,1.0,0.4355749072730205,0.1876310272536688,0.1836800516045799,0.1931140138687309,1.0,0.0,1.0,0.0,3,0,5,1,0.05,0.02,53,117,standard,15,81
5,Soft Joss: 0.9,2.3925518925518925,0.6834151173773815,0.0,1.0,0.5053793167000714,0.17803580067731012,0.13926325247079968,0.17732163015181884,1.0,0.10905583525700724,1.0,0.09542072417826734,3,0,5,1,0.05,0.02,53,117,standard,15,81
6,Suspicious Tit For Tat,2.2863247863247866,0.5374248393116318,8.0,0.0,0.34601561960052535,0.19140921971110653,0.1960167714884696,0.26655838919989866,1.0,0.0,1.0,0.0,3,0,5,1,0.05,0.02,53,117,standard,15,81
7,GTFT: 0.33,2.2503052503052503,0.7594857972216463,0.0,1.0,0.5352016955790542,0.22428410164259222,0.10105512935701613,0.1394590734213376,1.0,0.3257901638309748,1.0,0.3312814786177966,3,0,5,1,0.05,0.02,53,117,standard,15,81
8,Cycler DC,2.0128205128205128,0.49572649572649574,7.0,0.0,0.16081507590941554,0.3349114198170802,0.25639873753081294,0.24787476674269127,0.0,0.0,1.0,1.0,3,0,5,1,0.05,0.02,53,117,standard,15,81
9,Alternator,2.001221001221001,0.5042735042735043,3.0,1.0,0.1655608542400995,0.3387126500334047,0.25228649756951643,0.2434399981569793,0.0,0.0,1.0,1.0,3,0,5,1,0.05,0.02,53,117,standard,15,81
10,Win-Shift Lose-Stay: D,1.9853479853479854,0.5270117722947911,7.0,0.0,0.2145621673923561,0.3124496049024351,0.21861681295643562,0.25437141474877323,0.0,1.0,1.0,0.0,3,0,5,1,0.05,0.02,53,117,standard,15,81
11,Bully,1.9761904761904763,0.5646785080747345,6.0,0.0,0.18252816366023913,0.38215034441449536,0.24840463519708803,0.1869168567281775,0.0,1.0,0.0,1.0,3,0,5,1,0.05,0.02,53,117,standard,15,81
12,Random: 0.5,1.9725274725274726,0.5004377174188495,6.0,0.5175202156334232,0.2118552307231552,0.28858248669569425,0.21050752182827656,0.289054760752874,0.5084846310716706,0.4998870884220828,0.4925189988837139,0.5011074648171154,3,0,5,1,0.05,0.02,53,117,standard,15,81
13,Cooperator,1.716117216117216,1.0,0.0,1.0,0.5717626189324303,0.42823738106756976,0.0,0.0,1.0,1.0,0.0,0.0,3,0,5,1,0.05,0.02,53,117,standard,15,81
14,Anti Tit For Tat,1.6135531135531136,0.6421890478494252,3.0,1.0,0.18692837560762085,0.45526067224180433,0.17363558872992835,0.18417536342064644,0.0,1.0,0.0,1.0,3,0,5,1,0.05,0.02,53,117,standard,15,81
0,Evolved HMM 5,2.955108359133127,0.612215523328445,7.0,1.0,0.5493454999728423,0.06287002335560264,0.2289663787952854,0.15881809787626963,0.9987672362920693,0.471291482019298,0.012038658675707376,0.18561193383394065,3,0,5,1,0.01,0.01,57,34,standard,20,82
1,Grudger,2.9427244582043346,0.5004888381945576,7.0,1.0,0.4834609744174678,0.017027863777089786,0.24751507251099886,0.25199608929444356,1.0,0.0,0.0,0.0,3,0,5,1,0.01,0.01,57,34,standard,20,82
2,"DoubleCrosser: (D, D)",2.914860681114551,0.5960023898756178,16.0,1.0,0.5380207484655912,0.057981641410026624,0.2245939927217424,0.1794036174026397,0.9811051632492552,0.7735525227460711,0.017665816326530612,0.0,3,0,5,1,0.01,0.01,57,34,standard,20,82
3,Evolved FSM 16,2.9024767801857587,0.6210146108304818,7.0,1.0,0.5170278637770899,0.10398674705339199,0.24382162837434146,0.13516376079517678,0.9001362566579958,0.5053413816482555,0.2171115675652943,0.31343862411337936,3,0,5,1,0.01,0.01,57,34,standard,20,82
4,Meta Winner: 18 players,2.6222910216718267,0.09092390418771387,16.0,1.0,0.054777035467926775,0.03614686871978708,0.382705990983651,0.526370104828635,0.5406079015953167,0.3938276396136,0.015184369437136714,0.030606654754625345,3,0,5,1,0.01,0.01,57,34,standard,20,82
5,Tit For Tat,2.515479876160991,0.7038183694530443,0.0,1.0,0.545271848351529,0.15854652110151538,0.14605398946282117,0.15012764108413448,1.0,0.0,1.0,0.0,3,0,5,1,0.01,0.01,57,34,standard,20,82
6,Defector,2.4922600619195046,0.0,17.0,0.0,0.0,0.0,0.37320080386725324,0.6267991961327467,0.0,0.0,0.0,0.0,3,0,5,1,0.01,0.01,57,34,standard,20,82
7,Soft Joss: 0.9,2.4814241486068114,0.7383629352017815,0.0,1.0,0.5779153766769864,0.16044755852479495,0.12155776437999022,0.14007930041822825,1.0,0.09716167051362871,1.0,0.10060942743165824,3,0,5,1,0.01,0.01,57,34,standard,20,82
8,Win-Stay Lose-Shift,2.438080495356037,0.7294552169898431,2.0,1.0,0.5654771603932432,0.16397805659659984,0.11751127043615232,0.1530335125740047,1.0,0.0,0.0,1.0,3,0,5,1,0.01,0.01,57,34,standard,20,82
9,GTFT: 0.33,2.3854489164086687,0.8102493074792244,0.0,1.0,0.6191135734072022,0.1911357340720221,0.08551952637010483,0.1042311661506708,1.0,0.32658864467181015,1.0,0.33399458192647674,3,0,5,1,0.01,0.01,57,34,standard,20,82
10,Tit For 2 Tats,2.298761609907121,0.84533702677747,0.0,1.0,0.6728314594535876,0.17250556732388245,0.03201890174352289,0.12264407147900712,1.0,0.7639485482862219,1.0,0.0,3,0,5,1,0.01,0.01,57,34,standard,20,82
11,Suspicious Tit For Tat,2.2956656346749225,0.5234370756612895,11.0,0.0,0.3392808647004508,0.18415621096083867,0.20080386725327248,0.275759057085438,1.0,0.0,1.0,0.0,3,0,5,1,0.01,0.01,57,34,standard,20,82
12,Meta Mixer: 18 players,2.1625386996904026,0.4906306012709793,9.0,0.7054478301015698,0.25946445060018464,0.23116615067079466,0.21783173103036224,0.2915376676986584,0.5876917347523559,0.399230599100554,0.5747086462489577,0.3941090310840345,3,0,5,1,0.01,0.01,57,34,standard,20,82
13,Alternator,2.0789473684210527,0.5,7.0,1.0,0.18820270490467653,0.31179729509532345,0.2530280810385096,0.24697191896149043,0.0,0.0,1.0,1.0,3,0,5,1,0.01,0.01,57,34,standard,20,82
14,Cycler DC,2.043343653250774,0.5,5.0,0.0,0.17579164629840857,0.32420835370159146,0.2541143881375265,0.2458856118624735,0.0,0.0,1.0,1.0,3,0,5,1,0.01,0.01,57,34,standard,20,82
15,Random: 0.5,2.024767801857585,0.5007875726467872,8.0,0.4801477377654663,0.21764162728803438,0.28314594535875287,0.21875509206452662,0.28045733528868605,0.5017123776488082,0.5011595582238036,0.492529511175709,0.5032204407286227,3,0,5,1,0.01,0.01,57,34,standard,20,82
16,Cooperator,2.0061919504643964,1.0,0.0,1.0,0.6695453804790614,0.3304546195209386,0.0,0.0,1.0,1.0,0.0,0.0,3,0,5,1,0.01,0.01,57,34,standard,20,82
17,Bully,1.9396284829721362,0.5612948780620282,9.0,0.0,0.17027863777089786,0.39101624029113036,0.24808538373798272,0.19061973819998915,0.0,1.0,0.0,1.0,3,0,5,1,0.01,0.01,57,34,standard,20,82
18,Win-Shift Lose-Stay: D,1.888544891640867,0.5806583021020042,9.0,0.0,0.19939166802455055,0.38126663407745365,0.21840204225734614,0.2009396556406496,0.0,1.0,1.0,0.0,3,0,5,1,0.01,0.01,57,34,standard,20,82
19,Anti Tit For Tat,1.6950464396284832,0.6318776818206507,7.0,1.0,0.19004942697300528,0.4418282548476455,0.18918038129379172,0.17894193688555757,0.0,1.0,0.0,1.0,3,0,5,1,0.01,0.01,57,34,standard,20,82
0,"DoubleCrosser: (D, D)",3.1957894736842105,0.4982456140350877,5.0,1.0,0.4647173489278752,0.03352826510721248,0.3216114359974009,0.1801429499675114,0.9941857961152504,0.7668743509865005,0.0430976430976431,0.0,3,0,5,1,0.08,0.04,81,95,standard,6,83
1,Win-Stay Lose-Shift,3.0589473684210526,0.6065237166991553,1.0,1.0,0.5005847953216375,0.10593892137751786,0.2927875243664717,0.10068875893437297,1.0,0.0,0.0,1.0,3,0,5,1,0.08,0.04,81,95,standard,6,83
2,Tit For Tat,2.648421052631579,0.727953216374269,0.0,1.0,0.5115529564652371,0.21640025990903186,0.2132293697205978,0.058817413905133197,1.0,0.0,1.0,0.0,3,0,5,1,0.08,0.04,81,95,standard,6,83
3,Meta Mixer: 5 players,2.122105263157895,0.44426250812215723,3.0,0.8148148148148148,0.23750487329434694,0.20675763482781026,0.22871994801819362,0.3270175438596491,0.5792607607362141,0.3049492327321155,0.5836059652544858,0.3338245234221573,3,0,5,1,0.08,0.04,81,95,standard,6,83
4,Alternator,1.9578947368421051,0.5052631578947369,0.0,1.0,0.15464587394411955,0.35061728395061725,0.250006497725796,0.2447303443794672,0.0,0.0,1.0,1.0,3,0,5,1,0.08,0.04,81,95,standard,6,83
5,Win-Shift Lose-Stay: D,1.4105263157894736,0.7113970110461338,0.0,0.0,0.1554775828460039,0.55591942820013,0.16280701754385968,0.12579597141000648,0.0,1.0,1.0,0.0,3,0,5,1,0.08,0.04,81,95,standard,6,83
0,Grudger,3.1785714285714284,0.625,3.0,1.0,0.5535714285714286,0.07142857142857142,0.2857142857142857,0.08928571428571429,1.0,0.0,0.0,0.0,3,0,5,1,0.09,0.08,44,8,standard,8,84
1,Win-Stay Lose-Shift,2.732142857142857,0.7321428571428571,1.0,1.0,0.6071428571428571,0.125,0.16071428571428573,0.10714285714285714,1.0,0.0,0.0,1.0,3,0,5,1,0.09,0.08,44,8,standard,8,84
2,Soft Joss: 0.9,2.5892857142857144,0.817775974025974,0.0,1.0,0.6294642857142857,0.18831168831168835,0.13027597402597402,0.05194805194805195,1.0,0.09628787878787878,1.0,0.08045977011494253,3,0,5,1,0.09,0.08,44,8,standard,8,84
3,GTFT: 0.33,2.4732142857142856,0.854301948051948,0.0,1.0,0.6436688311688312,0.21063311688311687,0.0982142857142857,0.04748376623376623,1.0,0.3050925925925926,1.0,0.25333333333333335,3,0,5,1,0.09,0.08,44,8,standard,8,84
4,"DoubleCrosser: (D, D)",2.4642857142857144,0.7142857142857143,4.0,1.0,0.5357142857142857,0.17857142857142858,0.14894480519480519,0.1367694805194805,0.8333333333333334,0.8055555555555555,0.0,0.0,3,0,5,1,0.09,0.08,44,8,standard,8,84
5,Alternator,2.392857142857143,0.5,3.0,1.0,0.2528409090909091,0.24715909090909088,0.2857142857142857,0.21428571428571427,0.0,0.0,1.0,1.0,3,0,5,1,0.09,0.08,44,8,standard,8,84
6,Win-Shift Lose-Stay: D,2.1964285714285716,0.5848214285714286,3.0,0.0,0.2122564935064935,0.37256493506493504,0.29017857142857145,0.125,0.0,1.0,1.0,0.0,3,0,5,1,0.09,0.08,44,8,standard,8,84
7,Bully,2.1607142857142856,0.4525162337662338,4.0,0.0,0.18303571428571427,0.2694805194805195,0.26339285714285715,0.2840909090909091,0.0,1.0,0.0,1.0,3,0,5,1,0.09,0.08,44,8,standard,8,84
0,Evolved HMM 5,3.955263157894737,0.5052631578947369,1.0,1.0,0.49736842105263157,0.007894736842105263,0.4921052631578947,0.002631578947368421,1.0,0.75,0.0,0.0,3,0,5,1,0.06,0.04,28,190,standard,3,85
1,Suspicious Tit For Tat,2.6342105263157896,0.7447368421052631,2.0,0.0,0.6210526315789473,0.12368421052631579,0.12894736842105264,0.12631578947368421,1.0,0.0,1.0,0.0,3,0,5,1,0.06,0.04,28,190,standard,3,85
2,Bully,1.144736842105263,0.7421052631578947,0.0,0.0,0.12368421052631579,0.618421052631579,0.12894736842105262,0.12894736842105264,0.0,1.0,0.0,1.0,3,0,5,1,0.06,0.04,28,190,standard,3,85
0,Evolved HMM 5,3.2363636363636363,0.4377671451355662,7.0,1.0,0.4023923444976077,0.03537480063795853,0.3670494417862839,0.19518341307814993,0.9959184089189238,0.3808867455592101,0.008456902283354882,0.14481037127184931,3,0,5,1,0.04,0.05,30,95,standard,12,86
1,Evolved FSM 16,3.1617224880382775,0.4240829346092504,6.0,1.0,0.38440191387559813,0.0396810207336523,0.35840510366826156,0.21751196172248802,0.7953777768884398,0.41057699285077387,0.0318924718677049,0.09505431744974874,3,0,5,1,0.04,0.05,30,95,standard,12,86
2,Meta Winner: 10 players,2.7918660287081343,0.16976076555023922,10.0,1.0,0.07272727272727272,0.0970334928229665,0.43224880382775127,0.39799043062200956,0.5872700458126776,0.6852310898154902,0.0491118804863048,0.16718296882225514,3,0,5,1,0.04,0.05,30,95,standard,12,86
3,GTFT: 0.33,2.2526315789473683,0.755438596491228,0.0,1.0,0.505645933014354,0.24979266347687396,0.12411483253588516,0.12044657097288675,1.0,0.3301971091417514,1.0,0.3348847305207978,3,0,5,1,0.04,0.05,30,95,standard,12,86
4,Win-Stay Lose-Shift,2.213397129186603,0.7172248803827751,1.0,1.0,0.5212440191387561,0.19598086124401914,0.09023923444976077,0.19253588516746412,1.0,0.0,0.0,1.0,3,0,5,1,0.04,0.05,30,95,standard,12,86
5,Tit For 2 Tats,2.14066985645933,0.8085167464114833,0.0,1.0,0.5629984051036683,0.24551834130781502,0.06484848484848485,0.1266347687400319,1.0,0.6895376110070625,1.0,0.0,3,0,5,1,0.04,0.05,30,95,standard,12,86
6,Meta Mixer: 10 players,2.096172248803828,0.482200956937799,6.0,0.7424242424242424,0.2237958532695375,0.2584051036682615,0.2290590111642743,0.28874003189792663,0.45760834197508765,0.5138700309654589,0.4378853516239855,0.5177976214533838,3,0,5,1,0.04,0.05,30,95,standard,12,86
7,Bully,2.0593301435406697,0.5396172248803828,6.0,0.0,0.20634768740031897,0.33326953748006377,0.24787878787878787,0.21250398724082933,0.0,1.0,0.0,1.0,3,0,5,1,0.04,0.05,30,95,standard,12,86
8,Random: 0.5,2.022966507177034,0.5036044657097288,5.0,0.5212121212121212,0.22022328548644338,0.28338118022328546,0.21942583732057416,0.27696969696969703,0.5181199876231013,0.4938388357457209,0.4986079326716412,0.5026837972795438,3,0,5,1,0.04,0.05,30,95,standard,12,86
9,Cycler DC,2.019138755980861,0.49473684210526314,5.0,0.0,0.22443381180223285,0.27030303030303027,0.21132376395534289,0.29393939393939394,0.0,0.0,1.0,1.0,3,0,5,1,0.04,0.05,30,95,standard,12,86
10,Alternator,2.0138755980861243,0.5052631578947369,3.0,1.0,0.23039872408293463,0.27486443381180226,0.20778309409888357,0.28695374800637957,0.0,0.0,1.0,1.0,3,0,5,1,0.04,0.05,30,95,standard,12,86
11,Anti Tit For Tat,1.6320574162679424,0.6360127591706539,4.0,1.0,0.21362041467304624,0.4223923444976077,0.15362041467304624,0.21036682615629984,0.0,1.0,0.0,1.0,3,0,5,1,0.04,0.05,30,95,standard,12,86
0,"DoubleCrosser: (D, D)",3.1865497076023392,0.6287221886132957,14.0,1.0,0.61167574107683,0.017046447536465687,0.2448477515628151,0.12643005982388925,0.994160570431757,0.784506471546236,0.017650495732479485,0.0,3,0,5,1,0.04,0.04,87,114,standard,16,87
1,Evolved HMM 5,3.180701754385965,0.6385763258721516,6.0,1.0,0.6183706392417826,0.02020568663036903,0.2411642132150299,0.12025946091281844,0.9975957056909321,0.4668173890041961,0.018687144325636108,0.1464868523393562,3,0,5,1,0.04,0.04,87,114,standard,16,87
2,Evolved FSM 16,3.1730994152046788,0.6015997849028702,6.0,1.0,0.5667473280903408,0.034852456812529416,0.26829333871076155,0.13010687638636823,0.884059351004152,0.5476586844239553,0.19168859882373626,0.04258629829651768,3,0,5,1,0.04,0.04,87,114,standard,16,87
3,Grudger,3.092397660818713,0.5406533575317605,6.0,1.0,0.5359749949586611,0.004678362573099415,0.255911810176783,0.20343483229145656,1.0,0.0,0.0,0.0,3,0,5,1,0.04,0.04,87,114,standard,16,87
4,Win-Stay Lose-Shift,2.7473684210526317,0.7343483229145661,2.0,1.0,0.6208913087315991,0.11345701418296698,0.1545540095449351,0.11109766754049873,1.0,0.0,0.0,1.0,3,0,5,1,0.04,0.04,87,114,standard,16,87
5,Tit For Tat,2.7169590643274852,0.7768568931908315,0.0,1.0,0.6039994622571755,0.17285743093365596,0.17042414465281977,0.05271896215634873,1.0,0.0,1.0,0.0,3,0,5,1,0.04,0.04,87,114,standard,16,87
6,GTFT: 0.33,2.624561403508772,0.8675068898299388,0.0,1.0,0.7051556093298381,0.16235128050010084,0.09429992606036161,0.038193184109699525,1.0,0.33539602504368843,1.0,0.3252492254160825,3,0,5,1,0.04,0.04,87,114,standard,16,87
7,Tit For 2 Tats,2.4754385964912284,0.9459635679236406,0.0,1.0,0.7711097667540499,0.17485380116959065,0.02694763729246488,0.027088794783894605,1.0,0.8602960400817139,1.0,0.0,3,0,5,1,0.04,0.04,87,114,standard,16,87
8,Suspicious Tit For Tat,2.3941520467836255,0.5896484506284869,8.0,0.0,0.39486455602608056,0.1947838946024064,0.199395039322444,0.210956510049069,1.0,0.0,1.0,0.0,3,0,5,1,0.04,0.04,87,114,standard,16,87
9,Cooperator,2.357894736842105,1.0,0.0,1.0,0.7852456812529407,0.21475431874705922,0.0,0.0,1.0,1.0,0.0,0.0,3,0,5,1,0.04,0.04,87,114,standard,16,87
10,Meta Mixer: 15 players,2.1672514619883043,0.4915507158701351,9.0,0.7639846743295019,0.2625260469180614,0.22902466895207368,0.2195469516703637,0.2889023324595012,0.6159473354581103,0.39454185455248025,0.5872027255008805,0.3849616901394885,3,0,5,1,0.04,0.04,87,114,standard,16,87
11,Alternator,2.1362573099415205,0.5,6.0,1.0,0.18177724003495327,0.31822275996504673,0.27236674060630506,0.22763325939369494,0.0,0.0,1.0,1.0,3,0,5,1,0.04,0.04,87,114,standard,16,87
12,Cycler DC,2.1181286549707603,0.5,4.0,0.0,0.17644686428715467,0.32355313571284533,0.2724339584593668,0.22756604154063317,0.0,0.0,1.0,1.0,3,0,5,1,0.04,0.04,87,114,standard,16,87
13,Random: 0.5,2.0742690058479534,0.4985749815150904,6.0,0.5157088122605364,0.22312966323855615,0.27544531827653423,0.22513947704510323,0.27628554143980644,0.4956526951533797,0.495943223905892,0.4993651503062995,0.49811406949783027,3,0,5,1,0.04,0.04,87,114,standard,16,87
14,Anti Tit For Tat,1.87953216374269,0.5846944948578342,6.0,1.0,0.21114472003764198,0.37354977482019225,0.2074746252604692,0.20783087988169655,0.0,1.0,0.0,1.0,3,0,5,1,0.04,0.04,87,114,standard,16,87
15,Win-Shift Lose-Stay: D,1.8046783625730993,0.6337702493782349,6.0,0.0,0.20276937554614502,0.4310008738320898,0.20783760166700277,0.15839214895476236,0.0,1.0,1.0,0.0,3,0,5,1,0.04,0.04,87,114,standard,16,87
0,Grudger,2.9903846153846154,0.5080128205128205,3.0,1.0,0.5016025641025641,0.00641025641025641,0.2483974358974359,0.24358974358974358,1.0,0.0,0.0,0.0,3,0,5,1,0.1,0.01,36,78,standard,9,88
1,Win-Stay Lose-Shift,2.9278846153846154,0.6698717948717948,1.0,1.0,0.5625000000000001,0.10737179487179487,0.2275641025641026,0.10256410256410257,1.0,0.0,0.0,1.0,3,0,5,1,0.1,0.01,36,78,standard,9,88
2,Tit For Tat,2.7676282051282053,0.7724358974358975,0.0,1.0,0.5432692307692308,0.22916666666666669,0.2275641025641026,0.0,1.0,0.0,1.0,0.0,3,0,5,1,0.1,0.01,36,78,standard,9,88
3,GTFT: 0.33,2.696314102564102,0.8846153846153846,0.0,1.0,0.7069088319088319,0.17770655270655272,0.11538461538461539,0.0,1.0,0.3412298015609791,1.0,0.0,3,0,5,1,0.1,0.01,36,78,standard,9,88
4,Alternator,2.46474358974359,0.5,4.0,1.0,0.15006232193732194,0.34993767806267806,0.3782051282051282,0.12179487179487179,0.0,0.0,1.0,1.0,3,0,5,1,0.1,0.01,36,78,standard,9,88
5,Cycler DC,2.432692307692308,0.5,2.0,0.0,0.1447204415954416,0.3552795584045584,0.375,0.125,0.0,0.0,1.0,1.0,3,0,5,1,0.1,0.01,36,78,standard,9,88
6,Cooperator,2.4326923076923075,1.0,0.0,1.0,0.8108974358974359,0.1891025641025641,0.0,0.0,1.0,1.0,0.0,0.0,3,0,5,1,0.1,0.01,36,78,standard,9,88
7,Suspicious Tit For Tat,2.1987179487179485,0.47275641025641024,3.0,0.0,0.24038461538461542,0.2323717948717949,0.2371794871794872,0.2900641025641026,1.0,0.0,1.0,0.0,3,0,5,1,0.1,0.01,36,78,standard,9,88
8,Win-Shift Lose-Stay: D,1.9198717948717947,0.5931267806267806,3.0,0.0,0.21180555555555555,0.38132122507122507,0.21937321937321935,0.1875,0.0,1.0,1.0,0.0,3,0,5,1,0.1,0.01,36,78,standard,9,88
0,"DoubleCrosser: (D, D)",2.995291902071563,0.59469868173258,15.0,1.0,0.5620903954802261,0.032608286252354055,0.22520715630885124,0.18009416195856875,0.9887893859558448,0.7767416617327807,0.03517241379310345,0.0,3,0,5,1,0.02,0.04,100,59,standard,19,89
1,Evolved HMM 5,2.980225988700565,0.6316101694915254,6.0,1.0,0.5741619585687382,0.05744821092278719,0.22200564971751413,0.1463841807909604,0.9973952956156652,0.47117624570535266,0.017667146445404,0.19266941863611511,3,0,5,1,0.02,0.04,100,59,standard,19,89
2,Grudger,2.951977401129944,0.5150282485875706,6.0,1.0,0.5056120527306969,0.009416195856873824,0.23737288135593224,0.24759887005649717,1.0,0.0,0.0,0.0,3,0,5,1,0.02,0.04,100,59,standard,19,89
3,Evolved FSM 16,2.946798493408663,0.6356308851224105,6.0,1.0,0.5336346516007533,0.10199623352165721,0.2453295668549906,0.11903954802259885,0.8972456116600331,0.5227045217418654,0.22177433777619168,0.3784268598536318,3,0,5,1,0.02,0.04,100,59,standard,19,89
4,Meta Winner: 17 players,2.613935969868173,0.052354048964218455,15.0,1.0,0.0324105461393597,0.019943502824858756,0.3873352165725047,0.5603107344632767,0.523795191688628,0.3624391222504967,0.011797889780465448,0.021402554452385644,3,0,5,1,0.02,0.04,100,59,standard,19,89
5,Tit For Tat,2.5254237288135593,0.7072504708097929,0.0,1.0,0.5737193973634652,0.13353107344632767,0.1278813559322034,0.16486817325800376,1.0,0.0,1.0,0.0,3,0,5,1,0.02,0.04,100,59,standard,19,89
6,Soft Joss: 0.9,2.5028248587570623,0.7506308851224105,0.0,1.0,0.6182297551789078,0.13240112994350284,0.09893596986817327,0.1504331450094162,1.0,0.10103414263323093,1.0,0.10188736885557943,3,0,5,1,0.02,0.04,100,59,standard,19,89
7,Win-Stay Lose-Shift,2.4557438794726933,0.734472693032015,2.0,1.0,0.5777966101694916,0.15667608286252352,0.11472693032015065,0.15080037664783427,1.0,0.0,0.0,1.0,3,0,5,1,0.02,0.04,100,59,standard,19,89
8,Defector,2.4312617702448214,0.0,16.0,0.0,0.0,0.0,0.3580037664783428,0.6419962335216572,0.0,0.0,0.0,0.0,3,0,5,1,0.02,0.04,100,59,standard,19,89
9,GTFT: 0.33,2.408662900188324,0.8148870056497175,0.0,1.0,0.6476365348399247,0.16725047080979286,0.06953860640301318,0.11557438794726929,1.0,0.3368621231704329,1.0,0.3347453442364015,3,0,5,1,0.02,0.04,100,59,standard,19,89
10,Tit For 2 Tats,2.3465160075329567,0.8277306967984934,0.0,1.0,0.6792090395480226,0.14852165725047078,0.03467984934086629,0.1375894538606403,1.0,0.737584836070966,1.0,0.0,3,0,5,1,0.02,0.04,100,59,standard,19,89
11,Suspicious Tit For Tat,2.266478342749529,0.5367702448210923,9.0,0.0,0.377090395480226,0.1596798493408663,0.16807909604519775,0.29515065913370997,1.0,0.0,1.0,0.0,3,0,5,1,0.02,0.04,100,59,standard,19,89
12,Meta Mixer: 17 players,2.074387947269303,0.46682674199623353,9.0,0.7488888888888889,0.23486817325800377,0.23195856873822976,0.21005649717514124,0.3231167608286253,0.5886163243051035,0.390576752298897,0.5640900200406989,0.3727736713981508,3,0,5,1,0.02,0.04,100,59,standard,19,89
13,Cooperator,2.0395480225988702,1.0,0.0,1.0,0.68030131826742,0.31969868173258004,0.0,0.0,1.0,1.0,0.0,0.0,3,0,5,1,0.02,0.04,100,59,standard,19,89
14,Alternator,1.9811676082862522,0.5084745762711864,4.0,1.0,0.19247645951035783,0.3159981167608287,0.22795668549905837,0.2635687382297552,0.0,0.0,1.0,1.0,3,0,5,1,0.02,0.04,100,59,standard,19,89
15,Random: 0.5,1.9595103578154425,0.4990583804143126,7.0,0.515,0.20679849340866294,0.29225988700564964,0.20922787193973633,0.29171374764595104,0.49113112554238,0.5007618665238072,0.4931842508748397,0.5014642137116747,3,0,5,1,0.02,0.04,100,59,standard,19,89
16,Bully,1.89030131826742,0.5813747645951036,8.0,0.0,0.15501883239171377,0.42635593220338985,0.2522787193973635,0.16634651600753295,0.0,1.0,0.0,1.0,3,0,5,1,0.02,0.04,100,59,standard,19,89
17,Win-Shift Lose-Stay: D,1.7994350282485874,0.5964595103578154,7.0,0.0,0.1935310734463277,0.40292843691148783,0.2050659133709981,0.19847457627118645,0.0,1.0,1.0,0.0,3,0,5,1,0.02,0.04,100,59,standard,19,89
18,Anti Tit For Tat,1.6318267419962336,0.6458097928436911,7.0,1.0,0.16699623352165724,0.47881355932203395,0.193804143126177,0.16038606403013184,0.0,1.0,0.0,1.0,3,0,5,1,0.02,0.04,100,59,standard,19,89
0,"DoubleCrosser: (D, D)",3.0762711864406778,0.4154007295313713,10.0,1.0,0.392203682814995,0.023197046716376367,0.32779836807641033,0.2568009023922183,0.9957509318528561,0.7728843669250646,0.008974559038654484,0.0,3,0,5,1,0.0,0.03,89,118,standard,14,90
1,Meta Winner: 12 players,3.0117340286831813,0.02587053015542827,11.0,1.0,0.014173124533055973,0.011697405622372294,0.4878191699749499,0.48631029986962193,0.5628838132540791,0.43633628436489375,0.008199924177636072,0.015763061327563704,3,0,5,1,0.0,0.03,89,118,standard,14,90
2,Evolved FSM 16,2.9713168187744454,0.47706663932144794,6.0,1.0,0.34278452455942465,0.13428211476202334,0.355229040622299,0.167704320056253,0.8949098457104743,0.5243198141887458,0.1849260652587937,0.3806287830559194,3,0,5,1,0.0,0.03,89,118,standard,14,90
3,Defector,2.7366362451108213,0.0,11.0,0.0,0.0,0.0,0.43385142756691025,0.5661485724330897,0.0,0.0,0.0,0.0,3,0,5,1,0.0,0.03,89,118,standard,14,90
4,Tit For Tat,2.3422425032594525,0.5889500900927296,0.0,1.0,0.4062376397169769,0.18271245037575262,0.1781931646719306,0.23285674523533978,1.0,0.0,1.0,0.0,3,0,5,1,0.0,0.03,89,118,standard,14,90
5,Win-Stay Lose-Shift,2.2385919165580184,0.6317038512810746,1.0,1.0,0.41582555703675494,0.21587829424431973,0.1560801605554986,0.21221598816342674,1.0,0.0,0.0,1.0,3,0,5,1,0.0,0.03,89,118,standard,14,90
6,Suspicious Tit For Tat,2.1323337679269883,0.45423582321316086,7.0,0.0,0.2496740547588005,0.20456176845436033,0.20906640493385875,0.3366977718529804,1.0,0.0,1.0,0.0,3,0,5,1,0.0,0.03,89,118,standard,14,90
7,Meta Mixer: 12 players,1.9661016949152545,0.4561109239265781,7.0,0.5384615384615384,0.191428738848278,0.2646821850783001,0.2137761305538872,0.33011294551953474,0.475367368712742,0.4376182487189338,0.4814270941275354,0.4459462593762546,3,0,5,1,0.0,0.03,89,118,standard,14,90
8,Bully,1.9517601043024773,0.5722939220368282,5.0,0.0,0.16551426101987896,0.4067796610169491,0.2569034469624833,0.1708026310006885,0.0,1.0,0.0,1.0,3,0,5,1,0.0,0.03,89,118,standard,14,90
9,Random: 0.5,1.8761408083441984,0.500307633710795,4.0,0.5203111495246326,0.19853361264521044,0.30177402106558454,0.19711996249798572,0.30257240379121925,0.500667073604953,0.4990074720733271,0.4985834815275872,0.5027368113140058,3,0,5,1,0.0,0.03,89,118,standard,14,90
10,Cycler DC,1.8552803129074316,0.5,3.0,0.0,0.19409489767516813,0.3059051023248319,0.1929888812387384,0.3070111187612616,0.0,0.0,1.0,1.0,3,0,5,1,0.0,0.03,89,118,standard,14,90
11,Win-Shift Lose-Stay: D,1.6734028683181223,0.5450683386314694,6.0,0.0,0.1719525951100889,0.37311574352138055,0.1770651743990156,0.27786648696951494,0.0,1.0,1.0,0.0,3,0,5,1,0.0,0.03,89,118,standard,14,90
12,Cooperator,1.6447196870925684,1.0,0.0,1.0,0.5479542358232131,0.4520457641767868,0.0,0.0,1.0,1.0,0.0,0.0,3,0,5,1,0.0,0.03,89,118,standard,14,90
13,Anti Tit For Tat,1.5638852672750976,0.6565709095703383,3.0,1.0,0.17009214362099528,0.4864787659493429,0.1772189912544131,0.16621009917524868,0.0,1.0,0.0,1.0,3,0,5,1,0.0,0.03,89,118,standard,14,90
0,Evolved HMM 5,2.9444444444444446,0.6459299959299959,6.0,1.0,0.5789580789580788,0.06697191697191697,0.21373626373626373,0.14033374033374033,0.9979396092252059,0.4997222874324735,0.014110745817169307,0.1860327912232035,3,0,5,1,0.08,0.01,91,30,standard,19,91
1,Grudger,2.937037037037037,0.5275335775335775,6.0,1.0,0.509015059015059,0.018518518518518517,0.23445258445258446,0.23801383801383805,1.0,0.0,0.0,0.0,3,0,5,1,0.08,0.01,91,30,standard,19,91
2,"DoubleCrosser: (D, D)",2.9055555555555554,0.624969474969475,15.0,1.0,0.562962962962963,0.062006512006512,0.2102157102157102,0.16481481481481483,0.9769920347366,0.7777497705272608,0.02086832381592207,0.0,3,0,5,1,0.08,0.01,91,30,standard,19,91
3,Evolved FSM 16,2.901851851851852,0.6521978021978022,6.0,1.0,0.5425925925925925,0.10960520960520961,0.23150183150183146,0.1163003663003663,0.9436802778525193,0.5034470965499694,0.25339657987275643,0.36779450262231117,3,0,5,1,0.08,0.01,91,30,standard,19,91
4,Meta Winner: 17 players,2.5999999999999996,0.10284900284900285,15.0,1.0,0.061253561253561246,0.041595441595441596,0.3758445258445259,0.5213064713064712,0.5453453756623133,0.350539630111165,0.01886064730276643,0.0390113726050411,3,0,5,1,0.08,0.01,91,30,standard,19,91
5,Tit For Tat,2.5277777777777777,0.714977614977615,0.0,1.0,0.5756410256410257,0.13933658933658932,0.1282865282865283,0.15673585673585672,1.0,0.0,1.0,0.0,3,0,5,1,0.08,0.01,91,30,standard,19,91
6,Soft Joss: 0.9,2.4981481481481485,0.7536426536426536,0.0,1.0,0.6126170126170126,0.141025641025641,0.10341880341880344,0.14293854293854294,1.0,0.1020461505460984,1.0,0.09479054582969361,3,0,5,1,0.08,0.01,91,30,standard,19,91
7,Win-Stay Lose-Shift,2.464814814814815,0.7378103378103378,2.0,1.0,0.5819088319088319,0.1559015059015059,0.11328856328856328,0.14890109890109893,1.0,0.0,0.0,1.0,3,0,5,1,0.08,0.01,91,30,standard,19,91
8,Defector,2.4592592592592593,0.0,16.0,0.0,0.0,0.0,0.3657916157916158,0.6342083842083842,0.0,0.0,0.0,0.0,3,0,5,1,0.08,0.01,91,30,standard,19,91
9,GTFT: 0.33,2.3962962962962964,0.818030118030118,0.0,1.0,0.6455229955229956,0.1725071225071225,0.06975986975986975,0.1122100122100122,1.0,0.33866314945432874,1.0,0.33464262757088487,3,0,5,1,0.08,0.01,91,30,standard,19,91
10,Tit For 2 Tats,2.3555555555555556,0.8396011396011396,0.0,1.0,0.6848188848188849,0.15478225478225477,0.03451363451363451,0.12588522588522588,1.0,0.742805325015304,1.0,0.0,3,0,5,1,0.08,0.01,91,30,standard,19,91
11,Suspicious Tit For Tat,2.2870370370370368,0.524969474969475,10.0,0.0,0.3608058608058608,0.16416361416361414,0.18227513227513226,0.29275539275539275,1.0,0.0,1.0,0.0,3,0,5,1,0.08,0.01,91,30,standard,19,91
12,Meta Mixer: 17 players,2.151851851851852,0.4955026455026455,8.0,0.6843711843711844,0.2668091168091168,0.22869352869352866,0.2133089133089133,0.2911884411884411,0.6081759756086684,0.3931261872920038,0.5838543074648832,0.38898096424409306,3,0,5,1,0.08,0.01,91,30,standard,19,91
13,Random: 0.5,2.05,0.5016687016687017,7.0,0.4987789987789988,0.22244607244607245,0.27922262922262925,0.22126577126577127,0.2770655270655271,0.5033338549446724,0.5030929901197925,0.5006368515499641,0.5012713803735032,3,0,5,1,0.08,0.01,91,30,standard,19,91
14,Cycler DC,2.0425925925925927,0.5,6.0,0.0,0.18954008954008955,0.31045991045991045,0.242979242979243,0.25702075702075705,0.0,0.0,1.0,1.0,3,0,5,1,0.08,0.01,91,30,standard,19,91
15,Cooperator,2.038888888888889,1.0,0.0,1.0,0.6791819291819291,0.3208180708180708,0.0,0.0,1.0,1.0,0.0,0.0,3,0,5,1,0.08,0.01,91,30,standard,19,91
16,Bully,1.9537037037037035,0.5634513634513635,8.0,0.0,0.15571835571835574,0.4077330077330077,0.26216931216931216,0.1743793243793244,0.0,1.0,0.0,1.0,3,0,5,1,0.08,0.01,91,30,standard,19,91
17,Win-Shift Lose-Stay: D,1.8814814814814815,0.5825600325600325,8.0,0.0,0.20022385022385022,0.38233618233618233,0.21695156695156695,0.20048840048840047,0.0,1.0,1.0,0.0,3,0,5,1,0.08,0.01,91,30,standard,19,91
18,Anti Tit For Tat,1.6833333333333331,0.6377085877085877,7.0,1.0,0.17360602360602356,0.4641025641025641,0.20002035002035,0.16227106227106225,0.0,1.0,0.0,1.0,3,0,5,1,0.08,0.01,91,30,standard,19,91
0,Defector,2.625766871165644,0.0,12.0,0.0,0.0,0.0,0.40620276518182624,0.5937972348181738,0.0,0.0,0.0,0.0,3,0,5,1,0.07,0.09,92,163,standard,13,92
1,Meta Winner: 11 players,2.611707566462168,0.01775473459589224,11.0,1.0,0.010002667377967457,0.007752067217924779,0.40023450697963897,0.5820107584244688,0.47803954952540434,0.4475152115281859,0.007284780786891296,0.012806359085527755,3,0,5,1,0.07,0.09,92,163,standard,13,92
2,Tit For Tat,2.332310838445808,0.5864174891082067,0.0,1.0,0.41807815417444655,0.1683393349337601,0.16573864141548858,0.24784386947630477,1.0,0.0,1.0,0.0,3,0,5,1,0.07,0.09,92,163,standard,13,92
3,Soft Joss: 0.9,2.2704498977505114,0.6259669245132036,0.0,1.0,0.4324153107495332,0.1935516137636703,0.14983995732195252,0.2241931181648439,1.0,0.09905243556970515,1.0,0.0971898266238061,3,0,5,1,0.07,0.09,92,163,standard,13,92
4,Bully,2.2310838445807772,0.5046679114430515,7.0,0.0,0.22885547257046324,0.2758124388725883,0.2629812394416289,0.23235084911531964,0.0,1.0,0.0,1.0,3,0,5,1,0.07,0.09,92,163,standard,13,92
5,Cycler DC,2.218302658486708,0.49693251533742333,7.0,0.0,0.20439339379390056,0.29253912154352274,0.27561238552502887,0.22745509913754783,0.0,0.0,1.0,1.0,3,0,5,1,0.07,0.09,92,163,standard,13,92
6,Alternator,2.210633946830266,0.5030674846625767,4.0,1.0,0.207888770338757,0.29517871432381965,0.2721170089801725,0.22481550635725087,0.0,0.0,1.0,1.0,3,0,5,1,0.07,0.09,92,163,standard,13,92
7,Meta Mixer: 11 players,2.117842535787321,0.493031475060016,6.0,0.6621376811594203,0.235546145638837,0.25748532942117897,0.22646594647461546,0.2805025784653685,0.5567969413854102,0.45024239719262443,0.5518972462864298,0.45056449139282734,3,0,5,1,0.07,0.09,92,163,standard,13,92
8,Random: 0.5,2.113752556237219,0.5010669511869832,6.5,0.490036231884058,0.2303447586022939,0.27072219258468927,0.22971681337245484,0.26921623544056195,0.4954605516176153,0.5001919330408187,0.5005407629178232,0.501690888351533,3,0,5,1,0.07,0.09,92,163,standard,13,92
9,GTFT: 0.33,2.108640081799591,0.7152796301235885,0.0,1.0,0.4607339735040456,0.254545656619543,0.10989597225926916,0.17482439761714233,1.0,0.33075287892002875,1.0,0.3352776885778515,3,0,5,1,0.07,0.09,92,163,standard,13,92
10,Win-Stay Lose-Shift,2.060838445807771,0.6967969236240775,1.0,1.0,0.4744987552236151,0.22229816840046232,0.0830388103494265,0.2201642660264959,1.0,0.0,0.0,1.0,3,0,5,1,0.07,0.09,92,163,standard,13,92
11,Tit For 2 Tats,2.0291411042944785,0.7321619098426247,0.0,1.0,0.5170212056548413,0.21514070418778342,0.05276407041877834,0.21507401973859697,1.0,0.6718679099229069,1.0,0.0,3,0,5,1,0.07,0.09,92,163,standard,13,92
12,Anti Tit For Tat,1.81799591002045,0.5919411843158175,6.0,1.0,0.23297323730772646,0.35896794700809104,0.1777251711567529,0.23033364452742955,0.0,1.0,0.0,1.0,3,0,5,1,0.07,0.09,92,163,standard,13,92
0,Grudger,3.200956937799043,0.6430622009569378,4.0,1.0,0.6392344497607655,0.003827751196172249,0.23197298057979177,0.12496481846327048,1.0,0.0,0.0,0.0,3,0,5,1,0.03,0.05,17,95,standard,12,93
1,Evolved HMM 5,3.166507177033493,0.672558401350971,3.0,1.0,0.6413734871939206,0.03118491415705038,0.2288770053475936,0.09856459330143541,1.0,0.4163554310613134,0.006993006993006993,0.24232804232804234,3,0,5,1,0.03,0.05,17,95,standard,12,93
2,Evolved FSM 16,3.1444976076555022,0.6966507177033493,3.0,1.0,0.642161553616662,0.05448916408668731,0.22876442443005915,0.07458485786659162,0.9333333333333332,0.4903628117913832,0.01685814185814186,0.43046594982078856,3,0,5,1,0.03,0.05,17,95,standard,12,93
3,Win-Stay Lose-Shift,2.7435406698564595,0.7923444976076555,1.0,1.0,0.6947368421052631,0.09760765550239235,0.11291866028708132,0.09473684210526317,1.0,0.0,0.0,1.0,3,0,5,1,0.03,0.05,17,95,standard,12,93
4,Tit For Tat,2.690909090909091,0.7963411201801295,0.0,1.0,0.69377990430622,0.10256121587390937,0.10160427807486631,0.10205460174500423,1.0,0.0,1.0,0.0,3,0,5,1,0.03,0.05,17,95,standard,12,93
5,Soft Joss: 0.9,2.6555023923444976,0.8143540669856459,0.0,1.0,0.700591049817056,0.11376301716858993,0.09158457641429778,0.09406135660005631,1.0,0.11323452099869574,1.0,0.0899943124644529,3,0,5,1,0.03,0.05,17,95,standard,12,93
6,Meta Winner: 11 players,2.4736842105263155,0.07604840979453982,9.0,1.0,0.03490008443568816,0.04114832535885168,0.3624542640022516,0.5614973262032086,0.435479341704181,0.7662700988191185,0.020559399996043073,0.04008803067673544,3,0,5,1,0.03,0.05,17,95,standard,12,93
7,Tit For 2 Tats,2.4516746411483252,0.8873627920067548,0.0,1.0,0.7504643962848297,0.13689839572192514,0.02200956937799043,0.0906276386152547,1.0,0.7507309941520468,1.0,0.0,3,0,5,1,0.03,0.05,17,95,standard,12,93
8,Cooperator,2.1875598086124404,1.0,0.0,1.0,0.7291866028708133,0.2708133971291866,0.0,0.0,1.0,1.0,0.0,0.0,3,0,5,1,0.03,0.05,17,95,standard,12,93
9,Alternator,2.015311004784689,0.5052631578947369,3.0,1.0,0.1979172530256122,0.30734590486912466,0.23180410920348998,0.26293273290177316,0.0,0.0,1.0,1.0,3,0,5,1,0.03,0.05,17,95,standard,12,93
10,Win-Shift Lose-Stay: D,1.8363636363636362,0.6450323670137912,5.0,0.0,0.20681114551083593,0.4382212215029552,0.21525471432592178,0.1397129186602871,0.0,1.0,1.0,0.0,3,0,5,1,0.03,0.05,17,95,standard,12,93
11,Bully,1.7483253588516745,0.6111455108359133,5.0,0.0,0.16768927666760483,0.4434562341683085,0.21407261469180972,0.17478187447227692,0.0,1.0,0.0,1.0,3,0,5,1,0.03,0.05,17,95,standard,12,93
0,Evolved HMM 5,2.77734375,0.6763200431034483,5.0,1.0,0.5893049568965517,0.08701508620689656,0.1705280172413793,0.15315193965517243,1.0,0.4963457308430278,0.018018018018018018,0.1537241075907379,3,0,5,1,0.03,0.05,29,16,standard,17,94
1,Grudger,2.76953125,0.5517241379310345,5.0,1.0,0.5165678879310345,0.03515625,0.19302262931034483,0.25525323275862066,1.0,0.0,0.0,0.0,3,0,5,1,0.03,0.05,29,16,standard,17,94
2,Evolved FSM 16,2.72265625,0.6955818965517241,4.0,1.0,0.5696390086206896,0.12594288793103448,0.17860991379310345,0.12580818965517243,0.9055374055374054,0.46253349824778395,0.36014678061726574,0.3381508445621061,3,0,5,1,0.03,0.05,29,16,standard,17,94
3,"DoubleCrosser: (D, D)",2.69921875,0.6833243534482759,10.0,1.0,0.5743534482758621,0.1089709051724138,0.16554418103448276,0.15113146551724138,0.9499297694786417,0.7886904761904762,0.02564102564102564,0.0,3,0,5,1,0.03,0.05,29,16,standard,17,94
4,Meta Winner: 15 players,2.52734375,0.1939655172413793,13.0,1.0,0.1228448275862069,0.07112068965517242,0.33647629310344823,0.4695581896551725,0.491918340310007,0.4152661388380952,0.03808849021941081,0.08206038182990537,3,0,5,1,0.03,0.05,29,16,standard,17,94
5,Tit For Tat,2.5078125,0.728448275862069,0.0,1.0,0.5809536637931034,0.14749461206896552,0.12405711206896552,0.14749461206896552,1.0,0.0,1.0,0.0,3,0,5,1,0.03,0.05,29,16,standard,17,94
6,Win-Stay Lose-Shift,2.48828125,0.7400323275862069,2.0,1.0,0.5808189655172413,0.1592133620689655,0.11961206896551724,0.14035560344827586,1.0,0.0,0.0,1.0,3,0,5,1,0.03,0.05,29,16,standard,17,94
7,Defector,2.4375,0.0,14.0,0.0,0.0,0.0,0.35964439655172414,0.6403556034482758,0.0,0.0,0.0,0.0,3,0,5,1,0.03,0.05,29,16,standard,17,94
8,GTFT: 0.33,2.3984375,0.8310883620689655,0.0,1.0,0.6489762931034483,0.18211206896551724,0.07044719827586207,0.09846443965517242,1.0,0.3635835635661808,1.0,0.3156716231380162,3,0,5,1,0.03,0.05,29,16,standard,17,94
9,Tit For 2 Tats,2.33203125,0.8657058189655172,0.0,1.0,0.6980064655172414,0.16769935344827588,0.02532327586206897,0.10897090517241381,1.0,0.7776510212950891,1.0,0.0,3,0,5,1,0.03,0.05,29,16,standard,17,94
10,Meta Mixer: 15 players,2.2890625,0.5242456896551724,8.0,0.6961206896551724,0.31573275862068967,0.20851293103448273,0.2109375,0.26481681034482757,0.6385486172583836,0.37695192408418116,0.6036995249765582,0.36172129147646653,3,0,5,1,0.03,0.05,29,16,standard,17,94
11,Suspicious Tit For Tat,2.27734375,0.5030980603448276,7.0,0.0,0.33674568965517243,0.1663523706896552,0.19342672413793102,0.3034752155172414,1.0,0.0,1.0,0.0,3,0,5,1,0.03,0.05,29,16,standard,17,94
12,Alternator,2.16015625,0.5,5.0,1.0,0.21295797413793102,0.287042025862069,0.2544450431034483,0.2455549568965517,0.0,0.0,1.0,1.0,3,0,5,1,0.03,0.05,29,16,standard,17,94
13,Random: 0.5,2.125,0.4995959051724138,6.0,0.5129310344827587,0.23720366379310345,0.26239224137931033,0.22898706896551724,0.271417025862069,0.4768249787027405,0.5030413759779239,0.5109218729905456,0.5120628157551269,3,0,5,1,0.03,0.05,29,16,standard,17,94
14,Cooperator,2.09765625,1.0,0.0,1.0,0.6978717672413793,0.3021282327586207,0.0,0.0,1.0,1.0,0.0,0.0,3,0,5,1,0.03,0.05,29,16,standard,17,94
15,Bully,1.90234375,0.560479525862069,6.0,0.0,0.15625,0.40422952586206895,0.24555495689655177,0.19396551724137934,0.0,1.0,0.0,1.0,3,0,5,1,0.03,0.05,29,16,standard,17,94
16,Win-Shift Lose-Stay: D,1.890625,0.5765086206896551,6.0,0.0,0.19140625000000006,0.3851023706896552,0.22386853448275865,0.19962284482758622,0.0,1.0,1.0,0.0,3,0,5,1,0.03,0.05,29,16,standard,17,94
0,Defector,3.0238095238095237,0.0,12.0,0.0,0.0,0.0,0.5058831672203765,0.4941168327796235,0.0,0.0,0.0,0.0,3,0,5,1,0.04,0.03,86,14,standard,13,95
1,Grudger,2.875,0.49356312292358806,5.0,1.0,0.4518964562569214,0.04166666666666666,0.25131506090808414,0.25512181616832785,1.0,0.0,0.0,0.0,3,0,5,1,0.04,0.03,86,14,standard,13,95
2,Meta Winner: 11 players,2.785714285714286,0.2007890365448505,10.0,1.0,0.11676356589147287,0.08402547065337762,0.408499446290144,0.3907115171650055,0.48010667334574836,0.3955786086956415,0.015249692320586818,0.09164358485563756,3,0,5,1,0.04,0.03,86,14,standard,13,95
3,Evolved HMM 5,2.7351190476190474,0.5855481727574751,5.0,1.0,0.4736987818383167,0.11184939091915837,0.225359911406423,0.18909191583610188,0.9976260707935996,0.4009660300449197,0.011099974745880422,0.178364521755085,3,0,5,1,0.04,0.03,86,14,standard,13,95
4,Bully,2.2738095238095237,0.48165836101882614,6.0,0.0,0.13524363233665557,0.3464147286821705,0.339562569213732,0.17877906976744184,0.0,1.0,0.0,1.0,3,0,5,1,0.04,0.03,86,14,standard,13,95
5,GTFT: 0.33,2.1964285714285716,0.77062569213732,0.0,1.0,0.5494878183831673,0.2211378737541528,0.07821151716500553,0.15116279069767444,1.0,0.32814542103991,1.0,0.35032674507084605,3,0,5,1,0.04,0.03,86,14,standard,13,95
6,Random: 0.5,2.1726190476190474,0.4991002214839424,5.0,0.49806201550387597,0.2388565891472868,0.2602436323366556,0.23774916943521596,0.2631506090808416,0.48887398978614444,0.5001638436432942,0.5075862299559009,0.5035108018299254,3,0,5,1,0.04,0.03,86,14,standard,13,95
7,Meta Mixer: 11 players,2.1636904761904763,0.5185492801771872,5.0,0.688953488372093,0.27332502768549277,0.24522425249169436,0.2162236987818383,0.26522702104097456,0.5252582296404057,0.4777868104975864,0.4959147602991514,0.511540297325074,3,0,5,1,0.04,0.03,86,14,standard,13,95
8,Tit For 2 Tats,2.1398809523809526,0.7839147286821705,0.0,1.0,0.5723283499446291,0.21158637873754155,0.052394795127353275,0.16369047619047622,1.0,0.627267544401023,1.0,0.0,3,0,5,1,0.04,0.03,86,14,standard,13,95
9,Win-Stay Lose-Shift,2.136904761904762,0.7592746400885936,0.0,1.0,0.555094130675526,0.20418050941306756,0.0592469545957918,0.18147840531561463,1.0,0.0,0.0,1.0,3,0,5,1,0.04,0.03,86,14,standard,13,95
10,Cycler DC,2.125,0.5,5.0,0.0,0.2563676633444076,0.24363233665559245,0.21497785160575855,0.2850221483942414,0.0,0.0,1.0,1.0,3,0,5,1,0.04,0.03,86,14,standard,13,95
11,Anti Tit For Tat,1.8809523809523812,0.6101190476190477,5.0,1.0,0.18009413067552602,0.4300249169435216,0.23747231450719827,0.15240863787375414,0.0,1.0,0.0,1.0,3,0,5,1,0.04,0.03,86,14,standard,13,95
12,Cooperator,1.7142857142857144,1.0,0.0,1.0,0.5730897009966777,0.4269102990033223,0.0,0.0,1.0,1.0,0.0,0.0,3,0,5,1,0.04,0.03,86,14,standard,13,95
0,"DoubleCrosser: (D, D)",3.2222665602553873,0.5203339941130534,13.0,1.0,0.5062645350084528,0.014069459104600572,0.30576508851873785,0.1739009173682088,0.9966488490900764,0.7744166537427939,0.01583248435054351,0.0,3,0,5,1,0.09,0.03,93,179,standard,15,96
1,Evolved HMM 5,3.1875498802873103,0.5591998558298793,6.0,1.0,0.5178968325481211,0.04130302328175818,0.29810176007689076,0.14269838409323002,0.9964937936442902,0.49360907559450556,0.011831189642829934,0.18047124993597555,3,0,5,1,0.09,0.03,93,179,standard,15,96
2,Grudger,3.1097366320830004,0.43396064498965925,7.0,1.0,0.43036926430330646,0.0035913806863527536,0.3126861124698573,0.2533532425404835,1.0,0.0,0.0,0.0,3,0,5,1,0.09,0.03,93,179,standard,15,96
3,Meta Winner: 13 players,2.5937749401436556,0.04163770391919608,11.0,1.0,0.019844845489105714,0.021792858430090354,0.3858395764144548,0.5725227196663492,0.48229770996436333,0.6933700015378522,0.0179150782382943,0.025671942812372332,3,0,5,1,0.09,0.03,93,179,standard,15,96
4,Soft Joss: 0.9,2.526735833998404,0.7475521114915601,0.0,1.0,0.5950578825871672,0.1524942289043929,0.12230860987393696,0.130139278634503,1.0,0.10230761520192716,1.0,0.09862683777199074,3,0,5,1,0.09,0.03,93,179,standard,15,96
5,Win-Stay Lose-Shift,2.4836392657621706,0.6921882106600074,2.0,1.0,0.5296192364132534,0.162568974246754,0.14713933870538667,0.160672450634606,1.0,0.0,0.0,1.0,3,0,5,1,0.09,0.03,93,179,standard,15,96
6,GTFT: 0.33,2.408220271348763,0.8072668606098052,0.0,1.0,0.6191463069278892,0.1881205536819161,0.08972015549777308,0.10301298389242163,1.0,0.3300367153791166,1.0,0.332389609001167,3,0,5,1,0.09,0.03,93,179,standard,15,96
7,Tit For 2 Tats,2.315243415802075,0.8448583614379254,0.0,1.0,0.6584712818268414,0.18638707961108394,0.046022878425113066,0.10911876013696163,1.0,0.7644511572281009,1.0,0.0,3,0,5,1,0.09,0.03,93,179,standard,15,96
8,Suspicious Tit For Tat,2.245411013567438,0.5497558547657665,6.0,0.0,0.4137038848698607,0.13605196989590576,0.13842906057719537,0.31181508465703817,1.0,0.0,1.0,0.0,3,0,5,1,0.09,0.03,93,179,standard,15,96
9,Meta Mixer: 13 players,2.0383080606544293,0.44098893837585496,9.0,0.6612903225806451,0.20223292056054712,0.23875601781530778,0.22177312085403633,0.33723794077010877,0.5348820610111249,0.4000495238585383,0.5293334411298598,0.39806348459707663,3,0,5,1,0.09,0.03,93,179,standard,15,96
10,Cycler DC,1.950119712689545,0.4972067039106145,5.0,0.0,0.19353551476456501,0.30367118914604946,0.21697603171742658,0.28581726437195887,0.0,0.0,1.0,1.0,3,0,5,1,0.09,0.03,93,179,standard,15,96
11,Random: 0.5,1.9249800478850758,0.49998712766779085,6.0,0.48003072196620583,0.2049361103244686,0.29505101734332223,0.20369607565498718,0.29631679667722194,0.5028913548867443,0.5028892458999109,0.5017317663056616,0.4988414256066614,3,0,5,1,0.09,0.03,93,179,standard,15,96
12,Bully,1.8579409417398245,0.5880553338653898,5.0,0.0,0.18483381819117986,0.4032215156742099,0.22315046040041533,0.18879420573419492,0.0,1.0,0.0,1.0,3,0,5,1,0.09,0.03,93,179,standard,15,96
13,Win-Shift Lose-Stay: D,1.695929768555467,0.622913609487767,6.0,0.0,0.18712080254700547,0.43579280694076156,0.1910811900900205,0.1860052004222125,0.0,1.0,1.0,0.0,3,0,5,1,0.09,0.03,93,179,standard,15,96
14,Anti Tit For Tat,1.5151636073423784,0.6609084433917737,4.0,1.0,0.18899158149473522,0.47191686189703846,0.15209947738331234,0.18699207922491395,0.0,1.0,0.0,1.0,3,0,5,1,0.09,0.03,93,179,standard,15,96
0,"DoubleCrosser: (D, D)",3.042112299465241,0.550729874259286,14.0,1.0,0.5286710507298743,0.022058823529411763,0.252493134846076,0.1967769908946379,0.9930141358869127,0.7777777777777778,0.0,0.0,3,0,5,1,0.0,0.03,37,88,standard,18,97
1,Evolved HMM 5,3.0347593582887704,0.5874945801416389,6.0,1.0,0.5378306113600231,0.049663968781615844,0.2518246856482151,0.16068073421014598,0.998992950654582,0.4856206025158275,0.011583011583011582,0.19686917221829434,3,0,5,1,0.0,0.03,37,88,standard,18,97
2,Evolved FSM 16,2.983957219251337,0.5993460037577685,6.0,1.0,0.4975249313484608,0.10182107240930768,0.2729801994507876,0.12767379679144383,0.9089994972347915,0.5427781780019033,0.18709018481162257,0.3670676222722287,3,0,5,1,0.0,0.03,37,88,standard,18,97
3,Grudger,2.979946524064171,0.4795852001734355,6.0,1.0,0.47290070819482594,0.006684491978609627,0.2599906055788409,0.2604241942477237,1.0,0.0,0.0,0.0,3,0,5,1,0.0,0.03,37,88,standard,18,97
4,Tit For Tat,2.5220588235294117,0.6902550946668594,0.0,1.0,0.5349400202341379,0.15531507443272147,0.15159343835814426,0.15815146697499638,1.0,0.0,1.0,0.0,3,0,5,1,0.0,0.03,37,88,standard,18,97
5,Meta Winner: 17 players,2.500668449197861,0.03573493279375632,14.0,1.0,0.020848388495447314,0.014886544298309,0.36316664257840725,0.6010984246278364,0.5421252893070805,0.3997392593904959,0.017608103987923018,0.013899415114813974,3,0,5,1,0.0,0.03,37,88,standard,18,97
6,Soft Joss: 0.9,2.4953208556149735,0.7389254227489521,0.0,1.0,0.5900419135713254,0.14888350917762683,0.11593077034253504,0.14514380690851278,1.0,0.10060170263407364,1.0,0.10330451702861425,3,0,5,1,0.0,0.03,37,88,standard,18,97
7,Win-Stay Lose-Shift,2.4344919786096257,0.7180409018644313,1.0,1.0,0.5551741581153345,0.1628667437490967,0.12191068073421017,0.16004841740135858,1.0,0.0,0.0,1.0,3,0,5,1,0.0,0.03,37,88,standard,18,97
8,GTFT: 0.33,2.3790106951871657,0.8059871368694899,0.0,1.0,0.6190200896083249,0.1869670472611649,0.08276123717300189,0.11125162595750832,1.0,0.3470167365380517,1.0,0.3418656454495562,3,0,5,1,0.0,0.03,37,88,standard,18,97
9,Defector,2.304812834224599,0.0,15.0,0.0,0.0,0.0,0.3267451943922533,0.6732548056077468,0.0,0.0,0.0,0.0,3,0,5,1,0.0,0.03,37,88,standard,18,97
10,Tit For 2 Tats,2.282754010695187,0.8287866743749097,0.0,1.0,0.6639326492267668,0.16485402514814282,0.030387339210868624,0.1408259864142217,1.0,0.7703926090587144,1.0,0.0,3,0,5,1,0.0,0.03,37,88,standard,18,97
11,Suspicious Tit For Tat,2.2393048128342246,0.5201076745194392,7.0,0.0,0.3409994218817748,0.1791082526376644,0.1840764561352797,0.2958158693452811,1.0,0.0,1.0,0.0,3,0,5,1,0.0,0.03,37,88,standard,18,97
12,Alternator,1.8669786096256684,0.5,4.0,1.0,0.15392397745338918,0.3460760225466108,0.22653201329671918,0.2734679867032808,0.0,0.0,1.0,1.0,3,0,5,1,0.0,0.03,37,88,standard,18,97
13,Cycler DC,1.8643048128342248,0.5,4.0,0.0,0.14994941465529701,0.35005058534470296,0.2280676398323457,0.27193236016765426,0.0,0.0,1.0,1.0,3,0,5,1,0.0,0.03,37,88,standard,18,97
14,Random: 0.5,1.8328877005347592,0.5034687093510622,6.0,0.5294117647058824,0.19305535482006073,0.31041335453100166,0.18848460760225466,0.30804668304668303,0.5021064971321823,0.5035375402491904,0.5096504520322562,0.5063710387856387,3,0,5,1,0.0,0.03,37,88,standard,18,97
15,Bully,1.7038770053475936,0.6175928602399191,7.0,0.0,0.18105940164763693,0.4365334585922821,0.19444645179939296,0.18796068796068796,0.0,1.0,0.0,1.0,3,0,5,1,0.0,0.03,37,88,standard,18,97
16,Win-Shift Lose-Stay: D,1.6510695187165776,0.608776557305969,7.0,0.0,0.17746422893481717,0.4313123283711519,0.18375126463361757,0.20747217806041335,0.0,1.0,1.0,0.0,3,0,5,1,0.0,0.03,37,88,standard,18,97
17,Anti Tit For Tat,1.3950534759358288,0.6853049573637809,4.0,1.0,0.18716577540106955,0.49813918196271134,0.13049212313918196,0.18420291949703715,0.0,1.0,0.0,1.0,3,0,5,1,0.0,0.03,37,88,standard,18,97
0,Grudger,3.269119769119769,0.5741894160261507,3.0,1.0,0.5713034131401479,0.0028860028860028864,0.2826515887740378,0.14315899519981154,1.0,0.0,0.0,0.0,3,0,5,1,0.04,0.02,98,198,standard,8,98
1,"DoubleCrosser: (D, D)",3.2510822510822512,0.5798951615278146,7.0,1.0,0.5712371528698059,0.008658008658008658,0.2795594428247489,0.14054539564743646,0.9970845481049563,0.75,0.0,0.0,3,0,5,1,0.04,0.02,98,198,standard,8,98
2,Tit For Tat,2.7067099567099566,0.7857290102188061,0.0,1.0,0.6418779633065348,0.14385104691227138,0.14201048384721854,0.07226050593397533,1.0,0.0,1.0,0.0,3,0,5,1,0.04,0.02,98,198,standard,8,98
3,Soft Joss: 0.9,2.67063492063492,0.8036634567246812,0.0,1.0,0.6527004741290455,0.15096298259563565,0.12861118473363373,0.06772535854168507,1.0,0.09668284921875964,1.0,0.09888638123643087,3,0,5,1,0.04,0.02,98,198,standard,8,98
4,Win-Stay Lose-Shift,2.545454545454546,0.8094796360102483,0.0,1.0,0.6895779957004448,0.11990164030980356,0.07174514827576052,0.11877521571399122,1.0,0.0,0.0,1.0,3,0,5,1,0.04,0.02,98,198,standard,8,98
5,Cycler DC,1.8311688311688312,0.5,2.0,0.0,0.151323732956386,0.348676267043614,0.21902700474129047,0.28097299525870956,0.0,0.0,1.0,1.0,3,0,5,1,0.04,0.02,98,198,standard,8,98
6,Random: 0.5,1.7997835497835497,0.5015313484701239,3.0,0.5043731778425656,0.18625025767882913,0.3152810907912949,0.18549194569602734,0.3129767058338487,0.49629047949085564,0.5019966181096531,0.5035655638776868,0.4980856139693965,3,0,5,1,0.04,0.02,98,198,standard,8,98
7,Anti Tit For Tat,1.7334054834054835,0.6105368554348146,4.0,1.0,0.2278837942103248,0.38265306122448983,0.16377330152840355,0.2256898430367818,0.0,1.0,0.0,1.0,3,0,5,1,0.04,0.02,98,198,standard,8,98
0,Evolved FSM 16,3.1581508515815084,0.6425437228356936,3.0,1.0,0.5980410505957952,0.04450267223989851,0.2506498637885499,0.10680641337575644,0.9314954051796158,0.5892448512585813,0.2611068226993817,0.03250595302848992,3,0,5,1,0.08,0.08,39,137,standard,10,99
1,Grudger,2.9870235198702355,0.5599018445733774,3.0,1.0,0.5566577245409362,0.0032441200324412004,0.21972674527419056,0.22037141015243206,1.0,0.0,0.0,0.0,3,0,5,1,0.08,0.08,39,137,standard,10,99
2,Win-Stay Lose-Shift,2.9375506893755072,0.7057416765445963,1.0,1.0,0.6109551438018592,0.09478653274273713,0.20221681535550148,0.09204150809990225,1.0,0.0,0.0,1.0,3,0,5,1,0.08,0.08,39,137,standard,10,99
3,Soft Joss: 0.9,2.7826439578264393,0.8599621519329549,0.0,1.0,0.7268284567554641,0.1331336951774908,0.11533262628153142,0.024705221785513754,1.0,0.10280201287672881,1.0,0.10517387616624257,3,0,5,1,0.08,0.08,39,137,standard,10,99
4,Tit For Tat,2.7656123276561235,0.796930563353921,0.0,1.0,0.6198764738910725,0.17705408946284862,0.17497452533948887,0.028094911306590135,1.0,0.0,1.0,0.0,3,0,5,1,0.08,0.08,39,137,standard,10,99
5,Tit For 2 Tats,2.537712895377129,0.9730696446024913,0.0,1.0,0.818266891259592,0.15480275334289934,0.013725123214174309,0.013205232183334373,1.0,0.9173718267794922,1.0,0.0,3,0,5,1,0.08,0.08,39,137,standard,10,99
6,Suspicious Tit For Tat,2.2124898621248987,0.48990371618108847,3.0,0.0,0.2686796847380789,0.22122403144300956,0.2240106473683116,0.2860856364506,1.0,0.0,1.0,0.0,3,0,5,1,0.08,0.08,39,137,standard,10,99
7,Cycler DC,2.1824817518248176,0.49635036496350365,5.0,0.0,0.14712916172770185,0.34922120323580175,0.30941834591469636,0.19423128912180007,0.0,0.0,1.0,1.0,3,0,5,1,0.08,0.08,39,137,standard,10,99
8,Random: 0.5,2.022708840227088,0.49886663755276894,4.0,0.5071225071225072,0.21810468525796994,0.280761952294799,0.21606671241707737,0.28506665003015363,0.5102569495289814,0.49826575786302907,0.4819463403144145,0.4955504997982596,3,0,5,1,0.08,0.08,39,137,standard,10,99
9,Win-Shift Lose-Stay: D,1.6723438767234389,0.6433339572025704,2.0,0.0,0.18551791544492274,0.4578160417576476,0.19042568677605176,0.16624035602137793,0.0,1.0,1.0,0.0,3,0,5,1,0.08,0.08,39,137,standard,10,99
0,Grudger,3.6408602150537632,0.5043625192012289,3.0,1.0,0.5000614439324117,0.004301075268817205,0.4110599078341014,0.08457757296466975,1.0,0.0,0.0,0.0,3,0,5,1,0.05,0.1,35,155,standard,7,100
1,"DoubleCrosser: (D, D)",3.6064516129032262,0.5140399385560676,6.0,1.0,0.501136712749616,0.012903225806451613,0.40430107526881714,0.08165898617511522,0.9967320261437909,0.75,0.0,0.0,3,0,5,1,0.05,0.1,35,155,standard,7,100
2,Evolved HMM 5,3.578494623655914,0.5384639016897081,3.0,1.0,0.5164669738863288,0.021996927803379415,0.3917972350230414,0.06973886328725039,0.9956386292834892,0.3697457321161483,0.014218009478672985,0.14063215758131012,3,0,5,1,0.05,0.1,35,155,standard,7,100
3,Cooperator,1.993548387096774,1.0,0.0,1.0,0.6641781874039939,0.3358218125960061,0.0,0.0,1.0,1.0,0.0,0.0,3,0,5,1,0.05,0.1,35,155,standard,7,100
4,Random: 0.5,1.8268817204301075,0.496036866359447,2.0,0.47619047619047616,0.1865130568356375,0.30952380952380953,0.19210445468509985,0.31185867895545316,0.48179382138572874,0.49455424678015003,0.46993404868734107,0.5012914354345308,3,0,5,1,0.05,0.1,35,155,standard,7,100
5,Win-Shift Lose-Stay: D,1.59247311827957,0.7145929339477727,2.0,0.0,0.18408602150537634,0.5305069124423962,0.1887250384024578,0.09668202764976959,0.0,1.0,1.0,0.0,3,0,5,1,0.05,0.1,35,155,standard,7,100
6,Anti Tit For Tat,1.4655913978494624,0.6878033794162827,1.0,1.0,0.10230414746543781,0.5854992319508449,0.2125652841781874,0.09963133640552996,0.0,1.0,0.0,1.0,3,0,5,1,0.05,0.1,35,155,standard,7,100
0,Evolved HMM 5,3.548104956268222,0.5768586005830904,3.0,1.0,0.5721574344023325,0.004701166180758018,0.3517128279883382,0.07142857142857142,1.0,0.43678160919540227,0.0,0.0,3,0,5,1,0.05,0.01,20,196,standard,8,101
1,"DoubleCrosser: (D, D)",3.5291545189504374,0.5794460641399417,7.0,1.0,0.5706997084548106,0.008746355685131196,0.3491618075801749,0.07139212827988338,0.9970544918998527,0.75,0.0,0.0,3,0,5,1,0.05,0.01,20,196,standard,8,101
2,Tit For Tat,2.768221574344023,0.8090379008746356,0.0,1.0,0.6530612244897959,0.15597667638483964,0.1545189504373178,0.03644314868804665,1.0,0.0,1.0,0.0,3,0,5,1,0.05,0.01,20,196,standard,8,101
3,Soft Joss: 0.9,2.7266763848396502,0.8226676384839651,0.0,1.0,0.6614431486880467,0.16122448979591836,0.14125364431486878,0.03607871720116617,1.0,0.08604841639320686,1.0,0.09100310237849017,3,0,5,1,0.05,0.01,20,196,standard,8,101
4,Cooperator,2.14067055393586,1.0,0.0,1.0,0.7135568513119533,0.2864431486880466,0.0,0.0,1.0,1.0,0.0,0.0,3,0,5,1,0.05,0.01,20,196,standard,8,101
5,Win-Shift Lose-Stay: D,2.130466472303207,0.6598396501457726,4.0,0.0,0.2537536443148688,0.4060860058309038,0.25706997084548106,0.08309037900874636,0.0,1.0,1.0,0.0,3,0,5,1,0.05,0.01,20,196,standard,8,101
6,Cycler DC,2.0867346938775513,0.5,3.0,0.0,0.188265306122449,0.311734693877551,0.25510204081632654,0.24489795918367346,0.0,0.0,1.0,1.0,3,0,5,1,0.05,0.01,20,196,standard,8,101
7,Anti Tit For Tat,1.876457725947522,0.5878644314868805,2.0,1.0,0.1924562682215743,0.3954081632653061,0.22150145772594754,0.19063411078717202,0.0,1.0,0.0,1.0,3,0,5,1,0.05,0.01,20,196,standard,8,101
0,Grudger,3.0,0.5059928733398121,6.0,1.0,0.46517654680919984,0.04081632653061224,0.27761580822805315,0.21639131843213483,1.0,0.0,0.0,0.0,3,0,5,1,0.09,0.09,63,14,standard,15,102
1,Evolved HMM 5,2.8418367346938775,0.5929705215419501,5.0,1.0,0.49173955296404276,0.10123096857790737,0.24028182701652093,0.16674765144152898,0.9985126705653021,0.38339053981413684,0.013551682692307693,0.1769823636985815,3,0,5,1,0.09,0.09,63,14,standard,15,102
2,Evolved FSM 16,2.8367346938775513,0.6183997408487204,5.0,1.0,0.5015387107223842,0.11686103012633624,0.23866213151927435,0.14293812763200522,0.8941699025199208,0.36241904437026384,0.21869598238019292,0.33569329176035595,3,0,5,1,0.09,0.09,63,14,standard,15,102
3,Defector,2.673469387755102,0.0,13.0,0.0,0.0,0.0,0.4171525753158406,0.5828474246841594,0.0,0.0,0.0,0.0,3,0,5,1,0.09,0.09,63,14,standard,15,102
4,Meta Winner: 13 players,2.673469387755102,0.21865889212827988,12.0,1.0,0.12504049238743115,0.09361839974084872,0.3780369290573372,0.4033041788143829,0.5483343333940125,0.3385830109529629,0.03141091291181635,0.09422765289039238,3,0,5,1,0.09,0.09,63,14,standard,15,102
5,Tit For Tat,2.423469387755102,0.6967120181405896,0.0,1.0,0.5433268545513443,0.15338516358924525,0.12236799481697443,0.18091998704243606,1.0,0.0,1.0,0.0,3,0,5,1,0.09,0.09,63,14,standard,15,102
6,Soft Joss: 0.9,2.3826530612244894,0.7215743440233237,0.0,1.0,0.5498056365403304,0.17176870748299322,0.11362163913184321,0.16480401684483317,1.0,0.09817447173637152,1.0,0.09857647230735526,3,0,5,1,0.09,0.09,63,14,standard,15,102
7,Win-Shift Lose-Stay: D,2.183673469387755,0.5596047942986718,5.0,0.0,0.22367994816974407,0.33592484612892776,0.26749271137026237,0.17290249433106578,0.0,1.0,1.0,0.0,3,0,5,1,0.09,0.09,63,14,standard,15,102
8,Tit For 2 Tats,2.1581632653061225,0.8166504697116942,0.0,1.0,0.6003401360544217,0.21631033365727242,0.04389374797538062,0.13945578231292513,1.0,0.6778033378593473,1.0,0.0,3,0,5,1,0.09,0.09,63,14,standard,15,102
9,Meta Mixer: 13 players,2.153061224489796,0.5096371882086168,6.0,0.7596371882086168,0.27542921930677033,0.23420796890184642,0.2149335924846129,0.27542921930677033,0.5696373423403044,0.4299889490498821,0.5496780137080204,0.41812541513564744,3,0,5,1,0.09,0.09,63,14,standard,15,102
10,Random: 0.5,2.13265306122449,0.5108519598315516,6.0,0.5317460317460317,0.23558471007450602,0.27526724975704564,0.23202137998056366,0.25712666018788466,0.5222356632643618,0.498073733813822,0.5167826233215926,0.49641231518885554,3,0,5,1,0.09,0.09,63,14,standard,15,102
11,Alternator,2.127551020408163,0.5,5.0,1.0,0.2408487204405572,0.2591512795594428,0.22724327826368637,0.27275672173631366,0.0,0.0,1.0,1.0,3,0,5,1,0.09,0.09,63,14,standard,15,102
12,Bully,2.0255102040816326,0.5257531584062196,7.0,0.0,0.1288467768059605,0.3969063816002591,0.2901684483317136,0.18407839326206674,0.0,1.0,0.0,1.0,3,0,5,1,0.09,0.09,63,14,standard,15,102
13,Cooperator,1.8061224489795917,1.0,0.0,1.0,0.6013929381276321,0.398607061872368,0.0,0.0,1.0,1.0,0.0,0.0,3,0,5,1,0.09,0.09,63,14,standard,15,102
14,Anti Tit For Tat,1.673469387755102,0.6469873663751214,5.0,1.0,0.17921930677032719,0.4677680596047943,0.19833171363783617,0.15468091998704248,0.0,1.0,0.0,1.0,3,0,5,1,0.09,0.09,63,14,standard,15,102
0,"DoubleCrosser: (D, D)",3.169230769230769,0.6033070778168818,15.0,1.0,0.5920339645829842,0.01127311323389755,0.24899167644265685,0.14770124574046142,0.9961997354084484,0.7750748502994012,0.04794952681388013,0.0,3,0,5,1,0.09,0.05,27,195,standard,18,103
1,Evolved HMM 5,3.1435897435897435,0.6370817272778057,6.0,1.0,0.6018322998715155,0.035249427406290154,0.2439305066756047,0.11898776604658957,0.9973148763149818,0.4768886829496714,0.014444010740892787,0.17976757456290957,3,0,5,1,0.09,0.05,27,195,standard,18,103
2,Evolved FSM 16,3.1273001508295626,0.6172504329367074,6.0,1.0,0.5530305569521256,0.06421987598458187,0.2714596949891068,0.1112898720741858,0.8860344738004312,0.5443462016640632,0.21232249001722736,0.2586266976974708,3,0,5,1,0.09,0.05,27,195,standard,18,103
3,Grudger,3.0859728506787327,0.5334338863750628,6.0,1.0,0.530718954248366,0.002714932126696833,0.25492430590469806,0.2116418077202391,1.0,0.0,0.0,0.0,3,0,5,1,0.09,0.05,27,195,standard,18,103
4,Tit For Tat,2.6141779788838613,0.7405172895368973,0.0,1.0,0.6021451315568962,0.13837215798000113,0.1368750349142506,0.122607675548852,1.0,0.0,1.0,0.0,3,0,5,1,0.09,0.05,27,195,standard,18,103
5,Soft Joss: 0.9,2.6009049773755657,0.789296687335903,0.0,1.0,0.6648790570359198,0.12441763029998325,0.09893302050164796,0.11177029216244903,1.0,0.09892143599292348,1.0,0.10999677075565795,3,0,5,1,0.09,0.05,27,195,standard,18,103
6,Win-Stay Lose-Shift,2.570437405731523,0.7446399642478074,2.0,1.0,0.6095637115244958,0.13507625272331153,0.12147924696944304,0.13388078878274956,1.0,0.0,0.0,1.0,3,0,5,1,0.09,0.05,27,195,standard,18,103
7,GTFT: 0.33,2.502865761689291,0.8388693369085526,0.0,1.0,0.6841293782470252,0.1547399586615273,0.0723870174850567,0.08874364560639071,1.0,0.3601855457906301,1.0,0.33352946037792613,3,0,5,1,0.09,0.05,27,195,standard,18,103
8,Defector,2.4914027149321263,0.0,15.0,0.0,0.0,0.0,0.37256019216803526,0.6274398078319647,0.0,0.0,0.0,0.0,3,0,5,1,0.09,0.05,27,195,standard,18,103
9,Tit For 2 Tats,2.428657616892911,0.8656834813697559,0.0,1.0,0.7161052455170103,0.14957823585274566,0.037059382157421376,0.09725713647282275,1.0,0.7613990406199813,1.0,0.0,3,0,5,1,0.09,0.05,27,195,standard,18,103
10,Suspicious Tit For Tat,2.3276018099547513,0.5777666052175856,10.0,0.0,0.4183676889559243,0.15939891626166136,0.16244902519412321,0.25978436958829115,1.0,0.0,1.0,0.0,3,0,5,1,0.09,0.05,27,195,standard,18,103
11,Cooperator,2.1547511312217194,1.0,0.0,1.0,0.7189095581252445,0.2810904418747556,0.0,0.0,1.0,1.0,0.0,0.0,3,0,5,1,0.09,0.05,27,195,standard,18,103
12,Meta Mixer: 17 players,2.0687782805429866,0.44496955477347633,10.0,0.7429193899782135,0.21392100999944139,0.23104854477403497,0.22004357298474947,0.33498687224177415,0.5518826916388284,0.37778049720479223,0.5359386803742804,0.37192789563976925,3,0,5,1,0.09,0.05,27,195,standard,18,103
13,Alternator,2.0126696832579185,0.5025641025641026,4.0,1.0,0.19051449639684934,0.31204960616725325,0.2355175688509022,0.26191832858499525,0.0,0.0,1.0,1.0,3,0,5,1,0.09,0.05,27,195,standard,18,103
14,Random: 0.5,1.9791855203619908,0.5000167588402883,7.0,0.49455337690631807,0.21009999441371993,0.2899167644265684,0.2131165856656053,0.28686665549410645,0.49595014587166597,0.49996321631664614,0.4977685022117043,0.5033537863981368,3,0,5,1,0.09,0.05,27,195,standard,18,103
15,Bully,1.9517345399698343,0.5742919389978214,7.0,0.0,0.1666945980671471,0.4075973409306743,0.2567342606558293,0.16897380034634935,0.0,1.0,0.0,1.0,3,0,5,1,0.09,0.05,27,195,standard,18,103
16,Win-Shift Lose-Stay: D,1.8434389140271492,0.5911066420870342,7.0,0.0,0.20344114853918777,0.3876654935478465,0.20630132394838277,0.202592033964583,0.0,1.0,1.0,0.0,3,0,5,1,0.09,0.05,27,195,standard,18,103
17,Anti Tit For Tat,1.6600301659125187,0.634903078040333,6.0,1.0,0.16992346796268365,0.46497961007764926,0.19662588682196525,0.16847103513770179,0.0,1.0,0.0,1.0,3,0,5,1,0.09,0.05,27,195,standard,18,103
0,Evolved FSM 16,2.951271186440678,0.5318272709960008,2.0,1.0,0.5165206627309085,0.015306608265092366,0.2331698724052562,0.23500285659874312,0.7103825136612021,0.4198924731182796,0.02424539895689707,0.038581568273997294,3,0,5,1,0.0,0.04,89,118,standard,5,104
1,Tit For Tat,2.684322033898305,0.7535707484288707,0.0,1.0,0.5647733764997144,0.18879737192915635,0.18570272329080176,0.060726528280327555,1.0,0.0,1.0,0.0,3,0,5,1,0.0,0.04,89,118,standard,5,104
2,Alternator,2.3516949152542375,0.5,2.0,1.0,0.19584364882879451,0.3041563511712055,0.31691582555703673,0.18308417444296324,0.0,0.0,1.0,1.0,3,0,5,1,0.0,0.04,89,118,standard,5,104
3,Random: 0.5,2.3135593220338984,0.4995715101885355,2.0,0.49719101123595505,0.2595458007998476,0.24002570938868786,0.26314035421824417,0.23728813559322032,0.49243132022755426,0.49743087645166106,0.5061966972806231,0.5014850178892772,3,0,5,1,0.0,0.04,89,118,standard,5,104
4,Cooperator,2.25,1.0,0.0,1.0,0.7493572652828033,0.2506427347171967,0.0,0.0,1.0,1.0,0.0,0.0,3,0,5,1,0.0,0.04,89,118,standard,5,104
0,Grudger,3.26728334956183,0.5428919182083739,5.0,1.0,0.5394839337877313,0.0034079844206426485,0.29756572541382664,0.1595423563777994,1.0,0.0,0.0,0.0,3,0,5,1,0.07,0.03,10,158,standard,14,105
1,"DoubleCrosser: (D, D)",3.2273612463485883,0.5516066212268744,12.0,1.0,0.5399221032132424,0.011684518013631937,0.29055501460564753,0.15783836416747812,0.9959207459207459,0.75,0.0,0.0,3,0,5,1,0.07,0.03,10,158,standard,14,105
2,Evolved HMM 5,3.219814995131451,0.5862706913339825,5.0,1.0,0.5476144109055501,0.038656280428432326,0.29031158714703015,0.12341772151898735,0.9984143763213531,0.4004189936531182,0.0074211502782931356,0.20524984187223277,3,0,5,1,0.07,0.03,10,158,standard,14,105
3,Defector,2.599805258033106,0.0,12.0,0.0,0.0,0.0,0.40097370983446934,0.5990262901655307,0.0,0.0,0.0,0.0,3,0,5,1,0.07,0.03,10,158,standard,14,105
4,Tit For Tat,2.591285296981499,0.7391918208373904,0.0,1.0,0.6153846153846154,0.12380720545277508,0.12088607594936708,0.13992210321324244,1.0,0.0,1.0,0.0,3,0,5,1,0.07,0.03,10,158,standard,14,105
5,Win-Stay Lose-Shift,2.562317429406037,0.7592015579357352,1.0,1.0,0.6269717624148003,0.13222979552093478,0.11022395326192794,0.1305744888023369,1.0,0.0,0.0,1.0,3,0,5,1,0.07,0.03,10,158,standard,14,105
6,Soft Joss: 0.9,2.5416260954235637,0.7609055501460564,0.0,1.0,0.6216650438169425,0.13924050632911392,0.10959104186952288,0.12950340798442064,1.0,0.09999935995410367,1.0,0.103424797813637,3,0,5,1,0.07,0.03,10,158,standard,14,105
7,GTFT: 0.33,2.4262414800389482,0.8169425511197663,0.0,1.0,0.6390457643622202,0.17789678675754625,0.08208373904576437,0.10097370983446932,1.0,0.3471039223638292,1.0,0.3328509920406621,3,0,5,1,0.07,0.03,10,158,standard,14,105
8,Meta Mixer: 13 players,2.0851996105160664,0.443427458617332,9.0,0.7538461538461538,0.20720545277507305,0.23622200584225903,0.2258519961051607,0.3307205452775073,0.4984459905157032,0.3963514284370115,0.5395892418822494,0.4094187021417432,3,0,5,1,0.07,0.03,10,158,standard,14,105
9,Cooperator,2.0024342745861734,1.0,0.0,1.0,0.6668451801363193,0.3331548198636807,0.0,0.0,1.0,1.0,0.0,0.0,3,0,5,1,0.07,0.03,10,158,standard,14,105
10,Bully,1.9866114897760467,0.5658227848101266,7.0,0.0,0.1629503407984421,0.40287244401168454,0.2662609542356378,0.16791626095423565,0.0,1.0,0.0,1.0,3,0,5,1,0.07,0.03,10,158,standard,14,105
11,Alternator,1.9096884128529696,0.5,5.0,1.0,0.19036027263875363,0.30963972736124634,0.2102726387536514,0.28972736124634857,0.0,0.0,1.0,1.0,3,0,5,1,0.07,0.03,10,158,standard,14,105
12,Win-Shift Lose-Stay: D,1.843232716650438,0.6205939629990262,5.0,0.0,0.20710808179162613,0.4134858812074002,0.21158714703018508,0.16781888997078873,0.0,1.0,1.0,0.0,3,0,5,1,0.07,0.03,10,158,standard,14,105
13,Anti Tit For Tat,1.5993184031158716,0.6482960077896787,5.0,1.0,0.16835443037974684,0.4799415774099319,0.1860759493670886,0.1656280428432327,0.0,1.0,0.0,1.0,3,0,5,1,0.07,0.03,10,158,standard,14,105
0,Grudger,3.1125,0.5085805084745763,4.0,1.0,0.5023305084745763,0.0062499999999999995,0.2786193502824859,0.2128001412429379,1.0,0.0,0.0,0.0,3,0,5,1,0.09,0.0,59,96,standard,11,106
1,"DoubleCrosser: (D, D)",3.072916666666667,0.5260946327683615,9.0,1.0,0.5037959039548022,0.022298728813559317,0.2716984463276836,0.2022069209039548,0.9933510638297873,0.7442006269592476,0.016787912702853944,0.0,3,0,5,1,0.09,0.0,59,96,standard,11,106
2,Evolved HMM 5,3.041666666666667,0.5630473163841808,4.0,1.0,0.5107344632768362,0.05231285310734464,0.26987994350282485,0.16707274011299433,0.9976169844020797,0.3880408150085863,0.020356234096692113,0.19637008309330606,3,0,5,1,0.09,0.0,59,96,standard,11,106
3,Defector,2.6375,0.0,10.0,0.0,0.0,0.0,0.4086334745762711,0.5913665254237288,0.0,0.0,0.0,0.0,3,0,5,1,0.09,0.0,59,96,standard,11,106
4,Tit For Tat,2.488541666666667,0.6892831920903955,0.0,1.0,0.5641242937853107,0.12515889830508475,0.1213276836158192,0.18938912429378532,1.0,0.0,1.0,0.0,3,0,5,1,0.09,0.0,59,96,standard,11,106
5,GTFT: 0.33,2.290625,0.7818149717514125,0.0,1.0,0.5867761299435028,0.1950388418079096,0.07874293785310735,0.13944209039548022,1.0,0.3314919816493934,1.0,0.33670920987286074,3,0,5,1,0.09,0.0,59,96,standard,11,106
6,Win-Stay Lose-Shift,2.2114583333333333,0.7836334745762712,0.0,1.0,0.6084745762711864,0.17515889830508474,0.04171963276836158,0.1746468926553672,1.0,0.0,0.0,1.0,3,0,5,1,0.09,0.0,59,96,standard,11,106
7,Meta Mixer: 10 players,1.9739583333333333,0.3683262711864407,6.0,0.7864406779661017,0.1447563559322034,0.22356991525423728,0.228319209039548,0.4033545197740113,0.42296635478849615,0.36422737950796275,0.38106302397744424,0.3752205218200972,3,0,5,1,0.09,0.0,59,96,standard,11,106
8,Bully,1.6927083333333333,0.6250353107344633,4.0,0.0,0.15346045197740113,0.4715748587570621,0.21506002824858758,0.15990466101694917,0.0,1.0,0.0,1.0,3,0,5,1,0.09,0.0,59,96,standard,11,106
9,Alternator,1.5947916666666666,0.5,2.0,1.0,0.17030367231638416,0.3296963276836158,0.14576271186440676,0.35423728813559324,0.0,0.0,1.0,1.0,3,0,5,1,0.09,0.0,59,96,standard,11,106
10,Anti Tit For Tat,1.196875,0.7298022598870056,2.0,1.0,0.1575741525423729,0.5722281073446328,0.11352401129943501,0.15667372881355932,0.0,1.0,0.0,1.0,3,0,5,1,0.09,0.0,59,96,standard,11,106
0,Grudger,2.98961038961039,0.4332598219390672,3.0,1.0,0.42979661847586376,0.0034632034632034628,0.2835416156170873,0.28319856244384545,1.0,0.0,0.0,0.0,3,0,5,1,0.01,0.04,53,165,standard,8,107
1,Tit For Tat,2.4285714285714284,0.6461814914645103,0.0,1.0,0.5007432818753573,0.14543820958915296,0.14231805929919136,0.21150044923629827,1.0,0.0,1.0,0.0,3,0,5,1,0.01,0.04,53,165,standard,8,107
2,Soft Joss: 0.9,2.3619047619047615,0.6759291023441967,0.0,1.0,0.5104957935146615,0.16543330882953527,0.12712570448419505,0.19694519317160827,1.0,0.09982562881872804,1.0,0.09755371178592827,3,0,5,1,0.01,0.04,53,165,standard,8,107
3,Defector,2.205194805194805,0.0,7.0,0.0,0.0,0.0,0.30111900677938414,0.6988809932206158,0.0,0.0,0.0,0.0,3,0,5,1,0.01,0.04,53,165,standard,8,107
4,Tit For 2 Tats,2.16017316017316,0.7660540717144491,0.0,1.0,0.581197418933268,0.18485665278118107,0.04624683492608021,0.18769909335947071,1.0,0.6673258290234256,1.0,0.0,3,0,5,1,0.01,0.04,53,165,standard,8,107
5,Cycler DC,2.064069264069264,0.49696969696969695,3.0,0.0,0.1852160418198154,0.31175365514988157,0.2507065261782243,0.25232377685207874,0.0,0.0,1.0,1.0,3,0,5,1,0.01,0.04,53,165,standard,8,107
6,Random: 0.5,1.9134199134199135,0.4985052683165891,4.0,0.48247978436657685,0.2012088540390427,0.2972964142775464,0.2013722126929674,0.3001225189904435,0.5118595247721756,0.4990498568522271,0.5106351728605877,0.4981445547188074,3,0,5,1,0.01,0.04,53,165,standard,8,107
7,Bully,1.6796536796536796,0.6204034958751939,4.0,0.0,0.20596259086825125,0.41444090500694275,0.17025238912031365,0.20934411500449238,0.0,1.0,0.0,1.0,3,0,5,1,0.01,0.04,53,165,standard,8,107
0,Meta Winner: 12 players,2.7121212121212124,0.21904761904761905,11.0,1.0,0.1484848484848485,0.07056277056277056,0.37099567099567093,0.40995670995671,0.6401341768294103,0.38259144847476145,0.03209540287700967,0.014631740303024634,3,0,5,1,0.0,0.02,35,11,standard,13,108
1,Defector,2.6363636363636362,0.0,11.0,0.0,0.0,0.0,0.406060606060606,0.5939393939393941,0.0,0.0,0.0,0.0,3,0,5,1,0.0,0.02,35,11,standard,13,108
2,Evolved HMM 5,2.6136363636363638,0.6670995670995671,4.0,1.0,0.5554112554112555,0.11168831168831168,0.15064935064935064,0.18225108225108225,0.998533724340176,0.421566062460535,0.0,0.176798840549524,3,0,5,1,0.0,0.02,35,11,standard,13,108
3,Win-Stay Lose-Shift,2.5454545454545454,0.733982683982684,1.0,1.0,0.5755411255411255,0.1584415584415584,0.14025974025974025,0.12575757575757576,1.0,0.0,0.0,1.0,3,0,5,1,0.0,0.02,35,11,standard,13,108
4,Evolved FSM 16,2.5378787878787876,0.711038961038961,4.0,1.0,0.5798701298701299,0.13116883116883118,0.12987012987012989,0.1590909090909091,0.9089430894308943,0.3952583293095123,0.40610766045548646,0.3405454545454546,3,0,5,1,0.0,0.02,35,11,standard,13,108
5,Soft Joss: 0.9,2.4545454545454546,0.7478354978354979,0.0,1.0,0.577922077922078,0.1699134199134199,0.1158008658008658,0.13636363636363638,1.0,0.09999488611233966,1.0,0.07869173828978765,3,0,5,1,0.0,0.02,35,11,standard,13,108
6,Cycler DC,2.4166666666666665,0.45454545454545453,5.0,0.0,0.17186147186147185,0.2826839826839827,0.33961038961038964,0.20584415584415586,0.0,0.0,1.0,1.0,3,0,5,1,0.0,0.02,35,11,standard,13,108
7,GTFT: 0.33,2.348484848484848,0.8145021645021645,0.0,1.0,0.6054112554112555,0.20909090909090908,0.08419913419913418,0.10129870129870129,1.0,0.33709449569319316,1.0,0.3449197860962567,3,0,5,1,0.0,0.02,35,11,standard,13,108
8,Random: 0.5,2.303030303030303,0.49372294372294373,6.0,0.49523809523809526,0.24870129870129867,0.245021645021645,0.2599567099567099,0.24632034632034627,0.4655329110396176,0.48954760140418735,0.487451027457869,0.5312437829058466,3,0,5,1,0.0,0.02,35,11,standard,13,108
9,Alternator,2.2954545454545454,0.5454545454545454,4.0,1.0,0.23376623376623373,0.3116883116883117,0.28809523809523807,0.16645021645021643,0.0,0.0,1.0,1.0,3,0,5,1,0.0,0.02,35,11,standard,13,108
10,Tit For 2 Tats,2.196969696969697,0.8658008658008658,0.0,1.0,0.6738095238095237,0.19199134199134202,0.008874458874458875,0.1253246753246753,1.0,0.7843412806099374,1.0,0.0,3,0,5,1,0.0,0.02,35,11,standard,13,108
11,Win-Shift Lose-Stay: D,2.159090909090909,0.5766233766233766,4.0,0.0,0.21017316017316018,0.36645021645021647,0.2781385281385282,0.14523809523809525,0.0,1.0,1.0,0.0,3,0,5,1,0.0,0.02,35,11,standard,13,108
12,Cooperator,2.022727272727273,1.0,0.0,1.0,0.6761904761904761,0.3238095238095238,0.0,0.0,1.0,1.0,0.0,0.0,3,0,5,1,0.0,0.02,35,11,standard,13,108
0,"DoubleCrosser: (D, D)",3.024878640776699,0.5262042569081404,13.0,1.0,0.504490291262136,0.021713965646004477,0.25982076176250934,0.21397498132935028,0.9942409862923723,0.7728017132779037,0.033367037411526794,0.0,3,0,5,1,0.03,0.08,65,103,standard,17,109
1,Evolved HMM 5,2.9842233009708736,0.5779779686333084,6.0,1.0,0.5162154592979835,0.06176250933532487,0.2533887229275579,0.16863330843913366,0.9970332331317983,0.4931185465267924,0.01660880731254343,0.19953628412272037,3,0,5,1,0.03,0.08,65,103,standard,17,109
2,Grudger,2.9550970873786406,0.44630321135175505,6.0,1.0,0.4402352501867065,0.006067961165048542,0.2697535474234503,0.2839432412247947,1.0,0.0,0.0,0.0,3,0,5,1,0.03,0.08,65,103,standard,17,109
3,Evolved FSM 16,2.945388349514563,0.5804891710231516,6.0,1.0,0.46806385362210606,0.11242531740104555,0.2808532486930545,0.13865758028379388,0.9192185248749895,0.5377272999697231,0.2048289024137843,0.39015644466254135,3,0,5,1,0.03,0.08,65,103,standard,17,109
4,Meta Winner: 15 players,2.5315533980582523,0.03046116504854369,13.0,1.0,0.017363704256908138,0.013097460791635544,0.36743838685586255,0.6021004480955938,0.5448813412053384,0.355532274415124,0.01547857645497293,0.015348713959558289,3,0,5,1,0.03,0.08,65,103,standard,17,109
5,Tit For Tat,2.4569174757281553,0.6639563106796117,0.0,1.0,0.5148805078416729,0.14907580283793875,0.14406273338312173,0.1919809559372666,1.0,0.0,1.0,0.0,3,0,5,1,0.03,0.08,65,103,standard,17,109
6,Win-Stay Lose-Shift,2.3762135922330097,0.7004294249439881,2.0,1.0,0.5241598207617626,0.17626960418222556,0.12640029873039585,0.17317027632561616,1.0,0.0,0.0,1.0,3,0,5,1,0.03,0.08,65,103,standard,17,109
7,GTFT: 0.33,2.3179611650485437,0.7867438386855863,0.0,1.0,0.5980862584017923,0.18865758028379387,0.07772591486183719,0.13553024645257655,1.0,0.3422707088026785,1.0,0.3343436377850484,3,0,5,1,0.03,0.08,65,103,standard,17,109
8,Defector,2.308252427184466,0.0,14.0,0.0,0.0,0.0,0.3273711725168036,0.6726288274831964,0.0,0.0,0.0,0.0,3,0,5,1,0.03,0.08,65,103,standard,17,109
9,Tit For 2 Tats,2.2566747572815533,0.7980862584017924,0.0,1.0,0.6323935772964899,0.16569268110530244,0.03959111277072442,0.1623226288274832,1.0,0.736528482187906,1.0,0.0,3,0,5,1,0.03,0.08,65,103,standard,17,109
10,Suspicious Tit For Tat,2.162621359223301,0.488386855862584,8.0,0.0,0.32146191187453316,0.16692494398805077,0.17167662434652725,0.33993651979088874,1.0,0.0,1.0,0.0,3,0,5,1,0.03,0.08,65,103,standard,17,109
11,Meta Mixer: 15 players,1.9356796116504855,0.3926997759522031,9.0,0.6375,0.15686146377893953,0.23583831217326365,0.2154312920089619,0.39186893203883494,0.4958114436658479,0.35427603087099946,0.49438052266461807,0.3551608576067493,3,0,5,1,0.03,0.08,65,103,standard,17,109
12,Cycler DC,1.7718446601941749,0.49514563106796117,4.0,0.0,0.16569268110530244,0.32945294996265867,0.19263442867811803,0.3122199402539208,0.0,0.0,1.0,1.0,3,0,5,1,0.03,0.08,65,103,standard,17,109
13,Random: 0.5,1.7597087378640777,0.4988144137415982,5.0,0.4932692307692308,0.17836071695295,0.32045369678864827,0.18063853622106052,0.32054705003734124,0.4948849138618138,0.4985440602418964,0.49554688293143395,0.5021306065365936,3,0,5,1,0.03,0.08,65,103,standard,17,109
14,Bully,1.6274271844660195,0.6369865571321882,5.0,0.0,0.1606142643764003,0.47637229275578796,0.19531366691560867,0.16769977595220315,0.0,1.0,0.0,1.0,3,0,5,1,0.03,0.08,65,103,standard,17,109
15,Win-Shift Lose-Stay: D,1.5527912621359223,0.6004761015683345,6.0,0.0,0.1618371919342793,0.4386389096340552,0.16881067961165047,0.23071321882001491,0.0,1.0,1.0,0.0,3,0,5,1,0.03,0.08,65,103,standard,17,109
16,Anti Tit For Tat,1.3149271844660193,0.705591859596714,4.0,1.0,0.16624346527259148,0.5393483943241225,0.13088125466766243,0.16352688573562357,0.0,1.0,0.0,1.0,3,0,5,1,0.03,0.08,65,103,standard,17,109
0,"DoubleCrosser: (D, D)",2.589712918660287,0.5712486002239642,8.0,1.0,0.5458744782652958,0.02537412195866843,0.13044640130306426,0.29830499847297154,0.9916169699731343,0.7908249158249158,0.002556727388942154,0.0,3,0,5,1,0.03,0.01,94,76,standard,12,110
1,Evolved FSM 16,2.4551435406698565,0.6543062200956937,3.0,1.0,0.4964496589636567,0.15785656113203708,0.15422986867555735,0.19146391122874887,0.8569892473118279,0.547226649385918,0.29818987879073716,0.38489071038251366,3,0,5,1,0.03,0.01,94,76,standard,12,110
2,Grudger,2.446172248803828,0.4652346533645526,3.0,1.0,0.45686144762292585,0.008373205741626795,0.13519291458821134,0.3995724320472361,1.0,0.0,0.0,0.0,3,0,5,1,0.03,0.01,94,76,standard,12,110
3,Tit For Tat,2.424641148325359,0.6415809834062913,0.0,1.0,0.4783670976280158,0.16321388577827547,0.15786928636872646,0.20054973022498218,1.0,0.0,1.0,0.0,3,0,5,1,0.03,0.01,94,76,standard,12,110
4,Soft Joss: 0.9,2.4132775119617227,0.708668431232821,0.0,1.0,0.5595413824697139,0.14912704876310698,0.11109131629848314,0.1802402524686959,1.0,0.10786602544083049,1.0,0.09718902663551167,3,0,5,1,0.03,0.01,94,76,standard,12,110
5,Win-Stay Lose-Shift,2.250598086124402,0.7133385930978317,0.0,1.0,0.5231090298279548,0.19022956326987683,0.09848060673928534,0.18818080016288305,1.0,0.0,0.0,1.0,3,0,5,1,0.03,0.01,94,76,standard,12,110
6,Suspicious Tit For Tat,2.139952153110048,0.44356357528250023,5.0,0.0,0.21302046218059656,0.2305431131019037,0.23597678916827852,0.32045963554922124,1.0,0.0,1.0,0.0,3,0,5,1,0.03,0.01,94,76,standard,12,110
7,Defector,2.0430622009569377,0.0,10.0,0.0,0.0,0.0,0.2607655502392344,0.7392344497607656,0.0,0.0,0.0,0.0,3,0,5,1,0.03,0.01,94,76,standard,12,110
8,Meta Winner: 11 players,2.0394736842105265,0.032093046930672914,9.0,1.0,0.021963758525908577,0.010129288404764328,0.2513743255624554,0.7165326275068716,0.6088844460892878,0.4842085138426908,0.02381287311649738,0.0011015218941443207,3,0,5,1,0.03,0.01,94,76,standard,12,110
9,Alternator,1.6339712918660287,0.5,2.0,1.0,0.06225185788455665,0.4377481421154434,0.2370329838134989,0.2629670161865011,0.0,0.0,1.0,1.0,3,0,5,1,0.03,0.01,94,76,standard,12,110
10,Cycler DC,1.6220095693779903,0.5,1.0,0.0,0.05770894838643999,0.44229105161355997,0.2373256642573552,0.2626743357426448,0.0,0.0,1.0,1.0,3,0,5,1,0.03,0.01,94,76,standard,12,110
11,Random: 0.5,1.5723684210526316,0.4995164410058027,3.0,0.4951644100580271,0.15046319861549423,0.34905324239030844,0.15415351725542095,0.34633004173877635,0.4923857019299739,0.49533219282652186,0.4995991934360184,0.5010762129486005,3,0,5,1,0.03,0.01,94,76,standard,12,110
0,Evolved HMM 5,2.9071428571428575,0.655672268907563,5.0,1.0,0.5876050420168066,0.0680672268907563,0.20210084033613443,0.14222689075630252,0.9987179487179487,0.4932245269946666,0.0,0.1981658692185008,3,0,5,1,0.06,0.08,17,20,standard,15,111
1,Evolved FSM 16,2.9035714285714285,0.6571428571428571,5.0,1.0,0.5539915966386555,0.10315126050420169,0.22289915966386556,0.11995798319327733,0.9089147286821705,0.5199134199134199,0.3882890365448505,0.30850840336134455,3,0,5,1,0.06,0.08,17,20,standard,15,111
2,Grudger,2.8714285714285714,0.5376050420168067,5.0,1.0,0.5090336134453781,0.02857142857142857,0.2210084033613445,0.24138655462184871,1.0,0.0,0.0,0.0,3,0,5,1,0.06,0.08,17,20,standard,15,111
3,Defector,2.857142857142857,0.0,13.0,0.0,0.0,0.0,0.46302521008403363,0.5369747899159664,0.0,0.0,0.0,0.0,3,0,5,1,0.06,0.08,17,20,standard,15,111
4,"DoubleCrosser: (D, D)",2.8392857142857144,0.6615546218487395,11.0,1.0,0.5735294117647058,0.08802521008403362,0.19495798319327728,0.14348739495798318,0.960134394589465,0.7914746543778801,0.02564102564102564,0.0,3,0,5,1,0.06,0.08,17,20,standard,15,111
5,Tit For Tat,2.5535714285714284,0.7203781512605042,0.0,1.0,0.5518907563025209,0.1684873949579832,0.15567226890756306,0.12394957983193278,1.0,0.0,1.0,0.0,3,0,5,1,0.06,0.08,17,20,standard,15,111
6,GTFT: 0.33,2.414285714285714,0.8331932773109244,0.0,1.0,0.6415966386554622,0.19159663865546217,0.07983193277310922,0.0869747899159664,1.0,0.3917125650525856,1.0,0.322745619893149,3,0,5,1,0.06,0.08,17,20,standard,15,111
7,Suspicious Tit For Tat,2.375,0.5441176470588235,4.0,0.0,0.32268907563025206,0.22142857142857147,0.2369747899159664,0.21890756302521008,1.0,0.0,1.0,0.0,3,0,5,1,0.06,0.08,17,20,standard,15,111
8,Win-Stay Lose-Shift,2.3285714285714287,0.7598739495798319,0.0,1.0,0.5897058823529412,0.1701680672268908,0.07920168067226892,0.16092436974789917,1.0,0.0,0.0,1.0,3,0,5,1,0.06,0.08,17,20,standard,15,111
9,Meta Mixer: 14 players,2.225,0.4972689075630252,7.0,0.7310924369747899,0.2695378151260504,0.22773109243697473,0.22647058823529415,0.2762605042016807,0.542206505121505,0.40149279171047125,0.5537082628328345,0.41974926117290673,3,0,5,1,0.06,0.08,17,20,standard,15,111
10,Bully,2.075,0.5334033613445378,5.0,0.0,0.15609243697478994,0.37731092436974795,0.2815126050420168,0.18508403361344536,0.0,1.0,0.0,1.0,3,0,5,1,0.06,0.08,17,20,standard,15,111
11,Cooperator,2.0678571428571426,1.0,0.0,1.0,0.6857142857142857,0.3142857142857142,0.0,0.0,1.0,1.0,0.0,0.0,3,0,5,1,0.06,0.08,17,20,standard,15,111
12,Alternator,2.0357142857142856,0.5,3.0,1.0,0.1888655462184874,0.31113445378151255,0.24138655462184874,0.2586134453781513,0.0,0.0,1.0,1.0,3,0,5,1,0.06,0.08,17,20,standard,15,111
13,Cycler DC,2.0,0.5,3.0,0.0,0.17521008403361346,0.32478991596638657,0.24369747899159666,0.2563025210084034,0.0,0.0,1.0,1.0,3,0,5,1,0.06,0.08,17,20,standard,15,111
14,Anti Tit For Tat,1.6964285714285714,0.6340336134453781,3.0,1.0,0.1861344537815126,0.4478991596638656,0.1939075630252101,0.1720588235294118,0.0,1.0,0.0,1.0,3,0,5,1,0.06,0.08,17,20,standard,15,111
0,Grudger,3.111111111111111,0.48644986449864497,4.0,1.0,0.4130532971996386,0.07339656729900633,0.3462059620596206,0.1673441734417344,1.0,0.0,0.0,0.0,3,0,5,1,0.04,0.04,82,9,standard,7,112
1,Soft Joss: 0.9,2.388888888888889,0.7271906052393857,0.0,1.0,0.5286811201445348,0.19850948509485092,0.13233965672990064,0.14046973803071364,1.0,0.0992783266184302,1.0,0.0741690529590025,3,0,5,1,0.04,0.04,82,9,standard,7,112
2,Meta Mixer: 5 players,2.2962962962962963,0.5024841915085817,3.0,0.7032520325203252,0.27800361336946705,0.22448057813911473,0.24638663053297197,0.25112917795844625,0.5832907893295655,0.3744262784007566,0.4792898754960416,0.44755869503514695,3,0,5,1,0.04,0.04,82,9,standard,7,112
3,Win-Stay Lose-Shift,2.240740740740741,0.74096657633243,1.0,1.0,0.5501355013550137,0.19083107497741644,0.09281842818428183,0.16621499548328814,1.0,0.0,0.0,1.0,3,0,5,1,0.04,0.04,82,9,standard,7,112
4,Meta Winner: 5 players,2.185185185185185,0.5313911472448057,2.0,1.0,0.23735320686540198,0.2940379403794038,0.2477416440831075,0.22086720867208673,0.2125835369988778,0.8467141230875684,0.14179281873849417,0.6693229769393931,3,0,5,1,0.04,0.04,82,9,standard,7,112
5,Random: 0.5,2.1296296296296298,0.5006775067750677,2.0,0.5121951219512195,0.2330623306233062,0.2676151761517615,0.2289972899728997,0.27032520325203246,0.4833239299022092,0.49964074502918415,0.5255590570664322,0.4918497858463832,3,0,5,1,0.04,0.04,82,9,standard,7,112
6,Bully,2.111111111111111,0.49299909665763325,3.0,0.0,0.17886178861788618,0.31413730803974704,0.26851851851851855,0.2384823848238483,0.0,1.0,0.0,1.0,3,0,5,1,0.04,0.04,82,9,standard,7,112
0,Grudger,3.182098765432099,0.34707287933094383,5.0,1.0,0.3378136200716846,0.00925925925925926,0.37921478826496746,0.27371233240408865,1.0,0.0,0.0,0.0,3,0,5,1,0.05,0.04,93,72,standard,10,113
1,Defector,2.617283950617284,0.0,8.0,0.0,0.0,0.0,0.4061462896588345,0.5938537103411655,0.0,0.0,0.0,0.0,3,0,5,1,0.05,0.04,93,72,standard,10,113
2,Win-Shift Lose-Stay: D,2.3950617283950617,0.497029735829019,4.0,0.0,0.2684521439001726,0.2285775919288464,0.2719202177087482,0.23105004646223282,0.0,1.0,1.0,0.0,3,0,5,1,0.05,0.04,93,72,standard,10,113
3,Soft Joss: 0.9,2.390432098765432,0.6677452542147883,0.0,1.0,0.4431003584229391,0.2246448957918492,0.1817337050311961,0.15052104075401568,1.0,0.0981778913273369,1.0,0.1082750076157784,3,0,5,1,0.05,0.04,93,72,standard,10,113
4,Alternator,2.3132716049382713,0.5,3.0,1.0,0.2305522368246383,0.2694477631753618,0.2794371432364264,0.22056285676357362,0.0,0.0,1.0,1.0,3,0,5,1,0.05,0.04,93,72,standard,10,113
5,Cycler DC,2.3055555555555554,0.5,4.0,0.0,0.22837846807380854,0.27162153192619143,0.27998473383778044,0.22001526616221956,0.0,0.0,1.0,1.0,3,0,5,1,0.05,0.04,93,72,standard,10,113
6,Random: 0.5,2.2037037037037037,0.49729523430240274,5.0,0.4922341696535245,0.2430472587282623,0.2542479755741405,0.24122195672374883,0.2614828089738484,0.49144953549550147,0.5023778247812744,0.4899574712641114,0.5004975207181293,3,0,5,1,0.05,0.04,93,72,standard,10,113
7,Tit For 2 Tats,2.015432098765432,0.8213859020310633,0.0,1.0,0.5657772467808311,0.2556086552502323,0.034664144431169525,0.14394995353776716,1.0,0.7787344540112068,1.0,0.0,3,0,5,1,0.05,0.04,93,72,standard,10,113
8,Anti Tit For Tat,1.979938271604938,0.5625414841364662,3.0,1.0,0.2314814814814815,0.33106000265498475,0.21231581043409,0.22514270542944376,0.0,1.0,0.0,1.0,3,0,5,1,0.05,0.04,93,72,standard,10,113
9,Cooperator,1.675925925925926,1.0,0.0,1.0,0.5578288862339041,0.44217111376609586,0.0,0.0,1.0,1.0,0.0,0.0,3,0,5,1,0.05,0.04,93,72,standard,10,113
0,"DoubleCrosser: (D, D)",3.0317965023847377,0.5545960398901575,14.0,1.0,0.5282103627691862,0.02638567712097124,0.25005419858361033,0.19534976152623212,0.9916536254564423,0.7769497139415839,0.0025243418680129825,0.0,3,0,5,1,0.07,0.02,88,74,standard,18,114
1,Evolved HMM 5,3.02543720190779,0.5901774100303512,6.0,1.0,0.5389958809076457,0.051181529122705585,0.2499096690273161,0.1599129209423327,0.9988459831335997,0.48030328246042636,0.015891934843067144,0.197415439284382,3,0,5,1,0.07,0.02,88,74,standard,18,114
2,Evolved FSM 16,2.980127186009539,0.6007822662234427,6.0,1.0,0.4987624656742304,0.10201980054921231,0.271372308137014,0.12784542563954326,0.9126153846153847,0.5369369347088419,0.19809832976664143,0.3648285271228508,3,0,5,1,0.07,0.02,88,74,standard,18,114
3,Grudger,2.976152623211447,0.48094016476369417,6.0,1.0,0.4729910391675098,0.007949125596184421,0.2596383147853736,0.25942152045093225,1.0,0.0,0.0,0.0,3,0,5,1,0.07,0.02,88,74,standard,18,114
4,Meta Winner: 17 players,2.7054848966613676,0.04147094955918485,14.0,1.0,0.024488726694609053,0.01698222286457581,0.4126228501228501,0.5459062003179651,0.5512008645472776,0.3659857725915872,0.012048014040319866,0.01812056187189186,3,0,5,1,0.07,0.02,88,74,standard,18,114
5,Defector,2.5294117647058822,0.0,15.0,0.0,0.0,0.0,0.3822897094955919,0.6177102905044082,0.0,0.0,0.0,0.0,3,0,5,1,0.07,0.02,88,74,standard,18,114
6,Tit For Tat,2.518282988871224,0.691239702269114,0.0,1.0,0.534732258996965,0.1565074432721492,0.15132244544009252,0.1574378522907935,1.0,0.0,1.0,0.0,3,0,5,1,0.07,0.02,88,74,standard,18,114
7,Soft Joss: 0.9,2.4920508744038155,0.7387628269981211,0.0,1.0,0.5885695187165775,0.1501933082815436,0.11627402803873392,0.14496314496314497,1.0,0.1019692252092046,1.0,0.10239708227146302,3,0,5,1,0.07,0.02,88,74,standard,18,114
8,Win-Stay Lose-Shift,2.434817170111288,0.7184473912415089,1.0,1.0,0.554397311750253,0.16405007949125597,0.12255203064026594,0.15900057811822518,1.0,0.0,0.0,1.0,3,0,5,1,0.07,0.02,88,74,standard,18,114
9,GTFT: 0.33,2.381558028616852,0.8018319121260298,0.0,1.0,0.6150364937129643,0.18679541841306546,0.08463108830755889,0.11353699956641133,1.0,0.3330844956497413,1.0,0.33157753868169193,3,0,5,1,0.07,0.02,88,74,standard,18,114
10,Suspicious Tit For Tat,2.242448330683625,0.5184997832056656,7.0,0.0,0.3381991617285735,0.18030062147709205,0.1862263332851568,0.29527388350917766,1.0,0.0,1.0,0.0,3,0,5,1,0.07,0.02,88,74,standard,18,114
11,Cooperator,1.9411764705882353,1.0,0.0,1.0,0.6469594594594594,0.35304054054054057,0.0,0.0,1.0,1.0,0.0,0.0,3,0,5,1,0.07,0.02,88,74,standard,18,114
12,Random: 0.5,1.9018282988871225,0.49774172568290215,6.5,0.5153743315508021,0.1968673218673219,0.30087440381558034,0.2006160572337043,0.3016422170833935,0.488236527365158,0.4976568229490599,0.49291277917843773,0.4973650037675394,3,0,5,1,0.07,0.02,88,74,standard,18,114
13,Alternator,1.8803656597774245,0.5,6.0,1.0,0.15543250469721057,0.3445674953027894,0.2291154791154791,0.27088452088452086,0.0,0.0,1.0,1.0,3,0,5,1,0.07,0.02,88,74,standard,18,114
14,Cycler DC,1.864864864864865,0.5,4.0,0.0,0.14922676687382572,0.3507732331261743,0.22965746495158262,0.27034253504841743,0.0,0.0,1.0,1.0,3,0,5,1,0.07,0.02,88,74,standard,18,114
15,Bully,1.8271065182829886,0.5932215638097991,7.0,0.0,0.16821433733198438,0.42500722647781475,0.2287360890302067,0.17804234715999426,0.0,1.0,0.0,1.0,3,0,5,1,0.07,0.02,88,74,standard,18,114
16,Win-Shift Lose-Stay: D,1.6641494435612083,0.6047929614106085,6.0,0.0,0.17699450787686083,0.4277984535337477,0.18618116779881488,0.20902587079057672,0.0,1.0,1.0,0.0,3,0,5,1,0.07,0.02,88,74,standard,18,114
17,Anti Tit For Tat,1.5353736089030208,0.6614124150888857,5.0,1.0,0.17808751264633618,0.4833249024425495,0.16655224743460034,0.17203533747651395,0.0,1.0,0.0,1.0,3,0,5,1,0.07,0.02,88,74,standard,18,114
0,"DoubleCrosser: (D, D)",2.717948717948718,0.601878463416925,10.0,1.0,0.5582605428759275,0.04361792054099748,0.1615102845872077,0.23661125199586738,0.9860111762878101,0.7845846367744178,0.025893958076448828,0.0,3,0,5,1,0.07,0.09,91,45,standard,14,115
1,Evolved HMM 5,2.700854700854701,0.6347140039447732,4.0,1.0,0.5621677467831314,0.07254625716164179,0.16229923922231618,0.2029867568329107,0.9995978120978121,0.5144012950274842,0.014317180616740088,0.2113789325908261,3,0,5,1,0.07,0.09,91,45,standard,14,115
2,Evolved FSM 16,2.6153846153846154,0.6571992110453649,4.0,1.0,0.5114868037944961,0.1457124072508688,0.18500986193293883,0.15779092702169623,0.89568345323741,0.5598765432098766,0.27826868617800166,0.39121374089911015,3,0,5,1,0.07,0.09,91,45,standard,14,115
3,Tit For Tat,2.471794871794872,0.6736357659434582,0.0,1.0,0.5089884474499858,0.16464731849347233,0.15514229360383205,0.1712219404527097,1.0,0.0,1.0,0.0,3,0,5,1,0.07,0.09,91,45,standard,14,115
4,Meta Winner: 12 players,2.4581196581196583,0.05007983469521931,11.0,1.0,0.03546538931154316,0.014614445383676154,0.35164835164835156,0.5982718136564291,0.6294549266247379,0.608,0.0024813895781637717,0.0,3,0,5,1,0.07,0.09,91,45,standard,14,115
5,GTFT: 0.33,2.382905982905983,0.8082652390344698,0.0,1.0,0.6195923734385272,0.18867286559594254,0.08349769888231426,0.10823706208321594,1.0,0.3352512427403182,1.0,0.3299306849827173,3,0,5,1,0.07,0.09,91,45,standard,14,115
6,Suspicious Tit For Tat,2.358974358974359,0.5714661406969099,7.0,0.0,0.4080210387902695,0.16344510190664033,0.17603080680003755,0.2525030525030525,1.0,0.0,1.0,0.0,3,0,5,1,0.07,0.09,91,45,standard,14,115
7,Tit For 2 Tats,2.2735042735042734,0.8500046961585423,0.0,1.0,0.7019817789048558,0.1480229172536865,0.0038884192730346575,0.14610688456842302,1.0,0.8484664070107109,1.0,0.0,3,0,5,1,0.07,0.09,91,45,standard,14,115
8,Defector,2.1692307692307695,0.0,11.0,0.0,0.0,0.0,0.2926270310885695,0.7073729689114305,0.0,0.0,0.0,0.0,3,0,5,1,0.07,0.09,91,45,standard,14,115
9,Meta Mixer: 12 players,2.1452991452991452,0.49448670987132526,6.0,0.6821639898562976,0.2841927303465765,0.21029397952474876,0.1971259509721048,0.3083873391565699,0.6751280413629833,0.3289417184255187,0.6649721375622436,0.3189165147973367,3,0,5,1,0.07,0.09,91,45,standard,14,115
10,Cooperator,2.1333333333333333,1.0,0.0,1.0,0.7111674650136188,0.2888325349863811,0.0,0.0,1.0,1.0,0.0,0.0,3,0,5,1,0.07,0.09,91,45,standard,14,115
11,Cycler DC,2.0700854700854703,0.4888888888888889,5.0,0.0,0.13126702357471587,0.35762186531417306,0.29215741523433825,0.2189536958767728,0.0,0.0,1.0,1.0,3,0,5,1,0.07,0.09,91,45,standard,14,115
12,Alternator,2.037606837606838,0.5111111111111111,3.0,1.0,0.14285714285714285,0.36825396825396833,0.2800225415610031,0.2088663473278858,0.0,0.0,1.0,1.0,3,0,5,1,0.07,0.09,91,45,standard,14,115
13,Win-Shift Lose-Stay: D,1.8341880341880343,0.5761622992392224,4.0,0.0,0.19383863999248613,0.38232365924673617,0.2076453461068846,0.2161923546538931,0.0,1.0,1.0,0.0,3,0,5,1,0.07,0.09,91,45,standard,14,115
0,Defector,2.7754010695187166,0.0,11.0,0.0,0.0,0.0,0.43799337916984976,0.5620066208301502,0.0,0.0,0.0,0.0,3,0,5,1,0.1,0.01,21,17,standard,12,116
1,Evolved FSM 16,2.716577540106952,0.6299974535268653,3.0,1.0,0.49630761395467277,0.13368983957219252,0.213903743315508,0.1560988031576267,0.9325859325859326,0.35793803418803416,0.19299889172590726,0.40164126823631374,3,0,5,1,0.1,0.01,21,17,standard,12,116
2,Evolved HMM 5,2.6844919786096257,0.6070791953144894,3.0,1.0,0.4919786096256684,0.11510058568882098,0.20779220779220778,0.18512859689330277,0.9982078853046595,0.39449057236746804,0.015170940170940173,0.1980871210810503,3,0,5,1,0.1,0.01,21,17,standard,12,116
3,"DoubleCrosser: (D, D)",2.588235294117647,0.6108989050165521,7.0,1.0,0.48637636872930995,0.12452253628724219,0.18792971734148203,0.20117137764196585,0.9592236467236468,0.7578502415458938,0.0,0.0,3,0,5,1,0.1,0.01,21,17,standard,12,116
4,Meta Winner: 10 players,2.5454545454545454,0.14031066972243442,10.0,1.0,0.071301247771836,0.06900942195059842,0.36669213139801365,0.49299719887955185,0.1638388115210188,0.3178015369504116,0.03137088141497275,0.12312427470457253,3,0,5,1,0.1,0.01,21,17,standard,12,116
5,Tit For Tat,2.3475935828877006,0.6646294881588999,0.0,1.0,0.5446906035141329,0.11993888464476701,0.09294626941685767,0.24242424242424246,1.0,0.0,1.0,0.0,3,0,5,1,0.1,0.01,21,17,standard,12,116
6,Tit For 2 Tats,2.165775401069519,0.758594346829641,0.0,1.0,0.5660809778456838,0.1925133689839572,0.05576776165011459,0.18563789152024446,1.0,0.6388007704030446,1.0,0.0,3,0,5,1,0.1,0.01,21,17,standard,12,116
7,Meta Mixer: 10 players,2.1390374331550803,0.48357524828113063,6.0,0.7575757575757576,0.24420677361853835,0.2393684746625923,0.22408963585434175,0.29233511586452765,0.5040458551094853,0.4325624505145772,0.5047408939881515,0.4132560574997761,3,0,5,1,0.1,0.01,21,17,standard,12,116
8,Win-Stay Lose-Shift,2.0962566844919786,0.7685255920550038,0.0,1.0,0.5609880315762669,0.20753756047873698,0.04303539597657246,0.18843901196842375,1.0,0.0,0.0,1.0,3,0,5,1,0.1,0.01,21,17,standard,12,116
9,Random: 0.5,1.9946524064171123,0.4950343773873186,4.0,0.5454545454545454,0.21263050674815379,0.2824038706391648,0.2121212121212121,0.2928444104914693,0.49776822454326036,0.49821236329321317,0.4939556853524822,0.48806427600761865,3,0,5,1,0.1,0.01,21,17,standard,12,116
10,Bully,1.877005347593583,0.5676088617265088,5.0,0.0,0.10720651897122485,0.4604023427552839,0.28698752228163993,0.14540361599185128,0.0,1.0,0.0,1.0,3,0,5,1,0.1,0.01,21,17,standard,12,116
11,Anti Tit For Tat,1.411764705882353,0.7028265851795263,3.0,1.0,0.1530430353959766,0.5497835497835498,0.1650114591291062,0.13216195569136746,0.0,1.0,0.0,1.0,3,0,5,1,0.1,0.01,21,17,standard,12,116
0,"DoubleCrosser: (D, D)",3.0505263157894733,0.5383299595141701,16.0,1.0,0.5279757085020244,0.010354251012145748,0.25168016194331977,0.20998987854251008,0.9970276066125573,0.7733333333333333,0.01002227171492205,0.0,3,0,5,1,0.05,0.05,26,200,standard,20,117
1,Evolved HMM 5,3.0076315789473687,0.586497975708502,7.0,1.0,0.5387044534412956,0.04779352226720648,0.24464574898785427,0.1688562753036437,0.9974020836964829,0.47482400942433267,0.014922444547851714,0.19270520417451276,3,0,5,1,0.05,0.05,26,200,standard,20,117
2,Evolved FSM 16,2.972763157894737,0.5883805668016194,7.0,1.0,0.496497975708502,0.0918825910931174,0.267914979757085,0.14370445344129554,0.8973544973544973,0.5359391641204317,0.15986762655906434,0.3295697381908895,3,0,5,1,0.05,0.05,26,200,standard,20,117
3,Grudger,2.966842105263158,0.47813765182186235,7.0,1.0,0.47524291497975707,0.002894736842105263,0.25485829959514167,0.2670040485829959,1.0,0.0,0.0,0.0,3,0,5,1,0.05,0.05,26,200,standard,20,117
4,Meta Winner: 18 players,2.6463157894736846,0.015323886639676113,16.0,1.0,0.009058704453441297,0.006265182186234818,0.39857287449392703,0.5861032388663968,0.5671252607192118,0.390739646570639,0.008500333669072966,0.006960482572552658,3,0,5,1,0.05,0.05,26,200,standard,20,117
5,Tit For Tat,2.525394736842105,0.6907085020242915,0.0,1.0,0.5411842105263158,0.14952429149797572,0.14818825910931174,0.16110323886639674,1.0,0.0,1.0,0.0,3,0,5,1,0.05,0.05,26,200,standard,20,117
6,Soft Joss: 0.9,2.500394736842105,0.7391093117408907,0.0,1.0,0.5957894736842105,0.14331983805668017,0.11346153846153846,0.14742914979757085,1.0,0.09457310727236044,1.0,0.09517030366244165,3,0,5,1,0.05,0.05,26,200,standard,20,117
7,Win-Stay Lose-Shift,2.4438157894736845,0.7196963562753036,1.5,1.0,0.5593218623481782,0.1603744939271255,0.12110323886639676,0.1592004048582996,1.0,0.0,0.0,1.0,3,0,5,1,0.05,0.05,26,200,standard,20,117
8,Defector,2.4331578947368424,0.0,17.0,0.0,0.0,0.0,0.3586740890688259,0.6413259109311741,0.0,0.0,0.0,0.0,3,0,5,1,0.05,0.05,26,200,standard,20,117
9,GTFT: 0.33,2.3909210526315787,0.8031882591093117,0.0,1.0,0.620334008097166,0.18285425101214575,0.08317813765182186,0.1136336032388664,1.0,0.34070725074805536,1.0,0.3299339951962428,3,0,5,1,0.05,0.05,26,200,standard,20,117
10,Tit For 2 Tats,2.3053947368421053,0.828087044534413,0.0,1.0,0.6660526315789473,0.16203441295546558,0.03381578947368421,0.13809716599190283,1.0,0.7594008112133417,1.0,0.0,3,0,5,1,0.05,0.05,26,200,standard,20,117
11,Suspicious Tit For Tat,2.2671052631578945,0.5434311740890688,7.0,0.0,0.3724089068825911,0.17102226720647773,0.17284412955465583,0.2837246963562753,1.0,0.0,1.0,0.0,3,0,5,1,0.05,0.05,26,200,standard,20,117
12,Cooperator,2.011578947368421,1.0,0.0,1.0,0.6708097165991902,0.3291902834008097,0.0,0.0,1.0,1.0,0.0,0.0,3,0,5,1,0.05,0.05,26,200,standard,20,117
13,Meta Mixer: 18 players,1.996842105263158,0.4439574898785425,11.0,0.6680161943319838,0.19993927125506072,0.24401821862348175,0.2105060728744939,0.34553643724696353,0.5465186062124818,0.38112375219164174,0.5394166953322624,0.37814262958073835,3,0,5,1,0.05,0.05,26,200,standard,20,117
14,Alternator,1.9675,0.5,6.0,1.0,0.16967611336032387,0.3303238866396761,0.23957489878542512,0.2604251012145749,0.0,0.0,1.0,1.0,3,0,5,1,0.05,0.05,26,200,standard,20,117
15,Cycler DC,1.9615789473684213,0.5,5.0,0.0,0.1682995951417004,0.3317004048582996,0.23895748987854254,0.2610425101214575,0.0,0.0,1.0,1.0,3,0,5,1,0.05,0.05,26,200,standard,20,117
16,Random: 0.5,1.9192105263157895,0.49876518218623483,7.0,0.4979757085020243,0.2017307692307692,0.29703441295546557,0.20280364372469634,0.2984311740890689,0.4977829834454392,0.4964895974171281,0.5091591234433533,0.5005658627742074,3,0,5,1,0.05,0.05,26,200,standard,20,117
17,Bully,1.8521052631578945,0.5910222672064778,8.0,0.0,0.17573886639676115,0.4152834008097166,0.23027327935222672,0.17870445344129554,0.0,1.0,0.0,1.0,3,0,5,1,0.05,0.05,26,200,standard,20,117
18,Win-Shift Lose-Stay: D,1.77,0.5957186234817814,7.0,0.0,0.19441295546558704,0.40130566801619433,0.19700404858299594,0.2072773279352227,0.0,1.0,1.0,0.0,3,0,5,1,0.05,0.05,26,200,standard,20,117
19,Anti Tit For Tat,1.5985526315789476,0.6462348178137651,6.0,1.0,0.1785425101214575,0.4676923076923077,0.17681174089068827,0.17695344129554655,0.0,1.0,0.0,1.0,3,0,5,1,0.05,0.05,26,200,standard,20,117
0,"DoubleCrosser: (D, D)",2.7391304347826084,0.5618946271120184,9.0,1.0,0.5496242887547236,0.01227033835729488,0.16288059766320637,0.27522477522477523,0.9955076370170709,0.7476510067114094,0.011419249592169658,0.0,3,0,5,1,0.06,0.06,26,161,standard,12,118
1,Evolved HMM 5,2.654997176736307,0.6476349737219302,3.0,1.0,0.5664987186726317,0.08113625504929854,0.1504799548277809,0.20188507145028883,0.9965881579253674,0.4443125949973343,0.016315465542586918,0.1935430288641142,3,0,5,1,0.06,0.06,26,161,standard,12,118
2,Evolved FSM 16,2.6072840203274987,0.6804065499717674,3.0,1.0,0.5533162489684229,0.1270903010033445,0.15786387525517961,0.16172957477305303,0.892287709967268,0.44670651308343573,0.06090486400027225,0.49172044574456264,3,0,5,1,0.06,0.06,26,161,standard,12,118
3,Meta Winner: 10 players,2.375776397515528,0.015158754289189072,10.0,1.0,0.007557659731572775,0.007601094557616298,0.34105025409373235,0.6437909916170784,0.1560788367289915,0.283513160947767,0.014920146946016493,0.0101002469710043,3,0,5,1,0.06,0.06,26,161,standard,12,118
4,Defector,2.375494071146245,0.0,11.0,0.0,0.0,0.0,0.34587151978456326,0.6541284802154368,0.0,0.0,0.0,0.0,3,0,5,1,0.06,0.06,26,161,standard,12,118
5,Soft Joss: 0.9,2.3644833427442125,0.7054032923598141,0.0,1.0,0.6094774790426964,0.09592581331711768,0.060721886808843335,0.2338748208313426,1.0,0.10119714148959501,1.0,0.10063748696238636,3,0,5,1,0.06,0.06,26,161,standard,12,118
6,Tit For 2 Tats,2.3221343873517784,0.7417582417582418,0.0,1.0,0.6350823089953525,0.10667593276288928,0.039677713590757065,0.2185640446510012,1.0,0.6462172262839485,1.0,0.0,3,0,5,1,0.06,0.06,26,161,standard,12,118
7,GTFT: 0.33,2.266516092603049,0.779416235937975,0.0,1.0,0.6237241019849716,0.15569213395300355,0.04421665291230508,0.17636711114971984,1.0,0.3426504447627132,1.0,0.33937957557438675,3,0,5,1,0.06,0.06,26,161,standard,12,118
8,Win-Stay Lose-Shift,2.2196499153020888,0.7871910697997655,0.0,1.0,0.6147548104069843,0.17243625939278112,0.04180602006688963,0.1710029101333449,1.0,0.0,0.0,1.0,3,0,5,1,0.06,0.06,26,161,standard,12,118
9,Meta Mixer: 10 players,1.88085827216262,0.3918907179776745,6.0,0.7167832167832168,0.1605133996438344,0.2313773183338401,0.20038656995178733,0.40772271207053806,0.5553773057661532,0.3363339257078625,0.5048216421536156,0.3354295690822084,3,0,5,1,0.06,0.06,26,161,standard,12,118
10,Random: 0.5,1.671089779785432,0.5031707423011771,4.0,0.44405594405594406,0.1682013638535378,0.3349693784476393,0.16787560265821136,0.3289536550406116,0.49907595329911525,0.5102981212750316,0.5009835567755909,0.4996298307720651,3,0,5,1,0.06,0.06,26,161,standard,12,118
11,Bully,1.3791643139469225,0.6915041480258871,4.0,0.0,0.13632020153759283,0.5551839464882943,0.1675281240498632,0.14096772792424964,0.0,1.0,0.0,1.0,3,0,5,1,0.06,0.06,26,161,standard,12,118
0,"DoubleCrosser: (D, D)",3.0634920634920637,0.6825396825396826,1.0,1.0,0.5555555555555556,0.126984126984127,0.264957264957265,0.05250305250305251,0.9668294668294669,0.8739316239316239,0.0,0.0,3,0,5,1,0.08,0.06,13,21,standard,4,119
1,Meta Mixer: 3 players,1.9841269841269842,0.43223443223443225,1.0,0.3076923076923077,0.3247863247863248,0.10744810744810744,0.11965811965811966,0.4481074481074481,0.7103513770180436,0.3482312440645774,0.8786258786258787,0.133093419506463,3,0,5,1,0.08,0.06,13,21,standard,4,119
2,Suspicious Tit For Tat,1.7936507936507935,0.4175824175824176,0.0,0.0,0.3553113553113553,0.06227106227106227,0.06349206349206349,0.518925518925519,1.0,0.0,1.0,0.0,3,0,5,1,0.08,0.06,13,21,standard,4,119
3,Win-Shift Lose-Stay: D,1.3174603174603174,0.32844932844932845,0.0,0.0,0.08058608058608058,0.24786324786324787,0.09645909645909645,0.5750915750915752,0.0,1.0,1.0,0.0,3,0,5,1,0.08,0.06,13,21,standard,4,119
0,Evolved FSM 16,3.0954545454545457,0.5813203463203463,4.0,1.0,0.49253968253968256,0.08878066378066377,0.2996248196248196,0.11905483405483407,0.866886385416994,0.5773158915746458,0.26211157565732984,0.3011841471415139,3,0,5,1,0.06,0.0,90,140,standard,12,120
1,Grudger,3.0032467532467533,0.46174603174603174,5.0,1.0,0.4578499278499278,0.003896103896103896,0.2725974025974026,0.2656565656565657,1.0,0.0,0.0,0.0,3,0,5,1,0.06,0.0,90,140,standard,12,120
2,Meta Winner: 11 players,2.53961038961039,0.05348484848484848,9.0,1.0,0.02585858585858586,0.02762626262626263,0.37669552669552664,0.5698196248196248,0.49188983322854585,0.6775548324340067,0.02653372759833643,0.033931429270475266,3,0,5,1,0.06,0.0,90,140,standard,12,120
3,Tit For Tat,2.533116883116883,0.6886435786435786,0.0,1.0,0.5267532467532466,0.16189033189033186,0.16020202020202018,0.15115440115440112,1.0,0.0,1.0,0.0,3,0,5,1,0.06,0.0,90,140,standard,12,120
4,Soft Joss: 0.9,2.5246753246753246,0.7521212121212121,0.0,1.0,0.6127849927849929,0.13933621933621934,0.10902597402597401,0.13885281385281384,1.0,0.10051439458163001,1.0,0.09888527266882496,3,0,5,1,0.06,0.0,90,140,standard,12,120
5,Tit For 2 Tats,2.3694805194805193,0.8237734487734488,0.0,1.0,0.6638455988455988,0.15992784992784992,0.05041847041847041,0.1258080808080808,1.0,0.6942846505346506,1.0,0.0,3,0,5,1,0.06,0.0,90,140,standard,12,120
6,Win-Stay Lose-Shift,2.2555194805194803,0.7451731601731602,0.0,1.0,0.5651587301587301,0.18001443001443,0.07651515151515151,0.1783116883116883,1.0,0.0,0.0,1.0,3,0,5,1,0.06,0.0,90,140,standard,12,120
7,Suspicious Tit For Tat,2.228571428571428,0.49636363636363634,2.0,0.0,0.2682972582972583,0.22806637806637806,0.22968253968253965,0.27395382395382395,1.0,0.0,1.0,0.0,3,0,5,1,0.06,0.0,90,140,standard,12,120
8,Bully,2.017532467532467,0.5565728715728716,6.0,0.0,0.1840476190476191,0.3725252525252526,0.2555050505050505,0.18792207792207796,0.0,1.0,0.0,1.0,3,0,5,1,0.06,0.0,90,140,standard,12,120
9,Alternator,2.001948051948052,0.5,3.0,1.0,0.19199855699855697,0.308001443001443,0.23146464646464648,0.2685353535353535,0.0,0.0,1.0,1.0,3,0,5,1,0.06,0.0,90,140,standard,12,120
10,Random: 0.5,1.9178571428571427,0.5002236652236652,5.0,0.5151515151515151,0.20314574314574313,0.29707792207792205,0.201984126984127,0.29779220779220783,0.4893953978660484,0.500464454339925,0.5000028016909341,0.5020220408429786,3,0,5,1,0.06,0.0,90,140,standard,12,120
11,Anti Tit For Tat,1.573051948051948,0.6489393939393939,3.0,1.0,0.1881962481962482,0.4607431457431457,0.1641702741702742,0.18689033189033186,0.0,1.0,0.0,1.0,3,0,5,1,0.06,0.0,90,140,standard,12,120
0,Grudger,3.0833333333333335,0.6030081805943875,4.0,1.0,0.5917469193331262,0.01126126126126126,0.22716682199440819,0.16982499741120427,1.0,0.0,0.0,0.0,3,0,5,1,0.05,0.02,87,37,standard,13,121
1,Evolved HMM 5,3.0180180180180183,0.6602982292637465,4.0,1.0,0.6076421248835041,0.05265610438024231,0.2122553588070829,0.12744641192917053,0.9994539994539995,0.42749258957701847,0.02192448233861145,0.2023388566807834,3,0,5,1,0.05,0.02,87,37,standard,13,121
2,Evolved FSM 16,2.9819819819819817,0.6862897380138759,4.0,1.0,0.6088588588588589,0.07743087915501708,0.21065030547789168,0.10305995650823237,0.965768621236133,0.47461773700305815,0.11004435579528286,0.3606224311869473,3,0,5,1,0.05,0.02,87,37,standard,13,121
3,Tit For Tat,2.617117117117117,0.7677332504918711,0.0,1.0,0.6529978254116185,0.11473542508025265,0.10650305477891685,0.12576369472921198,1.0,0.0,1.0,0.0,3,0,5,1,0.05,0.02,87,37,standard,13,121
4,Soft Joss: 0.9,2.5833333333333335,0.7896862379621,0.0,1.0,0.6606606606606606,0.12902557730143938,0.09731283007145076,0.11300093196644923,1.0,0.09666626756735122,1.0,0.10729205064803071,3,0,5,1,0.05,0.02,87,37,standard,13,121
5,GTFT: 0.33,2.4932432432432434,0.8408408408408409,0.0,1.0,0.6791187739463602,0.16172206689448068,0.0730040385212799,0.08615512063787926,1.0,0.3293918006143328,1.0,0.3521996437499027,3,0,5,1,0.05,0.02,87,37,standard,13,121
6,Defector,2.459459459459459,0.0,11.0,0.0,0.0,0.0,0.3652531842187015,0.6347468157812985,0.0,0.0,0.0,0.0,3,0,5,1,0.05,0.02,87,37,standard,13,121
7,Tit For 2 Tats,2.3963963963963963,0.8782489385937662,0.0,1.0,0.7301180490835663,0.14813088951019984,0.02125401263332298,0.10049704877291084,1.0,0.7507182320441989,1.0,0.0,3,0,5,1,0.05,0.02,87,37,standard,13,121
8,Meta Mixer: 12 players,2.195945945945946,0.4954437195816506,7.0,0.75,0.28386144765455107,0.21158227192709952,0.21093507300403855,0.2936212074143108,0.6187996057222709,0.370623470103545,0.5987474755669284,0.3626033709117531,3,0,5,1,0.05,0.02,87,37,standard,13,121
9,Cooperator,2.189189189189189,1.0,0.0,1.0,0.7302474888681786,0.26975251113182147,0.0,0.0,1.0,1.0,0.0,0.0,3,0,5,1,0.05,0.02,87,37,standard,13,121
10,Win-Shift Lose-Stay: D,2.1531531531531534,0.5877342860101481,6.0,0.0,0.2369783576680129,0.35075592834213526,0.25714507611059334,0.15512063787925856,0.0,1.0,1.0,0.0,3,0,5,1,0.05,0.02,87,37,standard,13,121
11,Cycler DC,2.130630630630631,0.4864864864864865,6.0,0.0,0.18245832038935483,0.3040281660971316,0.2680956818887853,0.2454178316247282,0.0,0.0,1.0,1.0,3,0,5,1,0.05,0.02,87,37,standard,13,121
12,Anti Tit For Tat,1.7837837837837835,0.6145024334679507,4.0,1.0,0.1812674743709227,0.4332349590970281,0.2147406026716372,0.17075696386041217,0.0,1.0,0.0,1.0,3,0,5,1,0.05,0.02,87,37,standard,13,121
0,Grudger,2.9504761904761905,0.5821428571428572,4.0,1.0,0.5754761904761905,0.006666666666666667,0.20083333333333334,0.2170238095238095,1.0,0.0,0.0,0.0,3,0,5,1,0.04,0.01,16,75,standard,15,122
1,"DoubleCrosser: (D, D)",2.9019047619047615,0.6057738095238095,12.0,1.0,0.5797619047619048,0.026011904761904757,0.19214285714285712,0.20208333333333334,0.9901955368979231,0.7517806267806267,0.04713804713804714,0.0,3,0,5,1,0.04,0.01,16,75,standard,15,122
2,Evolved HMM 5,2.845238095238095,0.6598214285714286,4.0,1.0,0.5927976190476191,0.06702380952380953,0.1854761904761905,0.15470238095238098,0.9949845679012346,0.45344701192837134,0.013192125625243058,0.19634783932107613,3,0,5,1,0.04,0.01,16,75,standard,15,122
3,Evolved FSM 16,2.835238095238095,0.6875,4.0,1.0,0.5845238095238096,0.10297619047619047,0.19410714285714287,0.11839285714285712,0.9254399506020375,0.4206219161218721,0.05498426017208953,0.47496245279314336,3,0,5,1,0.04,0.01,16,75,standard,15,122
4,Meta Winner: 13 players,2.638095238095238,0.04172619047619048,12.0,1.0,0.02577380952380953,0.015952380952380954,0.38892857142857146,0.5693452380952381,0.5008374795139501,0.3196285496957404,0.015027361667231903,0.025628655730773647,3,0,5,1,0.04,0.01,16,75,standard,15,122
5,Win-Stay Lose-Shift,2.5247619047619048,0.767797619047619,1.0,1.0,0.6322619047619049,0.1355357142857143,0.09976190476190476,0.1324404761904762,1.0,0.0,0.0,1.0,3,0,5,1,0.04,0.01,16,75,standard,15,122
6,Tit For Tat,2.5152380952380957,0.7239880952380953,0.0,1.0,0.6426190476190478,0.08136904761904762,0.0774404761904762,0.1985714285714286,1.0,0.0,1.0,0.0,3,0,5,1,0.04,0.01,16,75,standard,15,122
7,Soft Joss: 0.9,2.467142857142857,0.7480952380952381,0.0,1.0,0.6461904761904762,0.10190476190476191,0.06976190476190476,0.18214285714285713,1.0,0.09493423430123804,1.0,0.09976842371130211,3,0,5,1,0.04,0.01,16,75,standard,15,122
8,Defector,2.388571428571429,0.0,13.0,0.0,0.0,0.0,0.3492261904761905,0.6507738095238096,0.0,0.0,0.0,0.0,3,0,5,1,0.04,0.01,16,75,standard,15,122
9,GTFT: 0.33,2.38047619047619,0.8141071428571428,0.0,1.0,0.6628571428571428,0.15125000000000005,0.05232142857142859,0.1335714285714286,1.0,0.32640982158789544,1.0,0.33750799498472944,3,0,5,1,0.04,0.01,16,75,standard,15,122
10,Cooperator,2.0985714285714288,1.0,0.0,1.0,0.699702380952381,0.30029761904761904,0.0,0.0,1.0,1.0,0.0,0.0,3,0,5,1,0.04,0.01,16,75,standard,15,122
11,Meta Mixer: 13 players,1.9114285714285715,0.4454166666666667,7.5,0.7723214285714286,0.20732142857142857,0.2380952380952381,0.1869047619047619,0.3676785714285714,0.5866365384531949,0.3456023217605034,0.5568197886913455,0.3580937780111314,3,0,5,1,0.04,0.01,16,75,standard,15,122
12,Random: 0.5,1.78,0.5005357142857143,5.0,0.5133928571428571,0.18500000000000003,0.3155357142857143,0.18214285714285716,0.3173214285714286,0.48695222110667363,0.5011009125235558,0.4933372137555765,0.5030559986835296,3,0,5,1,0.04,0.01,16,75,standard,15,122
13,Win-Shift Lose-Stay: D,1.5542857142857143,0.6660714285714285,4.5,0.0,0.17089285714285715,0.4951785714285714,0.17928571428571433,0.15464285714285714,0.0,1.0,1.0,0.0,3,0,5,1,0.04,0.01,16,75,standard,15,122
14,Bully,1.5485714285714285,0.6558928571428572,4.5,0.0,0.13458333333333333,0.5213095238095239,0.20077380952380947,0.14333333333333334,0.0,1.0,0.0,1.0,3,0,5,1,0.04,0.01,16,75,standard,15,122
0,"DoubleCrosser: (D, D)",2.9721153846153845,0.6579647435897436,15.0,1.0,0.6414102564102565,0.016554487179487182,0.17556891025641028,0.16646634615384612,0.9948719264567352,0.7852711804324708,0.086685552407932,0.0,3,0,5,1,0.05,0.01,60,130,standard,17,123
1,Evolved HMM 5,2.9290865384615383,0.6824439102564103,5.0,1.0,0.6470272435897437,0.035416666666666666,0.16748397435897436,0.15007211538461537,0.9973275072281483,0.46286399891691504,0.01045532866535324,0.18649171956312094,3,0,5,1,0.05,0.01,60,130,standard,17,123
2,Evolved FSM 16,2.9048076923076924,0.6550240384615384,5.0,1.0,0.596025641025641,0.05899839743589744,0.19383012820512824,0.15114583333333337,0.8829055978636183,0.5433294538537616,0.19479011375796365,0.13600200991303504,3,0,5,1,0.05,0.01,60,130,standard,17,123
3,Grudger,2.8514423076923077,0.5712339743589744,6.0,1.0,0.5673878205128206,0.003846153846153847,0.1798317307692308,0.2489342948717949,1.0,0.0,0.0,0.0,3,0,5,1,0.05,0.01,60,130,standard,17,123
4,Tit For Tat,2.6439903846153845,0.7553685897435898,0.0,1.0,0.611650641025641,0.1437179487179487,0.14135416666666667,0.10327724358974359,1.0,0.0,1.0,0.0,3,0,5,1,0.05,0.01,60,130,standard,17,123
5,Soft Joss: 0.9,2.637980769230769,0.8048477564102564,0.0,1.0,0.6790945512820513,0.12575320512820512,0.1012900641025641,0.0938621794871795,1.0,0.09694780458283493,1.0,0.10650890994150991,3,0,5,1,0.05,0.01,60,130,standard,17,123
6,GTFT: 0.33,2.558894230769231,0.8550320512820513,0.0,1.0,0.7056490384615384,0.14938301282051286,0.07404647435897437,0.07092147435897438,1.0,0.3318520144577424,1.0,0.3391552722773348,3,0,5,1,0.05,0.01,60,130,standard,17,123
7,Tit For 2 Tats,2.494471153846154,0.8978766025641025,0.0,1.0,0.7626762820512821,0.13520032051282052,0.02637820512820513,0.0757451923076923,1.0,0.8056457708627582,1.0,0.0,3,0,5,1,0.05,0.01,60,130,standard,17,123
8,Win-Stay Lose-Shift,2.4884615384615385,0.7852403846153846,0.0,1.0,0.6497756410256411,0.13546474358974359,0.08153846153846153,0.13322115384615385,1.0,0.0,0.0,1.0,3,0,5,1,0.05,0.01,60,130,standard,17,123
9,Meta Winner: 15 players,2.4478365384615386,0.076875,13.0,1.0,0.039783653846153844,0.03709134615384615,0.34563301282051284,0.5774919871794871,0.5993558147939888,0.6453236204587747,0.033545042457417566,0.05013634062537327,3,0,5,1,0.05,0.01,60,130,standard,17,123
10,Suspicious Tit For Tat,2.4360576923076924,0.6147435897435898,10.0,0.0,0.42826923076923085,0.18647435897435896,0.1912099358974359,0.19404647435897437,1.0,0.0,1.0,0.0,3,0,5,1,0.05,0.01,60,130,standard,17,123
11,Cooperator,2.3141826923076927,1.0,0.0,1.0,0.7715865384615385,0.22841346153846154,0.0,0.0,1.0,1.0,0.0,0.0,3,0,5,1,0.05,0.01,60,130,standard,17,123
12,Meta Mixer: 15 players,2.1173076923076923,0.4935176282051282,9.0,0.8458333333333333,0.26640224358974357,0.22711538461538464,0.20750000000000002,0.2989823717948718,0.6528737190451728,0.35897440038595396,0.6263414898884374,0.3561897163555345,3,0,5,1,0.05,0.01,60,130,standard,17,123
13,Alternator,2.0610576923076924,0.5,6.0,1.0,0.1570352564102564,0.3429647435897436,0.2725961538461538,0.22740384615384618,0.0,0.0,1.0,1.0,3,0,5,1,0.05,0.01,60,130,standard,17,123
14,Cycler DC,2.0567307692307693,0.5,6.0,0.0,0.15427083333333333,0.3457291666666667,0.27310897435897435,0.22689102564102567,0.0,0.0,1.0,1.0,3,0,5,1,0.05,0.01,60,130,standard,17,123
15,Random: 0.5,1.998076923076923,0.4991746794871795,7.0,0.515625,0.21501602564102562,0.28415865384615385,0.2143830128205128,0.28644230769230766,0.5000652357265658,0.4982949262468198,0.49796302587774105,0.5007384829116862,3,0,5,1,0.05,0.01,60,130,standard,17,123
16,Anti Tit For Tat,1.8420673076923078,0.5964102564102564,7.0,1.0,0.19423076923076923,0.4021794871794872,0.21270833333333333,0.19088141025641026,0.0,1.0,0.0,1.0,3,0,5,1,0.05,0.01,60,130,standard,17,123
0,Evolved FSM 16,3.50709219858156,0.5638297872340425,1.0,1.0,0.4468085106382979,0.11702127659574468,0.4326241134751773,0.0035460992907801418,1.0,0.96875,1.0,0.0,3,0,5,1,0.09,0.07,61,94,standard,4,124
1,Suspicious Tit For Tat,2.6666666666666665,0.7163120567375887,3.0,0.0,0.524822695035461,0.19148936170212763,0.2021276595744681,0.08156028368794326,1.0,0.0,1.0,0.0,3,0,5,1,0.09,0.07,61,94,standard,4,124
2,Tit For 2 Tats,2.5780141843971633,0.8687943262411347,0.0,1.0,0.7304964539007093,0.13829787234042554,0.06382978723404256,0.0673758865248227,1.0,0.75,1.0,0.0,3,0,5,1,0.09,0.07,61,94,standard,4,124
3,Anti Tit For Tat,1.7198581560283686,0.6276595744680851,1.0,1.0,0.15602836879432622,0.4716312056737588,0.21985815602836878,0.15248226950354607,0.0,1.0,0.0,1.0,3,0,5,1,0.09,0.07,61,94,standard,4,124
0,"DoubleCrosser: (D, D)",2.91875,0.5275994132985659,13.0,1.0,0.5085397653194264,0.019059647979139505,0.23028846153846153,0.24211212516297262,0.9951410002412607,0.774062278839349,0.060067275348390195,0.0,3,0,5,1,0.04,0.03,59,130,standard,17,125
1,Evolved HMM 5,2.876923076923077,0.5769149282920469,6.0,1.0,0.5174380704041721,0.05947685788787484,0.22514667535853977,0.1979383963494133,0.9966807171062817,0.4951604566213941,0.01752146464814773,0.19852893677783343,3,0,5,1,0.04,0.03,59,130,standard,17,125
2,Evolved FSM 16,2.832692307692308,0.5792780312907432,6.0,1.0,0.4677803129074316,0.1114977183833116,0.25203715775749674,0.1686848109517601,0.8642358369161477,0.5337015868974003,0.17299765743089737,0.32911757092816624,3,0,5,1,0.04,0.03,59,130,standard,17,125
3,Grudger,2.826923076923077,0.4443122555410691,6.0,1.0,0.43950456323337683,0.004807692307692308,0.238738591916558,0.3169491525423729,1.0,0.0,0.0,0.0,3,0,5,1,0.04,0.03,59,130,standard,17,125
4,Meta Winner: 15 players,2.483173076923077,0.02371251629726206,13.0,1.0,0.013860821382007825,0.009851694915254242,0.35951760104302477,0.6167698826597132,0.5369413895964714,0.410603680383513,0.015655479381927996,0.009602128141275952,3,0,5,1,0.04,0.03,59,130,standard,17,125
5,Tit For Tat,2.4793269230769233,0.664349739243807,0.0,1.0,0.5007007822685788,0.16364895697522816,0.16022653194263364,0.17542372881355933,1.0,0.0,1.0,0.0,3,0,5,1,0.04,0.03,59,130,standard,17,125
6,Soft Joss: 0.9,2.4591346153846154,0.7190840938722295,0.0,1.0,0.5633719035202085,0.15571219035202088,0.12175684485006519,0.15915906127770535,1.0,0.09396146208393388,1.0,0.1006827736704465,3,0,5,1,0.04,0.03,59,130,standard,17,125
7,Tit For 2 Tats,2.2504807692307693,0.8237695567144719,0.0,1.0,0.6552314211212517,0.16853813559322034,0.027126792698826598,0.14910365058670144,1.0,0.786941759047352,1.0,0.0,3,0,5,1,0.04,0.03,59,130,standard,17,125
8,Defector,2.2423076923076923,0.0,14.0,0.0,0.0,0.0,0.30994947848761406,0.6900505215123859,0.0,0.0,0.0,0.0,3,0,5,1,0.04,0.03,59,130,standard,17,125
9,Suspicious Tit For Tat,2.2375000000000003,0.5278112777053455,8.0,0.0,0.361872555410691,0.1659387222946545,0.16971968709256843,0.30246903520208607,1.0,0.0,1.0,0.0,3,0,5,1,0.04,0.03,59,130,standard,17,125
10,Cooperator,2.0076923076923077,1.0,0.0,1.0,0.6696137548891786,0.3303862451108214,0.0,0.0,1.0,1.0,0.0,0.0,3,0,5,1,0.04,0.03,59,130,standard,17,125
11,Meta Mixer: 15 players,1.9591346153846154,0.42314211212516295,9.0,0.621822033898305,0.19144393741851368,0.23169817470664925,0.2042943285528031,0.37256355932203394,0.5718539277582391,0.3377678646709226,0.5542028357606255,0.3333345897713346,3,0,5,1,0.04,0.03,59,130,standard,17,125
12,Alternator,1.885096153846154,0.5,5.0,1.0,0.14474413298565839,0.3552558670143416,0.2383556062581486,0.2616443937418514,0.0,0.0,1.0,1.0,3,0,5,1,0.04,0.03,59,130,standard,17,125
13,Cycler DC,1.8802884615384616,0.5,3.0,0.0,0.14166395045632332,0.35833604954367665,0.2385593220338983,0.26144067796610165,0.0,0.0,1.0,1.0,3,0,5,1,0.04,0.03,59,130,standard,17,125
14,Random: 0.5,1.8326923076923078,0.5000733376792699,5.0,0.5127118644067796,0.1902705345501956,0.30980280312907427,0.19040091264667539,0.30952574967405483,0.4913675439937678,0.5000207113067208,0.5139196359839647,0.5003878415263595,3,0,5,1,0.04,0.03,59,130,standard,17,125
15,Win-Shift Lose-Stay: D,1.731730769230769,0.5875407431551499,7.0,0.0,0.18659550195567146,0.4009452411994785,0.1911342894393742,0.22132496740547586,0.0,1.0,1.0,0.0,3,0,5,1,0.04,0.03,59,130,standard,17,125
16,Bully,1.5389423076923077,0.6533572359843546,6.0,0.0,0.17253096479791397,0.4808262711864407,0.16852998696219038,0.17811277705345502,0.0,1.0,0.0,1.0,3,0,5,1,0.04,0.03,59,130,standard,17,125
0,"DoubleCrosser: (D, D)",3.0391621129326047,0.5742521367521367,15.0,1.0,0.5579900518425109,0.016262084909625895,0.23482380552052678,0.19092405772733637,0.9946972322790788,0.7746736708054759,0.023185483870967742,0.0,3,0,5,1,0.0,0.01,52,122,standard,19,126
1,Evolved HMM 5,3.0047814207650276,0.6215146420064452,6.0,1.0,0.569190486198683,0.05232415580776237,0.22928051001821492,0.14920484797533975,0.9974479240554216,0.5053519257447993,0.014446097287334213,0.19127759475256684,3,0,5,1,0.0,0.01,52,122,standard,19,126
2,Grudger,2.965391621129326,0.5064102564102564,6.0,1.0,0.5018565223483257,0.004553734061930782,0.2409538321423567,0.2526359114473868,1.0,0.0,0.0,0.0,3,0,5,1,0.0,0.01,52,122,standard,19,126
3,Evolved FSM 16,2.9633424408014575,0.6247723132969034,6.0,1.0,0.5264817150063053,0.09829059829059829,0.25249579655317356,0.12273189014992293,0.9314837049543535,0.5370278740629005,0.2028874227423153,0.3917181649922173,3,0,5,1,0.0,0.01,52,122,standard,19,126
4,Meta Winner: 17 players,2.6238615664845173,0.025176895053944236,15.0,1.0,0.015141165755919854,0.01003572929802438,0.3984079445145019,0.5764151604315538,0.5445781183972096,0.34604203200042993,0.007556736560129144,0.009192431578785132,3,0,5,1,0.0,0.01,52,122,standard,19,126
5,Tit For Tat,2.531193078324226,0.7038321423567325,0.0,1.0,0.5723956144038111,0.13143652795292138,0.12871304469665126,0.1674548129466162,1.0,0.0,1.0,0.0,3,0,5,1,0.0,0.01,52,122,standard,19,126
6,Soft Joss: 0.9,2.504553734061931,0.7508757180888328,0.0,1.0,0.6239141095698473,0.12696160851898555,0.09634650413338937,0.1527777777777778,1.0,0.09727183708440063,1.0,0.10450055687310002,3,0,5,1,0.0,0.01,52,122,standard,19,126
7,Win-Stay Lose-Shift,2.454007285974499,0.732774625192658,2.0,1.0,0.5771244920835085,0.15565013310914946,0.11422866750735602,0.152996707299986,1.0,0.0,0.0,1.0,3,0,5,1,0.0,0.01,52,122,standard,19,126
8,Defector,2.410746812386157,0.0,16.0,0.0,0.0,0.0,0.35308077623651396,0.6469192237634861,0.0,0.0,0.0,0.0,3,0,5,1,0.0,0.01,52,122,standard,19,126
9,GTFT: 0.33,2.4030054644808745,0.8121584699453552,0.0,1.0,0.6454918032786885,0.16666666666666666,0.06948823034888608,0.11835329970575874,1.0,0.33833035481859686,1.0,0.3390154258931641,3,0,5,1,0.0,0.01,52,122,standard,19,126
10,Tit For 2 Tats,2.350865209471767,0.8228947737144459,0.0,1.0,0.6789967773574331,0.14389799635701273,0.03426684881602914,0.14283837746952502,1.0,0.7396164352065361,1.0,0.0,3,0,5,1,0.0,0.01,52,122,standard,19,126
11,Suspicious Tit For Tat,2.2568306010928962,0.5427350427350427,9.0,0.0,0.3884072439400309,0.1543277987950119,0.15843491663163792,0.2988300406333193,1.0,0.0,1.0,0.0,3,0,5,1,0.0,0.01,52,122,standard,19,126
12,Cooperator,2.0409836065573774,1.0,0.0,1.0,0.6801001821493625,0.3198998178506375,0.0,0.0,1.0,1.0,0.0,0.0,3,0,5,1,0.0,0.01,52,122,standard,19,126
13,Meta Mixer: 17 players,1.9995446265938068,0.4498826537760964,10.0,0.6848290598290598,0.2118274485077764,0.23805520526832005,0.20807937508757182,0.34203797113633183,0.5554777760622046,0.3835998290310598,0.5625759040130176,0.3753225472371016,3,0,5,1,0.0,0.01,52,122,standard,19,126
14,Cycler DC,1.939207650273224,0.5,5.0,0.0,0.17908434916631638,0.3209156508336836,0.22595278128065013,0.2740472187193499,0.0,0.0,1.0,1.0,3,0,5,1,0.0,0.01,52,122,standard,19,126
15,Random: 0.5,1.9182604735883426,0.5003590444164214,7.0,0.5106837606837606,0.20169539021998037,0.2986636541964411,0.20290388118256972,0.29673707440100877,0.4928643202922209,0.5026383442684709,0.4985592911692006,0.49648692588840293,3,0,5,1,0.0,0.01,52,122,standard,19,126
16,Bully,1.8583788706739526,0.5926684881602914,7.0,0.0,0.156490822474429,0.4361776656858624,0.24540248003362755,0.16192903180608095,0.0,1.0,0.0,1.0,3,0,5,1,0.0,0.01,52,122,standard,19,126
17,Win-Shift Lose-Stay: D,1.7568306010928962,0.6064347765167437,8.0,0.0,0.19211503432814905,0.4143197421885947,0.19709787025360792,0.1964673532296483,0.0,1.0,1.0,0.0,3,0,5,1,0.0,0.01,52,122,standard,19,126
18,Anti Tit For Tat,1.5837887067395262,0.6527865349586661,7.0,1.0,0.16283102143757877,0.48995551352108735,0.18843701835505114,0.1587764466862827,0.0,1.0,0.0,1.0,3,0,5,1,0.0,0.01,52,122,standard,19,126
0,"DoubleCrosser: (D, D)",2.870520231213873,0.2513339261894175,5.0,1.0,0.22787905735882613,0.02345486883059137,0.35782570031124944,0.39084037349933304,0.9982131254061078,0.734588637435172,0.01024873906754701,0.0,3,0,5,1,0.05,0.0,52,173,standard,6,127
1,Win-Stay Lose-Shift,2.339884393063584,0.6039350822587817,0.0,1.0,0.3955313472654513,0.20840373499333037,0.1898399288572699,0.2062249888839484,1.0,0.0,0.0,1.0,3,0,5,1,0.05,0.0,52,173,standard,6,127
2,Meta Mixer: 5 players,2.090173410404624,0.4192752334370832,4.0,0.7,0.18534904401956426,0.23392618941751891,0.24159626500666964,0.33912850155624724,0.4983850022578504,0.3795111649494218,0.4571628355851998,0.4192659960933101,3,0,5,1,0.05,0.0,52,173,standard,6,127
3,Cycler DC,1.9190751445086707,0.49710982658959535,3.0,0.0,0.1425077812361049,0.3546020453534905,0.2476211649622054,0.2552690084481992,0.0,0.0,1.0,1.0,3,0,5,1,0.05,0.0,52,173,standard,6,127
4,Alternator,1.9121387283236995,0.5028901734104047,1.0,1.0,0.14637616718541574,0.35651400622498886,0.24444197421076036,0.252667852378835,0.0,0.0,1.0,1.0,3,0,5,1,0.05,0.0,52,173,standard,6,127
5,Random: 0.5,1.86878612716763,0.5024232992441084,1.0,0.5192307692307693,0.19959982214317473,0.30282347710093377,0.19839928857269898,0.29917741218319255,0.5061885705566175,0.5031298557994044,0.4927486716858966,0.5036676915572922,3,0,5,1,0.05,0.0,52,173,standard,6,127
0,Defector,3.1561561561561557,0.0,9.0,0.0,0.0,0.0,0.5393607893607893,0.46063921063921065,0.0,0.0,0.0,0.0,3,0,5,1,0.1,0.08,84,148,standard,10,128
1,"DoubleCrosser: (D, D)",3.1546546546546548,0.35916273416273414,8.0,1.0,0.3403671528671529,0.018795581295581298,0.37288181038181034,0.26795545545545546,0.9970645792563602,0.7475374310480692,0.005071545009961964,0.0,3,0,5,1,0.1,0.08,84,148,standard,10,128
2,Bully,2.46996996996997,0.4708994708994709,6.0,0.0,0.15822072072072071,0.3126787501787502,0.36678642928642924,0.16231409981409983,0.0,1.0,0.0,1.0,3,0,5,1,0.1,0.08,84,148,standard,10,128
3,Alternator,2.296921921921922,0.5,4.0,1.0,0.30728943228943234,0.19271056771056772,0.2190851565851566,0.28091484341484335,0.0,0.0,1.0,1.0,3,0,5,1,0.1,0.08,84,148,standard,10,128
4,Random: 0.5,2.2413663663663668,0.4980248105248105,5.0,0.5026455026455027,0.24604068354068354,0.251984126984127,0.2501608751608752,0.25181431431431434,0.5021994658288158,0.5002238004840284,0.48756766145211816,0.5000945774643579,3,0,5,1,0.1,0.08,84,148,standard,10,128
5,Meta Mixer: 9 players,2.2361111111111107,0.5081152581152582,5.0,0.7341269841269841,0.26977870727870734,0.23833655083655086,0.23463642213642213,0.25724831974831974,0.47256865112380647,0.5468159187809463,0.4773166800002577,0.5578495302594237,3,0,5,1,0.1,0.08,84,148,standard,10,128
6,GTFT: 0.33,2.143018018018018,0.7288717288717289,0.0,1.0,0.47870191620191627,0.25016981266981264,0.10858179608179609,0.16254647504647504,1.0,0.3408573312173368,1.0,0.33455767240667206,3,0,5,1,0.1,0.08,84,148,standard,10,128
7,Tit For 2 Tats,2.084834834834835,0.7491956241956242,0.0,1.0,0.5169544544544544,0.23224116974116982,0.07101744601744603,0.17978692978692978,1.0,0.6917779943090779,1.0,0.0,3,0,5,1,0.1,0.08,84,148,standard,10,128
8,Anti Tit For Tat,1.915165165165165,0.5867206492206493,4.0,1.0,0.16234091234091236,0.42437973687973685,0.2537626912626913,0.15951665951665953,0.0,1.0,0.0,1.0,3,0,5,1,0.1,0.08,84,148,standard,10,128
9,Cooperator,1.516891891891892,1.0,0.0,1.0,0.50502288002288,0.49497711997712,0.0,0.0,1.0,1.0,0.0,0.0,3,0,5,1,0.1,0.08,84,148,standard,10,128
0,Cycler DC,2.9625,0.4,12.0,0.0,0.19926470588235295,0.20073529411764707,0.44375,0.15625000000000003,0.0,0.0,1.0,1.0,3,0,5,1,0.06,0.07,34,5,standard,17,129
1,"DoubleCrosser: (D, D)",2.75,0.6,9.0,1.0,0.45330882352941176,0.1466911764705882,0.24632352941176477,0.15367647058823528,0.7007560975609756,0.7334368530020704,0.0,0.0,3,0,5,1,0.06,0.07,34,5,standard,17,129
2,Win-Shift Lose-Stay: D,2.71875,0.4661764705882353,7.0,0.0,0.2224264705882353,0.24375,0.37757352941176475,0.15625,0.0,1.0,1.0,0.0,3,0,5,1,0.06,0.07,34,5,standard,17,129
3,Random: 0.5,2.6625,0.5077205882352941,9.0,0.5257352941176471,0.31838235294117645,0.18933823529411767,0.3025735294117647,0.18970588235294117,0.48529454068128564,0.5140494895656186,0.5178121094700233,0.47596356371990123,3,0,5,1,0.06,0.07,34,5,standard,17,129
4,Evolved FSM 16,2.6625,0.7904411764705882,1.0,1.0,0.6220588235294118,0.16838235294117646,0.1430147058823529,0.06654411764705881,0.9926947609442294,0.3574242424242424,0.9523809523809523,0.09523809523809523,3,0,5,1,0.06,0.07,34,5,standard,17,129
5,Suspicious Tit For Tat,2.625,0.5047794117647059,8.0,0.0,0.27463235294117644,0.23014705882352937,0.3286764705882353,0.1665441176470588,1.0,0.0,1.0,0.0,3,0,5,1,0.06,0.07,34,5,standard,17,129
6,Alternator,2.61875,0.6,6.0,1.0,0.3272058823529412,0.27279411764705885,0.3088235294117647,0.09117647058823528,0.0,0.0,1.0,1.0,3,0,5,1,0.06,0.07,34,5,standard,17,129
7,Bully,2.6125,0.3610294117647059,10.0,0.0,0.17169117647058824,0.1893382352941176,0.36102941176470593,0.27794117647058825,0.0,1.0,0.0,1.0,3,0,5,1,0.06,0.07,34,5,standard,17,129
8,Evolved HMM 5,2.6,0.8161764705882353,1.0,1.0,0.6551470588235294,0.1610294117647059,0.10955882352941178,0.07426470588235294,1.0,0.4249220471044852,0.0,0.047619047619047616,3,0,5,1,0.06,0.07,34,5,standard,17,129
9,Meta Mixer: 15 players,2.5875,0.6628676470588235,6.0,0.6893382352941176,0.46029411764705885,0.20257352941176474,0.21507352941176466,0.12205882352941176,0.7356899724040556,0.4475136680797049,0.7383648704660614,0.45472179075627356,3,0,5,1,0.06,0.07,34,5,standard,17,129
10,Tit For Tat,2.5625,0.8044117647058824,0.0,1.0,0.5944852941176471,0.20992647058823524,0.14705882352941174,0.04852941176470586,1.0,0.0,1.0,0.0,3,0,5,1,0.06,0.07,34,5,standard,17,129
11,Win-Stay Lose-Shift,2.54375,0.7702205882352942,1.0,1.0,0.6121323529411765,0.1580882352941177,0.12389705882352943,0.10588235294117648,1.0,0.0,0.0,1.0,3,0,5,1,0.06,0.07,34,5,standard,17,129
12,Soft Joss: 0.9,2.525,0.81875,0.0,1.0,0.6088235294117648,0.2099264705882353,0.1275735294117647,0.05367647058823529,1.0,0.09799092239528367,1.0,0.12793779580797837,3,0,5,1,0.06,0.07,34,5,standard,17,129
13,GTFT: 0.33,2.4625,0.8621323529411765,0.0,1.0,0.6378676470588236,0.22426470588235295,0.09816176470588235,0.039705882352941174,1.0,0.3414199901856887,1.0,0.2876050420168067,3,0,5,1,0.06,0.07,34,5,standard,17,129
14,Meta Winner: 15 players,2.4437499999999996,0.669485294117647,4.0,1.0,0.43749999999999994,0.23198529411764698,0.19999999999999996,0.13051470588235292,0.654264447585607,0.936780866192631,0.19667728432343562,0.8386809269162211,3,0,5,1,0.06,0.07,34,5,standard,17,129
15,Tit For 2 Tats,2.3,0.9558823529411765,0.0,1.0,0.7275735294117648,0.22830882352941176,0.01801470588235294,0.02610294117647059,1.0,0.8554462061843144,1.0,0.0,3,0,5,1,0.06,0.07,34,5,standard,17,129
16,Cooperator,2.1375,1.0,0.0,1.0,0.7161764705882353,0.2838235294117647,0.0,0.0,1.0,1.0,0.0,0.0,3,0,5,1,0.06,0.07,34,5,standard,17,129
0,"DoubleCrosser: (D, D)",3.01255980861244,0.5558903815482763,16.0,1.0,0.5319439332597227,0.023946448288553555,0.2429686541528647,0.201140964298859,0.9929164780778204,0.7714916535077826,0.01849697703954723,0.0,3,0,5,1,0.03,0.02,78,88,standard,20,130
1,Evolved HMM 5,2.99072966507177,0.5945666175929334,7.0,1.0,0.5419733774996933,0.05259324009324009,0.23995522021837812,0.1654781621886885,0.9977000054818033,0.47681632519075096,0.015106752478446332,0.19547206515494994,3,0,5,1,0.03,0.02,78,88,standard,20,130
2,Grudger,2.962918660287081,0.48389001349527666,7.0,1.0,0.47731106612685575,0.006578947368421054,0.2530287694761379,0.26308121702858545,1.0,0.0,0.0,0.0,3,0,5,1,0.03,0.02,78,88,standard,20,130
3,Evolved FSM 16,2.952751196172249,0.6004171267329163,7.0,1.0,0.5041099251625567,0.09630720157035948,0.25982241442767756,0.13976045883940622,0.8943606186266603,0.5309336859586083,0.17749571167944891,0.3273630843853672,3,0,5,1,0.03,0.02,78,88,standard,20,130
4,Meta Winner: 18 players,2.637260765550239,0.03508771929824561,16.0,1.0,0.020956017666543987,0.014131701631701635,0.39683014354066987,0.5680821371610845,0.5462289412191167,0.3527512559961887,0.012341959891653228,0.014737096441098971,3,0,5,1,0.03,0.02,78,88,standard,20,130
5,Tit For Tat,2.525717703349282,0.6941632928475033,0.0,1.0,0.5426864801864802,0.15147681266102317,0.1478652926021347,0.15797141455036193,1.0,0.0,1.0,0.0,3,0,5,1,0.03,0.02,78,88,standard,20,130
6,Soft Joss: 0.9,2.498205741626794,0.7399322169059012,0.0,1.0,0.5909857686173476,0.14894644828855355,0.1160057048214943,0.1440620782726046,1.0,0.09512040202150812,1.0,0.10154696257493152,3,0,5,1,0.03,0.02,78,88,standard,20,130
7,Defector,2.449760765550239,0.0,17.0,0.0,0.0,0.0,0.36304594528278744,0.6369540547172126,0.0,0.0,0.0,0.0,3,0,5,1,0.03,0.02,78,88,standard,20,130
8,Win-Stay Lose-Shift,2.4404904306220097,0.722188995215311,1.0,1.0,0.5615798675009201,0.16060912771439084,0.11993927125506072,0.15787173352962827,1.0,0.0,0.0,1.0,3,0,5,1,0.03,0.02,78,88,standard,20,130
9,GTFT: 0.33,2.3905502392344498,0.8041191264875476,0.0,1.0,0.619954606796712,0.18416451969083547,0.08357103422892898,0.11230983928352348,1.0,0.32793880806781395,1.0,0.33062984742096907,3,0,5,1,0.03,0.02,78,88,standard,20,130
10,Tit For 2 Tats,2.3026315789473686,0.8345831799779169,0.0,1.0,0.6688366458103301,0.16574653416758683,0.032764384738068954,0.13265243528401424,1.0,0.7628440458238516,1.0,0.0,3,0,5,1,0.03,0.02,78,88,standard,20,130
11,Suspicious Tit For Tat,2.272129186602871,0.5378251134830082,9.0,0.0,0.36417310759416016,0.173652005888848,0.1790117776959882,0.28316310882100354,1.0,0.0,1.0,0.0,3,0,5,1,0.03,0.02,78,88,standard,20,130
12,Meta Mixer: 18 players,2.052033492822966,0.45550392589866273,10.0,0.6889338731443995,0.2157097288676236,0.23979419703103919,0.21561771561771562,0.32887835848362157,0.5684704447050256,0.38490521325380733,0.5491546221908441,0.3780264983234727,3,0,5,1,0.03,0.02,78,88,standard,20,130
13,Cooperator,2.007775119617225,1.0,0.0,1.0,0.6693273831431726,0.3306726168568274,0.0,0.0,1.0,1.0,0.0,0.0,3,0,5,1,0.03,0.02,78,88,standard,20,130
14,Alternator,1.9892344497607657,0.5,5.0,1.0,0.17404306220095692,0.32595693779904306,0.24181082075818916,0.2581891792418109,0.0,0.0,1.0,1.0,3,0,5,1,0.03,0.02,78,88,standard,20,130
15,Cycler DC,1.9850478468899524,0.5,6.0,0.0,0.17030885780885782,0.3296911421911422,0.24342872040240468,0.2565712795975954,0.0,0.0,1.0,1.0,3,0,5,1,0.03,0.02,78,88,standard,20,130
16,Random: 0.5,1.9629186602870812,0.49727027358606307,8.0,0.5053981106612686,0.20686112133480553,0.29040915225125746,0.2095601766654398,0.2931695497484972,0.49909799804088245,0.49461920667729814,0.500310279685475,0.5025049148097791,3,0,5,1,0.03,0.02,78,88,standard,20,130
17,Bully,1.882177033492823,0.5830189547294811,8.0,0.0,0.1747945037418722,0.4082244509876089,0.23572261072261078,0.18125843454790821,0.0,1.0,0.0,1.0,3,0,5,1,0.03,0.02,78,88,standard,20,130
18,Win-Shift Lose-Stay: D,1.7978468899521531,0.5956324377377009,8.0,0.0,0.19638694638694637,0.39924549135075454,0.20236013986013987,0.20200742240215924,0.0,1.0,1.0,0.0,3,0,5,1,0.03,0.02,78,88,standard,20,130
19,Anti Tit For Tat,1.6202153110047848,0.6423981720034352,6.0,1.0,0.18121242792295422,0.4611857440804809,0.18002392344497609,0.17757790455158878,0.0,1.0,0.0,1.0,3,0,5,1,0.03,0.02,78,88,standard,20,130
0,Grudger,3.337542087542088,0.5042087542087542,3.0,1.0,0.5016835016835016,0.0025252525252525255,0.3345647836388577,0.1612264621523881,1.0,0.0,0.0,0.0,3,0,5,1,0.09,0.04,54,198,standard,7,131
1,Meta Winner: 6 players,2.727272727272727,0.02417695473251029,5.0,1.0,0.012704202519017334,0.011472752213492955,0.4283732385584238,0.547449806709066,0.1111111111111111,0.8329550005644065,0.004657481078983117,0.1308784625713574,3,0,5,1,0.09,0.04,54,198,standard,7,131
2,Tit For Tat,2.4217171717171717,0.6725589225589226,0.0,1.0,0.5858585858585859,0.08670033670033671,0.08417508417508418,0.24326599326599327,1.0,0.0,1.0,0.0,3,0,5,1,0.09,0.04,54,198,standard,7,131
3,Soft Joss: 0.9,2.3636363636363638,0.6987311385459534,0.0,1.0,0.5857806459658311,0.1129504925801222,0.07610051128569648,0.2251683501683502,1.0,0.09980403787379545,1.0,0.10316768485040621,3,0,5,1,0.09,0.04,54,198,standard,7,131
4,Bully,2.1292087542087543,0.5440048634493079,4.0,0.0,0.13898241676019454,0.4050224466891133,0.3140821798229205,0.14191295672777157,0.0,1.0,0.0,1.0,3,0,5,1,0.09,0.04,54,198,standard,7,131
5,Win-Stay Lose-Shift,2.036195286195286,0.8072390572390572,0.0,1.0,0.6144781144781145,0.19276094276094277,0.0,0.19276094276094277,1.0,0.0,0.0,1.0,3,0,5,1,0.09,0.04,54,198,standard,7,131
6,Anti Tit For Tat,1.2946127946127948,0.7136176580621025,3.0,1.0,0.14284823544082803,0.5707694226212745,0.14490584860955233,0.1414764933283452,0.0,1.0,0.0,1.0,3,0,5,1,0.09,0.04,54,198,standard,7,131
0,"DoubleCrosser: (D, D)",2.9686234817813766,0.5703578071999125,16.0,1.0,0.5320604004814531,0.03829740671845936,0.23719772403982928,0.19244446876025822,0.9882112845138056,0.7731843575418994,0.020446096654275093,0.0,3,0,5,1,0.07,0.07,37,52,standard,20,132
1,Evolved HMM 5,2.965587044534413,0.6035944851734325,7.0,1.0,0.545190939927782,0.05840354524565051,0.23342269394900972,0.16298282087755772,0.9980728922361337,0.4812752328598302,0.0227810102553158,0.19486276501885158,3,0,5,1,0.07,0.07,37,52,standard,20,132
2,Grudger,2.944331983805668,0.4897964766385819,7.0,1.0,0.4786628733997155,0.011133603238866396,0.25076594813436914,0.2594375752270489,1.0,0.0,0.0,0.0,3,0,5,1,0.07,0.07,37,52,standard,20,132
3,Evolved FSM 16,2.92914979757085,0.6116642958748222,7.0,1.0,0.5105864974286027,0.10107779844621949,0.25295437137542404,0.1353813327497538,0.8970747536158458,0.5268703341695845,0.19965662814303525,0.3226475293723404,3,0,5,1,0.07,0.07,37,52,standard,20,132
4,Meta Winner: 18 players,2.625506072874494,0.05927891454207244,16.0,1.0,0.035890141153299054,0.02338877338877339,0.3853539774592406,0.5553671079986868,0.5372886625651785,0.410764145413064,0.015689168160091336,0.02264496989627769,3,0,5,1,0.07,0.07,37,52,standard,20,132
5,Tit For Tat,2.5232793522267207,0.6979975927344348,0.0,1.0,0.5451088740562424,0.15288871867819234,0.14678848889375207,0.15521391837181311,1.0,0.0,1.0,0.0,3,0,5,1,0.07,0.07,37,52,standard,20,132
6,Soft Joss: 0.9,2.4949392712550607,0.7394408578619105,0.0,1.0,0.5838986760039391,0.15554218185797133,0.12008972535288323,0.14046941678520625,1.0,0.09717342277517003,1.0,0.10097637958636334,3,0,5,1,0.07,0.07,37,52,standard,20,132
7,Defector,2.477732793522267,0.0,17.0,0.0,0.0,0.0,0.368284276179013,0.6317157238209871,0.0,0.0,0.0,0.0,3,0,5,1,0.07,0.07,37,52,standard,20,132
8,Win-Stay Lose-Shift,2.44331983805668,0.7245048692417113,2.0,1.0,0.5633001422475106,0.1612047269942007,0.11921435605646132,0.15628077470182736,1.0,0.0,0.0,1.0,3,0,5,1,0.07,0.07,37,52,standard,20,132
9,GTFT: 0.33,2.389676113360324,0.8053671079986869,0.0,1.0,0.6200897253528833,0.1852773826458037,0.08307801728854361,0.11155487471276947,1.0,0.328898042819026,1.0,0.32435867947091196,3,0,5,1,0.07,0.07,37,52,standard,20,132
10,Tit For 2 Tats,2.299595141700405,0.8396979975927344,0.0,1.0,0.6694386694386694,0.170259328154065,0.0328263486158223,0.1274756537914433,1.0,0.7637731148797546,1.0,0.0,3,0,5,1,0.07,0.07,37,52,standard,20,132
11,Suspicious Tit For Tat,2.279352226720648,0.5318415581573477,9.0,0.0,0.3506401137980085,0.18120144435933905,0.1903107561002298,0.2778476857424226,1.0,0.0,1.0,0.0,3,0,5,1,0.07,0.07,37,52,standard,20,132
12,Meta Mixer: 18 players,2.0910931174089065,0.4680490206805996,9.0,0.689900426742532,0.22885436043330779,0.2391946602472918,0.21791224422803368,0.31403873509136665,0.5695121310599324,0.39654215527500164,0.5583758564627216,0.3799808958860833,3,0,5,1,0.07,0.07,37,52,standard,20,132
13,Alternator,2.034412955465587,0.5,6.0,1.0,0.1811740890688259,0.3188259109311741,0.24707298391508922,0.2529270160849108,0.0,0.0,1.0,1.0,3,0,5,1,0.07,0.07,37,52,standard,20,132
14,Cycler DC,2.0101214574898787,0.5,6.0,0.0,0.1735966735966736,0.3264033264033264,0.2474559579822737,0.25254404201772623,0.0,0.0,1.0,1.0,3,0,5,1,0.07,0.07,37,52,standard,20,132
15,Cooperator,2.007085020242915,1.0,0.0,1.0,0.6692471824050772,0.33075281759492287,0.0,0.0,1.0,1.0,0.0,0.0,3,0,5,1,0.07,0.07,37,52,standard,20,132
16,Random: 0.5,2.0050607287449393,0.4994255388992231,8.0,0.4907539118065434,0.2123044096728307,0.2871211292263924,0.21602472918262394,0.284549731918153,0.5014556993265621,0.4966360055474576,0.5038972199199382,0.50248575837699,3,0,5,1,0.07,0.07,37,52,standard,20,132
17,Bully,1.9129554655870447,0.5737498632235475,8.0,0.0,0.17365138417769996,0.40009847904584744,0.24231316336579495,0.18393697341065762,0.0,1.0,0.0,1.0,3,0,5,1,0.07,0.07,37,52,standard,20,132
18,Win-Shift Lose-Stay: D,1.834008097165992,0.5850749534960061,8.0,0.0,0.1970948681474997,0.38798008534850636,0.2074625232519969,0.2074625232519969,0.0,1.0,1.0,0.0,3,0,5,1,0.07,0.07,37,52,standard,20,132
19,Anti Tit For Tat,1.651821862348178,0.6378159536054273,6.0,1.0,0.1843473027683554,0.45346865083707183,0.18399168399168397,0.17819236240288874,0.0,1.0,0.0,1.0,3,0,5,1,0.07,0.07,37,52,standard,20,132
0,"DoubleCrosser: (D, D)",2.557244174265451,0.4651469098277609,5.0,1.0,0.4446808510638298,0.020466058763931105,0.17203647416413373,0.3628166160081054,0.9953779288340271,0.8027777777777778,0.024691358024691357,0.0,3,0,5,1,0.01,0.08,10,141,standard,8,133
1,Suspicious Tit For Tat,2.2411347517730498,0.5195542046605877,2.0,0.0,0.3257345491388045,0.19381965552178318,0.19554204660587643,0.28490374873353597,1.0,0.0,1.0,0.0,3,0,5,1,0.01,0.08,10,141,standard,8,133
2,Defector,2.2401215805471124,0.0,6.0,0.0,0.0,0.0,0.31003039513677816,0.6899696048632219,0.0,0.0,0.0,0.0,3,0,5,1,0.01,0.08,10,141,standard,8,133
3,GTFT: 0.33,2.2152988855116513,0.7513677811550152,0.0,1.0,0.5265450861195542,0.224822695035461,0.09898682877406283,0.14964539007092198,1.0,0.29806206191868484,1.0,0.34559174887043737,3,0,5,1,0.01,0.08,10,141,standard,8,133
4,Win-Stay Lose-Shift,2.132725430597771,0.6204660587639311,0.5,1.0,0.3865248226950354,0.23394123606889564,0.14853090172239108,0.23100303951367782,1.0,0.0,0.0,1.0,3,0,5,1,0.01,0.08,10,141,standard,8,133
5,Meta Mixer: 7 players,1.956433637284701,0.36879432624113473,4.0,0.5,0.15217831813576496,0.2166160081053698,0.22289766970618033,0.40830800405268486,0.5572843292339994,0.2580588673908287,0.534759149573033,0.29450939348895827,3,0,5,1,0.01,0.08,10,141,standard,8,133
6,Cycler DC,1.8657548125633234,0.49645390070921985,2.5,0.0,0.1232016210739615,0.3732522796352584,0.24924012158054712,0.25430597771023306,0.0,0.0,1.0,1.0,3,0,5,1,0.01,0.08,10,141,standard,8,133
7,Random: 0.5,1.798885511651469,0.5096251266464032,2.0,0.4714285714285714,0.19189463019250255,0.31773049645390067,0.1833839918946302,0.3069908814589666,0.48105205213924096,0.511120205682434,0.5224255975972872,0.5117757539269825,3,0,5,1,0.01,0.08,10,141,standard,8,133
0,"DoubleCrosser: (D, D)",2.9523809523809526,0.45880574452003026,6.0,1.0,0.44293272864701444,0.015873015873015876,0.27067027527857024,0.2705239802013995,0.996052271483306,0.7916666666666666,0.0,0.0,3,0,5,1,0.01,0.08,93,147,standard,10,134
1,Evolved FSM 16,2.801209372637944,0.5563114134542706,3.0,1.0,0.3726379440665155,0.1836734693877551,0.30990173847316704,0.13378684807256236,0.8888888888888888,0.6172085433363629,0.5071428571428571,0.6132921207486245,3,0,5,1,0.01,0.08,93,147,standard,10,134
2,Defector,2.469387755102041,0.0,8.0,0.0,0.0,0.0,0.36719251619405224,0.6328074838059476,0.0,0.0,0.0,0.0,3,0,5,1,0.01,0.08,93,147,standard,10,134
3,Meta Winner: 9 players,2.441421012849584,0.019652305366591082,7.0,1.0,0.010630775607734134,0.009021529758856948,0.3569599882963938,0.6233877063370151,0.5691964285714286,0.7,0.0070921985815602835,0.010350811626166096,3,0,5,1,0.01,0.08,93,147,standard,10,134
4,Tit For Tat,2.2736205593348453,0.5593348450491308,0.0,1.0,0.38926681783824635,0.17006802721088438,0.16628873771730912,0.2743764172335601,1.0,0.0,1.0,0.0,3,0,5,1,0.01,0.08,93,147,standard,10,134
5,Soft Joss: 0.9,2.2615268329554046,0.6414145108461544,0.0,1.0,0.4913970367119369,0.15001747413421762,0.10677915132600233,0.25180633782784323,1.0,0.09806252982997953,1.0,0.10266264804680394,3,0,5,1,0.01,0.08,93,147,standard,10,134
6,Suspicious Tit For Tat,2.248677248677249,0.5098383439397264,5.0,0.0,0.2985882525053032,0.21125009143442322,0.21502938092799845,0.2751322751322751,1.0,0.0,1.0,0.0,3,0,5,1,0.01,0.08,93,147,standard,10,134
7,Bully,1.5752078609221465,0.6539796324742562,3.0,0.0,0.13861458561919393,0.5153650468550621,0.20337453978006975,0.14264582774567414,0.0,1.0,0.0,1.0,3,0,5,1,0.01,0.08,93,147,standard,10,134
8,Alternator,1.5540438397581253,0.5034013605442177,1.0,1.0,0.125066035972334,0.3783353245718837,0.1708238851095994,0.3257747543461829,0.0,0.0,1.0,1.0,3,0,5,1,0.01,0.08,93,147,standard,10,134
9,Anti Tit For Tat,1.0272108843537415,0.76769154495729,2.0,1.0,0.14223132502702396,0.6254602199302659,0.09204398605320264,0.1402644689895074,0.0,1.0,0.0,1.0,3,0,5,1,0.01,0.08,93,147,standard,10,134
0,Win-Stay Lose-Shift,3.0,1.0,0.0,1.0,1.0,0.0,0.0,0.0,1.0,0,0,0,3,0,5,1,0.09,0.1,47,10,standard,3,135
1,Meta Mixer: 2 players,3.0,1.0,0.0,1.0,1.0,0.0,0.0,0.0,1.0,0,0,0,3,0,5,1,0.09,0.1,47,10,standard,3,135
2,Cooperator,3.0,1.0,0.0,1.0,1.0,0.0,0.0,0.0,1.0,0,0,0,3,0,5,1,0.09,0.1,47,10,standard,3,135
0,"DoubleCrosser: (D, D)",3.0443381180223286,0.5450792757294305,16.0,1.0,0.531072333239516,0.014006942489914626,0.2485505206867436,0.20637020358382582,0.9962945470665207,0.7714285714285715,0.041289592760180995,0.0,3,0,5,1,0.09,0.03,68,165,standard,20,136
1,Evolved HMM 5,3.001913875598086,0.5887888169621915,7.0,1.0,0.540017825311943,0.04877099165024862,0.24318885448916405,0.16802232854864432,0.9976937893528435,0.46352481006780816,0.01742621184221613,0.19434896087205178,3,0,5,1,0.09,0.03,68,165,standard,20,136
2,Grudger,2.97097288676236,0.47898489539356415,7.0,1.0,0.47547612346373963,0.0035087719298245606,0.25535228445445163,0.2656628201519842,1.0,0.0,0.0,0.0,3,0,5,1,0.09,0.03,68,165,standard,20,136
3,Evolved FSM 16,2.970334928229665,0.5904400037526972,7.0,1.0,0.497785908621822,0.09265409513087533,0.26688713763017163,0.14267285861713108,0.8955120429212006,0.5364589906167307,0.16845875711501312,0.32781885755574075,3,0,5,1,0.09,0.03,68,165,standard,20,136
4,Meta Winner: 18 players,2.6365231259968107,0.018627450980392157,16.0,1.0,0.011347218313162587,0.007280232667229572,0.39979829252275073,0.5815742564968571,0.5444745951463237,0.3758178986450761,0.009525709058155099,0.008285887957498808,3,0,5,1,0.09,0.03,68,165,standard,20,136
5,Tit For Tat,2.52615629984051,0.6922037714607374,0.0,1.0,0.541645557744629,0.15055821371610845,0.1483159771085468,0.1594802514307158,1.0,0.0,1.0,0.0,3,0,5,1,0.09,0.03,68,165,standard,20,136
6,Soft Joss: 0.9,2.5027113237639553,0.7412233793038746,0.0,1.0,0.5972511492635332,0.14397223004034146,0.11308284079181907,0.1456937799043062,1.0,0.09758261071515695,1.0,0.10250950876113814,3,0,5,1,0.09,0.03,68,165,standard,20,136
7,Win-Stay Lose-Shift,2.444178628389155,0.7206304531381931,2.0,1.0,0.5607186415235951,0.159911811614598,0.12083685148700629,0.15853269537480064,1.0,0.0,0.0,1.0,3,0,5,1,0.09,0.03,68,165,standard,20,136
8,Defector,2.4398724082934606,0.0,17.0,0.0,0.0,0.0,0.36003377427526034,0.6399662257247396,0.0,0.0,0.0,0.0,3,0,5,1,0.09,0.03,68,165,standard,20,136
9,GTFT: 0.33,2.3931419457735243,0.8048644338118023,0.0,1.0,0.6225584013509711,0.18230603246083124,0.08243737686462144,0.11269818932357631,1.0,0.3384333074439559,1.0,0.3350297721381243,3,0,5,1,0.09,0.03,68,165,standard,20,136
10,Tit For 2 Tats,2.3054226475279105,0.8287034430997279,0.0,1.0,0.6657472558401352,0.16295618725959282,0.03386340182005817,0.13743315508021392,1.0,0.7597983452498988,1.0,0.0,3,0,5,1,0.09,0.03,68,165,standard,20,136
11,Suspicious Tit For Tat,2.267783094098884,0.5428886387090721,10.0,0.0,0.37314945116802706,0.16973918754104514,0.17290552584670232,0.28420583544422556,1.0,0.0,1.0,0.0,3,0,5,1,0.09,0.03,68,165,standard,20,136
12,Meta Mixer: 18 players,2.0170653907496012,0.4469884604559527,11.0,0.695046439628483,0.2047706163805235,0.24221784407542923,0.21510929730743972,0.33790224223660753,0.557791956829827,0.3833722252664175,0.5470901280658247,0.3787063265553281,3,0,5,1,0.09,0.03,68,165,standard,20,136
13,Cooperator,2.007655502392345,1.0,0.0,1.0,0.669368608687494,0.33063139131250585,0.0,0.0,1.0,1.0,0.0,0.0,3,0,5,1,0.09,0.03,68,165,standard,20,136
14,Cycler DC,1.9688995215311005,0.49696969696969695,9.0,0.0,0.1676189135941458,0.3293507833755511,0.24089501829439905,0.2621352847359039,0.0,0.0,1.0,1.0,3,0,5,1,0.09,0.03,68,165,standard,20,136
15,Alternator,1.958213716108453,0.503030303030303,4.0,1.0,0.17104324983581945,0.3319870531944835,0.23715639365794164,0.2598133033117553,0.0,0.0,1.0,1.0,3,0,5,1,0.09,0.03,68,165,standard,20,136
16,Random: 0.5,1.9287081339712917,0.4992306970635144,7.0,0.4907120743034056,0.20346655408574912,0.2957641429777653,0.20369171592081806,0.2970775870156675,0.5033375263641876,0.4967508467487823,0.5074506725312461,0.49947835822641934,3,0,5,1,0.09,0.03,68,165,standard,20,136
17,Bully,1.8636363636363638,0.5895205929261657,9.0,0.0,0.1757716483722676,0.41374894455389816,0.23157894736842108,0.1789004597054133,0.0,1.0,0.0,1.0,3,0,5,1,0.09,0.03,68,165,standard,20,136
18,Win-Shift Lose-Stay: D,1.777352472089314,0.5990524439440849,8.0,0.0,0.19514963880288957,0.4039028051411952,0.1987569190355568,0.20219063702035836,0.0,1.0,1.0,0.0,3,0,5,1,0.09,0.03,68,165,standard,20,136
19,Anti Tit For Tat,1.6014354066985645,0.6453748006379585,6.0,1.0,0.17883478750351817,0.4665400131344403,0.17736654470400604,0.17725865465803547,0.0,1.0,0.0,1.0,3,0,5,1,0.09,0.03,68,165,standard,20,136
0,"DoubleCrosser: (D, D)",2.9217171717171717,0.5821079648948502,15.0,1.0,0.562882927637026,0.01922503725782414,0.20433846663354857,0.21355356847160123,0.9941036476177159,0.7768233875828812,0.04783599088838269,0.0,3,0,5,1,0.06,0.06,61,110,standard,19,137
1,Evolved HMM 5,2.8853535353535356,0.6256913396257658,6.0,1.0,0.5721559860904123,0.05353535353535353,0.1993128001324723,0.1749958602417619,0.9979180838399728,0.5001332646782991,0.013668107492808688,0.19807438922892173,3,0,5,1,0.06,0.06,61,110,standard,19,137
2,Grudger,2.8505050505050504,0.5078075840370923,6.0,1.0,0.5027570789865872,0.005050505050505052,0.21249379036264282,0.2796986256002649,1.0,0.0,0.0,0.0,3,0,5,1,0.06,0.06,61,110,standard,19,137
3,Evolved FSM 16,2.8479797979797983,0.6291107799304521,6.0,1.0,0.5289037920185461,0.10020698791190594,0.2221477065739361,0.14874151349561188,0.8852559803264028,0.534141160564472,0.1769290820271833,0.32968246516152105,3,0,5,1,0.06,0.06,61,110,standard,19,137
4,Tit For Tat,2.540909090909091,0.7039410498426892,0.0,1.0,0.5584865043881437,0.14545454545454545,0.14230832919357508,0.1537506209637357,1.0,0.0,1.0,0.0,3,0,5,1,0.06,0.06,61,110,standard,19,137
5,Soft Joss: 0.9,2.5242424242424244,0.7540569630733566,0.0,1.0,0.6150521609538003,0.1390048021195562,0.10774962742175857,0.1381934095048849,1.0,0.10238920973086765,1.0,0.10342702795141985,3,0,5,1,0.06,0.06,61,110,standard,19,137
6,Meta Winner: 17 players,2.5055555555555555,0.02818347408511343,15.0,1.0,0.01744494121543302,0.010738532869680411,0.3643318430203676,0.6074846828945191,0.5251306306549136,0.33257158132156733,0.011786096207992995,0.012741416417737208,3,0,5,1,0.06,0.06,61,110,standard,19,137
7,Win-Stay Lose-Shift,2.505050505050505,0.7245984434509025,1.0,1.0,0.5734558701771817,0.15114257327372083,0.12710713694320253,0.148294419605895,1.0,0.0,0.0,1.0,3,0,5,1,0.06,0.06,61,110,standard,19,137
8,GTFT: 0.33,2.4272727272727272,0.8163851631064746,0.0,1.0,0.6423497267759563,0.1740354363305183,0.07906110283159462,0.10455373406193079,1.0,0.34015105903040616,1.0,0.3302574547761293,3,0,5,1,0.06,0.06,61,110,standard,19,137
9,Tit For 2 Tats,2.341919191919192,0.8471187282662692,0.0,1.0,0.698534525583706,0.14858420268256334,0.0232902798476569,0.12959099188607384,1.0,0.7890613512180327,1.0,0.0,3,0,5,1,0.06,0.06,61,110,standard,19,137
10,Defector,2.296969696969697,0.0,16.0,0.0,0.0,0.0,0.324374896506044,0.675625103493956,0.0,0.0,0.0,0.0,3,0,5,1,0.06,0.06,61,110,standard,19,137
11,Suspicious Tit For Tat,2.269191919191919,0.5430452061599602,8.0,0.0,0.37621294916376885,0.16683225699619142,0.17079814538830937,0.2861566484517304,1.0,0.0,1.0,0.0,3,0,5,1,0.06,0.06,61,110,standard,19,137
12,Cooperator,2.125757575757576,1.0,0.0,1.0,0.7086272561682397,0.2913727438317602,0.0,0.0,1.0,1.0,0.0,0.0,3,0,5,1,0.06,0.06,61,110,standard,19,137
13,Meta Mixer: 17 players,2.038888888888889,0.44808743169398907,10.0,0.6848816029143898,0.2195148203344925,0.22857261135949666,0.20936413313462499,0.342548435171386,0.6028498879185015,0.34672108299543636,0.5842054188059438,0.342071241138182,3,0,5,1,0.06,0.06,61,110,standard,19,137
14,Alternator,1.9762626262626262,0.5,6.0,1.0,0.15183805265772476,0.34816194734227524,0.254975989402219,0.2450240105977811,0.0,0.0,1.0,1.0,3,0,5,1,0.06,0.06,61,110,standard,19,137
15,Cycler DC,1.9707070707070709,0.5,4.0,0.0,0.14992548435171388,0.3500745156482862,0.2551415797317437,0.24485842026825633,0.0,0.0,1.0,1.0,3,0,5,1,0.06,0.06,61,110,standard,19,137
16,Random: 0.5,1.9303030303030302,0.5003229011425733,7.0,0.49544626593806923,0.2042805100182149,0.2960423911243584,0.20442954131478722,0.29524755754263954,0.49172006643872607,0.5034333552166389,0.4975010148040916,0.5011488702842394,3,0,5,1,0.06,0.06,61,110,standard,19,137
17,Win-Shift Lose-Stay: D,1.7217171717171718,0.6104404702765358,7.0,0.0,0.18760556383507207,0.4228349064414638,0.19372412651101176,0.1958354032124524,0.0,1.0,1.0,0.0,3,0,5,1,0.06,0.06,61,110,standard,19,137
18,Bully,1.6964646464646465,0.6187531048186786,8.0,0.0,0.18430203676105317,0.43445106805762534,0.19037092233813546,0.190875972843186,0.0,1.0,0.0,1.0,3,0,5,1,0.06,0.06,61,110,standard,19,137
0,Tit For 2 Tats,2.4625,0.80875,0.0,1.0,0.7403124999999999,0.06843749999999998,0.006562499999999999,0.18468749999999998,1.0,0.65,1.0,0.0,3,0,5,1,0.03,0.04,40,16,standard,6,138
1,Soft Joss: 0.9,2.375,0.755,0.0,1.0,0.6725,0.08249999999999999,0.0290625,0.21593749999999998,1.0,0.11891529963173753,1.0,0.1223102503912363,3,0,5,1,0.03,0.04,40,16,standard,6,138
2,Win-Stay Lose-Shift,2.35,0.8278125,0.0,1.0,0.6799999999999999,0.14781249999999999,0.03125,0.1409375,1.0,0.0,0.0,1.0,3,0,5,1,0.03,0.04,40,16,standard,6,138
3,Grudger,2.35,0.67625,1.0,1.0,0.6515625,0.0246875,0.025937500000000002,0.2978125,1.0,0.0,0.0,0.0,3,0,5,1,0.03,0.04,40,16,standard,6,138
4,Meta Mixer: 5 players,2.16875,0.465,2.0,0.835,0.344375,0.12062500000000002,0.1525,0.38249999999999995,0.7780371808130742,0.170473126469082,0.642227067152644,0.16462910905382497,3,0,5,1,0.03,0.04,40,16,standard,6,138
5,Defector,1.8,0.0,5.0,0.0,0.0,0.0,0.19875,0.8012499999999999,0.0,0.0,0.0,0.0,3,0,5,1,0.03,0.04,40,16,standard,6,138
0,Grudger,2.665497076023392,0.34390941893741445,4.0,1.0,0.3368918750777653,0.007017543859649123,0.25069055617767827,0.4054000248849073,1.0,0.0,0.0,0.0,3,0,5,1,0.01,0.09,47,95,standard,10,139
1,Win-Stay Lose-Shift,2.543859649122807,0.5931815353987806,2.0,1.0,0.4102276969018291,0.1829538384969516,0.22846833395545602,0.17835013064576336,1.0,0.0,0.0,1.0,3,0,5,1,0.01,0.09,47,95,standard,10,139
2,Soft Joss: 0.9,2.4222222222222225,0.6982456140350877,0.0,1.0,0.5168844096055741,0.18136120442951353,0.1432126415329103,0.15854174443200197,1.0,0.09647831326934668,1.0,0.1077253289875495,3,0,5,1,0.01,0.09,47,95,standard,10,139
3,Tit For Tat,2.409356725146199,0.6147567500311061,0.0,1.0,0.4109493592136369,0.20380739081746924,0.1990543735224586,0.18618887644643525,1.0,0.0,1.0,0.0,3,0,5,1,0.01,0.09,47,95,standard,10,139
4,Cycler DC,1.945029239766082,0.49473684210526314,3.0,0.0,0.10357098419808386,0.3911658579071793,0.2821699639168844,0.22309319397785243,0.0,0.0,1.0,1.0,3,0,5,1,0.01,0.09,47,95,standard,10,139
5,Meta Mixer: 9 players,1.9005847953216373,0.34348637551325123,6.0,0.508274231678487,0.127311185765833,0.21617518974741817,0.21351250466592014,0.4430011198208286,0.5831468106466693,0.2255759430228244,0.5909895175385628,0.23704741155602033,3,0,5,1,0.01,0.09,47,95,standard,10,139
6,Suspicious Tit For Tat,1.8982456140350878,0.3382854298867737,3.0,0.0,0.127311185765833,0.21097424412094065,0.2143834764215503,0.447331093691676,1.0,0.0,1.0,0.0,3,0,5,1,0.01,0.09,47,95,standard,10,139
7,Random: 0.5,1.8292397660818713,0.5021774293890755,2.0,0.5177304964539007,0.19223590892123926,0.30994152046783624,0.1900460370785119,0.30777653353241263,0.5028279020477493,0.5052879172569118,0.5176348659682739,0.49614729358915466,3,0,5,1,0.01,0.09,47,95,standard,10,139
8,Defector,1.8093567251461988,0.0,7.0,0.0,0.0,0.0,0.20288664924723154,0.7971133507527685,0.0,0.0,0.0,0.0,3,0,5,1,0.01,0.09,47,95,standard,10,139
9,Win-Shift Lose-Stay: D,1.535672514619883,0.5228070175438596,2.0,0.0,0.1476421550329725,0.3751648625108872,0.15413711583924353,0.32305586661689684,0.0,1.0,1.0,0.0,3,0,5,1,0.01,0.09,47,95,standard,10,139
0,Grudger,3.4662698412698414,0.4623015873015873,5.0,1.0,0.45238095238095244,0.00992063492063492,0.39200083542188807,0.14569757727652466,1.0,0.0,0.0,0.0,3,0,5,1,0.09,0.08,95,56,standard,10,140
1,Evolved HMM 5,3.4067460317460316,0.4971386800334169,4.0,1.0,0.45588972431077696,0.04124895572263993,0.3839390142021721,0.11892230576441104,1.0,0.4081218545203612,0.0012642225031605564,0.21764503947820116,3,0,5,1,0.09,0.08,95,56,standard,10,140
2,Evolved FSM 16,3.384920634920635,0.5203007518796993,4.0,1.0,0.4584377610693401,0.061862990810359224,0.3837510442773601,0.09594820384294069,0.9134615384615384,0.4811241610738255,0.029615384615384616,0.34485110990795886,3,0,5,1,0.09,0.08,95,56,standard,10,140
3,Meta Winner: 9 players,2.5793650793650795,0.1322263993316625,7.0,1.0,0.0497702589807853,0.08245614035087717,0.3888053467000836,0.478968253968254,0.5137586836938739,0.7551470124232138,0.0183982636515213,0.0699597308310914,3,0,5,1,0.09,0.08,95,56,standard,10,140
4,Win-Stay Lose-Shift,2.507936507936508,0.7123015873015873,1.0,1.0,0.5575396825396824,0.1547619047619047,0.1369047619047619,0.15079365079365076,1.0,0.0,0.0,1.0,3,0,5,1,0.09,0.08,95,56,standard,10,140
5,Soft Joss: 0.9,2.492063492063492,0.72890559732665,0.0,1.0,0.5550334168755222,0.17387218045112782,0.1389097744360902,0.1321846282372598,1.0,0.09373092626895921,1.0,0.09443357925377675,3,0,5,1,0.09,0.08,95,56,standard,10,140
6,Bully,1.6091269841269842,0.6353174603174603,4.0,0.0,0.1539264828738513,0.48139097744360904,0.19594820384294065,0.16873433583959901,0.0,1.0,0.0,1.0,3,0,5,1,0.09,0.08,95,56,standard,10,140
7,Alternator,1.5595238095238095,0.5,1.0,1.0,0.1884920634920635,0.3115079365079365,0.12389306599832915,0.3761069340016709,0.0,0.0,1.0,1.0,3,0,5,1,0.09,0.08,95,56,standard,10,140
8,Win-Shift Lose-Stay: D,1.4384920634920635,0.63765664160401,4.0,0.0,0.14678362573099413,0.49087301587301585,0.15797827903091063,0.20436507936507936,0.0,1.0,1.0,0.0,3,0,5,1,0.09,0.08,95,56,standard,10,140
9,Anti Tit For Tat,1.1031746031746033,0.7496658312447786,2.0,1.0,0.1685881370091897,0.5810776942355891,0.08684210526315791,0.16349206349206352,0.0,1.0,0.0,1.0,3,0,5,1,0.09,0.08,95,56,standard,10,140
0,Evolved HMM 5,2.989010989010989,1.0,0.0,1.0,0.9963369963369964,0.003663003663003663,0.0,0.0,1.0,1.0,0.0,0.0,3,0,5,1,0.09,0.02,78,39,standard,8,141
1,Cooperator,2.989010989010989,1.0,0.0,1.0,0.9963369963369964,0.003663003663003663,0.0,0.0,1.0,1.0,0.0,0.0,3,0,5,1,0.09,0.02,78,39,standard,8,141
2,GTFT: 0.33,2.9853479853479854,0.9930496853573777,0.0,1.0,0.9824363670517516,0.010613318305625997,0.0069503146426223355,0.0,1.0,0.34513274336283184,1.0,0.0,3,0,5,1,0.09,0.02,78,39,standard,8,141
3,Soft Joss: 0.9,2.967032967032967,0.9713534328918945,0.0,1.0,0.9390438621207853,0.032309570771109235,0.028646567108105567,0.0,1.0,0.09896602658788774,1.0,0.0,3,0,5,1,0.09,0.02,78,39,standard,8,141
4,Tit For Tat,2.9194139194139197,0.9304029304029304,0.0,1.0,0.8571428571428571,0.07326007326007325,0.0695970695970696,0.0,1.0,0.0,1.0,0.0,3,0,5,1,0.09,0.02,78,39,standard,8,141
5,Win-Stay Lose-Shift,2.857142857142857,0.9047619047619048,0.0,1.0,0.8571428571428572,0.04761904761904762,0.04761904761904762,0.04761904761904762,1.0,0.0,0.0,1.0,3,0,5,1,0.09,0.02,78,39,standard,8,141
6,Grudger,2.7252747252747254,0.8608058608058609,0.0,1.0,0.8571428571428571,0.003663003663003663,0.003663003663003663,0.13553113553113552,1.0,0.0,0.0,0.0,3,0,5,1,0.09,0.02,78,39,standard,8,141
7,Suspicious Tit For Tat,2.5201465201465205,0.6420587959049497,5.0,0.0,0.485582793275101,0.1564760026298488,0.1747910209448671,0.18315018315018314,1.0,0.0,1.0,0.0,3,0,5,1,0.09,0.02,78,39,standard,8,141
0,Evolved HMM 5,3.3105413105413106,0.8350930115635998,1.0,1.0,0.8319088319088319,0.00318417965476789,0.16205798558739734,0.002849002849002849,1.0,0.19047619047619047,0.0,0.0,3,0,5,1,0.01,0.05,17,117,standard,7,142
1,Evolved FSM 16,3.3105413105413106,0.8347578347578347,1.0,1.0,0.8319088319088319,0.002849002849002849,0.1623931623931624,0.002849002849002849,1.0,0.0,0.0,0.0,3,0,5,1,0.01,0.05,17,117,standard,7,142
2,"DoubleCrosser: (D, D)",3.301994301994302,0.8262108262108262,6.0,1.0,0.8205128205128205,0.005698005698005699,0.16742081447963802,0.006368359309535781,0.9927536231884059,0.75,0.0,0.0,3,0,5,1,0.01,0.05,17,117,standard,7,142
3,Soft Joss: 0.9,2.849002849002849,0.9200603318250377,0.0,1.0,0.8724652254064019,0.04759510641863584,0.03728841964136082,0.04265124853360147,1.0,0.13493859082094378,1.0,0.08997955010224949,3,0,5,1,0.01,0.05,17,117,standard,7,142
4,Tit For 2 Tats,2.790598290598291,0.9344729344729344,0.0,1.0,0.8646723646723646,0.0698005698005698,0.032763532763532756,0.032763532763532756,1.0,0.75,1.0,0.0,3,0,5,1,0.01,0.05,17,117,standard,7,142
5,GTFT: 0.33,2.7834757834757835,0.9337187866599631,0.0,1.0,0.871878665996313,0.06184012066365008,0.024886877828054297,0.04139433551198257,1.0,0.3344025995667389,1.0,0.38125,3,0,5,1,0.01,0.05,17,117,standard,7,142
6,Anti Tit For Tat,1.3917378917378918,0.6993464052287581,3.0,1.0,0.12183676889559242,0.5775096363331657,0.18166582872465226,0.11898776604658956,0.0,1.0,0.0,1.0,3,0,5,1,0.01,0.05,17,117,standard,7,142
0,Bully,3.5,0.0,5.0,0.0,0.0,0.0,0.6577380952380952,0.34226190476190477,0,0,0,0,3,0,5,1,0.03,0.0,42,1,standard,9,143
1,"DoubleCrosser: (D, D)",3.5,0.0,5.0,0.0,0.0,0.0,0.6220238095238095,0.37797619047619047,0,0,0,0,3,0,5,1,0.03,0.0,42,1,standard,9,143
2,Win-Shift Lose-Stay: D,3.5,0.0,5.0,0.0,0.0,0.0,0.6517857142857143,0.3482142857142857,0,0,0,0,3,0,5,1,0.03,0.0,42,1,standard,9,143
3,Random: 0.5,2.5,0.5178571428571429,2.0,0.5178571428571429,0.3035714285714286,0.2142857142857143,0.2678571428571429,0.2142857142857143,0,0,0,0,3,0,5,1,0.03,0.0,42,1,standard,9,143
4,Meta Mixer: 8 players,2.3125,0.6130952380952381,2.0,0.6130952380952381,0.3392857142857143,0.27380952380952384,0.22916666666666666,0.15773809523809523,0,0,0,0,3,0,5,1,0.03,0.0,42,1,standard,9,143
5,Anti Tit For Tat,1.5,1.0,0.0,1.0,0.5208333333333333,0.4791666666666667,0.0,0.0,0,0,0,0,3,0,5,1,0.03,0.0,42,1,standard,9,143
6,Grudger,1.5,1.0,0.0,1.0,0.5238095238095238,0.4761904761904762,0.0,0.0,0,0,0,0,3,0,5,1,0.03,0.0,42,1,standard,9,143
7,Evolved FSM 16,1.5,1.0,0.0,1.0,0.5059523809523809,0.49404761904761907,0.0,0.0,0,0,0,0,3,0,5,1,0.03,0.0,42,1,standard,9,143
8,Alternator,1.5,1.0,0.0,1.0,0.5089285714285714,0.4910714285714286,0.0,0.0,0,0,0,0,3,0,5,1,0.03,0.0,42,1,standard,9,143
0,Grudger,2.6161616161616164,0.4660894660894661,4.0,1.0,0.3852813852813852,0.08080808080808083,0.22943722943722944,0.30447330447330445,1.0,0.0,0.0,0.0,3,0,5,1,0.09,0.01,70,9,standard,12,144
1,Evolved HMM 5,2.5252525252525255,0.65007215007215,4.0,1.0,0.49480519480519475,0.15526695526695528,0.1746031746031746,0.17532467532467533,0.9984,0.5008368858093807,0.02040816326530612,0.17870685341523093,3,0,5,1,0.09,0.01,70,9,standard,12,144
2,Meta Winner: 11 players,2.4191919191919187,0.2805194805194805,9.0,1.0,0.17518037518037521,0.10533910533910533,0.2867243867243867,0.43275613275613267,0.6471589290281955,0.5027674871424871,0.04111644649405796,0.02260088780051122,3,0,5,1,0.09,0.01,70,9,standard,12,144
3,Tit For Tat,2.3030303030303028,0.6581529581529582,0.0,1.0,0.45064935064935063,0.20750360750360758,0.1518037518037518,0.1900432900432901,1.0,0.0,1.0,0.0,3,0,5,1,0.09,0.01,70,9,standard,12,144
4,Soft Joss: 0.9,2.2626262626262625,0.6950937950937951,0.0,1.0,0.4721500721500721,0.22294372294372297,0.13463203463203463,0.17027417027417027,1.0,0.10644569641252735,1.0,0.09244002022263186,3,0,5,1,0.09,0.01,70,9,standard,12,144
5,Defector,2.2525252525252526,0.0,9.0,0.0,0.0,0.0,0.31471861471861473,0.6852813852813853,0.0,0.0,0.0,0.0,3,0,5,1,0.09,0.01,70,9,standard,12,144
6,"DoubleCrosser: (D, D)",2.1818181818181817,0.7125541125541126,4.0,1.0,0.46594516594516583,0.2466089466089466,0.12467532467532468,0.16277056277056282,0.9171904761904763,0.7903466826060968,0.0,0.0,3,0,5,1,0.09,0.01,70,9,standard,12,144
7,Suspicious Tit For Tat,2.1616161616161618,0.4002886002886003,4.0,0.0,0.217027417027417,0.18326118326118326,0.22799422799422803,0.37171717171717167,1.0,0.0,1.0,0.0,3,0,5,1,0.09,0.01,70,9,standard,12,144
8,Cycler DC,2.116161616161616,0.4444444444444444,4.0,0.0,0.13376623376623373,0.3106782106782107,0.2883116883116883,0.26724386724386723,0.0,0.0,1.0,1.0,3,0,5,1,0.09,0.01,70,9,standard,12,144
9,Random: 0.5,1.9848484848484849,0.49004329004329006,4.0,0.4909090909090909,0.2049062049062049,0.28513708513708513,0.2189033189033189,0.291053391053391,0.4735204935550195,0.48295110050251205,0.5083593869231542,0.4944460735232021,3,0,5,1,0.09,0.01,70,9,standard,12,144
10,Win-Shift Lose-Stay: D,1.9696969696969697,0.49668109668109667,3.0,0.0,0.18253968253968253,0.31414141414141417,0.22972582972582972,0.2735930735930736,0.0,1.0,1.0,0.0,3,0,5,1,0.09,0.01,70,9,standard,12,144
11,Anti Tit For Tat,1.6313131313131315,0.6464646464646465,2.0,1.0,0.21688311688311693,0.4295815295815295,0.1597402597402597,0.19379509379509383,0.0,1.0,0.0,1.0,3,0,5,1,0.09,0.01,70,9,standard,12,144
0,Evolved HMM 5,2.969107551487414,0.6061784897025172,7.0,1.0,0.5478260869565217,0.058352402745995416,0.23286041189931347,0.16096109839816936,0.9990734154126767,0.46956499817798036,0.017106714040676305,0.1918362841626562,3,0,5,1,0.01,0.09,25,46,standard,20,145
1,"DoubleCrosser: (D, D)",2.962242562929062,0.5792219679633868,16.0,1.0,0.5362471395881008,0.04297482837528603,0.23258581235697937,0.18819221967963387,0.9864119907836555,0.7763157894736843,0.010273972602739725,0.0,3,0,5,1,0.01,0.09,25,46,standard,20,145
2,Grudger,2.943935926773455,0.49336384439359265,7.0,1.0,0.48077803203661335,0.012585812356979403,0.24727688787185356,0.25935926773455376,1.0,0.0,0.0,0.0,3,0,5,1,0.01,0.09,25,46,standard,20,145
3,Evolved FSM 16,2.9244851258581233,0.6140503432494279,7.0,1.0,0.5118077803203661,0.1022425629290618,0.25093821510297487,0.13501144164759724,0.899129886272982,0.5175968750897475,0.20155867135823696,0.32218253709983596,3,0,5,1,0.01,0.09,25,46,standard,20,145
4,Meta Winner: 18 players,2.625858123569794,0.06778032036613273,16.0,1.0,0.040778032036613274,0.027002288329519453,0.38745995423340973,0.5447597254004576,0.5354064229446149,0.39563191192772484,0.01912468174346906,0.02387284455243617,3,0,5,1,0.01,0.09,25,46,standard,20,145
5,Tit For Tat,2.5217391304347827,0.7005491990846682,0.0,1.0,0.545629290617849,0.15491990846681922,0.14581235697940506,0.15363844393592677,1.0,0.0,1.0,0.0,3,0,5,1,0.01,0.09,25,46,standard,20,145
6,Soft Joss: 0.9,2.4897025171624714,0.7458123569794051,0.0,1.0,0.5894279176201372,0.15638443935926774,0.11656750572082379,0.13762013729977116,1.0,0.11008138615912513,1.0,0.10621113531357813,3,0,5,1,0.01,0.09,25,46,standard,20,145
7,Defector,2.473684210526316,0.0,17.0,0.0,0.0,0.0,0.3670022883295195,0.6329977116704806,0.0,0.0,0.0,0.0,3,0,5,1,0.01,0.09,25,46,standard,20,145
8,Win-Stay Lose-Shift,2.443935926773455,0.725675057208238,2.0,1.0,0.5633867276887872,0.16228832951945082,0.11958810068649887,0.15473684210526317,1.0,0.0,0.0,1.0,3,0,5,1,0.01,0.09,25,46,standard,20,145
9,GTFT: 0.33,2.3913043478260874,0.8080549199084668,0.0,1.0,0.6219221967963386,0.18613272311212814,0.08407322654462242,0.10787185354691074,1.0,0.33983025495155667,1.0,0.3359233685022677,3,0,5,1,0.01,0.09,25,46,standard,20,145
10,Tit For 2 Tats,2.3066361556064074,0.8421967963386727,0.0,1.0,0.6728604118993134,0.16933638443935925,0.03240274599542334,0.12540045766590388,1.0,0.7644779414520994,1.0,0.0,3,0,5,1,0.01,0.09,25,46,standard,20,145
11,Suspicious Tit For Tat,2.2906178489702516,0.5310297482837528,11.0,0.0,0.35482837528604116,0.1762013729977117,0.18855835240274602,0.28041189931350113,1.0,0.0,1.0,0.0,3,0,5,1,0.01,0.09,25,46,standard,20,145
12,Meta Mixer: 18 players,2.1121281464530894,0.4730892448512586,10.0,0.68,0.23816933638443935,0.23491990846681923,0.2179405034324943,0.30897025171624715,0.5860572840374665,0.3927181505621698,0.5591260886380343,0.38462633297409987,3,0,5,1,0.01,0.09,25,46,standard,20,145
13,Alternator,2.036613272311213,0.5,6.0,1.0,0.18096109839816932,0.3190389016018306,0.24819221967963392,0.25180778032036616,0.0,0.0,1.0,1.0,3,0,5,1,0.01,0.09,25,46,standard,20,145
14,Cooperator,2.0217391304347827,1.0,0.0,1.0,0.6718993135011442,0.3281006864988558,0.0,0.0,1.0,1.0,0.0,0.0,3,0,5,1,0.01,0.09,25,46,standard,20,145
15,Cycler DC,2.0183066361556063,0.5,6.0,0.0,0.1740961098398169,0.3259038901601831,0.24851258581235702,0.251487414187643,0.0,0.0,1.0,1.0,3,0,5,1,0.01,0.09,25,46,standard,20,145
16,Random: 0.5,2.0125858123569795,0.5017391304347826,8.0,0.4589473684210526,0.21839816933638442,0.28334096109839824,0.2165217391304348,0.28173913043478255,0.5103869703499321,0.4985832912479879,0.5014661816552635,0.5056982814210186,3,0,5,1,0.01,0.09,25,46,standard,20,145
17,Bully,1.9244851258581237,0.5704805491990846,9.0,0.0,0.17240274599542338,0.3980778032036614,0.24356979405034326,0.1859496567505721,0.0,1.0,0.0,1.0,3,0,5,1,0.01,0.09,25,46,standard,20,145
18,Win-Shift Lose-Stay: D,1.8478260869565217,0.5843478260869566,9.0,0.0,0.19766590389016017,0.38668192219679637,0.21135011441647597,0.20430205949656752,0.0,1.0,1.0,0.0,3,0,5,1,0.01,0.09,25,46,standard,20,145
19,Anti Tit For Tat,1.6567505720823799,0.6380778032036614,7.0,1.0,0.18800915331807777,0.4500686498855835,0.18334096109839815,0.1785812356979405,0.0,1.0,0.0,1.0,3,0,5,1,0.01,0.09,25,46,standard,20,145
0,Evolved FSM 16,3.051851851851852,0.7197530864197531,4.0,1.0,0.6188271604938272,0.10092592592592592,0.2268518518518518,0.05339506172839507,0.9563106796116505,0.4555555555555555,0.5569444444444445,0.3055555555555556,3,0,5,1,0.02,0.09,24,9,standard,16,146
1,Evolved HMM 5,3.0407407407407407,0.7305555555555555,5.0,1.0,0.6478395061728395,0.08271604938271607,0.2058641975308642,0.06358024691358026,1.0,0.418497468917637,0.0,0.07894736842105263,3,0,5,1,0.02,0.09,24,9,standard,16,146
2,"DoubleCrosser: (D, D)",2.7296296296296294,0.7330246913580247,8.0,1.0,0.5743827160493827,0.158641975308642,0.1824074074074074,0.08456790123456792,0.8789384174722521,0.8319327731092436,0.0,0.0,3,0,5,1,0.02,0.09,24,9,standard,16,146
3,Tit For Tat,2.6740740740740745,0.804320987654321,0.0,1.0,0.6407407407407407,0.16358024691358025,0.13827160493827162,0.057407407407407414,1.0,0.0,1.0,0.0,3,0,5,1,0.02,0.09,24,9,standard,16,146
4,Alternator,2.6444444444444444,0.5555555555555556,6.0,1.0,0.3237654320987654,0.23179012345679015,0.30432098765432103,0.14012345679012347,0.0,0.0,1.0,1.0,3,0,5,1,0.02,0.09,24,9,standard,16,146
5,Suspicious Tit For Tat,2.6370370370370373,0.5546296296296296,11.0,0.0,0.34660493827160493,0.2080246913580247,0.2873456790123457,0.1580246913580247,1.0,0.0,1.0,0.0,3,0,5,1,0.02,0.09,24,9,standard,16,146
6,Bully,2.6074074074074076,0.4049382716049383,9.5,0.0,0.16203703703703706,0.24290123456790125,0.38240740740740736,0.21265432098765435,0.0,1.0,0.0,1.0,3,0,5,1,0.02,0.09,24,9,standard,16,146
7,Soft Joss: 0.9,2.6074074074074076,0.8200617283950618,0.0,1.0,0.6490740740740741,0.17098765432098761,0.12191358024691357,0.05802469135802468,1.0,0.09997414881574365,1.0,0.09846418021079056,3,0,5,1,0.02,0.09,24,9,standard,16,146
8,Win-Shift Lose-Stay: D,2.6037037037037036,0.5314814814814814,8.0,0.0,0.2703703703703704,0.2611111111111111,0.33179012345679004,0.13672839506172843,0.0,1.0,1.0,0.0,3,0,5,1,0.02,0.09,24,9,standard,16,146
9,Win-Stay Lose-Shift,2.585185185185185,0.7759259259259259,1.0,1.0,0.6422839506172839,0.13364197530864194,0.11049382716049382,0.11358024691358022,1.0,0.0,0.0,1.0,3,0,5,1,0.02,0.09,24,9,standard,16,146
10,GTFT: 0.33,2.5296296296296297,0.8632716049382716,0.0,1.0,0.6888888888888889,0.17438271604938274,0.08209876543209876,0.05462962962962963,1.0,0.31364438407121337,1.0,0.33131762479588567,3,0,5,1,0.02,0.09,24,9,standard,16,146
11,Meta Mixer: 14 players,2.5074074074074075,0.6558641975308642,6.0,0.7805555555555556,0.45030864197530873,0.20555555555555555,0.208641975308642,0.13549382716049382,0.7224170409066414,0.4729120426952213,0.6942444779207099,0.4859986983496695,3,0,5,1,0.02,0.09,24,9,standard,16,146
12,Meta Winner: 14 players,2.3962962962962964,0.5858024691358025,6.0,1.0,0.2953703703703704,0.2904320987654321,0.27654320987654324,0.13765432098765432,0.566675241709006,0.8291855203619909,0.8175438596491228,0.9103896103896104,3,0,5,1,0.02,0.09,24,9,standard,16,146
13,Tit For 2 Tats,2.3925925925925924,0.9265432098765433,0.0,1.0,0.7287037037037037,0.1978395061728395,0.03364197530864198,0.03981481481481482,1.0,0.8010752688172043,1.0,0.0,3,0,5,1,0.02,0.09,24,9,standard,16,146
14,Anti Tit For Tat,2.3555555555555556,0.5172839506172839,7.0,1.0,0.23858024691358026,0.2787037037037037,0.2888888888888889,0.19382716049382717,0.0,1.0,0.0,1.0,3,0,5,1,0.02,0.09,24,9,standard,16,146
15,Cooperator,2.155555555555556,1.0,0.0,1.0,0.7197530864197531,0.28024691358024695,0.0,0.0,1.0,1.0,0.0,0.0,3,0,5,1,0.02,0.09,24,9,standard,16,146
0,Evolved HMM 5,3.0540123456790123,0.625,7.0,1.0,0.574800290486565,0.050199709513435005,0.2392883079157589,0.13571169208424108,0.9978813559322034,0.4875086235874154,0.011776775908907,0.17151883946885207,3,0,5,1,0.05,0.08,17,36,standard,19,147
1,Evolved FSM 16,3.0324074074074074,0.6289941902687001,7.0,1.0,0.5438453159041394,0.08514887436456064,0.2566267247639797,0.11437908496732027,0.8959760468175839,0.5277396214896215,0.2631429576049829,0.27047138093405887,3,0,5,1,0.05,0.08,17,36,standard,19,147
2,Grudger,3.0308641975308643,0.5216049382716049,7.0,1.0,0.5061728395061729,0.015432098765432103,0.25889615105301383,0.21949891067538124,1.0,0.0,0.0,0.0,3,0,5,1,0.05,0.08,17,36,standard,19,147
3,"DoubleCrosser: (D, D)",3.023148148148148,0.6112926652142339,16.0,1.0,0.5594589687726943,0.05183369644153958,0.23828976034858382,0.1504175744371823,0.9811534462269756,0.7742165242165242,0.03870967741935484,0.0,3,0,5,1,0.05,0.08,17,36,standard,19,147
4,Tit For Tat,2.603395061728395,0.7337509077705157,0.0,1.0,0.5730755265068991,0.16067538126361652,0.1547748729121278,0.11147421931735657,1.0,0.0,1.0,0.0,3,0,5,1,0.05,0.08,17,36,standard,19,147
5,Soft Joss: 0.9,2.560185185185185,0.770878721859114,0.0,1.0,0.6116557734204794,0.1592229484386347,0.12463689179375453,0.10448438634713145,1.0,0.10197070598038376,1.0,0.11363834035066911,3,0,5,1,0.05,0.08,17,36,standard,19,147
6,Defector,2.5370370370370368,0.0,16.0,0.0,0.0,0.0,0.3846223674655047,0.6153776325344952,0.0,0.0,0.0,0.0,3,0,5,1,0.05,0.08,17,36,standard,19,147
7,Win-Stay Lose-Shift,2.5262345679012346,0.7313907044299202,1.0,1.0,0.5866920842411039,0.14469862018881627,0.12699709513435004,0.14161220043572983,1.0,0.0,0.0,1.0,3,0,5,1,0.05,0.08,17,36,standard,19,147
8,GTFT: 0.33,2.4753086419753085,0.8307007988380537,0.0,1.0,0.6507806826434277,0.17992011619462603,0.08778140885984025,0.08151779230210604,1.0,0.31283136842382037,1.0,0.34015223765046904,3,0,5,1,0.05,0.08,17,36,standard,19,147
9,Tit For 2 Tats,2.361111111111111,0.8840777051561365,0.0,1.0,0.7081517792302106,0.1759259259259259,0.03240740740740741,0.08351488743645606,1.0,0.7936924423055889,1.0,0.0,3,0,5,1,0.05,0.08,17,36,standard,19,147
10,Suspicious Tit For Tat,2.3456790123456788,0.5518336964415396,8.0,0.0,0.35856935366739295,0.19326434277414672,0.2052469135802469,0.24291938997821352,1.0,0.0,1.0,0.0,3,0,5,1,0.05,0.08,17,36,standard,19,147
11,Meta Mixer: 18 players,2.240740740740741,0.4749455337690632,9.0,0.6699346405228758,0.25226942628903415,0.22267610748002908,0.2391975308641975,0.2858569353667393,0.5903196764144711,0.3862221774445594,0.5425339336018906,0.3786613612110115,3,0,5,1,0.05,0.08,17,36,standard,19,147
12,Alternator,2.132716049382716,0.5,6.0,1.0,0.1938090050835149,0.3061909949164851,0.2642519970951343,0.23574800290486564,0.0,0.0,1.0,1.0,3,0,5,1,0.05,0.08,17,36,standard,19,147
13,Cycler DC,2.111111111111111,0.5,5.0,0.0,0.1851851851851852,0.3148148148148148,0.26261801016702974,0.2373819898329702,0.0,0.0,1.0,1.0,3,0,5,1,0.05,0.08,17,36,standard,19,147
14,Cooperator,2.1064814814814814,1.0,0.0,1.0,0.7006172839506173,0.2993827160493827,0.0,0.0,1.0,1.0,0.0,0.0,3,0,5,1,0.05,0.08,17,36,standard,19,147
15,Random: 0.5,2.0895061728395063,0.4955519244734931,7.0,0.5,0.2227668845315904,0.27278503994190273,0.23220769789397236,0.2722403776325345,0.48734034479997007,0.4896430834700404,0.5158338928724394,0.5035545368414029,3,0,5,1,0.05,0.08,17,36,standard,19,147
16,Bully,2.0200617283950617,0.5487472766884531,7.0,0.0,0.18218954248366012,0.3665577342047931,0.25662672476397963,0.19462599854756715,0.0,1.0,0.0,1.0,3,0,5,1,0.05,0.08,17,36,standard,19,147
17,Win-Shift Lose-Stay: D,1.9506172839506175,0.5738925199709514,6.0,0.0,0.21141975308641978,0.36247276688453156,0.22213144517066089,0.2039760348583878,0.0,1.0,1.0,0.0,3,0,5,1,0.05,0.08,17,36,standard,19,147
18,Anti Tit For Tat,1.7391975308641976,0.6166485112563544,5.0,1.0,0.196078431372549,0.4205700798838054,0.19517066085693535,0.1881808278867102,0.0,1.0,0.0,1.0,3,0,5,1,0.05,0.08,17,36,standard,19,147
0,"DoubleCrosser: (D, D)",2.9675324675324677,0.5801426968093635,11.0,1.0,0.5693201859868526,0.010822510822510819,0.20982844316177646,0.21002886002886,0.9959068646014796,0.7857142857142857,0.0,0.0,3,0,5,1,0.06,0.0,54,165,standard,15,148
1,Evolved HMM 5,2.9162337662337663,0.6360670194003527,4.0,1.0,0.5792207792207792,0.05684624017957352,0.20420875420875423,0.15972422639089306,0.9977030503491363,0.5477563672060759,0.014463981849120816,0.20929834574899972,3,0,5,1,0.06,0.0,54,165,standard,15,148
2,Evolved FSM 16,2.868614718614719,0.6467772967772968,4.0,1.0,0.5264870931537599,0.12029020362353694,0.23407888407888405,0.11914381914381914,0.9458956386292836,0.5613106250688833,0.22148993861465255,0.4731314975693495,3,0,5,1,0.06,0.0,54,165,standard,15,148
3,Meta Winner: 14 players,2.678571428571429,0.01869488536155203,12.0,1.0,0.011215327881994547,0.00747955747955748,0.4073673240339907,0.5739377906044573,0.5240165222323083,0.33039769396349994,0.011285234652826596,0.010371572825176424,3,0,5,1,0.06,0.0,54,165,standard,15,148
4,Tit For Tat,2.50974025974026,0.6934102934102934,0.0,1.0,0.5598925765592432,0.13351771685105016,0.13072791406124737,0.17586179252845918,1.0,0.0,1.0,0.0,3,0,5,1,0.06,0.0,54,165,standard,15,148
5,Soft Joss: 0.9,2.499134199134199,0.7492303992303992,0.0,1.0,0.6286916786916786,0.12053872053872054,0.09036395703062369,0.1604056437389771,1.0,0.10104812394527578,1.0,0.09551712616090346,3,0,5,1,0.06,0.0,54,165,standard,15,148
6,Win-Stay Lose-Shift,2.4846320346320345,0.715616482283149,1.0,1.0,0.5597562930896264,0.1558601891935225,0.13017476350809684,0.1542087542087542,1.0,0.0,0.0,1.0,3,0,5,1,0.06,0.0,54,165,standard,15,148
7,Defector,2.416450216450216,0.0,12.0,0.0,0.0,0.0,0.35416065416065423,0.6458393458393459,0.0,0.0,0.0,0.0,3,0,5,1,0.06,0.0,54,165,standard,15,148
8,GTFT: 0.33,2.3971861471861473,0.8122254288920956,0.0,1.0,0.6500320666987334,0.1621933621933622,0.06534391534391534,0.12243065576398908,1.0,0.3383089613635496,1.0,0.3342157556470967,3,0,5,1,0.06,0.0,54,165,standard,15,148
9,Suspicious Tit For Tat,2.2993506493506493,0.5643418310084977,6.0,0.0,0.40468975468975465,0.159652076318743,0.16238576238576238,0.2732724066057399,1.0,0.0,1.0,0.0,3,0,5,1,0.06,0.0,54,165,standard,15,148
10,Cooperator,2.0357142857142856,1.0,0.0,1.0,0.6783549783549783,0.3216450216450216,0.0,0.0,1.0,1.0,0.0,0.0,3,0,5,1,0.06,0.0,54,165,standard,15,148
11,Random: 0.5,1.8822510822510823,0.5014670514670515,6.0,0.49867724867724866,0.19913419913419914,0.3023328523328524,0.19680134680134678,0.3017316017316017,0.5105063024881897,0.49851598766034394,0.4966159628034287,0.49614378452403296,3,0,5,1,0.06,0.0,54,165,standard,15,148
12,Cycler DC,1.880952380952381,0.49696969696969695,5.0,0.0,0.14319384319384318,0.3537758537758538,0.23737373737373738,0.26565656565656565,0.0,0.0,1.0,1.0,3,0,5,1,0.06,0.0,54,165,standard,15,148
13,Bully,1.6844155844155844,0.6257976591309925,6.0,0.0,0.17159692159692158,0.4542007375340708,0.1989498156164823,0.17525252525252524,0.0,1.0,0.0,1.0,3,0,5,1,0.06,0.0,54,165,standard,15,148
14,Win-Shift Lose-Stay: D,1.6036796536796536,0.611319544652878,5.0,0.0,0.17267115600448935,0.4386483886483887,0.17603815937149267,0.2126422959756293,0.0,1.0,1.0,0.0,3,0,5,1,0.06,0.0,54,165,standard,15,148
0,Grudger,2.821759259259259,0.6064814814814815,4.0,1.0,0.6032407407407409,0.003240740740740741,0.15479302832244007,0.23872549019607842,1.0,0.0,0.0,0.0,3,0,5,1,0.01,0.05,17,144,standard,16,149
1,"DoubleCrosser: (D, D)",2.8046296296296296,0.6266067538126362,13.0,1.0,0.6101307189542484,0.016476034858387802,0.15002723311546842,0.22336601307189544,0.995332229598061,0.7438679245283019,0.0949367088607595,0.0,3,0,5,1,0.01,0.05,17,144,standard,16,149
2,Evolved HMM 5,2.7643518518518517,0.6672657952069717,4.0,1.0,0.6122549019607844,0.055010893246187374,0.14814814814814814,0.1845860566448802,0.9990912395492548,0.39377935206924114,0.02037617554858934,0.2189121275442668,3,0,5,1,0.01,0.05,17,144,standard,16,149
3,Evolved FSM 16,2.719444444444444,0.7003812636165577,4.0,1.0,0.6073529411764705,0.09302832244008713,0.1506263616557734,0.14899237472766885,0.9226190476190476,0.47892473118279566,0.02921855022076098,0.39267905425595473,3,0,5,1,0.01,0.05,17,144,standard,16,149
4,Tit For Tat,2.551851851851852,0.7287309368191721,0.0,1.0,0.6285675381263617,0.10016339869281046,0.09795751633986928,0.17331154684095862,1.0,0.0,1.0,0.0,3,0,5,1,0.01,0.05,17,144,standard,16,149
5,Soft Joss: 0.9,2.5162037037037037,0.7581699346405228,0.0,1.0,0.6414215686274509,0.11674836601307188,0.08739106753812635,0.15443899782135073,1.0,0.10681579272068033,1.0,0.09809608010327535,3,0,5,1,0.01,0.05,17,144,standard,16,149
6,Defector,2.4277777777777776,0.0,15.0,0.0,0.0,0.0,0.35767973856209156,0.6423202614379084,0.0,0.0,0.0,0.0,3,0,5,1,0.01,0.05,17,144,standard,16,149
7,GTFT: 0.33,2.4226851851851854,0.8148420479302833,0.0,1.0,0.657516339869281,0.15732570806100218,0.06699346405228758,0.11816448801742917,1.0,0.3446247265388988,1.0,0.3189911118187143,3,0,5,1,0.01,0.05,17,144,standard,16,149
8,Meta Winner: 14 players,2.413425925925926,0.013888888888888888,14.0,1.0,0.011492374727668848,0.0023965141612200436,0.34980936819172115,0.63630174291939,0.575682382133995,0.7222222222222222,0.0,0.0,3,0,5,1,0.01,0.05,17,144,standard,16,149
9,Win-Stay Lose-Shift,2.3884259259259255,0.8112200435729847,0.0,1.0,0.669417211328976,0.14180283224400872,0.047194989106753814,0.14158496732026146,1.0,0.0,0.0,1.0,3,0,5,1,0.01,0.05,17,144,standard,16,149
10,Tit For 2 Tats,2.3805555555555555,0.8307189542483661,0.0,1.0,0.7129357298474945,0.11778322440087144,0.018627450980392157,0.15065359477124182,1.0,0.747521116415718,1.0,0.0,3,0,5,1,0.01,0.05,17,144,standard,16,149
11,Cooperator,2.1597222222222223,1.0,0.0,1.0,0.7193355119825708,0.28066448801742916,0.0,0.0,1.0,1.0,0.0,0.0,3,0,5,1,0.01,0.05,17,144,standard,16,149
12,Meta Mixer: 14 players,1.9814814814814814,0.44901960784313727,9.0,0.8666666666666667,0.21971677559912856,0.2293028322440087,0.19692265795206973,0.354057734204793,0.611275805679565,0.3525700845299683,0.596113236788865,0.348981013062797,3,0,5,1,0.01,0.05,17,144,standard,16,149
13,Alternator,1.8916666666666666,0.5,5.0,1.0,0.14907407407407408,0.3509259259259259,0.23643790849673205,0.263562091503268,0.0,0.0,1.0,1.0,3,0,5,1,0.01,0.05,17,144,standard,16,149
14,Cycler DC,1.8851851851851853,0.5,5.0,0.0,0.14428104575163397,0.355718954248366,0.23755446623093684,0.26244553376906316,0.0,0.0,1.0,1.0,3,0,5,1,0.01,0.05,17,144,standard,16,149
15,Anti Tit For Tat,1.6319444444444444,0.640686274509804,5.0,1.0,0.17121459694989108,0.4694716775599128,0.18989651416122008,0.16941721132897605,0.0,1.0,0.0,1.0,3,0,5,1,0.01,0.05,17,144,standard,16,149
0,Evolved FSM 16,3.3634408602150536,0.26090718081819303,2.0,1.0,0.12361883574341864,0.13728834507477447,0.5703126931158077,0.16878012606599926,0.5035460992907801,0.6961110204747533,0.5201116243264049,0.08050784167289021,3,0,5,1,0.01,0.04,87,155,standard,4,150
1,Suspicious Tit For Tat,2.2946236559139788,0.5061920652576938,1.0,0.0,0.23767148683722653,0.2685205784204672,0.27153627487331605,0.22227165986899022,1.0,0.0,1.0,0.0,3,0,5,1,0.01,0.04,87,155,standard,4,150
2,Meta Mixer: 3 players,1.9591397849462364,0.37772834013100975,1.0,0.34099616858237547,0.13259176863181313,0.24513657149919665,0.24113212211098753,0.3811395377580027,0.377166474849911,0.3943157932593908,0.3570756774857385,0.374859772363946,3,0,5,1,0.01,0.04,87,155,standard,4,150
3,Bully,1.253763440860215,0.7141515263873439,0.0,0.0,0.15839822024471636,0.5557533061426276,0.12371771103695463,0.1621307625757014,0.0,1.0,0.0,1.0,3,0,5,1,0.01,0.04,87,155,standard,4,150
0,Cooperator,2.980769230769231,1.0,0.0,1.0,0.9935897435897436,0.00641025641025641,0.0,0.0,1.0,1.0,0.0,0,3,0,5,1,0.05,0.09,52,78,standard,3,151
1,Suspicious Tit For Tat,2.7628205128205128,0.7435897435897436,1.0,0.0,0.4935897435897436,0.25,0.2564102564102564,0.0,1.0,0.0,1.0,0,3,0,5,1,0.05,0.09,52,78,standard,3,151
2,Meta Winner: 2 players,2.75,0.75,0.0,1.0,0.5,0.25,0.25,0.0,1.0,0.0,1.0,0,3,0,5,1,0.05,0.09,52,78,standard,3,151
0,Evolved HMM 5,3.1445530726256985,0.8018973974655947,2.0,1.0,0.784217877094972,0.0176795203706227,0.14860675841395285,0.049495844120452374,0.999375,0.6357615894039735,0.01795212765957447,0.17209141274238227,3,0,5,1,0.07,0.08,41,179,standard,9,152
1,Evolved FSM 16,3.0914804469273744,0.7389630739882818,2.0,1.0,0.6848344461098244,0.05412862787845756,0.19326543125766457,0.0677714947540537,0.9548729101535952,0.7585958005249344,0.3843756804767635,0.08734177215189873,3,0,5,1,0.07,0.08,41,179,standard,9,152
2,Win-Stay Lose-Shift,3.0272346368715084,0.7335127401553345,1.0,1.0,0.6605804605532088,0.07293227960212563,0.19534337103147567,0.07114388881318981,1.0,0.0,0.0,1.0,3,0,5,1,0.07,0.08,41,179,standard,9,152
3,GTFT: 0.33,2.8177374301675977,0.9356349638915383,0.0,1.0,0.8515805968115547,0.08405436707998366,0.049478811827224425,0.014886224281237228,1.0,0.34622638289963464,1.0,0.34982738780207134,3,0,5,1,0.07,0.08,41,179,standard,9,152
4,Tit For Tat,2.787709497206704,0.8323681700504156,0.0,1.0,0.7009810600899306,0.13138710996048508,0.1302289140209838,0.03740291592860063,1.0,0.0,1.0,0.0,3,0,5,1,0.07,0.08,41,179,standard,9,152
5,Tit For 2 Tats,2.786312849162011,1.0,0.0,1.0,0.9288050143071264,0.07119498569287369,0.0,0.0,1.0,1.0,0.0,0.0,3,0,5,1,0.07,0.08,41,179,standard,9,152
6,Suspicious Tit For Tat,2.403631284916201,0.6097050006812917,4.0,0.0,0.4350899305082436,0.1746150701730481,0.1777490121269928,0.2125459871917155,1.0,0.0,1.0,0.0,3,0,5,1,0.07,0.08,41,179,standard,9,152
7,Meta Mixer: 8 players,2.2241620111731844,0.5257357950674478,4.0,0.7408536585365854,0.34582368170050415,0.17991211336694374,0.18050824362992232,0.29375596130262976,0.7688160889075172,0.2849522276889735,0.7151227280668704,0.23712392786425593,3,0,5,1,0.07,0.08,41,179,standard,9,152
8,Win-Shift Lose-Stay: D,1.6047486033519553,0.646426624880774,2.0,0.0,0.17648862242812374,0.4699380024526502,0.180661534268974,0.17291184085025207,0.0,1.0,1.0,0.0,3,0,5,1,0.07,0.08,41,179,standard,9,152
0,"DoubleCrosser: (D, D)",2.85009765625,0.6332877604166667,13.0,1.0,0.6210807291666667,0.01220703125,0.15509765625000002,0.21161458333333333,0.9943265306122449,0.7857142857142857,0.0,0.0,3,0,5,1,0.04,0.03,75,128,standard,17,153
1,Evolved HMM 5,2.80859375,0.6811328125,4.0,1.0,0.6323177083333333,0.04881510416666667,0.14798828125,0.17087890625000002,0.9980999296270232,0.5020566869913178,0.014956704277092626,0.20117229570183612,3,0,5,1,0.04,0.03,75,128,standard,17,153
2,Evolved FSM 16,2.75927734375,0.6935416666666666,4.0,1.0,0.5882096354166667,0.10533203124999999,0.17160807291666666,0.13485026041666667,0.9032001517031457,0.5552664162477093,0.22402941500976717,0.3730984452296385,3,0,5,1,0.04,0.03,75,128,standard,17,153
3,Grudger,2.7412109375,0.567421875,4.0,1.0,0.563515625,0.00390625,0.15467447916666666,0.2779036458333333,1.0,0.0,0.0,0.0,3,0,5,1,0.04,0.03,75,128,standard,17,153
4,Tit For Tat,2.5625,0.7218229166666666,0.0,1.0,0.5947591145833333,0.12706380208333334,0.12485677083333334,0.1533203125,1.0,0.0,1.0,0.0,3,0,5,1,0.04,0.03,75,128,standard,17,153
5,Soft Joss: 0.9,2.54638671875,0.7702408854166667,0.0,1.0,0.6533203125,0.11692057291666667,0.0891796875,0.14057942708333335,1.0,0.09230654735939585,1.0,0.09656911051928624,3,0,5,1,0.04,0.03,75,128,standard,17,153
6,GTFT: 0.33,2.4609375,0.82986328125,0.0,1.0,0.6789518229166667,0.15091145833333336,0.06338541666666667,0.10675130208333335,1.0,0.3322255578144261,1.0,0.33289988326925213,3,0,5,1,0.04,0.03,75,128,standard,17,153
7,Tit For 2 Tats,2.41015625,0.8389973958333333,0.0,1.0,0.7230208333333333,0.11597656249999999,0.020247395833333334,0.14075520833333333,1.0,0.773182045401082,1.0,0.0,3,0,5,1,0.04,0.03,75,128,standard,17,153
8,Win-Stay Lose-Shift,2.38134765625,0.7818489583333333,0.0,1.0,0.6303841145833333,0.15146484375,0.06778645833333333,0.15036458333333333,1.0,0.0,0.0,1.0,3,0,5,1,0.04,0.03,75,128,standard,17,153
9,Defector,2.37109375,0.0,15.0,0.0,0.0,0.0,0.34301432291666667,0.6569856770833333,0.0,0.0,0.0,0.0,3,0,5,1,0.04,0.03,75,128,standard,17,153
10,Meta Winner: 16 players,2.36376953125,0.023919270833333332,13.0,1.0,0.015078125000000001,0.008841145833333333,0.33504557291666665,0.6410351562500001,0.4982087245033263,0.3396874989974203,0.01455372646807098,0.010457693461272557,3,0,5,1,0.04,0.03,75,128,standard,17,153
11,Suspicious Tit For Tat,2.3583984375,0.5856315104166666,7.0,0.0,0.411640625,0.17399088541666669,0.17719401041666666,0.23717447916666667,1.0,0.0,1.0,0.0,3,0,5,1,0.04,0.03,75,128,standard,17,153
12,Cooperator,2.15478515625,1.0,0.0,1.0,0.71798828125,0.28201171875,0.0,0.0,1.0,1.0,0.0,0.0,3,0,5,1,0.04,0.03,75,128,standard,17,153
13,Alternator,1.955078125,0.5,6.0,1.0,0.14530598958333332,0.3546940104166667,0.2548697916666667,0.24513020833333332,0.0,0.0,1.0,1.0,3,0,5,1,0.04,0.03,75,128,standard,17,153
14,Cycler DC,1.9453125,0.5,5.0,0.0,0.14222656250000001,0.3577734375,0.2549544270833333,0.24504557291666668,0.0,0.0,1.0,1.0,3,0,5,1,0.04,0.03,75,128,standard,17,153
15,Random: 0.5,1.8955078125,0.49947265625,7.0,0.48833333333333334,0.19866536458333336,0.3008072916666667,0.19920572916666668,0.30132161458333334,0.5027642206502733,0.501376534184563,0.5037354668058515,0.49856356167271565,3,0,5,1,0.04,0.03,75,128,standard,17,153
16,Bully,1.697265625,0.6216731770833334,6.0,0.0,0.17224609375,0.44942708333333337,0.20103515624999999,0.17729166666666665,0.0,1.0,0.0,1.0,3,0,5,1,0.04,0.03,75,128,standard,17,153
0,Grudger,2.9501133786848075,0.572068143496715,4.0,1.0,0.5675329961044246,0.004535147392290249,0.20553520553520552,0.22239665096807956,1.0,0.0,0.0,0.0,3,0,5,1,0.03,0.02,39,98,standard,10,154
1,Evolved FSM 16,2.8356009070294785,0.6665213093784522,3.0,1.0,0.5851793708936567,0.08134193848479561,0.1864061864061864,0.14707250421536136,0.8913749942584173,0.44523231538573577,0.12968754482827444,0.2889092194676066,3,0,5,1,0.03,0.02,39,98,standard,10,154
2,Tit For Tat,2.570294784580499,0.7428048142333856,0.0,1.0,0.6492528635385778,0.09355195069480783,0.09105180533751961,0.1661433804290947,1.0,0.0,1.0,0.0,3,0,5,1,0.03,0.02,39,98,standard,10,154
3,Soft Joss: 0.9,2.5555555555555554,0.7775161346589918,0.0,1.0,0.6629164486307343,0.11459968602825746,0.08570265713122854,0.13678120820977963,1.0,0.10348566856437874,1.0,0.10216825899866339,3,0,5,1,0.03,0.02,39,98,standard,10,154
4,GTFT: 0.33,2.497732426303855,0.8390313390313391,0.0,1.0,0.6895459038316181,0.14948543519972093,0.06619570905285191,0.09477295191580906,1.0,0.33260800215094743,1.0,0.3388801467305654,3,0,5,1,0.03,0.02,39,98,standard,10,154
5,Tit For 2 Tats,2.4829931972789114,0.9280190708762137,0.0,1.0,0.7799581371009943,0.1480609337752195,0.018722018722018723,0.05325891040176755,1.0,0.8577364036055999,1.0,0.0,3,0,5,1,0.03,0.02,39,98,standard,10,154
6,Meta Winner: 8 players,2.1281179138321997,0.11698354555497413,7.0,1.0,0.08299901157044015,0.03398453398453398,0.23986859701145413,0.6431478574335716,0.47367394893620784,0.5777761298335036,0.31760589765239555,0.014671925781643065,3,0,5,1,0.03,0.02,39,98,standard,10,154
7,Meta Mixer: 8 players,2.04875283446712,0.46043374614803184,5.0,0.7977207977207977,0.26266061980347694,0.1977731263445549,0.18207453921739636,0.35749171463457174,0.7272685802360308,0.2961933746881872,0.687659135053472,0.24238729220709276,3,0,5,1,0.03,0.02,39,98,standard,10,154
8,Win-Shift Lose-Stay: D,1.9829931972789114,0.6066050351764638,4.0,0.0,0.22361765218908078,0.38298738298738294,0.2294900866329438,0.1639048781905925,0.0,1.0,1.0,0.0,3,0,5,1,0.03,0.02,39,98,standard,10,154
9,Random: 0.5,1.887755102040816,0.498720855863713,4.0,0.4928774928774929,0.19899412756555612,0.2997267282981569,0.2010000581429153,0.3002790859933717,0.4983801866960126,0.5032162862156823,0.5156011492580543,0.5003895144306667,3,0,5,1,0.03,0.02,39,98,standard,10,154
0,Evolved HMM 5,2.9473684210526314,0.607338238068289,7.0,1.0,0.5463591775136767,0.060979060554612344,0.22873042822109033,0.16393133371062066,0.9975931240990391,0.47543447129008876,0.015034253075874445,0.17341941685520162,3,0,5,1,0.02,0.08,31,36,standard,20,155
1,Grudger,2.931286549707602,0.49787775891341257,7.0,1.0,0.4817958875683833,0.016081871345029242,0.2476419543482362,0.2544802867383512,1.0,0.0,0.0,0.0,3,0,5,1,0.02,0.08,31,36,standard,20,155
2,"DoubleCrosser: (D, D)",2.9166666666666665,0.5946047915487643,16.0,1.0,0.53923787964535,0.05536691190341445,0.22453310696095075,0.1808621014902848,0.9823123099507183,0.773379752197395,0.020984175867378697,0.0,3,0,5,1,0.02,0.08,31,36,standard,20,155
3,Evolved FSM 16,2.9064327485380117,0.6232314657611772,7.0,1.0,0.5174966987360875,0.10573476702508962,0.24254857574042635,0.13421995849839655,0.897113900806893,0.5253652369123165,0.22406678773204197,0.3228837469935624,3,0,5,1,0.02,0.08,31,36,standard,20,155
4,Meta Winner: 18 players,2.611111111111111,0.0863987926806263,16.0,1.0,0.052678739860403695,0.0337200528202226,0.37785323523863423,0.5357479720807394,0.5272498745062225,0.38335737480545884,0.028027013374190335,0.0366020591570627,3,0,5,1,0.02,0.08,31,36,standard,20,155
5,Tit For Tat,2.5321637426900585,0.7021788341822298,0.0,1.0,0.5473967176004527,0.154782116581777,0.14770797962648557,0.15011318619128466,1.0,0.0,1.0,0.0,3,0,5,1,0.02,0.08,31,36,standard,20,155
6,Soft Joss: 0.9,2.4985380116959064,0.7454253914355782,0.0,1.0,0.5901716657234484,0.1552537257121298,0.11799660441426148,0.13657800415016036,1.0,0.0927631621234167,1.0,0.10104901875092959,3,0,5,1,0.02,0.08,31,36,standard,20,155
7,Defector,2.4853801169590644,0.0,17.0,0.0,0.0,0.0,0.37125070741369554,0.6287492925863044,0.0,0.0,0.0,0.0,3,0,5,1,0.02,0.08,31,36,standard,20,155
8,Win-Stay Lose-Shift,2.444444444444444,0.724580267873986,2.0,1.0,0.5644218072061875,0.1601584606677985,0.11964723637049612,0.15577249575551785,1.0,0.0,0.0,1.0,3,0,5,1,0.02,0.08,31,36,standard,20,155
9,GTFT: 0.33,2.3903508771929824,0.8053669119034145,0.0,1.0,0.6183267308055085,0.18704018109790604,0.08479532163742691,0.10983776645915866,1.0,0.3349468044506272,1.0,0.30372199385970683,3,0,5,1,0.02,0.08,31,36,standard,20,155
10,Tit For 2 Tats,2.308479532163743,0.8467741935483871,0.0,1.0,0.6756744010564045,0.1710997924919827,0.03178645538577628,0.12143935106583666,1.0,0.767840209303624,1.0,0.0,3,0,5,1,0.02,0.08,31,36,standard,20,155
11,Suspicious Tit For Tat,2.286549707602339,0.5305131107338238,8.0,0.0,0.3482361818524807,0.18227692888134317,0.1933597434446331,0.2761271458215431,1.0,0.0,1.0,0.0,3,0,5,1,0.02,0.08,31,36,standard,20,155
12,Meta Mixer: 18 players,2.1505847953216377,0.47990945104697225,10.0,0.7113752122241087,0.2541029994340691,0.22580645161290316,0.2170345217883418,0.3030560271646859,0.5839179085176976,0.3955533248882671,0.572488761574531,0.38118615492647345,3,0,5,1,0.02,0.08,31,36,standard,20,155
13,Alternator,2.0497076023391814,0.5,5.0,1.0,0.18444633088096585,0.3155536691190342,0.24891529900018866,0.2510847009998114,0.0,0.0,1.0,1.0,3,0,5,1,0.02,0.08,31,36,standard,20,155
14,Random: 0.5,2.0409356725146197,0.49990567817392945,7.0,0.5161290322580645,0.2200528202225995,0.27985285795132997,0.22151480852669306,0.2785795132993774,0.4963565458398141,0.49857864366530386,0.4944158357271011,0.4970424345361656,3,0,5,1,0.02,0.08,31,36,standard,20,155
15,Cycler DC,2.039473684210526,0.5,5.0,0.0,0.1775608375778155,0.32243916242218446,0.2516034710431994,0.2483965289568006,0.0,0.0,1.0,1.0,3,0,5,1,0.02,0.08,31,36,standard,20,155
16,Cooperator,2.004385964912281,1.0,0.0,1.0,0.66723259762309,0.33276740237691005,0.0,0.0,1.0,1.0,0.0,0.0,3,0,5,1,0.02,0.08,31,36,standard,20,155
17,Bully,1.9517543859649125,0.5648934163365402,8.0,0.0,0.17359932088285232,0.39129409545368793,0.2482550462176948,0.186851537445765,0.0,1.0,0.0,1.0,3,0,5,1,0.02,0.08,31,36,standard,20,155
18,Win-Shift Lose-Stay: D,1.8845029239766082,0.5815412186379928,7.0,0.0,0.2021788341822298,0.3793623844557631,0.21396906244104888,0.2044897189209583,0.0,1.0,1.0,0.0,3,0,5,1,0.02,0.08,31,36,standard,20,155
19,Anti Tit For Tat,1.672514619883041,0.6335597057159027,6.0,1.0,0.188737973967176,0.44482173174872663,0.18524806640256555,0.1811922278815318,0.0,1.0,0.0,1.0,3,0,5,1,0.02,0.08,31,36,standard,20,155
0,"DoubleCrosser: (D, D)",3.1742508324084353,0.5530673978803509,16.0,1.0,0.5376379186524776,0.015429479227873166,0.2782529215903897,0.1686796805292595,0.9962583955985629,0.7772633744855967,0.05071521456436931,0.0,3,0,5,1,0.02,0.05,17,159,standard,18,156
1,Evolved HMM 5,3.150943396226415,0.5799656155469957,7.0,1.0,0.5455158756066245,0.03444973994037127,0.2742921808012883,0.14574220365171597,0.995210109250707,0.48400997180400573,0.01628145355554652,0.178126905922341,3,0,5,1,0.02,0.05,17,159,standard,18,156
2,Evolved FSM 16,3.135035146133925,0.5571369502295924,7.0,1.0,0.4979652238253793,0.05917172640421318,0.2992535526974386,0.14360949707296905,0.8857297464440322,0.5399068967145224,0.18273183716681773,0.15985789392495892,3,0,5,1,0.02,0.05,17,159,standard,18,156
3,Grudger,3.0865704772475024,0.47600705098909707,8.0,1.0,0.47230745794433204,0.003699593044765076,0.2877412896346108,0.23625165937629208,1.0,0.0,0.0,0.0,3,0,5,1,0.02,0.05,17,159,standard,18,156
4,Tit For Tat,2.5915649278579354,0.7155883441056778,0.0,1.0,0.546582228895998,0.16900611520967984,0.1667645970707928,0.11764705882352941,1.0,0.0,1.0,0.0,3,0,5,1,0.02,0.05,17,159,standard,18,156
5,Soft Joss: 0.9,2.5782463928967814,0.7642923984244087,0.0,1.0,0.6089965397923875,0.15529585863202103,0.12846292790146022,0.10724467367413115,1.0,0.09721629504154691,1.0,0.09280118770854935,3,0,5,1,0.02,0.05,17,159,standard,18,156
6,Meta Winner: 16 players,2.5767665556788755,0.049705120672020195,14.0,1.0,0.02280690300537529,0.026898217666644905,0.37970882026506503,0.5705860590629147,0.5601948083486107,0.6865337124712965,0.019087507514682838,0.02610637574754545,3,0,5,1,0.02,0.05,17,159,standard,18,156
7,Win-Stay Lose-Shift,2.530891601923788,0.717155230571696,2.0,1.0,0.5693456072773172,0.14780962329437877,0.1364496964157472,0.14639507301255683,1.0,0.0,0.0,1.0,3,0,5,1,0.02,0.05,17,159,standard,18,156
8,GTFT: 0.33,2.4631890492045874,0.8201997780244173,0.0,1.0,0.6362647167635089,0.18393506126090836,0.09353441709647234,0.08626580487911037,1.0,0.3400113425199939,1.0,0.3168975533253334,3,0,5,1,0.02,0.05,17,159,standard,18,156
9,Tit For 2 Tats,2.346281908990011,0.872429326891689,0.0,1.0,0.6886030771909207,0.1838262497007682,0.03832343148136058,0.08924724162695044,1.0,0.7873319687596483,1.0,0.0,3,0,5,1,0.02,0.05,17,159,standard,18,156
10,Suspicious Tit For Tat,2.298927118017018,0.5475615329372593,9.0,0.0,0.35703249113185787,0.1905290418054014,0.19385867554568997,0.25857979151705074,1.0,0.0,1.0,0.0,3,0,5,1,0.02,0.05,17,159,standard,18,156
11,Meta Mixer: 16 players,2.0281169071402148,0.42830406302365565,10.0,0.6885813148788927,0.18685121107266434,0.24145285195099125,0.2265891928358469,0.3451067441404975,0.5460692138139001,0.3646044511175134,0.5325662797258038,0.36411902107323085,3,0,5,1,0.02,0.05,17,159,standard,18,156
12,Cycler DC,1.9411764705882353,0.4968553459119497,7.0,0.0,0.15873430393244978,0.3381210419794999,0.24049531022175796,0.26264934386629235,0.0,0.0,1.0,1.0,3,0,5,1,0.02,0.05,17,159,standard,18,156
13,Alternator,1.9396966333703294,0.5031446540880503,3.0,1.0,0.1629561924658876,0.3401884616221627,0.23807969358664666,0.2587756523253031,0.0,0.0,1.0,1.0,3,0,5,1,0.02,0.05,17,159,standard,18,156
14,Random: 0.5,1.885682574916759,0.5031664164000783,6.0,0.4982698961937716,0.19877695806402476,0.30438945833605363,0.19823290026332396,0.29860068333659767,0.4866075865148654,0.5051090431560137,0.5113264662018521,0.5004575357238548,3,0,5,1,0.02,0.05,17,159,standard,18,156
15,Bully,1.7835738068812432,0.6003786642292878,7.0,0.0,0.19666601379730583,0.4037126504319819,0.19919044199255728,0.200430893778155,0.0,1.0,0.0,1.0,3,0,5,1,0.02,0.05,17,159,standard,18,156
16,Win-Shift Lose-Stay: D,1.6951535331113576,0.6409653761615633,6.0,0.0,0.188744532219103,0.4522208439424605,0.19246588757589608,0.16656873626254054,0.0,1.0,1.0,0.0,3,0,5,1,0.02,0.05,17,159,standard,18,156
17,Anti Tit For Tat,1.4987051424343323,0.6615742856521076,5.0,1.0,0.19951687667297774,0.46205740897912995,0.14049748645296076,0.19792822789493159,0.0,1.0,0.0,1.0,3,0,5,1,0.02,0.05,17,159,standard,18,156
0,Grudger,3.4153846153846152,0.4757703834626912,7.0,1.0,0.4674863597940521,0.008284023668639054,0.3723507261968801,0.15187889034042878,1.0,0.0,0.0,0.0,3,0,5,1,0.01,0.02,77,65,standard,14,157
1,Evolved HMM 5,3.346745562130178,0.514178129562745,7.0,1.0,0.4866671789748712,0.02751095058787367,0.3505725044186582,0.13524936601859677,0.9973834104233426,0.3886787324314147,0.013705916642378316,0.14313103712877137,3,0,5,1,0.01,0.02,77,65,standard,14,157
2,Tit For Tat,2.663905325443787,0.7477138246369016,0.0,1.0,0.5662030277414892,0.1815107968954123,0.1780373472681165,0.07424882809498194,1.0,0.0,1.0,0.0,3,0,5,1,0.01,0.02,77,65,standard,14,157
3,Win-Stay Lose-Shift,2.6544378698224853,0.723138400061477,2.0,1.0,0.5922077922077922,0.1309306078536848,0.15063398140321219,0.12622761853531084,1.0,0.0,0.0,1.0,3,0,5,1,0.01,0.02,77,65,standard,14,157
4,Soft Joss: 0.9,2.6059171597633135,0.7679551218012757,0.0,1.0,0.5785291631445478,0.18942595865672787,0.1597786828556059,0.07226619534311841,1.0,0.09788100266498627,1.0,0.09512921679503365,3,0,5,1,0.01,0.02,77,65,standard,14,157
5,Bully,2.3562130177514793,0.47958195650503344,8.0,0.0,0.21687543226004766,0.2627065242449858,0.29579651118112654,0.22462153231384002,0.0,1.0,0.0,1.0,3,0,5,1,0.01,0.02,77,65,standard,14,157
6,Cycler DC,2.3124260355029587,0.49230769230769234,8.0,0.0,0.23244447859832476,0.2598632137093676,0.2777683854606931,0.22992392223161454,0.0,0.0,1.0,1.0,3,0,5,1,0.01,0.02,77,65,standard,14,157
7,Tit For 2 Tats,2.2994082840236687,0.9041881195727349,0.0,1.0,0.6704679935449166,0.2337201260278183,0.04819795589026358,0.04761392453700145,1.0,0.7654814889385767,1.0,0.0,3,0,5,1,0.01,0.02,77,65,standard,14,157
8,Alternator,2.2911242603550295,0.5076923076923077,4.0,1.0,0.24169676477368787,0.2659955429186199,0.2685929455160225,0.22371474679166992,0.0,0.0,1.0,1.0,3,0,5,1,0.01,0.02,77,65,standard,14,157
9,Meta Mixer: 13 players,2.26508875739645,0.5180511795896411,7.0,0.7172827172827173,0.27818335510643205,0.2398678244832091,0.23622531314839007,0.24572350726196882,0.5467882351307538,0.477262441236544,0.5437810403192544,0.4867341434882145,3,0,5,1,0.01,0.02,77,65,standard,14,157
10,Random: 0.5,2.26508875739645,0.5032813340505649,6.0,0.5154845154845155,0.25456082379159306,0.24872051025897174,0.2498424652270806,0.2468762007223546,0.5040342093432132,0.5021890500022025,0.5070087582305078,0.5042089932668204,3,0,5,1,0.01,0.02,77,65,standard,14,157
11,Win-Shift Lose-Stay: D,2.22603550295858,0.6039191577653116,7.0,0.0,0.2549911626834704,0.34892799508184125,0.2663490355798048,0.12973180665488357,0.0,1.0,1.0,0.0,3,0,5,1,0.01,0.02,77,65,standard,14,157
12,Cooperator,2.0059171597633134,1.0,0.0,1.0,0.6685929455160224,0.33140705448397756,0.0,0.0,1.0,1.0,0.0,0.0,3,0,5,1,0.01,0.02,77,65,standard,14,157
13,Anti Tit For Tat,1.9763313609467457,0.5665411511565358,5.0,1.0,0.22665027280411898,0.3398908783524168,0.21461615307769155,0.2188426957657727,0.0,1.0,0.0,1.0,3,0,5,1,0.01,0.02,77,65,standard,14,157
0,Defector,3.9333333333333336,0.0,2.0,0.0,0.0,0.0,0.7285714285714286,0.2714285714285714,0.0,0.0,0.0,0.0,3,0,5,1,0.04,0.04,70,15,standard,3,158
1,Random: 0.5,1.3333333333333333,0.5071428571428571,0.0,0.4642857142857143,0.12380952380952381,0.38333333333333336,0.11523809523809524,0.37761904761904763,0.48535564853556484,0.4922614453426494,0.5132743362831859,0.5232351566152408,3,0,5,1,0.04,0.04,70,15,standard,3,158
2,Bully,1.1833333333333331,0.7057142857142857,1.0,0.0,0.12380952380952381,0.5819047619047619,0.12142857142857143,0.17285714285714285,0.0,1.0,0.0,1.0,3,0,5,1,0.04,0.04,70,15,standard,3,158
0,Evolved HMM 5,3.3103448275862073,0.44848806366047744,3.0,1.0,0.4227586206896551,0.025729442970822282,0.3722015915119363,0.1793103448275862,0.9949685534591195,0.5212666452106047,0.01554579249746536,0.13770053475935828,3,0,5,1,0.08,0.06,52,145,standard,6,159
1,Suspicious Tit For Tat,2.5089655172413794,0.5956233421750663,4.0,0.0,0.29856763925729446,0.29705570291777184,0.3019893899204244,0.10238726790450929,1.0,0.0,1.0,0.0,3,0,5,1,0.08,0.06,52,145,standard,6,159
2,Tit For Tat,2.484137931034483,0.5993103448275862,0.0,1.0,0.29856763925729446,0.30074270557029176,0.29716180371352785,0.10352785145888595,1.0,0.0,1.0,0.0,3,0,5,1,0.08,0.06,52,145,standard,6,159
3,Random: 0.5,2.0393103448275864,0.49283819628647213,2.0,0.5538461538461539,0.21962864721485412,0.2732095490716181,0.21917771883289125,0.28798408488063665,0.4950447903230808,0.5011785307065825,0.48452812465841016,0.4895712442195749,3,0,5,1,0.08,0.06,52,145,standard,6,159
4,Cycler DC,1.963448275862069,0.496551724137931,2.0,0.0,0.150053050397878,0.34649867374005305,0.25254641909814324,0.25090185676392573,0.0,0.0,1.0,1.0,3,0,5,1,0.08,0.06,52,145,standard,6,159
5,Anti Tit For Tat,1.7537931034482759,0.6009018567639257,0.0,1.0,0.2524403183023873,0.3484615384615385,0.14862068965517242,0.2504774535809019,0.0,1.0,0.0,1.0,3,0,5,1,0.08,0.06,52,145,standard,6,159
0,Suspicious Tit For Tat,2.169047619047619,0.4934920634920635,1.0,0.0,0.3226984126984127,0.1707936507936508,0.17317460317460318,0.3333333333333333,1.0,0.0,1.0,0.0,3,0,5,1,0.0,0.01,45,140,standard,4,160
1,Defector,2.142857142857143,0.0,2.0,0.0,0.0,0.0,0.28359788359788357,0.7164021164021164,0.0,0.0,0.0,0.0,3,0,5,1,0.0,0.01,45,140,standard,4,160
2,Alternator,2.0047619047619047,0.5,1.0,1.0,0.05772486772486773,0.4422751322751323,0.3333333333333333,0.16666666666666666,0.0,0.0,1.0,1.0,3,0,5,1,0.0,0.01,45,140,standard,4,160
3,GTFT: 0.33,1.9285714285714282,0.6705291005291005,0.0,1.0,0.38042328042328044,0.29010582010582014,0.1130687830687831,0.21640211640211643,1.0,0.3451514827272752,1.0,0.35334645669291337,3,0,5,1,0.0,0.01,45,140,standard,4,160
0,Evolved HMM 5,2.890909090909091,0.59,4.0,1.0,0.48719696969696963,0.1028030303030303,0.2545454545454545,0.15545454545454546,0.9986504723346827,0.5024792830120699,0.012345679012345678,0.2121013219368413,3,0,5,1,0.06,0.08,60,20,standard,12,161
1,Grudger,2.868181818181818,0.4185606060606061,4.0,1.0,0.3867424242424243,0.03181818181818182,0.28280303030303033,0.29863636363636364,1.0,0.0,0.0,0.0,3,0,5,1,0.06,0.08,60,20,standard,12,161
2,Meta Winner: 10 players,2.45,0.14545454545454545,8.0,1.0,0.07704545454545454,0.0684090909090909,0.3406060606060606,0.5139393939393938,0.6060334528076463,0.578544061302682,0.04911911145155113,0.0753601939071241,3,0,5,1,0.06,0.08,60,20,standard,12,161
3,Tit For Tat,2.3636363636363638,0.6268181818181818,0.0,1.0,0.46840909090909083,0.15840909090909092,0.1465909090909091,0.22659090909090907,1.0,0.0,1.0,0.0,3,0,5,1,0.06,0.08,60,20,standard,12,161
4,GTFT: 0.33,2.184090909090909,0.7630303030303031,0.0,1.0,0.5466666666666666,0.2163636363636363,0.07598484848484847,0.16098484848484848,1.0,0.3329721591117823,1.0,0.3350285551034755,3,0,5,1,0.06,0.08,60,20,standard,12,161
5,Defector,2.1818181818181817,0.0,9.0,0.0,0.0,0.0,0.29568181818181816,0.7043181818181817,0.0,0.0,0.0,0.0,3,0,5,1,0.06,0.08,60,20,standard,12,161
6,Tit For 2 Tats,2.1818181818181817,0.7667424242424242,0.0,1.0,0.5847727272727273,0.181969696969697,0.04886363636363636,0.1843939393939394,1.0,0.673469387755102,1.0,0.0,3,0,5,1,0.06,0.08,60,20,standard,12,161
7,Meta Mixer: 10 players,2.0704545454545453,0.42287878787878785,5.0,0.5606060606060606,0.20628787878787883,0.2165909090909091,0.21704545454545457,0.3600757575757576,0.5460424464907453,0.3448069711152455,0.5422984069889866,0.33112556667402315,3,0,5,1,0.06,0.08,60,20,standard,12,161
8,Suspicious Tit For Tat,2.0636363636363635,0.43772727272727274,3.0,0.0,0.3076515151515152,0.1300757575757576,0.1453030303030303,0.416969696969697,1.0,0.0,1.0,0.0,3,0,5,1,0.06,0.08,60,20,standard,12,161
9,Win-Shift Lose-Stay: D,1.9454545454545453,0.5106818181818182,4.0,0.0,0.19113636363636363,0.3195454545454546,0.2195454545454546,0.2697727272727273,0.0,1.0,1.0,0.0,3,0,5,1,0.06,0.08,60,20,standard,12,161
10,Bully,1.8204545454545453,0.5875,3.0,0.0,0.13712121212121212,0.4503787878787878,0.24833333333333332,0.16416666666666666,0.0,1.0,0.0,1.0,3,0,5,1,0.06,0.08,60,20,standard,12,161
11,Anti Tit For Tat,1.356818181818182,0.7037121212121212,2.0,1.0,0.15515151515151515,0.5485606060606061,0.14962121212121213,0.14666666666666667,0.0,1.0,0.0,1.0,3,0,5,1,0.06,0.08,60,20,standard,12,161
0,Evolved FSM 16,2.9837662337662336,0.5141831852358169,6.0,1.0,0.39136192754613797,0.1228212576896787,0.33031442241968556,0.15550239234449761,0.8725738396624472,0.5563611502376422,0.2194609936038998,0.36634010204499134,3,0,5,1,0.01,0.04,19,88,standard,15,162
1,Grudger,2.982954545454546,0.36863465481886537,6.0,1.0,0.3613294600136706,0.007305194805194807,0.31715652768284347,0.31420881749829116,1.0,0.0,0.0,0.0,3,0,5,1,0.01,0.04,19,88,standard,15,162
2,Meta Winner: 14 players,2.8441558441558437,0.034347231715652765,11.0,1.0,0.01871155160628845,0.01563568010936432,0.45334928229665067,0.5123034859876966,0.5799316842927543,0.43201556599085666,0.01901770944674052,0.02215983934452504,3,0,5,1,0.01,0.04,19,88,standard,15,162
3,Defector,2.6168831168831166,0.0,12.0,0.0,0.0,0.0,0.4038362952836637,0.5961637047163363,0.0,0.0,0.0,0.0,3,0,5,1,0.01,0.04,19,88,standard,15,162
4,Soft Joss: 0.9,2.3823051948051948,0.6794258373205742,0.0,1.0,0.49525803144224195,0.1841678058783322,0.1446514012303486,0.17592276144907723,1.0,0.09353395062551867,1.0,0.10615730306450326,3,0,5,1,0.01,0.04,19,88,standard,15,162
5,GTFT: 0.33,2.25,0.7616626794258373,0.0,1.0,0.5360987696514011,0.22556390977443608,0.09936773752563227,0.13896958304853038,1.0,0.3449915959970487,1.0,0.33241678398114016,3,0,5,1,0.01,0.04,19,88,standard,15,162
6,Suspicious Tit For Tat,2.1801948051948052,0.4978212576896787,6.0,0.0,0.3368506493506493,0.16097060833902938,0.16622522214627478,0.33595352016404645,1.0,0.0,1.0,0.0,3,0,5,1,0.01,0.04,19,88,standard,15,162
7,Tit For 2 Tats,2.137175324675325,0.7910116199589884,0.0,1.0,0.5928742310321258,0.19813738892686264,0.03669685577580314,0.1722915242652085,1.0,0.7472633174089485,1.0,0.0,3,0,5,1,0.01,0.04,19,88,standard,15,162
8,Alternator,2.116883116883117,0.5,4.0,1.0,0.2004442925495557,0.2995557074504443,0.2531185919343814,0.2468814080656186,0.0,0.0,1.0,1.0,3,0,5,1,0.01,0.04,19,88,standard,15,162
9,Cycler DC,2.116883116883117,0.5,6.0,0.0,0.19894907723855093,0.30105092276144907,0.25457108680792895,0.2454289131920711,0.0,0.0,1.0,1.0,3,0,5,1,0.01,0.04,19,88,standard,15,162
10,Win-Shift Lose-Stay: D,2.0625,0.5231971975393028,6.0,0.0,0.22445317840054682,0.298744019138756,0.22928058783321942,0.24752221462747778,0.0,1.0,1.0,0.0,3,0,5,1,0.01,0.04,19,88,standard,15,162
11,Random: 0.5,2.00974025974026,0.5001281613123718,6.0,0.4699248120300752,0.21872863978127133,0.28139952153110054,0.21603725222146278,0.28383458646616544,0.49824625161733577,0.49857654109023986,0.4979160705446041,0.5095314494206064,3,0,5,1,0.01,0.04,19,88,standard,15,162
12,Bully,2.005681818181818,0.5558356117566644,7.0,0.0,0.1789559125085441,0.37687969924812037,0.2585013670539986,0.185663021189337,0.0,1.0,0.0,1.0,3,0,5,1,0.01,0.04,19,88,standard,15,162
13,Cooperator,1.7167207792207793,1.0,0.0,1.0,0.572582023239918,0.427417976760082,0.0,0.0,1.0,1.0,0.0,0.0,3,0,5,1,0.01,0.04,19,88,standard,15,162
14,Anti Tit For Tat,1.6655844155844155,0.633544087491456,5.0,1.0,0.18459501025290498,0.4489490772385509,0.18549213943950782,0.18096377306903622,0.0,1.0,0.0,1.0,3,0,5,1,0.01,0.04,19,88,standard,15,162
0,"DoubleCrosser: (D, D)",2.509090909090909,0.5526315789473685,7.0,1.0,0.4437799043062201,0.10885167464114834,0.18516746411483254,0.26220095693779905,0.9762452107279693,0.7538888888888889,0.0,0.0,3,0,5,1,0.03,0.02,19,22,standard,11,163
1,Evolved FSM 16,2.495454545454545,0.6074162679425837,3.0,1.0,0.4490430622009569,0.15837320574162678,0.18732057416267942,0.20526315789473687,0.875,0.46783216783216786,0.1826241134751773,0.37168458781362,3,0,5,1,0.03,0.02,19,22,standard,11,163
2,Defector,2.490909090909091,0.0,10.0,0.0,0.0,0.0,0.36937799043062197,0.630622009569378,0.0,0.0,0.0,0.0,3,0,5,1,0.03,0.02,19,22,standard,11,163
3,Meta Winner: 9 players,2.3863636363636362,0.09090909090909091,9.0,1.0,0.065311004784689,0.025598086124401915,0.31961722488038274,0.5894736842105263,0.6298076923076923,0.638888888888889,0.0,0.0,3,0,5,1,0.03,0.02,19,22,standard,11,163
4,Tit For Tat,2.327272727272727,0.6260765550239235,0.0,1.0,0.4598086124401914,0.16626794258373206,0.14162679425837324,0.23229665071770336,1.0,0.0,1.0,0.0,3,0,5,1,0.03,0.02,19,22,standard,11,163
5,GTFT: 0.33,2.131818181818182,0.7447368421052631,0.0,1.0,0.5021531100478469,0.24258373205741623,0.09282296650717703,0.1624401913875598,1.0,0.3716829677612181,1.0,0.2848295132177605,3,0,5,1,0.03,0.02,19,22,standard,11,163
6,Meta Mixer: 9 players,2.1227272727272726,0.4820574162679426,5.0,0.7684210526315789,0.25717703349282295,0.22488038277511962,0.20813397129186603,0.3098086124401914,0.5736635202932747,0.4068448389941999,0.5587350960257529,0.36636588692847805,3,0,5,1,0.03,0.02,19,22,standard,11,163
7,Alternator,2.077272727272727,0.5,3.0,1.0,0.1854066985645933,0.31459330143540676,0.2555023923444976,0.2444976076555024,0.0,0.0,1.0,1.0,3,0,5,1,0.03,0.02,19,22,standard,11,163
8,Tit For 2 Tats,2.068181818181818,0.7753588516746411,0.0,1.0,0.5779904306220096,0.19736842105263158,0.024641148325358853,0.2,1.0,0.7512315270935961,1.0,0.0,3,0,5,1,0.03,0.02,19,22,standard,11,163
9,Cycler DC,2.0636363636363635,0.5,3.0,0.0,0.16985645933014354,0.33014354066985646,0.26220095693779905,0.23779904306220095,0.0,0.0,1.0,1.0,3,0,5,1,0.03,0.02,19,22,standard,11,163
10,Anti Tit For Tat,1.6045454545454547,0.6483253588516746,3.0,1.0,0.21483253588516743,0.43349282296650715,0.15574162679425835,0.195933014354067,0.0,1.0,0.0,1.0,3,0,5,1,0.03,0.02,19,22,standard,11,163
0,Evolved HMM 5,3.12111801242236,0.5360726230291448,4.0,1.0,0.4837553750597229,0.05231724796942187,0.3012422360248447,0.1626851409460105,0.9976958525345623,0.2566098076042572,0.02857142857142857,0.11837572866984632,3,0,5,1,0.04,0.03,26,23,standard,8,164
1,"DoubleCrosser: (D, D)",3.0838509316770186,0.6036789297658863,6.0,1.0,0.5038222646918299,0.09985666507405637,0.29335881509794554,0.10296225513616818,0.9774191045239389,0.7511792452830188,0.0449438202247191,0.0,3,0,5,1,0.04,0.03,26,23,standard,8,164
2,Evolved FSM 16,3.046583850931677,0.5738174868609651,3.5,1.0,0.5083612040133779,0.0654562828475872,0.27663640707118964,0.14954610606784519,0.8365956567600777,0.41304077186430127,0.17904135338345864,0.2540382359386884,3,0,5,1,0.04,0.03,26,23,standard,8,164
3,Soft Joss: 0.9,2.4937888198757765,0.7472527472527473,0.0,1.0,0.5604395604395604,0.1868131868131868,0.14094601051122788,0.11180124223602483,1.0,0.11084487499310491,1.0,0.10685917893977613,3,0,5,1,0.04,0.03,26,23,standard,8,164
4,Meta Mixer: 6 players,2.2888198757763973,0.49569995222169133,4.0,1.0,0.2861920688007645,0.2095078834209269,0.22455805064500714,0.27974199713330145,0.5398235940172623,0.44871174557579635,0.5072465410814981,0.4032440912319378,3,0,5,1,0.04,0.03,26,23,standard,8,164
5,Meta Winner: 6 players,2.012422360248447,0.5281892021022456,3.0,1.0,0.1930243669374104,0.33516483516483514,0.24056378404204495,0.2312470138557095,0.6715254114719613,0.78629974559546,0.1348626982309093,0.5056269857619674,3,0,5,1,0.04,0.03,26,23,standard,8,164
6,Alternator,1.6956521739130435,0.5217391304347826,1.0,1.0,0.1978021978021978,0.32393693263258483,0.1543239369326326,0.32393693263258483,0.0,0.0,1.0,1.0,3,0,5,1,0.04,0.03,26,23,standard,8,164
7,Anti Tit For Tat,1.4347826086956523,0.6844242713807931,1.0,1.0,0.18107978977544195,0.5033444816053512,0.14476827520305782,0.17080745341614906,0.0,1.0,0.0,1.0,3,0,5,1,0.04,0.03,26,23,standard,8,164
0,Evolved FSM 16,3.319302721088435,0.5745530770447714,6.0,1.0,0.5353978800822655,0.039155196962505925,0.3215669988925803,0.10387992406264832,0.8656335382994005,0.5461821272139927,0.2299105580165599,0.061161793465425884,3,0,5,1,0.04,0.01,86,84,standard,15,165
1,"DoubleCrosser: (D, D)",3.313775510204082,0.6051158835627274,13.0,1.0,0.5812371460211992,0.02387873754152824,0.29345633602278115,0.10142778041449137,0.9921535862950428,0.7838963171475487,0.03745318352059925,0.0,3,0,5,1,0.04,0.01,86,84,standard,15,165
2,Grudger,3.231292517006803,0.5101843062806518,6.0,1.0,0.5033815851922164,0.006802721088435374,0.3082384116437273,0.18157728207562096,1.0,0.0,0.0,0.0,3,0,5,1,0.04,0.01,86,84,standard,15,165
3,Tit For Tat,2.6815476190476195,0.7616674576807467,0.0,1.0,0.5942493276380318,0.16741813004271475,0.16485722195855088,0.07347532036070244,1.0,0.0,1.0,0.0,3,0,5,1,0.04,0.01,86,84,standard,15,165
4,Soft Joss: 0.9,2.6679421768707483,0.8087327954437589,0.0,1.0,0.6615349628223383,0.14719783262142067,0.12339819648789747,0.0678690080683436,1.0,0.0984475037753969,1.0,0.09531936450678619,3,0,5,1,0.04,0.01,86,84,standard,15,165
5,Win-Stay Lose-Shift,2.6590136054421767,0.725874070558456,2.0,1.0,0.5980659705742762,0.12780809998417972,0.14799873437747194,0.12612719506407213,1.0,0.0,0.0,1.0,3,0,5,1,0.04,0.01,86,84,standard,15,165
6,Tit For 2 Tats,2.4511054421768708,0.9134729473184623,0.0,1.0,0.7317967884828349,0.1816761588356272,0.042734535674734994,0.043792517006802714,1.0,0.8003604311809118,1.0,0.0,3,0,5,1,0.04,0.01,86,84,standard,15,165
7,Suspicious Tit For Tat,2.328231292517007,0.5569431260876444,5.0,0.0,0.35876443600696095,0.19817869008068342,0.20222274956494224,0.2408341243474134,1.0,0.0,1.0,0.0,3,0,5,1,0.04,0.01,86,84,standard,15,165
8,Alternator,2.2006802721088436,0.5,5.0,1.0,0.225656541686442,0.274343458313558,0.2552701313083373,0.24472986869166272,0.0,0.0,1.0,1.0,3,0,5,1,0.04,0.01,86,84,standard,15,165
9,Bully,2.1985544217687076,0.5186679322891947,7.0,0.0,0.18488965353583295,0.33377827875336186,0.29083610188261355,0.19049596582819175,0.0,1.0,0.0,1.0,3,0,5,1,0.04,0.01,86,84,standard,15,165
10,Meta Mixer: 14 players,2.191751700680272,0.49820044296788485,8.0,0.7458471760797342,0.267313320677108,0.2308871222907768,0.2234911406423034,0.27830841638981174,0.5807971640623721,0.42490764814143656,0.5744105327344418,0.4136645767019376,3,0,5,1,0.04,0.01,86,84,standard,15,165
11,Cooperator,2.188775510204082,1.0,0.0,1.0,0.7298884670147129,0.2701115329852871,0.0,0.0,1.0,1.0,0.0,0.0,3,0,5,1,0.04,0.01,86,84,standard,15,165
12,Random: 0.5,2.118622448979592,0.499031007751938,6.0,0.5116279069767442,0.23188577756684067,0.2671452301850973,0.2309167853187787,0.27005220692928333,0.4946639192274266,0.5006586433318961,0.4935023762326921,0.5000946290172434,3,0,5,1,0.04,0.01,86,84,standard,15,165
13,Win-Shift Lose-Stay: D,1.9732142857142856,0.5982142857142857,6.0,0.0,0.22204753994621104,0.3761667457680747,0.22690238886252173,0.17488332542319254,0.0,1.0,1.0,0.0,3,0,5,1,0.04,0.01,86,84,standard,15,165
14,Anti Tit For Tat,1.8448129251700678,0.5947535991140642,5.0,1.0,0.19119799082423666,0.40355560828982756,0.21621381110583768,0.18903258978009804,0.0,1.0,0.0,1.0,3,0,5,1,0.04,0.01,86,84,standard,15,165
0,Grudger,3.2,0.5469422911283376,6.0,1.0,0.5345391903531438,0.012403100775193798,0.28630490956072346,0.16675279931093887,1.0,0.0,0.0,0.0,3,0,5,1,0.03,0.05,18,43,standard,16,166
1,Evolved HMM 5,3.148062015503876,0.5883720930232558,6.0,1.0,0.544702842377261,0.04366925064599483,0.2748492678725237,0.13677863910422047,1.0,0.39577512234044004,0.013513513513513514,0.17109175800523196,3,0,5,1,0.03,0.05,18,43,standard,16,166
2,Evolved FSM 16,3.112403100775194,0.6138673557278208,6.0,1.0,0.5496985357450473,0.06416881998277346,0.2701119724375538,0.1160206718346253,0.9044444444444445,0.47036082474226804,0.06622857561651174,0.2765298305695746,3,0,5,1,0.03,0.05,18,43,standard,16,166
3,"DoubleCrosser: (D, D)",3.1069767441860465,0.5785529715762274,14.0,1.0,0.5343669250645995,0.04418604651162791,0.2703703703703704,0.15107665805340226,0.9842364713239894,0.7486772486772486,0.013333333333333334,0.0,3,0,5,1,0.03,0.05,18,43,standard,16,166
4,Defector,2.7488372093023252,0.0,14.0,0.0,0.0,0.0,0.43531438415159346,0.5646856158484065,0.0,0.0,0.0,0.0,3,0,5,1,0.03,0.05,18,43,standard,16,166
5,Tit For Tat,2.6015503875968995,0.7459948320413436,0.0,1.0,0.6022394487510766,0.14375538329026702,0.1351421188630491,0.11886304909560724,1.0,0.0,1.0,0.0,3,0,5,1,0.03,0.05,18,43,standard,16,166
6,Win-Stay Lose-Shift,2.5751937984496123,0.757192075796727,1.0,1.0,0.6232558139534884,0.1339362618432386,0.11584840654608096,0.12695951765719207,1.0,0.0,0.0,1.0,3,0,5,1,0.03,0.05,18,43,standard,16,166
7,GTFT: 0.33,2.4410852713178297,0.8232558139534883,0.0,1.0,0.6323858742463394,0.190869939707149,0.09173126614987082,0.08501291989664082,1.0,0.32952969018639044,1.0,0.32932871186677903,3,0,5,1,0.03,0.05,18,43,standard,16,166
8,Tit For 2 Tats,2.3069767441860467,0.870198105081826,0.0,1.0,0.6811369509043926,0.18906115417743324,0.03324720068906115,0.09655469422911285,1.0,0.7746496249506514,1.0,0.0,3,0,5,1,0.03,0.05,18,43,standard,16,166
9,Cycler DC,2.0612403100775194,0.4883720930232558,7.0,0.0,0.19655469422911284,0.291817398794143,0.23962101636520244,0.2720068906115418,0.0,0.0,1.0,1.0,3,0,5,1,0.03,0.05,18,43,standard,16,166
10,Random: 0.5,2.0372093023255813,0.5045650301464255,6.0,0.4962962962962963,0.2243755383290267,0.2801894918173988,0.2194659776055125,0.275968992248062,0.49007658945213983,0.5038211323084038,0.513598246344453,0.5044717926568054,3,0,5,1,0.03,0.05,18,43,standard,16,166
11,Alternator,2.036434108527132,0.5116279069767442,3.0,1.0,0.21524547803617575,0.2963824289405685,0.22549526270456505,0.26287683031869075,0.0,0.0,1.0,1.0,3,0,5,1,0.03,0.05,18,43,standard,16,166
12,Cooperator,1.9953488372093025,1.0,0.0,1.0,0.6650301464254953,0.3349698535745047,0.0,0.0,1.0,1.0,0.0,0.0,3,0,5,1,0.03,0.05,18,43,standard,16,166
13,Bully,1.9736434108527132,0.5593453919035314,7.0,0.0,0.16813092161929372,0.3912144702842377,0.2571920757967269,0.1834625322997416,0.0,1.0,0.0,1.0,3,0,5,1,0.03,0.05,18,43,standard,16,166
14,Win-Shift Lose-Stay: D,1.9418604651162792,0.6102497846683893,6.0,0.0,0.21214470284237727,0.39810508182601206,0.22937123169681312,0.16037898363479758,0.0,1.0,1.0,0.0,3,0,5,1,0.03,0.05,18,43,standard,16,166
15,Anti Tit For Tat,1.6534883720930231,0.6386735572782084,6.0,1.0,0.18449612403100774,0.45417743324720067,0.18484065460809646,0.17648578811369509,0.0,1.0,0.0,1.0,3,0,5,1,0.03,0.05,18,43,standard,16,166
0,"DoubleCrosser: (D, D)",2.8001700680272106,0.5963941756477872,9.0,1.0,0.5785370327906444,0.017857142857142856,0.1651475196820301,0.2384583046701826,0.9926973684210527,0.7916666666666666,0.0,0.0,3,0,5,1,0.0,0.04,89,98,standard,13,167
1,Grudger,2.6624149659863945,0.5068027210884354,3.0,1.0,0.5008503401360543,0.005952380952380952,0.16627493694106854,0.3269223419704961,1.0,0.0,0.0,0.0,3,0,5,1,0.0,0.04,89,98,standard,13,167
2,Tit For Tat,2.4549319727891157,0.6702782236490101,0.0,1.0,0.5413991439272338,0.12887907972177634,0.12507643506840938,0.20464534128258044,1.0,0.0,1.0,0.0,3,0,5,1,0.0,0.04,89,98,standard,13,167
3,Soft Joss: 0.9,2.44812925170068,0.730423068103646,0.0,1.0,0.6146239394634258,0.11579912864022014,0.0834097684017427,0.18616716349461135,1.0,0.10322975151345253,1.0,0.09597284456843974,3,0,5,1,0.0,0.04,89,98,standard,13,167
4,GTFT: 0.33,2.352891156462585,0.8009726362455094,0.0,1.0,0.6408602766949477,0.16011235955056183,0.05738362760834672,0.14164373614614387,1.0,0.3351853182503163,1.0,0.33346442817833044,3,0,5,1,0.0,0.04,89,98,standard,13,167
5,Defector,2.3367346938775513,0.0,11.0,0.0,0.0,0.0,0.33463272949629286,0.6653672705037071,0.0,0.0,0.0,0.0,3,0,5,1,0.0,0.04,89,98,standard,13,167
6,Meta Winner: 12 players,2.3316326530612246,0.03100397462355729,9.0,1.0,0.019070549568141863,0.011933425055415425,0.32625353512191396,0.6427424902545288,0.4806217832521215,0.37445796496504646,0.015034686458385831,0.00990482676259924,3,0,5,1,0.0,0.04,89,98,standard,13,167
7,Win-Stay Lose-Shift,2.2363945578231292,0.7514618206833296,0.0,1.0,0.5699954138958955,0.1814664067874341,0.06999541389589543,0.17854276542077505,1.0,0.0,0.0,1.0,3,0,5,1,0.0,0.04,89,98,standard,13,167
8,Suspicious Tit For Tat,2.214285714285714,0.5150577084766491,5.0,0.0,0.3508656271497363,0.1641920813269128,0.16885462049988534,0.3160876710234656,1.0,0.0,1.0,0.0,3,0,5,1,0.0,0.04,89,98,standard,13,167
9,Cooperator,2.002551020408163,1.0,0.0,1.0,0.6665042421462967,0.3334957578537033,0.0,0.0,1.0,1.0,0.0,0.0,3,0,5,1,0.0,0.04,89,98,standard,13,167
10,Cycler DC,1.9600340136054422,0.5,3.0,0.0,0.14653558052434457,0.3534644194756555,0.25471031109072845,0.24528968890927152,0.0,0.0,1.0,1.0,3,0,5,1,0.0,0.04,89,98,standard,13,167
11,Random: 0.5,1.9175170068027212,0.5008981120538103,5.0,0.5046816479400749,0.20362302224260487,0.2972750898112054,0.20180768936788196,0.29729419857830774,0.4940218628663434,0.5001733402593913,0.4946282826214135,0.5074780242548065,3,0,5,1,0.0,0.04,89,98,standard,13,167
12,Bully,1.858843537414966,0.5880723075747153,5.0,0.0,0.1716636092639303,0.4164086983107849,0.23328938316899792,0.17863830925628676,0.0,1.0,0.0,1.0,3,0,5,1,0.0,0.04,89,98,standard,13,167
0,"DoubleCrosser: (D, D)",3.0526885600866116,0.49283026093873133,14.0,1.0,0.476914692257271,0.015915568681460313,0.2775613312809786,0.22960840778029,0.9962505658547255,0.7695938209499098,0.020867948612622398,0.0,3,0,5,1,0.1,0.03,98,163,standard,18,168
1,Evolved HMM 5,3.0063154095994227,0.5402786881623816,7.0,1.0,0.4849203485075011,0.05535833965488037,0.27288093151370985,0.18684038032390873,0.9966717421546892,0.4840357397876775,0.015297244971911012,0.19663092064663035,3,0,5,1,0.1,0.03,98,163,standard,18,168
2,Grudger,2.9678816311800795,0.4177339647515448,7.0,1.0,0.4137642787176221,0.003969686033922772,0.2861598627180934,0.29610617253036187,1.0,0.0,0.0,0.0,3,0,5,1,0.1,0.03,98,163,standard,18,168
3,Meta Winner: 16 players,2.6551786358715264,0.01882470779722932,14.0,1.0,0.011054728639922228,0.007769979157307096,0.4046759808217766,0.5764993113809942,0.5506746740797727,0.3821661491561914,0.013960398103062313,0.006823704546425424,3,0,5,1,0.1,0.03,98,163,standard,18,168
4,Tit For Tat,2.47004691447131,0.656441717791411,0.0,1.0,0.4876343175306932,0.1688074002607178,0.16593508569071802,0.17762319651787095,1.0,0.0,1.0,0.0,3,0,5,1,0.1,0.03,98,163,standard,18,168
5,Defector,2.4355828220858893,0.0,15.0,0.0,0.0,0.0,0.3579529971497801,0.6420470028502199,0.0,0.0,0.0,0.0,3,0,5,1,0.1,0.03,98,163,standard,18,168
6,Win-Stay Lose-Shift,2.3818116203536626,0.6877462641498318,2.0,1.0,0.5090072838951532,0.17873898025467858,0.13570213361418187,0.1765516022359864,1.0,0.0,0.0,1.0,3,0,5,1,0.1,0.03,98,163,standard,18,168
7,GTFT: 0.33,2.3206423673763985,0.7817298698620553,0.0,1.0,0.5770921865678789,0.20463768329417653,0.09248852915399287,0.12578160098395186,1.0,0.3210208170659798,1.0,0.3382544959213391,3,0,5,1,0.1,0.03,98,163,standard,18,168
8,Tit For 2 Tats,2.2201371346084446,0.8097938561927839,0.0,1.0,0.6272361705418364,0.18255768565094746,0.03731799468253559,0.15288814912468054,1.0,0.7607114328344576,1.0,0.0,3,0,5,1,0.1,0.03,98,163,standard,18,168
9,Suspicious Tit For Tat,2.207145434861061,0.5136508591166528,9.0,0.0,0.346559482688781,0.16709137642787178,0.17033561891014073,0.3160135219732064,1.0,0.0,1.0,0.0,3,0,5,1,0.1,0.03,98,163,standard,18,168
10,Meta Mixer: 16 players,2.0517863587152654,0.45792059154950326,9.0,0.648859543817527,0.21562981020629107,0.24229078134321214,0.21832536695659857,0.32375404149389825,0.5404468728501592,0.4154705721738334,0.5356430536754215,0.4074603479135143,3,0,5,1,0.1,0.03,98,163,standard,18,168
11,Cycler DC,2.014254781667268,0.49693251533742333,7.0,0.0,0.184630907577755,0.3123016077596683,0.23914596513452005,0.26392151952805665,0.0,0.0,1.0,1.0,3,0,5,1,0.1,0.03,98,163,standard,18,168
12,Alternator,2.0068567304222302,0.5030674846625767,3.0,1.0,0.18846066033775477,0.3146068243248219,0.2362257786550203,0.260706736682403,0.0,0.0,1.0,1.0,3,0,5,1,0.1,0.03,98,163,standard,18,168
13,Random: 0.5,1.9687838325514253,0.4988032022625001,7.0,0.4843937575030012,0.20938436724383003,0.28941883501867005,0.21094941043902224,0.2902473872984777,0.499566587829826,0.49766630315298044,0.49571391478068016,0.501525857345774,3,0,5,1,0.1,0.03,98,163,standard,18,168
14,Bully,1.9426199927823888,0.5721540149802252,7.0,0.0,0.18148240891448605,0.39067160606573925,0.2426185198005582,0.18522746521921654,0.0,1.0,0.0,1.0,3,0,5,1,0.1,0.03,98,163,standard,18,168
15,Cooperator,1.885961746661855,1.0,0.0,1.0,0.6287975312824517,0.37120246871754836,0.0,0.0,1.0,1.0,0.0,0.0,3,0,5,1,0.1,0.03,98,163,standard,18,168
16,Win-Shift Lose-Stay: D,1.8213641284734754,0.5750373769139557,7.0,0.0,0.1975931476885232,0.3774442292254325,0.2017432739967152,0.22321934908932897,0.0,1.0,1.0,0.0,3,0,5,1,0.1,0.03,98,163,standard,18,168
17,Anti Tit For Tat,1.6477805846264886,0.6347557427879127,6.0,1.0,0.18492182148933195,0.4498339212985808,0.18259819265129365,0.18264606456079366,0.0,1.0,0.0,1.0,3,0,5,1,0.1,0.03,98,163,standard,18,168
0,Evolved HMM 5,3.148148148148148,0.6424414210128496,7.0,1.0,0.5832577475434618,0.05918367346938774,0.259750566893424,0.09780801209372636,0.9987734487734488,0.4813248421613286,0.012496999184323739,0.1469834877387972,3,0,5,1,0.02,0.08,98,18,standard,16,169
1,Grudger,3.1185185185185187,0.5211640211640212,7.0,1.0,0.4915721844293273,0.029591836734693882,0.291156462585034,0.1876795162509448,1.0,0.0,0.0,0.0,3,0,5,1,0.02,0.08,98,18,standard,16,169
2,Meta Winner: 14 players,2.718518518518519,0.36398337112622825,11.0,1.0,0.19572940287226,0.16825396825396824,0.3707482993197279,0.26526832955404384,0.4864955446484744,0.7462570517821334,0.07716217386035808,0.39971641306962447,3,0,5,1,0.02,0.08,98,18,standard,16,169
3,Tit For Tat,2.6370370370370373,0.7563869992441421,0.0,1.0,0.5808767951625095,0.17551020408163265,0.16114890400604687,0.08246409674981105,1.0,0.0,1.0,0.0,3,0,5,1,0.02,0.08,98,18,standard,16,169
4,Soft Joss: 0.9,2.590740740740741,0.7857520786092215,0.0,1.0,0.6107331821617535,0.17501889644746788,0.13733938019652303,0.07690854119425547,1.0,0.09649106295385715,1.0,0.11212971897885746,3,0,5,1,0.02,0.08,98,18,standard,16,169
5,Win-Stay Lose-Shift,2.587037037037037,0.7301587301587301,2.0,1.0,0.5882842025699169,0.14187452758881328,0.13979591836734695,0.13004535147392288,1.0,0.0,0.0,1.0,3,0,5,1,0.02,0.08,98,18,standard,16,169
6,GTFT: 0.33,2.5148148148148146,0.8415721844293272,0.0,1.0,0.6584656084656084,0.18310657596371882,0.0936130007558579,0.06481481481481481,1.0,0.33001372809399465,1.0,0.32674291004938893,3,0,5,1,0.02,0.08,98,18,standard,16,169
7,Tit For 2 Tats,2.3962962962962964,0.9093726379440665,0.0,1.0,0.7102418745275888,0.1991307634164777,0.04395313681027967,0.046674225245653816,1.0,0.7573163051487519,1.0,0.0,3,0,5,1,0.02,0.08,98,18,standard,16,169
8,Bully,2.3685185185185187,0.46534391534391534,8.0,0.0,0.18382464096749812,0.2815192743764173,0.32101284958427817,0.21364323507180646,0.0,1.0,0.0,1.0,3,0,5,1,0.02,0.08,98,18,standard,16,169
9,Suspicious Tit For Tat,2.351851851851852,0.5208616780045352,9.0,0.0,0.3368480725623583,0.18401360544217685,0.21655328798185935,0.26258503401360545,1.0,0.0,1.0,0.0,3,0,5,1,0.02,0.08,98,18,standard,16,169
10,Meta Mixer: 14 players,2.35,0.5649281934996221,7.0,0.673469387755102,0.33964474678760387,0.22528344671201814,0.22377173091458805,0.21130007558578986,0.6566149567099399,0.4337644411469398,0.6400804228404026,0.4372873661839273,3,0,5,1,0.02,0.08,98,18,standard,16,169
11,Cycler DC,2.3351851851851855,0.5,5.0,0.0,0.2216175359032502,0.2783824640967498,0.2924792139077853,0.20752078609221464,0.0,0.0,1.0,1.0,3,0,5,1,0.02,0.08,98,18,standard,16,169
12,Random: 0.5,2.303703703703704,0.500907029478458,7.0,0.5210884353741496,0.2574829931972789,0.24342403628117915,0.26065759637188207,0.23843537414965982,0.49147227929628134,0.4981934441155193,0.509774894141984,0.502174522759143,3,0,5,1,0.02,0.08,98,18,standard,16,169
13,Win-Shift Lose-Stay: D,2.2037037037037037,0.5708994708994709,7.0,0.0,0.23851095993953134,0.3323885109599395,0.2639455782312925,0.1651549508692366,0.0,1.0,1.0,0.0,3,0,5,1,0.02,0.08,98,18,standard,16,169
14,Anti Tit For Tat,2.098148148148148,0.5588057445200303,7.0,1.0,0.2202947845804988,0.3385109599395314,0.24879062736205595,0.19240362811791384,0.0,1.0,0.0,1.0,3,0,5,1,0.02,0.08,98,18,standard,16,169
15,Cooperator,2.066666666666667,1.0,0.0,1.0,0.6904761904761904,0.30952380952380953,0.0,0.0,1.0,1.0,0.0,0.0,3,0,5,1,0.02,0.08,98,18,standard,16,169
0,"DoubleCrosser: (D, D)",3.0248538011695905,0.5502247682698811,16.0,1.0,0.5308708278633092,0.019353940406571984,0.24572840832239326,0.20404682340772567,0.9943536998647104,0.7708130191404841,0.01373336741252866,0.0,3,0,5,1,0.05,0.09,98,108,standard,20,170
1,Evolved HMM 5,3.000730994152047,0.5922494728885707,7.0,1.0,0.5409555635119545,0.05129390937661613,0.2416855631141345,0.16606496399729484,0.9983898882385462,0.47793283471316456,0.014691825859541992,0.195529677977771,3,0,5,1,0.05,0.09,98,108,standard,20,170
2,Grudger,2.963450292397661,0.48172017344949675,7.0,1.0,0.47635954966782046,0.005360623781676413,0.25430640092294227,0.26397342562756093,1.0,0.0,0.0,0.0,3,0,5,1,0.05,0.09,98,108,standard,20,170
3,Evolved FSM 16,2.960038986354776,0.5954469507101086,7.0,1.0,0.500641484664041,0.09480546604606753,0.2635308509368659,0.14102219835302537,0.8944506197932232,0.5327531875092509,0.17241489753488776,0.3260521568970485,3,0,5,1,0.05,0.09,98,108,standard,20,170
4,Meta Winner: 18 players,2.639132553606238,0.028588335919162988,16.0,1.0,0.017220630942435457,0.011367704976727533,0.4004206945936269,0.5709909694872101,0.5442428431258347,0.3830869722641123,0.0116544506387109,0.013141811390555763,3,0,5,1,0.05,0.09,98,108,standard,20,170
5,Tit For Tat,2.5280214424951266,0.6935891315590563,0.0,1.0,0.5427457532720691,0.15084337828698732,0.1483470581214942,0.1580638103194494,1.0,0.0,1.0,0.0,3,0,5,1,0.05,0.09,98,108,standard,20,170
6,Soft Joss: 0.9,2.4987816764132553,0.7409048414687512,0.0,1.0,0.5945369375820503,0.14636790388670087,0.11403508771929827,0.14506007081195052,1.0,0.09374596168384897,1.0,0.10106668323148087,3,0,5,1,0.05,0.09,98,108,standard,20,170
7,Defector,2.4463937621832357,0.0,17.0,0.0,0.0,0.0,0.3613199665831245,0.6386800334168755,0.0,0.0,0.0,0.0,3,0,5,1,0.05,0.09,98,108,standard,20,170
8,Win-Stay Lose-Shift,2.4461500974658867,0.7208795799021362,2.0,1.0,0.5613935632732625,0.15948601662887377,0.12089748179973743,0.15822293829812625,1.0,0.0,0.0,1.0,3,0,5,1,0.05,0.09,98,108,standard,20,170
9,GTFT: 0.33,2.3937621832358675,0.8044814416994868,0.0,1.0,0.620688626327724,0.18379281537176273,0.08357699805068225,0.11194156024983093,1.0,0.3323785729579786,1.0,0.33206031117440243,3,0,5,1,0.05,0.09,98,108,standard,20,170
10,Tit For 2 Tats,2.30458089668616,0.8328907586426384,0.0,1.0,0.6683922106854436,0.16449854795719454,0.032894736842105254,0.13421450451525638,1.0,0.7619993660369037,1.0,0.0,3,0,5,1,0.05,0.09,98,108,standard,20,170
11,Suspicious Tit For Tat,2.2694931773879143,0.5411693917333015,8.0,0.0,0.36898794605561525,0.1721814456776863,0.17604527190993358,0.282785336356765,1.0,0.0,1.0,0.0,3,0,5,1,0.05,0.09,98,108,standard,20,170
12,Meta Mixer: 18 players,2.0328947368421053,0.4503520706528225,11.0,0.6938775510204082,0.20980526713609418,0.2405468035167283,0.21493714444842266,0.3347107848987548,0.5603763155022333,0.38412280826185097,0.5470814011982604,0.3773525041846398,3,0,5,1,0.05,0.09,98,108,standard,20,170
13,Cooperator,2.008771929824561,1.0,0.0,1.0,0.6691530413334925,0.33084695866650754,0.0,0.0,1.0,1.0,0.0,0.0,3,0,5,1,0.05,0.09,98,108,standard,20,170
14,Alternator,1.9836744639376218,0.5,6.0,1.0,0.17260412937104663,0.32739587062895337,0.2410739149460954,0.2589260850539046,0.0,0.0,1.0,1.0,3,0,5,1,0.05,0.09,98,108,standard,20,170
15,Cycler DC,1.9775828460038987,0.5,6.0,0.0,0.16947129729084612,0.33052870270915385,0.24207343756215938,0.25792656243784057,0.0,0.0,1.0,1.0,3,0,5,1,0.05,0.09,98,108,standard,20,170
16,Random: 0.5,1.9454191033138402,0.5026455026455027,8.0,0.4897959183673469,0.20786092214663646,0.29478458049886624,0.20663762581055817,0.29071687154393916,0.5076543827495312,0.5009535542422764,0.5000535467227402,0.502472392979292,3,0,5,1,0.05,0.09,98,108,standard,20,170
17,Bully,1.873781676413255,0.5864960019095358,7.0,0.0,0.1755380514779011,0.4109579504316347,0.23312248876158653,0.18038150932887778,0.0,1.0,0.0,1.0,3,0,5,1,0.05,0.09,98,108,standard,20,170
18,Win-Shift Lose-Stay: D,1.7894736842105263,0.5995892509050403,7.0,0.0,0.1965031626685762,0.40308608823646414,0.20055098062616858,0.19985976846879103,0.0,1.0,1.0,0.0,3,0,5,1,0.05,0.09,98,108,standard,20,170
19,Anti Tit For Tat,1.612085769980507,0.6430311890838206,5.0,1.0,0.18022735409953455,0.46280383498428607,0.17911843099813024,0.1778503799180491,0.0,1.0,0.0,1.0,3,0,5,1,0.05,0.09,98,108,standard,20,170
0,Grudger,2.7643549589858316,0.34162823026854844,4.0,1.0,0.3371539573378997,0.0044742729306487695,0.27390651899724733,0.3844652507342043,1.0,0.0,0.0,0.0,3,0,5,1,0.02,0.07,81,149,standard,10,171
1,Tit For Tat,2.27889634601044,0.5602323675900609,0.0,1.0,0.39208808609753176,0.16814428149252905,0.16560333637141988,0.2741642960385193,1.0,0.0,1.0,0.0,3,0,5,1,0.02,0.07,81,149,standard,10,171
2,Soft Joss: 0.9,2.209545115585384,0.6007770136529769,0.0,1.0,0.40450741569309806,0.19626959795987886,0.14920687528194365,0.2500161110650795,1.0,0.09852886478544425,1.0,0.0991560690445856,3,0,5,1,0.02,0.07,81,149,standard,10,171
3,Defector,2.1812080536912752,0.0,9.0,0.0,0.0,0.0,0.29501661741283913,0.7049833825871609,0.0,0.0,0.0,0.0,3,0,5,1,0.02,0.07,81,149,standard,10,171
4,Meta Winner: 9 players,2.164056674123788,0.01503392529989597,8.0,1.0,0.009666639047697958,0.00536728625219801,0.2872096555914602,0.6977564191086437,0.5461451045113008,0.4407269236922093,0.02457689847971036,0.010978245221713506,3,0,5,1,0.02,0.07,81,149,standard,10,171
5,Tit For 2 Tats,1.9619686800894856,0.7107465407241693,0.0,1.0,0.5108496515406782,0.19989688918349122,0.03518656613362057,0.2540668931422101,1.0,0.6946042334146721,1.0,0.0,3,0,5,1,0.02,0.07,81,149,standard,10,171
6,Cycler DC,1.9537658463832959,0.4966442953020134,6.0,0.0,0.14441038104970494,0.3522339142523085,0.2538827666841587,0.24947293801382792,0.0,0.0,1.0,1.0,3,0,5,1,0.02,0.07,81,149,standard,10,171
7,Alternator,1.9455630126771066,0.5033557046979866,3.0,1.0,0.14896751088647686,0.35438819381150977,0.25055007779342847,0.24609421750858487,0.0,0.0,1.0,1.0,3,0,5,1,0.02,0.07,81,149,standard,10,171
8,Random: 0.5,1.7926920208799406,0.5029598328131761,4.0,0.4897119341563786,0.18701724344279652,0.31594258937037956,0.18297566768856852,0.3140644994982555,0.4967167780585447,0.5027989111969613,0.5012181020274096,0.5005868932264216,3,0,5,1,0.02,0.07,81,149,standard,10,171
9,Anti Tit For Tat,1.5421327367636093,0.6495705250365952,3.0,1.0,0.21930381786210765,0.43026670717448734,0.13344565047274468,0.21698382449066014,0.0,1.0,0.0,1.0,3,0,5,1,0.02,0.07,81,149,standard,10,171
0,Win-Stay Lose-Shift,3.1604278074866308,0.7237076648841355,1.0,1.0,0.6666666666666666,0.05704099821746881,0.22103386809269163,0.05525846702317291,1.0,0.0,0.0,1.0,3,0,5,1,0.04,0.1,24,187,standard,7,172
1,Grudger,2.998217468805704,0.6684491978609626,1.0,1.0,0.6666666666666666,0.0017825311942959,0.16666666666666666,0.16488413547237077,1.0,0.0,0.0,0.0,3,0,5,1,0.04,0.1,24,187,standard,7,172
2,Soft Joss: 0.9,2.918449197860962,0.94058229352347,0.0,1.0,0.8736259655377303,0.06695632798573975,0.059417706476530004,0.0,1.0,0.10378032524660091,1.0,0.0,3,0,5,1,0.04,0.1,24,187,standard,7,172
3,GTFT: 0.33,2.8877005347593587,0.958407605466429,0.0,1.0,0.8931966726084372,0.06521093285799166,0.041592394533571,0.0,1.0,0.4128752385910116,1.0,0.0,3,0,5,1,0.04,0.1,24,187,standard,7,172
4,Tit For Tat,2.8565062388591804,0.8618538324420677,0.0,1.0,0.7219251336898396,0.13992869875222816,0.13814616755793224,0.0,1.0,0.0,1.0,0.0,3,0,5,1,0.04,0.1,24,187,standard,7,172
5,Suspicious Tit For Tat,2.086452762923351,0.461489898989899,4.0,0.0,0.3133541295306001,0.14813576945929888,0.15170083184789068,0.3868092691622103,1.0,0.0,1.0,0.0,3,0,5,1,0.04,0.1,24,187,standard,7,172
6,Win-Shift Lose-Stay: D,1.5877896613190732,0.6541146761734997,3.0,0.0,0.175393642305407,0.4787210338680927,0.17921865715983362,0.16666666666666666,0.0,1.0,1.0,0.0,3,0,5,1,0.04,0.1,24,187,standard,7,172
0,Defector,2.9511494252873565,0.0,12.0,0.0,0.0,0.0,0.4873882503192848,0.5126117496807152,0.0,0.0,0.0,0.0,3,0,5,1,0.03,0.01,99,116,standard,13,173
1,"DoubleCrosser: (D, D)",2.9454022988505746,0.525564553581795,10.0,1.0,0.5051303262510158,0.020434227330779053,0.23764222686636483,0.23679321955184027,0.9946599781544562,0.7410287081339714,0.034278180619644036,0.0,3,0,5,1,0.03,0.01,99,116,standard,13,173
2,Meta Winner: 11 players,2.9166666666666665,0.016522988505747127,11.0,1.0,0.009825264135608964,0.006697724370138164,0.4762785905027284,0.5071984209915245,0.0,0.43781094527363185,0.0,0.06859692738548362,3,0,5,1,0.03,0.01,99,116,standard,13,173
3,Evolved HMM 5,2.8908045977011496,0.5758664228491814,4.0,1.0,0.5095495181702079,0.06631690467897365,0.23473238128410542,0.1894011958667131,0.9977777777777778,0.40099457252355514,0.011448598130841122,0.20635995261821974,3,0,5,1,0.03,0.01,99,116,standard,13,173
4,Evolved FSM 16,2.8570402298850577,0.6195286195286195,4.0,1.0,0.5064364913502845,0.11309212817833507,0.23849123418088936,0.1419801462904911,0.8957062146892655,0.4516472578487686,0.026702413884573117,0.46468739593739594,3,0,5,1,0.03,0.01,99,116,standard,13,173
5,Tit For 2 Tats,2.242816091954023,0.7522059677232091,0.0,1.0,0.6070619993033787,0.1451439684198305,0.04364042726111692,0.20415360501567398,1.0,0.6675139806812405,1.0,0.0,3,0,5,1,0.03,0.01,99,116,standard,13,173
6,GTFT: 0.33,2.24066091954023,0.7657320329734123,0.0,1.0,0.5776007198420992,0.18813131313131315,0.0686026936026936,0.16566527342389412,1.0,0.33310549681354107,1.0,0.3304465329550565,3,0,5,1,0.03,0.01,99,116,standard,13,173
7,Win-Stay Lose-Shift,2.1652298850574714,0.7792000464414257,0.0,1.0,0.5960902124695228,0.18310983397190292,0.03875682108440729,0.18204313247416695,1.0,0.0,0.0,1.0,3,0,5,1,0.03,0.01,99,116,standard,13,173
8,Meta Mixer: 11 players,1.9655172413793103,0.4856466968535934,7.0,0.813973063973064,0.2203718216649251,0.2652748751886683,0.20117845117845123,0.31317485196795547,0.4889150368308174,0.47679867394216285,0.47088622782888945,0.4976803117825251,3,0,5,1,0.03,0.01,99,116,standard,13,173
9,Bully,1.9102011494252873,0.5879121676535469,6.0,0.0,0.12470248461627771,0.46320968303726934,0.2817107860211308,0.13037704632532218,0.0,1.0,0.0,1.0,3,0,5,1,0.03,0.01,99,116,standard,13,173
10,Alternator,1.8541666666666667,0.5,3.0,1.0,0.23077760362243124,0.2692223963775688,0.16516457680250782,0.33483542319749215,0.0,0.0,1.0,1.0,3,0,5,1,0.03,0.01,99,116,standard,13,173
11,Cooperator,1.795258620689655,1.0,0.0,1.0,0.5983977708115639,0.4016022291884361,0.0,0.0,1.0,1.0,0.0,0.0,3,0,5,1,0.03,0.01,99,116,standard,13,173
12,Anti Tit For Tat,1.4928160919540232,0.677115987460815,4.0,1.0,0.132336293974225,0.5447796934865899,0.19342853825612447,0.12945547428306045,0.0,1.0,0.0,1.0,3,0,5,1,0.03,0.01,99,116,standard,13,173
0,"DoubleCrosser: (D, D)",2.4523809523809526,0.6084267040149393,7.0,1.0,0.5840336134453782,0.024393090569561154,0.07751225490196079,0.31406104108309996,0.9939428907848802,0.7511061946902655,0.1366906474820144,0.0,3,0,5,1,0.06,0.03,64,119,standard,10,174
1,Grudger,2.4444444444444446,0.5643820028011205,2.0,1.0,0.5597134687208217,0.004668534080298786,0.08231209150326797,0.3533059056956116,1.0,0.0,0.0,0.0,3,0,5,1,0.06,0.03,64,119,standard,10,174
2,Tit For Tat,2.393090569561158,0.6627567693744164,0.0,1.0,0.5787377450980391,0.08401902427637721,0.08067810457516338,0.25656512605042014,1.0,0.0,1.0,0.0,3,0,5,1,0.06,0.03,64,119,standard,10,174
3,Tit For 2 Tats,2.2885154061624653,0.768046802054155,0.0,1.0,0.6761933940242764,0.09185340802987861,0.00692985527544351,0.22502334267040147,1.0,0.7542316784869977,1.0,0.0,3,0,5,1,0.06,0.03,64,119,standard,10,174
4,Win-Stay Lose-Shift,2.257703081232493,0.779922385620915,0.0,1.0,0.6098710317460317,0.17005135387488327,0.052404295051353876,0.1676733193277311,1.0,0.0,0.0,1.0,3,0,5,1,0.06,0.03,64,119,standard,10,174
5,Cooperator,2.0994397759103642,1.0,0.0,1.0,0.6997549019607843,0.3002450980392157,0.0,0.0,1.0,1.0,0.0,0.0,3,0,5,1,0.06,0.03,64,119,standard,10,174
6,Meta Winner: 8 players,2.044817927170868,0.008403361344537815,8.0,1.0,0.007396708683473387,0.0010066526610644257,0.25730917366946776,0.7342874649859944,0.0,0.0,0.0,0.0,3,0,5,1,0.06,0.03,64,119,standard,10,174
7,Defector,2.043884220354809,0.0,9.0,0.0,0.0,0.0,0.26132119514472457,0.7386788048552755,0.0,0.0,0.0,0.0,3,0,5,1,0.06,0.03,64,119,standard,10,174
8,Meta Mixer: 8 players,1.9042950513538748,0.4557218720821662,5.0,0.8559027777777778,0.2687470821661998,0.18697478991596636,0.1540032679738562,0.39027485994397765,0.678447252177628,0.3076659117295672,0.6875575231699992,0.31913322499437174,3,0,5,1,0.06,0.03,64,119,standard,10,174
9,Alternator,1.9014939309056955,0.5042016806722689,2.0,1.0,0.17209383753501398,0.33210784313725494,0.22284955648926236,0.2729487628384687,0.0,0.0,1.0,1.0,3,0,5,1,0.06,0.03,64,119,standard,10,174
0,Grudger,3.440909090909091,0.5113636363636364,3.0,1.0,0.5022727272727273,0.00909090909090909,0.36136363636363633,0.12727272727272726,1.0,0.0,0.0,0.0,3,0,5,1,0.06,0.04,100,55,standard,9,175
1,Evolved HMM 5,3.368181818181818,0.5592045454545455,3.0,1.0,0.5045454545454545,0.05465909090909091,0.35356818181818184,0.08722727272727272,1.0,0.4479890328250984,0.0,0.24173669467787115,3,0,5,1,0.06,0.04,100,55,standard,9,175
2,Evolved FSM 16,3.3477272727272727,0.5931818181818181,3.0,1.0,0.5045454545454545,0.08863636363636364,0.3568181818181818,0.05,1.0,0.5,0.0196078431372549,0.85,3,0,5,1,0.06,0.04,100,55,standard,9,175
3,Defector,3.0,0.0,7.0,0.0,0.0,0.0,0.4991363636363636,0.5008636363636364,0.0,0.0,0.0,0.0,3,0,5,1,0.06,0.04,100,55,standard,9,175
4,Tit For Tat,2.5045454545454544,0.7113636363636363,0.0,1.0,0.6022727272727273,0.10909090909090909,0.10227272727272727,0.18636363636363634,1.0,0.0,1.0,0.0,3,0,5,1,0.06,0.04,100,55,standard,9,175
5,Win-Shift Lose-Stay: D,1.7863636363636364,0.5886363636363636,4.0,0.0,0.1886363636363636,0.39999999999999997,0.20227272727272727,0.2090909090909091,0.0,1.0,1.0,0.0,3,0,5,1,0.06,0.04,100,55,standard,9,175
6,Bully,1.75,0.625,2.0,0.0,0.07045454545454545,0.5545454545454546,0.2909090909090909,0.08409090909090909,0.0,1.0,0.0,1.0,3,0,5,1,0.06,0.04,100,55,standard,9,175
7,Cooperator,1.690909090909091,1.0,0.0,1.0,0.5636363636363637,0.43636363636363634,0.0,0.0,1.0,1.0,0.0,0.0,3,0,5,1,0.06,0.04,100,55,standard,9,175
8,Anti Tit For Tat,1.1318181818181818,0.7581136363636364,2.0,1.0,0.08181818181818182,0.6762954545454545,0.1623409090909091,0.07954545454545454,0.0,1.0,0.0,1.0,3,0,5,1,0.06,0.04,100,55,standard,9,175
0,Grudger,2.954776422764228,0.50545744905501,4.0,1.0,0.5019005384859043,0.003556910569105691,0.23875514729173264,0.25578740365325725,1.0,0.0,0.0,0.0,3,0,5,1,0.03,0.09,77,164,standard,13,176
1,"DoubleCrosser: (D, D)",2.9390243902439024,0.5198566677225214,10.0,1.0,0.5049031253299546,0.014953542392566785,0.23496726850385394,0.24517606377362475,0.996130321192562,0.7423094582185491,0.03211745813259922,0.0,3,0,5,1,0.03,0.09,77,164,standard,13,176
2,Defector,2.595528455284553,0.0,12.0,0.0,0.0,0.0,0.39912628022384117,0.6008737197761588,0.0,0.0,0.0,0.0,3,0,5,1,0.03,0.09,77,164,standard,13,176
3,Meta Winner: 11 players,2.590955284552846,0.016114982578397212,10.0,1.0,0.009727061556329849,0.006387921022067364,0.394176961250132,0.5897080561714708,0.5173320583313411,0.6058823529411764,0.0,0.00757105882548272,3,0,5,1,0.03,0.09,77,164,standard,13,176
4,Tit For Tat,2.4308943089430897,0.6654854292049414,0.0,1.0,0.5591410621898426,0.10634436701509871,0.10456921127652835,0.22994535951853023,1.0,0.0,1.0,0.0,3,0,5,1,0.03,0.09,77,164,standard,13,176
5,GTFT: 0.33,2.2484756097560976,0.767487593707106,0.0,1.0,0.5812678175483054,0.18621977615880056,0.06859096188364482,0.1639214444092493,1.0,0.3328972752429092,1.0,0.33047828206209384,3,0,5,1,0.03,0.09,77,164,standard,13,176
6,Tit For 2 Tats,2.245426829268293,0.7508314855875832,0.0,1.0,0.6081855136733186,0.14264597191426462,0.042808309576602255,0.20636020483581455,1.0,0.6691879866518354,1.0,0.0,3,0,5,1,0.03,0.09,77,164,standard,13,176
7,Win-Stay Lose-Shift,2.1702235772357725,0.7784288881849858,0.0,1.0,0.5960695808256783,0.18235930735930736,0.040465631929046564,0.1811054798859677,1.0,0.0,0.0,1.0,3,0,5,1,0.03,0.09,77,164,standard,13,176
8,Bully,2.0904471544715446,0.5499815225424981,5.0,0.0,0.14672421074860098,0.4032573117938972,0.29975055432372505,0.1502679231337768,0.0,1.0,0.0,1.0,3,0,5,1,0.03,0.09,77,164,standard,13,176
9,Cycler DC,2.0152439024390243,0.5,4.0,0.0,0.22576813430471965,0.27423186569528035,0.208861260690529,0.29113873930947104,0.0,0.0,1.0,1.0,3,0,5,1,0.03,0.09,77,164,standard,13,176
10,Meta Mixer: 11 players,2.0096544715447155,0.47092440080244957,7.0,0.7316017316017316,0.22789304191743218,0.24303135888501745,0.20230176327737304,0.32677383592017734,0.5517417060377143,0.43517263502214587,0.536811083824518,0.4453170697266014,3,0,5,1,0.03,0.09,77,164,standard,13,176
11,Cooperator,1.7972560975609755,1.0,0.0,1.0,0.5988280012670256,0.4011719987329743,0.0,0.0,1.0,1.0,0.0,0.0,3,0,5,1,0.03,0.09,77,164,standard,13,176
12,Anti Tit For Tat,1.6758130081300813,0.6361524654207581,4.0,1.0,0.15026132404181183,0.48589114137894623,0.21567812269031783,0.1481694118889241,0.0,1.0,0.0,1.0,3,0,5,1,0.03,0.09,77,164,standard,13,176
0,Evolved HMM 5,3.0711947626841245,0.6795553737043099,4.0,1.0,0.6373431533006002,0.04221222040370976,0.20928805237315878,0.11115657392253137,0.9996693121693122,0.5530791173756188,0.0037174721189591076,0.19606164383561642,3,0,5,1,0.03,0.02,24,47,standard,14,177
1,"DoubleCrosser: (D, D)",3.0654664484451724,0.6644844517184942,12.0,1.0,0.629773595199127,0.03471085651936716,0.2101745771958538,0.1253409710856519,0.9847527775806464,0.792079207920792,0.013761467889908258,0.0,3,0,5,1,0.03,0.02,24,47,standard,14,177
2,Grudger,2.9754500818330603,0.559328968903437,5.0,1.0,0.5478723404255319,0.011456628477905073,0.22224495362793234,0.21842607746863066,1.0,0.0,0.0,0.0,3,0,5,1,0.03,0.02,24,47,standard,14,177
3,Win-Stay Lose-Shift,2.6595744680851063,0.7375886524822695,2.0,1.0,0.6107474086197491,0.12684124386252044,0.1410938352427714,0.12131751227495909,1.0,0.0,0.0,1.0,3,0,5,1,0.03,0.02,24,47,standard,14,177
4,Tit For Tat,2.639934533551555,0.7586606655755592,0.0,1.0,0.608974358974359,0.14968630660120022,0.14245771958537914,0.09888161483906165,1.0,0.0,1.0,0.0,3,0,5,1,0.03,0.02,24,47,standard,14,177
5,Soft Joss: 0.9,2.6325695581014728,0.8048963447899619,0.0,1.0,0.6710992907801419,0.13379705400981995,0.10665575559192579,0.08844789961811239,1.0,0.09646298731294757,1.0,0.09904084510875866,3,0,5,1,0.03,0.02,24,47,standard,14,177
6,Meta Winner: 12 players,2.5466448445171848,0.13979814511729405,10.0,1.0,0.06908074195308236,0.07071740316421166,0.3702264048008729,0.48997545008183313,0.46936452857006966,0.7393873737301253,0.038487916657896,0.0863620606279624,3,0,5,1,0.03,0.02,24,47,standard,14,177
7,Tit For 2 Tats,2.4795417348608835,0.9146890343698855,0.0,1.0,0.7641162029459901,0.15057283142389524,0.024277141298417897,0.06103382433169668,1.0,0.8382832080200501,1.0,0.0,3,0,5,1,0.03,0.02,24,47,standard,14,177
8,Suspicious Tit For Tat,2.2921440261865795,0.5471222040370977,6.0,0.0,0.3928668848881615,0.15425531914893617,0.1647572285870158,0.28812056737588654,1.0,0.0,1.0,0.0,3,0,5,1,0.03,0.02,24,47,standard,14,177
9,Cooperator,2.256137479541735,1.0,0.0,1.0,0.7521822149481724,0.24781778505182755,0.0,0.0,1.0,1.0,0.0,0.0,3,0,5,1,0.03,0.02,24,47,standard,14,177
10,Meta Mixer: 12 players,2.1955810147299513,0.5335515548281505,5.5,0.6987179487179487,0.3222858701582106,0.21126568466994,0.18767048554282598,0.27877795962902346,0.6900437897936988,0.3565585001414396,0.6802584689374996,0.3735923440132229,3,0,5,1,0.03,0.02,24,47,standard,14,177
11,Cycler DC,2.1358428805237315,0.48936170212765956,4.5,0.0,0.17914620840152753,0.31021549372613205,0.2713447899618112,0.23929350791052917,0.0,0.0,1.0,1.0,3,0,5,1,0.03,0.02,24,47,standard,14,177
12,Bully,1.8666121112929623,0.5798554282596836,4.0,0.0,0.1785324604473541,0.4013229678123295,0.22667757774140754,0.1934669939989089,0.0,1.0,0.0,1.0,3,0,5,1,0.03,0.02,24,47,standard,14,177
13,Win-Shift Lose-Stay: D,1.7986906710310964,0.6419121658483361,4.0,0.0,0.19599018003273325,0.4459219858156028,0.2139252591380251,0.14416257501363886,0.0,1.0,1.0,0.0,3,0,5,1,0.03,0.02,24,47,standard,14,177
0,Grudger,2.9853249475890986,0.010200569479645797,3.0,1.0,0.003911261303545167,0.00628930817610063,0.49635470446509594,0.49344472605525835,1.0,0.0,0.0,0.0,3,0,5,1,0.03,0.02,67,159,standard,4,178
1,Cycler DC,1.771488469601677,0.4968553459119497,2.0,0.0,0.0832003504490128,0.41365499546293694,0.2539190838261523,0.2492255702618981,0.0,0.0,1.0,1.0,3,0,5,1,0.03,0.02,67,159,standard,4,178
2,Alternator,1.7589098532494758,0.5031446540880503,0.0,1.0,0.0872367721142714,0.41590788197377887,0.24997653243217874,0.24687881347977095,0.0,0.0,1.0,1.0,3,0,5,1,0.03,0.02,67,159,standard,4,178
3,Random: 0.5,1.6729559748427674,0.501642729747489,1.0,0.4527363184079602,0.17015551174942897,0.3314872179980601,0.16708908288744953,0.33126818736506153,0.4958234182948596,0.5037525040487566,0.5254878361860774,0.5040973965403192,3,0,5,1,0.03,0.02,67,159,standard,4,178
0,"DoubleCrosser: (D, D)",3.076470588235294,0.6129769286632032,16.0,1.0,0.5963968493380258,0.016580079325177362,0.224467906820848,0.16255516451594884,0.9949283402990485,0.7772401908801696,0.06177231565329883,0.0,3,0,5,1,0.02,0.04,81,130,standard,18,179
1,Evolved HMM 5,3.042986425339367,0.6391877548740293,6.0,1.0,0.6053348974917603,0.03385285738226913,0.21690408357075022,0.14390816155522038,0.9975698941193151,0.4746475169404992,0.010424546077263898,0.17568930582757317,3,0,5,1,0.02,0.04,81,130,standard,18,179
2,Evolved FSM 16,3.02579185520362,0.6193117702921624,6.0,1.0,0.5582816602424446,0.061030110049717895,0.24206468912351267,0.1386235405843249,0.8841050494681394,0.5350102627006703,0.18928632816597193,0.17820459119093202,3,0,5,1,0.02,0.04,81,130,standard,18,179
3,Grudger,2.9778280542986426,0.5364895815876208,7.0,1.0,0.5324171833975756,0.004072398190045249,0.22957935310876487,0.23393106530361435,1.0,0.0,0.0,0.0,3,0,5,1,0.02,0.04,81,130,standard,18,179
4,Tit For Tat,2.6158371040723982,0.7387352661862466,0.0,1.0,0.5884922630020669,0.15024300318417963,0.14741075917546503,0.11385397463828835,1.0,0.0,1.0,0.0,3,0,5,1,0.02,0.04,81,130,standard,18,179
5,Soft Joss: 0.9,2.6031674208144797,0.785972850678733,0.0,1.0,0.6506954918719624,0.1352773588067706,0.10937936428132507,0.10464778503994192,1.0,0.10274768619515247,1.0,0.09716100266187358,3,0,5,1,0.02,0.04,81,130,standard,18,179
6,Meta Winner: 16 players,2.586877828054299,0.06059438020222334,14.0,1.0,0.028199541925032125,0.03239483827719121,0.3881682587564941,0.5512373610412825,0.4990254238575749,0.6975379366375729,0.01974627184322162,0.036922317261810875,3,0,5,1,0.02,0.04,81,130,standard,18,179
7,GTFT: 0.33,2.5036199095022624,0.8379029104519301,0.0,1.0,0.6751633986928105,0.1627395117591196,0.07902351823920452,0.08307357130886542,1.0,0.33008794057611296,1.0,0.3316753265949996,3,0,5,1,0.02,0.04,81,130,standard,18,179
8,Tit For 2 Tats,2.444796380090498,0.8765879001173119,0.0,1.0,0.72326685660019,0.15332104351712195,0.03803698117423608,0.08537511870845203,1.0,0.7652522290935634,1.0,0.0,3,0,5,1,0.02,0.04,81,130,standard,18,179
9,Suspicious Tit For Tat,2.4271493212669686,0.6080610021786492,11.0,0.0,0.41769174906429807,0.19036925311435116,0.19531311099938553,0.19662588682196527,1.0,0.0,1.0,0.0,3,0,5,1,0.02,0.04,81,130,standard,18,179
10,Win-Stay Lose-Shift,2.4190045248868777,0.7770068711245182,1.0,1.0,0.6292776939835764,0.14772917714094183,0.07761577565499134,0.14537735322049047,1.0,0.0,0.0,1.0,3,0,5,1,0.02,0.04,81,130,standard,18,179
11,Cooperator,2.167873303167421,1.0,0.0,1.0,0.7220434612591475,0.27795653874085247,0.0,0.0,1.0,1.0,0.0,0.0,3,0,5,1,0.02,0.04,81,130,standard,18,179
12,Meta Mixer: 16 players,2.0963800904977377,0.4842299312887548,10.0,0.794480755265069,0.24461761912742308,0.23961231216133178,0.21580917267191776,0.2999608960393274,0.5996403204055379,0.397343068177331,0.5828918010308173,0.3948602400944974,3,0,5,1,0.02,0.04,81,130,standard,18,179
13,Alternator,2.061085972850679,0.5,7.0,1.0,0.17902910451930057,0.32097089548069946,0.2562147366068935,0.24378526339310658,0.0,0.0,1.0,1.0,3,0,5,1,0.02,0.04,81,130,standard,18,179
14,Cycler DC,2.048868778280543,0.5,6.0,0.0,0.1750125691302162,0.3249874308697838,0.25599128540305005,0.24400871459694987,0.0,0.0,1.0,1.0,3,0,5,1,0.02,0.04,81,130,standard,18,179
15,Bully,2.0194570135746606,0.5571979219038042,9.0,0.0,0.17649293335567848,0.38070498854812584,0.2618848109044188,0.18091726719177698,0.0,1.0,0.0,1.0,3,0,5,1,0.02,0.04,81,130,standard,18,179
16,Random: 0.5,2.0063348416289593,0.4998882743980783,7.0,0.5076252723311547,0.21607731411652975,0.28381096028154845,0.2143120496061673,0.28579967599575445,0.495858463704496,0.49940676621483177,0.491748240713651,0.49961627383676555,3,0,5,1,0.02,0.04,81,130,standard,18,179
17,Anti Tit For Tat,1.7312217194570134,0.6198536394614826,6.0,1.0,0.1823529411764706,0.43750069828501204,0.2009775990168147,0.1791687615217027,0.0,1.0,0.0,1.0,3,0,5,1,0.02,0.04,81,130,standard,18,179
0,"DoubleCrosser: (D, D)",3.041371158392435,0.5216112352515734,15.0,1.0,0.5054891673953172,0.016122067856256136,0.2608191111542904,0.21756965359413621,0.995676224028119,0.7721423756560257,0.011831558035990352,0.0,3,0,5,1,0.06,0.08,73,141,standard,19,180
1,Evolved HMM 5,3.0047281323877066,0.5665554799917959,7.0,1.0,0.5143085376253549,0.05224694236644106,0.2566415147295358,0.17680300527866835,0.9975869792900014,0.47050846167941396,0.01729056176049954,0.193579545991283,3,0,5,1,0.06,0.08,73,141,standard,19,180
2,Grudger,2.965721040189125,0.45113183717089284,7.0,1.0,0.4467977158154949,0.00433412135539795,0.2689853946047476,0.2798827682243596,1.0,0.0,0.0,0.0,3,0,5,1,0.06,0.08,73,141,standard,19,180
3,Evolved FSM 16,2.9625689519306544,0.568816995369021,7.0,1.0,0.47022787870937094,0.09858911665965003,0.28033615078208496,0.15084685384889407,0.8900203806218843,0.5276291214076306,0.16393382542498597,0.3270133768376955,3,0,5,1,0.06,0.08,73,141,standard,19,180
4,Meta Winner: 17 players,2.6185973207249806,0.02176776018221661,15.0,1.0,0.012656929736498379,0.009110830445718233,0.3918682599825124,0.5863639798352709,0.5490085589323375,0.3687245194903746,0.011926062872153706,0.00987567370225839,3,0,5,1,0.06,0.08,73,141,standard,19,180
5,Tit For Tat,2.4988179669030735,0.6752485507950386,0.0,1.0,0.5161598497360667,0.1590887010589721,0.15629823936440085,0.16845320984056047,1.0,0.0,1.0,0.0,3,0,5,1,0.06,0.08,73,141,standard,19,180
6,Soft Joss: 0.9,2.4728132387706854,0.725633386227965,0.0,1.0,0.5725843885272622,0.15304899770070274,0.12035687684186663,0.15400973693016828,1.0,0.09600834165616735,1.0,0.09813163776796481,3,0,5,1,0.06,0.08,73,141,standard,19,180
7,Defector,2.405831363278172,0.0,16.0,0.0,0.0,0.0,0.3513444951801116,0.6486555048198883,0.0,0.0,0.0,0.0,3,0,5,1,0.06,0.08,73,141,standard,19,180
8,GTFT: 0.33,2.3589440504334123,0.7931819899176356,0.0,1.0,0.5999168798644169,0.19326511005321848,0.08757839740060666,0.11923961268175784,1.0,0.3362485339778228,1.0,0.33101234255563616,3,0,5,1,0.06,0.08,73,141,standard,19,180
9,Suspicious Tit For Tat,2.2852639873916467,0.553288642766929,10.0,0.0,0.39181968327989897,0.16146895948703002,0.1653173138162937,0.2813940434167773,1.0,0.0,1.0,0.0,3,0,5,1,0.06,0.08,73,141,standard,19,180
10,Tit For 2 Tats,2.265169424743893,0.8206710061854334,0.0,1.0,0.6481265585025422,0.17254444768289126,0.035309865388559646,0.14401912842600686,1.0,0.761456365040837,1.0,0.0,3,0,5,1,0.06,0.08,73,141,standard,19,180
11,Meta Mixer: 17 players,1.9992119779353823,0.441103446786921,10.0,0.6894977168949772,0.2007459222556862,0.24035752453123482,0.21277135485821003,0.346125198354869,0.5561370659578229,0.37428382905919066,0.5418028260470434,0.3719095471852547,3,0,5,1,0.06,0.08,73,141,standard,19,180
12,Cycler DC,1.959022852639874,0.49645390070921985,8.0,0.0,0.16306659326187162,0.3333873074473483,0.24179863337543311,0.261747465915347,0.0,0.0,1.0,1.0,3,0,5,1,0.06,0.08,73,141,standard,19,180
13,Cooperator,1.9515366430260046,1.0,0.0,1.0,0.6504636376393882,0.3495363623606118,0.0,0.0,1.0,1.0,0.0,0.0,3,0,5,1,0.06,0.08,73,141,standard,19,180
14,Alternator,1.9483845547675334,0.5035460992907801,4.0,1.0,0.167109254401589,0.3364368448891911,0.23755087060245905,0.2589030301067608,0.0,0.0,1.0,1.0,3,0,5,1,0.06,0.08,73,141,standard,19,180
15,Random: 0.5,1.9109535066981875,0.5021427723263923,7.0,0.5045662100456622,0.20223560780249789,0.2999071645238943,0.20235435085333073,0.29550287682027704,0.5028897612108525,0.4984655660494602,0.5126599461784679,0.50118440409128,3,0,5,1,0.06,0.08,73,141,standard,19,180
16,Win-Shift Lose-Stay: D,1.877068557919622,0.5739607284346427,8.0,0.0,0.2060299880177467,0.36793074041689605,0.2099862905750402,0.21605298099031706,0.0,1.0,1.0,0.0,3,0,5,1,0.06,0.08,73,141,standard,19,180
17,Bully,1.8049645390070923,0.6027775079072077,7.0,0.0,0.1667854097174995,0.4359920981897083,0.22648617722940076,0.1707363148633915,0.0,1.0,0.0,1.0,3,0,5,1,0.06,0.08,73,141,standard,19,180
18,Anti Tit For Tat,1.5275807722616233,0.6624243013050941,5.0,1.0,0.1708712501484288,0.49155305115666525,0.16911709144294396,0.16845860725196196,0.0,1.0,0.0,1.0,3,0,5,1,0.06,0.08,73,141,standard,19,180
0,"DoubleCrosser: (D, D)",2.5876106194690265,0.7929203539823009,3.0,1.0,0.784070796460177,0.008849557522123894,0.007079646017699115,0.2,0.990970515970516,0.875,0.0,0.0,3,0,5,1,0.03,0.09,21,113,standard,6,181
1,Tit For Tat,2.4849557522123895,0.7008849557522124,0.0,1.0,0.5964601769911504,0.10442477876106196,0.09911504424778761,0.2,1.0,0.0,1.0,0.0,3,0,5,1,0.03,0.09,21,113,standard,6,181
2,Win-Stay Lose-Shift,2.2920353982300883,0.7663716814159292,0.0,1.0,0.5964601769911504,0.16991150442477876,0.06725663716814159,0.1663716814159292,1.0,0.0,0.0,1.0,3,0,5,1,0.03,0.09,21,113,standard,6,181
3,Grudger,2.1946902654867255,0.6017699115044248,0.0,1.0,0.5964601769911504,0.005309734513274336,0.0017699115044247787,0.39646017699115044,1.0,0.0,0.0,0.0,3,0,5,1,0.03,0.09,21,113,standard,6,181
4,Suspicious Tit For Tat,1.9061946902654867,0.36460176991150445,1.0,0.0,0.19469026548672566,0.16991150442477876,0.17168141592920355,0.46371681415929206,1.0,0.0,1.0,0.0,3,0,5,1,0.03,0.09,21,113,standard,6,181
5,Defector,1.4460176991150442,0.0,4.0,0.0,0.0,0.0,0.11150442477876106,0.888495575221239,0.0,0.0,0.0,0.0,3,0,5,1,0.03,0.09,21,113,standard,6,181
0,Grudger,2.8701923076923075,0.4424412393162393,5.0,1.0,0.39917200854700857,0.043269230769230775,0.2792467948717949,0.2783119658119658,1.0,0.0,0.0,0.0,3,0,5,1,0.01,0.02,36,16,standard,14,182
1,Evolved FSM 16,2.824519230769231,0.5901442307692307,4.0,1.0,0.44698183760683763,0.14316239316239315,0.26776175213675213,0.1420940170940171,0.9722222222222222,0.4802325581395349,0.4145833333333333,0.3331165247555976,3,0,5,1,0.01,0.02,36,16,standard,14,182
2,"DoubleCrosser: (D, D)",2.6971153846153846,0.6132478632478633,9.0,1.0,0.4751602564102564,0.13808760683760685,0.21995192307692307,0.16680021367521367,0.9579526164892017,0.7854477611940298,0.0,0.0,3,0,5,1,0.01,0.02,36,16,standard,14,182
3,Meta Winner: 12 players,2.572115384615385,0.18269230769230768,10.0,1.0,0.10069444444444445,0.08199786324786326,0.3629807692307692,0.4543269230769231,0.6202143385070213,0.5625,0.05731707317073171,0.12062914865488479,3,0,5,1,0.01,0.02,36,16,standard,14,182
4,Defector,2.480769230769231,0.0,11.0,0.0,0.0,0.0,0.3691239316239316,0.6308760683760684,0.0,0.0,0.0,0.0,3,0,5,1,0.01,0.02,36,16,standard,14,182
5,Win-Stay Lose-Shift,2.2740384615384617,0.6865651709401709,1.0,1.0,0.4813034188034188,0.20526175213675213,0.12954059829059827,0.18389423076923078,1.0,0.0,0.0,1.0,3,0,5,1,0.01,0.02,36,16,standard,14,182
6,GTFT: 0.33,2.25,0.7721688034188035,0.0,1.0,0.547008547008547,0.22516025641025636,0.09294871794871792,0.1348824786324786,1.0,0.3146572932990981,1.0,0.3417157889903157,3,0,5,1,0.01,0.02,36,16,standard,14,182
7,Tit For 2 Tats,2.1658653846153846,0.8153044871794872,0.0,1.0,0.6044337606837608,0.21087072649572652,0.0407318376068376,0.1439636752136752,1.0,0.745,1.0,0.0,3,0,5,1,0.01,0.02,36,16,standard,14,182
8,Meta Mixer: 12 players,2.1658653846153846,0.47596153846153844,6.0,0.594017094017094,0.24131944444444445,0.23464209401709402,0.22756410256410253,0.296474358974359,0.5228957197124244,0.42665192946198816,0.5254884407699959,0.43413730515298493,3,0,5,1,0.01,0.02,36,16,standard,14,182
9,Suspicious Tit For Tat,2.1346153846153846,0.4358974358974359,5.0,0.0,0.27457264957264954,0.16132478632478633,0.18696581196581194,0.37713675213675213,1.0,0.0,1.0,0.0,3,0,5,1,0.01,0.02,36,16,standard,14,182
10,Cycler DC,2.0,0.5,3.0,0.0,0.21461004273504272,0.2853899572649573,0.21380876068376067,0.2861912393162393,0.0,0.0,1.0,1.0,3,0,5,1,0.01,0.02,36,16,standard,14,182
11,Bully,1.8822115384615383,0.5649038461538461,4.0,0.0,0.15838675213675213,0.40651709401709396,0.24252136752136752,0.19257478632478633,0.0,1.0,0.0,1.0,3,0,5,1,0.01,0.02,36,16,standard,14,182
12,Win-Shift Lose-Stay: D,1.8197115384615383,0.5438034188034188,4.0,0.0,0.17401175213675213,0.3697916666666667,0.2094017094017094,0.24679487179487178,0.0,1.0,1.0,0.0,3,0,5,1,0.01,0.02,36,16,standard,14,182
13,Anti Tit For Tat,1.5,0.6784188034188035,3.0,1.0,0.19003739316239315,0.48838141025641024,0.1513087606837607,0.17027243589743593,0.0,1.0,0.0,1.0,3,0,5,1,0.01,0.02,36,16,standard,14,182
0,Tit For Tat,2.543650793650794,0.7128968253968254,0.0,1.0,0.5790343915343915,0.13386243386243388,0.13159171075837742,0.15551146384479717,1.0,0.0,1.0,0.0,3,0,5,1,0.08,0.09,45,168,standard,7,183
1,"DoubleCrosser: (D, D)",2.5376984126984126,0.5717813051146384,6.0,1.0,0.5570546737213403,0.01472663139329806,0.11574074074074074,0.3124779541446208,0.9962540313375198,0.7965367965367965,0.0,0.0,3,0,5,1,0.08,0.09,45,168,standard,7,183
2,GTFT: 0.33,2.4771825396825395,0.8267416225749559,0.0,1.0,0.6482804232804232,0.1784611992945326,0.0890432098765432,0.08421516754850088,1.0,0.3289177052084185,1.0,0.35835347668903983,3,0,5,1,0.08,0.09,45,168,standard,7,183
3,Tit For 2 Tats,2.4404761904761902,1.0,0.0,1.0,0.8145723104056438,0.18542768959435627,0.0,0.0,1.0,1.0,0.0,0.0,3,0,5,1,0.08,0.09,45,168,standard,7,183
4,Meta Winner: 5 players,2.281746031746032,0.17896825396825397,5.0,1.0,0.11657848324514991,0.06238977072310405,0.27991622574955904,0.541115520282187,0.32697801396403764,0.13285063019576293,0.6268047549210242,0.07114572370147539,3,0,5,1,0.08,0.09,45,168,standard,7,183
5,Meta Mixer: 5 players,2.260912698412698,0.6047398589065256,3.0,0.7444444444444445,0.44856701940035265,0.15617283950617283,0.1425485008818342,0.2527116402116402,0.802715367556417,0.3226557962833408,0.8211770336540685,0.27407825242715,3,0,5,1,0.08,0.09,45,168,standard,7,183
6,Cycler DC,2.233134920634921,0.5,3.0,0.0,0.15597442680776016,0.34402557319223986,0.31622574955908284,0.1837742504409171,0.0,0.0,1.0,1.0,3,0,5,1,0.08,0.09,45,168,standard,7,183
0,"DoubleCrosser: (D, D)",3.161111111111111,0.6061728395061728,8.0,1.0,0.595679012345679,0.010493827160493827,0.245121225643314,0.14870593485051317,0.9953075864779874,0.8,0.0,0.0,3,0,5,1,0.07,0.05,83,162,standard,11,184
1,Evolved HMM 5,3.143827160493827,0.6366949278595865,3.0,1.0,0.5993827160493826,0.03731221181020378,0.24567901234567904,0.1176260597947345,1.0,0.5979205175600739,0.0,0.23807415605976756,3,0,5,1,0.07,0.05,83,162,standard,11,184
2,Grudger,2.988888888888889,0.5024691358024691,3.0,1.0,0.49876543209876545,0.0037037037037037034,0.24876543209876542,0.24876543209876542,1.0,0.0,0.0,0.0,3,0,5,1,0.07,0.05,83,162,standard,11,184
3,Soft Joss: 0.9,2.5895061728395063,0.7813401755168824,0.0,1.0,0.6520526550647033,0.1292875204521791,0.10353264911497843,0.11512717536813924,1.0,0.10099010171770677,1.0,0.09588816379125664,3,0,5,1,0.07,0.05,83,162,standard,11,184
4,Tit For Tat,2.5858024691358024,0.7166666666666667,0.0,1.0,0.5567901234567901,0.15987654320987654,0.1580246913580247,0.12530864197530864,1.0,0.0,1.0,0.0,3,0,5,1,0.07,0.05,83,162,standard,11,184
5,Tit For 2 Tats,2.3709876543209876,0.8617283950617284,0.0,1.0,0.7179012345679011,0.14382716049382716,0.019753086419753083,0.1185185185185185,1.0,0.8346153846153846,1.0,0.0,3,0,5,1,0.07,0.05,83,162,standard,11,184
6,Suspicious Tit For Tat,2.2271604938271605,0.5412018444146958,5.0,0.0,0.4107987505577867,0.13040309385690912,0.13348951360999556,0.3253086419753087,1.0,0.0,1.0,0.0,3,0,5,1,0.07,0.05,83,162,standard,11,184
7,Cycler DC,1.8098765432098767,0.5,2.0,0.0,0.13229213148891866,0.36770786851108134,0.2283950617283951,0.2716049382716049,0.0,0.0,1.0,1.0,3,0,5,1,0.07,0.05,83,162,standard,11,184
8,Defector,1.7901234567901234,0.0,8.0,0.0,0.0,0.0,0.1970995091477019,0.8029004908522982,0.0,0.0,0.0,0.0,3,0,5,1,0.07,0.05,83,162,standard,11,184
9,Win-Shift Lose-Stay: D,1.6962962962962962,0.5603897069760524,4.0,0.0,0.17808270117507063,0.38230700580098176,0.18096831771530567,0.25864197530864197,0.0,1.0,1.0,0.0,3,0,5,1,0.07,0.05,83,162,standard,11,184
10,Bully,1.3271604938271604,0.6959690614309089,3.0,0.0,0.17717536813922355,0.5187936932916852,0.12288412910902871,0.18114680946006248,0.0,1.0,0.0,1.0,3,0,5,1,0.07,0.05,83,162,standard,11,184
0,Grudger,2.992462311557789,0.5025125628140703,1.0,1.0,0.5,0.002512562814070352,0.24874371859296482,0.24874371859296482,1.0,0.0,0.0,0.0,3,0,5,1,0.1,0.03,10,199,standard,5,185
1,Soft Joss: 0.9,2.770100502512563,0.8724874371859297,0.0,1.0,0.7942211055276382,0.07826633165829147,0.06507537688442212,0.062437185929648246,1.0,0.11070336391437309,1.0,0.08299595141700405,3,0,5,1,0.1,0.03,10,199,standard,5,185
2,Tit For 2 Tats,2.6947236180904524,0.8994974874371859,0.0,1.0,0.7977386934673367,0.10175879396984926,0.05025125628140704,0.05025125628140704,1.0,0.75,1.0,0.0,3,0,5,1,0.1,0.03,10,199,standard,5,185
3,Suspicious Tit For Tat,2.315326633165829,0.6149497487437185,3.0,0.0,0.5439698492462312,0.07097989949748744,0.07474874371859297,0.3103015075376884,1.0,0.0,1.0,0.0,3,0,5,1,0.1,0.03,10,199,standard,5,185
4,Bully,1.8592964824120601,0.5910804020100503,2.0,0.0,0.1736180904522613,0.4174623115577889,0.23216080402010053,0.17675879396984925,0.0,1.0,0.0,1.0,3,0,5,1,0.1,0.03,10,199,standard,5,185
0,Grudger,2.9371980676328504,0.5141287803586791,5.0,1.0,0.5068824035470848,0.007246376811594203,0.23155317318509697,0.25431804645622397,1.0,0.0,0.0,0.0,3,0,5,1,0.1,0.08,73,69,standard,13,186
1,Evolved FSM 16,2.8333333333333335,0.5987856528356826,5.0,1.0,0.5224009000066178,0.07638475282906491,0.21664681357951163,0.1845675335848058,0.8380400360266131,0.45444250514961404,0.062272974851531514,0.2413395456726924,3,0,5,1,0.1,0.08,73,69,standard,13,186
2,Tit For Tat,2.5446859903381642,0.7062901197802925,0.0,1.0,0.5600721328833301,0.1462179868969625,0.14237972338031898,0.15133015683938852,1.0,0.0,1.0,0.0,3,0,5,1,0.1,0.08,73,69,standard,13,186
3,Defector,2.5072463768115942,0.0,12.0,0.0,0.0,0.0,0.3757031301700748,0.6242968698299253,0.0,0.0,0.0,0.0,3,0,5,1,0.1,0.08,73,69,standard,13,186
4,Soft Joss: 0.9,2.498792270531401,0.7340844417973662,0.0,1.0,0.5721163390907286,0.16196810270663756,0.12810204486797697,0.13781351333465688,1.0,0.10324365848439714,1.0,0.09506818243112244,3,0,5,1,0.1,0.08,73,69,standard,13,186
5,GTFT: 0.33,2.385265700483092,0.8026106809608894,0.0,1.0,0.6033353186420489,0.1992753623188406,0.09425253126861229,0.10313678777049834,1.0,0.33895735775661057,1.0,0.3397125953910257,3,0,5,1,0.1,0.08,73,69,standard,13,186
6,Win-Stay Lose-Shift,2.3792270531400965,0.7651545231950235,1.0,1.0,0.6076037323803851,0.15755079081463833,0.08081860896036,0.1540268678446165,1.0,0.0,0.0,1.0,3,0,5,1,0.1,0.08,73,69,standard,13,186
7,Tit For 2 Tats,2.289855072463768,0.8474621136920124,0.0,1.0,0.6676096883065317,0.17985242538548074,0.03429620806035338,0.11824167824763415,1.0,0.727135137325052,1.0,0.0,3,0,5,1,0.1,0.08,73,69,standard,13,186
8,Meta Mixer: 12 players,2.114734299516908,0.4320031764939448,8.0,0.797945205479452,0.19866322546489312,0.23333995102905167,0.23830322281781482,0.3296936006882404,0.5582313386483198,0.34594729869232627,0.5252328929270569,0.3460681866049104,3,0,5,1,0.1,0.08,73,69,standard,13,186
9,Cycler DC,2.102657004830918,0.4927536231884058,8.0,0.0,0.15860962212957447,0.33414400105883124,0.2808880947654027,0.2263582820461915,0.0,0.0,1.0,1.0,3,0,5,1,0.1,0.08,73,69,standard,13,186
10,Alternator,2.0845410628019323,0.5072463768115942,3.0,1.0,0.17055456290119783,0.33669181391039643,0.2704155912911124,0.22233803189729337,0.0,0.0,1.0,1.0,3,0,5,1,0.1,0.08,73,69,standard,13,186
11,Random: 0.5,1.9891304347826086,0.5004797829395804,6.0,0.4805936073059361,0.2115511878763814,0.288928595063199,0.21244457679835882,0.2870756402620607,0.500141059317852,0.4991047364991969,0.49967042214492036,0.5020589399015566,3,0,5,1,0.1,0.08,73,69,standard,13,186
12,Anti Tit For Tat,1.8115942028985508,0.5946165045331215,4.0,1.0,0.23572232148765795,0.3588941830454635,0.17469062272516708,0.23069287274171135,0.0,1.0,0.0,1.0,3,0,5,1,0.1,0.08,73,69,standard,13,186
0,"DoubleCrosser: (D, D)",2.935897435897436,0.5213675213675214,1.0,1.0,0.5,0.021367521367521368,0.23931623931623933,0.23931623931623933,0.9956140350877193,0.875,0.0,0.0,3,0,5,1,0.01,0.09,66,117,standard,3,187
1,Suspicious Tit For Tat,2.730769230769231,0.7393162393162394,0.0,0.0,0.48717948717948717,0.25213675213675213,0.25213675213675213,0.008547008547008548,1.0,0.0,1.0,0.0,3,0,5,1,0.01,0.09,66,117,standard,3,187
2,Cycler DC,1.6025641025641026,0.49572649572649574,0.0,0.0,0.01282051282051282,0.4829059829059829,0.26495726495726496,0.23931623931623933,0.0,0.0,1.0,1.0,3,0,5,1,0.01,0.09,66,117,standard,3,187
0,Grudger,2.9326923076923075,0.3526353276353276,6.0,1.0,0.32378917378917377,0.02884615384615384,0.32849002849002845,0.31887464387464387,1.0,0.0,0.0,0.0,3,0,5,1,0.09,0.03,45,24,standard,14,188
1,Evolved FSM 16,2.8878205128205128,0.5134615384615384,6.0,1.0,0.3705128205128206,0.14294871794871794,0.32037037037037036,0.16616809116809117,0.8760393046107331,0.5106274235174786,0.24978560461371382,0.3229180840141065,3,0,5,1,0.09,0.03,45,24,standard,14,188
2,Meta Winner: 13 players,2.8076923076923075,0.12642450142450143,10.0,1.0,0.06958689458689458,0.056837606837606844,0.4248575498575499,0.4487179487179486,0.5621875756243732,0.4660895148389938,0.0165373104899946,0.03460257801269326,3,0,5,1,0.09,0.03,45,24,standard,14,188
3,Defector,2.756410256410256,0.0,11.0,0.0,0.0,0.0,0.4357549857549858,0.5642450142450142,0.0,0.0,0.0,0.0,3,0,5,1,0.09,0.03,45,24,standard,14,188
4,Soft Joss: 0.9,2.3205128205128203,0.6621082621082621,0.0,1.0,0.44366096866096866,0.2184472934472934,0.16274928774928776,0.17514245014245014,1.0,0.11387500393866944,1.0,0.10087424727916856,3,0,5,1,0.09,0.03,45,24,standard,14,188
5,GTFT: 0.33,2.1858974358974357,0.7450854700854701,0.0,1.0,0.49301994301994306,0.2520655270655271,0.11310541310541311,0.14180911680911684,1.0,0.3255294860712356,1.0,0.33332580621296903,3,0,5,1,0.09,0.03,45,24,standard,14,188
6,Suspicious Tit For Tat,2.144230769230769,0.44166666666666665,5.0,0.0,0.249002849002849,0.19266381766381763,0.2091168091168091,0.3492165242165242,1.0,0.0,1.0,0.0,3,0,5,1,0.09,0.03,45,24,standard,14,188
7,Alternator,2.060897435897436,0.5,3.0,1.0,0.19423076923076923,0.3057692307692308,0.24344729344729343,0.25655270655270657,0.0,0.0,1.0,1.0,3,0,5,1,0.09,0.03,45,24,standard,14,188
8,Random: 0.5,2.048076923076923,0.49907407407407406,5.0,0.4683760683760684,0.22158119658119663,0.2774928774928775,0.21937321937321935,0.28155270655270653,0.49029940308602443,0.48689125754396106,0.5010754041367441,0.511170126089121,3,0,5,1,0.09,0.03,45,24,standard,14,188
9,Cycler DC,2.0288461538461537,0.5,4.0,0.0,0.1809116809116809,0.3190883190883192,0.24579772079772083,0.2542022792022792,0.0,0.0,1.0,1.0,3,0,5,1,0.09,0.03,45,24,standard,14,188
10,Bully,2.019230769230769,0.5438746438746439,5.0,0.0,0.1762108262108262,0.3676638176638177,0.2594017094017094,0.19672364672364676,0.0,1.0,0.0,1.0,3,0,5,1,0.09,0.03,45,24,standard,14,188
11,Win-Shift Lose-Stay: D,2.0096153846153846,0.5027065527065527,5.0,0.0,0.20819088319088316,0.29451566951566954,0.22236467236467236,0.27492877492877493,0.0,1.0,1.0,0.0,3,0,5,1,0.09,0.03,45,24,standard,14,188
12,Anti Tit For Tat,1.641025641025641,0.6424501424501424,3.0,1.0,0.19415954415954415,0.44829059829059825,0.17428774928774926,0.18326210826210826,0.0,1.0,0.0,1.0,3,0,5,1,0.09,0.03,45,24,standard,14,188
13,Cooperator,1.6346153846153846,1.0,0.0,1.0,0.5455128205128206,0.4544871794871795,0.0,0.0,1.0,1.0,0.0,0.0,3,0,5,1,0.09,0.03,45,24,standard,14,188
0,"DoubleCrosser: (D, D)",2.8975095785440614,0.5937006986702728,15.0,1.0,0.5604237097137705,0.03327698895650215,0.20183682668469688,0.20446247464503045,0.9885729305143676,0.7736735877692753,0.021122130037738024,0.0,3,0,5,1,0.02,0.01,85,58,standard,19,189
1,Evolved HMM 5,2.877394636015326,0.6300878972278566,6.0,1.0,0.573529411764706,0.05655848546315079,0.19622492675231012,0.17368717601983322,0.9979652322332117,0.4716352541242588,0.013976675619331429,0.18912801681487093,3,0,5,1,0.02,0.01,85,58,standard,19,189
2,Grudger,2.839080459770115,0.5152017128690557,6.0,1.0,0.505623168807753,0.009578544061302685,0.20928555330178047,0.2755127338291638,1.0,0.0,0.0,0.0,3,0,5,1,0.02,0.01,85,58,standard,19,189
3,Evolved FSM 16,2.8314176245210727,0.6409623619562768,6.0,1.0,0.5366914581924723,0.10427090376380438,0.21572008113590266,0.1433175569078206,0.8892916549785725,0.5261396538031081,0.22563858423380415,0.3278190395890766,3,0,5,1,0.02,0.01,85,58,standard,19,189
4,Defector,2.5478927203065136,0.0,17.0,0.0,0.0,0.0,0.387333784088348,0.6126662159116519,0.0,0.0,0.0,0.0,3,0,5,1,0.02,0.01,85,58,standard,19,189
5,Tit For Tat,2.511494252873563,0.6975659229208925,0.0,1.0,0.553639846743295,0.14392607617759748,0.13713094433175568,0.1653031327473518,1.0,0.0,1.0,0.0,3,0,5,1,0.02,0.01,85,58,standard,19,189
6,Meta Winner: 17 players,2.5086206896551726,0.053042596348884384,15.0,1.0,0.03300653594771241,0.02003606040117196,0.36551724137931035,0.5814401622718052,0.5194805151921548,0.36262166862654677,0.014064111081163424,0.022950038003237472,3,0,5,1,0.02,0.01,85,58,standard,19,189
7,Soft Joss: 0.9,2.4923371647509582,0.7422695514987604,0.0,1.0,0.6008789722785666,0.14139057922019382,0.1073811133648862,0.1503493351363534,1.0,0.1013318971487596,1.0,0.09376982029054531,3,0,5,1,0.02,0.01,85,58,standard,19,189
8,GTFT: 0.33,2.39272030651341,0.8102434077079107,0.0,1.0,0.6342235744872662,0.17601983322064454,0.07498309668695062,0.1147734956051386,1.0,0.3425296999665747,1.0,0.3402205160807506,3,0,5,1,0.02,0.01,85,58,standard,19,189
9,Suspicious Tit For Tat,2.353448275862069,0.5628014424160469,11.0,0.0,0.3767185034933513,0.18608293892269553,0.19645030425963486,0.24074825332431823,1.0,0.0,1.0,0.0,3,0,5,1,0.02,0.01,85,58,standard,19,189
10,Tit For 2 Tats,2.3486590038314175,0.8312035158891142,0.0,1.0,0.682657200811359,0.14854631507775523,0.03308541807527609,0.13571106603560967,1.0,0.7436127168567315,1.0,0.0,3,0,5,1,0.02,0.01,85,58,standard,19,189
11,Win-Stay Lose-Shift,2.3045977011494254,0.7633874239350913,1.0,1.0,0.5932274059048906,0.17016001803020062,0.07199684471489745,0.16461573135001126,1.0,0.0,0.0,1.0,3,0,5,1,0.02,0.01,85,58,standard,19,189
12,Meta Mixer: 17 players,2.074712643678161,0.46877394636015324,9.0,0.7444444444444445,0.23192472391255356,0.2368492224475997,0.21247464503042596,0.3187514086094207,0.5891562596147799,0.38585993526702417,0.562970805881596,0.37774431889357535,3,0,5,1,0.02,0.01,85,58,standard,19,189
13,Cooperator,2.0402298850574714,1.0,0.0,1.0,0.6807865675005634,0.31921343249943657,0.0,0.0,1.0,1.0,0.0,0.0,3,0,5,1,0.02,0.01,85,58,standard,19,189
14,Alternator,2.005747126436782,0.5,7.0,1.0,0.17506197881451435,0.32493802118548565,0.24539102997520848,0.25460897002479155,0.0,0.0,1.0,1.0,3,0,5,1,0.02,0.01,85,58,standard,19,189
15,Cycler DC,1.9990421455938698,0.5,6.0,0.0,0.16858237547892718,0.3314176245210728,0.24735181428893396,0.252648185711066,0.0,0.0,1.0,1.0,3,0,5,1,0.02,0.01,85,58,standard,19,189
16,Random: 0.5,1.9750957854406128,0.49998873112463377,7.0,0.49607843137254903,0.20973630831643,0.2902524228082038,0.21020960108181203,0.2898016677935542,0.5008746305203965,0.4961373884920525,0.4913522832487248,0.502050970792312,3,0,5,1,0.02,0.01,85,58,standard,19,189
17,Bully,1.9339080459770115,0.5709601081812035,9.0,0.0,0.16427766508902414,0.40668244309217944,0.25332431823304036,0.17571557358575612,0.0,1.0,0.0,1.0,3,0,5,1,0.02,0.01,85,58,standard,19,189
18,Anti Tit For Tat,1.6685823754789273,0.637052062204192,7.0,1.0,0.17648185711066036,0.4605702050935317,0.19407257155735855,0.1688753662384494,0.0,1.0,0.0,1.0,3,0,5,1,0.02,0.01,85,58,standard,19,189
0,Grudger,2.8626262626262626,0.3395061728395062,3.0,1.0,0.3354657687991021,0.00404040404040404,0.29895248784137674,0.3615413393191171,1.0,0.0,0.0,0.0,3,0,5,1,0.09,0.01,27,165,standard,7,190
1,Evolved HMM 5,2.7404040404040404,0.4355031799476244,3.0,1.0,0.34747474747474755,0.08802843247287692,0.2828282828282828,0.2816685372240928,0.9896755162241888,0.40950373462306644,0.0257201646090535,0.2147338173443879,3,0,5,1,0.09,0.01,27,165,standard,7,190
2,Defector,2.498989898989899,0.0,6.0,0.0,0.0,0.0,0.377964833520389,0.622035166479611,0.0,0.0,0.0,0.0,3,0,5,1,0.09,0.01,27,165,standard,7,190
3,Soft Joss: 0.9,2.1898989898989902,0.5945005611672278,0.0,1.0,0.4006734006734007,0.19382716049382717,0.14504302282080062,0.26045641601197156,1.0,0.1054100566323293,1.0,0.09835234108670171,3,0,5,1,0.09,0.01,27,165,standard,7,190
4,Meta Mixer: 6 players,1.8484848484848484,0.296109240553685,3.0,0.6790123456790124,0.09401421623643845,0.20209502431724655,0.2162364384586607,0.48765432098765427,0.29851929191393156,0.2912702058661019,0.3317867860191819,0.3195555489939891,3,0,5,1,0.09,0.01,27,165,standard,7,190
5,Alternator,1.2666666666666668,0.503030303030303,1.0,1.0,0.12334455667789002,0.37968574635241303,0.09996258885147774,0.3970071081182192,0.0,0.0,1.0,1.0,3,0,5,1,0.09,0.01,27,165,standard,7,190
6,Bully,0.9545454545454546,0.7745978301533857,2.0,0.0,0.15686494575383467,0.617732884399551,0.06442199775533108,0.1609801720912832,0.0,1.0,0.0,1.0,3,0,5,1,0.09,0.01,27,165,standard,7,190
0,"DoubleCrosser: (D, D)",3.061313291139241,0.45836310739077174,13.0,1.0,0.4424573805634953,0.01590572682727644,0.29785754389546754,0.24377934871376072,0.996564438232817,0.7685624534308745,0.00928566206039336,0.0,3,0,5,1,0.02,0.07,62,158,standard,17,191
1,Evolved FSM 16,2.973892405063291,0.5134876480195998,7.0,1.0,0.40368517762351985,0.10980247039608004,0.31889291547570436,0.1676194365046958,0.8678528171072966,0.532876760680445,0.15981016576509605,0.3278715488901112,3,0,5,1,0.02,0.07,62,158,standard,17,191
2,Grudger,2.9703322784810124,0.3811951306655778,7.0,1.0,0.376843864842793,0.004351265822784811,0.3052393834218048,0.3135654859126174,1.0,0.0,0.0,0.0,3,0,5,1,0.02,0.07,62,158,standard,17,191
3,Meta Winner: 15 players,2.792325949367089,0.01935739077174357,13.0,1.0,0.01108232952225398,0.008275061249489589,0.4325745202123315,0.5480680890159249,0.5519417404603393,0.4424405985216239,0.011443365456504616,0.010997966973906455,3,0,5,1,0.02,0.07,62,158,standard,17,191
4,Defector,2.5522151898734178,0.0,14.0,0.0,0.0,0.0,0.3874349224173132,0.6125650775826867,0.0,0.0,0.0,0.0,3,0,5,1,0.02,0.07,62,158,standard,17,191
5,Soft Joss: 0.9,2.4046677215189876,0.6919086872192731,0.0,1.0,0.5192616884442629,0.17264699877501022,0.1351316864026133,0.17295962637811355,1.0,0.10281090767522287,1.0,0.09903563880994748,3,0,5,1,0.02,0.07,62,158,standard,17,191
6,Win-Stay Lose-Shift,2.3362341772151898,0.6687104430379747,1.0,1.0,0.4777970600244998,0.19091338301347488,0.14304945896284196,0.18824009799918334,1.0,0.0,0.0,1.0,3,0,5,1,0.02,0.07,62,158,standard,17,191
7,Tit For 2 Tats,2.1710838607594938,0.7967282564311964,0.0,1.0,0.6022930277664352,0.19443522866476112,0.040112035524703965,0.16315970804409965,1.0,0.7593455232567905,1.0,0.0,3,0,5,1,0.02,0.07,62,158,standard,17,191
8,Suspicious Tit For Tat,2.1615901898734178,0.4897470906492446,7.0,0.0,0.3190205185790118,0.17072657207023276,0.1734572784810127,0.3367956308697428,1.0,0.0,1.0,0.0,3,0,5,1,0.02,0.07,62,158,standard,17,191
9,Meta Mixer: 15 players,1.9808148734177216,0.4488502960391997,10.0,0.6481854838709677,0.1952837893017558,0.25356650673744385,0.2121784401796652,0.3389712637811352,0.5043108424033689,0.4160705282851843,0.5052506341736468,0.42319492497290045,3,0,5,1,0.02,0.07,62,158,standard,17,191
10,Alternator,1.959849683544304,0.5,4.0,1.0,0.19319747856267866,0.30680252143732134,0.21999413025724793,0.28000586974275216,0.0,0.0,1.0,1.0,3,0,5,1,0.02,0.07,62,158,standard,17,191
11,Cycler DC,1.9560917721518987,0.5,5.0,0.0,0.19082406084115966,0.30917593915884034,0.22052368313597387,0.27947631686402613,0.0,0.0,1.0,1.0,3,0,5,1,0.02,0.07,62,158,standard,17,191
12,Random: 0.5,1.8977452531645569,0.49986601674152714,6.0,0.49899193548387094,0.19967333605553286,0.3001926806859943,0.200324111882401,0.2998098713760719,0.4973516455702864,0.5004104639411159,0.4947583941140712,0.5028277041679309,3,0,5,1,0.02,0.07,62,158,standard,17,191
13,Bully,1.8896360759493671,0.5828271743568804,7.0,0.0,0.17751505716619026,0.4053121171906901,0.2350959575336872,0.18207686810943244,0.0,1.0,0.0,1.0,3,0,5,1,0.02,0.07,62,158,standard,17,191
14,Cooperator,1.8109177215189873,1.0,0.0,1.0,0.603620100040833,0.39637989995916706,0.0,0.0,1.0,1.0,0.0,0.0,3,0,5,1,0.02,0.07,62,158,standard,17,191
15,Win-Shift Lose-Stay: D,1.7488132911392404,0.5652689873417721,6.0,0.0,0.18659401796651695,0.37867496937525513,0.1903583095140874,0.24437270314414047,0.0,1.0,1.0,0.0,3,0,5,1,0.02,0.07,62,158,standard,17,191
16,Anti Tit For Tat,1.5852452531645569,0.6490021437321356,4.0,1.0,0.1817514801959984,0.4672506635361372,0.1721876276031033,0.17881022866476112,0.0,1.0,0.0,1.0,3,0,5,1,0.02,0.07,62,158,standard,17,191
0,Evolved HMM 5,2.9794520547945202,1.0,0.0,1.0,0.9931506849315068,0.00684931506849315,0.0,0.0,1.0,1.0,0.0,0.0,3,0,5,1,0.06,0.06,87,73,standard,3,192
1,Suspicious Tit For Tat,2.5342465753424657,0.6575342465753424,2.0,0.0,0.4931506849315068,0.1643835616438356,0.1780821917808219,0.1643835616438356,1.0,0.0,1.0,0.0,3,0,5,1,0.06,0.06,87,73,standard,3,192
2,Win-Stay Lose-Shift,2.4863013698630136,0.6712328767123288,0.0,1.0,0.5,0.17123287671232876,0.1643835616438356,0.1643835616438356,1.0,0.0,0.0,1.0,3,0,5,1,0.06,0.06,87,73,standard,3,192
0,Random: 0.5,3.1271929824561404,0.5033625730994152,2.0,0.5722222222222222,0.38165204678362574,0.12171052631578948,0.3759502923976608,0.12068713450292397,0.5050920331870431,0.4891513078026708,0.5032535996754758,0.49315245614405434,3,0,5,1,0.06,0.02,60,76,standard,4,193
1,Tit For Tat,2.7412280701754383,0.8350877192982457,0.0,1.0,0.7510233918128654,0.08406432748538012,0.08201754385964911,0.08289473684210526,1.0,0.0,1.0,0.0,3,0,5,1,0.06,0.02,60,76,standard,4,193
2,Tit For 2 Tats,2.6140350877192984,0.922514619883041,0.0,1.0,0.7950292397660819,0.1274853801169591,0.039692982456140356,0.03779239766081872,1.0,0.6792562463683904,1.0,0.0,3,0,5,1,0.06,0.02,60,76,standard,4,193
3,Cooperator,2.5065789473684212,1.0,0.0,1.0,0.8355994152046784,0.16440058479532163,0.0,0.0,1.0,1.0,0.0,0.0,3,0,5,1,0.06,0.02,60,76,standard,4,193
0,Grudger,2.9963235294117645,0.5036764705882353,1.0,1.0,0.5,0.003676470588235294,0.25,0.24632352941176472,1.0,0.0,0.0,0.0,3,0,5,1,0.02,0.06,19,136,standard,3,194
1,GTFT: 0.33,2.573529411764706,0.8421052631578947,0.0,1.0,0.5921052631578947,0.25,0.15789473684210525,0.0,1.0,0.3684210526315789,1.0,0.0,3,0,5,1,0.02,0.06,19,136,standard,3,194
2,Cycler DC,1.7794117647058822,0.5,1.0,0.0,0.09210526315789473,0.40789473684210525,0.2536764705882353,0.24632352941176472,0.0,0.0,1.0,1.0,3,0,5,1,0.02,0.06,19,136,standard,3,194
0,"DoubleCrosser: (D, D)",3.026315789473684,0.5552622691480474,16.0,1.0,0.5329191773760643,0.02234309177198315,0.24506301214027978,0.19967471871167278,0.9933474604228327,0.7708045977011494,0.03683640303358613,0.0,3,0,5,1,0.04,0.08,63,94,standard,20,195
1,Evolved HMM 5,2.988801791713326,0.5939405250715442,7.0,1.0,0.5425443040224674,0.05139622104907658,0.23961499493414387,0.166444479994312,0.9974725253236341,0.4694308531886534,0.014013724408985628,0.1923504046240347,3,0,5,1,0.04,0.08,63,94,standard,20,195
2,Grudger,2.959126539753639,0.48269610195702023,7.0,1.0,0.47653708739934947,0.006159014557670772,0.2527151211361738,0.26458877690680604,1.0,0.0,0.0,0.0,3,0,5,1,0.04,0.08,63,94,standard,20,195
3,Evolved FSM 16,2.9552071668533033,0.5989886062674417,7.0,1.0,0.502870651806822,0.09611795446061962,0.261096002417391,0.13991539131516736,0.8956649966453937,0.5281765659210568,0.1786357816083426,0.3280383438155661,3,0,5,1,0.04,0.08,63,94,standard,20,195
4,Meta Winner: 18 players,2.6343784994400896,0.03294583977674683,16.0,1.0,0.019827938640928557,0.013117901135818268,0.394443555697755,0.5726106045254981,0.5446538927202583,0.37301760848817483,0.013634206322715338,0.012846853645545012,3,0,5,1,0.04,0.08,63,94,standard,20,195
5,Tit For Tat,2.5235162374020157,0.6945822001813043,0.0,1.0,0.5421532554791234,0.15242894470218096,0.1477985744503102,0.1576192253683855,1.0,0.0,1.0,0.0,3,0,5,1,0.04,0.08,63,94,standard,20,195
6,Soft Joss: 0.9,2.4960806270996643,0.7408059154979648,0.0,1.0,0.5935583639950941,0.1472475515028706,0.11457722319984355,0.14461686130219162,1.0,0.107354507437416,1.0,0.09607766448174336,3,0,5,1,0.04,0.08,63,94,standard,20,195
7,Defector,2.4468085106382977,0.0,17.0,0.0,0.0,0.0,0.3617998897954105,0.6382001102045894,0.0,0.0,0.0,0.0,3,0,5,1,0.04,0.08,63,94,standard,20,195
8,Win-Stay Lose-Shift,2.43952967525196,0.7231554062461117,1.0,1.0,0.5620967311896764,0.1610586750564354,0.11959864199505858,0.15724595175882972,1.0,0.0,0.0,1.0,3,0,5,1,0.04,0.08,63,94,standard,20,195
9,GTFT: 0.33,2.3924972004479286,0.8061199097033364,0.0,1.0,0.6215716596455678,0.18454825005776856,0.08339998933503971,0.1104801009616239,1.0,0.3436453830589135,1.0,0.33951440019641727,3,0,5,1,0.04,0.08,63,94,standard,20,195
10,Tit For 2 Tats,2.3045912653975362,0.8333244458664392,0.0,1.0,0.6680442240352655,0.1652802218311737,0.03312358911463054,0.13355196501893027,1.0,0.7619576582175195,1.0,0.0,3,0,5,1,0.04,0.08,63,94,standard,20,195
11,Suspicious Tit For Tat,2.276595744680851,0.5400647007589897,11.0,0.0,0.3680477790220231,0.1720169217369665,0.17807817415880126,0.28185712508220906,1.0,0.0,1.0,0.0,3,0,5,1,0.04,0.08,63,94,standard,20,195
12,Meta Mixer: 18 players,2.0548712206047033,0.4553849161911872,11.0,0.6934001670843776,0.21574325885636075,0.23964165733482648,0.21669421781403864,0.32792086599477416,0.5646226988256196,0.38288687763129126,0.5523504462959187,0.3816485584495283,3,0,5,1,0.04,0.08,63,94,standard,20,195
13,Cooperator,2.0072788353863382,1.0,0.0,1.0,0.669555093407277,0.33044490659272296,0.0,0.0,1.0,1.0,0.0,0.0,3,0,5,1,0.04,0.08,63,94,standard,20,195
14,Alternator,1.9932810750279957,0.5,6.0,1.0,0.17317229243321072,0.3268277075667893,0.24298334488704024,0.25701665511295974,0.0,0.0,1.0,1.0,3,0,5,1,0.04,0.08,63,94,standard,20,195
15,Cycler DC,1.980963045912654,0.5,5.0,0.0,0.16958175580795964,0.3304182441920403,0.2431166568904531,0.25688334310954697,0.0,0.0,1.0,1.0,3,0,5,1,0.04,0.08,63,94,standard,20,195
16,Random: 0.5,1.9647256438969767,0.49895127890648605,8.0,0.5054302422723476,0.2077534261184877,0.29119785278799837,0.20964645656694927,0.2914022645265646,0.502721864508887,0.4932167522979184,0.506900916327794,0.4971108040632149,3,0,5,1,0.04,0.08,63,94,standard,20,195
17,Bully,1.8796192609182534,0.5836399509411827,9.0,0.0,0.17408770152331188,0.409552249417871,0.23507349935121494,0.1812865497076023,0.0,1.0,0.0,1.0,3,0,5,1,0.04,0.08,63,94,standard,20,195
18,Win-Shift Lose-Stay: D,1.8006718924972003,0.5946604098899732,9.0,0.0,0.19610195702021005,0.3985584528697631,0.20288309426047388,0.20245649584955294,0.0,1.0,1.0,0.0,3,0,5,1,0.04,0.08,63,94,standard,20,195
19,Anti Tit For Tat,1.6147816349384099,0.6436392399438312,6.0,1.0,0.1810465881014593,0.4625926518423718,0.17924243232193962,0.1771183277342292,0.0,1.0,0.0,1.0,3,0,5,1,0.04,0.08,63,94,standard,20,195
0,Evolved HMM 5,3.427083333333333,0.5173611111111112,2.0,1.0,0.5,0.017361111111111112,0.3611111111111111,0.12152777777777778,1.0,0.6666666666666666,0.0,0.0,3,0,5,1,0.06,0.05,29,72,standard,5,196
1,Suspicious Tit For Tat,2.4479166666666665,0.5763888888888888,2.0,0.0,0.3090277777777778,0.2673611111111111,0.2743055555555555,0.14930555555555552,1.0,0.0,1.0,0.0,3,0,5,1,0.06,0.05,29,72,standard,5,196
2,Win-Stay Lose-Shift,2.145833333333333,0.625,0.0,1.0,0.39583333333333337,0.22916666666666669,0.14583333333333334,0.22916666666666669,1.0,0.0,0.0,1.0,3,0,5,1,0.06,0.05,29,72,standard,5,196
3,Bully,1.8506944444444444,0.5729166666666666,1.0,0.0,0.2708333333333333,0.30208333333333337,0.1527777777777778,0.2743055555555556,0.0,1.0,0.0,1.0,3,0,5,1,0.06,0.05,29,72,standard,5,196
4,Cycler DC,1.8368055555555556,0.5,0.0,0.0,0.1909722222222222,0.3090277777777778,0.1909722222222222,0.3090277777777778,0.0,0.0,1.0,1.0,3,0,5,1,0.06,0.05,29,72,standard,5,196
0,Evolved FSM 16,3.479591836734694,0.7512755102040817,1.0,1.0,0.7487244897959184,0.002551020408163265,0.2461734693877551,0.002551020408163265,1.0,0.0,0.0,0.0,3,0,5,1,0.05,0.04,91,196,standard,5,197
1,"DoubleCrosser: (D, D)",3.4668367346938775,0.7487244897959183,4.0,1.0,0.743622448979592,0.005102040816326531,0.2461734693877551,0.005102040816326531,0.9961340206185567,0.75,0.0,0.0,3,0,5,1,0.05,0.04,91,196,standard,5,197
2,Tit For Tat,2.806122448979592,0.8737244897959183,0.0,1.0,0.8099489795918368,0.06377551020408163,0.0625,0.06377551020408163,1.0,0.0,1.0,0.0,3,0,5,1,0.05,0.04,91,196,standard,5,197
3,Win-Stay Lose-Shift,2.5790816326530615,0.9158163265306123,0.0,1.0,0.8316326530612246,0.08418367346938777,0.0,0.08418367346938777,1.0,0.0,0.0,1.0,3,0,5,1,0.05,0.04,91,196,standard,5,197
4,Anti Tit For Tat,1.3545918367346939,0.7002551020408163,1.0,1.0,0.149234693877551,0.5510204081632653,0.15178571428571427,0.14795918367346939,0.0,1.0,0.0,1.0,3,0,5,1,0.05,0.04,91,196,standard,5,197
0,Defector,3.67515923566879,0.0,3.0,0.0,0.0,0.0,0.6687898089171975,0.33121019108280253,0.0,0.0,0.0,0.0,3,0,5,1,0.01,0.04,68,157,standard,4,198
1,Alternator,2.248407643312102,0.5031847133757962,1.0,1.0,0.2526539278131635,0.2505307855626327,0.24840764331210194,0.24840764331210194,0.0,0.0,1.0,1.0,3,0,5,1,0.01,0.04,68,157,standard,4,198
2,Win-Stay Lose-Shift,1.9171974522292992,0.6687898089171974,0.0,1.0,0.41825902335456466,0.2505307855626327,0.08280254777070062,0.24840764331210188,1.0,0.0,0.0,1.0,3,0,5,1,0.01,0.04,68,157,standard,4,198
3,Cooperator,1.503184713375796,1.0,0.0,1.0,0.5010615711252654,0.49893842887473455,0.0,0.0,1.0,1.0,0.0,0.0,3,0,5,1,0.01,0.04,68,157,standard,4,198
0,Evolved HMM 5,2.9921875,0.40056089743589746,7.0,1.0,0.32718349358974363,0.07337740384615385,0.3530048076923077,0.2464342948717949,0.9974969611669118,0.48442863712532624,0.016248180201335203,0.1947753570949221,3,0,5,1,0.07,0.07,30,128,standard,14,199
1,Grudger,2.9447115384615383,0.24122596153846154,7.0,1.0,0.23521634615384615,0.006009615384615385,0.37029246794871795,0.3884815705128205,1.0,0.0,0.0,0.0,3,0,5,1,0.07,0.07,30,128,standard,14,199
2,Meta Winner: 12 players,2.6105769230769234,0.024298878205128206,10.0,1.0,0.012379807692307693,0.011919070512820512,0.39364983974358975,0.5820512820512821,0.5919574903724825,0.4694021929853119,0.00711840531656502,0.01472286534605354,3,0,5,1,0.07,0.07,30,128,standard,14,199
3,Defector,2.3233173076923075,0.0,11.0,0.0,0.0,0.0,0.3305088141025641,0.6694911858974358,0.0,0.0,0.0,0.0,3,0,5,1,0.07,0.07,30,128,standard,14,199
4,Soft Joss: 0.9,2.2701322115384617,0.6191706730769231,0.0,1.0,0.4053886217948718,0.21378205128205127,0.16768830128205123,0.21314102564102563,1.0,0.09859114947442993,1.0,0.09804121633371078,3,0,5,1,0.07,0.07,30,128,standard,14,199
5,Suspicious Tit For Tat,2.073918269230769,0.4495192307692308,5.0,0.0,0.2887620192307692,0.16075721153846154,0.16364182692307694,0.3868389423076923,1.0,0.0,1.0,0.0,3,0,5,1,0.07,0.07,30,128,standard,14,199
6,Meta Mixer: 12 players,1.9816706730769231,0.40803285256410254,7.5,0.5846153846153846,0.16462339743589743,0.24340945512820508,0.22167467948717945,0.37029246794871806,0.46393453008811775,0.3934434327601932,0.45437967564161813,0.39031055201944764,3,0,5,1,0.07,0.07,30,128,standard,14,199
7,Tit For 2 Tats,1.9717548076923077,0.7467948717948718,0.0,1.0,0.5061698717948718,0.24062500000000003,0.05034054487179487,0.20286458333333338,1.0,0.7331216683330133,1.0,0.0,3,0,5,1,0.07,0.07,30,128,standard,14,199
8,Cycler DC,1.8740985576923077,0.5,3.0,0.0,0.17514022435897436,0.3248597756410256,0.21159855769230768,0.2884014423076923,0.0,0.0,1.0,1.0,3,0,5,1,0.07,0.07,30,128,standard,14,199
9,Alternator,1.8725961538461537,0.5,3.0,1.0,0.17674278846153843,0.32325721153846154,0.21103766025641027,0.28896233974358976,0.0,0.0,1.0,1.0,3,0,5,1,0.07,0.07,30,128,standard,14,199
10,Random: 0.5,1.84765625,0.49759615384615385,4.5,0.5153846153846153,0.19180689102564102,0.3057892628205128,0.19258814102564104,0.30981570512820517,0.5074720825894162,0.4929548318104488,0.49480868851729015,0.5005587707898975,3,0,5,1,0.07,0.07,30,128,standard,14,199
11,Win-Shift Lose-Stay: D,1.8269230769230769,0.5130608974358974,5.0,0.0,0.19030448717948717,0.3227564102564102,0.19362980769230773,0.29330929487179486,0.0,1.0,1.0,0.0,3,0,5,1,0.07,0.07,30,128,standard,14,199
12,Bully,1.7124399038461537,0.615625,4.5,0.0,0.19322916666666665,0.4223958333333333,0.18611778846153842,0.19825721153846154,0.0,1.0,0.0,1.0,3,0,5,1,0.07,0.07,30,128,standard,14,199
13,Anti Tit For Tat,1.3109975961538463,0.6997395833333333,2.5,1.0,0.19683493589743586,0.5029046474358974,0.10606971153846152,0.19419070512820513,0.0,1.0,0.0,1.0,3,0,5,1,0.07,0.07,30,128,standard,14,199
0,Grudger,3.4782608695652177,0.5060802215071466,2.0,1.0,0.5029746314450347,0.003105590062111801,0.36883559081044676,0.12508418768240664,1.0,0.0,0.0,0.0,3,0,5,1,0.05,0.03,83,161,standard,5,200
1,Evolved HMM 5,3.419254658385093,0.5509241936690863,2.0,1.0,0.5250318042355758,0.025892389433510438,0.34831250467709346,0.10076330165382025,0.991786858974359,0.29687681453954246,0.01765241128298453,0.1316138820405841,3,0,5,1,0.05,0.03,83,161,standard,5,200
2,Soft Joss: 0.9,2.5683229813664594,0.7705792112549578,0.0,1.0,0.6320998278829605,0.13847938337199733,0.11112774077677169,0.1182930479682706,1.0,0.1006626388762122,1.0,0.10287836094066838,3,0,5,1,0.05,0.03,83,161,standard,5,200
3,Random: 0.5,1.5962732919254659,0.5015902117787921,2.0,0.5120481927710844,0.15683229813664598,0.3447579136421462,0.1574496744742947,0.3409601137469131,0.4886364351244702,0.5038164876877903,0.4838899638663969,0.5055170781143223,3,0,5,1,0.05,0.03,83,161,standard,5,200
4,Anti Tit For Tat,1.1878881987577639,0.7375028062560802,1.0,1.0,0.12873232058669462,0.6087704856693856,0.13528025144054479,0.127216942303375,0.0,1.0,0.0,1.0,3,0,5,1,0.05,0.03,83,161,standard,5,200
0,"DoubleCrosser: (D, D)",2.873170731707317,0.7235344458707745,9.0,1.0,0.6839537869062902,0.039580658964484386,0.13808301240907148,0.13838254172015405,0.9825836325836326,0.7689820954907162,0.04873215076235677,0.0,3,0,5,1,0.05,0.06,57,41,standard,11,201
1,Evolved HMM 5,2.778048780487805,0.7116388532306376,3.0,1.0,0.6641848523748395,0.04745400085579803,0.12657252888318357,0.16178861788617888,0.997759013791067,0.3529848705041139,0.008097465479888282,0.17352162816759606,3,0,5,1,0.05,0.06,57,41,standard,11,201
2,Evolved FSM 16,2.770731707317073,0.7106118955926402,3.0,1.0,0.6570389388104407,0.0535729567821994,0.1257595207531023,0.16362858365425761,0.8254094728534834,0.43650789910051613,0.16306384011904018,0.16751249010109118,3,0,5,1,0.05,0.06,57,41,standard,11,201
3,Tit For Tat,2.707317073170732,0.8073170731707318,0.0,1.0,0.6890029952931107,0.11831407787762085,0.1110825845100556,0.08160034231921266,1.0,0.0,1.0,0.0,3,0,5,1,0.05,0.06,57,41,standard,11,201
4,Soft Joss: 0.9,2.678048780487805,0.8273427471116817,0.0,1.0,0.7002567394094994,0.1270860077021823,0.1014548566538297,0.07120239623448867,1.0,0.10304221640094142,1.0,0.0958848501794119,3,0,5,1,0.05,0.06,57,41,standard,11,201
5,Tit For 2 Tats,2.5707317073170732,0.9549422336328627,0.0,1.0,0.8150620453572957,0.13988018827556697,0.019255455712451863,0.02580231065468549,1.0,0.8774620444425082,1.0,0.0,3,0,5,1,0.05,0.06,57,41,standard,11,201
6,Cooperator,2.5390243902439025,1.0,0.0,1.0,0.8467693624304664,0.1532306375695336,0.0,0.0,1.0,1.0,0.0,0.0,3,0,5,1,0.05,0.06,57,41,standard,11,201
7,Meta Mixer: 9 players,2.44390243902439,0.6396234488660676,5.0,0.9508771929824561,0.469747539580659,0.16987590928540866,0.171074026529739,0.18930252460419342,0.773262468504021,0.3576004317083066,0.7320120799394921,0.3438844740519647,3,0,5,1,0.05,0.06,57,41,standard,11,201
8,Meta Winner: 9 players,2.4292682926829268,0.39405220367993155,7.0,1.0,0.25139067180145486,0.1426615318784767,0.2753102267864784,0.33063756953359,0.590880488305207,0.4382300086717095,0.42311611104569813,0.21223803201835972,3,0,5,1,0.05,0.06,57,41,standard,11,201
9,Random: 0.5,2.148780487804878,0.4976465554129226,5.0,0.5157894736842106,0.23774069319640567,0.2599058622165169,0.2361574668378263,0.2661959777492512,0.5049084146860346,0.48662695160286845,0.5009316696093976,0.49535941014949714,3,0,5,1,0.05,0.06,57,41,standard,11,201
10,Alternator,2.1365853658536587,0.5121951219512195,4.0,1.0,0.18750534873769792,0.32468977321352155,0.27150192554557123,0.21630295250320924,0.0,0.0,1.0,1.0,3,0,5,1,0.05,0.06,57,41,standard,11,201
0,Grudger,2.8263157894736843,0.5631578947368421,7.0,1.0,0.5054276315789473,0.05773026315789473,0.2194078947368421,0.21743421052631576,1.0,0.0,0.0,0.0,3,0,5,1,0.04,0.09,32,10,standard,20,202
1,Evolved HMM 5,2.7578947368421054,0.6847039473684211,6.0,1.0,0.575328947368421,0.109375,0.18042763157894734,0.1348684210526316,1.0,0.4554944704010091,0.01639344262295082,0.16279716353408322,3,0,5,1,0.04,0.09,32,10,standard,20,202
2,Evolved FSM 16,2.7473684210526317,0.6861842105263158,5.0,1.0,0.5550986842105263,0.13108552631578949,0.18865131578947367,0.12516447368421052,0.9191967109424416,0.40986406474442066,0.4436260578501958,0.35040202153920924,3,0,5,1,0.04,0.09,32,10,standard,20,202
3,Defector,2.6631578947368424,0.0,17.0,0.0,0.0,0.0,0.4129934210526316,0.5870065789473684,0.0,0.0,0.0,0.0,3,0,5,1,0.04,0.09,32,10,standard,20,202
4,Meta Winner: 18 players,2.6078947368421055,0.3100328947368421,15.0,1.0,0.18453947368421053,0.1254934210526316,0.34309210526315786,0.346875,0.5577215430857216,0.36618920385389137,0.05187212116676447,0.22780350415820527,3,0,5,1,0.04,0.09,32,10,standard,20,202
5,"DoubleCrosser: (D, D)",2.5421052631578944,0.7149671052631579,10.0,1.0,0.5322368421052632,0.18273026315789476,0.16266447368421055,0.12236842105263164,0.9131267730230017,0.792170840565336,0.0,0.0,3,0,5,1,0.04,0.09,32,10,standard,20,202
6,Tit For Tat,2.481578947368421,0.7356907894736842,0.0,1.0,0.5562499999999999,0.1794407894736842,0.13733552631578946,0.12697368421052632,1.0,0.0,1.0,0.0,3,0,5,1,0.04,0.09,32,10,standard,20,202
7,Soft Joss: 0.9,2.4631578947368418,0.7690789473684211,0.0,1.0,0.5807565789473683,0.18832236842105263,0.12220394736842105,0.10871710526315788,1.0,0.10793347921644902,1.0,0.1050823767253158,3,0,5,1,0.04,0.09,32,10,standard,20,202
8,Win-Stay Lose-Shift,2.4184210526315786,0.7518092105263158,1.0,1.0,0.5779605263157895,0.17384868421052632,0.1106907894736842,0.13749999999999998,1.0,0.0,0.0,1.0,3,0,5,1,0.04,0.09,32,10,standard,20,202
9,Suspicious Tit For Tat,2.386842105263158,0.4911184210526316,10.0,0.0,0.29572368421052636,0.19539473684210526,0.24999999999999994,0.2588815789473684,1.0,0.0,1.0,0.0,3,0,5,1,0.04,0.09,32,10,standard,20,202
10,GTFT: 0.33,2.3815789473684212,0.8207236842105263,0.0,1.0,0.6133223684210526,0.20740131578947366,0.09111842105263156,0.08815789473684209,1.0,0.3024104122571222,1.0,0.306657800031294,3,0,5,1,0.04,0.09,32,10,standard,20,202
11,Alternator,2.3657894736842104,0.5,8.0,1.0,0.23470394736842104,0.26529605263157896,0.29292763157894736,0.20707236842105267,0.0,0.0,1.0,1.0,3,0,5,1,0.04,0.09,32,10,standard,20,202
12,Random: 0.5,2.3157894736842106,0.5039473684210526,8.5,0.5213815789473685,0.2615131578947369,0.24243421052631575,0.25246710526315796,0.24358552631578947,0.5077773944636855,0.4921942744891355,0.4940488366610093,0.5015137396087035,3,0,5,1,0.04,0.09,32,10,standard,20,202
13,Meta Mixer: 18 players,2.3105263157894735,0.5620065789473684,8.5,0.6858552631578947,0.33881578947368424,0.22319078947368423,0.21825657894736844,0.2197368421052632,0.6570331406839163,0.4117643363527793,0.6149357116947101,0.4374227513987028,3,0,5,1,0.04,0.09,32,10,standard,20,202
14,Cycler DC,2.2973684210526315,0.5,6.0,0.0,0.20476973684210528,0.29523026315789475,0.29687500000000006,0.203125,0.0,0.0,1.0,1.0,3,0,5,1,0.04,0.09,32,10,standard,20,202
15,Tit For 2 Tats,2.289473684210526,0.881578947368421,0.0,1.0,0.6763157894736843,0.20526315789473684,0.03536184210526316,0.08305921052631578,1.0,0.7675551977216586,1.0,0.0,3,0,5,1,0.04,0.09,32,10,standard,20,202
16,Win-Shift Lose-Stay: D,2.2263157894736842,0.5271381578947368,10.0,0.0,0.20953947368421053,0.3175986842105263,0.27713815789473684,0.19572368421052633,0.0,1.0,1.0,0.0,3,0,5,1,0.04,0.09,32,10,standard,20,202
17,Bully,2.2,0.47730263157894737,9.0,0.0,0.1606907894736842,0.31661184210526316,0.2988486842105263,0.22384868421052637,0.0,1.0,0.0,1.0,3,0,5,1,0.04,0.09,32,10,standard,20,202
18,Cooperator,2.0210526315789474,1.0,0.0,1.0,0.6741776315789473,0.3258223684210526,0.0,0.0,1.0,1.0,0.0,0.0,3,0,5,1,0.04,0.09,32,10,standard,20,202
19,Anti Tit For Tat,1.9684210526315788,0.5939144736842106,7.0,1.0,0.22302631578947368,0.37088815789473684,0.22269736842105264,0.18338815789473686,0.0,1.0,0.0,1.0,3,0,5,1,0.04,0.09,32,10,standard,20,202
0,Grudger,2.991320237551393,0.6381909547738693,3.0,1.0,0.6359068067610781,0.002284148012791229,0.1804476930105071,0.18136135221562358,1.0,0.0,0.0,0.0,3,0,5,1,0.01,0.05,46,199,standard,12,203
1,"DoubleCrosser: (D, D)",2.980813156692554,0.6404751027866605,10.0,1.0,0.6331658291457286,0.007309273640931932,0.18068603889010268,0.17883885832323673,0.9960518894529046,0.75,0.0,0.0,3,0,5,1,0.01,0.05,46,199,standard,12,203
2,Evolved FSM 16,2.9273640931932388,0.7003197807217908,3.0,1.0,0.6377341251713111,0.06258565555047967,0.1786203746002741,0.12105984467793512,0.9166666666666666,0.5,0.010362972508591065,0.32550030321406914,3,0,5,1,0.01,0.05,46,199,standard,12,203
3,Defector,2.6875285518501597,0.0,11.0,0.0,0.0,0.0,0.4223588297217311,0.5776411702782688,0.0,0.0,0.0,0.0,3,0,5,1,0.01,0.05,46,199,standard,12,203
4,Soft Joss: 0.9,2.615577889447236,0.7933441913122927,0.0,1.0,0.6669910818916717,0.12635310942062086,0.10205176078018552,0.10460404790752179,1.0,0.10467895383635635,1.0,0.09848090538628639,3,0,5,1,0.01,0.05,46,199,standard,12,203
5,GTFT: 0.33,2.5175879396984926,0.8442707609192206,0.0,1.0,0.6881045543925159,0.15616620652670465,0.0746221224700578,0.08110711661072159,1.0,0.3520877553171285,1.0,0.33920666043423836,3,0,5,1,0.01,0.05,46,199,standard,12,203
6,Win-Stay Lose-Shift,2.4819552306989494,0.8332571950662403,0.0,1.0,0.7108268615806305,0.12243033348560985,0.04568296025582457,0.12105984467793512,1.0,0.0,0.0,1.0,3,0,5,1,0.01,0.05,46,199,standard,12,203
7,Tit For 2 Tats,2.4321608040201004,0.8734582000913659,0.0,1.0,0.7441754225673823,0.12928277752398357,0.018273184102329833,0.10826861580630424,1.0,0.8,1.0,0.0,3,0,5,1,0.01,0.05,46,199,standard,12,203
8,Cooperator,2.1790772042028324,1.0,0.0,1.0,0.7263590680676107,0.2736409319323892,0.0,0.0,1.0,1.0,0.0,0.0,3,0,5,1,0.01,0.05,46,199,standard,12,203
9,Cycler DC,2.058245774326177,0.49748743718592964,5.0,0.0,0.17980217291993567,0.317685264265994,0.25445408862494284,0.24805847418912744,0.0,0.0,1.0,1.0,3,0,5,1,0.01,0.05,46,199,standard,12,203
10,Alternator,2.0571037003197805,0.5025125628140703,4.0,1.0,0.1836554313067313,0.318857131507339,0.25216994061215164,0.245317496573778,0.0,0.0,1.0,1.0,3,0,5,1,0.01,0.05,46,199,standard,12,203
11,Bully,1.8305162174508909,0.594812004687469,6.0,0.0,0.18259280592686755,0.41221919876060137,0.21944703755933823,0.1857409577531928,0.0,1.0,0.0,1.0,3,0,5,1,0.01,0.05,46,199,standard,12,203
0,"DoubleCrosser: (D, D)",2.9696969696969697,0.5113636363636364,7.0,1.0,0.5012626262626263,0.010101010101010102,0.24431818181818182,0.24431818181818182,0.9970845481049563,0.75,0.0,0.0,3,0,5,1,0.05,0.06,73,198,standard,9,204
1,Evolved HMM 5,2.9438131313131315,0.5449183616991836,3.0,1.0,0.5008215718832159,0.0440967898159679,0.24665317559153177,0.2084284627092846,1.0,0.4298644338118022,0.0,0.23686097735887715,3,0,5,1,0.05,0.06,73,198,standard,9,204
2,Evolved FSM 16,2.898358585858586,0.5890151515151515,3.0,1.0,0.5025252525252526,0.08648989898989899,0.24494949494949494,0.16603535353535354,0.8888888888888888,0.49870801033591733,0.008662657502863687,0.3255360993194529,3,0,5,1,0.05,0.06,73,198,standard,9,204
3,Tit For Tat,2.5782828282828283,0.7089646464646465,0.0,1.0,0.5410353535353535,0.1679292929292929,0.16603535353535354,0.125,1.0,0.0,1.0,0.0,3,0,5,1,0.05,0.06,73,198,standard,9,204
4,Defector,2.5025252525252526,0.0,7.0,0.0,0.0,0.0,0.37534592500345926,0.6246540749965407,0.0,0.0,0.0,0.0,3,0,5,1,0.05,0.06,73,198,standard,9,204
5,Cooperator,2.058712121212121,1.0,0.0,1.0,0.6862373737373737,0.3137626262626263,0.0,0.0,1.0,1.0,0.0,0.0,3,0,5,1,0.05,0.06,73,198,standard,9,204
6,Alternator,1.6912878787878787,0.5,2.0,1.0,0.09930642036806421,0.40069357963193586,0.22367510723675105,0.2763248927632489,0.0,0.0,1.0,1.0,3,0,5,1,0.05,0.06,73,198,standard,9,204
7,Cycler DC,1.6856060606060606,0.5,1.0,0.0,0.09722222222222224,0.40277777777777785,0.22348484848484848,0.27651515151515155,0.0,0.0,1.0,1.0,3,0,5,1,0.05,0.06,73,198,standard,9,204
8,Win-Shift Lose-Stay: D,1.5568181818181819,0.6401515151515151,2.0,0.0,0.1691919191919192,0.47095959595959597,0.17234848484848486,0.1875,0.0,1.0,1.0,0.0,3,0,5,1,0.05,0.06,73,198,standard,9,204
0,Tit For 2 Tats,3.0,1.0,0.0,1.0,1.0,0.0,0.0,0.0,1.0,0,0,0,3,0,5,1,0.06,0.07,11,86,standard,3,205
1,Win-Stay Lose-Shift,3.0,1.0,0.0,1.0,1.0,0.0,0.0,0.0,1.0,0,0,0,3,0,5,1,0.06,0.07,11,86,standard,3,205
2,Cooperator,3.0,1.0,0.0,1.0,1.0,0.0,0.0,0.0,1.0,0,0,0,3,0,5,1,0.06,0.07,11,86,standard,3,205
0,Bully,2.777777777777778,0.3888888888888889,1.0,0.0,0.27777777777777773,0.1111111111111111,0.3333333333333333,0.27777777777777773,0,1.0,0.0,1.0,3,0,5,1,0.02,0.1,63,126,standard,4,206
1,Win-Shift Lose-Stay: D,2.7539682539682544,0.3862433862433862,3.0,0.0,0.30423280423280424,0.08201058201058202,0.30687830687830686,0.30687830687830686,0,1.0,1.0,0.0,3,0,5,1,0.02,0.1,63,126,standard,4,206
2,Cycler DC,2.084656084656085,0.5,1.0,0.0,0.41534391534391535,0.08465608465608465,0.08465608465608465,0.41534391534391535,0,0.0,1.0,1.0,3,0,5,1,0.02,0.1,63,126,standard,4,206
3,Anti Tit For Tat,1.1084656084656084,0.7248677248677249,0.0,1.0,0.27777777777777773,0.44708994708994715,0.0,0.2751322751322751,0,1.0,0.0,1.0,3,0,5,1,0.02,0.1,63,126,standard,4,206
0,"DoubleCrosser: (D, D)",2.9513788098693756,0.5529753265602322,10.0,1.0,0.534833091436865,0.018142235123367198,0.2252979145978153,0.2217267588419525,0.9938726322221467,0.7857142857142857,0.0,0.0,3,0,5,1,0.09,0.09,76,106,standard,14,207
1,Evolved HMM 5,2.9270682148040637,0.5942154915590864,4.0,1.0,0.5401516308914522,0.054063860667634245,0.22515468642578876,0.18062982201512487,1.0,0.5003249971149791,0.0,0.227823178093721,3,0,5,1,0.09,0.09,76,106,standard,14,207
2,Defector,2.6371552975326558,0.0,12.0,0.0,0.0,0.0,0.40959437781682073,0.5904056221831793,0.0,0.0,0.0,0.0,3,0,5,1,0.09,0.09,76,106,standard,14,207
3,Meta Winner: 13 players,2.6219158200290273,0.026850507982583455,11.0,1.0,0.0162516232526163,0.010598884729967152,0.39964479413337417,0.5735046978840423,0.5678898452297999,0.6666666666666666,0.01,0.013392295161012478,3,0,5,1,0.09,0.09,76,106,standard,14,207
4,Soft Joss: 0.9,2.4390420899854863,0.7150714231151173,0.0,1.0,0.56966618287373,0.1454052402413872,0.1111546100374303,0.17377396684745247,1.0,0.10189142864091372,1.0,0.09731520927990167,3,0,5,1,0.09,0.09,76,106,standard,14,207
5,Suspicious Tit For Tat,2.433599419448476,0.627683141089298,9.0,0.0,0.4781529294935452,0.14953021159575283,0.15606141624016498,0.216255442670537,1.0,0.0,1.0,0.0,3,0,5,1,0.09,0.09,76,106,standard,14,207
6,GTFT: 0.33,2.316037735849057,0.7859693682682759,0.0,1.0,0.5980540065693988,0.1879153616988771,0.07683714001986097,0.13719349171186312,1.0,0.32723054830354303,1.0,0.33602287112136753,3,0,5,1,0.09,0.09,76,106,standard,14,207
7,Tit For 2 Tats,2.2714078374455733,0.7910014513788098,0.0,1.0,0.6458635703918723,0.14513788098693758,0.031204644412191583,0.17779390420899854,1.0,0.75,1.0,0.0,3,0,5,1,0.09,0.09,76,106,standard,14,207
8,Win-Stay Lose-Shift,2.1661828737300435,0.7460087082728593,0.0,1.0,0.5522496371552975,0.19375907111756166,0.06386066763425255,0.19013062409288825,1.0,0.0,0.0,1.0,3,0,5,1,0.09,0.09,76,106,standard,14,207
9,Bully,2.130624092888244,0.5350718050569093,7.0,0.0,0.17350660759300285,0.3615651974639065,0.28645634405316633,0.1784718508899244,0.0,1.0,0.0,1.0,3,0,5,1,0.09,0.09,76,106,standard,14,207
10,Alternator,2.1048621190130623,0.5,5.0,1.0,0.19566878007791613,0.3043312199220839,0.25495569475211977,0.2450443052478802,0.0,0.0,1.0,1.0,3,0,5,1,0.09,0.09,76,106,standard,14,207
11,Cycler DC,2.1026850507982586,0.5,5.0,0.0,0.19287105645099686,0.3071289435490031,0.25616835994194487,0.24383164005805516,0.0,0.0,1.0,1.0,3,0,5,1,0.09,0.09,76,106,standard,14,207
12,Cooperator,1.8461538461538463,1.0,0.0,1.0,0.6153846153846154,0.38461538461538464,0.0,0.0,1.0,1.0,0.0,0.0,3,0,5,1,0.09,0.09,76,106,standard,14,207
13,Anti Tit For Tat,1.7412917271407835,0.6193663585669544,5.0,1.0,0.1797227102589566,0.43964364830799785,0.2054464899549309,0.17518715147811476,0.0,1.0,0.0,1.0,3,0,5,1,0.09,0.09,76,106,standard,14,207
0,"DoubleCrosser: (D, D)",3.2107583774250443,0.6775562938353636,13.0,1.0,0.6541364177023092,0.023419876133054428,0.23116361100857225,0.09128009515606417,0.9906692275656306,0.7956204379562045,0.07388535031847134,0.0,3,0,5,1,0.1,0.02,43,81,standard,15,208
1,Evolved FSM 16,3.1693121693121697,0.6813502317378286,4.0,1.0,0.6061892457241295,0.07516098601369921,0.25977195357040317,0.05887781469176818,0.9704241071428572,0.6195227565874332,0.37194455376273555,0.5098470948012233,3,0,5,1,0.1,0.02,43,81,standard,15,208
2,Grudger,3.115520282186949,0.5832000328124359,5.0,1.0,0.5770271933062631,0.006172839506172839,0.2417046060456913,0.1750953611418728,1.0,0.0,0.0,0.0,3,0,5,1,0.1,0.02,43,81,standard,15,208
3,Meta Winner: 13 players,2.7239858906525574,0.08348714162667652,11.0,1.0,0.04138468479553751,0.042102456831139,0.41967105532997,0.49684180304335346,0.4729122854183211,0.7503879222629223,0.01959917860112515,0.048213694047446076,3,0,5,1,0.1,0.02,43,81,standard,15,208
4,Tit For Tat,2.6490299823633157,0.7729789590254706,0.0,1.0,0.6551823140970428,0.11779664492842788,0.11392067593617981,0.11310036503834954,1.0,0.0,1.0,0.0,3,0,5,1,0.1,0.02,43,81,standard,15,208
5,Soft Joss: 0.9,2.6366843033509704,0.8154095402157417,0.0,1.0,0.7126040769451621,0.10280546327057957,0.07819613633567124,0.10639432344858704,1.0,0.09601146571657268,1.0,0.10732204197426477,3,0,5,1,0.1,0.02,43,81,standard,15,208
6,Win-Stay Lose-Shift,2.604056437389771,0.7665805340223945,1.0,1.0,0.642159878593987,0.12442065542840737,0.11131618883556868,0.12210327714203682,1.0,0.0,0.0,1.0,3,0,5,1,0.1,0.02,43,81,standard,15,208
7,GTFT: 0.33,2.554673721340388,0.8615315204462491,0.0,1.0,0.7321889996308601,0.12934252081538902,0.05461219802305073,0.08385628153070011,1.0,0.3494241952794149,1.0,0.34271620481453513,3,0,5,1,0.1,0.02,43,81,standard,15,208
8,Tit For 2 Tats,2.5229276895943564,0.8775070751814937,0.0,1.0,0.7530864197530863,0.1244206554284074,0.03615520282186949,0.08633772199663671,1.0,0.7517514468473957,1.0,0.0,3,0,5,1,0.1,0.02,43,81,standard,15,208
9,Suspicious Tit For Tat,2.2874779541446206,0.5563963742258315,7.0,0.0,0.40876092038882733,0.14763545383700422,0.15423895656453795,0.28936466920963044,1.0,0.0,1.0,0.0,3,0,5,1,0.1,0.02,43,81,standard,15,208
10,Cooperator,2.2063492063492065,1.0,0.0,1.0,0.734813994503917,0.265186005496083,0.0,0.0,1.0,1.0,0.0,0.0,3,0,5,1,0.1,0.02,43,81,standard,15,208
11,Meta Mixer: 13 players,2.1578483245149913,0.5243017103482219,7.0,0.7790697674418605,0.30115663836594064,0.22314507198228128,0.2012837865551044,0.27441450309667365,0.6546094178615033,0.4076281265115026,0.6326518166074749,0.40664473415595725,3,0,5,1,0.1,0.02,43,81,standard,15,208
12,Bully,2.122574955908289,0.5411590992986341,7.0,0.0,0.14966572330913414,0.3914933759895,0.3034330011074197,0.1554078995939461,0.0,1.0,0.0,1.0,3,0,5,1,0.1,0.02,43,81,standard,15,208
13,Win-Shift Lose-Stay: D,1.892416225749559,0.6391657438169066,6.0,0.0,0.21434723760305158,0.42481850621385503,0.2220581600426562,0.13877609614043723,0.0,1.0,1.0,0.0,3,0,5,1,0.1,0.02,43,81,standard,15,208
14,Anti Tit For Tat,1.7768959435626104,0.616853287395923,5.0,1.0,0.15817644887412333,0.45867683852179975,0.22907181821910505,0.15407489438497193,0.0,1.0,0.0,1.0,3,0,5,1,0.1,0.02,43,81,standard,15,208
0,Meta Winner: 8 players,3.1906565656565657,0.3271694214876033,7.0,1.0,0.2045569329660239,0.12261248852157942,0.47610192837465565,0.19672865013774105,0.2874845524609789,0.6434482845087507,0.6703419308262782,0.7347449847300798,3,0,5,1,0.03,0.01,55,198,standard,9,209
1,Bully,3.025252525252525,0.3499196510560147,6.0,0.0,0.2035583103764922,0.1463613406795225,0.4450413223140496,0.20503902662993573,0.0,1.0,0.0,1.0,3,0,5,1,0.03,0.01,55,198,standard,9,209
2,Win-Stay Lose-Shift,2.6231060606060606,0.7512626262626263,1.0,1.0,0.6256313131313131,0.12563131313131312,0.12436868686868686,0.12436868686868685,1.0,0.0,0.0,1.0,3,0,5,1,0.03,0.01,55,198,standard,9,209
3,Soft Joss: 0.9,2.61489898989899,0.7848255280073462,0.0,1.0,0.6369490358126721,0.14787649219467403,0.12210743801652893,0.09306703397612488,1.0,0.10249436652619806,1.0,0.10292900570386436,3,0,5,1,0.03,0.01,55,198,standard,9,209
4,Win-Shift Lose-Stay: D,2.4981060606060606,0.6127984389348026,6.0,0.0,0.3005624426078971,0.3122359963269054,0.30265151515151517,0.08455004591368227,0.0,1.0,1.0,0.0,3,0,5,1,0.03,0.01,55,198,standard,9,209
5,GTFT: 0.33,2.4545454545454546,0.8202708907254361,0.0,1.0,0.637431129476584,0.18283976124885215,0.09048438934802572,0.08924471992653811,1.0,0.33517531714023907,1.0,0.33702926860270366,3,0,5,1,0.03,0.01,55,198,standard,9,209
6,Anti Tit For Tat,2.4273989898989896,0.4751721763085399,5.0,1.0,0.2050275482093664,0.27014462809917356,0.322073002754821,0.20275482093663913,0.0,1.0,0.0,1.0,3,0,5,1,0.03,0.01,55,198,standard,9,209
7,Tit For 2 Tats,2.3585858585858586,0.8516414141414141,0.0,1.0,0.6382575757575758,0.21338383838383837,0.07386363636363635,0.07449494949494949,1.0,0.6265822784810127,1.0,0.0,3,0,5,1,0.03,0.01,55,198,standard,9,209
8,Cooperator,1.6931818181818181,1.0,0.0,1.0,0.5643939393939394,0.4356060606060606,0.0,0.0,1.0,1.0,0.0,0.0,3,0,5,1,0.03,0.01,55,198,standard,9,209
0,Grudger,3.1363636363636362,0.3522727272727273,5.0,1.0,0.2840909090909091,0.0681818181818182,0.4090909090909091,0.2386363636363637,1.0,0.0,0.0,0.0,3,0,5,1,0.03,0.07,87,11,standard,9,210
1,Tit For Tat,2.5113636363636362,0.6704545454545454,0.0,1.0,0.36363636363636365,0.3068181818181818,0.27272727272727276,0.05681818181818182,1.0,0.0,1.0,0.0,3,0,5,1,0.03,0.07,87,11,standard,9,210
2,Meta Winner: 8 players,2.3863636363636362,0.4788401253918495,4.0,1.0,0.22544409613375133,0.25339602925809823,0.30237722048066873,0.2187826541274817,0.6463497070752592,0.7708333333333333,0.35,1.0,3,0,5,1,0.03,0.07,87,11,standard,9,210
3,GTFT: 0.33,2.3181818181818183,0.7846133751306165,0.0,1.0,0.485632183908046,0.29898119122257055,0.16039707419017765,0.05498955067920586,1.0,0.339679052970195,1.0,0.29406064751481986,3,0,5,1,0.03,0.07,87,11,standard,9,210
4,Cycler DC,2.284090909090909,0.45454545454545453,3.0,0.0,0.12068965517241381,0.3338557993730408,0.34090909090909083,0.20454545454545453,0.0,0.0,1.0,1.0,3,0,5,1,0.03,0.07,87,11,standard,9,210
5,Alternator,2.272727272727273,0.5454545454545454,2.0,1.0,0.1788140020898642,0.36664054336468127,0.31818181818181823,0.13636363636363638,0.0,0.0,1.0,1.0,3,0,5,1,0.03,0.07,87,11,standard,9,210
6,Suspicious Tit For Tat,2.159090909090909,0.36664054336468127,4.0,0.0,0.1310083594566353,0.23563218390804597,0.2810867293625914,0.35227272727272724,1.0,0.0,1.0,0.0,3,0,5,1,0.03,0.07,87,11,standard,9,210
7,Win-Shift Lose-Stay: D,2.0568181818181817,0.5177638453500523,2.0,0.0,0.1920062695924765,0.32575757575757575,0.2549634273772205,0.22727272727272727,0.0,1.0,1.0,0.0,3,0,5,1,0.03,0.07,87,11,standard,9,210
8,Bully,1.7954545454545454,0.5441483803552769,2.0,0.0,0.23994252873563218,0.3042058516196447,0.15373563218390804,0.302115987460815,0.0,1.0,0.0,1.0,3,0,5,1,0.03,0.07,87,11,standard,9,210
0,Evolved FSM 16,2.8839285714285716,0.7527901785714286,2.0,1.0,0.6498325892857143,0.10295758928571429,0.171875,0.07533482142857142,0.9368068633605356,0.4062617702448211,0.6314285714285715,0.18883984867591425,3,0,5,1,0.03,0.08,32,8,standard,15,211
1,Evolved HMM 5,2.875,0.7728794642857143,4.0,1.0,0.6891741071428571,0.08370535714285714,0.14481026785714285,0.08231026785714286,0.9984301412872841,0.4285795454545454,0.014925373134328358,0.13505747126436782,3,0,5,1,0.03,0.08,32,8,standard,15,211
2,Bully,2.7232142857142856,0.37276785714285715,9.0,0.0,0.154296875,0.21847098214285715,0.40792410714285715,0.21930803571428573,0.0,1.0,0.0,1.0,3,0,5,1,0.03,0.08,32,8,standard,15,211
3,"DoubleCrosser: (D, D)",2.705357142857143,0.7201450892857143,8.0,1.0,0.5750558035714286,0.14508928571428573,0.17606026785714285,0.10379464285714286,0.8543008449225522,0.813365539452496,0.0,0.0,3,0,5,1,0.03,0.08,32,8,standard,15,211
4,Suspicious Tit For Tat,2.6875,0.6255580357142857,5.0,0.0,0.38755580357142855,0.23800223214285715,0.28404017857142855,0.09040178571428571,1.0,0.0,1.0,0.0,3,0,5,1,0.03,0.08,32,8,standard,15,211
5,Alternator,2.6696428571428568,0.5,7.0,1.0,0.28627232142857145,0.21372767857142858,0.3267299107142857,0.17327008928571427,0.0,0.0,1.0,1.0,3,0,5,1,0.03,0.08,32,8,standard,15,211
6,Tit For Tat,2.65625,0.8049665178571429,0.0,1.0,0.6559709821428571,0.14899553571428573,0.12276785714285714,0.072265625,1.0,0.0,1.0,0.0,3,0,5,1,0.03,0.08,32,8,standard,15,211
7,Soft Joss: 0.9,2.6160714285714284,0.8353794642857143,0.0,1.0,0.6796875,0.15569196428571427,0.10295758928571429,0.06166294642857143,1.0,0.11379478361324817,1.0,0.12292235883424407,3,0,5,1,0.03,0.08,32,8,standard,15,211
8,Random: 0.5,2.5892857142857144,0.4916294642857143,8.0,0.5066964285714286,0.2935267857142857,0.19810267857142858,0.29715401785714285,0.21121651785714285,0.48480143047953056,0.48775029138429526,0.4876173230520107,0.5080410260663154,3,0,5,1,0.03,0.08,32,8,standard,15,211
9,Meta Mixer: 14 players,2.580357142857143,0.6598772321428571,6.0,0.8058035714285714,0.470703125,0.18917410714285715,0.20479910714285715,0.13532366071428573,0.7051847578709002,0.4564977788212071,0.6889092473531274,0.43343305422478423,3,0,5,1,0.03,0.08,32,8,standard,15,211
10,Win-Stay Lose-Shift,2.5044642857142856,0.8097098214285714,1.0,1.0,0.6713169642857143,0.13839285714285715,0.07756696428571429,0.11272321428571429,1.0,0.0,0.0,1.0,3,0,5,1,0.03,0.08,32,8,standard,15,211
11,GTFT: 0.33,2.486607142857143,0.8780691964285714,0.0,1.0,0.7025669642857143,0.17550223214285715,0.06612723214285714,0.05580357142857143,1.0,0.3797151776951843,1.0,0.3462954569227015,3,0,5,1,0.03,0.08,32,8,standard,15,211
12,Tit For 2 Tats,2.4375,0.9358258928571429,0.0,1.0,0.7561383928571429,0.1796875,0.027901785714285716,0.03627232142857143,1.0,0.802056277056277,1.0,0.0,3,0,5,1,0.03,0.08,32,8,standard,15,211
13,Anti Tit For Tat,2.419642857142857,0.505859375,6.0,1.0,0.23186383928571427,0.2739955357142857,0.3032924107142857,0.19084821428571427,0.0,1.0,0.0,1.0,3,0,5,1,0.03,0.08,32,8,standard,15,211
14,Cooperator,2.25,1.0,0.0,1.0,0.7474888392857143,0.2525111607142857,0.0,0.0,1.0,1.0,0.0,0.0,3,0,5,1,0.03,0.08,32,8,standard,15,211
0,Meta Mixer: 3 players,2.164909638554217,0.48913989290495313,2.0,0.3138888888888889,0.29282128514056227,0.1963186077643909,0.19394243641231593,0.3169176706827309,0.20036832904149088,0.7110808188161359,0.38443763042655943,0.7033046157849561,3,0,5,1,0.08,0.04,90,166,standard,5,212
1,Alternator,2.1551204819277108,0.5,1.0,1.0,0.35466867469879515,0.14533132530120482,0.14777443105756358,0.3522255689424364,0.0,0.0,1.0,1.0,3,0,5,1,0.08,0.04,90,166,standard,5,212
2,Win-Shift Lose-Stay: D,2.1295180722891565,0.3365629183400268,2.0,0.0,0.20731258366800537,0.1292503346720214,0.20940428380187415,0.4540327978580991,0.0,1.0,1.0,0.0,3,0,5,1,0.08,0.04,90,166,standard,5,212
3,Meta Winner: 3 players,2.0798192771084336,0.35476907630522087,1.0,1.0,0.2160809906291834,0.13868808567603746,0.19708835341365463,0.4481425702811245,0.22321166454643313,0.7379472215173813,0.9781010230179028,0.06998921602119247,3,0,5,1,0.08,0.04,90,166,standard,5,212
4,Bully,1.7853915662650603,0.5665160642570282,2.0,0.0,0.3581325301204819,0.2083835341365462,0.0697623828647925,0.36372155287817937,0.0,1.0,0.0,1.0,3,0,5,1,0.08,0.04,90,166,standard,5,212
0,Bully,3.2836257309941517,0.29904017289600815,6.0,0.0,0.20192918891431477,0.09711098398169336,0.49572527332824806,0.2052345537757437,0.0,1.0,0.0,1.0,3,0,5,1,0.1,0.02,92,114,standard,7,213
1,Meta Winner: 6 players,2.7353801169590644,0.42842613780828886,3.0,1.0,0.1823512585812357,0.2460748792270531,0.4051137808288838,0.16646008136282733,0.9033477652272915,0.5259255046184794,1.0,0.668223266216718,3,0,5,1,0.1,0.02,92,114,standard,7,213
2,Alternator,2.732456140350877,0.5,4.0,1.0,0.304173023137554,0.19582697686244596,0.3298213831680651,0.17017861683193491,0.0,0.0,1.0,1.0,3,0,5,1,0.1,0.02,92,114,standard,7,213
3,Soft Joss: 0.9,2.448830409356725,0.6914727943046021,0.0,1.0,0.46816997203152816,0.22330282227307394,0.18421052631578946,0.12431667937960843,1.0,0.10235545867299985,1.0,0.1035286452391319,3,0,5,1,0.1,0.02,92,114,standard,7,213
4,Anti Tit For Tat,2.4459064327485383,0.47177726926010677,4.0,1.0,0.20990655987795578,0.261870709382151,0.32235252987541313,0.20587020086448005,0.0,1.0,0.0,1.0,3,0,5,1,0.1,0.02,92,114,standard,7,213
5,GTFT: 0.33,2.228801169590643,0.7484744469870328,0.0,1.0,0.4844425375031783,0.26403190948385463,0.13140414441901857,0.12012140859394865,1.0,0.33266413727078176,1.0,0.34790911693036136,3,0,5,1,0.1,0.02,92,114,standard,7,213
6,Cooperator,1.2587719298245614,1.0,0.0,1.0,0.4195906432748538,0.5804093567251462,0.0,0.0,1.0,1.0,0.0,0.0,3,0,5,1,0.1,0.02,92,114,standard,7,213
0,"DoubleCrosser: (D, D)",2.0,0.5078125,1.0,1.0,0.4921875,0.015625,0.0078125,0.484375,0.9920634920634921,0.75,0,0,3,0,5,1,0.09,0.04,60,128,standard,3,214
1,Tit For 2 Tats,1.96875,0.5078125,0.0,1.0,0.4921875,0.015625,0.0,0.4921875,1.0,0.75,0,0,3,0,5,1,0.09,0.04,60,128,standard,3,214
2,Defector,1.09375,0.0,2.0,0.0,0.0,0.0,0.0234375,0.9765625,0.0,0.0,0,0,3,0,5,1,0.09,0.04,60,128,standard,3,214
0,Evolved HMM 5,3.0121527777777777,0.5214313271604938,7.0,1.0,0.4594521604938271,0.06197916666666666,0.2877314814814815,0.19083719135802468,0.9969719457428985,0.46995398201806715,0.014419541382537772,0.1907129281886286,3,0,5,1,0.04,0.09,45,72,standard,17,215
1,Evolved FSM 16,2.958333333333333,0.5291666666666667,7.0,1.0,0.41396604938271603,0.11520061728395062,0.3105324074074074,0.16030092592592593,0.8728855783623316,0.5190660316166108,0.1872435311537191,0.32603046155505305,3,0,5,1,0.04,0.09,45,72,standard,17,215
2,Meta Winner: 15 players,2.9210069444444446,0.04259259259259259,14.0,1.0,0.02492283950617284,0.017669753086419757,0.46836419753086417,0.48904320987654326,0.5522546453389943,0.4264262800775238,0.009575713073975485,0.0176350343242249,3,0,5,1,0.04,0.09,45,72,standard,17,215
3,Defector,2.7118055555555554,0.0,14.0,0.0,0.0,0.0,0.4291280864197531,0.5708719135802469,0.0,0.0,0.0,0.0,3,0,5,1,0.04,0.09,45,72,standard,17,215
4,Tit For Tat,2.447048611111111,0.6397183641975308,0.0,1.0,0.4595100308641975,0.1802083333333333,0.1769097222222222,0.1833719135802469,1.0,0.0,1.0,0.0,3,0,5,1,0.04,0.09,45,72,standard,17,215
5,Soft Joss: 0.9,2.4114583333333335,0.6945408950617284,0.0,1.0,0.5173032407407409,0.17723765432098765,0.13834876543209879,0.16711033950617288,1.0,0.10086225412667653,1.0,0.10508624056433473,3,0,5,1,0.04,0.09,45,72,standard,17,215
6,Win-Stay Lose-Shift,2.3524305555555554,0.6699074074074074,2.0,1.0,0.4813271604938271,0.18858024691358025,0.14413580246913582,0.18595679012345678,1.0,0.0,0.0,1.0,3,0,5,1,0.04,0.09,45,72,standard,17,215
7,GTFT: 0.33,2.2760416666666665,0.7690007716049383,0.0,1.0,0.5506558641975309,0.21834490740740742,0.09893904320987655,0.1320601851851852,1.0,0.3378969096785817,1.0,0.3314090564981845,3,0,5,1,0.04,0.09,45,72,standard,17,215
8,Suspicious Tit For Tat,2.2604166666666665,0.515258487654321,7.0,0.0,0.3079861111111111,0.2072723765432099,0.2131365740740741,0.271604938271605,1.0,0.0,1.0,0.0,3,0,5,1,0.04,0.09,45,72,standard,17,215
9,Meta Mixer: 15 players,2.0894097222222223,0.48042052469135804,9.0,0.6236111111111111,0.22384259259259257,0.2565779320987654,0.2262731481481481,0.2933063271604939,0.5426540645985344,0.4280902530888292,0.5370412090704819,0.41875086490351837,3,0,5,1,0.04,0.09,45,72,standard,17,215
10,Bully,2.0512152777777777,0.5450810185185185,7.0,0.0,0.19646990740740738,0.3486111111111111,0.2522762345679012,0.20264274691358025,0.0,1.0,0.0,1.0,3,0,5,1,0.04,0.09,45,72,standard,17,215
11,Random: 0.5,2.0503472222222223,0.5012152777777777,6.0,0.4875,0.2216242283950617,0.279591049382716,0.22143132716049382,0.2773533950617284,0.49899883557229835,0.4933404919482144,0.5102648820514586,0.5033353232136367,3,0,5,1,0.04,0.09,45,72,standard,17,215
12,Alternator,2.0390625,0.5,5.0,1.0,0.17397762345679016,0.32602237654321,0.2549189814814815,0.24508101851851855,0.0,0.0,1.0,1.0,3,0,5,1,0.04,0.09,45,72,standard,17,215
13,Cycler DC,2.0243055555555554,0.5,4.0,0.0,0.16874999999999998,0.33125,0.2542052469135802,0.24579475308641974,0.0,0.0,1.0,1.0,3,0,5,1,0.04,0.09,45,72,standard,17,215
14,Win-Shift Lose-Stay: D,1.8680555555555556,0.5559220679012346,6.0,0.0,0.20129243827160495,0.35462962962962963,0.20686728395061724,0.23721064814814816,0.0,1.0,1.0,0.0,3,0,5,1,0.04,0.09,45,72,standard,17,215
15,Cooperator,1.8203125,1.0,0.0,1.0,0.606057098765432,0.39394290123456793,0.0,0.0,1.0,1.0,0.0,0.0,3,0,5,1,0.04,0.09,45,72,standard,17,215
16,Anti Tit For Tat,1.7421875,0.6149305555555555,5.0,1.0,0.20204475308641973,0.41288580246913587,0.18680555555555556,0.19826388888888885,0.0,1.0,0.0,1.0,3,0,5,1,0.04,0.09,45,72,standard,17,215
0,Evolved HMM 5,2.761773940345369,0.6097592883307169,4.0,1.0,0.5486002093144949,0.061159079016221876,0.18144950287807432,0.2087912087912088,0.9967819790828639,0.508275027849728,0.023454157782515993,0.20185865047920226,3,0,5,1,0.06,0.08,12,98,standard,14,216
1,Evolved FSM 16,2.7127158555729984,0.625392464678179,4.0,1.0,0.49581371009942443,0.1295787545787546,0.2111459968602826,0.1634615384615385,0.8786008230452674,0.5423009860509861,0.24389691499948532,0.3744940328409347,3,0,5,1,0.06,0.08,12,98,standard,14,216
2,Grudger,2.694662480376766,0.4707613814756672,4.0,1.0,0.4652668759811617,0.005494505494505494,0.19113029827315542,0.3381083202511774,1.0,0.0,0.0,0.0,3,0,5,1,0.06,0.08,12,98,standard,14,216
3,Defector,2.6781789638932496,0.0,12.0,0.0,0.0,0.0,0.4180402930402931,0.581959706959707,0.0,0.0,0.0,0.0,3,0,5,1,0.06,0.08,12,98,standard,14,216
4,Meta Winner: 13 players,2.6354003139717426,0.030808477237048666,10.0,1.0,0.01936159079016222,0.01144688644688645,0.4029304029304029,0.5662611198325483,0.49847294083762966,0.6110119261379765,0.01600279932210581,0.018521991036277614,3,0,5,1,0.06,0.08,12,98,standard,14,216
5,Soft Joss: 0.9,2.4344583987441126,0.716902145473574,0.0,1.0,0.5673076923076923,0.14959445316588174,0.11309523809523808,0.1700026164311879,1.0,0.11195776526452954,1.0,0.10480964268996723,3,0,5,1,0.06,0.08,12,98,standard,14,216
6,GTFT: 0.33,2.3375196232339093,0.793040293040293,0.0,1.0,0.607535321821036,0.1855049712192569,0.07738095238095237,0.12957875457875456,1.0,0.3452177127796968,1.0,0.3323348262127812,3,0,5,1,0.06,0.08,12,98,standard,14,216
7,Suspicious Tit For Tat,2.2460753532182105,0.5236787022501308,6.5,0.0,0.34379905808477235,0.17987964416535848,0.18498168498168496,0.2913396127681842,1.0,0.0,1.0,0.0,3,0,5,1,0.06,0.08,12,98,standard,14,216
8,Win-Stay Lose-Shift,2.238226059654631,0.732796964939822,0.5,1.0,0.5460491889063318,0.18674777603349035,0.08385661957090529,0.18334641548927263,1.0,0.0,0.0,1.0,3,0,5,1,0.06,0.08,12,98,standard,14,216
9,Cooperator,1.9627158555729984,1.0,0.0,1.0,0.6541077969649398,0.3458922030350602,0.0,0.0,1.0,1.0,0.0,0.0,3,0,5,1,0.06,0.08,12,98,standard,14,216
10,Random: 0.5,1.8736263736263736,0.4973181580324437,5.0,0.46153846153846156,0.19400837257980114,0.3033097854526426,0.1964939822082679,0.30618785975928836,0.5023722619047245,0.5066574930998873,0.4972111175044267,0.5041413047764062,3,0,5,1,0.06,0.08,12,98,standard,14,216
11,Alternator,1.859105180533752,0.5,4.5,1.0,0.1379513343799058,0.3620486656200942,0.23528257456828885,0.2647174254317112,0.0,0.0,1.0,1.0,3,0,5,1,0.06,0.08,12,98,standard,14,216
12,Cycler DC,1.8469387755102042,0.5,3.0,0.0,0.13657770800627944,0.36342229199372056,0.2356096284667713,0.2643903715332287,0.0,0.0,1.0,1.0,3,0,5,1,0.06,0.08,12,98,standard,14,216
13,Bully,1.6942700156985873,0.61996336996337,5.0,0.0,0.1772632129774987,0.44270015698587134,0.1953819989534275,0.18465463108320251,0.0,1.0,0.0,1.0,3,0,5,1,0.06,0.08,12,98,standard,14,216
0,"DoubleCrosser: (D, D)",2.7652714932126696,0.5652472527472527,10.0,1.0,0.5487233354880414,0.016523917259211377,0.17055591467356174,0.2641968325791855,0.9953605587688461,0.7841614906832298,0.03473641193297916,0.0,3,0,5,1,0.08,0.01,70,136,standard,14,217
1,Evolved HMM 5,2.713518099547511,0.6182126696832579,4.0,1.0,0.553021978021978,0.06519069166127987,0.1678490627020039,0.21393826761473822,0.9991276683087028,0.5264234181882405,0.018589132507149667,0.22044923831345073,3,0,5,1,0.08,0.01,70,136,standard,14,217
2,Grudger,2.640837104072398,0.4683661926308985,4.0,1.0,0.4638413057530705,0.004524886877828055,0.17925016160310278,0.3523836457659987,1.0,0.0,0.0,0.0,3,0,5,1,0.08,0.01,70,136,standard,14,217
3,Evolved FSM 16,2.6346153846153846,0.6335407239819004,4.0,1.0,0.496606334841629,0.13693438914027148,0.19487718164188755,0.17158209437621202,0.8847619047619049,0.5789342410308673,0.22814653712670713,0.3995307395777079,3,0,5,1,0.08,0.01,70,136,standard,14,217
4,Tit For Tat,2.466628959276018,0.6591548157724628,0.0,1.0,0.4986425339366516,0.16051228183581123,0.1572721396250808,0.18357304460245638,1.0,0.0,1.0,0.0,3,0,5,1,0.08,0.01,70,136,standard,14,217
5,Meta Winner: 12 players,2.429015837104073,0.01657239819004525,11.0,1.0,0.011756625727213964,0.004815772462831287,0.35315126050420176,0.630276341305753,0.6293333333333333,0.6166666666666667,0.0003505082369435682,0.0,3,0,5,1,0.08,0.01,70,136,standard,14,217
6,GTFT: 0.33,2.3619909502262444,0.7979799612152554,0.0,1.0,0.6092598577892695,0.18872010342598575,0.08337912087912087,0.1186409179056238,1.0,0.3308855394888074,1.0,0.3342553347933579,3,0,5,1,0.08,0.01,70,136,standard,14,217
7,Suspicious Tit For Tat,2.168269230769231,0.4977698771816419,5.0,0.0,0.33734647705235943,0.1604234001292825,0.16342921784098255,0.3388009049773756,1.0,0.0,1.0,0.0,3,0,5,1,0.08,0.01,70,136,standard,14,217
8,Cooperator,2.139705882352941,1.0,0.0,1.0,0.7136958629605689,0.28630413703943114,0.0,0.0,1.0,1.0,0.0,0.0,3,0,5,1,0.08,0.01,70,136,standard,14,217
9,Defector,2.1266968325791855,0.0,11.0,0.0,0.0,0.0,0.2821509372979961,0.7178490627020039,0.0,0.0,0.0,0.0,3,0,5,1,0.08,0.01,70,136,standard,14,217
10,Meta Mixer: 12 players,1.8218325791855203,0.39116031027795733,6.0,0.6516483516483517,0.16740465416936007,0.22375565610859732,0.18282159017453134,0.4260180995475113,0.6074620126460981,0.2827879258314577,0.6072208560481805,0.2784942540074779,3,0,5,1,0.08,0.01,70,136,standard,14,217
11,Alternator,1.6982466063348416,0.5,3.0,1.0,0.08724143503555266,0.41275856496444735,0.23403361344537815,0.26596638655462185,0.0,0.0,1.0,1.0,3,0,5,1,0.08,0.01,70,136,standard,14,217
12,Cycler DC,1.6917420814479638,0.5,2.0,0.0,0.08394473173884938,0.4160552682611506,0.23543956043956044,0.26456043956043956,0.0,0.0,1.0,1.0,3,0,5,1,0.08,0.01,70,136,standard,14,217
13,Win-Shift Lose-Stay: D,1.4256221719457014,0.6279169360051713,3.0,0.0,0.14811732385261794,0.47979961215255335,0.1521089204912734,0.21997414350355526,0.0,1.0,1.0,0.0,3,0,5,1,0.08,0.01,70,136,standard,14,217
0,Grudger,3.1595394736842106,0.4245339912280702,7.0,1.0,0.42069627192982456,0.003837719298245614,0.3302768640350877,0.24518914473684209,1.0,0.0,0.0,0.0,3,0,5,1,0.1,0.02,40,152,standard,13,218
1,Evolved HMM 5,3.0975877192982457,0.4850603070175439,6.0,1.0,0.4396792763157895,0.045381030701754387,0.31422697368421054,0.20071271929824563,0.9960566433596095,0.4280661472315657,0.012806637537096866,0.17503218818066288,3,0,5,1,0.1,0.02,40,152,standard,13,218
2,Meta Winner: 11 players,2.5953947368421053,0.046025219298245615,10.0,1.0,0.022176535087719298,0.023848684210526314,0.40792214912280694,0.5460526315789473,0.41319535615232666,0.7461402332946964,0.017199456528416122,0.022341285500536993,3,0,5,1,0.1,0.02,40,152,standard,13,218
3,Win-Stay Lose-Shift,2.5729166666666665,0.6827439692982457,2.0,1.0,0.5307154605263158,0.1520285087719298,0.16641995614035085,0.1508360745614035,1.0,0.0,0.0,1.0,3,0,5,1,0.1,0.02,40,152,standard,13,218
4,Tit For Tat,2.5427631578947367,0.6863623903508772,0.0,1.0,0.5105263157894737,0.17583607456140354,0.1743009868421053,0.13933662280701756,1.0,0.0,1.0,0.0,3,0,5,1,0.1,0.02,40,152,standard,13,218
5,Tit For 2 Tats,2.183388157894737,0.8541529605263158,0.0,1.0,0.6290707236842105,0.22508223684210527,0.03793859649122807,0.10790844298245615,1.0,0.7675407568733604,1.0,0.0,3,0,5,1,0.1,0.02,40,152,standard,13,218
6,Alternator,2.151864035087719,0.5,4.0,1.0,0.21119791666666665,0.2888020833333333,0.25394736842105264,0.24605263157894738,0.0,0.0,1.0,1.0,3,0,5,1,0.1,0.02,40,152,standard,13,218
7,Cycler DC,2.1414473684210527,0.5,3.0,0.0,0.20959429824561404,0.2904057017543859,0.2530016447368421,0.24699835526315791,0.0,0.0,1.0,1.0,3,0,5,1,0.1,0.02,40,152,standard,13,218
8,Random: 0.5,2.103892543859649,0.5000685307017544,5.0,0.48333333333333334,0.22801535087719302,0.2720531798245614,0.2288514254385965,0.27108004385964907,0.5081296859944872,0.4964393145158384,0.49941766488920364,0.49779421730638823,3,0,5,1,0.1,0.02,40,152,standard,13,218
9,Meta Mixer: 11 players,2.1000548245614032,0.5124451754385965,5.0,0.6854166666666667,0.2579769736842105,0.254468201754386,0.20992324561403508,0.2776315789473684,0.5760440946916078,0.462856425022284,0.5515143897623945,0.4709148955664588,3,0,5,1,0.1,0.02,40,152,standard,13,218
10,Win-Shift Lose-Stay: D,1.9810855263157894,0.6001918859649122,5.0,0.0,0.2222998903508772,0.3778919956140351,0.22564418859649119,0.17416392543859646,0.0,1.0,1.0,0.0,3,0,5,1,0.1,0.02,40,152,standard,13,218
11,Bully,1.9353070175438596,0.5672286184210527,5.0,0.0,0.21672149122807016,0.3505071271929824,0.21222587719298242,0.2205455043859649,0.0,1.0,0.0,1.0,3,0,5,1,0.1,0.02,40,152,standard,13,218
12,Cooperator,1.935032894736842,1.0,0.0,1.0,0.6454632675438597,0.3545367324561403,0.0,0.0,1.0,1.0,0.0,0.0,3,0,5,1,0.1,0.02,40,152,standard,13,218
0,Evolved HMM 5,2.8157894736842106,0.132486388384755,2.0,1.0,0.06392417826174632,0.06856221012300867,0.4412179874974793,0.42629562411776567,0.9941747572815534,0.3057037439304881,0.005170630816959669,0.1432403433476395,3,0,5,1,0.0,0.01,87,57,standard,3,219
1,Random: 0.5,1.789473684210526,0.49959669288162933,1.0,0.4827586206896552,0.17896753377697117,0.32062915910465817,0.18531962089130874,0.3150836862270619,0.4954793939442448,0.4951938667381618,0.49352087377149656,0.5060504564259929,3,0,5,1,0.0,0.01,87,57,standard,3,219
2,Alternator,1.4385964912280702,0.5087719298245614,0.0,1.0,0.13762855414398065,0.37114337568058076,0.13379713651945957,0.35743093365597906,0.0,0.0,1.0,1.0,3,0,5,1,0.0,0.01,87,57,standard,3,219
0,Evolved HMM 5,3.472402597402597,0.33966033966033965,5.0,1.0,0.3133116883116883,0.02634865134865135,0.4667207792207792,0.19361888111888112,0.9973947025618759,0.3769028261711188,0.01699029126213592,0.14716106604866744,3,0,5,1,0.03,0.06,26,88,standard,8,220
1,Win-Shift Lose-Stay: D,2.4188311688311686,0.5564435564435565,4.0,0.0,0.2794080919080919,0.2770354645354645,0.28415334665334663,0.1594030969030969,0.0,1.0,1.0,0.0,3,0,5,1,0.03,0.06,26,88,standard,8,220
2,Cycler DC,2.392857142857143,0.5,4.0,0.0,0.24363136863136864,0.25636863136863136,0.2897102897102897,0.2102897102897103,0.0,0.0,1.0,1.0,3,0,5,1,0.03,0.06,26,88,standard,8,220
3,Alternator,2.366071428571429,0.5,2.0,1.0,0.24125874125874128,0.2587412587412587,0.2872127872127872,0.2127872127872128,0.0,0.0,1.0,1.0,3,0,5,1,0.03,0.06,26,88,standard,8,220
4,GTFT: 0.33,2.3457792207792205,0.76998001998002,0.0,1.0,0.47333916083916083,0.2966408591408592,0.17563686313686316,0.05438311688311688,1.0,0.3435570751459528,1.0,0.31157241832098,3,0,5,1,0.03,0.06,26,88,standard,8,220
5,Meta Mixer: 7 players,2.3149350649350646,0.5167332667332667,4.0,0.7087912087912088,0.2854020979020979,0.23133116883116883,0.2445679320679321,0.2386988011988012,0.5184185804882636,0.5236207706627035,0.5324383558187414,0.4885064755253053,3,0,5,1,0.03,0.06,26,88,standard,8,220
6,Tit For 2 Tats,2.0349025974025974,0.9165209790209791,0.0,1.0,0.5945929070929071,0.3219280719280719,0.0418956043956044,0.041583416583416584,1.0,0.8435503392627911,1.0,0.0,3,0,5,1,0.03,0.06,26,88,standard,8,220
7,Anti Tit For Tat,1.9074675324675323,0.5632492507492507,2.5,1.0,0.29183316683316685,0.2714160839160839,0.14991258741258742,0.28683816183816185,0.0,1.0,0.0,1.0,3,0,5,1,0.03,0.06,26,88,standard,8,220
0,"DoubleCrosser: (D, D)",3.0753749013417524,0.5876708345449259,12.0,1.0,0.5757764577188829,0.011894376826043008,0.2338788961353661,0.1784502693197081,0.9961862745411821,0.7797879766906315,0.012159513539131342,0.0,3,0,5,1,0.09,0.1,57,181,standard,15,221
1,Evolved FSM 16,3.0059194948697714,0.6082332904083413,5.0,1.0,0.5295005469474792,0.0787327434608621,0.2567883797892522,0.13497832980240657,0.9087114337568059,0.5493521362590402,0.2168896351414577,0.2617052425308934,3,0,5,1,0.09,0.1,57,181,standard,15,221
2,Grudger,2.955801104972376,0.5034963098353619,5.0,1.0,0.5003392459048174,0.0031570639305445935,0.23980531439094976,0.25669837577368837,1.0,0.0,0.0,0.0,3,0,5,1,0.09,0.1,57,181,standard,15,221
3,Win-Stay Lose-Shift,2.589187056037885,0.7145557263324056,2.0,1.0,0.5732078815824091,0.14134784474999657,0.14649192040875667,0.1389523532588377,1.0,0.0,0.0,1.0,3,0,5,1,0.09,0.1,57,181,standard,15,221
4,Tit For Tat,2.5812943962115233,0.7205721486035531,0.0,1.0,0.5702377490688045,0.1503343995347485,0.14747504119414556,0.13195281020230132,1.0,0.0,1.0,0.0,3,0,5,1,0.09,0.1,57,181,standard,15,221
5,Soft Joss: 0.9,2.573401736385162,0.7746091748708789,0.0,1.0,0.6420748002603194,0.13253437461055956,0.10555394009886594,0.11983688503025522,1.0,0.09833908291583973,1.0,0.09830741715664065,3,0,5,1,0.09,0.1,57,181,standard,15,221
6,GTFT: 0.33,2.483820047355959,0.8333679502623963,0.0,1.0,0.6704052950054695,0.16296265525692685,0.07691881637796148,0.0897132333596422,1.0,0.3373429600244062,1.0,0.3370779141237149,3,0,5,1,0.09,0.1,57,181,standard,15,221
7,Defector,2.4175217048145226,0.0,12.0,0.0,0.0,0.0,0.3547473656516984,0.6452526343483015,0.0,0.0,0.0,0.0,3,0,5,1,0.09,0.1,57,181,standard,15,221
8,Suspicious Tit For Tat,2.2261247040252568,0.5198701172821557,7.0,0.0,0.34329608551766155,0.17657403176449413,0.17932953931790802,0.30080034339993633,1.0,0.0,1.0,0.0,3,0,5,1,0.09,0.1,57,181,standard,15,221
9,Cooperator,2.1925808997632203,1.0,0.0,1.0,0.7310680014954513,0.26893199850454874,0.0,0.0,1.0,1.0,0.0,0.0,3,0,5,1,0.09,0.1,57,181,standard,15,221
10,Meta Mixer: 14 players,1.994475138121547,0.4322754399811684,9.0,0.6027568922305765,0.19786344313823231,0.2344119968429361,0.21009014248328006,0.3576344175355516,0.5587361832445492,0.3392061213691394,0.5681847054936149,0.33850792146760855,3,0,5,1,0.09,0.1,57,181,standard,15,221
11,Cycler DC,1.978295185477506,0.4972375690607735,6.0,0.0,0.15461305196693392,0.34262451709383956,0.25308436837951237,0.24967806255971417,0.0,0.0,1.0,1.0,3,0,5,1,0.09,0.1,57,181,standard,15,221
12,Random: 0.5,1.9258089976322021,0.5036693944806768,5.0,0.4824561403508772,0.20705769949736214,0.2966116949833147,0.20273750675030114,0.293593098769022,0.506355183952474,0.5013928219209074,0.504146312313413,0.5055060558146299,3,0,5,1,0.09,0.1,57,181,standard,15,221
13,Bully,1.8176795580110496,0.5964358409836746,6.0,0.0,0.18822609008709615,0.4082097508965784,0.2118002187789917,0.19176394023733367,0.0,1.0,0.0,1.0,3,0,5,1,0.09,0.1,57,181,standard,15,221
14,Win-Shift Lose-Stay: D,1.7316495659037094,0.5853515002977056,6.0,0.0,0.18588598568243817,0.39946551461526747,0.18909151331367094,0.2255569863886235,0.0,1.0,1.0,0.0,3,0,5,1,0.09,0.1,57,181,standard,15,221
0,Grudger,2.5467980295566504,0.4468875951634572,3.0,1.0,0.4370353784146887,0.009852216748768471,0.1720107478728168,0.38110165696372594,1.0,0.0,0.0,0.0,3,0,5,1,0.07,0.09,55,58,standard,8,222
1,Soft Joss: 0.9,2.3793103448275863,0.6757725033587103,0.0,1.0,0.477205553067622,0.19856695029108823,0.15579937304075234,0.16842812360053738,1.0,0.10165788939677436,1.0,0.09566771003573309,3,0,5,1,0.07,0.09,55,58,standard,8,222
2,Win-Stay Lose-Shift,2.2807881773399012,0.7180026869682042,0.0,1.0,0.5306762203313927,0.18732646663681146,0.10098522167487686,0.18101209135691895,1.0,0.0,0.0,1.0,3,0,5,1,0.07,0.09,55,58,standard,8,222
3,Tit For 2 Tats,2.125615763546798,0.8306314375279893,0.0,1.0,0.6342588446036722,0.19637259292431702,0.01347962382445141,0.15588893864755934,1.0,0.8024647887323944,1.0,0.0,3,0,5,1,0.07,0.09,55,58,standard,8,222
4,Alternator,2.105911330049261,0.5,3.0,1.0,0.14894760412001792,0.3510523958799821,0.2890729959695477,0.2109270040304523,0.0,0.0,1.0,1.0,3,0,5,1,0.07,0.09,55,58,standard,8,222
5,Defector,2.083743842364532,0.0,7.0,0.0,0.0,0.0,0.2715629198387819,0.728437080161218,0.0,0.0,0.0,0.0,3,0,5,1,0.07,0.09,55,58,standard,8,222
6,Cycler DC,2.078817733990148,0.5,2.0,0.0,0.1388266905508285,0.36117330944917153,0.2893416927899687,0.21065830721003137,0.0,0.0,1.0,1.0,3,0,5,1,0.07,0.09,55,58,standard,8,222
7,Meta Mixer: 7 players,2.054187192118227,0.39431258396775637,5.0,0.7454545454545455,0.18513210927004028,0.2091804746977161,0.22127183161665925,0.38441558441558443,0.5873711504786175,0.2879923470553739,0.5448406518729249,0.3128999156209527,3,0,5,1,0.07,0.09,55,58,standard,8,222
0,Defector,2.8412698412698414,0.0,7.0,0.0,0.0,0.0,0.462059620596206,0.537940379403794,0.0,0.0,0.0,0.0,3,0,5,1,0.09,0.04,82,9,standard,8,223
1,Grudger,2.5873015873015874,0.5274874177313201,2.0,1.0,0.46418892760356173,0.06329849012775841,0.1869918699186992,0.28552071234998067,1.0,0.0,0.0,0.0,3,0,5,1,0.09,0.04,82,9,standard,8,223
2,Meta Winner: 7 players,2.555555555555556,0.24796747967479674,5.0,1.0,0.11498257839721256,0.1329849012775842,0.3664343786295006,0.38559814169570267,0.17025316624531947,0.35189993873616854,0.04757953875460578,0.17537642905040762,3,0,5,1,0.09,0.04,82,9,standard,8,223
3,Tit For Tat,2.238095238095238,0.6575687185443283,0.0,1.0,0.5240030971738289,0.13356562137049943,0.07955865272938444,0.26287262872628725,1.0,0.0,1.0,0.0,3,0,5,1,0.09,0.04,82,9,standard,8,223
4,Bully,2.126984126984127,0.5056136275648471,4.0,0.0,0.09504452187379016,0.410569105691057,0.33991482771970577,0.15447154471544716,0.0,1.0,0.0,1.0,3,0,5,1,0.09,0.04,82,9,standard,8,223
5,GTFT: 0.33,2.0634920634920637,0.7526132404181185,0.0,1.0,0.532520325203252,0.22009291521486646,0.054781262098335275,0.19260549748354625,1.0,0.30377185333869305,1.0,0.3360854023003232,3,0,5,1,0.09,0.04,82,9,standard,8,223
6,Random: 0.5,2.0555555555555554,0.49477351916376305,3.0,0.4721254355400697,0.21796360820751065,0.2768099109562524,0.22628726287262874,0.2789392179636082,0.5099125668172069,0.5285705319084665,0.5049211536466439,0.46495019679599564,3,0,5,1,0.09,0.04,82,9,standard,8,223
7,Cooperator,1.5714285714285714,1.0,0.0,1.0,0.5212930700735579,0.4787069299264421,0.0,0.0,1.0,1.0,0.0,0.0,3,0,5,1,0.09,0.04,82,9,standard,8,223
0,Soft Joss: 0.9,2.686046511627907,0.7615116279069768,0.0,1.0,0.49430232558139536,0.2672093023255814,0.23848837209302326,0.0,1.0,0.09462817782939735,1.0,0.0,3,0,5,1,0.01,0.03,50,43,standard,5,224
1,GTFT: 0.33,2.6017441860465116,0.8441860465116279,0.0,1.0,0.6076744186046512,0.23651162790697675,0.1558139534883721,0.0,1.0,0.33210655403153627,1.0,0.0,3,0,5,1,0.01,0.03,50,43,standard,5,224
2,Alternator,2.5930232558139537,0.5116279069767442,2.0,1.0,0.1272093023255814,0.3844186046511628,0.43023255813953487,0.05813953488372093,0.0,0.0,1.0,1.0,3,0,5,1,0.01,0.03,50,43,standard,5,224
3,Suspicious Tit For Tat,2.354651162790698,0.5472093023255814,3.0,0.0,0.36186046511627906,0.18534883720930234,0.2027906976744186,0.25,1.0,0.0,1.0,0.0,3,0,5,1,0.01,0.03,50,43,standard,5,224
4,Win-Shift Lose-Stay: D,2.2732558139534884,0.4432558139534884,2.0,0.0,0.24081395348837212,0.2024418604651163,0.2486046511627907,0.308139534883721,0.0,1.0,1.0,0.0,3,0,5,1,0.01,0.03,50,43,standard,5,224
0,Anti Tit For Tat,2.696428571428571,0.4340986394557823,2.0,1.0,0.23681972789115646,0.19727891156462585,0.35331632653061223,0.21258503401360546,0.0,1.0,0.0,1.0,3,0,5,1,0.02,0.01,42,28,standard,3,225
1,Soft Joss: 0.9,2.535714285714286,0.7687074829931972,0.0,1.0,0.6296768707482994,0.13903061224489796,0.10799319727891156,0.12329931972789115,1.0,0.0880503144654088,1.0,0.08633093525179857,3,0,5,1,0.02,0.01,42,28,standard,3,225
2,Tit For 2 Tats,2.357142857142857,0.8214285714285714,0.0,1.0,0.6071428571428571,0.21428571428571427,0.08928571428571429,0.08928571428571429,1.0,0.5454545454545454,1.0,0.0,3,0,5,1,0.02,0.01,42,28,standard,3,225
0,"DoubleCrosser: (D, D)",2.9611923509561304,0.6783899996371421,13.0,1.0,0.6614354657280743,0.016954533909067822,0.16403897093508474,0.15757102942777315,0.994012447062734,0.7942740286298569,0.08759124087591241,0.0,3,0,5,1,0.07,0.1,62,127,standard,15,226
1,Evolved HMM 5,2.9167604049493816,0.7055680539932508,4.0,1.0,0.6659984034253783,0.039569650567872566,0.156355455568054,0.13807649043869516,0.9978668193083868,0.4953681275847864,0.01232345970816394,0.17786961587849148,3,0,5,1,0.07,0.1,62,127,standard,15,226
2,Evolved FSM 16,2.8959505061867263,0.6770020682898509,4.0,1.0,0.6059272832831379,0.07107478500671285,0.18915780688704234,0.13384012482310678,0.8662350769724533,0.5410289046659988,0.22497124243462102,0.206618446541613,3,0,5,1,0.07,0.1,62,127,standard,15,226
3,Grudger,2.8352080989876263,0.5796745164918902,5.0,1.0,0.5757375086178744,0.003937007874015747,0.1707971987372546,0.24952828477085526,1.0,0.0,0.0,0.0,3,0,5,1,0.07,0.1,62,127,standard,15,226
4,Tit For Tat,2.625140607424072,0.7537374360463006,0.0,1.0,0.6262201095830763,0.12751732646322436,0.12518596465764362,0.12107659929605573,1.0,0.0,1.0,0.0,3,0,5,1,0.07,0.1,62,127,standard,15,226
5,GTFT: 0.33,2.5514623172103486,0.8559998548568526,0.0,1.0,0.7216063717841721,0.13439348307268045,0.0606516927319569,0.08334845241119053,1.0,0.33239190453537554,1.0,0.3290403060768302,3,0,5,1,0.07,0.1,62,127,standard,15,226
6,Tit For 2 Tats,2.5241844769403827,0.8829057658115316,0.0,1.0,0.7634348125839108,0.11947095322762073,0.029953917050691243,0.08714031713777715,1.0,0.778462524756143,1.0,0.0,3,0,5,1,0.07,0.1,62,127,standard,15,226
7,Meta Winner: 13 players,2.472159730033746,0.06398998512282739,11.0,1.0,0.029445916034689212,0.034544069088138174,0.3583040023222903,0.5777060125548823,0.46207035389664547,0.7025204033464493,0.018003009918301054,0.030908543918184896,3,0,5,1,0.07,0.1,62,127,standard,15,226
8,Win-Stay Lose-Shift,2.4670978627671545,0.7887622918102979,1.0,1.0,0.651230088174462,0.13753220363583585,0.07634529554773395,0.13489241264196813,1.0,0.0,0.0,1.0,3,0,5,1,0.07,0.1,62,127,standard,15,226
9,Suspicious Tit For Tat,2.396512935883014,0.5993051271816829,10.0,0.0,0.4252240647338437,0.1740810624478392,0.17974164519757613,0.22095322762074096,1.0,0.0,1.0,0.0,3,0,5,1,0.07,0.1,62,127,standard,15,226
10,Cooperator,2.327615298087739,1.0,0.0,1.0,0.7749918356979572,0.2250081643020429,0.0,0.0,1.0,1.0,0.0,0.0,3,0,5,1,0.07,0.1,62,127,standard,15,226
11,Meta Mixer: 13 players,2.078177727784027,0.49379513044740375,7.0,0.7983870967741935,0.2738216190718096,0.21997351137559415,0.19270474255234224,0.3135001270002539,0.6487365783546234,0.3631683531778559,0.6129389409047139,0.372258415901611,3,0,5,1,0.07,0.1,62,127,standard,15,226
12,Alternator,1.9766591676040497,0.5039370078740157,3.0,1.0,0.17867121448528608,0.32526579338872963,0.23611161508037298,0.2599513770456112,0.0,0.0,1.0,1.0,3,0,5,1,0.07,0.1,62,127,standard,15,226
13,Random: 0.5,1.9426321709786278,0.5013153597735767,5.0,0.5207373271889401,0.20763634384411625,0.2936790159294604,0.20515076744439203,0.29353387278203125,0.5000013996482008,0.4946907377965356,0.5027745043742048,0.5061479248204193,3,0,5,1,0.07,0.1,62,127,standard,15,226
14,Bully,1.779808773903262,0.6086759316375776,6.0,0.0,0.16185275227693313,0.4468231793606445,0.22532566493704415,0.1659984034253783,0.0,1.0,0.0,1.0,3,0,5,1,0.07,0.1,62,127,standard,15,226
0,Evolved HMM 5,2.6140350877192984,0.639397406559878,4.0,1.0,0.5402364607170099,0.09916094584286804,0.16056445461479787,0.20003813882532417,0.9992366412213741,0.4955012240884554,0.01561365286855483,0.178984510470855,3,0,5,1,0.03,0.03,23,19,standard,13,227
1,"DoubleCrosser: (D, D)",2.5657894736842106,0.6350114416475973,8.0,1.0,0.5274599542334096,0.10755148741418763,0.15598779557589623,0.20900076277650645,0.9614396845694799,0.7914462081128748,0.0,0.0,3,0,5,1,0.03,0.03,23,19,standard,13,227
2,Evolved FSM 16,2.543859649122807,0.6443554538520213,3.0,1.0,0.4889397406559877,0.15541571319603356,0.18001525553012965,0.17562929061784896,0.8383724600298212,0.4761394492737776,0.4159564393939394,0.34195637695637693,3,0,5,1,0.03,0.03,23,19,standard,13,227
3,Defector,2.43859649122807,0.0,11.0,0.0,0.0,0.0,0.358695652173913,0.641304347826087,0.0,0.0,0.0,0.0,3,0,5,1,0.03,0.03,23,19,standard,13,227
4,Tit For Tat,2.3728070175438596,0.6493135011441648,0.0,1.0,0.4853165522501907,0.16399694889397406,0.14149504195270785,0.20919145690312735,1.0,0.0,1.0,0.0,3,0,5,1,0.03,0.03,23,19,standard,13,227
5,Suspicious Tit For Tat,2.3684210526315788,0.5188787185354691,8.0,0.0,0.3205568268497331,0.1983218916857361,0.2318840579710145,0.24923722349351643,1.0,0.0,1.0,0.0,3,0,5,1,0.03,0.03,23,19,standard,13,227
6,Meta Winner: 11 players,2.2763157894736845,0.16342486651411137,10.0,1.0,0.09839816933638444,0.06502669717772692,0.2883295194508008,0.5482456140350878,0.4503293464783177,0.4428175002983188,0.03647137952550184,0.06542268203207979,3,0,5,1,0.03,0.03,23,19,standard,13,227
7,Tit For 2 Tats,2.236842105263158,0.8085430968726163,0.0,1.0,0.6365369946605645,0.17200610221205184,0.034134248665141115,0.15732265446224256,1.0,0.7508743645053884,1.0,0.0,3,0,5,1,0.03,0.03,23,19,standard,13,227
8,Win-Stay Lose-Shift,2.1710526315789473,0.7240655987795576,1.0,1.0,0.5123951182303585,0.2116704805491991,0.08676582761250952,0.18916857360793285,1.0,0.0,0.0,1.0,3,0,5,1,0.03,0.03,23,19,standard,13,227
9,Meta Mixer: 11 players,2.1710526315789473,0.4677726926010679,6.0,0.6557971014492754,0.2528604118993135,0.21491228070175442,0.21815408085430968,0.31407322654462244,0.5988529228322874,0.33110065389933424,0.5537393538574453,0.3320168129964772,3,0,5,1,0.03,0.03,23,19,standard,13,227
10,Random: 0.5,1.9517543859649125,0.5093440122044242,4.0,0.5362318840579711,0.21739130434782605,0.29195270785659805,0.20423340961098402,0.2864225781845919,0.48888460260557215,0.5026020431645253,0.5419005028023993,0.4828289517563724,3,0,5,1,0.03,0.03,23,19,standard,13,227
11,Alternator,1.925438596491228,0.5263157894736842,1.0,1.0,0.19813119755911515,0.328184591914569,0.21510297482837526,0.25858123569794045,0.0,0.0,1.0,1.0,3,0,5,1,0.03,0.03,23,19,standard,13,227
12,Bully,1.605263157894737,0.6161327231121282,4.0,0.0,0.16189931350114412,0.4542334096109841,0.18707093821510296,0.19679633867276886,0.0,1.0,0.0,1.0,3,0,5,1,0.03,0.03,23,19,standard,13,227
0,Evolved HMM 5,3.187074829931973,0.6014739229024944,6.0,1.0,0.5604308390022675,0.041043083900226755,0.27713529856387,0.12139077853363568,0.9988972249841815,0.46493767768942956,0.012289523517068428,0.15776860771817514,3,0,5,1,0.02,0.01,36,49,standard,16,228
1,Evolved FSM 16,3.1612244897959183,0.5890778533635677,6.0,1.0,0.5162887377173091,0.0727891156462585,0.2991685563114134,0.11175359032501889,0.8811199842872827,0.5279165424547105,0.2138354589060727,0.22904262950293483,3,0,5,1,0.02,0.01,36,49,standard,16,228
2,Grudger,3.117006802721088,0.48972033257747544,7.0,1.0,0.47883597883597884,0.010884353741496598,0.29293272864701436,0.2173469387755102,1.0,0.0,0.0,0.0,3,0,5,1,0.02,0.01,36,49,standard,16,228
3,Meta Winner: 14 players,2.8312925170068026,0.14962207105064249,13.0,1.0,0.07482993197278912,0.07479213907785337,0.4339002267573696,0.4164777021919879,0.5080458847898849,0.6766937423615264,0.043586196508609704,0.09715033062440395,3,0,5,1,0.02,0.01,36,49,standard,16,228
4,Tit For Tat,2.593197278911565,0.7278911564625851,0.0,1.0,0.564172335600907,0.16371882086167802,0.15691609977324264,0.11519274376417234,1.0,0.0,1.0,0.0,3,0,5,1,0.02,0.01,36,49,standard,16,228
5,Win-Stay Lose-Shift,2.5551020408163265,0.7213907785336356,2.0,1.0,0.5744142101284958,0.14697656840513984,0.13786848072562355,0.14074074074074075,1.0,0.0,0.0,1.0,3,0,5,1,0.02,0.01,36,49,standard,16,228
6,GTFT: 0.33,2.4741496598639454,0.8304988662131519,0.0,1.0,0.6527210884353741,0.17777777777777773,0.08631897203325775,0.08318216175359033,1.0,0.34381745226299076,1.0,0.32748259350914904,3,0,5,1,0.02,0.01,36,49,standard,16,228
7,Tit For 2 Tats,2.3789115646258505,0.8749055177626606,0.0,1.0,0.6902116402116402,0.18469387755102037,0.0456538170823885,0.07944066515495085,1.0,0.7364108493669566,1.0,0.0,3,0,5,1,0.02,0.01,36,49,standard,16,228
8,Suspicious Tit For Tat,2.289795918367347,0.527588813303099,10.0,0.0,0.3468253968253968,0.18076341647770217,0.19425547996976567,0.2781557067271353,1.0,0.0,1.0,0.0,3,0,5,1,0.02,0.01,36,49,standard,16,228
9,Meta Mixer: 14 players,2.1625850340136052,0.5179516250944822,6.0,0.7407407407407407,0.2750566893424037,0.24289493575207866,0.21360544217687075,0.268442932728647,0.5905073063216828,0.43702024053877586,0.594417744697126,0.4456412553492927,3,0,5,1,0.02,0.01,36,49,standard,16,228
10,Random: 0.5,2.1537414965986397,0.4992063492063492,6.0,0.5111111111111111,0.23253968253968255,0.26666666666666666,0.23669690098261525,0.26409674981103554,0.4834742874606836,0.5064936503587788,0.5113022221994064,0.4946727440287733,3,0,5,1,0.02,0.01,36,49,standard,16,228
11,Bully,2.141496598639456,0.5288737717309145,8.0,0.0,0.17089947089947088,0.35797430083144366,0.28877551020408165,0.1823507180650038,0.0,1.0,0.0,1.0,3,0,5,1,0.02,0.01,36,49,standard,16,228
12,Alternator,2.127891156462585,0.5102040816326531,4.0,1.0,0.22789115646258504,0.28231292517006806,0.2386621315192744,0.2511337868480726,0.0,0.0,1.0,1.0,3,0,5,1,0.02,0.01,36,49,standard,16,228
13,Cooperator,2.0571428571428574,1.0,0.0,1.0,0.6857142857142856,0.3142857142857143,0.0,0.0,1.0,1.0,0.0,0.0,3,0,5,1,0.02,0.01,36,49,standard,16,228
14,Win-Shift Lose-Stay: D,1.9258503401360545,0.6077097505668935,8.0,0.0,0.20982615268329552,0.3978835978835979,0.22566137566137565,0.1666288737717309,0.0,1.0,1.0,0.0,3,0,5,1,0.02,0.01,36,49,standard,16,228
15,Anti Tit For Tat,1.7918367346938777,0.6098261526832955,5.0,1.0,0.18560090702947848,0.42422524565381714,0.21213151927437643,0.17804232804232806,0.0,1.0,0.0,1.0,3,0,5,1,0.02,0.01,36,49,standard,16,228
0,"DoubleCrosser: (D, D)",2.9419071976616737,0.5475672230039101,14.0,1.0,0.5334851794556861,0.014082043548224099,0.2217367983271014,0.23069597866898836,0.9960864930181665,0.7700728738471371,0.017626714772719907,0.0,3,0,5,1,0.04,0.03,94,161,standard,18,229
1,Evolved HMM 5,2.892217756667885,0.5971128506906925,6.0,1.0,0.5433266738702882,0.053786176820404395,0.2148531938214694,0.18803395548783805,0.996650206956648,0.4619262278253387,0.014920245463279157,0.19339164432844003,3,0,5,1,0.04,0.03,94,161,standard,18,229
2,Evolved FSM 16,2.8556814029959807,0.5982050544547144,6.0,1.0,0.49674670978474655,0.1014583446699679,0.24122933169567554,0.16056561384961018,0.8819790702680054,0.5253685650657576,0.18934770503061324,0.3187878881115665,3,0,5,1,0.04,0.03,94,161,standard,18,229
3,Grudger,2.8502009499451955,0.47635631495891606,6.0,1.0,0.4727026795917257,0.0036536353671903533,0.22702679591725677,0.2966168891238271,1.0,0.0,0.0,0.0,3,0,5,1,0.04,0.03,94,161,standard,18,229
4,Defector,2.590062111801242,0.0,16.0,0.0,0.0,0.0,0.39804025217857725,0.6019597478214227,0.0,0.0,0.0,0.0,3,0,5,1,0.04,0.03,94,161,standard,18,229
5,Meta Winner: 16 players,2.576909024479357,0.018960035448036754,14.0,1.0,0.011528385637326161,0.007431649810710593,0.38898390068330757,0.5920560638686556,0.5197436593841906,0.3985596899953487,0.008419427182435305,0.008052486499858878,3,0,5,1,0.04,0.03,94,161,standard,18,229
6,Tit For Tat,2.4886737303617097,0.6752151369335894,0.0,1.0,0.5267104066418427,0.14850473029174666,0.14591609076563095,0.1788687723007797,1.0,0.0,1.0,0.0,3,0,5,1,0.04,0.03,94,161,standard,18,229
7,GTFT: 0.33,2.354037267080745,0.795093245438786,0.0,1.0,0.6128817854616407,0.1822114599771453,0.07734823809264685,0.12755851646856703,1.0,0.33080045840859745,1.0,0.33576301909443756,3,0,5,1,0.04,0.03,94,161,standard,18,229
8,Tit For 2 Tats,2.3118377785896964,0.8088371333732383,0.0,1.0,0.6566204650222717,0.15221666835096664,0.03755082051321916,0.1536120461135425,1.0,0.7360977231856156,1.0,0.0,3,0,5,1,0.04,0.03,94,161,standard,18,229
9,Suspicious Tit For Tat,2.300876872488126,0.5514385217546778,8.0,0.0,0.3645783937997031,0.18686012795497475,0.18973639409510332,0.2588250841502188,1.0,0.0,1.0,0.0,3,0,5,1,0.04,0.03,94,161,standard,18,229
10,Win-Stay Lose-Shift,2.2599561563755937,0.747137337821345,0.0,1.0,0.5680081468294996,0.17912919099184535,0.07561859156243442,0.17724407061622058,1.0,0.0,0.0,1.0,3,0,5,1,0.04,0.03,94,161,standard,18,229
11,Meta Mixer: 16 players,1.9831932773109244,0.44382729965251594,9.5,0.7259073842302879,0.1992047512807158,0.2446225483718002,0.20887133761922905,0.34730136272825496,0.5419896615912495,0.39176739338124994,0.5164470165099704,0.3883208229346242,3,0,5,1,0.04,0.03,94,161,standard,18,229
12,Cooperator,1.9806357325538912,1.0,0.0,1.0,0.6600214553906669,0.3399785446093331,0.0,0.0,1.0,1.0,0.0,0.0,3,0,5,1,0.04,0.03,94,161,standard,18,229
13,Cycler DC,1.9123127511874316,0.4968944099378882,8.0,0.0,0.17054314787894806,0.32635126205894016,0.2244226090065998,0.2786829810555119,0.0,0.0,1.0,1.0,3,0,5,1,0.04,0.03,94,161,standard,18,229
14,Alternator,1.905005480453051,0.5031055900621118,3.0,1.0,0.17427063332270928,0.32883495673940244,0.22144139802081791,0.2754530119170702,0.0,0.0,1.0,1.0,3,0,5,1,0.04,0.03,94,161,standard,18,229
15,Random: 0.5,1.877603215199123,0.4991643280809086,6.0,0.5106382978723404,0.19674049083093,0.3024238372499786,0.19712140175219026,0.3037142701669011,0.4946693206669337,0.49825207808735916,0.498286488550088,0.4975163411691544,3,0,5,1,0.04,0.03,94,161,standard,18,229
16,Bully,1.8604311289733284,0.5925302590971634,8.0,0.0,0.16159951492160232,0.4309307441755611,0.24207277730703752,0.16539696359579908,0.0,1.0,0.0,1.0,3,0,5,1,0.04,0.03,94,161,standard,18,229
17,Anti Tit For Tat,1.5595542564852027,0.6559130590256455,4.0,1.0,0.16596832997768948,0.48994472904795594,0.1804507186778504,0.16363622229650415,0.0,1.0,0.0,1.0,3,0,5,1,0.04,0.03,94,161,standard,18,229
0,Evolved HMM 5,3.433082706766917,0.3739434793881255,5.0,1.0,0.33557168784029034,0.038371791547835106,0.4481980814104226,0.17785843920145192,0.9955638029964231,0.4123839804925861,0.012451281537317565,0.1477189563127364,3,0,5,1,0.05,0.02,58,95,standard,8,230
1,Meta Winner: 7 players,2.9488721804511275,0.25130930775213894,5.0,1.0,0.13072336012444905,0.12058594762768991,0.47477313974591656,0.2739175525019445,0.6816312606590663,0.6496325766285055,0.09671902368569475,0.28216755403034555,3,0,5,1,0.05,0.02,58,95,standard,8,230
2,Soft Joss: 0.9,2.479699248120301,0.6970184080891885,0.0,1.0,0.46497277676950993,0.23204563131967854,0.19437386569872955,0.10860772621208192,1.0,0.09919129545487988,1.0,0.09523522962523857,3,0,5,1,0.05,0.02,58,95,standard,8,230
3,Random: 0.5,2.2827067669172934,0.5028260305937257,3.0,0.4729064039408867,0.2564946849883329,0.2463313456053928,0.25159450350012963,0.24557946590614468,0.507713978501043,0.5005470685624801,0.4977696390039134,0.5063806404818749,3,0,5,1,0.05,0.02,58,95,standard,8,230
4,Win-Shift Lose-Stay: D,2.216541353383459,0.5652320456313197,4.0,0.0,0.2524500907441017,0.31278195488721805,0.25947627689914443,0.17529167746953592,0.0,1.0,1.0,0.0,3,0,5,1,0.05,0.02,58,95,standard,8,230
5,Cycler DC,2.085714285714286,0.49473684210526314,3.0,0.0,0.22457868809955922,0.2701581540057039,0.22724915737619913,0.27801400051853775,0.0,0.0,1.0,1.0,3,0,5,1,0.05,0.02,58,95,standard,8,230
6,Anti Tit For Tat,1.939097744360902,0.5742027482499352,2.0,1.0,0.20090744101633393,0.37329530723360127,0.22953072336012445,0.19626652838994038,0.0,1.0,0.0,1.0,3,0,5,1,0.05,0.02,58,95,standard,8,230
7,Cooperator,1.5270676691729324,1.0,0.0,1.0,0.5083743842364532,0.4916256157635468,0.0,0.0,1.0,1.0,0.0,0.0,3,0,5,1,0.05,0.02,58,95,standard,8,230
0,Grudger,3.7777777777777777,0.6011695906432749,2.0,1.0,0.5976608187134503,0.003508771929824561,0.39649122807017545,0.0023391812865497076,1.0,0.0,0.0,0.0,3,0,5,1,0.06,0.02,99,171,standard,6,231
1,Evolved FSM 16,3.769590643274854,0.6035087719298246,2.0,1.0,0.598830409356725,0.004678362573099414,0.3941520467836257,0.002339181286549707,1.0,0.0,0.005988023952095809,0.0,3,0,5,1,0.06,0.02,99,171,standard,6,231
2,"DoubleCrosser: (D, D)",3.7415204678362572,0.6058479532163743,5.0,1.0,0.5964912280701755,0.009356725146198832,0.38947368421052636,0.004678362573099416,0.9955621301775148,0.75,0.0,0.0,3,0,5,1,0.06,0.02,99,171,standard,6,231
3,Tit For Tat,2.776608187134503,0.8315789473684211,0.0,1.0,0.7134502923976609,0.11812865497076022,0.11695906432748537,0.05146198830409356,1.0,0.0,1.0,0.0,3,0,5,1,0.06,0.02,99,171,standard,6,231
4,Win-Shift Lose-Stay: D,1.1883040935672515,0.791812865497076,1.0,0.0,0.13801169590643275,0.6538011695906433,0.1415204678362573,0.06666666666666667,0.0,1.0,1.0,0.0,3,0,5,1,0.06,0.02,99,171,standard,6,231
5,Bully,0.7543859649122806,0.8222222222222222,0.0,0.0,0.11578947368421053,0.7064327485380117,0.05730994152046783,0.12046783625730995,0.0,1.0,0.0,1.0,3,0,5,1,0.06,0.02,99,171,standard,6,231
0,"DoubleCrosser: (D, D)",3.020955165692008,0.5522211962655176,16.0,1.0,0.5321060326254233,0.020115163640094386,0.2447163229711706,0.20306248076331174,0.9942956471080439,0.7714994125027383,0.020001033831930908,0.0,3,0,5,1,0.01,0.04,76,108,standard,20,232
1,Evolved HMM 5,2.9953703703703702,0.5919321329639889,7.0,1.0,0.5408715502205808,0.05106058274340823,0.24122807017543857,0.16683979686057246,0.9979147545033689,0.4687306243035749,0.01830338127219833,0.19294537832755979,3,0,5,1,0.01,0.04,76,108,standard,20,232
2,Grudger,2.9629629629629632,0.4817764440340618,7.0,1.0,0.4764158202523853,0.005360623781676413,0.2541358879655279,0.26408766800041034,1.0,0.0,0.0,0.0,3,0,5,1,0.01,0.04,76,108,standard,20,232
3,Evolved FSM 16,2.959795321637427,0.595253667795219,7.0,1.0,0.500628398481584,0.09462526931363499,0.263568277418693,0.14117805478608803,0.8957633743530271,0.5260621730860351,0.16775234206801723,0.32494758381481353,3,0,5,1,0.01,0.04,76,108,standard,20,232
4,Meta Winner: 18 players,2.632553606237817,0.028707551041346056,16.0,1.0,0.017582333025546324,0.011125218015799734,0.39663486200882336,0.5746575869498307,0.5389024417381096,0.37846129484431856,0.012289162525271206,0.01183427214458233,3,0,5,1,0.01,0.04,76,108,standard,20,232
5,Tit For Tat,2.5255847953216373,0.6920013850415513,0.0,1.0,0.5413717041140863,0.15062968092746484,0.14818662152457165,0.1598119934338771,1.0,0.0,1.0,0.0,3,0,5,1,0.01,0.04,76,108,standard,20,232
6,Soft Joss: 0.9,2.5009746588693957,0.7423758592387402,0.0,1.0,0.5965425259054067,0.14583333333333331,0.11320149789678875,0.14442264286447112,1.0,0.10347490144453783,1.0,0.10034172158827474,3,0,5,1,0.01,0.04,76,108,standard,20,232
7,Win-Stay Lose-Shift,2.444444444444444,0.7209141274238227,1.0,1.0,0.5612175541192163,0.15969657330460654,0.12069098184056634,0.15839489073561097,1.0,0.0,0.0,1.0,3,0,5,1,0.01,0.04,76,108,standard,20,232
8,Defector,2.444444444444444,0.0,17.0,0.0,0.0,0.0,0.3610854621934954,0.6389145378065045,0.0,0.0,0.0,0.0,3,0,5,1,0.01,0.04,76,108,standard,20,232
9,GTFT: 0.33,2.389132553606238,0.8046129578331794,0.0,1.0,0.6209987688519544,0.18361418898122497,0.08286524058684726,0.11252180157997334,1.0,0.3292397243588352,1.0,0.33306710333758727,3,0,5,1,0.01,0.04,76,108,standard,20,232
10,Tit For 2 Tats,2.3038499025341133,0.8333140966451216,0.0,1.0,0.6692636195752538,0.16405047706986767,0.032439468554427,0.13424643480045143,1.0,0.764406300773042,1.0,0.0,3,0,5,1,0.01,0.04,76,108,standard,20,232
11,Suspicious Tit For Tat,2.2680311890838207,0.5409741458910434,8.0,0.0,0.36988945316507643,0.171084692725967,0.17491279368010665,0.28411306042884993,1.0,0.0,1.0,0.0,3,0,5,1,0.01,0.04,76,108,standard,20,232
12,Meta Mixer: 18 players,2.0367933723196883,0.4498243049143326,11.0,0.6835180055401662,0.2126808248691905,0.2371434800451421,0.21376449163845285,0.3364112034472145,0.5640498774467958,0.3789570077863991,0.5474912817688409,0.3786141685771965,3,0,5,1,0.01,0.04,76,108,standard,20,232
13,Cooperator,2.0058479532163744,1.0,0.0,1.0,0.6688981224992304,0.3311018775007694,0.0,0.0,1.0,1.0,0.0,0.0,3,0,5,1,0.01,0.04,76,108,standard,20,232
14,Alternator,1.9817251461988303,0.5,5.0,1.0,0.17281599466502515,0.3271840053349749,0.24099722991689754,0.2590027700831025,0.0,0.0,1.0,1.0,3,0,5,1,0.01,0.04,76,108,standard,20,232
15,Cycler DC,1.9746588693957114,0.5,5.0,0.0,0.17019980506822616,0.3298001949317739,0.24113829896378375,0.2588617010362163,0.0,0.0,1.0,1.0,3,0,5,1,0.01,0.04,76,108,standard,20,232
16,Random: 0.5,1.9439571150097466,0.499762747512055,8.0,0.5048476454293629,0.2067815738175849,0.2929811736944701,0.2065827947060634,0.29365445778188154,0.496703199786419,0.5006602090576352,0.5035330867416035,0.49814056168748266,3,0,5,1,0.01,0.04,76,108,standard,20,232
17,Bully,1.8767056530214423,0.5860649430594029,8.0,0.0,0.17547065763824768,0.4105942854211553,0.23361675387298655,0.18031830306761054,0.0,1.0,0.0,1.0,3,0,5,1,0.01,0.04,76,108,standard,20,232
18,Win-Shift Lose-Stay: D,1.7911793372319689,0.5964591669231558,7.0,0.0,0.19659895352416124,0.39986021339899447,0.2005488868369755,0.20299194623986863,0.0,1.0,1.0,0.0,3,0,5,1,0.01,0.04,76,108,standard,20,232
19,Anti Tit For Tat,1.6125730994152048,0.6434864573714989,5.0,1.0,0.18030547860880267,0.4631809787626963,0.1787280701754386,0.17778547245306245,0.0,1.0,0.0,1.0,3,0,5,1,0.01,0.04,76,108,standard,20,232
0,Evolved HMM 5,3.369419642857143,0.544286174521355,4.0,1.0,0.5187661082474228,0.025520066273932256,0.33957336156111934,0.11614046391752579,0.9983340274885464,0.5793871866295264,0.01698867421718854,0.16406588643259645,3,0,5,1,0.0,0.01,97,112,standard,9,233
1,"DoubleCrosser: (D, D)",3.369419642857143,0.5380499815905744,7.0,1.0,0.516085235640648,0.02196474594992636,0.33819265463917525,0.12375736377025037,0.9943703756062191,0.8027777777777778,0.018985371926548398,0.0,3,0,5,1,0.0,0.01,97,112,standard,9,233
2,Soft Joss: 0.9,2.625,0.7715505338733432,0.0,1.0,0.5812661082474228,0.19028442562592052,0.1631650405007364,0.06528442562592048,1.0,0.09465812930621971,1.0,0.09817058159021268,3,0,5,1,0.0,0.01,97,112,standard,9,233
3,GTFT: 0.33,2.5223214285714284,0.8327848858615611,0.0,1.0,0.6311211340206186,0.20166375184094257,0.11569173416789397,0.05152337997054492,1.0,0.3393095885315856,1.0,0.32852978937506505,3,0,5,1,0.0,0.01,97,112,standard,9,233
4,Suspicious Tit For Tat,2.470982142857143,0.6556747054491899,4.0,0.0,0.5178801546391752,0.1377945508100147,0.14277660162002945,0.20154869293078057,1.0,0.0,1.0,0.0,3,0,5,1,0.0,0.01,97,112,standard,9,233
5,Meta Mixer: 8 players,2.142857142857143,0.44065261413843887,5.0,0.49226804123711343,0.2109605117820324,0.2296921023564065,0.24101389911634755,0.31833348674521356,0.5607022660784755,0.3469710644558933,0.5771977827657273,0.3434704103381697,3,0,5,1,0.0,0.01,97,112,standard,9,233
6,Cycler DC,1.9553571428571428,0.5,2.0,0.0,0.14916237113402062,0.35083762886597936,0.2518524484536082,0.2481475515463918,0.0,0.0,1.0,1.0,3,0,5,1,0.0,0.01,97,112,standard,9,233
7,Win-Shift Lose-Stay: D,1.796875,0.5642373895434463,3.0,0.0,0.1917916973490427,0.37244569219440354,0.19602586524300444,0.23973674521354935,0.0,1.0,1.0,0.0,3,0,5,1,0.0,0.01,97,112,standard,9,233
8,Bully,1.6194196428571428,0.6265648011782032,2.0,0.0,0.22586064064801178,0.4007041605301915,0.14261551914580264,0.2308196796759941,0.0,1.0,0.0,1.0,3,0,5,1,0.0,0.01,97,112,standard,9,233
0,Defector,2.888888888888889,0.0,16.0,0.0,0.0,0.0,0.46691176470588236,0.5330882352941175,0.0,0.0,0.0,0.0,3,0,5,1,0.03,0.03,68,4,standard,19,234
1,Win-Shift Lose-Stay: D,2.6666666666666665,0.4178921568627451,12.0,0.0,0.21915849673202611,0.19873366013071894,0.35498366013071897,0.22712418300653592,0.0,1.0,1.0,0.0,3,0,5,1,0.03,0.03,68,4,standard,19,234
2,"DoubleCrosser: (D, D)",2.638888888888889,0.5,11.0,1.0,0.3658088235294118,0.1341911764705882,0.2598039215686274,0.24019607843137258,0.5341880341880342,0.7355212355212356,0.0,0.0,3,0,5,1,0.03,0.03,68,4,standard,19,234
3,Grudger,2.5972222222222223,0.6919934640522876,3.0,1.0,0.5588235294117647,0.1331699346405229,0.1519607843137255,0.15604575163398693,1.0,0.0,0.0,0.0,3,0,5,1,0.03,0.03,68,4,standard,19,234
4,Cycler DC,2.5555555555555554,0.5,8.0,0.0,0.2371323529411765,0.26286764705882354,0.338031045751634,0.16196895424836602,0.0,0.0,1.0,1.0,3,0,5,1,0.03,0.03,68,4,standard,19,234
5,Suspicious Tit For Tat,2.5416666666666665,0.4520016339869281,8.0,0.0,0.24877450980392155,0.20322712418300654,0.31147875816993464,0.23651960784313728,1.0,0.0,1.0,0.0,3,0,5,1,0.03,0.03,68,4,standard,19,234
6,Bully,2.5416666666666665,0.3617238562091503,9.0,0.0,0.12724673202614378,0.23447712418300654,0.3827614379084967,0.255514705882353,0.0,1.0,0.0,1.0,3,0,5,1,0.03,0.03,68,4,standard,19,234
7,Meta Winner: 17 players,2.520833333333333,0.6262254901960784,9.0,1.0,0.4166666666666667,0.20955882352941177,0.2254901960784314,0.14828431372549022,0.6265720735417806,0.6730758691727289,0.11690749267508656,0.5776691729323308,3,0,5,1,0.03,0.03,68,4,standard,19,234
8,Meta Mixer: 17 players,2.4930555555555554,0.6098856209150327,6.0,0.6568627450980392,0.3999183006535948,0.20996732026143794,0.22977941176470593,0.16033496732026142,0.6587196966155145,0.39333097544445783,0.6796425187721075,0.45116373357972256,3,0,5,1,0.03,0.03,68,4,standard,19,234
9,Random: 0.5,2.4722222222222223,0.5257352941176471,8.0,0.5326797385620915,0.303921568627451,0.22181372549019607,0.2769607843137255,0.19730392156862744,0.5131521794924749,0.5196627869264985,0.51641470991805,0.5468673071490336,3,0,5,1,0.03,0.03,68,4,standard,19,234
10,Tit For Tat,2.4722222222222223,0.7781862745098039,0.0,1.0,0.5943627450980391,0.1838235294117647,0.11642156862745098,0.10539215686274511,1.0,0.0,1.0,0.0,3,0,5,1,0.03,0.03,68,4,standard,19,234
11,Evolved FSM 16,2.4444444444444446,0.7894199346405228,1.0,1.0,0.6043709150326797,0.18504901960784315,0.1031454248366013,0.10743464052287582,1.0,0.31857142857142856,0.9359420289855074,0.0,3,0,5,1,0.03,0.03,68,4,standard,19,234
12,Soft Joss: 0.9,2.4305555555555554,0.7947303921568627,0.0,1.0,0.5982434640522876,0.19648692810457516,0.10477941176470588,0.10049019607843136,1.0,0.09747635452501845,1.0,0.143323055028463,3,0,5,1,0.03,0.03,68,4,standard,19,234
13,Win-Stay Lose-Shift,2.375,0.7839052287581699,1.0,1.0,0.6013071895424837,0.18259803921568626,0.08946078431372549,0.12663398692810457,1.0,0.0,0.0,1.0,3,0,5,1,0.03,0.03,68,4,standard,19,234
14,Evolved HMM 5,2.3194444444444446,0.8490604575163399,0.0,1.0,0.6401143790849673,0.20894607843137256,0.062295751633986915,0.08864379084967319,1.0,0.44744253328394523,0.0,0.0,3,0,5,1,0.03,0.03,68,4,standard,19,234
15,GTFT: 0.33,2.3194444444444446,0.8476307189542484,0.0,1.0,0.6247957516339869,0.22283496732026142,0.07230392156862743,0.08006535947712416,1.0,0.3234034160053207,1.0,0.49376409774436086,3,0,5,1,0.03,0.03,68,4,standard,19,234
16,Anti Tit For Tat,2.3055555555555554,0.5359477124183006,6.0,1.0,0.2604166666666667,0.275531045751634,0.26348039215686275,0.2005718954248366,0.0,1.0,0.0,1.0,3,0,5,1,0.03,0.03,68,4,standard,19,234
17,Tit For 2 Tats,2.1666666666666665,0.9193218954248366,0.0,1.0,0.6709558823529412,0.2483660130718955,0.019607843137254905,0.0610702614379085,1.0,0.8002222222222223,1.0,0.0,3,0,5,1,0.03,0.03,68,4,standard,19,234
18,Cooperator,2.0416666666666665,1.0,0.0,1.0,0.6819852941176471,0.318014705882353,0.0,0.0,1.0,1.0,0.0,0.0,3,0,5,1,0.03,0.03,68,4,standard,19,234
0,Grudger,2.685714285714286,0.2546938775510204,4.0,1.0,0.1689795918367347,0.08571428571428572,0.3577551020408163,0.3875510204081633,1.0,0.0,0.0,0.0,3,0,5,1,0.07,0.06,70,10,standard,8,235
1,Defector,2.2,0.0,5.0,0.0,0.0,0.0,0.29551020408163264,0.7044897959183674,0.0,0.0,0.0,0.0,3,0,5,1,0.07,0.06,70,10,standard,8,235
2,Meta Mixer: 7 players,2.0500000000000003,0.3973469387755102,3.0,0.42244897959183675,0.19122448979591838,0.20612244897959184,0.21816326530612248,0.38448979591836735,0.46159900796924397,0.33965981475973706,0.5105318455406671,0.34776632453854267,3,0,5,1,0.07,0.06,70,10,standard,8,235
3,Win-Shift Lose-Stay: D,2.0142857142857142,0.3557142857142857,3.0,0.0,0.166734693877551,0.1889795918367347,0.21632653061224488,0.42795918367346936,0.0,1.0,1.0,0.0,3,0,5,1,0.07,0.06,70,10,standard,8,235
4,Suspicious Tit For Tat,1.9714285714285715,0.3195918367346939,3.0,0.0,0.1906122448979592,0.1289795918367347,0.17795918367346938,0.5024489795918367,1.0,0.0,1.0,0.0,3,0,5,1,0.07,0.06,70,10,standard,8,235
5,Cycler DC,1.9571428571428573,0.5,2.0,0.0,0.2057142857142857,0.2942857142857143,0.21244897959183673,0.28755102040816327,0.0,0.0,1.0,1.0,3,0,5,1,0.07,0.06,70,10,standard,8,235
6,Tit For 2 Tats,1.8714285714285714,0.8038775510204081,0.0,1.0,0.506326530612245,0.29755102040816334,0.03816326530612245,0.15795918367346942,1.0,0.7937158469945356,1.0,0.0,3,0,5,1,0.07,0.06,70,10,standard,8,235
7,Anti Tit For Tat,1.5285714285714285,0.6755102040816326,1.0,1.0,0.2385714285714286,0.4369387755102041,0.12224489795918368,0.20224489795918368,0.0,1.0,0.0,1.0,3,0,5,1,0.07,0.06,70,10,standard,8,235
0,GTFT: 0.33,3.0,1.0,0.0,1.0,1.0,0.0,0.0,0.0,1.0,0,0,0,3,0,5,1,0.02,0.07,44,96,standard,3,236
1,Win-Stay Lose-Shift,3.0,1.0,0.0,1.0,1.0,0.0,0.0,0.0,1.0,0,0,0,3,0,5,1,0.02,0.07,44,96,standard,3,236
2,Meta Mixer: 2 players,3.0,1.0,0.0,1.0,1.0,0.0,0.0,0.0,1.0,0,0,0,3,0,5,1,0.02,0.07,44,96,standard,3,236
0,Tit For Tat,2.809090909090909,0.8309802571166207,0.0,1.0,0.6820477502295683,0.1489325068870523,0.1487718089990817,0.020247933884297516,1.0,0.0,1.0,0.0,3,0,5,1,0.03,0.05,99,176,standard,6,237
1,Soft Joss: 0.9,2.794318181818182,0.8540289256198347,0.0,1.0,0.7053030303030301,0.14872589531680439,0.13210514233241505,0.013865932047750227,1.0,0.10100045220808977,1.0,0.10074937552039967,3,0,5,1,0.03,0.05,99,176,standard,6,237
2,Win-Stay Lose-Shift,2.7625,0.8337809917355372,1.0,1.0,0.752020202020202,0.08176078971533517,0.08491735537190083,0.08130165289256198,1.0,0.0,0.0,1.0,3,0,5,1,0.03,0.05,99,176,standard,6,237
3,GTFT: 0.33,2.7522727272727274,0.9004247015610652,0.0,1.0,0.759573002754821,0.14085169880624426,0.09250459136822772,0.00707070707070707,1.0,0.330748361998362,1.0,0.31158238172920066,3,0,5,1,0.03,0.05,99,176,standard,6,237
4,Meta Mixer: 5 players,2.594318181818182,0.6658402203856749,2.0,0.8101010101010101,0.44564967860422416,0.22019054178145087,0.23109504132231407,0.10306473829201103,0.8374040386895244,0.23988050901440916,0.8332087938869733,0.3551412997414922,3,0,5,1,0.03,0.05,99,176,standard,6,237
5,Cycler DC,2.5704545454545453,0.5,3.0,0.0,0.13164600550964187,0.3683539944903581,0.41942148760330583,0.08057851239669421,0.0,0.0,1.0,1.0,3,0,5,1,0.03,0.05,99,176,standard,6,237
0,Evolved HMM 5,2.9668367346938775,0.5290937803692906,7.0,1.0,0.46088435374149656,0.06820942662779397,0.27921525753158405,0.19169096209912537,0.9971060933502248,0.4729308040794361,0.016009221311475412,0.1907311396716792,3,0,5,1,0.07,0.06,21,49,standard,17,238
1,"DoubleCrosser: (D, D)",2.9502551020408165,0.502125850340136,13.0,1.0,0.4526239067055394,0.04950194363459669,0.2734450923226433,0.22442905733722063,0.9889340309441915,0.7715903717015038,0.021437116667789986,0.0,3,0,5,1,0.07,0.06,21,49,standard,17,238
2,Grudger,2.927295918367347,0.39637998056365403,7.0,1.0,0.3823493683187561,0.014030612244897961,0.2938532555879495,0.3097667638483965,1.0,0.0,0.0,0.0,3,0,5,1,0.07,0.06,21,49,standard,17,238
3,Meta Winner: 15 players,2.5369897959183674,0.06389698736637513,13.0,1.0,0.0363824101068999,0.027514577259475224,0.3659499514091351,0.5701530612244898,0.5584921516876593,0.4297516396927103,0.013491896116560806,0.024260730534073346,3,0,5,1,0.07,0.06,21,49,standard,17,238
4,Soft Joss: 0.9,2.391581632653061,0.689625850340136,0.0,1.0,0.5051627793974732,0.18446307094266276,0.1408527696793003,0.16952137998056366,1.0,0.09241554445467068,1.0,0.108046228802831,3,0,5,1,0.07,0.06,21,49,standard,17,238
5,Win-Stay Lose-Shift,2.3329081632653064,0.6726190476190477,2.0,1.0,0.47904518950437325,0.19357385811467442,0.1415816326530612,0.18579931972789113,1.0,0.0,0.0,1.0,3,0,5,1,0.07,0.06,21,49,standard,17,238
6,Defector,2.3316326530612246,0.0,14.0,0.0,0.0,0.0,0.3316933916423712,0.6683066083576288,0.0,0.0,0.0,0.0,3,0,5,1,0.07,0.06,21,49,standard,17,238
7,GTFT: 0.33,2.262755102040816,0.7721695821185617,0.0,1.0,0.5498663751214772,0.22230320699708453,0.09870019436345966,0.12913022351797862,1.0,0.32504440924551775,1.0,0.34872070842523,3,0,5,1,0.07,0.06,21,49,standard,17,238
8,Suspicious Tit For Tat,2.191326530612245,0.49374392614188534,7.0,0.0,0.33387998056365403,0.15986394557823128,0.16964285714285715,0.3366132167152575,1.0,0.0,1.0,0.0,3,0,5,1,0.07,0.06,21,49,standard,17,238
9,Tit For 2 Tats,2.1607142857142856,0.8051506316812439,0.0,1.0,0.6023445092322643,0.20280612244897958,0.03905490767735666,0.1557944606413994,1.0,0.7622334341396637,1.0,0.0,3,0,5,1,0.07,0.06,21,49,standard,17,238
10,Meta Mixer: 15 players,2.0267857142857144,0.4299684159378037,9.0,0.6071428571428571,0.18926141885325556,0.24070699708454807,0.22412536443148687,0.34590621963070944,0.5136747971405476,0.38089714481872405,0.5186767336705583,0.38080305774257567,3,0,5,1,0.07,0.06,21,49,standard,17,238
11,Cycler DC,1.961734693877551,0.4897959183673469,7.0,0.0,0.17164723032069973,0.3181486880466472,0.23384353741496602,0.27636054421768713,0.0,0.0,1.0,1.0,3,0,5,1,0.07,0.06,21,49,standard,17,238
12,Alternator,1.927295918367347,0.5102040816326531,3.0,1.0,0.182033527696793,0.32817055393586003,0.2223639455782313,0.2674319727891157,0.0,0.0,1.0,1.0,3,0,5,1,0.07,0.06,21,49,standard,17,238
13,Random: 0.5,1.8622448979591837,0.5024902818270165,6.0,0.5416666666666666,0.2063896987366375,0.29610058309037895,0.1961856171039844,0.30132410106899904,0.5163836439054305,0.49677442965189955,0.5071419812584101,0.4959101508702421,3,0,5,1,0.07,0.06,21,49,standard,17,238
14,Bully,1.8125,0.5882531584062196,7.0,0.0,0.18992954324586978,0.39832361516034986,0.2079689018464529,0.20377793974732752,0.0,1.0,0.0,1.0,3,0,5,1,0.07,0.06,21,49,standard,17,238
15,Win-Shift Lose-Stay: D,1.7423469387755102,0.5640792031098154,7.0,0.0,0.1801506316812439,0.38392857142857145,0.19339164237123418,0.24252915451895043,0.0,1.0,1.0,0.0,3,0,5,1,0.07,0.06,21,49,standard,17,238
16,Anti Tit For Tat,1.5,0.6644800777453839,4.0,1.0,0.2018343051506317,0.46264577259475215,0.13842322643343052,0.1970966958211856,0.0,1.0,0.0,1.0,3,0,5,1,0.07,0.06,21,49,standard,17,238
0,Grudger,2.6666666666666665,0.30624338624338626,4.0,1.0,0.2543915343915344,0.05185185185185184,0.3047619047619048,0.38899470899470906,1.0,0.0,0.0,0.0,3,0,5,1,0.02,0.09,35,15,standard,10,239
1,Meta Winner: 9 players,2.325925925925926,0.17058201058201058,7.0,1.0,0.09375661375661376,0.07682539682539682,0.2943915343915344,0.5350264550264551,0.6728584905757697,0.4992105492105492,0.04279653505459957,0.014444030886130802,3,0,5,1,0.02,0.09,35,15,standard,10,239
2,Tit For Tat,2.2074074074074073,0.5671957671957671,0.0,1.0,0.3348148148148148,0.2323809523809524,0.1913227513227513,0.2414814814814815,1.0,0.0,1.0,0.0,3,0,5,1,0.02,0.09,35,15,standard,10,239
3,Soft Joss: 0.9,2.1555555555555554,0.6146031746031746,0.0,1.0,0.37037037037037046,0.24423280423280425,0.16402116402116404,0.22137566137566136,1.0,0.08860250258689635,1.0,0.09546618611085567,3,0,5,1,0.02,0.09,35,15,standard,10,239
4,Defector,2.066666666666667,0.0,7.0,0.0,0.0,0.0,0.2687830687830688,0.7312169312169312,0.0,0.0,0.0,0.0,3,0,5,1,0.02,0.09,35,15,standard,10,239
5,Suspicious Tit For Tat,1.9185185185185185,0.31576719576719575,3.0,0.0,0.10433862433862434,0.21142857142857144,0.23026455026455028,0.453968253968254,1.0,0.0,1.0,0.0,3,0,5,1,0.02,0.09,35,15,standard,10,239
6,Cycler DC,1.9037037037037037,0.4666666666666667,3.0,0.0,0.11280423280423281,0.3538624338624339,0.2571428571428571,0.2761904761904762,0.0,0.0,1.0,1.0,3,0,5,1,0.02,0.09,35,15,standard,10,239
7,Random: 0.5,1.8444444444444446,0.5037037037037037,3.0,0.45396825396825397,0.1883597883597883,0.31534391534391537,0.19492063492063488,0.30137566137566135,0.5293817308183625,0.5011158871832687,0.5026834426686612,0.5021664351561669,3,0,5,1,0.02,0.09,35,15,standard,10,239
8,Win-Shift Lose-Stay: D,1.8074074074074074,0.475978835978836,2.0,0.0,0.1657142857142857,0.31026455026455024,0.19428571428571428,0.32973544973544977,0.0,1.0,1.0,0.0,3,0,5,1,0.02,0.09,35,15,standard,10,239
9,Anti Tit For Tat,1.5481481481481483,0.659047619047619,2.0,1.0,0.22179894179894172,0.4372486772486773,0.1335449735449735,0.20740740740740737,0.0,1.0,0.0,1.0,3,0,5,1,0.02,0.09,35,15,standard,10,239
0,Evolved HMM 5,3.021091811414392,0.4707959534262264,6.0,1.0,0.40208054972322965,0.06871540370299675,0.3222943309791945,0.20690971559457913,0.9991659716430359,0.5040350992883533,0.006872852233676976,0.20022981235504955,3,0,5,1,0.06,0.01,13,62,standard,14,240
1,Evolved FSM 16,2.9727047146401984,0.4829165871349494,6.0,1.0,0.3494941782782975,0.13342240885665202,0.3521664439778584,0.1649169688871922,0.8611111111111112,0.5517354095829433,0.20495549489215917,0.3595626366722979,3,0,5,1,0.06,0.01,13,62,standard,14,240
2,Grudger,2.9689826302729525,0.3245848444359611,6.0,1.0,0.31341859133422406,0.01116625310173697,0.33832792517656046,0.33708723038747845,1.0,0.0,0.0,0.0,3,0,5,1,0.06,0.01,13,62,standard,14,240
3,Meta Winner: 13 players,2.6426799007444166,0.04981866768467265,10.0,1.0,0.026150028631418205,0.02366863905325443,0.39463638098873827,0.5555449513265891,0.6289529117115324,0.46871754291109125,0.00815148981767346,0.014441532514473863,3,0,5,1,0.06,0.01,13,62,standard,14,240
4,Defector,2.43424317617866,0.0,11.0,0.0,0.0,0.0,0.35875167016606224,0.6412483298339378,0.0,0.0,0.0,0.0,3,0,5,1,0.06,0.01,13,62,standard,14,240
5,Soft Joss: 0.9,2.3461538461538463,0.6572819240313037,0.0,1.0,0.45962970032448935,0.19765222370681432,0.15518228669593437,0.187535789272762,1.0,0.0897258763485169,1.0,0.09945073360470766,3,0,5,1,0.06,0.01,13,62,standard,14,240
6,Suspicious Tit For Tat,2.1290322580645165,0.46344722275243366,6.0,0.0,0.29366291276961254,0.16978430998282115,0.17770566902080548,0.3588471082267608,1.0,0.0,1.0,0.0,3,0,5,1,0.06,0.01,13,62,standard,14,240
7,Tit For 2 Tats,2.075682382133995,0.7810650887573964,0.0,1.0,0.5649933193357511,0.21607176942164538,0.03998854743271617,0.1789463638098874,1.0,0.7451335154479809,1.0,0.0,3,0,5,1,0.06,0.01,13,62,standard,14,240
8,Random: 0.5,1.7977667493796525,0.506776102309601,4.0,0.5502958579881657,0.1907806833365146,0.3159954189730864,0.17980530635617478,0.31341859133422406,0.5104280444806454,0.5173949111933083,0.47733093629342127,0.5054362038463419,3,0,5,1,0.06,0.01,13,62,standard,14,240
9,Alternator,1.7977667493796525,0.5,3.0,1.0,0.16758923458675323,0.3324107654132468,0.199179232677992,0.3008207673220081,0.0,0.0,1.0,1.0,3,0,5,1,0.06,0.01,13,62,standard,14,240
10,Cycler DC,1.7878411910669976,0.5,3.0,0.0,0.1632945218553159,0.33670547814468405,0.19984729910288226,0.30015270089711776,0.0,0.0,1.0,1.0,3,0,5,1,0.06,0.01,13,62,standard,14,240
11,Win-Shift Lose-Stay: D,1.7245657568238213,0.5423744989501813,6.0,0.0,0.17570146974613474,0.36667302920404654,0.18524527581599537,0.27238022523382327,0.0,1.0,1.0,0.0,3,0,5,1,0.06,0.01,13,62,standard,14,240
12,Bully,1.5955334987593053,0.6385760641343768,5.0,0.0,0.17112044283260167,0.46745562130177504,0.17913723993128455,0.1822866959343386,0.0,1.0,0.0,1.0,3,0,5,1,0.06,0.01,13,62,standard,14,240
13,Anti Tit For Tat,1.21712158808933,0.7244703187631227,2.0,1.0,0.1824775720557358,0.541992746707387,0.09944645924794808,0.17608322198892917,0.0,1.0,0.0,1.0,3,0,5,1,0.06,0.01,13,62,standard,14,240
0,"DoubleCrosser: (D, D)",3.146198830409357,0.6882672145830041,8.0,1.0,0.6629260839787156,0.025341130604288498,0.21031557873663137,0.10141720668036457,0.9878413767302656,0.8125,0.0,0.0,3,0,5,1,0.02,0.06,37,57,standard,10,241
1,Evolved HMM 5,3.1403508771929824,0.7008587534903324,3.0,1.0,0.6772035193087825,0.02365523418154997,0.2018860966229387,0.09725514988672884,0.9984567901234568,0.5480326737229636,0.013801756587202008,0.13776137761377613,3,0,5,1,0.02,0.06,37,57,standard,10,241
2,Evolved FSM 16,3.101364522417154,0.6619250829777146,3.0,1.0,0.6036562878668142,0.058268795110900364,0.2390285021863969,0.09904641483588852,0.8592538759689923,0.5911117572937868,0.2816760454595609,0.08115206552706553,3,0,5,1,0.02,0.06,37,57,standard,10,241
3,Soft Joss: 0.9,2.7621832358674463,0.8515357462725883,0.0,1.0,0.7092355513408145,0.14230019493177387,0.121384542437174,0.027079711290237604,1.0,0.11122143925731401,1.0,0.11016949152542373,3,0,5,1,0.02,0.06,37,57,standard,10,241
4,GTFT: 0.33,2.705653021442495,0.8922079974711553,0.0,1.0,0.7489068015383805,0.1433011959327749,0.08808808808808809,0.019703914440756552,1.0,0.327975539149801,1.0,0.3265895953757225,3,0,5,1,0.02,0.06,37,57,standard,10,241
5,Suspicious Tit For Tat,2.604288499025341,0.7073389178652336,6.0,0.0,0.569885675148833,0.1374532427164006,0.14988672883409723,0.1427743533006691,1.0,0.0,1.0,0.0,3,0,5,1,0.02,0.06,37,57,standard,10,241
6,Tit For 2 Tats,2.522417153996101,0.9725514988672883,0.0,1.0,0.8130235498656552,0.15952794900163322,0.013065697276223592,0.014382803856488068,1.0,0.9353383458646617,1.0,0.0,3,0,5,1,0.02,0.06,37,57,standard,10,241
7,Alternator,2.1033138401559457,0.5087719298245614,3.0,1.0,0.15699910436752543,0.351772825457036,0.2857594436541805,0.20546862652125808,0.0,0.0,1.0,1.0,3,0,5,1,0.02,0.06,37,57,standard,10,241
8,Random: 0.5,2.0682261208577,0.4950213371266003,4.0,0.4624624624624625,0.21974606185132503,0.2752752752752753,0.22459301406669827,0.28038564880670147,0.4980616508208057,0.5012908792792417,0.48928002754526084,0.49485749774287097,3,0,5,1,0.02,0.06,37,57,standard,10,241
9,Win-Shift Lose-Stay: D,1.8031189083820662,0.6239924134660977,4.0,0.0,0.19693377588114427,0.4270586375849533,0.2099467888941573,0.166060797639745,0.0,1.0,1.0,0.0,3,0,5,1,0.02,0.06,37,57,standard,10,241
0,Win-Stay Lose-Shift,3.9837662337662336,0.5032467532467533,1.0,1.0,0.5,0.003246753246753247,0.4967532467532468,0.0,1.0,0.0,0.0,0,3,0,5,1,0.05,0.01,32,154,standard,3,242
1,Tit For Tat,2.824675324675325,0.8344155844155844,0.0,1.0,0.6655844155844156,0.16883116883116883,0.16558441558441558,0.0,1.0,0.0,1.0,0,3,0,5,1,0.05,0.01,32,154,standard,3,242
2,Win-Shift Lose-Stay: D,1.357142857142857,0.827922077922078,1.0,0.0,0.16558441558441558,0.6623376623376623,0.17207792207792208,0.0,0.0,1.0,1.0,0,3,0,5,1,0.05,0.01,32,154,standard,3,242
0,Evolved HMM 5,2.8604193971166447,0.5154943934760449,6.0,1.0,0.4473569244211446,0.06813746905490024,0.25817678753458567,0.22632881898936946,0.9971540486222072,0.47341197447841993,0.016588182127793352,0.19390436978203257,3,0,5,1,0.07,0.07,45,109,standard,15,243
1,Grudger,2.8066841415465267,0.3671617882627057,6.0,1.0,0.36126401630988786,0.005897771952817825,0.27317605941459155,0.3596621523227028,1.0,0.0,0.0,0.0,3,0,5,1,0.07,0.07,45,109,standard,15,243
2,Evolved FSM 16,2.802096985583224,0.5246395806028834,6.0,1.0,0.3946264744429882,0.13001310615989517,0.2846366681229066,0.19072375127420998,0.8538775528736572,0.5352684690937994,0.25998482902561604,0.33815913343975507,3,0,5,1,0.07,0.07,45,109,standard,15,243
3,Meta Winner: 13 players,2.6395806028833553,0.023037716615698266,12.0,1.0,0.01472258628221931,0.008315130333478958,0.3988786952089704,0.5780835881753313,0.6565896163620627,0.4302189240320634,0.0073121196188864,0.007416143965961926,3,0,5,1,0.07,0.07,45,109,standard,15,243
4,Defector,2.381389252948886,0.0,12.0,0.0,0.0,0.0,0.34380369884957046,0.6561963011504296,0.0,0.0,0.0,0.0,3,0,5,1,0.07,0.07,45,109,standard,15,243
5,Soft Joss: 0.9,2.375491480996068,0.6771224697830203,0.0,1.0,0.500786369593709,0.1763361001893112,0.13751274209989808,0.18536478811708168,1.0,0.09895256737897576,1.0,0.09574796765816913,3,0,5,1,0.07,0.07,45,109,standard,15,243
6,Win-Stay Lose-Shift,2.3492791612057666,0.6453473132372215,1.0,1.0,0.44935197320518416,0.19599534003203725,0.16239988350080092,0.19225280326197758,1.0,0.0,0.0,1.0,3,0,5,1,0.07,0.07,45,109,standard,15,243
7,GTFT: 0.33,2.2509829619921367,0.763098878695209,0.0,1.0,0.5384738604922091,0.22462501820299985,0.09914081840687346,0.13776030289791757,1.0,0.34204057907307095,1.0,0.34274480080409325,3,0,5,1,0.07,0.07,45,109,standard,15,243
8,Suspicious Tit For Tat,2.09305373525557,0.4471967380224261,8.0,0.0,0.2680646570554827,0.17913208096694339,0.18424348332605214,0.3685597786515218,1.0,0.0,1.0,0.0,3,0,5,1,0.07,0.07,45,109,standard,15,243
9,Meta Mixer: 13 players,1.901048492791612,0.38219018494247853,8.0,0.6476190476190476,0.13713411970292705,0.2450560652395515,0.21845056065239551,0.39935925440512593,0.48887070073602606,0.3274443993551884,0.4696064333326841,0.3345385352569851,3,0,5,1,0.07,0.07,45,109,standard,15,243
10,Cycler DC,1.734600262123198,0.4954128440366973,6.0,0.0,0.11894568224843453,0.3764671617882627,0.21826124945391004,0.28632590650939277,0.0,0.0,1.0,1.0,3,0,5,1,0.07,0.07,45,109,standard,15,243
11,Random: 0.5,1.7195281782437746,0.5012814911897481,4.0,0.5047619047619047,0.17648172418814623,0.32479976700160185,0.17467598660259212,0.32404252220765983,0.49650349868590216,0.5045525480197085,0.5191621840486429,0.4933240566741736,3,0,5,1,0.07,0.07,45,109,standard,15,243
12,Alternator,1.7136304062909566,0.5045871559633027,2.0,1.0,0.12232415902140674,0.382262996941896,0.21399446628804428,0.281418377748653,0.0,0.0,1.0,1.0,3,0,5,1,0.07,0.07,45,109,standard,15,243
13,Anti Tit For Tat,1.437745740498034,0.673248871414009,3.0,1.0,0.21029561671763505,0.46295325469637394,0.11933886704528905,0.20741226154070191,0.0,1.0,0.0,1.0,3,0,5,1,0.07,0.07,45,109,standard,15,243
14,Win-Shift Lose-Stay: D,1.4285714285714286,0.6001310615989515,5.0,0.0,0.14370176205038593,0.4564292995485656,0.14973059560215524,0.25013834279889324,0.0,1.0,1.0,0.0,3,0,5,1,0.07,0.07,45,109,standard,15,243
0,Grudger,2.955093099671413,0.5496869633415818,4.0,1.0,0.5464010925858315,0.0032858707557502738,0.21665787730044758,0.23365515935797063,1.0,0.0,0.0,0.0,3,0,5,1,0.1,0.08,81,166,standard,12,244
1,"DoubleCrosser: (D, D)",2.9353778751369117,0.5641015239408814,10.0,1.0,0.5506132273200546,0.01348829662082674,0.21189809744026614,0.2240003786188525,0.9958352186753464,0.7377667795718373,0.012943104025413996,0.0,3,0,5,1,0.1,0.08,81,166,standard,12,244
2,Evolved FSM 16,2.87842278203724,0.6215366516571336,4.0,1.0,0.5525874541938799,0.06894919746325369,0.20969399483455708,0.16876935350830935,0.8887426455098111,0.43557050479766374,0.02423207995204534,0.2624804607102974,3,0,5,1,0.1,0.08,81,166,standard,12,244
3,Defector,2.8335158817086525,0.0,11.0,0.0,0.0,0.0,0.45860884615904707,0.5413911538409529,0.0,0.0,0.0,0.0,3,0,5,1,0.1,0.08,81,166,standard,12,244
4,Soft Joss: 0.9,2.4989047097480834,0.7447906102524576,0.0,1.0,0.6137208767730855,0.13106973347937204,0.10140900301542871,0.15380038673211363,1.0,0.10061237761108599,1.0,0.09963133009401742,3,0,5,1,0.1,0.08,81,166,standard,12,244
5,GTFT: 0.33,2.3959474260679077,0.8081416575392479,0.0,1.0,0.6358227522886157,0.17231890525063218,0.07487187808472949,0.11698646437602261,1.0,0.33092810240998755,1.0,0.33370696518168397,3,0,5,1,0.1,0.08,81,166,standard,12,244
6,Win-Stay Lose-Shift,2.3838992332968236,0.7881019025597339,1.0,1.0,0.6389463578218598,0.14915554473787407,0.06441253228401823,0.1474855651562479,1.0,0.0,0.0,1.0,3,0,5,1,0.1,0.08,81,166,standard,12,244
7,Cooperator,2.1013143483023002,1.0,0.0,1.0,0.7006003813232728,0.29939961867672715,0.0,0.0,1.0,1.0,0.0,0.0,3,0,5,1,0.1,0.08,81,166,standard,12,244
8,Meta Mixer: 11 players,1.9660460021905806,0.4408205211418063,7.0,0.6947250280583613,0.1983489513609996,0.24247156978080672,0.20784146687761143,0.35133801198058223,0.524577916477003,0.3831928264823802,0.5025803887324728,0.394554039080202,3,0,5,1,0.1,0.08,81,166,standard,12,244
9,Cycler DC,1.8422782037239869,0.5,4.0,0.0,0.17683528727705433,0.3231647127229456,0.20304788176274122,0.2969521182372588,0.0,0.0,1.0,1.0,3,0,5,1,0.1,0.08,81,166,standard,12,244
10,Random: 0.5,1.8389923329682367,0.49968223060592537,4.0,0.49270482603815935,0.1908779900747772,0.30880424053114813,0.1932646410558057,0.30705312833826887,0.5143138050450913,0.49686163305554354,0.5097514394158809,0.5013184645985148,3,0,5,1,0.1,0.08,81,166,standard,12,244
11,Bully,1.7535596933187294,0.6131191432396251,5.0,0.0,0.16382026422187068,0.4492988790177545,0.21970035022243864,0.1671805065379363,0.0,1.0,0.0,1.0,3,0,5,1,0.1,0.08,81,166,standard,12,244
0,"DoubleCrosser: (D, D)",2.786178107606679,0.6666211939321183,12.0,1.0,0.6522427152679253,0.01437847866419295,0.12433155080213905,0.2090472552657427,0.9949691048855948,0.7899159663865546,0.07933884297520662,0.0,3,0,5,1,0.01,0.08,17,154,standard,15,245
1,Evolved HMM 5,2.7448979591836737,0.7034813925570228,4.0,1.0,0.6621739604932882,0.041307432063734585,0.11682854960165885,0.17969005784131833,0.9966732872554552,0.5039855554921467,0.016650599633792913,0.17504722918964996,3,0,5,1,0.01,0.08,17,154,standard,15,245
2,Evolved FSM 16,2.716604823747681,0.6871657754010695,4.0,1.0,0.6054239877769289,0.08174178762414057,0.1453672378042126,0.1674669867947179,0.8609041231992052,0.5471218303496784,0.22931732547890102,0.22163335172611082,3,0,5,1,0.01,0.08,17,154,standard,15,245
3,Grudger,2.657235621521336,0.5761213576339627,4.0,1.0,0.5728746043872094,0.0032467532467532474,0.12845138055222088,0.29542726181381646,1.0,0.0,0.0,0.0,3,0,5,1,0.01,0.08,17,154,standard,15,245
4,Tit For Tat,2.618274582560297,0.7427425515660809,0.0,1.0,0.6000218269125833,0.14272072465349778,0.14083815344319547,0.11641929499072357,1.0,0.0,1.0,0.0,3,0,5,1,0.01,0.08,17,154,standard,15,245
5,GTFT: 0.33,2.5570500927643782,0.8572519917057733,0.0,1.0,0.7096747790025101,0.14757721270326313,0.07126486958419731,0.07148313871002945,1.0,0.3493401356923144,1.0,0.3249578724277899,3,0,5,1,0.01,0.08,17,154,standard,15,245
6,Win-Stay Lose-Shift,2.519944341372913,0.7726181381643566,0.0,1.0,0.6372367128669649,0.1353814252973917,0.09385572410782496,0.1335261377278184,1.0,0.0,0.0,1.0,3,0,5,1,0.01,0.08,17,154,standard,15,245
7,Tit For 2 Tats,2.4865491651205938,0.8977954818290953,0.0,1.0,0.7763559969442323,0.12143948488486303,0.014160209538360799,0.08804430863254394,1.0,0.8428639316003267,1.0,0.0,3,0,5,1,0.01,0.08,17,154,standard,15,245
8,Cooperator,2.4155844155844157,1.0,0.0,1.0,0.8056586270871985,0.19434137291280149,0.0,0.0,1.0,1.0,0.0,0.0,3,0,5,1,0.01,0.08,17,154,standard,15,245
9,Suspicious Tit For Tat,2.3923933209647497,0.5927370948379351,8.0,0.0,0.4023245661901124,0.1904125286478228,0.19409582014624036,0.2131670850158245,1.0,0.0,1.0,0.0,3,0,5,1,0.01,0.08,17,154,standard,15,245
10,Defector,2.345083487940631,0.0,13.0,0.0,0.0,0.0,0.33498854087089375,0.6650114591291063,0.0,0.0,0.0,0.0,3,0,5,1,0.01,0.08,17,154,standard,15,245
11,Meta Mixer: 14 players,2.0217996289424858,0.4371384917603405,8.0,0.773109243697479,0.2219251336898396,0.21521335807050093,0.20607333842627962,0.35678816981337985,0.6172948325079126,0.30640467469104055,0.5974216228480465,0.304588688749257,3,0,5,1,0.01,0.08,17,154,standard,15,245
12,Alternator,1.9921150278293136,0.5,6.0,1.0,0.137263996507694,0.362736003492306,0.27182691258321506,0.22817308741678488,0.0,0.0,1.0,1.0,3,0,5,1,0.01,0.08,17,154,standard,15,245
13,Cycler DC,1.9860853432282004,0.5,3.0,0.0,0.13259849394303175,0.36740150605696825,0.2720997489905053,0.22790025100949468,0.0,0.0,1.0,1.0,3,0,5,1,0.01,0.08,17,154,standard,15,245
14,Random: 0.5,1.905844155844156,0.4984448324784459,5.0,0.46218487394957986,0.2002892065917276,0.29815562588671835,0.2018716577540107,0.2996835097675434,0.4931537385675434,0.49927789727192917,0.4933560655359717,0.5004194262953398,3,0,5,1,0.01,0.08,17,154,standard,15,245
0,Grudger,3.110017889087657,0.4664771275236392,5.0,1.0,0.46289930999233325,0.0035778175313059034,0.29619856887298746,0.23732430360337337,1.0,0.0,0.0,0.0,3,0,5,1,0.02,0.05,70,172,standard,14,246
1,"DoubleCrosser: (D, D)",3.079159212880143,0.47844364937388195,11.0,1.0,0.46450932788142085,0.013934321492461026,0.290646562739586,0.23090978788653208,0.9967914438502674,0.7415169660678643,0.02008981328291184,0.0,3,0,5,1,0.02,0.05,70,172,standard,14,246
2,Evolved HMM 5,3.0221377459749554,0.532852031689241,5.0,1.0,0.4697993866598517,0.06305264502938922,0.2865831842576029,0.18056478405315615,0.9977230561646145,0.4531116266820781,0.013702710753649091,0.21006792815863148,3,0,5,1,0.02,0.05,70,172,standard,14,246
3,Evolved FSM 16,2.98479427549195,0.5739522105801176,5.0,1.0,0.4668732430360337,0.10707896754408383,0.28905571173013034,0.1369920776897521,0.9594594594594594,0.4689351851851852,0.01695270044305832,0.48428055324993824,3,0,5,1,0.02,0.05,70,172,standard,14,246
4,Meta Winner: 12 players,2.648479427549195,0.01699463327370304,11.0,1.0,0.009340659340659339,0.0076539739330437,0.41013289036544853,0.5728724763608485,0.6205234159779615,0.4935897435897436,0.0035135527063117063,0.008304220636459067,3,0,5,1,0.02,0.05,70,172,standard,14,246
5,Tit For Tat,2.4264311270125223,0.6567978533094813,0.0,1.0,0.53469844109379,0.12209941221569129,0.11999105545617174,0.22321109123434707,1.0,0.0,1.0,0.0,3,0,5,1,0.02,0.05,70,172,standard,14,246
6,Win-Stay Lose-Shift,2.3542039355992843,0.7196971633018144,1.0,1.0,0.5465755175057501,0.1731216457960644,0.10880398671096345,0.1714988499872221,1.0,0.0,0.0,1.0,3,0,5,1,0.02,0.05,70,172,standard,14,246
7,Defector,2.341681574239714,0.0,12.0,0.0,0.0,0.0,0.33549067211857914,0.6645093278814209,0.0,0.0,0.0,0.0,3,0,5,1,0.02,0.05,70,172,standard,14,246
8,Tit For 2 Tats,2.1699463327370303,0.7595706618962433,0.0,1.0,0.5881484794275492,0.17142218246869412,0.04160490672118579,0.19882443138257092,1.0,0.7034554511965173,1.0,0.0,3,0,5,1,0.02,0.05,70,172,standard,14,246
9,Meta Mixer: 12 players,1.8394454382826475,0.35974316381293125,7.0,0.6571428571428571,0.12071300792231023,0.23903015589062102,0.2122093023255814,0.42804753386148736,0.41870290738824617,0.36642546969359974,0.3959100840125713,0.3730827921283486,3,0,5,1,0.02,0.05,70,172,standard,14,246
10,Cycler DC,1.5436046511627906,0.5,2.0,0.0,0.173402760030667,0.326597239969333,0.13075006388959878,0.36924993611040124,0.0,0.0,1.0,1.0,3,0,5,1,0.02,0.05,70,172,standard,14,246
11,Bully,1.3942307692307692,0.6900396115512395,3.0,0.0,0.14072323025811395,0.5493163812931254,0.16583823153590596,0.1441221569128546,0.0,1.0,0.0,1.0,3,0,5,1,0.02,0.05,70,172,standard,14,246
12,Win-Shift Lose-Stay: D,1.3852862254025045,0.6746102734474827,4.0,0.0,0.14932915921288012,0.5252811142346027,0.1531625351392793,0.1722271914132379,0.0,1.0,1.0,0.0,3,0,5,1,0.02,0.05,70,172,standard,14,246
13,Anti Tit For Tat,1.0136404293381038,0.7699079989777664,2.0,1.0,0.1439304881165346,0.6259775108612319,0.08767569639662663,0.14241630462560695,0.0,1.0,0.0,1.0,3,0,5,1,0.02,0.05,70,172,standard,14,246
0,Grudger,3.191358024691358,0.6743827160493827,4.0,1.0,0.6712962962962964,0.0030864197530864196,0.2131991685563114,0.11241811539430586,1.0,0.0,0.0,0.0,3,0,5,1,0.01,0.04,49,108,standard,13,247
1,Evolved HMM 5,3.1635802469135803,0.6992472915091963,3.0,1.0,0.6731386999244142,0.02610859158478206,0.21097883597883596,0.08977387251196776,1.0,0.37404886909851315,0.0,0.23461665021388614,3,0,5,1,0.01,0.04,49,108,standard,13,247
2,Evolved FSM 16,3.1412037037037037,0.7221434870244394,3.0,1.0,0.6736268581506678,0.04851662887377173,0.21069538926681783,0.06716112370874276,0.9440214326001128,0.4953371592539455,0.014611613876319759,0.43571873860522015,3,0,5,1,0.01,0.04,49,108,standard,13,247
3,Meta Winner: 12 players,2.7916666666666665,0.09537981859410431,11.0,1.0,0.049083522297808,0.04629629629629629,0.4337049634668682,0.47091521793902746,0.6022859526743121,0.8126004406569702,0.010295385312671749,0.18063684396540824,3,0,5,1,0.01,0.04,49,108,standard,13,247
4,Win-Stay Lose-Shift,2.7700617283950617,0.8101851851851852,1.0,1.0,0.7222222222222223,0.08796296296296298,0.10339506172839508,0.08641975308641976,1.0,0.0,0.0,1.0,3,0,5,1,0.01,0.04,49,108,standard,13,247
5,Tit For Tat,2.7191358024691357,0.815854119425548,0.0,1.0,0.7216238347190728,0.09423028470647517,0.09268707482993198,0.09145880574452003,1.0,0.0,1.0,0.0,3,0,5,1,0.01,0.04,49,108,standard,13,247
6,Soft Joss: 0.9,2.6844135802469133,0.8325459813555052,0.0,1.0,0.727245527840766,0.10530045351473923,0.08388447971781304,0.08356953892668179,1.0,0.1050869316260291,1.0,0.09846980311325501,3,0,5,1,0.01,0.04,49,108,standard,13,247
7,GTFT: 0.33,2.6003086419753085,0.8709215167548501,0.0,1.0,0.7399848828420257,0.1309366339128244,0.06281494079113127,0.06626354245401865,1.0,0.3396594691292742,1.0,0.3279296012415541,3,0,5,1,0.01,0.04,49,108,standard,13,247
8,Tit For 2 Tats,2.498456790123457,0.8984315948601663,0.0,1.0,0.7731481481481483,0.12528344671201816,0.019431846812799195,0.08213655832703452,1.0,0.752906976744186,1.0,0.0,3,0,5,1,0.01,0.04,49,108,standard,13,247
9,Cooperator,2.261574074074074,1.0,0.0,1.0,0.7538580246913581,0.24614197530864193,0.0,0.0,1.0,1.0,0.0,0.0,3,0,5,1,0.01,0.04,49,108,standard,13,247
10,Alternator,2.10570987654321,0.5,5.0,1.0,0.1943814562862182,0.3056185437137818,0.255700428319476,0.24429957168052405,0.0,0.0,1.0,1.0,3,0,5,1,0.01,0.04,49,108,standard,13,247
11,Win-Shift Lose-Stay: D,1.8464506172839508,0.7242063492063492,5.0,0.0,0.22163958175862938,0.5025667674477198,0.2264109347442681,0.04938271604938271,0.0,1.0,1.0,0.0,3,0,5,1,0.01,0.04,49,108,standard,13,247
12,Anti Tit For Tat,1.8449074074074074,0.5966080876795162,5.0,1.0,0.18091773746535653,0.4156903502141598,0.22483623078861173,0.17855568153187198,0.0,1.0,0.0,1.0,3,0,5,1,0.01,0.04,49,108,standard,13,247
0,"DoubleCrosser: (D, D)",3.0164399092970524,0.5279881712135026,15.0,1.0,0.5056572457161558,0.022330925497346707,0.2569254505926082,0.21508637819388923,0.9938790017873904,0.7708394869569717,0.012815251011182489,0.0,3,0,5,1,0.09,0.05,97,98,standard,19,248
1,Evolved HMM 5,2.9931972789115644,0.5706863501414311,7.0,1.0,0.515937302756154,0.05474904738527714,0.2539624097061505,0.17535124015241838,0.9973175553568181,0.48192275603637336,0.014831063782642154,0.19525598348142223,3,0,5,1,0.09,0.05,97,98,standard,19,248
2,Grudger,2.9597505668934243,0.4537485097131636,7.0,1.0,0.4475126820487645,0.006235827664399092,0.26770811417350443,0.27854337611333185,1.0,0.0,0.0,0.0,3,0,5,1,0.09,0.05,97,98,standard,19,248
3,Meta Winner: 17 players,2.589002267573696,0.031383687495616805,15.0,1.0,0.01863150758585221,0.012752179909764592,0.3848563480374968,0.5837599644668865,0.5468230457702712,0.395448744692923,0.013241180699614507,0.011552462876071508,3,0,5,1,0.09,0.05,97,98,standard,19,248
4,Tit For Tat,2.5,0.677536994179115,0.0,1.0,0.5169951141968815,0.16054187998223346,0.15651518339294482,0.16594782242794026,1.0,0.0,1.0,0.0,3,0,5,1,0.09,0.05,97,98,standard,19,248
5,Soft Joss: 0.9,2.473356009070295,0.7268625663323749,0.0,1.0,0.5708558337424317,0.1560067325899432,0.1217535124015242,0.15138392126610095,1.0,0.10135526055945544,1.0,0.0991585407288783,3,0,5,1,0.09,0.05,97,98,standard,19,248
6,Win-Stay Lose-Shift,2.4183673469387754,0.7059459522640671,2.0,1.0,0.5365207938845642,0.16942515837950298,0.1284568810342006,0.16559716670173225,1.0,0.0,0.0,1.0,3,0,5,1,0.09,0.05,97,98,standard,19,248
7,Defector,2.378684807256236,0.0,16.0,0.0,0.0,0.0,0.34508614442340513,0.6549138555765949,0.0,0.0,0.0,0.0,3,0,5,1,0.09,0.05,97,98,standard,19,248
8,GTFT: 0.33,2.3599773242630384,0.7956845968628001,0.0,1.0,0.601333660612011,0.19435093625078892,0.0878626364635201,0.11645276667367978,1.0,0.3307961028191387,1.0,0.3324347640860932,3,0,5,1,0.09,0.05,97,98,standard,19,248
9,Tit For 2 Tats,2.2636054421768708,0.8249117516422376,0.0,1.0,0.6507059868620988,0.17420576478013886,0.03446361362414382,0.14062463473361853,1.0,0.7631921179883014,1.0,0.0,3,0,5,1,0.09,0.05,97,98,standard,19,248
10,Suspicious Tit For Tat,2.253401360544218,0.5343175070715571,9.0,0.0,0.36988334852841487,0.16443415854314233,0.16950113378684806,0.2961813591415948,1.0,0.0,1.0,0.0,3,0,5,1,0.09,0.05,97,98,standard,19,248
11,Meta Mixer: 17 players,2.0861678004535147,0.4644435093625079,10.0,0.6821305841924399,0.2252729270402319,0.23917058232227598,0.21848773873810692,0.31706875189938516,0.5720866060994958,0.39419674429265955,0.5602463295208427,0.3890391735693105,3,0,5,1,0.09,0.05,97,98,standard,19,248
12,Alternator,2.062358276643991,0.5,6.0,1.0,0.18216564976506067,0.31783435023493933,0.25440072936391045,0.2455992706360895,0.0,0.0,1.0,1.0,3,0,5,1,0.09,0.05,97,98,standard,19,248
13,Cycler DC,2.057823129251701,0.5,6.0,0.0,0.1786824695513944,0.32131753044860556,0.2555111391635692,0.24448886083643073,0.0,0.0,1.0,1.0,3,0,5,1,0.09,0.05,97,98,standard,19,248
14,Random: 0.5,2.0226757369614514,0.49857984430885754,8.0,0.502290950744559,0.21580522243261566,0.2827746218762419,0.21811370596348506,0.2833064497276574,0.497175433892534,0.49674617856310055,0.4973546393900814,0.49857155361232314,3,0,5,1,0.09,0.05,97,98,standard,19,248
15,Bully,1.985827664399093,0.5603829160530192,9.0,0.0,0.1836734693877551,0.37670944666526407,0.24865581971620265,0.1909612642307782,0.0,1.0,0.0,1.0,3,0,5,1,0.09,0.05,97,98,standard,19,248
16,Cooperator,1.9506802721088436,1.0,0.0,1.0,0.6502793557285457,0.3497206442714543,0.0,0.0,1.0,1.0,0.0,0.0,3,0,5,1,0.09,0.05,97,98,standard,19,248
17,Win-Shift Lose-Stay: D,1.895124716553288,0.5750111040979966,8.0,0.0,0.20655375552282768,0.3684573485751688,0.21285387007036494,0.21213502583163849,0.0,1.0,1.0,0.0,3,0,5,1,0.09,0.05,97,98,standard,19,248
18,Anti Tit For Tat,1.7074829931972788,0.6246639549290507,7.0,1.0,0.19116581340439956,0.4334981415246511,0.18940084624915257,0.18593519882179677,0.0,1.0,0.0,1.0,3,0,5,1,0.09,0.05,97,98,standard,19,248
0,Defector,2.535211267605634,0.0,7.0,0.0,0.0,0.0,0.38506411603952073,0.6149358839604793,0.0,0.0,0.0,0.0,3,0,5,1,0.03,0.01,67,71,standard,9,249
1,Evolved HMM 5,2.5211267605633805,0.5239121294933782,3.0,1.0,0.4076098381332773,0.1163022913601009,0.20735232289257935,0.26873554761404245,0.9941901753354884,0.5362358743233114,0.016866018604401664,0.19465738915615605,3,0,5,1,0.03,0.01,67,71,standard,9,249
2,Meta Winner: 7 players,2.482394366197183,0.043252049611099436,6.0,1.0,0.024621610258566327,0.01863043935253311,0.3627811645995375,0.5939667857893631,0.4425402027949052,0.46699782523942546,0.007273377160508558,0.019940439436618353,3,0,5,1,0.03,0.01,67,71,standard,9,249
3,Suspicious Tit For Tat,2.0933098591549295,0.4643157452175741,4.0,0.0,0.3270706327517343,0.13724511246583979,0.14418225772545723,0.3915019970569687,1.0,0.0,1.0,0.0,3,0,5,1,0.03,0.01,67,71,standard,9,249
4,GTFT: 0.33,1.9841549295774648,0.6969203279377759,0.0,1.0,0.47474774017237753,0.2221725877653984,0.06469413495900778,0.2383855371032163,1.0,0.3353324530345192,1.0,0.331300372693045,3,0,5,1,0.03,0.01,67,71,standard,9,249
5,Meta Mixer: 7 players,1.9066901408450705,0.4101849905402565,4.0,0.5018656716417911,0.15868719781374815,0.2514977927265083,0.20906033214210634,0.3807546773176371,0.5058265133239619,0.35596868390909686,0.4869236828792059,0.3770849699860895,3,0,5,1,0.03,0.01,67,71,standard,9,249
6,Win-Stay Lose-Shift,1.8204225352112675,0.6312276644944292,0.0,1.0,0.355134538574732,0.27609312591969726,0.09840760983813328,0.27036472566743747,1.0,0.0,0.0,1.0,3,0,5,1,0.03,0.01,67,71,standard,9,249
7,Random: 0.5,1.732394366197183,0.49960584401933994,2.0,0.44029850746268656,0.17408555812486862,0.3255202858944713,0.17747529955854532,0.32291885642211476,0.49721569490294143,0.5055051764212499,0.5063093117132279,0.49200247120677765,3,0,5,1,0.03,0.01,67,71,standard,9,249
8,Bully,1.5704225352112675,0.6459428211057389,3.0,0.0,0.16449442926214,0.48144839184359894,0.17989278957326046,0.17416438932100065,0.0,1.0,0.0,1.0,3,0,5,1,0.03,0.01,67,71,standard,9,249
0,Evolved FSM 16,3.7626262626262625,0.3434343434343434,1.0,1.0,0.16666666666666669,0.17676767676767677,0.6515151515151515,0.005050505050505051,1.0,0.9696969696969697,1.0,0.0,3,0,5,1,0.04,0.04,71,99,standard,3,250
1,Suspicious Tit For Tat,2.474747474747475,0.5808080808080808,1.0,0.0,0.2878787878787879,0.29292929292929293,0.297979797979798,0.12121212121212122,1.0,0.0,1.0,0.0,3,0,5,1,0.04,0.04,71,99,standard,3,250
2,Anti Tit For Tat,1.1767676767676767,0.7424242424242424,0.0,1.0,0.13131313131313133,0.6111111111111112,0.13131313131313133,0.12626262626262627,0.0,1.0,0.0,1.0,3,0,5,1,0.04,0.04,71,99,standard,3,250
