Rank,Name,Median_score,Cooperation_rating,Wins,Initial_C_rate,CC_rate,CD_rate,DC_rate,DD_rate,CC_to_C_rate,CD_to_C_rate,DC_to_C_rate,DD_to_C_rate,R,S,T,P,noise,prob_end,repetitions,turns,tournament,n_strategies,run
0,Grudger,3.4109347442680775,0.4612972761120909,5.0,1.0,0.45247893396041544,0.008818342151675485,0.3796590241034685,0.15904369978444052,1.0,0.0,0.0,0.0,3,0,5,1,0.06,0.0,45,63,probabilistic,10,1
1,Evolved FSM 16,3.3580246913580245,0.4870076425631981,5.0,1.0,0.4658828140309621,0.021124828532235938,0.3595140113658632,0.15347834607093866,0.8516417397283824,0.43905472636815923,0.04731666539897302,0.07048267824129893,3,0,5,1,0.06,0.0,45,63,probabilistic,10,1
2,"DoubleCrosser: (D, D)",3.296296296296296,0.5126788163825201,5.0,1.0,0.47611209092690576,0.03656672545561435,0.34497354497354504,0.14234763864393496,1.0,0.7455399061032864,0.011948529411764705,0.0,3,0,5,1,0.06,0.0,45,63,probabilistic,10,1
3,Soft Joss: 0.9,2.560846560846561,0.7436018028610621,0.0,1.0,0.5391338428375465,0.20446796002351558,0.17189888300999415,0.08449931412894375,1.0,0.09939049184759048,1.0,0.09799800846876244,3,0,5,1,0.06,0.0,45,63,probabilistic,10,1
4,Meta Mixer: 9 players,2.105820105820106,0.48932000783852636,6.0,0.8074074074074075,0.24072114442484815,0.2485988634136782,0.22132079169116203,0.28935920047031155,0.4883686749665474,0.4915581324371817,0.4764911044659057,0.4986405682045808,3,0,5,1,0.06,0.0,45,63,probabilistic,10,1
5,Bully,2.0828924162257496,0.5429747207524985,4.0,0.0,0.16237507348618457,0.38059964726631396,0.2854791299235743,0.1715461493239271,0.0,1.0,0.0,1.0,3,0,5,1,0.06,0.0,45,63,probabilistic,10,1
6,Cycler DC,1.929453262786596,0.49206349206349204,4.0,0.0,0.20309621791103274,0.2889672741524593,0.2037233000195963,0.3042132079169116,0.0,0.0,1.0,1.0,3,0,5,1,0.06,0.0,45,63,probabilistic,10,1
7,Alternator,1.9241622574955908,0.5079365079365079,2.0,1.0,0.21602978640015677,0.29190672153635117,0.1963550852439741,0.29570840681951793,0.0,0.0,1.0,1.0,3,0,5,1,0.06,0.0,45,63,probabilistic,10,1
8,Cooperator,1.8941798941798942,1.0,0.0,1.0,0.6332353517538702,0.36676464824612975,0.0,0.0,1.0,1.0,0.0,0.0,3,0,5,1,0.06,0.0,45,63,probabilistic,10,1
9,Anti Tit For Tat,1.5432098765432098,0.6601998824221046,2.0,1.0,0.17362335880854396,0.48657652361356063,0.17146776406035666,0.1683323535175387,0.0,1.0,0.0,1.0,3,0,5,1,0.06,0.0,45,63,probabilistic,10,1
0,"DoubleCrosser: (D, D)",3.050057208237986,0.5504168028767571,7.0,1.0,0.5370627656096764,0.013354037267080744,0.2462242562929062,0.20335894083033668,0.9998456075343524,0.7713987473903966,0.050980392156862744,0.0,3,0,5,1,0.05,0.0,35,184,probabilistic,20,2
1,Evolved HMM 5,3.0011441647597255,0.5906914024190912,7.0,1.0,0.5413779012749265,0.04931350114416476,0.24201536449820205,0.16729323308270674,0.9976161501896795,0.4758089391292423,0.01988380425880426,0.20032275606637734,3,0,5,1,0.05,0.0,35,184,probabilistic,20,2
2,Evolved FSM 16,2.9702517162471396,0.5897352075841779,7.0,1.0,0.49780974174566855,0.09192546583850932,0.26677835894083035,0.14348643347499185,0.8967284177810492,0.533843373920666,0.15975677859704016,0.3288969658616564,3,0,5,1,0.05,0.0,35,184,probabilistic,20,2
3,Grudger,2.967391304347826,0.47857960117685516,7.0,1.0,0.47571918927754164,0.0028604118993135006,0.2549117358613926,0.26650866296175224,1.0,0.0,0.0,0.0,3,0,5,1,0.05,0.0,35,184,probabilistic,20,2
4,Meta Winner: 18 players,2.6335812356979402,0.016663942464857796,16.0,1.0,0.01006864988558352,0.006595292579274271,0.39938705459300416,0.5839490029421379,0.534004325097334,0.37227796818147285,0.015456646335624177,0.00585647487841541,3,0,5,1,0.05,0.0,35,184,probabilistic,20,2
5,Tit For Tat,2.5274599542334095,0.6915250081726054,0.0,1.0,0.541745668519124,0.14977933965348153,0.14832461588754497,0.16015037593984963,1.0,0.0,1.0,0.0,3,0,5,1,0.05,0.0,35,184,probabilistic,20,2
6,Soft Joss: 0.9,2.5022883295194505,0.7391467799934619,0.0,1.0,0.5964694344557046,0.14267734553775743,0.11343576332134683,0.14741745668519124,1.0,0.09820815085105297,1.0,0.09485651734807955,3,0,5,1,0.05,0.0,35,184,probabilistic,20,2
7,Win-Stay Lose-Shift,2.446796338672769,0.721436744033998,1.0,1.0,0.562070938215103,0.15936580581889506,0.12057862046420398,0.15798463550179798,1.0,0.0,0.0,1.0,3,0,5,1,0.05,0.0,35,184,probabilistic,20,2
8,Defector,2.4347826086956523,0.0,17.0,0.0,0.0,0.0,0.35923504413206936,0.6407649558679307,0.0,0.0,0.0,0.0,3,0,5,1,0.05,0.0,35,184,probabilistic,20,2
9,GTFT: 0.33,2.3930205949656753,0.8047973193854201,0.0,1.0,0.6225155279503105,0.1822817914351095,0.08237986270022883,0.1128228179143511,1.0,0.34231169320796484,1.0,0.32966551387456805,3,0,5,1,0.05,0.0,35,184,probabilistic,20,2
10,Tit For 2 Tats,2.3092105263157894,0.830009807126512,0.0,1.0,0.6684782608695653,0.16153154625694674,0.03330336711343577,0.13668682576005234,1.0,0.7359969100666776,1.0,0.0,3,0,5,1,0.05,0.0,35,184,probabilistic,20,2
11,Suspicious Tit For Tat,2.2691647597254003,0.5441402419091206,10.0,0.0,0.3754168028767571,0.16872343903236348,0.17160019614253025,0.2842595619483491,1.0,0.0,1.0,0.0,3,0,5,1,0.05,0.0,35,184,probabilistic,20,2
12,Meta Mixer: 18 players,2.017448512585812,0.4446632886564237,11.0,0.6932330827067669,0.20509970578620465,0.23956358287021903,0.21545439686171952,0.3398823144818568,0.5509638936393022,0.3791746131480875,0.5349574314457305,0.37814767804931004,3,0,5,1,0.05,0.0,35,184,probabilistic,20,2
13,Cooperator,2.0080091533180777,1.0,0.0,1.0,0.6692464857796665,0.3307535142203335,0.0,0.0,1.0,1.0,0.0,0.0,3,0,5,1,0.05,0.0,35,184,probabilistic,20,2
14,Alternator,1.964816933638444,0.5,5.0,1.0,0.16973684210526313,0.33026315789473687,0.23892611964694344,0.26107388035305656,0.0,0.0,1.0,1.0,3,0,5,1,0.05,0.0,35,184,probabilistic,20,2
15,Cycler DC,1.962528604118993,0.5,6.0,0.0,0.16884602811376268,0.3311539718862373,0.2396289637136319,0.2603710362863681,0.0,0.0,1.0,1.0,3,0,5,1,0.05,0.0,35,184,probabilistic,20,2
16,Random: 0.5,1.934782608695652,0.4978587773782282,8.0,0.5112781954887218,0.20484635501797974,0.2930124223602485,0.20424158221641056,0.29789964040536127,0.4843403245370429,0.49845215655436476,0.5074947872107227,0.4933966314661583,3,0,5,1,0.05,0.0,35,184,probabilistic,20,2
17,Bully,1.856121281464531,0.5910755148741419,7.0,0.0,0.17533507682249103,0.41574043805165084,0.23058188950637462,0.17834259561948346,0.0,1.0,0.0,1.0,3,0,5,1,0.05,0.0,35,184,probabilistic,20,2
18,Win-Shift Lose-Stay: D,1.7714530892448512,0.5989865969271003,8.0,0.0,0.19482674076495585,0.4041598561621445,0.19768715266426934,0.20332625040863023,0.0,1.0,1.0,0.0,3,0,5,1,0.05,0.0,35,184,probabilistic,20,2
19,Anti Tit For Tat,1.5938215102974826,0.6465184700882641,5.0,1.0,0.17858777378228183,0.46793069630598233,0.17629127165740435,0.17719025825433146,0.0,1.0,0.0,1.0,3,0,5,1,0.05,0.0,35,184,probabilistic,20,2
0,Grudger,2.9301921983526955,0.5924043861995186,5.0,1.0,0.532278766916114,0.033042378688930875,0.2433724457112656,0.19130640868368953,1.0,0.0,0.0,0.0,3,0,5,1,0.08,0.06,15,187,probabilistic,17,3
1,Defector,2.860284367290416,0.0,15.0,0.0,0.0,0.0,0.4256822650771308,0.5743177349228692,0.0,0.0,0.0,0.0,3,0,5,1,0.08,0.06,15,187,probabilistic,17,3
2,Evolved FSM 16,2.805641968325792,0.6391335396334206,4.0,1.0,0.5474676681673867,0.11069442695568124,0.22382704133715037,0.11801086353978174,0.9115218005461908,0.40592020592020595,0.15202352719744022,0.3926386160851976,3,0,5,1,0.08,0.06,15,187,probabilistic,17,3
3,Evolved HMM 5,2.7511805555555555,0.5950455005055612,4.0,1.0,0.5436073693013863,0.08132375484744482,0.22323706016889816,0.15183181568227064,0.9935064935064936,0.38047241628211365,0.024,0.19067460317460316,3,0,5,1,0.08,0.06,15,187,probabilistic,17,3
4,Meta Winner: 15 players,2.681339797124089,0.1666256460743293,12.0,1.0,0.11119593078130582,0.064968862089777,0.4030905310332626,0.4207446760956547,0.5664707266051352,0.39660175768187944,0.03032076323647892,0.07632367165414607,3,0,5,1,0.08,0.06,15,187,probabilistic,17,3
5,Tit For Tat,2.544827284397246,0.742814667988107,0.0,1.0,0.6068848783130792,0.1261396154217233,0.10822414660670637,0.15875135965849124,1.0,0.0,1.0,0.0,3,0,5,1,0.08,0.06,15,187,probabilistic,17,3
6,"DoubleCrosser: (D, D)",2.5270545314900152,0.6625122189638318,2.0,1.0,0.5697671219672287,0.09931936731511921,0.18118270378953272,0.14973080692811935,1.0,0.777035700129888,0.020833333333333332,0.0,3,0,5,1,0.08,0.06,15,187,probabilistic,17,3
7,Win-Stay Lose-Shift,2.5060791890681005,0.7450628366247756,1.0,1.0,0.6017441109166,0.15721235319302823,0.10250269260439164,0.13854084328598032,1.0,0.0,0.0,1.0,3,0,5,1,0.08,0.06,15,187,probabilistic,17,3
8,Bully,2.4783059018832043,0.554328281530953,9.0,0.0,0.13332716252689997,0.4020382823909584,0.2972049266610678,0.16742962842107373,0.0,1.0,0.0,1.0,3,0,5,1,0.08,0.06,15,187,probabilistic,17,3
9,Meta Mixer: 15 players,2.347925402448429,0.5078185080748526,7.0,0.7583333333333333,0.28428028703728386,0.22713385192983704,0.21232901295839415,0.2762568480744849,0.5736580865745345,0.4346109749170648,0.5467099089828992,0.43308738096971394,3,0,5,1,0.08,0.06,15,187,probabilistic,17,3
10,GTFT: 0.33,2.336551741676976,0.7963846346974642,0.0,1.0,0.6186760745915503,0.18193411864819772,0.07204889042095641,0.12734091633929573,1.0,0.3116198655057938,1.0,0.3256415830826584,3,0,5,1,0.08,0.06,15,187,probabilistic,17,3
11,Win-Shift Lose-Stay: D,2.326908989880537,0.5824889581709535,7.0,0.0,0.21277429222094202,0.3853779960947714,0.25472294797519934,0.14712476370908725,0.0,1.0,1.0,0.0,3,0,5,1,0.08,0.06,15,187,probabilistic,17,3
12,Tit For 2 Tats,2.262668918918919,0.8297994269340975,0.0,1.0,0.6569614720100785,0.17949278491341847,0.03614145470404832,0.1274042883724548,1.0,0.6869612734563073,1.0,0.0,3,0,5,1,0.08,0.06,15,187,probabilistic,17,3
13,Alternator,2.224965949150732,0.5159493670886076,5.0,1.0,0.24107680625146327,0.27560447961877915,0.2120681830901292,0.2712505310396285,0.0,0.0,1.0,1.0,3,0,5,1,0.08,0.06,15,187,probabilistic,17,3
14,Random: 0.5,2.202682524872432,0.5036855036855037,6.0,0.5458333333333333,0.2200483416292752,0.2847816370732065,0.2208819532805988,0.2742880680169194,0.5065227136271104,0.5303280313033935,0.4628049371910689,0.5003068721590869,3,0,5,1,0.08,0.06,15,187,probabilistic,17,3
15,Cooperator,1.9972803776683088,1.0,0.0,1.0,0.6478219622767465,0.3521780377232535,0.0,0.0,1.0,1.0,0.0,0.0,3,0,5,1,0.08,0.06,15,187,probabilistic,17,3
16,Anti Tit For Tat,1.9956226266423636,0.631973980485364,5.0,1.0,0.17745846860462636,0.46200961998854,0.2067353114739348,0.1537965999328988,0.0,1.0,0.0,1.0,3,0,5,1,0.08,0.06,15,187,probabilistic,17,3
0,Defector,2.8195165945165943,0.0,14.0,0.0,0.0,0.0,0.3958976728418339,0.604102327158166,0.0,0.0,0.0,0.0,3,0,5,1,0.09,0.09,58,72,probabilistic,17,4
1,Grudger,2.758988095238095,0.5872214816225481,4.0,1.0,0.5282628809248404,0.04360861965196653,0.2146967876286832,0.21343171179450998,1.0,0.0,0.0,0.0,3,0,5,1,0.09,0.09,58,72,probabilistic,17,4
2,Evolved FSM 16,2.7102393196009116,0.6959682108935841,3.0,1.0,0.5667279270069171,0.12157824559558816,0.2070629542407608,0.10463087315673393,0.9874727668845317,0.45111420867437146,0.39487071182810535,0.3400041365549797,3,0,5,1,0.09,0.09,58,72,probabilistic,17,4
3,Evolved HMM 5,2.625475045787546,0.6770740410347904,3.0,1.0,0.6010052549086596,0.09668379716521783,0.17890327915894344,0.12340766876717912,1.0,0.5391934674114467,0.024793388429752067,0.18813477664610354,3,0,5,1,0.09,0.09,58,72,probabilistic,17,4
4,Suspicious Tit For Tat,2.5935120330927592,0.47817779565567176,9.0,0.0,0.29624313941301245,0.17945077911992025,0.23204292023858364,0.2922631612284837,1.0,0.0,1.0,0.0,3,0,5,1,0.09,0.09,58,72,probabilistic,17,4
5,Meta Winner: 15 players,2.561044217497595,0.2380904115142915,9.0,1.0,0.14763280929266448,0.09219098257408936,0.35464418860221736,0.40553201953102874,0.6145403177777151,0.5924072159237577,0.13,0.13065014815247242,3,0,5,1,0.09,0.09,58,72,probabilistic,17,4
6,Cycler DC,2.500646158651824,0.47571457125724564,7.0,0.0,0.18877389808111653,0.2867321329118604,0.28161490394303906,0.24287906506398405,0.0,0.0,1.0,1.0,3,0,5,1,0.09,0.09,58,72,probabilistic,17,4
7,Tit For Tat,2.479935024806785,0.7337148307105389,0.0,1.0,0.5800443575126065,0.1524615443281605,0.12654116092435097,0.140952937234882,1.0,0.0,1.0,0.0,3,0,5,1,0.09,0.09,58,72,probabilistic,17,4
8,Bully,2.455114568255532,0.49608610567514677,8.0,0.0,0.14925967941861645,0.3442720335803163,0.30475421174872624,0.20171407525234114,0.0,1.0,0.0,1.0,3,0,5,1,0.09,0.09,58,72,probabilistic,17,4
9,Win-Stay Lose-Shift,2.45013094843375,0.75,1.0,1.0,0.5924206744263762,0.16224574042904652,0.10653890168754376,0.13879468345703355,1.0,0.0,0.0,1.0,3,0,5,1,0.09,0.09,58,72,probabilistic,17,4
10,Win-Shift Lose-Stay: D,2.431812807800859,0.5378332707472775,7.0,0.0,0.2016332710135265,0.33973535637708896,0.2553435515961082,0.2032878210132763,0.0,1.0,1.0,0.0,3,0,5,1,0.09,0.09,58,72,probabilistic,17,4
11,Soft Joss: 0.9,2.430423678657576,0.7823904228615562,0.0,1.0,0.6095328951186738,0.16016334247314576,0.10431358326443263,0.12599017914374777,1.0,0.09748652465151685,1.0,0.11827809560223354,3,0,5,1,0.09,0.09,58,72,probabilistic,17,4
12,Meta Mixer: 15 players,2.3619904805285286,0.5360462910263707,6.0,0.6519396551724138,0.30510466697445787,0.22457138823188247,0.21158825222622632,0.2587356925674333,0.6386093824432212,0.395010392649491,0.6152577073806796,0.3842920833792212,3,0,5,1,0.09,0.09,58,72,probabilistic,17,4
13,GTFT: 0.33,2.3504985673994474,0.8381947181710682,0.0,1.0,0.6397739293937309,0.1894641447817217,0.0734662022094482,0.09729572361509908,1.0,0.34223323723593374,1.0,0.3256665099592023,3,0,5,1,0.09,0.09,58,72,probabilistic,17,4
14,Tit For 2 Tats,2.2583820744206773,0.8579540165689286,0.0,1.0,0.6887458152367207,0.17044249781729393,0.02919978140995072,0.1116119055360347,1.0,0.7328296001936077,1.0,0.0,3,0,5,1,0.09,0.09,58,72,probabilistic,17,4
15,Anti Tit For Tat,2.0797270236054253,0.629225420127487,6.0,1.0,0.20519583945727873,0.4114185189572506,0.21883380537301844,0.16455183621245217,0.0,1.0,0.0,1.0,3,0,5,1,0.09,0.09,58,72,probabilistic,17,4
16,Cooperator,2.05163568622238,1.0,0.0,1.0,0.6795769669006824,0.32042303309931763,0.0,0.0,1.0,1.0,0.0,0.0,3,0,5,1,0.09,0.09,58,72,probabilistic,17,4
0,Defector,2.9056855635287007,0.0,11.0,0.0,0.0,0.0,0.4321174115154161,0.5678825884845838,0.0,0.0,0.0,0.0,3,0,5,1,0.1,0.06,81,57,probabilistic,13,5
1,Meta Winner: 11 players,2.59245445041816,0.14834376630151277,8.0,1.0,0.10382003931833811,0.04542316076096317,0.36380693371659745,0.48694986620410136,0.6227595007337192,0.5071574777702819,0.024797010140517536,0.008758406806819123,3,0,5,1,0.1,0.06,81,57,probabilistic,13,5
2,Suspicious Tit For Tat,2.565869786245173,0.5068833652007648,7.0,0.0,0.3075482242053613,0.20789671740768165,0.24478230602234705,0.23977275236461001,1.0,0.0,1.0,0.0,3,0,5,1,0.1,0.06,81,57,probabilistic,13,5
3,Cycler DC,2.5208768448900027,0.4834938985228003,6.0,0.0,0.20621253162197797,0.27722656272063356,0.3046051632904169,0.21195574236697154,0.0,0.0,1.0,1.0,3,0,5,1,0.1,0.06,81,57,probabilistic,13,5
4,Evolved FSM 16,2.5038378728684454,0.6703077211160352,3.0,1.0,0.4993913654692415,0.16189691470017933,0.18148458982294433,0.15722713000763486,0.9205812955812956,0.4779420644270951,0.47065494613548536,0.36471769132613246,3,0,5,1,0.1,0.06,81,57,probabilistic,13,5
5,Random: 0.5,2.4341797413056594,0.4900481744421907,6.0,0.4876543209876543,0.2452562412634135,0.24490650689011503,0.2552789087570865,0.25455834308938496,0.4917589552370208,0.4847041692845742,0.49347349801008294,0.4896212965195662,3,0,5,1,0.1,0.06,81,57,probabilistic,13,5
6,Tit For Tat,2.3705284410929575,0.6747433526748708,0.0,1.0,0.49859403968069443,0.162188953094634,0.1374213374315602,0.2017956697931114,1.0,0.0,1.0,0.0,3,0,5,1,0.1,0.06,81,57,probabilistic,13,5
7,Meta Mixer: 11 players,2.3215271706397775,0.5587403356590609,4.0,0.6810699588477366,0.31994343763149513,0.23815767996640994,0.20737120363379827,0.2345276787682966,0.6734282962591508,0.41969290171945983,0.6548047637994912,0.42654249917748666,3,0,5,1,0.1,0.06,81,57,probabilistic,13,5
8,GTFT: 0.33,2.2738042186571596,0.7829668628058223,0.0,1.0,0.5812389010999885,0.20370605509418027,0.07749140202856196,0.13756364177726915,1.0,0.3196410824191266,1.0,0.33833281753208383,3,0,5,1,0.1,0.06,81,57,probabilistic,13,5
9,Anti Tit For Tat,2.2378246753246755,0.5593062867760916,5.0,1.0,0.2153438412262236,0.335924241647487,0.2623198476829934,0.186412069443296,0.0,1.0,0.0,1.0,3,0,5,1,0.1,0.06,81,57,probabilistic,13,5
10,Tit For 2 Tats,2.2351851851851854,0.8126012834640566,0.0,1.0,0.6481476936213026,0.15998974109756142,0.02919245545595475,0.16267010982518135,1.0,0.7161081353608625,1.0,0.0,3,0,5,1,0.1,0.06,81,57,probabilistic,13,5
11,Win-Stay Lose-Shift,2.2259057971014493,0.7260509554140128,0.0,1.0,0.5228601853172754,0.203086086020701,0.08994763981355822,0.18410608884846558,1.0,0.0,0.0,1.0,3,0,5,1,0.1,0.06,81,57,probabilistic,13,5
12,Cooperator,1.9898706896551726,1.0,0.0,1.0,0.6545834202293113,0.34541657977068874,0.0,0.0,1.0,1.0,0.0,0.0,3,0,5,1,0.1,0.06,81,57,probabilistic,13,5
0,Win-Stay Lose-Shift,3.1624933545986176,0.8224365844944623,1.0,1.0,0.748792270531401,0.042115960936687555,0.18321185134764645,0.025879917184265005,1.0,0.0,0.0,1.0,3,0,5,1,0.09,0.06,28,68,probabilistic,7,6
1,Evolved FSM 16,3.0780918427977246,0.8396428571428571,1.0,1.0,0.7563722584469472,0.052509385496937365,0.16656787196206282,0.02455048409405256,0.9775193798449612,0.3670886075949367,0.26590195998533067,0.36507936507936506,3,0,5,1,0.09,0.06,28,68,probabilistic,7,6
2,"DoubleCrosser: (D, D)",2.974747474747475,0.8760090410074265,1.0,1.0,0.8344701134436234,0.04367281188473241,0.11551049630519829,0.0063465783664459164,1.0,0.8583822091886608,0.0,0.0,3,0,5,1,0.09,0.06,28,68,probabilistic,7,6
3,Tit For Tat,2.884761072261072,0.8890474491616126,0.0,1.0,0.8036485001012468,0.08859238045647833,0.08203448176111543,0.025724637681159415,1.0,0.0,1.0,0.0,3,0,5,1,0.09,0.06,28,68,probabilistic,7,6
4,Soft Joss: 0.9,2.843634259259259,0.9166666666666666,0.0,1.0,0.8202069525598938,0.08743521978816098,0.07369630899042663,0.01866151866151866,1.0,0.06599214738749623,1.0,0.05555555555555555,3,0,5,1,0.09,0.06,28,68,probabilistic,7,6
5,Meta Mixer: 6 players,2.696653682192898,0.6780617324925323,2.0,0.8333333333333334,0.5173390502392735,0.14936690543823902,0.1598848425267482,0.17340920179573913,0.815365571065758,0.32315121222824894,0.7657438201741998,0.2831897995618054,3,0,5,1,0.09,0.06,28,68,probabilistic,7,6
6,Win-Shift Lose-Stay: D,2.2054841174906965,0.6961926961926962,2.0,0.0,0.17004231809133494,0.5374624024961648,0.22024921360420266,0.07224606580829757,0.0,1.0,1.0,0.0,3,0,5,1,0.09,0.06,28,68,probabilistic,7,6
0,Evolved HMM 5,2.926709628070999,0.5211498577147543,6.0,1.0,0.4942545695300814,0.06406240391869454,0.2615696223522446,0.18011340419897934,0.9974902357876465,0.4693774701028498,0.012092802684857549,0.19509294256057427,3,0,5,1,0.04,0.02,27,131,probabilistic,18,7
1,Grudger,2.8987895249972078,0.40004703668861713,7.0,1.0,0.4197108771936819,0.012267637171257029,0.28158169102808756,0.28643979460697344,1.0,0.0,0.0,0.0,3,0,5,1,0.04,0.02,27,131,probabilistic,18,7
2,Meta Winner: 16 players,2.63082790967616,0.06534009375298958,13.0,1.0,0.038552311694563725,0.028441416117554335,0.39447608973223336,0.5385301824556485,0.5583551489421261,0.49143572038077027,0.015093485424836552,0.017975924066385568,3,0,5,1,0.04,0.02,27,131,probabilistic,18,7
3,Defector,2.545480453698386,0.0,15.0,0.0,0.0,0.0,0.36898834568238514,0.631011654317615,0.0,0.0,0.0,0.0,3,0,5,1,0.04,0.02,27,131,probabilistic,18,7
4,Tit For Tat,2.4648933722695707,0.6575196550849607,0.0,1.0,0.49459773361629167,0.17184359429929252,0.1638772232411063,0.16968144884330955,1.0,0.0,1.0,0.0,3,0,5,1,0.04,0.02,27,131,probabilistic,18,7
5,Soft Joss: 0.9,2.450402604134865,0.7164803199709118,0.0,1.0,0.5527145747303418,0.1653410057975286,0.126810156998697,0.15513426247343254,1.0,0.10176411374895442,1.0,0.09965345564224953,3,0,5,1,0.04,0.02,27,131,probabilistic,18,7
6,Win-Stay Lose-Shift,2.4045168457699404,0.6810522932831367,2.0,1.0,0.5145357598639585,0.1788110910769409,0.13459990724252785,0.17205324181657264,1.0,0.0,0.0,1.0,3,0,5,1,0.04,0.02,27,131,probabilistic,18,7
7,GTFT: 0.33,2.311857209622527,0.7756464462147848,0.0,1.0,0.5788076187662303,0.20352925131186755,0.09299714182449365,0.1246659880974084,1.0,0.32245263950328795,1.0,0.32797466596825037,3,0,5,1,0.04,0.02,27,131,probabilistic,18,7
8,Suspicious Tit For Tat,2.306148817082321,0.5192645292432782,9.0,0.0,0.3357430209130932,0.17224599896113155,0.18296102701130632,0.3090499531144688,1.0,0.0,1.0,0.0,3,0,5,1,0.04,0.02,27,131,probabilistic,18,7
9,Alternator,2.2380194591445184,0.5056071771867992,5.0,1.0,0.19910075736103142,0.306771852570463,0.2664811404530974,0.22764624961540814,0.0,0.0,1.0,1.0,3,0,5,1,0.04,0.02,27,131,probabilistic,18,7
10,Tit For 2 Tats,2.225358410791383,0.7987942381149615,0.0,1.0,0.632389727366177,0.18549702172581647,0.035823933473846825,0.1462893174341596,1.0,0.7408484436734655,1.0,0.0,3,0,5,1,0.04,0.02,27,131,probabilistic,18,7
11,Cycler DC,2.2145381526912917,0.4944224541201871,7.0,0.0,0.18732220369509195,0.3069407449265076,0.27611282629054085,0.2296242250878595,0.0,0.0,1.0,1.0,3,0,5,1,0.04,0.02,27,131,probabilistic,18,7
12,Meta Mixer: 16 players,2.194197072676542,0.4958269931295246,8.0,0.673202614379085,0.2501420351832585,0.24338236024935198,0.22219810565119888,0.28427749891619075,0.5877606293776432,0.41710893069344424,0.5610034830056083,0.4088869506815166,3,0,5,1,0.04,0.02,27,131,probabilistic,18,7
13,Random: 0.5,2.194159573631378,0.49382769901853873,8.0,0.4749455337690632,0.22583982562917254,0.26801647670048667,0.23219175561809163,0.2739519420522492,0.48127295308364243,0.5022094801685322,0.5084672573915692,0.4897581130307196,3,0,5,1,0.04,0.02,27,131,probabilistic,18,7
14,Bully,2.174693302774661,0.539804152688367,8.0,0.0,0.19378897100199127,0.3354007374956102,0.2649945106895418,0.20581578081285667,0.0,1.0,0.0,1.0,3,0,5,1,0.04,0.02,27,131,probabilistic,18,7
15,Win-Shift Lose-Stay: D,2.0911209260641592,0.5687940040881218,7.0,0.0,0.2179378544713372,0.33444928727610584,0.22988006686737297,0.2177327913851839,0.0,1.0,1.0,0.0,3,0,5,1,0.04,0.02,27,131,probabilistic,18,7
16,Cooperator,1.9046254399195575,1.0,0.0,1.0,0.631034263496022,0.36896573650397785,0.0,0.0,1.0,1.0,0.0,0.0,3,0,5,1,0.04,0.02,27,131,probabilistic,18,7
17,Anti Tit For Tat,1.8881533120033571,0.5665020039146239,6.0,1.0,0.20705585371107182,0.3919619807391066,0.20238505268492102,0.19859711286490045,0.0,1.0,0.0,1.0,3,0,5,1,0.04,0.02,27,131,probabilistic,18,7
0,Grudger,2.8603703703703705,0.6478533941323238,3.0,1.0,0.6066213921901528,0.02732277264592415,0.18621537954155745,0.1798404556223656,1.0,0.0,0.0,0.0,3,0,5,1,0.07,0.07,78,193,probabilistic,11,8
1,Win-Stay Lose-Shift,2.741856648642363,0.7654462242562929,1.0,1.0,0.6496803423166574,0.11303412459156233,0.14406411372133926,0.09322141937044108,1.0,0.0,0.0,1.0,3,0,5,1,0.07,0.07,78,193,probabilistic,11,8
2,Defector,2.7154200244200246,0.0,9.0,0.0,0.0,0.0,0.34585888177071705,0.6541411182292829,0.0,0.0,0.0,0.0,3,0,5,1,0.07,0.07,78,193,probabilistic,11,8
3,Cycler DC,2.643236271841748,0.4818181818181818,5.0,0.0,0.1752639581411246,0.30641236264693816,0.3421185680635149,0.17620511114842233,0.0,0.0,1.0,1.0,3,0,5,1,0.07,0.07,78,193,probabilistic,11,8
4,Tit For Tat,2.619631640289535,0.7885010266940452,0.0,1.0,0.6375328649389099,0.14279713090301,0.12677382929469216,0.09289617486338798,1.0,0.0,1.0,0.0,3,0,5,1,0.07,0.07,78,193,probabilistic,11,8
5,Alternator,2.5638487499199574,0.5175453759723423,4.0,1.0,0.2151085989383656,0.3024816785123166,0.32251200621755394,0.15989771633176392,0.0,0.0,1.0,1.0,3,0,5,1,0.07,0.07,78,193,probabilistic,11,8
6,GTFT: 0.33,2.4848574396020218,0.8506046355391333,0.0,1.0,0.6742966948964619,0.17803669884686657,0.08609766806332753,0.0615689381933439,1.0,0.3413938167536951,1.0,0.3401360544217687,3,0,5,1,0.07,0.07,78,193,probabilistic,11,8
7,"DoubleCrosser: (D, D)",2.457060185185185,0.7644642545009613,1.0,1.0,0.6584459359429824,0.09386677232065563,0.11983530892901632,0.1278519828073456,1.0,0.805468962447556,0.0,0.0,3,0,5,1,0.07,0.07,78,193,probabilistic,11,8
8,Win-Shift Lose-Stay: D,2.454262686585179,0.5953397063844316,4.0,0.0,0.2256181160924006,0.3573747086160344,0.26708505453913156,0.14992212075243333,0.0,1.0,1.0,0.0,3,0,5,1,0.07,0.07,78,193,probabilistic,11,8
9,Tit For 2 Tats,2.312638888888889,0.925345377258236,0.0,1.0,0.7484996278406387,0.166691519040649,0.0,0.08480885311871227,1.0,0.8822463768115942,0.0,0.0,3,0,5,1,0.07,0.07,78,193,probabilistic,11,8
10,Cooperator,2.236958041958042,1.0,0.0,1.0,0.7474569579831065,0.2525430420168934,0.0,0.0,1.0,1.0,0.0,0.0,3,0,5,1,0.07,0.07,78,193,probabilistic,11,8
0,Grudger,2.6647021687462864,0.47412280701754383,3.0,1.0,0.4648892773892774,0.029148663782739614,0.22006384333110532,0.2858982154968777,1.0,0.0,0.0,0.0,3,0,5,1,0.08,0.05,23,161,probabilistic,12,9
1,Evolved HMM 5,2.626666056947747,0.6225575546527374,3.0,1.0,0.5667735548143408,0.07533263654014184,0.1909444238860514,0.16694938475946597,0.9969696969696968,0.5504723008929737,0.013392857142857142,0.18121377429253324,3,0,5,1,0.08,0.05,23,161,probabilistic,12,9
2,Win-Stay Lose-Shift,2.548516323248944,0.6807112485504445,1.0,1.0,0.522758693661759,0.15669078056912952,0.1812119787887429,0.1393385469803687,1.0,0.0,0.0,1.0,3,0,5,1,0.08,0.05,23,161,probabilistic,12,9
3,Tit For Tat,2.5139652939652937,0.707029053420806,0.0,1.0,0.5064380333238465,0.1997099329154713,0.18450982533129723,0.10934220842938501,1.0,0.0,1.0,0.0,3,0,5,1,0.08,0.05,23,161,probabilistic,12,9
4,Soft Joss: 0.9,2.3960214028395845,0.734984809534938,0.0,1.0,0.5733281696499868,0.19154067982058792,0.14518857278196945,0.08994257774745579,1.0,0.11268660770566684,1.0,0.10497884803123983,3,0,5,1,0.08,0.05,23,161,probabilistic,12,9
5,Suspicious Tit For Tat,2.3707993245144947,0.41792568395263374,5.0,0.0,0.2368194409325918,0.2070202446425098,0.23549286158818666,0.32066745283671166,1.0,0.0,1.0,0.0,3,0,5,1,0.08,0.05,23,161,probabilistic,12,9
6,Cycler DC,2.255122710387324,0.48649170204554226,4.0,0.0,0.11958005511225038,0.3660717357440168,0.313170724997002,0.20117748414673076,0.0,0.0,1.0,1.0,3,0,5,1,0.08,0.05,23,161,probabilistic,12,9
7,Alternator,2.253812588117551,0.5133909287257019,3.0,1.0,0.14534026965203978,0.36819301957192485,0.30360125778914493,0.18286545298689044,0.0,0.0,1.0,1.0,3,0,5,1,0.08,0.05,23,161,probabilistic,12,9
8,Tit For 2 Tats,2.2324882564244266,0.8952056092476786,0.0,1.0,0.7122862416453892,0.18483017135337682,0.010078157136980665,0.09280542986425339,1.0,0.8604166666666666,1.0,0.0,3,0,5,1,0.08,0.05,23,161,probabilistic,12,9
9,Random: 0.5,2.228729515054023,0.5123604465709729,4.0,0.5019762845849802,0.22153461801146082,0.2896260087367584,0.21340115020743644,0.2754382230443443,0.4956282019288304,0.5175984503063383,0.5085298848764057,0.5335465461943519,3,0,5,1,0.08,0.05,23,161,probabilistic,12,9
10,Defector,2.063869107719375,0.0,9.0,0.0,0.0,0.0,0.23916165183681548,0.7608383481631845,0.0,0.0,0.0,0.0,3,0,5,1,0.08,0.05,23,161,probabilistic,12,9
11,Win-Shift Lose-Stay: D,2.048263449330643,0.526231477773328,3.0,0.0,0.1722568739145144,0.37277699676357634,0.20411642276550063,0.2508497065564086,0.0,1.0,1.0,0.0,3,0,5,1,0.08,0.05,23,161,probabilistic,12,9
0,Evolved FSM 16,2.9545454545454546,0.550430504305043,1.0,1.0,0.42950108459869846,0.10524566712231496,0.35746451849919064,0.10778872977979596,0.8958333333333333,0.3333333333333333,0.3877551020408163,0.25,3,0,5,1,0.0,0.09,49,62,probabilistic,4,10
1,Meta Mixer: 3 players,2.387962962962963,0.4956346541302888,1.0,0.6938775510204082,0.27963022479288896,0.21587548308955887,0.24904053085916752,0.2554537612583847,0.5163135146531731,0.43000006786885026,0.5133553513232657,0.4115588613752628,3,0,5,1,0.0,0.09,49,62,probabilistic,4,10
2,Tit For Tat,2.372549019607843,0.7026044821320412,0.0,1.0,0.5113340642468035,0.17426399711558982,0.14731094972149256,0.1670909889161142,1.0,0.0,1.0,0.0,3,0,5,1,0.0,0.09,49,62,probabilistic,4,10
3,Bully,1.8479532163742691,0.6019230769230769,1.0,0.0,0.14298630057083164,0.4508433049691809,0.19241245321679393,0.21375794124319344,0.0,1.0,0.0,1.0,3,0,5,1,0.0,0.09,49,62,probabilistic,4,10
0,Defector,2.5211168286639984,0.0,5.0,0.0,0.0,0.0,0.3440541215371484,0.6559458784628517,0.0,0.0,0.0,0.0,3,0,5,1,0.07,0.08,78,197,probabilistic,7,11
1,Evolved FSM 16,2.2641532976827095,0.4689358889623265,2.0,1.0,0.25142864709615453,0.20748325041920035,0.29043267170098963,0.2506554307836555,0.8538925438596492,0.36598896084140986,0.190975249343276,0.29270527174561756,3,0,5,1,0.07,0.08,78,197,probabilistic,7,11
2,Meta Mixer: 6 players,2.113830355564226,0.37977261157305275,2.5,0.44871794871794873,0.1690279448848314,0.21077564128770152,0.22259334211739415,0.3976030717100729,0.40310839668181064,0.37939308483080847,0.41877198178104474,0.3561711936997954,3,0,5,1,0.07,0.08,78,197,probabilistic,7,11
3,Win-Shift Lose-Stay: D,2.0389823441453876,0.5047246660149886,2.0,0.0,0.1442857224825113,0.35374289413272386,0.18331697479038755,0.31865440859437727,0.0,1.0,1.0,0.0,3,0,5,1,0.07,0.08,78,197,probabilistic,7,11
4,Random: 0.5,2.0354340418963286,0.5005079580088047,2.0,0.49145299145299143,0.18459369649907556,0.31618347302193595,0.183870676891522,0.31535215358746654,0.49465370170621503,0.5155033501922915,0.4696518237189572,0.5071712449320488,3,0,5,1,0.07,0.08,78,197,probabilistic,7,11
5,Cycler DC,2.024890474273776,0.48055145248645986,1.0,0.0,0.15776072633816507,0.3226613944696008,0.16671568083077246,0.3528621983614617,0.0,0.0,1.0,1.0,3,0,5,1,0.07,0.08,78,197,probabilistic,7,11
6,"DoubleCrosser: (D, D)",1.9176476301476302,0.5172805451890313,1.0,1.0,0.31726859285136627,0.20003432777769556,0.21989751324064374,0.26279956613029437,1.0,0.8062948601081761,0.0,0.0,3,0,5,1,0.07,0.08,78,197,probabilistic,7,11
0,Grudger,2.9722222222222223,0.8254872563718141,1.0,1.0,0.775417973722495,0.024479829665999882,0.14418862141601504,0.05591357519549009,1.0,0.0,0.0,0.0,3,0,5,1,0.06,0.1,79,194,probabilistic,9,12
1,Evolved HMM 5,2.9166666666666665,0.8285936285936286,1.0,1.0,0.7868580316742082,0.040314318034906274,0.125641160310278,0.04718648998060763,1.0,0.35064935064935066,0.016304347826086956,0.12562814070351758,3,0,5,1,0.06,0.1,79,194,probabilistic,9,12
2,Random: 0.5,2.891459949364361,0.5070445084854307,5.0,0.5031645569620253,0.29424606221422145,0.21341409484273507,0.28641733332091435,0.20592250962212919,0.5143079577989748,0.4929892738180842,0.5126605263500237,0.511888102691948,3,0,5,1,0.06,0.1,79,194,probabilistic,9,12
3,Soft Joss: 0.9,2.7759615384615386,0.8860379873375541,0.0,1.0,0.8243734422340683,0.071616409927543,0.04961210793286038,0.054398039905528314,1.0,0.07366283006093433,1.0,0.0785024154589372,3,0,5,1,0.06,0.1,79,194,probabilistic,9,12
4,Anti Tit For Tat,2.7385416666666664,0.5194848636895802,5.0,1.0,0.2026603052665834,0.31039013337663846,0.3430669406606902,0.14388262069608795,0.0,1.0,0.0,1.0,3,0,5,1,0.06,0.1,79,194,probabilistic,9,12
5,"DoubleCrosser: (D, D)",2.703125,0.8942337825133188,0.0,1.0,0.8006008088939255,0.08143476094644497,0.08302177565893593,0.034942654500693615,1.0,0.8050934283065814,0.0,0.0,3,0,5,1,0.06,0.1,79,194,probabilistic,9,12
6,Win-Stay Lose-Shift,2.6979166666666665,0.9093236933273083,0.0,1.0,0.829531214658251,0.07666920370550757,0.027761795166858456,0.066037786469383,1.0,0.0,0.0,1.0,3,0,5,1,0.06,0.1,79,194,probabilistic,9,12
7,Tit For 2 Tats,2.6805555555555554,0.9342650898479496,0.0,1.0,0.8316856249433517,0.10136918789087285,0.03262409740475543,0.03432108976101997,1.0,0.6100716164541014,1.0,0.0,3,0,5,1,0.06,0.1,79,194,probabilistic,9,12
8,Cooperator,2.521875,1.0,0.0,1.0,0.8273541065193404,0.17264589348065965,0.0,0.0,1.0,1.0,0.0,0.0,3,0,5,1,0.06,0.1,79,194,probabilistic,9,12
0,Defector,2.696459096459096,0.0,8.0,0.0,0.0,0.0,0.41845514804802014,0.5815448519519798,0.0,0.0,0.0,0.0,3,0,5,1,0.03,0.06,39,151,probabilistic,10,13
1,Evolved FSM 16,2.67352190900578,0.4380206597800733,3.0,1.0,0.28085729866683196,0.17184904709459928,0.3598855357150918,0.18740811852347697,0.8655069786535304,0.43083602597276216,0.1502429881579275,0.3829546925045322,3,0,5,1,0.03,0.06,39,151,probabilistic,10,13
2,Meta Winner: 8 players,2.559995724440169,0.1453260015710919,6.0,1.0,0.07449130833846668,0.07359077789940288,0.4407106111729837,0.4112073025891467,0.6570917456318457,0.5820265048120337,0.0425587343690792,0.06635035402521179,3,0,5,1,0.03,0.06,39,151,probabilistic,10,13
3,Win-Shift Lose-Stay: D,2.2867063492063493,0.5207444084002049,4.0,0.0,0.20513340467016142,0.313151050552677,0.24018940641794786,0.24152613835921372,0.0,1.0,1.0,0.0,3,0,5,1,0.03,0.06,39,151,probabilistic,10,13
4,Tit For Tat,2.1285560675883257,0.5350008393486654,0.0,1.0,0.3485995117820415,0.19910209494582923,0.1681096843242377,0.28418870894789156,1.0,0.0,1.0,0.0,3,0,5,1,0.03,0.06,39,151,probabilistic,10,13
5,Bully,2.1151072124756336,0.583095577746077,4.0,0.0,0.16521697510300057,0.4070088122680018,0.22453577379032286,0.20323843883867482,0.0,1.0,0.0,1.0,3,0,5,1,0.03,0.06,39,151,probabilistic,10,13
6,Soft Joss: 0.9,2.1039191766752605,0.5991498798743301,0.0,1.0,0.369491420106149,0.2296746464919296,0.15198526928150502,0.24884866412041637,1.0,0.08905572575050422,1.0,0.12440926055588368,3,0,5,1,0.03,0.06,39,151,probabilistic,10,13
7,Meta Mixer: 8 players,2.1005753505753506,0.43295494856332034,4.0,0.6210826210826211,0.17643482709290592,0.2579604901527992,0.22571624823534378,0.33988843451895107,0.3950515502172913,0.42324099673670623,0.45619648264685825,0.4279239217359674,3,0,5,1,0.03,0.06,39,151,probabilistic,10,13
8,Alternator,1.9545201897183995,0.5152079453755432,2.0,1.0,0.21125533939885838,0.3041711564960873,0.17191770675970672,0.3126557973453477,0.0,0.0,1.0,1.0,3,0,5,1,0.03,0.06,39,151,probabilistic,10,13
9,Anti Tit For Tat,1.3696581196581197,0.7187900128040973,2.0,1.0,0.19416674465464395,0.5365325980448248,0.09153529020099145,0.17776536709953977,0.0,1.0,0.0,1.0,3,0,5,1,0.03,0.06,39,151,probabilistic,10,13
0,Suspicious Tit For Tat,2.7761989931107576,0.582701062215478,4.0,0.0,0.3262861428979127,0.2537275366010632,0.29605521045880284,0.12393111004222114,1.0,0.0,1.0,0.0,3,0,5,1,0.02,0.07,37,139,probabilistic,7,14
1,Tit For Tat,2.6166666666666667,0.7138948008513226,0.0,1.0,0.5398724022991124,0.1915124331250296,0.17374828606891435,0.09486687850694366,1.0,0.0,1.0,0.0,3,0,5,1,0.02,0.07,37,139,probabilistic,7,14
2,Meta Mixer: 5 players,2.60424560914757,0.62422934648582,2.0,0.6801801801801802,0.4497591084846117,0.1800706588511749,0.18993480275492355,0.18023542990928976,0.8351109156452764,0.2943783278555834,0.795927580388264,0.17898559376334697,3,0,5,1,0.02,0.07,37,139,probabilistic,7,14
3,Evolved FSM 16,2.5907407407407406,0.6868483013790784,1.0,1.0,0.5410457151759965,0.1434310945986517,0.1742455955402713,0.14127759468508055,0.8620197936822904,0.4552845549584013,0.49499135097733954,0.23257179092309088,3,0,5,1,0.02,0.07,37,139,probabilistic,7,14
4,Meta Winner: 5 players,2.5541666666666667,0.5402909904868495,2.0,1.0,0.3509251058228671,0.19006268267846402,0.22796474963035918,0.23104746186830968,0.7071312595146813,0.42984366636201415,0.555421809222869,0.31259789509781494,3,0,5,1,0.02,0.07,37,139,probabilistic,7,14
5,Tit For 2 Tats,2.5435049019607843,0.9297235023041475,0.0,1.0,0.7870470773153219,0.14677675030084847,0.035948503740222404,0.030227668643607316,1.0,0.8123923035118996,1.0,0.0,3,0,5,1,0.02,0.07,37,139,probabilistic,7,14
6,Random: 0.5,2.4378136200716845,0.5101053230856818,3.0,0.4774774774774775,0.26640639338611477,0.24316252431596233,0.25084653227770065,0.23958455002022228,0.5368969512374316,0.519958559779187,0.48738212489200566,0.498906650463148,3,0,5,1,0.02,0.07,37,139,probabilistic,7,14
0,Evolved HMM 5,2.836891013130767,0.685069891089958,4.0,1.0,0.6226449135892144,0.06447267382997829,0.16894682709065328,0.14393558549015417,0.9972797906193158,0.49540556000905267,0.013721587966460095,0.19606974904580193,3,0,5,1,0.02,0.01,65,91,probabilistic,16,15
1,"DoubleCrosser: (D, D)",2.832676757373875,0.6563462282723923,3.0,1.0,0.6271105071670584,0.02936273395359908,0.1638839813327796,0.17964277754656285,1.0,0.7880890298113306,0.05753138075313807,0.0,3,0,5,1,0.02,0.01,65,91,probabilistic,16,15
2,Grudger,2.8088985565088507,0.5388017830404627,4.0,1.0,0.5420083519883038,0.0076700136014554166,0.18627725542135082,0.2640443789888901,1.0,0.0,0.0,0.0,3,0,5,1,0.02,0.01,65,91,probabilistic,16,15
3,Evolved FSM 16,2.7851037851037854,0.6915796007034241,3.0,1.0,0.572402725194977,0.12259971393395244,0.19608923414936968,0.10890832672170082,0.9411503743806986,0.530410252052777,0.31821235248187396,0.4934574056514921,3,0,5,1,0.02,0.01,65,91,probabilistic,16,15
4,Tit For Tat,2.5123010231261937,0.7043236697770496,0.0,1.0,0.60453405435714,0.10831497068119002,0.1024746198330686,0.18467635512860145,1.0,0.0,1.0,0.0,3,0,5,1,0.02,0.01,65,91,probabilistic,16,15
5,Win-Stay Lose-Shift,2.506528039861373,0.7356534305735267,1.0,1.0,0.5931733639349829,0.14772251722047416,0.1162329488423655,0.14287117000217742,1.0,0.0,0.0,1.0,3,0,5,1,0.02,0.01,65,91,probabilistic,16,15
6,Soft Joss: 0.9,2.500620013721918,0.7710251063757649,0.0,1.0,0.6594026338460808,0.10332632100656951,0.07214109903920697,0.16512994610814274,1.0,0.10348734554761838,1.0,0.09877585862147832,3,0,5,1,0.02,0.01,65,91,probabilistic,16,15
7,GTFT: 0.33,2.421061666061666,0.8335353815247134,0.0,1.0,0.6840388762672285,0.14281664399005242,0.04980904217374274,0.12333543756897623,1.0,0.33768606058977335,1.0,0.343187619570602,3,0,5,1,0.02,0.01,65,91,probabilistic,16,15
8,Meta Winner: 14 players,2.3944102420564404,0.03689658706569642,12.0,1.0,0.027892725175385182,0.009131914307269428,0.34058255801790793,0.6223928024994374,0.5317322529392253,0.16946667474017185,0.042347356895854824,0.012912570344702442,3,0,5,1,0.02,0.01,65,91,probabilistic,16,15
9,Defector,2.35236918129075,0.0,13.0,0.0,0.0,0.0,0.32737741314196867,0.6726225868580313,0.0,0.0,0.0,0.0,3,0,5,1,0.02,0.01,65,91,probabilistic,16,15
10,Suspicious Tit For Tat,2.2384361313308685,0.5050650971999286,8.0,0.0,0.3715335860209327,0.1396563208604978,0.14945008876692806,0.3393600043516413,1.0,0.0,1.0,0.0,3,0,5,1,0.02,0.01,65,91,probabilistic,16,15
11,Cooperator,2.180720434412692,1.0,0.0,1.0,0.721966835446534,0.27803316455346605,0.0,0.0,1.0,1.0,0.0,0.0,3,0,5,1,0.02,0.01,65,91,probabilistic,16,15
12,Meta Mixer: 14 players,2.067848088730442,0.4451542536615768,7.0,0.7682051282051282,0.21896386489120853,0.22419628082371354,0.19154107223183173,0.3652987820532462,0.6252197040545421,0.3219244880021795,0.5872774884725283,0.32631399174403414,3,0,5,1,0.02,0.01,65,91,probabilistic,16,15
13,Random: 0.5,1.898160528652385,0.4995817471021049,5.0,0.4841025641025641,0.19074799749400898,0.3085667867867937,0.18979967463377276,0.31088554108542454,0.48880754963506184,0.49810517263685666,0.49865442957129114,0.5035207313640631,3,0,5,1,0.02,0.01,65,91,probabilistic,16,15
14,Anti Tit For Tat,1.6728829111838068,0.649171270718232,5.0,1.0,0.15267552642832882,0.49910868785725937,0.20109461131021694,0.1471211744041949,0.0,1.0,0.0,1.0,3,0,5,1,0.02,0.01,65,91,probabilistic,16,15
15,Win-Shift Lose-Stay: D,1.6415035190644944,0.6024317348186388,5.0,0.0,0.15920004089647563,0.44085534639749174,0.17013366381859968,0.22981094888743295,0.0,1.0,1.0,0.0,3,0,5,1,0.02,0.01,65,91,probabilistic,16,15
0,Evolved HMM 5,2.9299416282187782,0.605343418323777,6.0,1.0,0.5496072434140707,0.05911327629879076,0.23255908089188776,0.15872039939525082,0.9994058229352347,0.4883290424000387,0.008735041770151275,0.19348554592651043,3,0,5,1,0.03,0.02,19,114,probabilistic,20,16
1,Grudger,2.8702289781913093,0.5147032184046857,7.0,1.0,0.4831416330790123,0.012478377791205501,0.24690947543415892,0.2574705136956233,1.0,0.0,0.0,0.0,3,0,5,1,0.03,0.02,19,114,probabilistic,20,16
2,Evolved FSM 16,2.8646191074078473,0.6101438304314913,6.0,1.0,0.5134007949721565,0.10182623582409903,0.2519925723433709,0.13278039686037368,0.9065591685623802,0.49664531508642185,0.19956045099229083,0.33679263274370613,3,0,5,1,0.03,0.02,19,114,probabilistic,20,16
3,"DoubleCrosser: (D, D)",2.8146934483080392,0.5655416972364882,6.0,1.0,0.5546882154427003,0.03886421901085274,0.22059673451124628,0.1858508310352007,1.0,0.7856074830737609,0.0,0.0,3,0,5,1,0.03,0.02,19,114,probabilistic,20,16
4,Meta Winner: 18 players,2.5857580685358315,0.06465231288824558,15.0,1.0,0.04001716441495095,0.026490801468381498,0.38726209414170476,0.5462299399749627,0.544479494387268,0.414340917374973,0.016765604227573325,0.02384186385809995,3,0,5,1,0.03,0.02,19,114,probabilistic,20,16
5,Defector,2.584828259030522,0.0,17.0,0.0,0.0,0.0,0.36946115391850665,0.6305388460814934,0.0,0.0,0.0,0.0,3,0,5,1,0.03,0.02,19,114,probabilistic,20,16
6,Tit For Tat,2.5255349117094816,0.7062708307616343,0.0,1.0,0.548714931176359,0.15456108213640954,0.14746019113891748,0.14926379554831387,1.0,0.0,1.0,0.0,3,0,5,1,0.03,0.02,19,114,probabilistic,20,16
7,Soft Joss: 0.9,2.4897962729071184,0.7488279052322311,0.0,1.0,0.5981515797848163,0.14912260509348874,0.11414553134766746,0.13858028377402742,1.0,0.10680051385759053,1.0,0.0902152015912287,3,0,5,1,0.03,0.02,19,114,probabilistic,20,16
8,Win-Stay Lose-Shift,2.4478581078680053,0.7036237101031917,1.0,1.0,0.5647486180371263,0.16107166949394044,0.1185931293325141,0.15558658313641935,1.0,0.0,0.0,1.0,3,0,5,1,0.03,0.02,19,114,probabilistic,20,16
9,GTFT: 0.33,2.4023185105296636,0.8118231046931408,0.0,1.0,0.6215980609998583,0.18428645865156262,0.08407918519568033,0.11003629515289869,1.0,0.32429279385651183,1.0,0.2914026153070591,3,0,5,1,0.03,0.02,19,114,probabilistic,20,16
10,Suspicious Tit For Tat,2.369703292469653,0.518048128342246,10.0,0.0,0.3584977807853263,0.17539210965261876,0.18825064837313216,0.27785946118892274,1.0,0.0,1.0,0.0,3,0,5,1,0.03,0.02,19,114,probabilistic,20,16
11,Tit For 2 Tats,2.2877509205490263,0.8293791014639071,0.0,1.0,0.6706056140358833,0.1680147705426368,0.03344224486464277,0.12793737055683724,1.0,0.7360900572936151,1.0,0.0,3,0,5,1,0.03,0.02,19,114,probabilistic,20,16
12,Meta Mixer: 18 players,2.2342349075797197,0.4705136717571075,10.0,0.6980609418282548,0.23439904161386424,0.23796177147588882,0.21831709504068625,0.30932209186956083,0.5882961805388134,0.3960503273918616,0.5395248541307908,0.39093718511380204,3,0,5,1,0.03,0.02,19,114,probabilistic,20,16
13,Alternator,2.149990850192885,0.5049523453560082,5.0,1.0,0.1836773275599967,0.3216416617631069,0.24814382728707862,0.24653718338981778,0.0,0.0,1.0,1.0,3,0,5,1,0.03,0.02,19,114,probabilistic,20,16
14,Cycler DC,2.1421323047065037,0.49518258594028786,7.0,0.0,0.17176132016755363,0.32313920776073046,0.2523710363668871,0.2527284357048288,0.0,0.0,1.0,1.0,3,0,5,1,0.03,0.02,19,114,probabilistic,20,16
15,Random: 0.5,2.1239676022786567,0.5015631978561857,7.0,0.5263157894736842,0.2185088043175677,0.28257148336960675,0.21410036403284344,0.2848193482799821,0.5132481889899917,0.5063235386929621,0.5018425410091748,0.49802456867989164,3,0,5,1,0.03,0.02,19,114,probabilistic,20,16
16,Bully,2.0260487574864396,0.5808234845596645,9.0,0.0,0.17210750444843076,0.39881341987995284,0.24279269918374338,0.186286376487873,0.0,1.0,0.0,1.0,3,0,5,1,0.03,0.02,19,114,probabilistic,20,16
17,Cooperator,2.0256723673126964,1.0,0.0,1.0,0.6709559092443993,0.3290440907556008,0.0,0.0,1.0,1.0,0.0,0.0,3,0,5,1,0.03,0.02,19,114,probabilistic,20,16
18,Win-Shift Lose-Stay: D,1.961984392888062,0.6001302314568164,8.0,0.0,0.1987008843932202,0.3865148435543219,0.21145930334286175,0.20332496870959618,0.0,1.0,1.0,0.0,3,0,5,1,0.03,0.02,19,114,probabilistic,20,16
19,Anti Tit For Tat,1.7585587354777668,0.6324721525631306,6.0,1.0,0.18597692619783648,0.45354074127692035,0.1825124590525851,0.1779698734726581,0.0,1.0,0.0,1.0,3,0,5,1,0.03,0.02,19,114,probabilistic,20,16
0,Grudger,2.622124495874496,0.548723897911833,4.0,1.0,0.5003348871428415,0.04057308299431229,0.17528133447083727,0.2838106953920091,1.0,0.0,0.0,0.0,3,0,5,1,0.03,0.08,68,74,probabilistic,16,17
1,Defector,2.570438222963013,0.0,13.0,0.0,0.0,0.0,0.3224449873122646,0.6775550126877354,0.0,0.0,0.0,0.0,3,0,5,1,0.03,0.08,68,74,probabilistic,16,17
2,Evolved FSM 16,2.511813186813187,0.7167405333955369,2.0,1.0,0.5553583571564733,0.15167480291135157,0.1551064251311473,0.13786041480102773,0.9067844242960342,0.46684588964420276,0.41237452733472146,0.32872277309098363,3,0,5,1,0.03,0.08,68,74,probabilistic,16,17
3,Win-Stay Lose-Shift,2.50761122635502,0.7313733387031817,1.0,1.0,0.5501753548981798,0.16531210249575995,0.14599114652603482,0.13852139608002556,1.0,0.0,0.0,1.0,3,0,5,1,0.03,0.08,68,74,probabilistic,16,17
4,Cycler DC,2.500272345789587,0.47866000966339184,6.0,0.0,0.14629270994284102,0.33221491953840226,0.318511456771164,0.20298091374759286,0.0,0.0,1.0,1.0,3,0,5,1,0.03,0.08,68,74,probabilistic,16,17
5,Tit For Tat,2.4648863345827365,0.7182542877848458,0.0,1.0,0.5428768125448741,0.17165545184188172,0.14501614490994905,0.14045159070329533,1.0,0.0,1.0,0.0,3,0,5,1,0.03,0.08,68,74,probabilistic,16,17
6,Meta Winner: 14 players,2.4631263284514056,0.18705666693233441,10.0,1.0,0.13159087927265078,0.05690925040594983,0.3117126257109758,0.4997872446104235,0.6286484501099595,0.5200952397960664,0.026675058299049717,0.006681051550197949,3,0,5,1,0.03,0.08,68,74,probabilistic,16,17
7,Alternator,2.4588587963587965,0.5203939269593763,5.0,1.0,0.19257464631547774,0.32834795002828987,0.2988627946720805,0.18021460898415192,0.0,0.0,1.0,1.0,3,0,5,1,0.03,0.08,68,74,probabilistic,16,17
8,Soft Joss: 0.9,2.449725633843281,0.7619662603922834,0.0,1.0,0.5885121828972839,0.16973398958101066,0.11852878676426097,0.12322504075744452,1.0,0.10163123439987498,1.0,0.09181346384656262,3,0,5,1,0.03,0.08,68,74,probabilistic,16,17
9,Suspicious Tit For Tat,2.4317288795860224,0.48091244022889396,7.0,0.0,0.27283433976226623,0.19384089259129908,0.23171749729789087,0.30160727034854384,1.0,0.0,1.0,0.0,3,0,5,1,0.03,0.08,68,74,probabilistic,16,17
10,Meta Mixer: 14 players,2.4269708423677434,0.5449779479071316,5.0,0.6774509803921569,0.32794798575531264,0.21370748263390332,0.20627242732829695,0.25207210428248705,0.7084681996110577,0.33574447591123624,0.6760648060868527,0.3281964875772884,3,0,5,1,0.03,0.08,68,74,probabilistic,16,17
11,"DoubleCrosser: (D, D)",2.4071404521404522,0.7404483738553836,1.0,1.0,0.6339821139832647,0.11590411150209852,0.10293718264114325,0.14717659187349358,1.0,0.8336989677331874,0.0,0.0,3,0,5,1,0.03,0.08,68,74,probabilistic,16,17
12,Random: 0.5,2.346052473183481,0.49671421702195867,7.0,0.47843137254901963,0.2308924445007325,0.2661867730809343,0.23511284108206149,0.26780794133627167,0.48852911411696276,0.5035241849748437,0.4891762726245391,0.4985817281195737,3,0,5,1,0.03,0.08,68,74,probabilistic,16,17
13,Win-Shift Lose-Stay: D,2.283077750408251,0.5579219102936431,5.0,0.0,0.18849854226688245,0.36795718044717485,0.23900612056757714,0.20453815671836562,0.0,1.0,1.0,0.0,3,0,5,1,0.03,0.08,68,74,probabilistic,16,17
14,Tit For 2 Tats,2.277844611528822,0.8604489701457996,0.0,1.0,0.7111791245042869,0.16569247068264722,0.009266397360796048,0.11386200745226978,1.0,0.8236195450699118,1.0,0.0,3,0,5,1,0.03,0.08,68,74,probabilistic,16,17
15,Cooperator,2.166136712749616,1.0,0.0,1.0,0.7239422921885352,0.2760577078114648,0.0,0.0,1.0,1.0,0.0,0.0,3,0,5,1,0.03,0.08,68,74,probabilistic,16,17
0,Defector,2.9459636042969377,0.0,16.0,0.0,0.0,0.0,0.4345740854060658,0.5654259145939342,0.0,0.0,0.0,0.0,3,0,5,1,0.05,0.09,30,15,probabilistic,19,18
1,Grudger,2.660804473304473,0.5558552483704203,5.0,1.0,0.4980194652977482,0.062472481261007844,0.21701574673197055,0.2224923067092735,1.0,0.0,0.0,0.0,3,0,5,1,0.05,0.09,30,15,probabilistic,19,18
2,Bully,2.595362199528866,0.4658525554047942,9.0,0.0,0.1493988834738543,0.3130947814504903,0.31851461313982754,0.21899172193582783,0.0,1.0,0.0,1.0,3,0,5,1,0.05,0.09,30,15,probabilistic,19,18
3,Evolved FSM 16,2.5786746432579766,0.6868217054263566,3.0,1.0,0.5380097128886313,0.14087983579514182,0.2028245048648083,0.1182859464514185,0.9286314525810324,0.3767298221807806,0.4087674643291407,0.30433214274454384,3,0,5,1,0.05,0.09,30,15,probabilistic,19,18
4,Cycler DC,2.5579816017316013,0.4598283072859344,9.0,0.0,0.1954688764399978,0.26375376315271776,0.30884529492222856,0.23193206548505577,0.0,0.0,1.0,1.0,3,0,5,1,0.05,0.09,30,15,probabilistic,19,18
5,Win-Shift Lose-Stay: D,2.55467225675559,0.5149833518312985,9.0,0.0,0.20657101202067796,0.3073523929393227,0.27919713257884443,0.20687946246115485,0.0,1.0,1.0,0.0,3,0,5,1,0.05,0.09,30,15,probabilistic,19,18
6,Evolved HMM 5,2.5539389622722957,0.6855455937021648,3.0,1.0,0.5732556023022688,0.11422200118496656,0.1820808648094227,0.1304415317033419,0.9988425925925926,0.47624710745400395,0.014084507042253521,0.15769312393887946,3,0,5,1,0.05,0.09,30,15,probabilistic,19,18
7,Suspicious Tit For Tat,2.531481481481481,0.4635404980928876,9.0,0.0,0.2940668901884593,0.18192945960794407,0.24861193382901015,0.2753917163745865,1.0,0.0,1.0,0.0,3,0,5,1,0.05,0.09,30,15,probabilistic,19,18
8,Tit For Tat,2.4822691197691196,0.7279821627647715,0.0,1.0,0.5395122915271241,0.18402768534814676,0.14593737935256285,0.1305226437721662,1.0,0.0,1.0,0.0,3,0,5,1,0.05,0.09,30,15,probabilistic,19,18
9,Meta Winner: 17 players,2.463959574376241,0.3138376774740411,11.0,1.0,0.19718759949684128,0.11950815979038001,0.32875891920822503,0.35454532150455376,0.5681500804484106,0.47957562954539096,0.03988249240983827,0.1511478269761258,3,0,5,1,0.05,0.09,30,15,probabilistic,19,18
10,Random: 0.5,2.4155548926382258,0.501428885469334,7.0,0.4888888888888889,0.2432208599143311,0.2582420982829115,0.2553084934447736,0.24322854835798374,0.5042500549774467,0.5203858923528708,0.5003161704120347,0.5093338586998108,3,0,5,1,0.05,0.09,30,15,probabilistic,19,18
11,Meta Mixer: 17 players,2.396408221408221,0.5603146853146853,7.0,0.7037037037037037,0.3346410060605036,0.22956024150357227,0.22098910279103542,0.21480964964488872,0.6353418242102657,0.44524549412250886,0.6071581125345565,0.40853259920718804,3,0,5,1,0.05,0.09,30,15,probabilistic,19,18
12,Win-Stay Lose-Shift,2.374915824915825,0.7513094966977909,1.0,1.0,0.5641601583444379,0.1757707221278809,0.1214268305077663,0.13864228901991493,1.0,0.0,0.0,1.0,3,0,5,1,0.05,0.09,30,15,probabilistic,19,18
13,Alternator,2.3492666284332953,0.538038496791934,5.0,1.0,0.2608813398913657,0.2772688907236347,0.26456257797870636,0.1972871914062932,0.0,0.0,1.0,1.0,3,0,5,1,0.05,0.09,30,15,probabilistic,19,18
14,"DoubleCrosser: (D, D)",2.317310004810005,0.801336302895323,1.0,1.0,0.611685264705957,0.19325063570115997,0.10205249441841005,0.09301160517447296,1.0,0.8216940267949271,0.0,0.0,3,0,5,1,0.05,0.09,30,15,probabilistic,19,18
15,GTFT: 0.33,2.293565616482283,0.8217088055797733,0.0,1.0,0.6038599354834719,0.21788506323349527,0.08814423783956006,0.09011076344347291,1.0,0.3278875635965276,1.0,0.3623538011695906,3,0,5,1,0.05,0.09,30,15,probabilistic,19,18
16,Tit For 2 Tats,2.20962000962001,0.8809048569527611,0.0,1.0,0.6611911029890204,0.21641446134458808,0.03238012267726924,0.09001431298912227,1.0,0.7568675410610894,1.0,0.0,3,0,5,1,0.05,0.09,30,15,probabilistic,19,18
17,Anti Tit For Tat,2.084953703703704,0.6129617040561975,6.0,1.0,0.22607873001517934,0.37937020106583996,0.21784413486489246,0.17670693405408822,0.0,1.0,0.0,1.0,3,0,5,1,0.05,0.09,30,15,probabilistic,19,18
18,Cooperator,1.9997252747252747,1.0,0.0,1.0,0.6659344051478213,0.3340655948521788,0.0,0.0,1.0,1.0,0.0,0.0,3,0,5,1,0.05,0.09,30,15,probabilistic,19,18
0,Tit For Tat,2.650095785440613,0.749851526309538,0.0,1.0,0.5891279861208986,0.16736823696249992,0.16011054182215634,0.0833932350944451,1.0,0.0,1.0,0.0,3,0,5,1,0.07,0.03,43,102,probabilistic,7,19
1,Bully,2.599478320342982,0.4254532442748092,5.0,0.0,0.28681191764643477,0.1409956593386629,0.27138403853199666,0.30080838448290564,0.0,1.0,0.0,1.0,3,0,5,1,0.07,0.03,43,102,probabilistic,7,19
2,Soft Joss: 0.9,2.57904349780825,0.7595778848359716,0.0,1.0,0.5950973132518634,0.17624238562450342,0.14542094597217323,0.0832393551514599,1.0,0.09181031337538224,1.0,0.09396051103368176,3,0,5,1,0.07,0.03,43,102,probabilistic,7,19
3,Alternator,2.5440712162972647,0.508566874750963,3.0,1.0,0.19754852497943812,0.31124718553087655,0.3610629049735812,0.13014138451610427,0.0,0.0,1.0,1.0,3,0,5,1,0.07,0.03,43,102,probabilistic,7,19
4,Meta Winner: 6 players,2.4683555317481214,0.4725384020333738,3.0,1.0,0.24663254099498255,0.22804887554828934,0.30097605347486645,0.22434252998186163,0.4312484216471403,0.6469020788281624,1.0,0.8482428115015974,3,0,5,1,0.07,0.03,43,102,probabilistic,7,19
5,GTFT: 0.33,2.4407407407407407,0.8163265306122449,0.0,1.0,0.6116401258540106,0.20524493992113285,0.10446397056951146,0.07865096365534514,1.0,0.3425319353406933,1.0,0.3150213758258842,3,0,5,1,0.07,0.03,43,102,probabilistic,7,19
6,Win-Stay Lose-Shift,2.322493224932249,0.8068604651162791,0.0,1.0,0.6548766712871047,0.1550744469130761,0.04080327449475569,0.14924560730506345,1.0,0.0,0.0,1.0,3,0,5,1,0.07,0.03,43,102,probabilistic,7,19
0,Defector,2.8916666666666666,0.0,7.0,0.0,0.0,0.0,0.4451455152340517,0.5548544847659482,0.0,0.0,0.0,0.0,3,0,5,1,0.1,0.1,19,138,probabilistic,9,20
1,Evolved HMM 5,2.6603535353535355,0.5740120562625586,2.0,1.0,0.5240715983363043,0.12006712579711157,0.2391606715268216,0.11670060433976265,1.0,0.5544162826420891,0.0,0.2698412698412698,3,0,5,1,0.1,0.1,19,138,probabilistic,9,20
2,Grudger,2.6349431818181817,0.5636363636363636,2.0,1.0,0.5,0.06050970171223485,0.2589415145246411,0.18054878376312405,1.0,0.0,0.0,0.0,3,0,5,1,0.1,0.1,19,138,probabilistic,9,20
3,Evolved FSM 16,2.621279761904762,0.6154891304347826,2.0,1.0,0.5221809826793921,0.11520478524396749,0.2437289141397193,0.11888531793692123,1.0,0.40233384069000505,0.16351178152420387,0.3006535947712418,3,0,5,1,0.1,0.1,19,138,probabilistic,9,20
4,Win-Shift Lose-Stay: D,2.3285733208664485,0.5544303797468354,3.0,0.0,0.18441000182750777,0.3646158692598228,0.2445134890063143,0.20646063990635516,0.0,1.0,1.0,0.0,3,0,5,1,0.1,0.1,19,138,probabilistic,9,20
5,Cycler DC,2.251636904761905,0.46983676366217175,2.0,0.0,0.17453310093049498,0.29499703526025695,0.22285809274441154,0.30761177106483656,0.0,0.0,1.0,1.0,3,0,5,1,0.1,0.1,19,138,probabilistic,9,20
6,Soft Joss: 0.9,2.234375,0.750386398763524,0.0,1.0,0.572806432808511,0.178693092881162,0.11346757957348504,0.13503289473684213,1.0,0.07573094497238808,1.0,0.11136363636363636,3,0,5,1,0.1,0.1,19,138,probabilistic,9,20
7,Bully,1.8895944741532977,0.616991643454039,3.0,0.0,0.12390751039814203,0.46557173169260513,0.21382165044950394,0.19669910745974895,0.0,1.0,0.0,1.0,3,0,5,1,0.1,0.1,19,138,probabilistic,9,20
8,Cooperator,1.8125,1.0,0.0,1.0,0.6180219146482122,0.3819780853517878,0.0,0.0,1.0,1.0,0.0,0.0,3,0,5,1,0.1,0.1,19,138,probabilistic,9,20
0,Defector,2.865047604725024,0.0,16.0,0.0,0.0,0.0,0.41146591162945145,0.5885340883705485,0.0,0.0,0.0,0.0,3,0,5,1,0.02,0.08,100,78,probabilistic,19,21
1,Grudger,2.796350408850409,0.5620070113935145,5.0,1.0,0.5234131725725586,0.037799852330924144,0.2362571031853837,0.20252987191113353,1.0,0.0,0.0,0.0,3,0,5,1,0.02,0.08,100,78,probabilistic,19,21
2,Evolved FSM 16,2.7328051578051578,0.6782258437890643,4.0,1.0,0.566750722549794,0.10696277426471565,0.21901096224805292,0.10727554093743749,0.9243269047296677,0.45123549082072395,0.3391692150209335,0.26323126751912984,3,0,5,1,0.02,0.08,100,78,probabilistic,19,21
3,Evolved HMM 5,2.7023033441473157,0.6823319186955551,4.0,1.0,0.5974646900685668,0.08223718139476563,0.20579292491079745,0.11450520362587005,0.999326101488026,0.4929681503432302,0.016549591943440405,0.1787689478060496,3,0,5,1,0.02,0.08,100,78,probabilistic,19,21
4,Suspicious Tit For Tat,2.6107991392393695,0.531269000260575,10.5,0.0,0.3350580781636644,0.1905254664683197,0.2352572641076151,0.2391591912604009,1.0,0.0,1.0,0.0,3,0,5,1,0.02,0.08,100,78,probabilistic,19,21
5,Cycler DC,2.5681559044529343,0.4779174799146657,8.5,0.0,0.18767109568781248,0.29012125566732466,0.29915586360748636,0.22305178503737647,0.0,0.0,1.0,1.0,3,0,5,1,0.02,0.08,100,78,probabilistic,19,21
6,Win-Stay Lose-Shift,2.496913580246914,0.7507615737761187,1.0,1.0,0.597056898219646,0.15099246290331272,0.12253962349732195,0.12941101537971933,1.0,0.0,0.0,1.0,3,0,5,1,0.02,0.08,100,78,probabilistic,19,21
7,"DoubleCrosser: (D, D)",2.494322999637757,0.7424580760979027,2.0,1.0,0.6296297722476716,0.11445623143846236,0.1548564235658187,0.10105757274804744,1.0,0.8231497421788636,0.0603448275862069,0.0,3,0,5,1,0.02,0.08,100,78,probabilistic,19,21
8,Tit For Tat,2.4919472109831586,0.7676086768645752,0.0,1.0,0.5826272757462885,0.16891218741029393,0.14465360651595127,0.10380693032746639,1.0,0.0,1.0,0.0,3,0,5,1,0.02,0.08,100,78,probabilistic,19,21
9,Soft Joss: 0.9,2.4861776340943007,0.7816148733608766,0.0,1.0,0.6102844626501615,0.1703005006693797,0.12520902376875306,0.09420601291170581,1.0,0.10106769692740908,1.0,0.09825964669137077,3,0,5,1,0.02,0.08,100,78,probabilistic,19,21
10,Win-Shift Lose-Stay: D,2.4767093084029366,0.5291198746408984,8.0,0.0,0.21215520814011332,0.32218451700748557,0.2592547570878694,0.2064055177645318,0.0,1.0,1.0,0.0,3,0,5,1,0.02,0.08,100,78,probabilistic,19,21
11,Bully,2.469673522899114,0.4995488586122891,9.0,0.0,0.16855077986916472,0.3296129740259938,0.2885963991734088,0.21323984693143275,0.0,1.0,0.0,1.0,3,0,5,1,0.02,0.08,100,78,probabilistic,19,21
12,Random: 0.5,2.441315122387415,0.49799608537608353,8.0,0.485,0.2460505378737512,0.25212197891855626,0.25316850649891065,0.24865897670878198,0.5006258861285727,0.4972682885917224,0.4922043235785979,0.5118701204586589,3,0,5,1,0.02,0.08,100,78,probabilistic,19,21
13,Meta Mixer: 18 players,2.4227772228850384,0.5246169190316439,7.0,0.6794444444444444,0.3023829134196826,0.22118978170152956,0.23460410115803343,0.24182320372075447,0.6144043753919359,0.41031146172606164,0.5887199888150075,0.38758889723837386,3,0,5,1,0.02,0.08,100,78,probabilistic,19,21
14,GTFT: 0.33,2.4043676159651017,0.8360361150070126,0.0,1.0,0.6479567717873481,0.18892655679265433,0.08577721709347437,0.07733945432652331,1.0,0.33219010298902635,1.0,0.34185428958077047,3,0,5,1,0.02,0.08,100,78,probabilistic,19,21
15,Alternator,2.372646160656572,0.5205857479859349,5.0,1.0,0.22562649700412182,0.2951427158230831,0.2708845620838731,0.20834622508892195,0.0,0.0,1.0,1.0,3,0,5,1,0.02,0.08,100,78,probabilistic,19,21
16,Tit For 2 Tats,2.3039918213831254,0.8916379994707595,0.0,1.0,0.7052391791715155,0.18516736741756182,0.029898130513083116,0.07969532289783969,1.0,0.7743646082552951,1.0,0.0,3,0,5,1,0.02,0.08,100,78,probabilistic,19,21
17,Anti Tit For Tat,2.0967859220052203,0.6115880792915899,6.0,1.0,0.22153897029702513,0.38325156750583667,0.21000604322398916,0.1852034189731491,0.0,1.0,0.0,1.0,3,0,5,1,0.02,0.08,100,78,probabilistic,19,21
18,Cooperator,2.095037142747314,1.0,0.0,1.0,0.7035169478709254,0.2964830521290745,0.0,0.0,1.0,1.0,0.0,0.0,3,0,5,1,0.02,0.08,100,78,probabilistic,19,21
0,Evolved FSM 16,3.048916361416362,0.5736891828058573,6.0,1.0,0.48326581339620023,0.09639179145934511,0.3049041238322819,0.11543827131217282,0.8822990183235905,0.4849985165405726,0.3033780960563644,0.27351330422235753,3,0,5,1,0.05,0.03,16,24,probabilistic,16,22
1,Grudger,3.046661421080926,0.42750408592108335,8.0,1.0,0.4224931158517497,0.031220442396665993,0.31901943985392633,0.22726700189765806,1.0,0.0,0.0,0.0,3,0,5,1,0.05,0.03,16,24,probabilistic,16,22
2,Evolved HMM 5,3.0089652830829303,0.5983564458140729,6.0,1.0,0.5255411033317865,0.06829092503035909,0.2846237386248081,0.12154423301304614,1.0,0.4357590173529453,0.0,0.17434583412053653,3,0,5,1,0.05,0.03,16,24,probabilistic,16,22
3,Tit For Tat,2.5891344766344764,0.7173038229376257,0.0,1.0,0.5086457840311429,0.2072459337959618,0.19166154752827597,0.09244673464461936,1.0,0.0,1.0,0.0,3,0,5,1,0.05,0.03,16,24,probabilistic,16,22
4,Soft Joss: 0.9,2.553589743589743,0.7639251007347713,0.0,1.0,0.5527623686788884,0.20680336591728077,0.16053679922500483,0.07989746617882594,1.0,0.1002644686591434,1.0,0.13242391856560476,3,0,5,1,0.05,0.03,16,24,probabilistic,16,22
5,Win-Stay Lose-Shift,2.4975108225108222,0.6907863000482393,1.0,1.0,0.5396027296493453,0.16109947622313883,0.15087737149687522,0.14842042263064076,1.0,0.0,0.0,1.0,3,0,5,1,0.05,0.03,16,24,probabilistic,16,22
6,Meta Winner: 14 players,2.4464010989010987,0.3585735222276502,9.0,1.0,0.17747745334140186,0.18502517661013337,0.3221787094435085,0.3153186606049562,0.5907015098055305,0.7022972867797052,0.12336105955821355,0.2866839103966084,3,0,5,1,0.05,0.03,16,24,probabilistic,16,22
7,GTFT: 0.33,2.44138957447781,0.8121875743870507,0.0,1.0,0.597542022171444,0.2163451003864182,0.10871486256524436,0.07739801487689335,1.0,0.32498612461838605,1.0,0.32665076919314207,3,0,5,1,0.05,0.03,16,24,probabilistic,16,22
8,Suspicious Tit For Tat,2.3815079365079366,0.4682848637508587,6.0,0.0,0.2256656007691638,0.241451062519634,0.26514258498858195,0.26774075172262035,1.0,0.0,1.0,0.0,3,0,5,1,0.05,0.03,16,24,probabilistic,16,22
9,Meta Mixer: 14 players,2.3156620375556303,0.4686814525956617,7.0,0.7458333333333333,0.23875818655509912,0.23308752200354954,0.25105815851094265,0.27709613293040875,0.5801741660695687,0.3887478697795854,0.5149528787232526,0.35308745296441235,3,0,5,1,0.05,0.03,16,24,probabilistic,16,22
10,Random: 0.5,2.1862140881993826,0.5072498217256952,5.0,0.4875,0.22978414836178107,0.2776390009925879,0.2266577258033175,0.2659191248423134,0.5078126776494937,0.493188776298652,0.5114329092847385,0.5210826439439268,3,0,5,1,0.05,0.03,16,24,probabilistic,16,22
11,Cycler DC,2.166283154410089,0.49269717624148,4.0,0.0,0.1580438777500044,0.33456625686008834,0.2636637527115798,0.24372611267832756,0.0,0.0,1.0,1.0,3,0,5,1,0.05,0.03,16,24,probabilistic,16,22
12,Bully,2.159920634920635,0.5377821393523062,6.0,0.0,0.20153193732144853,0.33671172517491216,0.2312144220465876,0.23054191545705172,0.0,1.0,0.0,1.0,3,0,5,1,0.05,0.03,16,24,probabilistic,16,22
13,Alternator,2.137811686158873,0.5069812229176697,4.0,1.0,0.18349160204079865,0.32410337189045374,0.2605190371064375,0.2318859889623101,0.0,0.0,1.0,1.0,3,0,5,1,0.05,0.03,16,24,probabilistic,16,22
14,Win-Shift Lose-Stay: D,1.9501346801346804,0.60078959591268,6.0,0.0,0.1893649204582218,0.4085177901598216,0.22117328994107585,0.18094399944088074,0.0,1.0,1.0,0.0,3,0,5,1,0.05,0.03,16,24,probabilistic,16,22
15,Anti Tit For Tat,1.7703879797533046,0.6376811594202898,4.0,1.0,0.23773565808287234,0.3905260210327341,0.1570793987746363,0.21465892210975734,0.0,1.0,0.0,1.0,3,0,5,1,0.05,0.03,16,24,probabilistic,16,22
0,Grudger,3.0624338624338625,0.6553243202187452,2.0,1.0,0.6793823796548591,0.021419706867908738,0.21189617302152133,0.08730174045571071,1.0,0.0,0.0,0.0,3,0,5,1,0.05,0.08,84,142,probabilistic,7,23
1,"DoubleCrosser: (D, D)",2.775925925925926,0.80078125,1.0,1.0,0.7156695156695156,0.09138176638176639,0.1455982905982906,0.04735042735042735,1.0,0.7974489795918367,0.0,0.0,3,0,5,1,0.05,0.08,84,142,probabilistic,7,23
2,Cycler DC,2.754297852993626,0.4777887462981244,4.0,0.0,0.23823383834137768,0.2388401525497443,0.296150186737586,0.22677582237129204,0.0,0.0,1.0,1.0,3,0,5,1,0.05,0.08,84,142,probabilistic,7,23
3,Soft Joss: 0.9,2.718275814020495,0.855506904681711,0.0,1.0,0.7218098958333333,0.13401692708333332,0.10494791666666665,0.039225260416666664,1.0,0.08931224004753416,1.0,0.11504424778761062,3,0,5,1,0.05,0.08,84,142,probabilistic,7,23
4,Win-Stay Lose-Shift,2.59927637119923,0.8718794159208667,0.0,1.0,0.7621039711237018,0.10289775297604924,0.04390681003584229,0.09109146586440668,1.0,0.0,0.0,1.0,3,0,5,1,0.05,0.08,84,142,probabilistic,7,23
5,Tit For 2 Tats,2.511904761904762,0.9401669028499449,0.0,1.0,0.783426113415956,0.1576043024747951,0.027622594661700806,0.03134698944754811,1.0,0.7589498806682577,1.0,0.0,3,0,5,1,0.05,0.08,84,142,probabilistic,7,23
6,Anti Tit For Tat,2.325042170342682,0.562854080538968,3.0,1.0,0.25214637554840813,0.30873707461114813,0.22477571122313758,0.21434083861730613,0.0,1.0,0.0,1.0,3,0,5,1,0.05,0.08,84,142,probabilistic,7,23
0,"DoubleCrosser: (D, D)",3.022633744855967,0.7016460905349794,3.0,1.0,0.6748971193415638,0.026748971193415638,0.17489711934156377,0.1234567901234568,1.0,0.8125,0.0,0.0,3,0,5,1,0.1,0.0,55,54,probabilistic,10,24
1,Evolved FSM 16,2.9382716049382713,0.7037037037037037,2.0,1.0,0.6008230452674898,0.102880658436214,0.2098765432098765,0.08641975308641975,1.0,0.6419753086419753,0.5208333333333334,0.4575,3,0,5,1,0.1,0.0,55,54,probabilistic,10,24
2,Grudger,2.8189300411522633,0.5679012345679012,3.0,1.0,0.5596707818930041,0.008230452674897118,0.17695473251028807,0.2551440329218107,1.0,0.0,0.0,0.0,3,0,5,1,0.1,0.0,55,54,probabilistic,10,24
3,Soft Joss: 0.9,2.6152263374485596,0.7973438084549196,0.0,1.0,0.6732510288065844,0.12409277964833519,0.09760568649457538,0.10505050505050505,1.0,0.10540447899623553,1.0,0.10046281961662906,3,0,5,1,0.1,0.0,55,54,probabilistic,10,24
4,Tit For 2 Tats,2.5020576131687244,0.8744855967078189,0.0,1.0,0.7510288065843622,0.1234567901234568,0.0308641975308642,0.09465020576131687,1.0,0.75,1.0,0.0,3,0,5,1,0.1,0.0,55,54,probabilistic,10,24
5,Meta Winner: 9 players,2.4814814814814814,0.1271604938271605,6.0,1.0,0.04736251402918069,0.0797979797979798,0.36748971193415636,0.5053497942386831,0.5258454106280194,0.733485060690943,0.04511688993958498,0.06293930068648776,3,0,5,1,0.1,0.0,55,54,probabilistic,10,24
6,Suspicious Tit For Tat,2.4156378600823043,0.6063598952487841,7.0,0.0,0.4677515899738122,0.13860830527497192,0.15289936401047513,0.24074074074074073,1.0,0.0,1.0,0.0,3,0,5,1,0.1,0.0,55,54,probabilistic,10,24
7,Cooperator,2.17283950617284,1.0,0.0,1.0,0.7242798353909465,0.27572016460905346,0.0,0.0,1.0,1.0,0.0,0.0,3,0,5,1,0.1,0.0,55,54,probabilistic,10,24
8,Cycler DC,2.0185185185185186,0.5,3.0,0.0,0.18466142910587355,0.3153385708941265,0.24074074074074078,0.2592592592592593,0.0,0.0,1.0,1.0,3,0,5,1,0.1,0.0,55,54,probabilistic,10,24
9,Bully,1.7098765432098766,0.6216984661429106,3.0,0.0,0.13191170968948746,0.48978675645342307,0.23333333333333334,0.14496820052375609,0.0,1.0,0.0,1.0,3,0,5,1,0.1,0.0,55,54,probabilistic,10,24
0,Evolved FSM 16,2.9018783068783067,0.7630331753554502,2.0,1.0,0.6802320530644832,0.07859839891249547,0.18223558017064745,0.058933967852373925,1.0,0.44551282051282054,0.07407407407407407,0.5331010452961672,3,0,5,1,0.0,0.07,52,106,probabilistic,10,25
1,Evolved HMM 5,2.8953197902473264,0.7338756536897153,2.0,1.0,0.6797234906139016,0.06379855121483738,0.18034627092846273,0.07613168724279837,1.0,0.4334786740455028,0.0,0.21298701298701297,3,0,5,1,0.0,0.07,52,106,probabilistic,10,25
2,Defector,2.8070234703568038,0.0,8.0,0.0,0.0,0.0,0.3864568856271143,0.6135431143728858,0.0,0.0,0.0,0.0,3,0,5,1,0.0,0.07,52,106,probabilistic,10,25
3,Win-Shift Lose-Stay: D,2.659067660734327,0.5829678879615221,5.0,0.0,0.24512750670172945,0.3244951758092275,0.2853990058440648,0.14497831164497832,0.0,1.0,1.0,0.0,3,0,5,1,0.0,0.07,52,106,probabilistic,10,25
4,Tit For Tat,2.6294373219373215,0.7740154047376835,0.0,1.0,0.7311475830893307,0.07405092224819297,0.06266887553295321,0.13213261912952315,1.0,0.0,1.0,0.0,3,0,5,1,0.0,0.07,52,106,probabilistic,10,25
5,"DoubleCrosser: (D, D)",2.6002164502164504,0.7622818791946309,1.0,1.0,0.6911945975336796,0.07383061229921777,0.1438509267177668,0.0911238634493358,1.0,0.7779982057048004,0.0,0.0,3,0,5,1,0.0,0.07,52,106,probabilistic,10,25
6,Soft Joss: 0.9,2.5877489884842824,0.8377756731159518,0.0,1.0,0.7340921064262353,0.0896448741187439,0.05646176964554053,0.11980124980948026,1.0,0.08833423400897449,1.0,0.08965848965848966,3,0,5,1,0.0,0.07,52,106,probabilistic,10,25
7,Tit For 2 Tats,2.427960927960928,0.8678304239401496,0.0,1.0,0.7466529734396047,0.1178857196995801,0.019070133963750985,0.11639117289706423,1.0,0.679830016583748,1.0,0.0,3,0,5,1,0.0,0.07,52,106,probabilistic,10,25
8,Cooperator,2.1792857142857143,1.0,0.0,1.0,0.7250482958767122,0.2749517041232878,0.0,0.0,1.0,1.0,0.0,0.0,3,0,5,1,0.0,0.07,52,106,probabilistic,10,25
9,Anti Tit For Tat,2.1305740720027444,0.5928267143053456,3.0,1.0,0.1507046677499588,0.4712895323010453,0.25205604229632744,0.12594975765266833,0.0,1.0,0.0,1.0,3,0,5,1,0.0,0.07,52,106,probabilistic,10,25
0,Suspicious Tit For Tat,3.162337662337662,0.8797763280521901,2.0,0.0,0.8070946090376641,0.061946902654867256,0.1309584883074687,0.0,1.0,0.0,1.0,0,3,0,5,1,0.03,0.08,39,58,probabilistic,3,26
1,Tit For 2 Tats,2.85,1.0,0.0,1.0,0.9685990338164252,0.03140096618357488,0.0,0.0,1.0,1.0,0.0,0,3,0,5,1,0.03,0.08,39,58,probabilistic,3,26
2,GTFT: 0.33,2.7727272727272725,0.9376391982182628,0.0,1.0,0.838495575221239,0.09955752212389381,0.061946902654867256,0.0,1.0,0.3411764705882353,1.0,0,3,0,5,1,0.03,0.08,39,58,probabilistic,3,26
0,Evolved HMM 5,2.846699734719821,0.6294665115506066,6.0,1.0,0.5750076354286903,0.056477536286336276,0.19609115960214435,0.17242366868282905,0.9981927590211863,0.4875501199505551,0.013626266544005693,0.1907451497549848,3,0,5,1,0.03,0.01,45,90,probabilistic,19,27
1,"DoubleCrosser: (D, D)",2.8314315480866163,0.617187821013272,5.0,1.0,0.5769500686962762,0.03143131822641585,0.19113078194686145,0.20048783113044655,1.0,0.7821261653299664,0.021546261089987327,0.0,3,0,5,1,0.03,0.01,45,90,probabilistic,19,27
2,Grudger,2.8188779477853476,0.5281639552081132,6.0,1.0,0.5068258073526413,0.008726802250718972,0.2101867033490212,0.27426068704761863,1.0,0.0,0.0,0.0,3,0,5,1,0.03,0.01,45,90,probabilistic,19,27
3,Evolved FSM 16,2.7910213243546576,0.6375199052713242,6.0,1.0,0.5341955726670301,0.10144354033658014,0.21788636640822842,0.14647452058816135,0.8993522936047746,0.5159364499974972,0.21417487580974293,0.31877942385126823,3,0,5,1,0.03,0.01,45,90,probabilistic,19,27
4,Defector,2.599387314757767,0.0,17.0,0.0,0.0,0.0,0.3883304352378014,0.6116695647621986,0.0,0.0,0.0,0.0,3,0,5,1,0.03,0.01,45,90,probabilistic,19,27
5,Meta Winner: 17 players,2.5234761684146148,0.050644204236602416,15.0,1.0,0.031271325963827236,0.019514175018238752,0.3684722661010349,0.5807422329168992,0.5221525085458207,0.3712479157766432,0.014505998346169953,0.021441430878221278,3,0,5,1,0.03,0.01,45,90,probabilistic,19,27
6,Tit For Tat,2.5162503936697487,0.7068588532489863,0.0,1.0,0.5573738341494061,0.14202596170003728,0.13651336570528172,0.16408683844527502,1.0,0.0,1.0,0.0,3,0,5,1,0.03,0.01,45,90,probabilistic,19,27
7,Soft Joss: 0.9,2.4898293391430646,0.7414186257693471,0.0,1.0,0.6071680979618002,0.13778998628184808,0.10512883798454473,0.14991307777180699,1.0,0.09879940117903763,1.0,0.09593473358405193,3,0,5,1,0.03,0.01,45,90,probabilistic,19,27
8,GTFT: 0.33,2.4023432941568728,0.8085850024068144,0.0,1.0,0.6379451851133301,0.17443888413912503,0.07331135320326315,0.11430457754428175,1.0,0.33500144347363886,1.0,0.3356148595984536,3,0,5,1,0.03,0.01,45,90,probabilistic,19,27
9,Suspicious Tit For Tat,2.382244137055518,0.5772429513111691,10.0,0.0,0.38124398129479337,0.18510231314705175,0.1945429030315467,0.23911080252660824,1.0,0.0,1.0,0.0,3,0,5,1,0.03,0.01,45,90,probabilistic,19,27
10,Tit For 2 Tats,2.3578054668817723,0.8277734840097759,0.0,1.0,0.680132959429497,0.14634884414553606,0.035089636707633605,0.13842855971733325,1.0,0.7079165926691995,1.0,0.0,3,0,5,1,0.03,0.01,45,90,probabilistic,19,27
11,Win-Stay Lose-Shift,2.313114456935568,0.7643660883009792,0.0,1.0,0.5960464418825993,0.1680669225386145,0.07175324757489601,0.16413338800389018,1.0,0.0,0.0,1.0,3,0,5,1,0.03,0.01,45,90,probabilistic,19,27
12,Meta Mixer: 17 players,2.132006391153901,0.4645052305938861,9.0,0.7271604938271605,0.2260701550432928,0.23728597513539304,0.20973617165372266,0.32690769816759135,0.5941849535115489,0.3731679289054415,0.5620290470942095,0.37994258411651044,3,0,5,1,0.03,0.01,45,90,probabilistic,19,27
13,Cycler DC,2.076723573325653,0.49736098412434543,7.0,0.0,0.16701587803879936,0.33033258110419406,0.24797521354276275,0.2546763273142437,0.0,0.0,1.0,1.0,3,0,5,1,0.03,0.01,45,90,probabilistic,19,27
14,Cooperator,2.0554546580412043,1.0,0.0,1.0,0.6817056069651924,0.3182943930348075,0.0,0.0,1.0,1.0,0.0,0.0,3,0,5,1,0.03,0.01,45,90,probabilistic,19,27
15,Alternator,2.0484459020282935,0.5025283129257386,6.0,1.0,0.17534569568224356,0.3272018202924911,0.24489267067267514,0.25255981335259015,0.0,0.0,1.0,1.0,3,0,5,1,0.03,0.01,45,90,probabilistic,19,27
16,Random: 0.5,2.030774192875002,0.5006660283894601,7.0,0.5148148148148148,0.2096079652332011,0.29101762951889815,0.20861602811541877,0.2907583771324819,0.5063811145620261,0.49674742101093583,0.4859835255467763,0.505649616414073,3,0,5,1,0.03,0.01,45,90,probabilistic,19,27
17,Bully,2.014443028095537,0.5630159603742433,8.0,0.0,0.16627426064788087,0.405387524438459,0.251651859071207,0.17668635584245315,0.0,1.0,0.0,1.0,3,0,5,1,0.03,0.01,45,90,probabilistic,19,27
18,Anti Tit For Tat,1.7394356393383317,0.6401808648396204,6.0,1.0,0.17635559484166408,0.46185554256034145,0.19143275024704323,0.17035611235095124,0.0,1.0,0.0,1.0,3,0,5,1,0.03,0.01,45,90,probabilistic,19,27
0,Defector,3.035151515151515,0.0,14.0,0.0,0.0,0.0,0.4868453237833462,0.5131546762166538,0.0,0.0,0.0,0.0,3,0,5,1,0.04,0.06,42,12,probabilistic,16,28
1,Grudger,2.749419191919192,0.5476572243007305,5.0,1.0,0.5024202826273613,0.05619658266840823,0.21506463470494303,0.2263184999992875,1.0,0.0,0.0,0.0,3,0,5,1,0.04,0.06,42,12,probabilistic,16,28
2,Suspicious Tit For Tat,2.6712962962962963,0.5011402508551881,8.0,0.0,0.28728105709956026,0.21595434328296667,0.28133800937229547,0.21542659024517755,1.0,0.0,1.0,0.0,3,0,5,1,0.04,0.06,42,12,probabilistic,16,28
3,Evolved FSM 16,2.666150793650794,0.6914191419141914,3.0,1.0,0.5574012289960641,0.1356558083247586,0.18829741695696578,0.11864554572221146,0.9011112542897061,0.4293708688951026,0.5441723122745514,0.33481905579341165,3,0,5,1,0.04,0.06,42,12,probabilistic,16,28
4,Evolved HMM 5,2.6140740740740736,0.7009954751131222,4.0,1.0,0.5863361216490404,0.11372298091273449,0.17051294289235794,0.1294279545458672,1.0,0.5006764592407904,0.0,0.16087454061310272,3,0,5,1,0.04,0.06,42,12,probabilistic,16,28
5,Tit For Tat,2.499206349206349,0.7274250605101471,0.0,1.0,0.5476511125329673,0.17823626214706145,0.14894888982016105,0.12516373549981027,1.0,0.0,1.0,0.0,3,0,5,1,0.04,0.06,42,12,probabilistic,16,28
6,Bully,2.4593193843193846,0.46432393863717447,7.0,0.0,0.154383233955139,0.31651081021876715,0.317235369911061,0.21187058591503274,0.0,1.0,0.0,1.0,3,0,5,1,0.04,0.06,42,12,probabilistic,16,28
7,"DoubleCrosser: (D, D)",2.4123737373737373,0.820628612716763,1.0,1.0,0.6396493363444926,0.18252974229155228,0.09668592975047884,0.0811349916134762,1.0,0.8204585191182857,0.0,0.0,3,0,5,1,0.04,0.06,42,12,probabilistic,16,28
8,Meta Mixer: 15 players,2.380634920634921,0.5343829171190735,6.5,0.7063492063492064,0.31185166377972273,0.2225622575872571,0.23157281501515406,0.23401326361786612,0.5789759483027799,0.41814500235335267,0.5770282071483441,0.3957007487364543,3,0,5,1,0.04,0.06,42,12,probabilistic,16,28
9,Cycler DC,2.355727513227513,0.4849141824751581,6.0,0.0,0.18920960430499328,0.29563955318182816,0.2881675116610806,0.2269833308520979,0.0,0.0,1.0,1.0,3,0,5,1,0.04,0.06,42,12,probabilistic,16,28
10,Random: 0.5,2.340238095238095,0.49502907522040895,6.0,0.5111111111111111,0.2520052269146276,0.24215268613430233,0.2551599882009573,0.25068209875011266,0.5006740764528526,0.4698199627935672,0.49408559564457055,0.4858297648768848,3,0,5,1,0.04,0.06,42,12,probabilistic,16,28
11,GTFT: 0.33,2.334906204906205,0.8180978762696214,0.0,1.0,0.612526610917401,0.20898820058559586,0.09120081869841873,0.08728436979858438,1.0,0.29813572550416617,1.0,0.3599858433894488,3,0,5,1,0.04,0.06,42,12,probabilistic,16,28
12,Alternator,2.326938431938432,0.5172350568390173,4.5,1.0,0.23654034543219946,0.2807783260467386,0.26598477617338295,0.21669655234767896,0.0,0.0,1.0,1.0,3,0,5,1,0.04,0.06,42,12,probabilistic,16,28
13,Win-Stay Lose-Shift,2.279761904761905,0.7620286085825748,0.0,1.0,0.5857197201988414,0.1774371751804378,0.07879189611182762,0.1580512085088932,1.0,0.0,0.0,1.0,3,0,5,1,0.04,0.06,42,12,probabilistic,16,28
14,Cooperator,2.029166666666667,1.0,0.0,1.0,0.6809000972536248,0.31909990274637523,0.0,0.0,1.0,1.0,0.0,0.0,3,0,5,1,0.04,0.06,42,12,probabilistic,16,28
15,Anti Tit For Tat,1.9754377104377103,0.6001074498567335,4.0,1.0,0.21873324738193237,0.38420229984749565,0.2138606081038491,0.18320384466672285,0.0,1.0,0.0,1.0,3,0,5,1,0.04,0.06,42,12,probabilistic,16,28
0,Meta Winner: 7 players,2.5196328890407838,0.16634867636537085,5.0,1.0,0.09940741963577539,0.0667159504720393,0.3466861965500383,0.4871904333421469,0.7375142147866731,0.508931546376996,0.0313588850174216,0.0,3,0,5,1,0.03,0.07,80,33,probabilistic,9,29
1,Cycler DC,2.453953881263664,0.47750061139642946,3.0,0.0,0.17507776141950845,0.30220744125182414,0.28103812321560123,0.24167667411306626,0.0,0.0,1.0,1.0,3,0,5,1,0.03,0.07,80,33,probabilistic,9,29
2,Defector,2.3625757575757573,0.0,7.0,0.0,0.0,0.0,0.2888720052625008,0.7111279947374992,0.0,0.0,0.0,0.0,3,0,5,1,0.03,0.07,80,33,probabilistic,9,29
3,Win-Stay Lose-Shift,2.296153846153846,0.6034110016814797,1.0,1.0,0.36538071949342077,0.23276417474860184,0.20347192294351843,0.19838318281445894,1.0,0.0,0.0,1.0,3,0,5,1,0.03,0.07,80,33,probabilistic,9,29
4,Alternator,2.2468050877158823,0.5206139368138024,2.0,1.0,0.2009393017237683,0.319730817333191,0.24984905308832675,0.22948082785471405,0.0,0.0,1.0,1.0,3,0,5,1,0.03,0.07,80,33,probabilistic,9,29
5,Meta Mixer: 7 players,2.194288585775655,0.45906195715112913,3.0,0.584375,0.24124413847493237,0.21727195462385906,0.21152098682951284,0.3299629200716957,0.5468037235091233,0.3998544766707812,0.562627427260953,0.3718938970868042,3,0,5,1,0.03,0.07,80,33,probabilistic,9,29
6,Win-Shift Lose-Stay: D,2.1602444766255253,0.5533418278698019,3.0,0.0,0.1720441588740853,0.3819134988416771,0.21635400065197344,0.2296883416322642,0.0,1.0,1.0,0.0,3,0,5,1,0.03,0.07,80,33,probabilistic,9,29
7,"DoubleCrosser: (D, D)",2.0664120966752546,0.5699857414448669,1.0,1.0,0.39891954281659786,0.1793592339374081,0.1602894425946507,0.2614317806513435,1.0,0.794133340653424,0.08843537414965986,0.0,3,0,5,1,0.03,0.07,80,33,probabilistic,9,29
8,Tit For 2 Tats,1.8138031978985927,0.7808515756555208,0.0,1.0,0.5174379639740289,0.26830562061783836,0.010186960690316393,0.2040694547178162,1.0,0.7979990995285767,1.0,0.0,3,0,5,1,0.03,0.07,80,33,probabilistic,9,29
0,Grudger,2.6586176746164103,0.36180371352785146,5.0,1.0,0.3512768285463665,0.026225037866307335,0.2649109069369178,0.3575872266504084,1.0,0.0,0.0,0.0,3,0,5,1,0.03,0.04,84,156,probabilistic,13,30
1,Defector,2.639267685189756,0.0,11.0,0.0,0.0,0.0,0.3839958797680887,0.6160041202319114,0.0,0.0,0.0,0.0,3,0,5,1,0.03,0.04,84,156,probabilistic,13,30
2,Evolved FSM 16,2.632861587395901,0.558220707009213,3.0,1.0,0.4001209261238193,0.15387945804856978,0.26863941031082933,0.17736020551678147,0.9077940236497284,0.48922704706140446,0.30149484557320577,0.3396958105745327,3,0,5,1,0.03,0.04,84,156,probabilistic,13,30
3,Suspicious Tit For Tat,2.3519479102970875,0.48437074234107985,6.0,0.0,0.30780509020248975,0.17311315620604315,0.1928183539731291,0.32626339961833806,1.0,0.0,1.0,0.0,3,0,5,1,0.03,0.04,84,156,probabilistic,13,30
4,Meta Winner: 11 players,2.3283181726970428,0.11486301637550318,7.0,1.0,0.06457685620422338,0.0524531294378621,0.3373361492149793,0.5456338651429352,0.5467484487925012,0.3771580830097448,0.021444514627974032,0.03527848883228584,3,0,5,1,0.03,0.04,84,156,probabilistic,13,30
5,Soft Joss: 0.9,2.257440805327424,0.665988997847405,0.0,1.0,0.48075319300758484,0.1801249680080048,0.1255424572287773,0.2135793817556331,1.0,0.10243281305183345,1.0,0.10184868896571823,3,0,5,1,0.03,0.04,84,156,probabilistic,13,30
6,Cycler DC,2.1633320417746775,0.48927313480627604,5.0,0.0,0.18819457874822662,0.30098895836614686,0.22611227098834633,0.28470419189728013,0.0,0.0,1.0,1.0,3,0,5,1,0.03,0.04,84,156,probabilistic,13,30
7,GTFT: 0.33,2.1522615285311932,0.74494112267063,0.0,1.0,0.5215371150429062,0.22754346971267328,0.0856783896723368,0.16524102557208362,1.0,0.33517956367712226,1.0,0.3361823429751103,3,0,5,1,0.03,0.04,84,156,probabilistic,13,30
8,Tit For 2 Tats,2.0955916833717327,0.7625198277815545,0.0,1.0,0.5615118717048524,0.19648580510822922,0.05315139109695662,0.18885093208996176,1.0,0.6772319283410309,1.0,0.0,3,0,5,1,0.03,0.04,84,156,probabilistic,13,30
9,Bully,2.0693317914207903,0.561597671657795,5.0,0.0,0.15695280999068276,0.41383480536321793,0.24859761846069697,0.18061476618540237,0.0,1.0,0.0,1.0,3,0,5,1,0.03,0.04,84,156,probabilistic,13,30
10,Meta Mixer: 11 players,2.0658946421773243,0.43913791754674175,5.0,0.6180555555555556,0.1952294437594521,0.2427743694573257,0.2201169605223446,0.34187922626087763,0.5279665251007376,0.3753316658715499,0.5105799052428363,0.385815668762935,3,0,5,1,0.03,0.04,84,156,probabilistic,13,30
11,Random: 0.5,2.0128884052909246,0.5015609162781269,5.0,0.49007936507936506,0.2023920854291731,0.29941976857520275,0.20407857260927897,0.2941095733863453,0.5145968963561406,0.49236895649976004,0.48248445237914744,0.5075237955291368,3,0,5,1,0.03,0.04,84,156,probabilistic,13,30
12,Anti Tit For Tat,1.6389818016043505,0.6762874251497006,4.0,1.0,0.1770313289491109,0.5017077135126693,0.15757227887957037,0.16368867865864956,0.0,1.0,0.0,1.0,3,0,5,1,0.03,0.04,84,156,probabilistic,13,30
0,Cycler DC,2.9695842403432535,0.47423414865827596,7.0,0.0,0.19107538556814288,0.28269909906111473,0.39468006856938165,0.13154544680136068,0.0,0.0,1.0,1.0,3,0,5,1,0.01,0.1,40,173,probabilistic,12,31
1,Suspicious Tit For Tat,2.843790048335503,0.5587072773773542,7.0,0.0,0.2800645566704282,0.2699127736757666,0.33074463789705383,0.11927803175675146,1.0,0.0,1.0,0.0,3,0,5,1,0.01,0.1,40,173,probabilistic,12,31
2,Random: 0.5,2.7760044514231117,0.5023861171366595,6.0,0.4590909090909091,0.2807310510130521,0.22356473359835888,0.28884672837928355,0.20685748700930542,0.5002600700453926,0.5195025059032296,0.5061842180442477,0.5202806080788911,3,0,5,1,0.01,0.1,40,173,probabilistic,12,31
3,Anti Tit For Tat,2.6510273542882237,0.46779918864097364,5.0,1.0,0.30078557480233686,0.17112668526032931,0.294634350761351,0.23345338917598274,0.0,1.0,0.0,1.0,3,0,5,1,0.01,0.1,40,173,probabilistic,12,31
4,Alternator,2.623505072368709,0.5254825417479939,4.0,1.0,0.2301416087674095,0.29607241875833645,0.3561876012440491,0.11759837123020501,0.0,0.0,1.0,1.0,3,0,5,1,0.01,0.1,40,173,probabilistic,12,31
5,Tit For Tat,2.5643780203882507,0.7312,0.0,1.0,0.5022634795624888,0.22579682705252646,0.19523115404074282,0.07670853934424188,1.0,0.0,1.0,0.0,3,0,5,1,0.01,0.1,40,173,probabilistic,12,31
6,Meta Mixer: 10 players,2.563233794235991,0.6246474289433717,4.0,0.7454545454545455,0.401659860659638,0.22288697462551316,0.22972150754028978,0.145731657174559,0.7023251790247823,0.42102914604768243,0.7088567516971129,0.4397107043323394,3,0,5,1,0.01,0.1,40,173,probabilistic,12,31
7,Soft Joss: 0.9,2.5370286130981317,0.7676639083386378,0.0,1.0,0.5429216940749236,0.2237031041321913,0.16804511662657287,0.06533008516631215,1.0,0.09384378162601938,1.0,0.12199027340350121,3,0,5,1,0.01,0.1,40,173,probabilistic,12,31
8,Meta Winner: 10 players,2.4863105163045356,0.5779129620963969,3.0,1.0,0.3411595320160606,0.238220913368596,0.27495910706661775,0.14566044754872565,0.7335284569719004,0.5887739157262559,0.28339303050427755,0.5656246313355322,3,0,5,1,0.01,0.1,40,173,probabilistic,12,31
9,"DoubleCrosser: (D, D)",2.4312215296665056,0.776334435521965,1.0,1.0,0.620130249188016,0.15818917170018268,0.14172584637809837,0.07995473273370281,1.0,0.8478098122727059,0.03125,0.0,3,0,5,1,0.01,0.1,40,173,probabilistic,12,31
10,Win-Stay Lose-Shift,2.3905844155844154,0.726828184040898,0.0,1.0,0.5484082923492265,0.17743598197627042,0.12234107422708389,0.1518146514474192,1.0,0.0,0.0,1.0,3,0,5,1,0.01,0.1,40,173,probabilistic,12,31
11,Cooperator,2.2099021522149864,1.0,0.0,1.0,0.6924914904786612,0.30750850952133874,0.0,0.0,1.0,1.0,0.0,0.0,3,0,5,1,0.01,0.1,40,173,probabilistic,12,31
0,Grudger,2.627956989247312,0.6955139526669022,1.0,1.0,0.6740659873847646,0.014223009845994785,0.07775351770984958,0.23395748505939087,1.0,0.0,0.0,0.0,3,0,5,1,0.07,0.04,61,63,probabilistic,7,32
1,Tit For Tat,2.570767195767196,0.7548879351454458,0.0,1.0,0.6743512219702695,0.08754671902431006,0.0782312925170068,0.15987076648841356,1.0,0.0,1.0,0.0,3,0,5,1,0.07,0.04,61,63,probabilistic,7,32
2,Alternator,2.5320751314626087,0.5123790373256253,3.0,1.0,0.21209585605331813,0.30030036575594604,0.27507638869669526,0.21252738949404057,0.0,0.0,1.0,1.0,3,0,5,1,0.07,0.04,61,63,probabilistic,7,32
3,"DoubleCrosser: (D, D)",2.4857142857142858,0.7508445945945946,0.0,1.0,0.6930654058313633,0.051979055037159015,0.05923299185710534,0.19572254727437235,1.0,0.7754802259887006,0.0,0.0,3,0,5,1,0.07,0.04,61,63,probabilistic,7,32
4,Defector,2.4155674390968507,0.0,6.0,0.0,0.0,0.0,0.31087221446973307,0.689127785530267,0.0,0.0,0.0,0.0,3,0,5,1,0.07,0.04,61,63,probabilistic,7,32
5,Tit For 2 Tats,2.399090157154673,0.8792235801581596,0.0,1.0,0.7518664909969258,0.09919733879030827,0.0,0.14893617021276595,1.0,0.7565217391304349,0.0,0.0,3,0,5,1,0.07,0.04,61,63,probabilistic,7,32
6,Cooperator,2.253968253968254,1.0,0.0,1.0,0.7520800832033281,0.24791991679667189,0.0,0.0,1.0,1.0,0.0,0.0,3,0,5,1,0.07,0.04,61,63,probabilistic,7,32
0,Evolved HMM 5,2.9240328532728883,0.7052660300136425,4.0,1.0,0.6495888888163815,0.05551676933049612,0.17863983585733764,0.11625450599578471,0.9982375915058977,0.5357350359271698,0.01367307156780841,0.1860607110222121,3,0,5,1,0.05,0.01,41,32,probabilistic,17,33
1,Evolved FSM 16,2.916015625,0.6970351568828644,5.0,1.0,0.6116394090289082,0.08832159949648613,0.2004783322956107,0.09956065917899491,0.9414717466441603,0.5110172808250415,0.3027844360978302,0.31266115890336604,3,0,5,1,0.05,0.01,41,32,probabilistic,17,33
2,Grudger,2.895167410714286,0.5859362043230693,5.0,1.0,0.5704684744217668,0.015815428241928386,0.20141463762086487,0.21230145971543993,1.0,0.0,0.0,0.0,3,0,5,1,0.05,0.01,41,32,probabilistic,17,33
3,"DoubleCrosser: (D, D)",2.8701822916666666,0.728107502799552,4.0,1.0,0.67384845228932,0.056558750660130476,0.15274406910497373,0.11684872794557581,1.0,0.791407393916778,0.08609271523178808,0.0,3,0,5,1,0.05,0.01,41,32,probabilistic,17,33
4,Tit For Tat,2.638671875,0.7669201728948952,0.0,1.0,0.6322775238405566,0.1334173148854154,0.12762108914427675,0.10668407212975117,1.0,0.0,1.0,0.0,3,0,5,1,0.05,0.01,41,32,probabilistic,17,33
5,Win-Stay Lose-Shift,2.6310096153846154,0.7494058475653568,1.0,1.0,0.6299380636730683,0.1260839483475686,0.12500880691898197,0.11896918106038118,1.0,0.0,0.0,1.0,3,0,5,1,0.05,0.01,41,32,probabilistic,17,33
6,Soft Joss: 0.9,2.6030084855912063,0.8028987141890368,0.0,1.0,0.669143288326117,0.13065545356452146,0.10102216467164798,0.09917909343771353,1.0,0.10693717606788644,1.0,0.10257663963021106,3,0,5,1,0.05,0.01,41,32,probabilistic,17,33
7,GTFT: 0.33,2.537326388888889,0.851288249189694,0.0,1.0,0.7038506365775492,0.15119977465381496,0.07063503288661183,0.07431455588202392,1.0,0.340264243422893,1.0,0.32434403791088856,3,0,5,1,0.05,0.01,41,32,probabilistic,17,33
8,Tit For 2 Tats,2.4539988580659537,0.898024649670775,0.0,1.0,0.7593019117499539,0.13893593967783296,0.02219205327612407,0.07957009529608904,1.0,0.7857419671517053,1.0,0.0,3,0,5,1,0.05,0.01,41,32,probabilistic,17,33
9,Defector,2.4015625,0.0,14.0,0.0,0.0,0.0,0.34682768700365346,0.6531723129963466,0.0,0.0,0.0,0.0,3,0,5,1,0.05,0.01,41,32,probabilistic,17,33
10,Suspicious Tit For Tat,2.3670251623376624,0.5555001108893325,7.0,0.0,0.3825298886412708,0.17148527059409177,0.18904778349278875,0.2569370572718486,1.0,0.0,1.0,0.0,3,0,5,1,0.05,0.01,41,32,probabilistic,17,33
11,Cooperator,2.298984375,1.0,0.0,1.0,0.7659687832289395,0.23403121677106054,0.0,0.0,1.0,1.0,0.0,0.0,3,0,5,1,0.05,0.01,41,32,probabilistic,17,33
12,Meta Mixer: 16 players,2.263407816142191,0.5047561444988178,8.0,0.6676829268292683,0.29408944950443716,0.21183492995783934,0.215055246633637,0.2790203739040865,0.640580467943511,0.3580863455823838,0.6229594171950132,0.35694878147589454,3,0,5,1,0.05,0.01,41,32,probabilistic,17,33
13,Random: 0.5,2.1627604166666665,0.4940351264774108,7.0,0.4893292682926829,0.2262731709772563,0.2676890166813496,0.23679493640934882,0.2692428759320453,0.48818453671306133,0.4931044289530689,0.4862603925457765,0.5022468830733494,3,0,5,1,0.05,0.01,41,32,probabilistic,17,33
14,Cycler DC,2.1420820932539684,0.49776244136518033,5.0,0.0,0.17905358830552168,0.3186733333367042,0.2686898966909919,0.23358318166678227,0.0,0.0,1.0,1.0,3,0,5,1,0.05,0.01,41,32,probabilistic,17,33
15,Win-Shift Lose-Stay: D,1.94375,0.5898664261962464,6.0,0.0,0.2009545588174266,0.38278082595133783,0.2220537564768864,0.19421085875434915,0.0,1.0,1.0,0.0,3,0,5,1,0.05,0.01,41,32,probabilistic,17,33
16,Bully,1.8604166666666666,0.5771866400474829,6.0,0.0,0.17202556857538376,0.405580464012353,0.23035470767919475,0.19203925973306846,0.0,1.0,0.0,1.0,3,0,5,1,0.05,0.01,41,32,probabilistic,17,33
0,Defector,2.7900366265668906,0.0,16.0,0.0,0.0,0.0,0.3983808292854144,0.6016191707145856,0.0,0.0,0.0,0.0,3,0,5,1,0.08,0.08,45,197,probabilistic,19,34
1,Grudger,2.755737941109458,0.5192866030692659,5.0,1.0,0.47261014272038765,0.04717697991406025,0.24244421646569514,0.2377686608998569,1.0,0.0,0.0,0.0,3,0,5,1,0.08,0.08,45,197,probabilistic,19,34
2,Evolved FSM 16,2.6467530256036,0.6100720826027665,4.0,1.0,0.5157463904901668,0.12023615044879982,0.23057717610516207,0.13344028295587138,0.9231580245576673,0.4352232352697681,0.29314452649508793,0.27282821476213065,3,0,5,1,0.08,0.08,45,197,probabilistic,19,34
3,Suspicious Tit For Tat,2.554168298725982,0.48404145077720206,9.0,0.0,0.2869370211539734,0.19702120618221952,0.24143089576520774,0.27461087689859937,1.0,0.0,1.0,0.0,3,0,5,1,0.08,0.08,45,197,probabilistic,19,34
4,Cycler DC,2.553154561487895,0.4780828756864703,8.0,0.0,0.18808285301975478,0.2890021559712947,0.3018061243389285,0.22110886667002205,0.0,0.0,1.0,1.0,3,0,5,1,0.08,0.08,45,197,probabilistic,19,34
5,Meta Winner: 17 players,2.515871816134164,0.20643957069528698,10.0,1.0,0.12819091217631626,0.08282704984803907,0.36216451081844403,0.4268175271572006,0.5699429555078449,0.4458953043420658,0.026817137270196682,0.06816662328720437,3,0,5,1,0.08,0.08,45,197,probabilistic,19,34
6,Bully,2.4788031413031413,0.4966312780726827,10.0,0.0,0.1702116844258711,0.3218181460451313,0.2937236860636139,0.21424648346538383,0.0,1.0,0.0,1.0,3,0,5,1,0.08,0.08,45,197,probabilistic,19,34
7,Tit For Tat,2.464897198939752,0.7231368728689722,0.0,1.0,0.5394375998017368,0.17521430287384748,0.15018206713384005,0.13516603019057566,1.0,0.0,1.0,0.0,3,0,5,1,0.08,0.08,45,197,probabilistic,19,34
8,Soft Joss: 0.9,2.439058446966993,0.7451169056095449,0.0,1.0,0.5652729704315305,0.17646595230971462,0.12628231429284364,0.13197876296591116,1.0,0.09578418748245479,1.0,0.0849756562926111,3,0,5,1,0.08,0.08,45,197,probabilistic,19,34
9,"DoubleCrosser: (D, D)",2.4364126156599273,0.7077871258070828,2.0,1.0,0.5824768078871838,0.13286989956446785,0.15678525119499676,0.1278680413533516,1.0,0.8194399413817812,0.014388489208633094,0.0,3,0,5,1,0.08,0.08,45,197,probabilistic,19,34
10,Win-Stay Lose-Shift,2.4101747018413686,0.725693730729702,1.0,1.0,0.5535409330026151,0.1742368145071767,0.12361470599550858,0.1486075464946997,1.0,0.0,0.0,1.0,3,0,5,1,0.08,0.08,45,197,probabilistic,19,34
11,Alternator,2.397534076663665,0.5210252302763316,6.0,1.0,0.2324545504157036,0.2888372468661499,0.27197855051477066,0.20672965220337586,0.0,0.0,1.0,1.0,3,0,5,1,0.08,0.08,45,197,probabilistic,19,34
12,Meta Mixer: 17 players,2.3817171416952116,0.5321016637746249,7.0,0.6604938271604939,0.29767858205985975,0.23622695837722832,0.2227328419484662,0.24336161761444558,0.608305665018956,0.4201482306782079,0.6108313233536979,0.43215276441445966,3,0,5,1,0.08,0.08,45,197,probabilistic,19,34
13,Win-Shift Lose-Stay: D,2.3680269950225163,0.5381514540742873,8.0,0.0,0.2127299391937363,0.32323995721890125,0.2575971503836463,0.2064329532037161,0.0,1.0,1.0,0.0,3,0,5,1,0.08,0.08,45,197,probabilistic,19,34
14,GTFT: 0.33,2.355907341032789,0.8107662463627546,0.0,1.0,0.6026508404494475,0.20692748805999467,0.08872487044422502,0.10169680104633275,1.0,0.3210712046558056,1.0,0.3636111789008256,3,0,5,1,0.08,0.08,45,197,probabilistic,19,34
15,Random: 0.5,2.3453496488990835,0.48960448699352094,8.0,0.48518518518518516,0.23932429653056678,0.25088361936934117,0.24302841227660585,0.2667636718234861,0.4956249523928574,0.483541877063506,0.4878195463248442,0.48525354101813756,3,0,5,1,0.08,0.08,45,197,probabilistic,19,34
16,Tit For 2 Tats,2.206332911586535,0.8660092807424594,0.0,1.0,0.6615440498781926,0.2006091468332741,0.03189960567267407,0.10594719761585925,1.0,0.7572892041441419,1.0,0.0,3,0,5,1,0.08,0.08,45,197,probabilistic,19,34
17,Anti Tit For Tat,2.0886123108917225,0.6020047732696897,6.0,1.0,0.21691337325424057,0.38821210040483867,0.2107273178229967,0.18414720851792404,0.0,1.0,0.0,1.0,3,0,5,1,0.08,0.08,45,197,probabilistic,19,34
18,Cooperator,1.9885416666666669,1.0,0.0,1.0,0.6577246482714397,0.34227535172856016,0.0,0.0,1.0,1.0,0.0,0.0,3,0,5,1,0.08,0.08,45,197,probabilistic,19,34
0,Evolved HMM 5,2.935596020140724,0.6046819066292352,7.0,1.0,0.545693582081022,0.05494065513140095,0.2357355270500495,0.16363023573752752,0.9986760549724761,0.4743275108914804,0.016601607085787333,0.18573043183325164,3,0,5,1,0.07,0.01,62,85,probabilistic,20,35
1,Grudger,2.9259620043637593,0.49379239915384054,7.0,1.0,0.48076678674374634,0.009089001123480057,0.25103150940565966,0.25911270272711395,1.0,0.0,0.0,0.0,3,0,5,1,0.07,0.01,62,85,probabilistic,20,35
2,Evolved FSM 16,2.916064248085733,0.5905912364945979,7.0,1.0,0.5081431086810572,0.0978484291152975,0.25617059106591344,0.13783787113773188,0.895706581414327,0.5240474169983096,0.1854655093333121,0.3212526090041012,3,0,5,1,0.07,0.01,62,85,probabilistic,20,35
3,"DoubleCrosser: (D, D)",2.8688177235129046,0.5985762022373965,6.0,1.0,0.5517235847535058,0.035036425979623774,0.22584000265704807,0.1873999866098223,1.0,0.7788801041576094,0.03898635477582846,0.0,3,0,5,1,0.07,0.01,62,85,probabilistic,20,35
4,Meta Winner: 18 players,2.621800901809142,0.052685617061222094,16.0,1.0,0.0319414376738813,0.02093617276042541,0.3907790254017696,0.5563433641639236,0.5507510787456844,0.35581632990651596,0.015077469265335751,0.018375731966049403,3,0,5,1,0.07,0.01,62,85,probabilistic,20,35
5,Tit For Tat,2.5254783429712857,0.696079154194376,0.0,1.0,0.5463233560643999,0.15299990567272648,0.14723330364423864,0.153443434618635,1.0,0.0,1.0,0.0,3,0,5,1,0.07,0.01,62,85,probabilistic,20,35
6,Defector,2.500369941566409,0.0,17.0,0.0,0.0,0.0,0.36469768828314153,0.6353023117168584,0.0,0.0,0.0,0.0,3,0,5,1,0.07,0.01,62,85,probabilistic,20,35
7,Soft Joss: 0.9,2.498468646202196,0.7409504974229894,0.0,1.0,0.5924532956958916,0.14998414859808062,0.11673751672738626,0.14082503897864154,1.0,0.10013662322817043,1.0,0.09941914060449826,3,0,5,1,0.07,0.01,62,85,probabilistic,20,35
8,Win-Stay Lose-Shift,2.447487909308972,0.7227660843382256,1.0,1.0,0.5641531899985648,0.16070759946227792,0.11973598127631684,0.15540322926284036,1.0,0.0,0.0,1.0,3,0,5,1,0.07,0.01,62,85,probabilistic,20,35
9,GTFT: 0.33,2.3830369604727,0.8063838538147419,0.0,1.0,0.622486163819141,0.18531060977341196,0.08180358418649171,0.11039964222095536,1.0,0.33160637892470957,1.0,0.3415152171723454,3,0,5,1,0.07,0.01,62,85,probabilistic,20,35
10,Suspicious Tit For Tat,2.31586008164763,0.5266563449404066,11.0,0.0,0.35964748618633213,0.1747063837633879,0.18479825814086814,0.2808478719094117,1.0,0.0,1.0,0.0,3,0,5,1,0.07,0.01,62,85,probabilistic,20,35
11,Tit For 2 Tats,2.297343849358278,0.8373140258708225,0.0,1.0,0.6701483190846527,0.16694045667377325,0.033391401664947334,0.1295198225766268,1.0,0.7389329277873784,1.0,0.0,3,0,5,1,0.07,0.01,62,85,probabilistic,20,35
12,Meta Mixer: 18 players,2.130982115715778,0.4629879847157448,9.0,0.6731748726655348,0.22442420593660825,0.23700584911610117,0.21616820088189836,0.32240174406539224,0.56819837731404,0.38512112608047866,0.548420966723091,0.3837325705971315,3,0,5,1,0.07,0.01,62,85,probabilistic,20,35
13,Cycler DC,2.0948216507182957,0.49355781057810577,8.0,0.0,0.1711933760512804,0.32233891502706724,0.24947285489385082,0.25699485402780153,0.0,0.0,1.0,1.0,3,0,5,1,0.07,0.01,62,85,probabilistic,20,35
14,Alternator,2.0620405199113185,0.5062308538797847,5.0,1.0,0.18057301214510924,0.32567212701715764,0.24234960537339237,0.2514052554643408,0.0,0.0,1.0,1.0,3,0,5,1,0.07,0.01,62,85,probabilistic,20,35
15,Random: 0.5,2.0471034309484253,0.49823321554770317,8.0,0.48217317487266553,0.21107002114970438,0.28715375414589867,0.21324706609013697,0.28852915861426,0.5020518111861734,0.5009247005865047,0.4983908525508174,0.5023162246923022,3,0,5,1,0.07,0.01,62,85,probabilistic,20,35
16,Cooperator,2.0149414054994597,1.0,0.0,1.0,0.6706648558797843,0.32933514412021564,0.0,0.0,1.0,1.0,0.0,0.0,3,0,5,1,0.07,0.01,62,85,probabilistic,20,35
17,Bully,1.9728268567630334,0.5745510966497951,8.0,0.0,0.17390145375162047,0.4028088350944213,0.23886456435401213,0.18442514679994618,0.0,1.0,0.0,1.0,3,0,5,1,0.07,0.01,62,85,probabilistic,20,35
18,Win-Shift Lose-Stay: D,1.8923043334417158,0.5895026823256488,8.5,0.0,0.1969738304457454,0.38974528054044216,0.20811722612801856,0.20516366288579402,0.0,1.0,1.0,0.0,3,0,5,1,0.07,0.01,62,85,probabilistic,20,35
19,Anti Tit For Tat,1.6901244675428568,0.6370345022540282,6.0,1.0,0.18419131291886176,0.4556489915365305,0.18203477742658,0.17812491811802786,0.0,1.0,0.0,1.0,3,0,5,1,0.07,0.01,62,85,probabilistic,20,35
0,Defector,2.6983025835323833,0.0,11.0,0.0,0.0,0.0,0.3766034853654763,0.6233965146345238,0.0,0.0,0.0,0.0,3,0,5,1,0.02,0.04,13,100,probabilistic,13,36
1,Evolved FSM 16,2.5629440665154952,0.6429411764705882,3.0,1.0,0.48778948689905716,0.14577630571386913,0.19876688411435076,0.16766732327272285,0.9045526256479604,0.5031419463880817,0.33478143170147284,0.3128933817450324,3,0,5,1,0.02,0.04,13,100,probabilistic,13,36
2,Suspicious Tit For Tat,2.5256686538514432,0.540966658051176,7.0,0.0,0.34428035990936323,0.2009791021061414,0.2283609715985637,0.2263795663859318,1.0,0.0,1.0,0.0,3,0,5,1,0.02,0.04,13,100,probabilistic,13,36
3,"DoubleCrosser: (D, D)",2.482935987363461,0.611006711409396,2.0,1.0,0.5526064296967591,0.08122579419728751,0.15117564233580363,0.21499213377014964,1.0,0.8061978620153114,0.0,0.0,3,0,5,1,0.02,0.04,13,100,probabilistic,13,36
4,Meta Winner: 12 players,2.445235825069921,0.10047314222098525,9.0,1.0,0.07208765526184825,0.03549616791396342,0.31701977846434465,0.5753963983598436,0.648377565195747,0.42279683677533136,0.012176244094832952,0.009763870983454439,3,0,5,1,0.02,0.04,13,100,probabilistic,13,36
5,Soft Joss: 0.9,2.362160906726124,0.7044040806170689,0.0,1.0,0.5280621029490854,0.17768453360625422,0.1249438575671719,0.16930950587748828,1.0,0.1038885245465535,1.0,0.12236870553935567,3,0,5,1,0.02,0.04,13,100,probabilistic,13,36
6,Random: 0.5,2.2895110763138145,0.4808315334773218,6.0,0.48717948717948717,0.21238286691066968,0.27317392310280236,0.23515558406378526,0.27928762592274275,0.48665034167066046,0.48375313148881977,0.5135750054087205,0.48240736679897606,3,0,5,1,0.02,0.04,13,100,probabilistic,13,36
7,Cycler DC,2.2752754945699594,0.48965155881582395,6.0,0.0,0.1575692722051081,0.33125751188749847,0.28284555087423374,0.2283276650331597,0.0,0.0,1.0,1.0,3,0,5,1,0.02,0.04,13,100,probabilistic,13,36
8,Alternator,2.2276303530312394,0.510187880391638,4.0,1.0,0.18021161912556102,0.33052409253203247,0.26663599722955406,0.22262829111285246,0.0,0.0,1.0,1.0,3,0,5,1,0.02,0.04,13,100,probabilistic,13,36
9,Tit For 2 Tats,2.208084045584046,0.8054662379421221,0.0,1.0,0.6317184618680963,0.1681584290342104,0.02566571976258112,0.1744573893351121,1.0,0.7439330604036487,1.0,0.0,3,0,5,1,0.02,0.04,13,100,probabilistic,13,36
10,GTFT: 0.33,2.192739520752184,0.7754249925439904,0.0,1.0,0.5716682154733311,0.21224382550901755,0.08184724917709628,0.13424070984055503,1.0,0.34822824796385393,1.0,0.35762298046780805,3,0,5,1,0.02,0.04,13,100,probabilistic,13,36
11,Win-Stay Lose-Shift,2.165729151309647,0.7090600775193798,0.0,1.0,0.512027336930348,0.20374214702748025,0.09154499562922074,0.1926855204129511,1.0,0.0,0.0,1.0,3,0,5,1,0.02,0.04,13,100,probabilistic,13,36
12,Anti Tit For Tat,2.041044430181144,0.6139534883720931,5.0,1.0,0.22571350070657234,0.3921574465647674,0.17185356301314267,0.21027548971551757,0.0,1.0,0.0,1.0,3,0,5,1,0.02,0.04,13,100,probabilistic,13,36
0,Suspicious Tit For Tat,2.6206337693669384,0.5917693661971831,8.5,0.0,0.3753671430935405,0.20266655933162017,0.23342741063161315,0.18853888694322624,1.0,0.0,1.0,0.0,3,0,5,1,0.01,0.05,16,67,probabilistic,15,37
1,Defector,2.583929806388274,0.0,13.0,0.0,0.0,0.0,0.338644972297676,0.6613550277023241,0.0,0.0,0.0,0.0,3,0,5,1,0.01,0.05,16,67,probabilistic,15,37
2,Evolved HMM 5,2.538257540936112,0.6308165057067603,3.0,1.0,0.5460764905390263,0.09232394000656374,0.15711310155044206,0.2044864679039679,1.0,0.4762269888947741,0.02729528535980149,0.1911843698943544,3,0,5,1,0.01,0.05,16,67,probabilistic,15,37
3,"DoubleCrosser: (D, D)",2.504460589174399,0.6706150341685649,2.0,1.0,0.5751158599814516,0.09287869768895511,0.13525512829051886,0.19675031403907423,1.0,0.8103570988296389,0.1111111111111111,0.0,3,0,5,1,0.01,0.05,16,67,probabilistic,15,37
4,Evolved FSM 16,2.4999276928076757,0.689498752551599,3.0,1.0,0.5122822613646891,0.15369128726291273,0.17669254049121672,0.1573339108811815,0.8902322663043073,0.48723030929759353,0.4137785574697994,0.3575877451252106,3,0,5,1,0.01,0.05,16,67,probabilistic,15,37
5,Meta Winner: 13 players,2.462996748915214,0.11597994331807282,10.0,1.0,0.08528412012382987,0.03354087619449077,0.29656900437499634,0.5846059993066831,0.6466479463559552,0.42914003455570354,0.035979529162727134,0.00541657218579539,3,0,5,1,0.01,0.05,16,67,probabilistic,15,37
6,Tit For Tat,2.4416447085672957,0.7057645225906967,0.0,1.0,0.4977869222806199,0.17333894993981666,0.1520730209012998,0.1768011068782639,1.0,0.0,1.0,0.0,3,0,5,1,0.01,0.05,16,67,probabilistic,15,37
7,Cycler DC,2.412462933891505,0.4876597620096959,6.0,0.0,0.13593321101002828,0.35109002505305864,0.2890000833750216,0.2239766805618915,0.0,0.0,1.0,1.0,3,0,5,1,0.01,0.05,16,67,probabilistic,15,37
8,Soft Joss: 0.9,2.4058282768134984,0.7137610186092067,0.0,1.0,0.5472851715020176,0.17051348932448018,0.12298931434002632,0.15921202483347593,1.0,0.09926783257574556,1.0,0.07604689754689756,3,0,5,1,0.01,0.05,16,67,probabilistic,15,37
9,Meta Mixer: 13 players,2.3533595781308723,0.4834917458729365,6.0,0.7276785714285714,0.27739186779621033,0.21232662459795182,0.22565660887478578,0.2846248987310521,0.6544551174519688,0.3356732934513201,0.637003724972922,0.301945115610819,3,0,5,1,0.01,0.05,16,67,probabilistic,15,37
10,GTFT: 0.33,2.305058032736346,0.8049966836170683,0.0,1.0,0.6010019431611987,0.19951286726257467,0.08057447911030997,0.11891071046591652,1.0,0.3445482809401461,1.0,0.3240198955168922,3,0,5,1,0.01,0.05,16,67,probabilistic,15,37
11,Tit For 2 Tats,2.2661808661901945,0.8257993384785005,0.0,1.0,0.6648507155310958,0.16495433365096082,0.02512075636833925,0.14507419444960418,1.0,0.7436753114670736,1.0,0.0,3,0,5,1,0.01,0.05,16,67,probabilistic,15,37
12,Random: 0.5,2.2375690573327107,0.49546617065798654,6.0,0.48660714285714285,0.22314407767294406,0.2732564362727161,0.225569751194536,0.27802973485980376,0.4982575244669073,0.5076762820854462,0.4905998667936065,0.5042054806264538,3,0,5,1,0.01,0.05,16,67,probabilistic,15,37
13,Alternator,2.2246358091675678,0.511864406779661,5.0,1.0,0.152632977627709,0.3598000413879316,0.27249675023928616,0.21507023074507314,0.0,0.0,1.0,1.0,3,0,5,1,0.01,0.05,16,67,probabilistic,15,37
14,Anti Tit For Tat,1.9151110391358426,0.6256275400430313,4.0,1.0,0.2156393698975943,0.4194275510813704,0.16813875701533543,0.19679432200569993,0.0,1.0,0.0,1.0,3,0,5,1,0.01,0.05,16,67,probabilistic,15,37
0,Suspicious Tit For Tat,2.769345238095238,0.4684095860566449,2.0,0.0,0.1100722725708386,0.3595861170360663,0.41909825449848304,0.11124335589461207,1.0,0.0,1.0,0.0,3,0,5,1,0.01,0.1,38,167,probabilistic,5,38
1,Meta Mixer: 4 players,2.4632352941176467,0.5299744897959183,1.0,0.743421052631579,0.2726173685291109,0.2571486908406113,0.2539656208602795,0.21626831976999827,0.603598038597784,0.3837374016715831,0.6641025641025641,0.3756890904509952,3,0,5,1,0.01,0.1,38,167,probabilistic,5,38
2,Alternator,2.4455402236652235,0.5255423372988104,1.0,1.0,0.2324568160144651,0.29306904256877286,0.29575940665794337,0.17871473475881877,0.0,0.0,1.0,1.0,3,0,5,1,0.01,0.1,38,167,probabilistic,5,38
3,Tit For Tat,2.2588141025641026,0.5663939584644431,0.0,1.0,0.17741911705259353,0.38981447953064746,0.33943226161063084,0.09333414180612823,1.0,0.0,1.0,0.0,3,0,5,1,0.01,0.1,38,167,probabilistic,5,38
4,Anti Tit For Tat,2.1816789215686274,0.5217109526895658,1.0,1.0,0.33941847307850603,0.18702418739696364,0.17838697374572476,0.2951703657788056,0.0,1.0,0.0,1.0,3,0,5,1,0.01,0.1,38,167,probabilistic,5,38
0,Grudger,3.1825219222422048,0.2422499022510194,3.0,1.0,0.2089041095890411,0.01596781708205891,0.46747323792364914,0.3076548354052508,1.0,0.0,0.0,0.0,3,0,5,1,0.06,0.02,70,172,probabilistic,6,39
1,Soft Joss: 0.9,2.4508134283519407,0.7399910031488979,0.0,1.0,0.5107990648473177,0.20742944520922052,0.16799178712981294,0.11377970281364873,1.0,0.10207568829085878,1.0,0.10063361360435003,3,0,5,1,0.06,0.02,70,172,probabilistic,6,39
2,Meta Mixer: 5 players,1.9880881242656634,0.39549996934584025,2.0,0.4085714285714286,0.1617719604507662,0.2332419383655892,0.2207197067289434,0.3842663944547012,0.5274284525406097,0.34367754025651626,0.5681909090114068,0.29865300314794685,3,0,5,1,0.06,0.02,70,172,probabilistic,6,39
3,Suspicious Tit For Tat,1.8693775358733298,0.37363736900310707,2.0,0.0,0.23137395082013965,0.12071289562953327,0.12668128660088485,0.5212318669494423,1.0,0.0,1.0,0.0,3,0,5,1,0.06,0.02,70,172,probabilistic,6,39
4,Win-Shift Lose-Stay: D,1.768242969751266,0.4756441934345217,2.0,0.0,0.16736946435343936,0.3069497027298515,0.1777004723638096,0.3479803605528995,0.0,1.0,1.0,0.0,3,0,5,1,0.06,0.02,70,172,probabilistic,6,39
5,Bully,1.5856432524974893,0.6287142307903554,1.0,0.0,0.2110580962046607,0.4206319219072451,0.14436723017639846,0.2239427517116958,0.0,1.0,0.0,1.0,3,0,5,1,0.06,0.02,70,172,probabilistic,6,39
0,Suspicious Tit For Tat,2.745421864397933,0.5139283683911313,4.0,0.0,0.3149918085618557,0.1798792944875854,0.23216903056161065,0.27295986638894815,1.0,0.0,1.0,0.0,3,0,5,1,0.06,0.1,24,200,probabilistic,8,40
1,Alternator,2.7359681409220578,0.5281501340482574,3.0,1.0,0.26782483727430634,0.2620762605912816,0.32984749533763574,0.14025140679677636,0.0,0.0,1.0,1.0,3,0,5,1,0.06,0.1,24,200,probabilistic,8,40
2,Meta Winner: 6 players,2.7077800019529343,0.5094555873925501,2.0,1.0,0.4092984476452482,0.11719968921679073,0.24909920927798715,0.2244026538599739,0.6801314049011417,0.3393246187363834,0.7050124434508431,0.3752872003618272,3,0,5,1,0.06,0.1,24,200,probabilistic,8,40
3,Grudger,2.6774086128924837,0.6179469748470429,1.0,1.0,0.5683171188764997,0.04663076093461605,0.1319583100121123,0.25309381017677196,1.0,0.0,0.0,0.0,3,0,5,1,0.06,0.1,24,200,probabilistic,8,40
4,Cooperator,2.6732142857142858,1.0,0.0,1.0,0.8700065843060037,0.12999341569399622,0.0,0.0,1.0,1.0,0.0,0.0,3,0,5,1,0.06,0.1,24,200,probabilistic,8,40
5,Win-Stay Lose-Shift,2.6485359905139187,0.7490261547022816,0.0,1.0,0.5989357679786768,0.15071840509103354,0.12421004922142811,0.12613577770886156,1.0,0.0,0.0,1.0,3,0,5,1,0.06,0.1,24,200,probabilistic,8,40
6,Tit For 2 Tats,2.6117870225013085,1.0,0.0,1.0,0.8631329524287815,0.13686704757121854,0.0,0.0,1.0,1.0,0.0,0.0,3,0,5,1,0.06,0.1,24,200,probabilistic,8,40
7,Meta Mixer: 6 players,2.589416535845107,0.730722891566265,1.5,0.8333333333333334,0.5314695613933044,0.18729733972686874,0.14337811890261679,0.1378549799772102,0.7971135077993763,0.4511723981775909,0.8699735449735451,0.41980152200740434,3,0,5,1,0.06,0.1,24,200,probabilistic,8,40
0,Grudger,3.208333333333333,0.8119131455399061,1.0,1.0,0.8123541523678792,0.011667810569663692,0.165133836650652,0.010844200411805078,1.0,0.0,0.0,0.0,3,0,5,1,0.01,0.07,90,63,probabilistic,6,41
1,"DoubleCrosser: (D, D)",3.0,0.8427545284197376,1.0,1.0,0.812866333095068,0.04317369549678342,0.13481057898498927,0.009149392423159399,1.0,0.7746478873239436,0.0,0.0,3,0,5,1,0.01,0.07,90,63,probabilistic,6,41
2,Anti Tit For Tat,2.7810364145658264,0.5245242147609469,3.0,1.0,0.16606234363926578,0.3303029205936886,0.37667808310860945,0.1269566526584362,0.0,1.0,0.0,1.0,3,0,5,1,0.01,0.07,90,63,probabilistic,6,41
3,GTFT: 0.33,2.757777777777778,0.925737385836203,0.0,1.0,0.8527841342486653,0.07154843630816173,0.0303585049580473,0.045308924485125864,1.0,0.32653061224489793,1.0,0.26838235294117646,3,0,5,1,0.01,0.07,90,63,probabilistic,6,41
4,Win-Stay Lose-Shift,2.675,0.9439465289381741,0.0,1.0,0.8716791979949875,0.06666666666666667,0.0,0.061654135338345864,1.0,0.0,0.0,1.0,3,0,5,1,0.01,0.07,90,63,probabilistic,6,41
5,Cooperator,2.4857142857142858,1.0,0.0,1.0,0.816378525932666,0.18362147406733392,0.0,0.0,1.0,1.0,0.0,0.0,3,0,5,1,0.01,0.07,90,63,probabilistic,6,41
0,Grudger,2.85,0.7521193624957613,3.0,1.0,0.6519298245614036,0.09851385820788376,0.16284014222343213,0.0867161750072806,1.0,0.0,0.0,0.0,3,0,5,1,0.04,0.05,53,4,probabilistic,16,42
1,Cycler DC,2.844444444444444,0.48717948717948717,7.0,0.0,0.24064890771780906,0.2463260674109172,0.3869583738104433,0.1260666510608305,0.0,0.0,1.0,1.0,3,0,5,1,0.04,0.05,53,4,probabilistic,16,42
2,Win-Shift Lose-Stay: D,2.816666666666667,0.4609081597814954,10.0,0.0,0.23601058701104674,0.22303522435502832,0.3848194569703974,0.15613473166352748,0.0,1.0,1.0,0.0,3,0,5,1,0.04,0.05,53,4,probabilistic,16,42
3,Bully,2.788888888888889,0.3347972972972973,7.0,0.0,0.14412149885316708,0.18989116249165083,0.40700929708523825,0.25897804156994375,0.0,1.0,0.0,1.0,3,0,5,1,0.04,0.05,53,4,probabilistic,16,42
4,Suspicious Tit For Tat,2.783333333333333,0.46754563894523327,9.0,0.0,0.27558758251658494,0.188802948258387,0.34687843176367894,0.18873103746134917,1.0,0.0,1.0,0.0,3,0,5,1,0.04,0.05,53,4,probabilistic,16,42
5,Random: 0.5,2.7666666666666666,0.504062288422478,8.0,0.4830188679245283,0.31066850544589897,0.19330500961076275,0.3255620903683125,0.17046439457502569,0.5055769556990752,0.4707838566068852,0.5004756097313994,0.5627903727849665,3,0,5,1,0.04,0.05,53,4,probabilistic,16,42
6,Evolved FSM 16,2.683333333333333,0.8708575333105569,1.0,1.0,0.7161774667546753,0.15529259097940218,0.10053046776925624,0.027999474496666343,1.0,0.3163562992778109,0.97,0.0,3,0,5,1,0.04,0.05,53,4,probabilistic,16,42
7,Win-Stay Lose-Shift,2.683333333333333,0.8239864864864865,1.0,1.0,0.6894065028393387,0.13428523011181895,0.10874687258270464,0.06756139446613778,1.0,0.0,0.0,1.0,3,0,5,1,0.04,0.05,53,4,probabilistic,16,42
8,Tit For Tat,2.6777777777777776,0.8554621848739495,0.0,1.0,0.6933000949154551,0.15934158345833008,0.11951951542247981,0.027838806203734915,1.0,0.0,1.0,0.0,3,0,5,1,0.04,0.05,53,4,probabilistic,16,42
9,Soft Joss: 0.9,2.6666666666666665,0.8642978003384095,0.0,1.0,0.7047546301340435,0.15985744515078618,0.10836542551093524,0.027022499204235148,1.0,0.12402674748255971,1.0,0.125,3,0,5,1,0.04,0.05,53,4,probabilistic,16,42
10,Meta Mixer: 15 players,2.655555555555556,0.7147707979626485,4.0,0.6830188679245283,0.5419690329641023,0.1721181782583821,0.1935553115869715,0.09235747719054406,0.800240485284425,0.44837530605369175,0.8199800738130566,0.37903136718354113,3,0,5,1,0.04,0.05,53,4,probabilistic,16,42
11,GTFT: 0.33,2.6277777777777778,0.8938885157824042,0.0,1.0,0.7250600388475522,0.16705105867745448,0.0827892940685567,0.025099608406436498,1.0,0.3059212254431757,1.0,0.5043859649122807,3,0,5,1,0.04,0.05,53,4,probabilistic,16,42
12,Evolved HMM 5,2.5833333333333335,0.9144493095318289,0.0,1.0,0.7596941010094713,0.15503468700051543,0.0578426614394361,0.027428550550577132,1.0,0.6268669618384989,0.0,0.0,3,0,5,1,0.04,0.05,53,4,probabilistic,16,42
13,Tit For 2 Tats,2.5,0.9585579514824798,0.0,1.0,0.795453005305222,0.16313285328063654,0.019528619528619527,0.021885521885521887,1.0,0.8698101265822785,1.0,0.0,3,0,5,1,0.04,0.05,53,4,probabilistic,16,42
14,Cooperator,2.4,1.0,0.0,1.0,0.7996823341288345,0.20031766587116542,0.0,0.0,1.0,1.0,0.0,0.0,3,0,5,1,0.04,0.05,53,4,probabilistic,16,42
15,"DoubleCrosser: (D, D)",2.4,1.0,0.0,1.0,0.801359602992659,0.19864039700734096,0.0,0.0,1.0,1.0,0.0,0.0,3,0,5,1,0.04,0.05,53,4,probabilistic,16,42
0,Grudger,2.716875999466951,0.5734177215189873,4.0,1.0,0.5283760009131642,0.04270743202044991,0.19634381070034826,0.23257275636603764,1.0,0.0,0.0,0.0,3,0,5,1,0.03,0.09,21,72,probabilistic,17,43
1,Defector,2.714832724746518,0.0,14.0,0.0,0.0,0.0,0.33990332293502057,0.6600966770649794,0.0,0.0,0.0,0.0,3,0,5,1,0.03,0.09,21,72,probabilistic,17,43
2,Evolved HMM 5,2.6851190476190476,0.6753467308236626,3.0,1.0,0.6058086256543012,0.09491036284568913,0.16015376387073238,0.13912724762927742,0.9989010989010989,0.5039498736076702,0.017543859649122806,0.17695232247856993,3,0,5,1,0.03,0.09,21,72,probabilistic,17,43
3,Suspicious Tit For Tat,2.594172932330827,0.5474742131711188,9.0,0.0,0.352093543979203,0.167191940655212,0.21737302811138182,0.2633414872542032,1.0,0.0,1.0,0.0,3,0,5,1,0.03,0.09,21,72,probabilistic,17,43
4,Cycler DC,2.5709446803196805,0.47293187347931875,7.0,0.0,0.15991607057829216,0.31239553783440027,0.32386395105545096,0.20382444053185667,0.0,0.0,1.0,1.0,3,0,5,1,0.03,0.09,21,72,probabilistic,17,43
5,Evolved FSM 16,2.563671875,0.6736257928118393,2.0,1.0,0.5672441829081797,0.12258421357060789,0.1853375548509686,0.12483404867024385,0.9338235294117648,0.4498670608221526,0.40017953968270464,0.2745573117584503,3,0,5,1,0.03,0.09,21,72,probabilistic,17,43
6,"DoubleCrosser: (D, D)",2.519026817716334,0.7812580895676935,1.0,1.0,0.6700804370044847,0.12254036148089786,0.09313660382706401,0.11424259768755338,1.0,0.8534281795041371,0.0,0.0,3,0,5,1,0.03,0.09,21,72,probabilistic,17,43
7,Win-Shift Lose-Stay: D,2.5105790545661235,0.5410680401192736,8.0,0.0,0.207587291048143,0.3291607186840271,0.2630915174042164,0.20016047286361352,0.0,1.0,1.0,0.0,3,0,5,1,0.03,0.09,21,72,probabilistic,17,43
8,Tit For Tat,2.498517628205128,0.7374966207082996,0.0,1.0,0.5732231169851623,0.1651584734753632,0.1361812160641028,0.12543719347537177,1.0,0.0,1.0,0.0,3,0,5,1,0.03,0.09,21,72,probabilistic,17,43
9,Meta Winner: 15 players,2.444631026867869,0.23771655779608067,9.0,1.0,0.15025758427812602,0.09159789268243901,0.30799005834277926,0.45015446469665577,0.5807428932534868,0.6552289987485839,0.10377358490566038,0.11977545923363553,3,0,5,1,0.03,0.09,21,72,probabilistic,17,43
10,Meta Mixer: 15 players,2.4432658629640054,0.5510150276825732,7.0,0.7053571428571429,0.3462997071380551,0.20005262952780156,0.20021415410592536,0.25343350922821806,0.7093557539189296,0.34466366156405115,0.6407561121201063,0.30482547951870237,3,0,5,1,0.03,0.09,21,72,probabilistic,17,43
11,Alternator,2.44296875,0.522852422907489,6.0,1.0,0.20892820071450757,0.31427984436295386,0.29030011153829094,0.18649184338424762,0.0,0.0,1.0,1.0,3,0,5,1,0.03,0.09,21,72,probabilistic,17,43
12,Soft Joss: 0.9,2.4280753968253967,0.7719151312116136,0.0,1.0,0.6074876768463648,0.16619725777687772,0.11806822888146844,0.1082468364952891,1.0,0.09097093928440467,1.0,0.10303067686487376,3,0,5,1,0.03,0.09,21,72,probabilistic,17,43
13,GTFT: 0.33,2.3993675595238093,0.8276481149012568,0.0,1.0,0.6440288661214575,0.1875875389381879,0.07893229895373255,0.08945129598662206,1.0,0.3261667348130385,1.0,0.35400736487389506,3,0,5,1,0.03,0.09,21,72,probabilistic,17,43
14,Tit For 2 Tats,2.280054528212423,0.8554373215676097,0.0,1.0,0.7092534838230968,0.16756678010097634,0.017725148272727507,0.10545458780319929,1.0,0.7928398081956327,1.0,0.0,3,0,5,1,0.03,0.09,21,72,probabilistic,17,43
15,Bully,2.2687077702702703,0.5783475783475783,7.0,0.0,0.15875624391544915,0.39395542432002423,0.23925373493382207,0.20803459683070452,0.0,1.0,0.0,1.0,3,0,5,1,0.03,0.09,21,72,probabilistic,17,43
16,Cooperator,2.183748282967033,1.0,0.0,1.0,0.710017904427876,0.28998209557212395,0.0,0.0,1.0,1.0,0.0,0.0,3,0,5,1,0.03,0.09,21,72,probabilistic,17,43
0,Grudger,2.898078002244669,0.7453298652163632,2.0,1.0,0.7335239104005166,0.019883421600166113,0.1139877876828832,0.13260488031643403,1.0,0.0,0.0,0.0,3,0,5,1,0.06,0.05,34,22,probabilistic,10,44
1,Evolved FSM 16,2.8385281385281385,0.8103448275862069,1.0,1.0,0.7600626295518655,0.05954060291755522,0.09034823094763997,0.09004853658293928,0.8766191362429976,0.41480126641851706,0.3497032542011203,0.26513770681127763,3,0,5,1,0.06,0.05,34,22,probabilistic,10,44
2,Evolved HMM 5,2.8353445165945166,0.8210422812192724,1.0,1.0,0.764368803018592,0.04415382010318718,0.09016664535651876,0.10131073152170197,1.0,0.3445689543331603,0.0,0.18429132891181527,3,0,5,1,0.06,0.05,34,22,probabilistic,10,44
3,Tit For Tat,2.7954545454545454,0.8780313837375179,0.0,1.0,0.7735460647699454,0.09895891394398856,0.08609627188731667,0.0413987493987494,1.0,0.0,1.0,0.0,3,0,5,1,0.06,0.05,34,22,probabilistic,10,44
4,"DoubleCrosser: (D, D)",2.753872053872054,0.8924550898203593,1.0,1.0,0.8172541710541479,0.07137852014556528,0.057047026363106136,0.0543202824371807,1.0,0.8436363636363636,0.14285714285714285,0.0,3,0,5,1,0.06,0.05,34,22,probabilistic,10,44
5,GTFT: 0.33,2.731633376370218,0.9135831381733021,0.0,1.0,0.7934540824066368,0.1169947088562398,0.06385444665746144,0.025696762079661904,1.0,0.3325829649034538,1.0,0.2802197802197802,3,0,5,1,0.06,0.05,34,22,probabilistic,10,44
6,Meta Mixer: 9 players,2.6926863260196594,0.6762962962962963,4.0,0.9575163398692811,0.5546187259315316,0.12204745630388075,0.16580530728839993,0.15752851047618777,0.800901131696821,0.3049978288318587,0.6933271100656961,0.3562556165630388,3,0,5,1,0.06,0.05,34,22,probabilistic,10,44
7,Tit For 2 Tats,2.674164724164724,0.9771081523008642,0.0,1.0,0.8634094853841741,0.11093324768914531,0.012786239871256481,0.01287102705542422,1.0,0.8742944686340913,1.0,0.0,3,0,5,1,0.06,0.05,34,22,probabilistic,10,44
8,Alternator,2.4529053061947796,0.5122415022581412,4.0,1.0,0.21315927551817215,0.2991716471565207,0.27532081629787547,0.21234826102743162,0.0,0.0,1.0,1.0,3,0,5,1,0.06,0.05,34,22,probabilistic,10,44
9,Random: 0.5,2.4405242905242903,0.4877270495827197,5.0,0.4444444444444444,0.2292943691704058,0.25831497924639163,0.24596454561018266,0.26642610597301997,0.47812108644149287,0.5035334411748954,0.48965262496627115,0.5128225938376554,3,0,5,1,0.06,0.05,34,22,probabilistic,10,44
0,Evolved HMM 5,2.558482984320305,0.6008818570872779,3.0,1.0,0.49008152849174275,0.09770768614688556,0.1792022439214273,0.23300854143994432,0.9968014824363518,0.5386658397574439,0.01864932324635891,0.19001289737683563,3,0,5,1,0.01,0.02,98,63,probabilistic,12,45
1,Grudger,2.5370679741134285,0.3850404174767216,4.0,1.0,0.37624031548221776,0.017165489194067438,0.20401632106534942,0.4025778742583654,1.0,0.0,0.0,0.0,3,0,5,1,0.01,0.02,98,63,probabilistic,12,45
2,"DoubleCrosser: (D, D)",2.5191711066711067,0.5620549841772152,3.0,1.0,0.5057744800759942,0.059820488179571,0.16522729811473064,0.26917773362970415,1.0,0.792738935930719,0.07337883959044368,0.0,3,0,5,1,0.01,0.02,98,63,probabilistic,12,45
3,Evolved FSM 16,2.4949528455720404,0.6020392824932358,3.0,1.0,0.4270483700010652,0.18029811862142875,0.20678717013298398,0.18586634124452203,0.8939210950080516,0.5244317315895132,0.31450892624222015,0.41004649679684063,3,0,5,1,0.01,0.02,98,63,probabilistic,12,45
4,Tit For Tat,2.327284649433143,0.6065412834556164,0.0,1.0,0.4330861456021973,0.1722305638379768,0.15986931475464722,0.23481397580517863,1.0,0.0,1.0,0.0,3,0,5,1,0.01,0.02,98,63,probabilistic,12,45
5,Meta Winner: 10 players,2.184468311514993,0.06915488660632564,8.0,1.0,0.04491838243465542,0.024795448477933458,0.2713601746632468,0.6589259944241642,0.6051957000077829,0.6053911027398711,0.01688544844435029,0.0019879085017597874,3,0,5,1,0.01,0.02,98,63,probabilistic,12,45
6,Suspicious Tit For Tat,2.1059229348509536,0.4002771149257178,5.0,0.0,0.2407132960824053,0.16218749380773156,0.1743422873199514,0.42275692278991167,1.0,0.0,1.0,0.0,3,0,5,1,0.01,0.02,98,63,probabilistic,12,45
7,Defector,1.9219895379469576,0.0,9.0,0.0,0.0,0.0,0.21442122266656105,0.7855787773334388,0.0,0.0,0.0,0.0,3,0,5,1,0.01,0.02,98,63,probabilistic,12,45
8,Meta Mixer: 10 players,1.9124759421334248,0.3209937953242401,5.0,0.549165120593692,0.12689877063027338,0.1935902377841997,0.18189814749486521,0.4976128440906616,0.5645960811843185,0.23324040823029382,0.5399351816575003,0.22551710829099444,3,0,5,1,0.01,0.02,98,63,probabilistic,12,45
9,Random: 0.5,1.6237756551404257,0.4982245780156443,2.0,0.49536178107606677,0.13511569698825074,0.3630475266392843,0.13780661685091422,0.3640301595215508,0.4881685528149199,0.5010528877498815,0.48777694733980315,0.49848906967032747,3,0,5,1,0.01,0.02,98,63,probabilistic,12,45
10,Cycler DC,1.612346769333195,0.4905574577359298,1.0,0.0,0.07132307796523102,0.41919451121073587,0.1800676498656361,0.32941476095839706,0.0,0.0,1.0,1.0,3,0,5,1,0.01,0.02,98,63,probabilistic,12,45
11,Win-Shift Lose-Stay: D,1.36534297574017,0.6043930812796571,1.0,0.0,0.09997823527140658,0.5021284392240936,0.11716755627359456,0.2807257692309052,0.0,1.0,1.0,0.0,3,0,5,1,0.01,0.02,98,63,probabilistic,12,45
0,Defector,2.3750109273880673,0.0,4.0,0.0,0.0,0.0,0.334316170930652,0.665683829069348,0.0,0.0,0.0,0.0,3,0,5,1,0.03,0.02,34,81,probabilistic,6,46
1,Meta Winner: 5 players,2.141211044804395,0.06785714285714285,3.0,1.0,0.03187150799560812,0.03643428080747409,0.30422077168783546,0.6274734395090824,0.6050465007180126,0.5972563178297585,0.012585118341697288,0.0039031013535527114,3,0,5,1,0.03,0.02,34,81,probabilistic,6,46
2,Suspicious Tit For Tat,1.9484376838444413,0.32620164126611956,2.0,0.0,0.12136276819590104,0.21582997025621053,0.22491439101281802,0.4378928705350704,1.0,0.0,1.0,0.0,3,0,5,1,0.03,0.02,34,81,probabilistic,6,46
3,Evolved FSM 16,1.8412946641918415,0.42617311132516855,2.0,1.0,0.10009695359994905,0.33617678145546126,0.2420468003401081,0.32167946460448166,0.7976190476190477,0.5444842410144134,0.40386716395418926,0.44318143037310004,3,0,5,1,0.03,0.02,34,81,probabilistic,6,46
4,Cycler DC,1.4644220939626602,0.49220177040888013,1.0,0.0,0.06466213898009324,0.4275007894272349,0.1686138328257696,0.33922323876690225,0.0,0.0,1.0,1.0,3,0,5,1,0.03,0.02,34,81,probabilistic,6,46
5,Random: 0.5,1.4235064935064934,0.5034257240734974,0.0,0.5,0.12384401972996364,0.37923596959229683,0.12106582474149445,0.3758541859362451,0.5486450975924659,0.5056164802136932,0.5094459113512635,0.4939880757049414,3,0,5,1,0.03,0.02,34,81,probabilistic,6,46
0,Grudger,2.8682995165753784,0.5405933762649494,4.0,1.0,0.47024118840376955,0.05401233700204584,0.2832019143176176,0.1925445602765671,1.0,0.0,0.0,0.0,3,0,5,1,0.07,0.1,77,153,probabilistic,12,47
1,Bully,2.6233887324796417,0.44624846248462485,6.0,0.0,0.21311372467429948,0.24204601759053437,0.27781001038941067,0.2670302473457555,0.0,1.0,0.0,1.0,3,0,5,1,0.07,0.1,77,153,probabilistic,12,47
2,Suspicious Tit For Tat,2.589006952643316,0.4750698974836906,6.0,0.0,0.2316757046165085,0.2348131627791437,0.2868464810867891,0.24666465151755868,1.0,0.0,1.0,0.0,3,0,5,1,0.07,0.1,77,153,probabilistic,12,47
3,Cycler DC,2.558762916521537,0.4738475686860559,5.0,0.0,0.16766344849558598,0.305941821740973,0.34100507269158825,0.18538965707185273,0.0,0.0,1.0,1.0,3,0,5,1,0.07,0.1,77,153,probabilistic,12,47
4,Soft Joss: 0.9,2.5132072472981566,0.784633431085044,0.0,1.0,0.5692501240465553,0.21636217244051414,0.17049828376269177,0.043889419750238884,1.0,0.09915203388030992,1.0,0.078397212543554,3,0,5,1,0.07,0.1,77,153,probabilistic,12,47
5,Win-Stay Lose-Shift,2.50979020979021,0.6961830251303935,1.0,1.0,0.5525240751140542,0.15178385417551665,0.17559695311123893,0.12009511759919023,1.0,0.0,0.0,1.0,3,0,5,1,0.07,0.1,77,153,probabilistic,12,47
6,Random: 0.5,2.498576675849403,0.4982987211075912,4.0,0.48288075560802834,0.26020031162101864,0.23816321014982186,0.2672392690562417,0.23439720917291781,0.5107023521875226,0.48073913031238086,0.5045135930626014,0.5060009773333647,3,0,5,1,0.07,0.1,77,153,probabilistic,12,47
7,Tit For Tat,2.495959595959596,0.7655156046042483,0.0,1.0,0.535232035437158,0.22513846429752785,0.19673516772006383,0.042894332545250234,1.0,0.0,1.0,0.0,3,0,5,1,0.07,0.1,77,153,probabilistic,12,47
8,Win-Shift Lose-Stay: D,2.463984163984164,0.5485760220486908,5.0,0.0,0.20882132177752474,0.3322744633828312,0.2657007732104078,0.19320344162923628,0.0,1.0,1.0,0.0,3,0,5,1,0.07,0.1,77,153,probabilistic,12,47
9,"DoubleCrosser: (D, D)",2.405928853754941,0.7837662337662338,1.0,1.0,0.6285382489946684,0.14072881919530641,0.16326300112755388,0.06746993068247126,1.0,0.8480454547719972,0.0,0.0,3,0,5,1,0.07,0.1,77,153,probabilistic,12,47
10,Alternator,2.3686468263194604,0.5265021704363719,3.0,1.0,0.2143368319951515,0.3124492600667145,0.3130002076217885,0.16021370031634544,0.0,0.0,1.0,1.0,3,0,5,1,0.07,0.1,77,153,probabilistic,12,47
11,Cooperator,2.085123966942149,1.0,0.0,1.0,0.7128164487255378,0.2871835512744622,0.0,0.0,1.0,1.0,0.0,0.0,3,0,5,1,0.07,0.1,77,153,probabilistic,12,47
0,Alternator,2.7241777596191565,0.5035540591096147,4.0,1.0,0.19303760214293234,0.31058207154551587,0.41069645194205256,0.08568387436949926,0.0,0.0,1.0,1.0,3,0,5,1,0.0,0.01,47,179,probabilistic,7,48
1,Tit For Tat,2.7073214606943696,0.7459684264131726,0.0,1.0,0.5688768670386003,0.19108672810234703,0.18838057256999666,0.05165583228905598,1.0,0.0,1.0,0.0,3,0,5,1,0.0,0.01,47,179,probabilistic,7,48
2,Win-Stay Lose-Shift,2.6637301246239793,0.7354586129753915,1.0,1.0,0.626559900378876,0.1227356731682024,0.13104707677535604,0.11965734967756576,1.0,0.0,0.0,1.0,3,0,5,1,0.0,0.01,47,179,probabilistic,7,48
3,Soft Joss: 0.9,2.6635669838164335,0.7889653222766679,0.0,1.0,0.5876339266166231,0.1955710438540997,0.16754748877252656,0.049247540756750696,1.0,0.10360629334121337,1.0,0.09962210675484176,3,0,5,1,0.0,0.01,47,179,probabilistic,7,48
4,Random: 0.5,2.642945387753169,0.5028246223375319,4.0,0.524822695035461,0.3023597452756183,0.20061714153123122,0.3040211504683929,0.1930019627247576,0.4963924828070205,0.5067290404626459,0.5032144466546237,0.5105861221488471,3,0,5,1,0.0,0.01,47,179,probabilistic,7,48
5,Meta Winner: 6 players,2.6378524079480954,0.542085942561002,3.0,1.0,0.24836313304790567,0.293495340847335,0.35359603160265424,0.10454549450210503,0.6073183907786454,0.18900451938029023,0.7931814737243817,0.586878970570439,3,0,5,1,0.0,0.01,47,179,probabilistic,7,48
6,Cooperator,2.3090889557370002,1.0,0.0,1.0,0.7587992269177524,0.24120077308224766,0.0,0.0,1.0,1.0,0.0,0.0,3,0,5,1,0.0,0.01,47,179,probabilistic,7,48
0,Bully,3.159035674470457,0.4036458333333333,3.5,0.0,0.09821521902501743,0.3108061159461741,0.45001542999178323,0.14096323503702524,0.0,1.0,0.0,1.0,3,0,5,1,0.03,0.1,42,123,probabilistic,6,49
1,Evolved HMM 5,2.723067926225821,0.408876298394712,2.0,1.0,0.28422459893048124,0.13926006710644512,0.4317119626373847,0.1448033713256888,1.0,0.3922196796338673,0.0,0.1407103825136612,3,0,5,1,0.03,0.1,42,123,probabilistic,6,49
2,Random: 0.5,2.5444444444444443,0.4953027139874739,2.0,0.49523809523809526,0.26811931498019653,0.2315343610574634,0.27302040167800784,0.2273259222843323,0.4884046891534033,0.5508804818370036,0.48187701282973894,0.4770690943043884,3,0,5,1,0.03,0.1,42,123,probabilistic,6,49
3,Meta Winner: 5 players,2.2735825196923596,0.4842204427696656,2.0,1.0,0.22053286284517468,0.26534475656490997,0.3118313433451534,0.20229103724476194,0.3668383188891995,0.8090784803019767,0.08998265963717547,0.5907262513549881,3,0,5,1,0.03,0.1,42,123,probabilistic,6,49
4,Tit For 2 Tats,1.9718893387314442,0.7361761949390815,0.0,1.0,0.4162647302769761,0.32643343603082486,0.11833860433143646,0.13896322936076264,1.0,0.568489898671609,1.0,0.0,3,0,5,1,0.03,0.1,42,123,probabilistic,6,49
5,Anti Tit For Tat,1.8353896103896106,0.6882494004796164,2.0,1.0,0.1700634064170065,0.5049530581668801,0.19341405288893188,0.13156948252718154,0.0,1.0,0.0,1.0,3,0,5,1,0.03,0.1,42,123,probabilistic,6,49
0,Suspicious Tit For Tat,2.9523168189834856,0.6838263542066846,7.0,0.0,0.47982192461926765,0.2069912704089974,0.2711160064029884,0.042070798568746584,1.0,0.0,1.0,0.0,3,0,5,1,0.01,0.06,48,22,probabilistic,10,50
1,Evolved HMM 5,2.9131313131313132,0.9013783731314308,1.0,1.0,0.8876922810120874,0.024796952407378503,0.046167097329888024,0.041343669250646,1.0,0.7678571428571428,0.0,0.0,3,0,5,1,0.01,0.06,48,22,probabilistic,10,50
2,Tit For Tat,2.8734090127278984,0.8949282296650718,0.0,1.0,0.7777777777777778,0.11456226534166808,0.10765995688055413,0.0,1.0,0.0,1.0,0.0,3,0,5,1,0.01,0.06,48,22,probabilistic,10,50
3,Soft Joss: 0.9,2.8703703703703702,0.916714312940728,0.0,1.0,0.8234186512515614,0.09566944710032639,0.08091190164811213,0.0,1.0,0.10646169880145909,1.0,0.0,3,0,5,1,0.01,0.06,48,22,probabilistic,10,50
4,"DoubleCrosser: (D, D)",2.8667073667073666,0.9265152869658502,1.0,1.0,0.8987728021377719,0.03626750132358415,0.034613560929350404,0.030346135609293508,1.0,0.8875,0.0,0.0,3,0,5,1,0.01,0.06,48,22,probabilistic,10,50
5,Evolved FSM 16,2.865079365079365,0.8849162011173184,1.0,1.0,0.8238067414949783,0.05987629510539478,0.0760006053749355,0.04031635802469136,1.0,0.6322239422084623,0.6147540983606558,0.16145833333333334,3,0,5,1,0.01,0.06,48,22,probabilistic,10,50
6,Win-Stay Lose-Shift,2.7954545454545454,0.8831898165481094,0.0,1.0,0.801470588235294,0.07300216598267213,0.06579172366621067,0.059735522115823066,1.0,0.0,0.0,1.0,3,0,5,1,0.01,0.06,48,22,probabilistic,10,50
7,Tit For 2 Tats,2.7930194805194803,1.0,0.0,1.0,0.9331076036592378,0.06689239634076213,0.0,0.0,1.0,1.0,0.0,0.0,3,0,5,1,0.01,0.06,48,22,probabilistic,10,50
8,Cooperator,2.7712885154061624,1.0,0.0,1.0,0.9330313929781019,0.06696860702189804,0.0,0.0,1.0,1.0,0.0,0.0,3,0,5,1,0.01,0.06,48,22,probabilistic,10,50
9,Cycler DC,2.7564916326268234,0.48395916879329204,4.0,0.0,0.17703369170532113,0.30678561922856784,0.36955166802921025,0.1466290210369008,0.0,0.0,1.0,1.0,3,0,5,1,0.01,0.06,48,22,probabilistic,10,50
0,Defector,2.6693277310924373,0.0,3.0,0.0,0.0,0.0,0.41496288178969243,0.5850371182103076,0.0,0.0,0.0,0.0,3,0,5,1,0.03,0.06,88,190,probabilistic,6,51
1,Meta Winner: 5 players,2.5275473630312337,0.14559180372067942,2.0,1.0,0.06448207682948044,0.08075632284500908,0.4969394193326281,0.35782218099288243,0.680948637316562,0.6391171088092531,0.06289881494986327,0.0,3,0,5,1,0.03,0.06,88,190,probabilistic,6,51
2,Win-Shift Lose-Stay: D,2.020374149659864,0.3211622525070712,2.0,0.0,0.17130836336462266,0.16490984743411927,0.19275004316951203,0.471031746031746,0.0,1.0,1.0,0.0,3,0,5,1,0.03,0.06,88,190,probabilistic,6,51
3,Bully,1.9692453007518798,0.6041422430636968,1.0,0.0,0.11966494838342494,0.45807359082120264,0.26804267849491503,0.15421878230045724,0.0,1.0,0.0,1.0,3,0,5,1,0.03,0.06,88,190,probabilistic,6,51
4,Suspicious Tit For Tat,1.846831983805668,0.29366206273396156,2.0,0.0,0.25356237693167394,0.053744034415540765,0.07409981536399113,0.6185937732887943,1.0,0.0,1.0,0.0,3,0,5,1,0.03,0.06,88,190,probabilistic,6,51
5,Cooperator,0.9280130635368826,1.0,0.0,1.0,0.31068895736513313,0.6893110426348669,0.0,0.0,1.0,1.0,0.0,0.0,3,0,5,1,0.03,0.06,88,190,probabilistic,6,51
0,"DoubleCrosser: (D, D)",2.774914403077947,0.6470091088365104,3.0,1.0,0.6556772895483757,0.026543027542363744,0.126931816324469,0.19084786658479153,1.0,0.7878151260504201,0.12396694214876033,0.0,3,0,5,1,0.02,0.01,10,105,probabilistic,17,52
1,Evolved HMM 5,2.7199558398887937,0.6940967773726224,3.0,1.0,0.6495271295064349,0.05936310450483187,0.12689633764829195,0.16421342834044128,0.9988304093567251,0.49276675211314575,0.007653061224489796,0.19780661504334673,3,0,5,1,0.02,0.01,10,105,probabilistic,17,52
2,Evolved FSM 16,2.6877465785219794,0.7324421195388937,4.0,1.0,0.6009840187165189,0.11160480812204736,0.1533083962531472,0.13410277690828665,0.9433643279797125,0.5083568109208793,0.30342885276906595,0.3815040848235087,3,0,5,1,0.02,0.01,10,105,probabilistic,17,52
3,Grudger,2.6848954564655516,0.5499720826353992,4.0,1.0,0.5682032392012641,0.006168992446392095,0.14250712197027957,0.2831206463820642,1.0,0.0,0.0,0.0,3,0,5,1,0.02,0.01,10,105,probabilistic,17,52
4,Tit For Tat,2.5328321657321515,0.7129866439329355,0.0,1.0,0.6196720677788479,0.1092408471822727,0.10488763959980005,0.16619944543907936,1.0,0.0,1.0,0.0,3,0,5,1,0.02,0.01,10,105,probabilistic,17,52
5,Soft Joss: 0.9,2.5162762755680124,0.759129076352275,0.0,1.0,0.665582457803711,0.10497594399146355,0.07542647370558525,0.1540151244992404,1.0,0.0975609844329798,1.0,0.09514539123502469,3,0,5,1,0.02,0.01,10,105,probabilistic,17,52
6,GTFT: 0.33,2.4497831838604696,0.8336457819437593,0.0,1.0,0.6916049059094119,0.14244614918300086,0.05217219564232394,0.1137767492652634,1.0,0.3268272811525783,1.0,0.34880181132158977,3,0,5,1,0.02,0.01,10,105,probabilistic,17,52
7,Tit For 2 Tats,2.4380363817337907,0.8404858299595142,0.0,1.0,0.7238764143608712,0.10882030126804307,0.025319340639551834,0.14198394373153383,1.0,0.7025925514603429,1.0,0.0,3,0,5,1,0.02,0.01,10,105,probabilistic,17,52
8,Suspicious Tit For Tat,2.389275096189949,0.5832858499525166,10.5,0.0,0.41653023523110844,0.15846233964927064,0.16818004467688238,0.25682738044273856,1.0,0.0,1.0,0.0,3,0,5,1,0.02,0.01,10,105,probabilistic,17,52
9,Win-Stay Lose-Shift,2.3805904619805482,0.7750573131591013,0.0,1.0,0.6333673970054786,0.15241857732894026,0.06502101153559221,0.149193014129989,1.0,0.0,0.0,1.0,3,0,5,1,0.02,0.01,10,105,probabilistic,17,52
10,Defector,2.3622714283469657,0.0,15.0,0.0,0.0,0.0,0.33204859547591065,0.6679514045240894,0.0,0.0,0.0,0.0,3,0,5,1,0.02,0.01,10,105,probabilistic,17,52
11,Meta Winner: 15 players,2.35936935320361,0.03488372093023256,13.5,1.0,0.029010070974091327,0.008039491191079566,0.3245263602436026,0.6384240775912264,0.5961876529267833,0.5192307692307693,0.01194212167632317,0.01583314737994105,3,0,5,1,0.02,0.01,10,105,probabilistic,17,52
12,Cooperator,2.2054298270816273,1.0,0.0,1.0,0.7381324279600716,0.26186757203992844,0.0,0.0,1.0,1.0,0.0,0.0,3,0,5,1,0.02,0.01,10,105,probabilistic,17,52
13,Meta Mixer: 15 players,2.201970745006442,0.46833508453529465,8.0,0.71875,0.25795120543421907,0.21171456355677057,0.19475049742710596,0.3355837335819044,0.6486655938114944,0.33722316282520964,0.5848942692850102,0.34244153618997253,3,0,5,1,0.02,0.01,10,105,probabilistic,17,52
14,Cycler DC,2.0366030481391313,0.49471210340775557,6.5,0.0,0.15636829596022062,0.3383075038574519,0.24601741805953747,0.25930678212279007,0.0,0.0,1.0,1.0,3,0,5,1,0.02,0.01,10,105,probabilistic,17,52
15,Random: 0.5,2.012722869771711,0.49916573971078976,7.0,0.51875,0.2039881723456901,0.29626339133966195,0.20380963951618128,0.2959387967984667,0.4859254485967742,0.4937247833504488,0.5282000873715689,0.5155980912083945,3,0,5,1,0.02,0.01,10,105,probabilistic,17,52
16,Anti Tit For Tat,1.7430548254984495,0.6169354838709677,5.5,1.0,0.16473332195959253,0.4602853051573298,0.21471902964258704,0.16026234324049057,0.0,1.0,0.0,1.0,3,0,5,1,0.02,0.01,10,105,probabilistic,17,52
0,Grudger,2.8214358021011243,0.45951132147882817,4.0,1.0,0.4263183600819428,0.034306496131040046,0.26678506631138105,0.27259007747563613,1.0,0.0,0.0,0.0,3,0,5,1,0.04,0.05,92,39,probabilistic,11,53
1,Defector,2.8060915881504114,0.0,10.0,0.0,0.0,0.0,0.43812413651184484,0.5618758634881551,0.0,0.0,0.0,0.0,3,0,5,1,0.04,0.05,92,39,probabilistic,11,53
2,Evolved FSM 16,2.6493950956450956,0.5773664659920584,3.0,1.0,0.44549390216361273,0.13315510114608745,0.24951681565909017,0.17183418103120962,0.9512051734273957,0.4000407300225654,0.1277772532162512,0.3567538198647733,3,0,5,1,0.04,0.05,92,39,probabilistic,11,53
3,Meta Winner: 10 players,2.3954530081515375,0.15946086730042974,6.0,1.0,0.09123018403926482,0.0703143583841958,0.35486111144047316,0.4835943461360662,0.5011162651387963,0.39973331068708523,0.019545246332519643,0.0633171348893537,3,0,5,1,0.04,0.05,92,39,probabilistic,11,53
4,Tit For Tat,2.3115285204991087,0.6446385618432713,0.0,1.0,0.4879384477605617,0.14639065972239684,0.12313014371107205,0.24254074880596938,1.0,0.0,1.0,0.0,3,0,5,1,0.04,0.05,92,39,probabilistic,11,53
5,Soft Joss: 0.9,2.2755150363479064,0.6687327401043265,0.0,1.0,0.49897264218719944,0.170213200020165,0.11116993872047834,0.2196442190721572,1.0,0.09691076961094726,1.0,0.09737110581850125,3,0,5,1,0.04,0.05,92,39,probabilistic,11,53
6,Win-Stay Lose-Shift,2.0778571629608784,0.7486167002012073,0.0,1.0,0.5365988953921139,0.21476210812307608,0.04930144690400935,0.1993375495808006,1.0,0.0,0.0,1.0,3,0,5,1,0.04,0.05,92,39,probabilistic,11,53
7,Bully,2.029687893628111,0.5795213960351575,4.0,0.0,0.15050490094766378,0.4191958241802826,0.2440014219838429,0.18629785288821066,0.0,1.0,0.0,1.0,3,0,5,1,0.04,0.05,92,39,probabilistic,11,53
8,Random: 0.5,1.9953072196620585,0.49977897063467003,3.5,0.49782608695652175,0.19186690025453315,0.30807803069409323,0.18237845609619519,0.3176766129551784,0.5099171453747081,0.4961591743182603,0.5069387664812405,0.49575980991963303,3,0,5,1,0.04,0.05,92,39,probabilistic,11,53
9,Cycler DC,1.8986709613915496,0.48414596749463357,3.0,0.0,0.16095294509353278,0.3231780706257129,0.18298607417707197,0.3328829101036823,0.0,0.0,1.0,1.0,3,0,5,1,0.04,0.05,92,39,probabilistic,11,53
10,Anti Tit For Tat,1.6365688849763926,0.6933959230917626,3.0,1.0,0.18266756839827508,0.5174332006357527,0.1347724381473438,0.16512679281862838,0.0,1.0,0.0,1.0,3,0,5,1,0.04,0.05,92,39,probabilistic,11,53
0,Grudger,2.8781199677938805,0.4857472450745272,6.0,1.0,0.4585816585457456,0.01858927261399574,0.2601810249166918,0.2626480439235668,1.0,0.0,0.0,0.0,3,0,5,1,0.05,0.03,61,70,probabilistic,19,54
1,Evolved FSM 16,2.8416979165632594,0.6158286261073557,5.0,1.0,0.4979854487225027,0.11052620122430977,0.2538080132878159,0.13768033676537164,0.9024336148396299,0.5085044039020634,0.23123169571179392,0.31184131639226104,3,0,5,1,0.05,0.03,61,70,probabilistic,19,54
2,Evolved HMM 5,2.802131642711353,0.61227835802769,5.0,1.0,0.5290320915399324,0.07128296963217397,0.2343875224825548,0.165297416345339,0.9971101616322204,0.48014635935584504,0.015789634893408476,0.20620426146496978,3,0,5,1,0.05,0.03,61,70,probabilistic,19,54
3,"DoubleCrosser: (D, D)",2.688905072353132,0.6098918779765735,5.0,1.0,0.5475281884000383,0.06703280633078108,0.2115301959882972,0.17390880928088348,1.0,0.7900922673866175,0.032467532467532464,0.0,3,0,5,1,0.05,0.03,61,70,probabilistic,19,54
4,Defector,2.4850695836114713,0.0,16.0,0.0,0.0,0.0,0.33671063301437204,0.6632893669856279,0.0,0.0,0.0,0.0,3,0,5,1,0.05,0.03,61,70,probabilistic,19,54
5,Tit For Tat,2.4836235458097113,0.6852287581699347,0.0,1.0,0.5240069878257326,0.16566233117734228,0.15388620686428,0.15644447413264517,1.0,0.0,1.0,0.0,3,0,5,1,0.05,0.03,61,70,probabilistic,19,54
6,Soft Joss: 0.9,2.438354276895944,0.7326542438012749,0.0,1.0,0.5610022949385554,0.16527240014104774,0.12432716350403056,0.1493981414163662,1.0,0.09550510727183652,1.0,0.10291695695874115,3,0,5,1,0.05,0.03,61,70,probabilistic,19,54
7,Win-Stay Lose-Shift,2.4285829421858836,0.717177310200566,2.0,1.0,0.5425537851500212,0.17113023776944425,0.12569280547937772,0.16062317160115677,1.0,0.0,0.0,1.0,3,0,5,1,0.05,0.03,61,70,probabilistic,19,54
8,Meta Winner: 17 players,2.379076591841974,0.10525474142066715,13.0,1.0,0.06197641454499682,0.044141988556616565,0.3406253263538716,0.5532562705445149,0.5603018331321662,0.39297739518718283,0.020880623417416776,0.0326573561520821,3,0,5,1,0.05,0.03,61,70,probabilistic,19,54
9,GTFT: 0.33,2.341731074699836,0.8118792849362465,0.0,1.0,0.6021384426944576,0.19799315030464626,0.08783464310371028,0.11203376389718585,1.0,0.338105153919546,1.0,0.3090875597750565,3,0,5,1,0.05,0.03,61,70,probabilistic,19,54
10,Suspicious Tit For Tat,2.329500779658826,0.4952082565425728,10.0,0.0,0.3095363366803863,0.1890600724479031,0.2073352097787599,0.29406838109295064,1.0,0.0,1.0,0.0,3,0,5,1,0.05,0.03,61,70,probabilistic,19,54
11,Tit For 2 Tats,2.243302038185759,0.8344851095478633,0.0,1.0,0.655745188869983,0.1804222331790125,0.03317679181395026,0.13065578613705414,1.0,0.7447998244722314,1.0,0.0,3,0,5,1,0.05,0.03,61,70,probabilistic,19,54
12,Meta Mixer: 17 players,2.2178206745333733,0.4407162995321746,8.0,0.6812386156648452,0.2135702499904652,0.22856013048362056,0.22254752300504752,0.3353220965208667,0.5625019369385988,0.3675737188324161,0.5386102112010428,0.3452601461889735,3,0,5,1,0.05,0.03,61,70,probabilistic,19,54
13,Alternator,2.1172641821739204,0.5082663381742739,5.0,1.0,0.17797125952407702,0.3304328552512404,0.23707435534002202,0.2545215298846605,0.0,0.0,1.0,1.0,3,0,5,1,0.05,0.03,61,70,probabilistic,19,54
14,Cycler DC,2.1162308930587233,0.49277654429879253,6.0,0.0,0.15691852130394585,0.33575111554756704,0.24482250471129832,0.26250785843718877,0.0,0.0,1.0,1.0,3,0,5,1,0.05,0.03,61,70,probabilistic,19,54
15,Random: 0.5,2.106746587065383,0.49870081662954713,7.0,0.5100182149362478,0.20413440908526734,0.2949720220854084,0.20651788502657678,0.2943756838027475,0.4877390646185309,0.49480029765962097,0.5033152005569446,0.4947321006597654,3,0,5,1,0.05,0.03,61,70,probabilistic,19,54
16,Win-Shift Lose-Stay: D,1.9982159832063746,0.5799108117379237,7.0,0.0,0.1834428689257984,0.3981229509136745,0.20461507863456918,0.21381910152595798,0.0,1.0,1.0,0.0,3,0,5,1,0.05,0.03,61,70,probabilistic,19,54
17,Bully,1.9959627109269107,0.579702939531415,8.0,0.0,0.1807489596071667,0.40657889292468735,0.21013415213786965,0.2025379953302763,0.0,1.0,0.0,1.0,3,0,5,1,0.05,0.03,61,70,probabilistic,19,54
18,Anti Tit For Tat,1.6860978835978837,0.6752194256705099,5.0,1.0,0.200557618743451,0.46515598608436926,0.14548058122474491,0.1888058139474348,0.0,1.0,0.0,1.0,3,0,5,1,0.05,0.03,61,70,probabilistic,19,54
0,Defector,2.790136769548534,0.0,16.0,0.0,0.0,0.0,0.3924944236988528,0.6075055763011472,0.0,0.0,0.0,0.0,3,0,5,1,0.06,0.08,32,121,probabilistic,19,55
1,Grudger,2.7800397326438993,0.5744055570398077,5.0,1.0,0.5267110346118273,0.03736020148849326,0.21836115706933482,0.21756760683034465,1.0,0.0,0.0,0.0,3,0,5,1,0.06,0.08,32,121,probabilistic,19,55
2,Evolved FSM 16,2.6967511698526483,0.6810693641618497,3.0,1.0,0.5649014164490829,0.11910066634277795,0.20405851993305574,0.11193939727508338,0.9642608002391749,0.42760086972930716,0.36563958642029826,0.33448622347280893,3,0,5,1,0.06,0.08,32,121,probabilistic,19,55
3,Evolved HMM 5,2.601345645095645,0.716767054209273,3.0,1.0,0.601709893852451,0.09367153493689766,0.179004673072646,0.12561389813800544,0.9965480274442539,0.524416087996237,0.02154788969061975,0.1677062792656473,3,0,5,1,0.06,0.08,32,121,probabilistic,19,55
4,Meta Winner: 17 players,2.5282675572835425,0.2234087996582657,11.0,1.0,0.14435141642552263,0.08311072762712185,0.34875678838622354,0.42378106756113193,0.5710854837915527,0.4158419967346894,0.030903342072890704,0.09343176863699108,3,0,5,1,0.06,0.08,32,121,probabilistic,19,55
5,Bully,2.50981096408083,0.5028967076444821,9.0,0.0,0.14361147689610398,0.3593499111624258,0.30585970600975954,0.19117890593171066,0.0,1.0,0.0,1.0,3,0,5,1,0.06,0.08,32,121,probabilistic,19,55
6,Suspicious Tit For Tat,2.5062870230771916,0.4959392890427373,10.0,0.0,0.33799575058176273,0.16975839865138231,0.21343439891048974,0.27881145185636524,1.0,0.0,1.0,0.0,3,0,5,1,0.06,0.08,32,121,probabilistic,19,55
7,Cycler DC,2.5049623216289882,0.47714701601164483,8.0,0.0,0.1952744530800842,0.28108751783582764,0.28172073293605515,0.2419172961480331,0.0,0.0,1.0,1.0,3,0,5,1,0.06,0.08,32,121,probabilistic,19,55
8,Tit For Tat,2.5011332110004494,0.7451508620689655,0.0,1.0,0.5908200981771077,0.14928842412192028,0.12510109914294326,0.13479037855802872,1.0,0.0,1.0,0.0,3,0,5,1,0.06,0.08,32,121,probabilistic,19,55
9,Soft Joss: 0.9,2.464914021164021,0.785228095582911,0.0,1.0,0.608983279588493,0.15870214260115553,0.10831230518673178,0.12400227262361965,1.0,0.08536135387559074,1.0,0.10341547312125321,3,0,5,1,0.06,0.08,32,121,probabilistic,19,55
10,"DoubleCrosser: (D, D)",2.460784003259578,0.7495952509444145,2.0,1.0,0.6279768981697237,0.11550634125674297,0.14357986596399291,0.1129368946095404,1.0,0.8271429638106041,0.03389830508474576,0.0,3,0,5,1,0.06,0.08,32,121,probabilistic,19,55
11,Win-Stay Lose-Shift,2.4470032101062036,0.7089583625403056,1.0,1.0,0.5915919425272353,0.15819429505880955,0.1114289848839945,0.13878477752996074,1.0,0.0,0.0,1.0,3,0,5,1,0.06,0.08,32,121,probabilistic,19,55
12,Win-Shift Lose-Stay: D,2.445770808675502,0.5633561643835616,8.0,0.0,0.19961508284103086,0.3578989613885292,0.24543806313562402,0.19704789263481592,0.0,1.0,1.0,0.0,3,0,5,1,0.06,0.08,32,121,probabilistic,19,55
13,GTFT: 0.33,2.3933251732164775,0.8460599484605995,0.0,1.0,0.6472784328371455,0.1842697691126128,0.07340408960303756,0.09504770844720405,1.0,0.33421824173400677,1.0,0.3548505673251085,3,0,5,1,0.06,0.08,32,121,probabilistic,19,55
14,Random: 0.5,2.3853449106401188,0.49379178605539636,8.0,0.4791666666666667,0.22873738930201304,0.2660567701269128,0.23871989965546303,0.266485940915611,0.4777483854841481,0.5150297022429102,0.5089156371125537,0.485901944632352,3,0,5,1,0.06,0.08,32,121,probabilistic,19,55
15,Meta Mixer: 17 players,2.351257592532706,0.53948780861831,6.0,0.6840277777777778,0.31506589935339985,0.2260007374778025,0.21198268385431762,0.24695067931447998,0.64817007862438,0.40857781230289303,0.6156408080620104,0.4351512579575614,3,0,5,1,0.06,0.08,32,121,probabilistic,19,55
16,Tit For 2 Tats,2.3149617056637926,0.8528060158752263,0.0,1.0,0.690105926861376,0.16830997335103262,0.030557206971788216,0.11102689281580319,1.0,0.7296726358690476,1.0,0.0,3,0,5,1,0.06,0.08,32,121,probabilistic,19,55
17,Anti Tit For Tat,2.103193960245088,0.5953469607315761,7.0,1.0,0.19779590363510266,0.4124012773831972,0.22364464245271418,0.16615817652898593,0.0,1.0,0.0,1.0,3,0,5,1,0.06,0.08,32,121,probabilistic,19,55
18,Cooperator,2.0204769290554525,1.0,0.0,1.0,0.6842084090566178,0.3157915909433822,0.0,0.0,1.0,1.0,0.0,0.0,3,0,5,1,0.06,0.08,32,121,probabilistic,19,55
0,Suspicious Tit For Tat,2.5596591009634486,0.5189472642722865,7.0,0.0,0.3594605205504077,0.16237226193807866,0.20934542713003026,0.2688217903814834,1.0,0.0,1.0,0.0,3,0,5,1,0.08,0.06,68,23,probabilistic,13,56
1,Win-Shift Lose-Stay: D,2.53001934689115,0.46845425867507884,5.0,0.0,0.21998068106195104,0.2501550736629125,0.2631403311863935,0.2667239140887429,0.0,1.0,1.0,0.0,3,0,5,1,0.08,0.06,68,23,probabilistic,13,56
2,Defector,2.523543405065144,0.0,10.0,0.0,0.0,0.0,0.32556560022729925,0.6744343997727008,0.0,0.0,0.0,0.0,3,0,5,1,0.08,0.06,68,23,probabilistic,13,56
3,Evolved FSM 16,2.4631683173083427,0.6817269076305221,2.0,1.0,0.5140527136997082,0.1705749612454309,0.16625493001060918,0.14911739504425178,0.8773360764275646,0.4672127014817169,0.4095610349023186,0.34245467935606155,3,0,5,1,0.08,0.06,68,23,probabilistic,13,56
4,Meta Winner: 11 players,2.4483616423833814,0.16035424910495572,8.0,1.0,0.11049753418487712,0.050614301169330085,0.3085551196057653,0.5303330450400274,0.5392706370815419,0.16658756753049472,0.0937496889222872,0.00985732448119811,3,0,5,1,0.08,0.06,68,23,probabilistic,13,56
5,Alternator,2.438371458955698,0.5258329309512313,5.0,1.0,0.222834991039618,0.30314374756469104,0.3019816805920859,0.17203958080360507,0.0,0.0,1.0,1.0,3,0,5,1,0.08,0.06,68,23,probabilistic,13,56
6,Tit For Tat,2.4283861518915866,0.6835182094826739,0.0,1.0,0.5149086188981219,0.16944679985951114,0.1420346279364062,0.17360995330596074,1.0,0.0,1.0,0.0,3,0,5,1,0.08,0.06,68,23,probabilistic,13,56
7,Random: 0.5,2.3978579140263925,0.48982630272952854,6.0,0.4877450980392157,0.2413185307709187,0.24841832587286516,0.2582474808264658,0.25201566252975033,0.4788710144791814,0.4849808681156468,0.47926050356665245,0.4911044316940771,3,0,5,1,0.08,0.06,68,23,probabilistic,13,56
8,Meta Mixer: 11 players,2.3891319889746665,0.5761511216056671,5.0,0.7034313725490197,0.3762317087077478,0.20162978499772863,0.19746100177657677,0.22467750451794685,0.721351358499362,0.3671214893826553,0.6986724377777688,0.37649204996615054,3,0,5,1,0.08,0.06,68,23,probabilistic,13,56
9,"DoubleCrosser: (D, D)",2.3758854068636674,0.7443579383068888,1.0,1.0,0.6215483566377954,0.13019944601881625,0.09221452309442389,0.15603767424896445,1.0,0.8204726233388654,0.07894736842105263,0.0,3,0,5,1,0.08,0.06,68,23,probabilistic,13,56
10,GTFT: 0.33,2.3336654589371983,0.7996332400347457,0.0,1.0,0.6105121274137617,0.19463219750240746,0.07867501852486015,0.11618065655897063,1.0,0.3305392107491771,1.0,0.33455067170992564,3,0,5,1,0.08,0.06,68,23,probabilistic,13,56
11,Tit For 2 Tats,2.2279303330790743,0.832995951417004,0.0,1.0,0.6781483207674865,0.16780528733603742,0.013352550073005107,0.14069384182347086,1.0,0.7882955945707418,1.0,0.0,3,0,5,1,0.08,0.06,68,23,probabilistic,13,56
12,Cooperator,2.0957427536231883,1.0,0.0,1.0,0.692163896183888,0.30783610381611204,0.0,0.0,1.0,1.0,0.0,0.0,3,0,5,1,0.08,0.06,68,23,probabilistic,13,56
0,Evolved FSM 16,2.920743364822312,0.3445711452652454,2.0,1.0,0.14524916992401513,0.18602194393996366,0.5304869627701309,0.1382419233658903,1.0,0.6783294618660473,0.39319698453696206,0.0945179584120983,3,0,5,1,0.06,0.05,66,195,probabilistic,4,57
1,Suspicious Tit For Tat,2.0868912080961417,0.3598685873136214,1.0,0.0,0.10174953959484347,0.26166138114898513,0.28340015025496806,0.35318892900120336,1.0,0.0,1.0,0.0,3,0,5,1,0.06,0.05,66,195,probabilistic,4,57
2,Cycler DC,1.873190235690236,0.4884645982498011,0.0,0.0,0.10537584917750206,0.38292625297727184,0.26426103947212637,0.24743685837309967,0.0,0.0,1.0,1.0,3,0,5,1,0.06,0.05,66,195,probabilistic,4,57
3,Win-Shift Lose-Stay: D,1.4716420966420967,0.4430792377131394,0.0,0.0,0.09427993730782575,0.36529298222525314,0.11775440779424844,0.42267267267267267,0.0,1.0,1.0,0.0,3,0,5,1,0.06,0.05,66,195,probabilistic,4,57
0,Win-Stay Lose-Shift,2.2348096675954126,0.5138741964358369,1.0,1.0,0.2701626881422482,0.25463446159364483,0.2407619159184057,0.2344409343457013,1.0,0.0,0.0,1.0,3,0,5,1,0.09,0.04,99,125,probabilistic,6,58
1,Tit For Tat,2.03003003003003,0.4435049324380337,0.0,1.0,0.2848631162710351,0.18202708126385986,0.16071881255429238,0.37239098991081265,1.0,0.0,1.0,0.0,3,0,5,1,0.09,0.04,99,125,probabilistic,6,58
2,Defector,1.9695121951219512,0.0,4.0,0.0,0.0,0.0,0.22048163726812692,0.7795183627318731,0.0,0.0,0.0,0.0,3,0,5,1,0.09,0.04,99,125,probabilistic,6,58
3,Meta Winner: 5 players,1.9379166666666667,0.0665293354695964,3.0,1.0,0.04480053985329972,0.0223853174337137,0.20172630714121847,0.731087835571768,0.6711065372929531,0.0,1.0,0.0,3,0,5,1,0.09,0.04,99,125,probabilistic,6,58
4,Alternator,1.746421901189241,0.5104825291181364,1.0,1.0,0.11753980041196772,0.3929847798657239,0.20759038206928304,0.2818850376530253,0.0,0.0,1.0,1.0,3,0,5,1,0.09,0.04,99,125,probabilistic,6,58
5,Win-Shift Lose-Stay: D,1.567151515151515,0.4184402795425667,1.0,0.0,0.11953245183365539,0.3172872842418537,0.13803986944746952,0.4251403944770214,0.0,1.0,1.0,0.0,3,0,5,1,0.09,0.04,99,125,probabilistic,6,58
0,Evolved HMM 5,3.0702845654738002,0.47387518142235124,3.0,1.0,0.4312379428925386,0.045491006107063955,0.3552485799631755,0.16802247103722193,0.9941520467836258,0.5919732441471572,0.008791208791208791,0.1461864406779661,3,0,5,1,0.04,0.02,24,119,probabilistic,6,59
1,Win-Stay Lose-Shift,2.7812171330368183,0.49487632508833923,1.0,1.0,0.3024149579234325,0.17600477172780252,0.35739792288909433,0.16418234745967067,1.0,0.0,0.0,1.0,3,0,5,1,0.04,0.02,24,119,probabilistic,6,59
2,Suspicious Tit For Tat,2.198363254392666,0.40207310420076375,2.0,0.0,0.23962785648213963,0.21494725275377985,0.227134272787089,0.31829061797699143,1.0,0.0,1.0,0.0,3,0,5,1,0.04,0.02,24,119,probabilistic,6,59
3,Random: 0.5,2.1126579910961247,0.5024047354790973,1.0,0.43333333333333335,0.2248289528139687,0.27759922733690184,0.2215704113230649,0.2760014085260646,0.5253872131051717,0.48217856515936913,0.5237435347811653,0.4954414920590258,3,0,5,1,0.04,0.02,24,119,probabilistic,6,59
4,Cycler DC,1.9923471116870224,0.4947472745292369,1.0,0.0,0.148167686801727,0.34654279457961146,0.2586935767195757,0.2465959418990858,0.0,0.0,1.0,1.0,3,0,5,1,0.04,0.02,24,119,probabilistic,6,59
5,Win-Shift Lose-Stay: D,1.3013183303624478,0.5603907637655418,1.0,0.0,0.10295626998152477,0.4757670252977039,0.116307314120864,0.30496939059990735,0.0,1.0,1.0,0.0,3,0,5,1,0.04,0.02,24,119,probabilistic,6,59
0,Defector,2.93734335839599,0.0,17.0,0.0,0.0,0.0,0.40360681715619884,0.5963931828438012,0.0,0.0,0.0,0.0,3,0,5,1,0.08,0.1,41,117,probabilistic,20,60
1,Grudger,2.7126761783108533,0.5415312621864032,5.0,1.0,0.5053317380381618,0.04943602111448638,0.22394853634106293,0.221283704506289,1.0,0.0,0.0,0.0,3,0,5,1,0.08,0.1,41,117,probabilistic,20,60
2,Cycler DC,2.688858509911141,0.47160363684279877,9.0,0.0,0.18705335649394747,0.28421435440550535,0.3050641078423938,0.22366818125815344,0.0,0.0,1.0,1.0,3,0,5,1,0.08,0.1,41,117,probabilistic,20,60
3,Suspicious Tit For Tat,2.685286586644821,0.47925283522348233,11.0,0.0,0.3007039582726146,0.1886647853237802,0.24995298800042934,0.2606782684031759,1.0,0.0,1.0,0.0,3,0,5,1,0.08,0.1,41,117,probabilistic,20,60
4,Evolved FSM 16,2.577736883000041,0.668371578656345,3.0,1.0,0.5522419756595564,0.12511231541777057,0.20319201798978687,0.11945369093288621,0.9258892183595949,0.41457027490614357,0.33888393673098277,0.2885361046724106,3,0,5,1,0.08,0.1,41,117,probabilistic,20,60
5,Evolved HMM 5,2.5583092346250242,0.6551351351351351,4.0,1.0,0.5815090755872365,0.10002448178716901,0.18594369876632616,0.13252274385926835,0.9990029910269191,0.4876071219372255,0.01639344262295082,0.17106096326185188,3,0,5,1,0.08,0.1,41,117,probabilistic,20,60
6,Meta Winner: 18 players,2.554221482922577,0.24811037792441512,10.0,1.0,0.1605550922941267,0.09166174491003509,0.33964347741227124,0.408139685383567,0.5620489300638595,0.42742517867696606,0.03335708820409665,0.09704122852029172,3,0,5,1,0.08,0.1,41,117,probabilistic,20,60
7,Win-Shift Lose-Stay: D,2.5397146712936185,0.5265706639480056,9.0,0.0,0.20622961184354047,0.325003542137106,0.26623396775752456,0.20253287826182897,0.0,1.0,1.0,0.0,3,0,5,1,0.08,0.1,41,117,probabilistic,20,60
8,Bully,2.5157213303295096,0.49806853582554517,10.0,0.0,0.15655135140128765,0.33598420649267124,0.2930970376198853,0.21436740448615568,0.0,1.0,0.0,1.0,3,0,5,1,0.08,0.1,41,117,probabilistic,20,60
9,Tit For Tat,2.480983709273183,0.7438877755511022,0.0,1.0,0.5666949546773454,0.1716109722897638,0.13926445375947627,0.12242961927341427,1.0,0.0,1.0,0.0,3,0,5,1,0.08,0.1,41,117,probabilistic,20,60
10,Random: 0.5,2.4638311538415416,0.504241396025206,8.0,0.5019255455712451,0.24315824259119823,0.26138320209038685,0.2434463345677479,0.252012220750667,0.4882936715483457,0.4984122878698789,0.4964437916549995,0.5186901138344004,3,0,5,1,0.08,0.1,41,117,probabilistic,20,60
11,Soft Joss: 0.9,2.4588240706661764,0.7710533092969354,0.0,1.0,0.5905685501103621,0.17368768347713034,0.1180386399127702,0.11770512649973741,1.0,0.09624629090366918,1.0,0.08980590715548842,3,0,5,1,0.08,0.1,41,117,probabilistic,20,60
12,Win-Stay Lose-Shift,2.4513157894736843,0.7429998685421323,1.0,1.0,0.5826614898945023,0.16575979860319373,0.11536239972571594,0.13621631177658808,1.0,0.0,0.0,1.0,3,0,5,1,0.08,0.1,41,117,probabilistic,20,60
13,GTFT: 0.33,2.399905065694539,0.8148978246539222,0.0,1.0,0.6198436686810044,0.20208011402850926,0.08841372215291698,0.0896624951375693,1.0,0.3264280397089019,1.0,0.3319051354545319,3,0,5,1,0.08,0.1,41,117,probabilistic,20,60
14,"DoubleCrosser: (D, D)",2.3869347281246593,0.7504066057800576,1.0,1.0,0.6187671003412029,0.13603221026567078,0.1278853769760188,0.11731531241710762,1.0,0.824865527188901,0.05555555555555555,0.0,3,0,5,1,0.08,0.1,41,117,probabilistic,20,60
15,Alternator,2.3683993637941008,0.5259867614611424,6.0,1.0,0.23255195050917213,0.29404602900705384,0.26780910726284046,0.2055929132209336,0.0,0.0,1.0,1.0,3,0,5,1,0.08,0.1,41,117,probabilistic,20,60
16,Meta Mixer: 18 players,2.360351554115856,0.5387030551865717,8.0,0.675224646983312,0.32233410170959104,0.21696129831108113,0.21175219069916928,0.24895240928015855,0.6254162718704911,0.4120363667967724,0.6239273933079328,0.4123309307725899,3,0,5,1,0.08,0.1,41,117,probabilistic,20,60
17,Tit For 2 Tats,2.2684552289815447,0.8758178487306988,0.0,1.0,0.6904586610670184,0.1909049726491657,0.0274086999198557,0.09122766636396032,1.0,0.7695526681904634,1.0,0.0,3,0,5,1,0.08,0.1,41,117,probabilistic,20,60
18,Anti Tit For Tat,2.183675979364669,0.610353501919767,7.0,1.0,0.22815939103397026,0.3816765083728897,0.2111228575293296,0.17904124306381047,0.0,1.0,0.0,1.0,3,0,5,1,0.08,0.1,41,117,probabilistic,20,60
19,Cooperator,2.0000245712320015,1.0,0.0,1.0,0.6730578092916486,0.32694219070835134,0.0,0.0,1.0,1.0,0.0,0.0,3,0,5,1,0.08,0.1,41,117,probabilistic,20,60
0,Defector,2.7029700854700853,0.0,14.0,0.0,0.0,0.0,0.3644163745349097,0.6355836254650903,0.0,0.0,0.0,0.0,3,0,5,1,0.03,0.06,79,97,probabilistic,17,61
1,Evolved HMM 5,2.6926108371734,0.6544766126425636,3.0,1.0,0.6064587315259129,0.07775728758492544,0.1676217595420379,0.14816222134712395,0.9980330056417013,0.46780333474719876,0.01567644601700329,0.18829992585712632,3,0,5,1,0.03,0.06,79,97,probabilistic,17,61
2,Evolved FSM 16,2.617474977507872,0.7042825440294631,3.0,1.0,0.5681343823845406,0.12794892916491024,0.18383938448982562,0.12007730396072357,0.9112481634977879,0.48632423512823714,0.33701964461141903,0.3625113033534702,3,0,5,1,0.03,0.06,79,97,probabilistic,17,61
3,Suspicious Tit For Tat,2.615017735024033,0.5483398668115053,10.0,0.0,0.3764338742105754,0.17334796821054363,0.20929502486502186,0.24092313271385918,1.0,0.0,1.0,0.0,3,0,5,1,0.03,0.06,79,97,probabilistic,17,61
4,Meta Winner: 15 players,2.5897077458473405,0.12805900100569895,11.0,1.0,0.09867260295490271,0.03103756104195327,0.3428884285487156,0.5274014074544284,0.5707382452398169,0.14797010513735748,0.05711616571161866,0.0076309474305825105,3,0,5,1,0.03,0.06,79,97,probabilistic,17,61
5,"DoubleCrosser: (D, D)",2.556744572829132,0.7306881529020471,2.0,1.0,0.6371922457108341,0.08879029505968195,0.12984947773632713,0.14416798149315677,1.0,0.8130517799283152,0.027777777777777776,0.0,3,0,5,1,0.03,0.06,79,97,probabilistic,17,61
6,Win-Stay Lose-Shift,2.5248222056810548,0.7262605454188739,1.0,1.0,0.5862774288421907,0.15479431659567022,0.12205821149224959,0.13687004306988942,1.0,0.0,0.0,1.0,3,0,5,1,0.03,0.06,79,97,probabilistic,17,61
7,Tit For Tat,2.521323529411765,0.7374547210818643,0.0,1.0,0.5888747547702148,0.13992525386729898,0.12120475278471679,0.1499952385777695,1.0,0.0,1.0,0.0,3,0,5,1,0.03,0.06,79,97,probabilistic,17,61
8,Soft Joss: 0.9,2.4700975035993418,0.7729835626911316,0.0,1.0,0.6215951672855511,0.14120729278284816,0.09821264383409689,0.13898489609750392,1.0,0.09437352335768906,1.0,0.09785667495662922,3,0,5,1,0.03,0.06,79,97,probabilistic,17,61
9,Alternator,2.421580703653072,0.5162410234460456,6.0,1.0,0.2144292700917935,0.3019651723312454,0.2708027263926354,0.2128028311843257,0.0,0.0,1.0,1.0,3,0,5,1,0.03,0.06,79,97,probabilistic,17,61
10,GTFT: 0.33,2.4115413647342994,0.8280971583981994,0.0,1.0,0.6587663661256022,0.17059170354908681,0.06840924149809084,0.1022326888272202,1.0,0.3326154296724993,1.0,0.33899127112810834,3,0,5,1,0.03,0.06,79,97,probabilistic,17,61
11,Meta Mixer: 15 players,2.3959472969268436,0.5395233319004633,6.0,0.754746835443038,0.33083524581681234,0.21199613912602006,0.20225240874609798,0.25491620631106965,0.6766119922010462,0.3751183668751717,0.6550763860540847,0.3646121060838851,3,0,5,1,0.03,0.06,79,97,probabilistic,17,61
12,Random: 0.5,2.385404883107089,0.5005433498700685,7.0,0.5079113924050633,0.24905315699032538,0.25110579060878074,0.23982878511487937,0.2600122672860145,0.5148551115040291,0.49611125625282365,0.49641218491888783,0.49631267181607186,3,0,5,1,0.03,0.06,79,97,probabilistic,17,61
13,Win-Shift Lose-Stay: D,2.34969474969475,0.5473881313616286,7.0,0.0,0.2055793939602501,0.336612815676945,0.24039744102832372,0.21741034933448122,0.0,1.0,1.0,0.0,3,0,5,1,0.03,0.06,79,97,probabilistic,17,61
14,Tit For 2 Tats,2.343547866006306,0.8571835668487295,0.0,1.0,0.7093099313662539,0.1459300198390082,0.02086802298376253,0.12389202581097539,1.0,0.7552559331662725,1.0,0.0,3,0,5,1,0.03,0.06,79,97,probabilistic,17,61
15,Anti Tit For Tat,2.2040664710543005,0.5825749592872881,7.0,1.0,0.2076715927452156,0.37801094080066805,0.23396079808522058,0.1803566683688958,0.0,1.0,0.0,1.0,3,0,5,1,0.03,0.06,79,97,probabilistic,17,61
16,Cooperator,2.1654707462253193,1.0,0.0,1.0,0.7151160045626747,0.2848839954373254,0.0,0.0,1.0,1.0,0.0,0.0,3,0,5,1,0.03,0.06,79,97,probabilistic,17,61
0,Grudger,2.67757048092869,0.5978532102824098,2.0,1.0,0.6127206579773207,0.0063773743952310865,0.11824306714588476,0.2626589004815635,1.0,0.0,0.0,0.0,3,0,5,1,0.1,0.01,85,85,probabilistic,6,62
1,Evolved HMM 5,2.645543710021322,0.6906444556621235,1.0,1.0,0.6175395929082587,0.05358837578875116,0.11845821398060205,0.21041381732238826,1.0,0.36234952901619566,0.0,0.20086990905496244,3,0,5,1,0.1,0.01,85,85,probabilistic,6,62
2,Soft Joss: 0.9,2.533933823529412,0.751476135804494,0.0,1.0,0.6257497307450018,0.1371365744571113,0.10559049048438807,0.13152320431349895,1.0,0.10463396484546517,1.0,0.10408589322994334,3,0,5,1,0.1,0.01,85,85,probabilistic,6,62
3,Cooperator,2.41781512605042,1.0,0.0,1.0,0.8059693089241877,0.19403069107581228,0.0,0.0,1.0,1.0,0.0,0.0,3,0,5,1,0.1,0.01,85,85,probabilistic,6,62
4,Meta Winner: 5 players,2.3439434624424482,0.2104880413703943,4.0,1.0,0.14587963057673436,0.06665741661389275,0.27983272212174604,0.5076302306876268,0.5657601081615359,0.20740637356835476,0.6411726018467592,0.09223979578008601,3,0,5,1,0.1,0.01,85,85,probabilistic,6,62
5,Alternator,1.7943315508021391,0.5061296675911411,2.0,1.0,0.12964111548178453,0.37650603551593603,0.2121719741141138,0.2816808748881656,0.0,0.0,1.0,1.0,3,0,5,1,0.1,0.01,85,85,probabilistic,6,62
0,Defector,2.8515406162464987,0.0,15.0,0.0,0.0,0.0,0.3949709665123188,0.6050290334876812,0.0,0.0,0.0,0.0,3,0,5,1,0.01,0.09,29,20,probabilistic,18,63
1,Evolved HMM 5,2.6268313385960447,0.6333471588552468,4.0,1.0,0.534986191185565,0.1129034062250307,0.20267212954285674,0.14943827304654753,0.9992248062015503,0.484962987751181,0.015182186234817813,0.1749225747123197,3,0,5,1,0.01,0.09,29,20,probabilistic,18,63
2,Evolved FSM 16,2.6245098039215686,0.6544066620402498,3.0,1.0,0.5097714546266672,0.14078903924993358,0.22077001270605787,0.12866949341734124,0.9218359590452613,0.3719655157660548,0.4354910475211227,0.3037033874521377,3,0,5,1,0.01,0.09,29,20,probabilistic,18,63
3,Suspicious Tit For Tat,2.544164332399627,0.5094617325483599,9.0,0.0,0.29341871018462323,0.20671532858418387,0.2584502557961918,0.24141570543500107,1.0,0.0,1.0,0.0,3,0,5,1,0.01,0.09,29,20,probabilistic,18,63
4,Win-Shift Lose-Stay: D,2.5358225108225105,0.5020746887966805,8.0,0.0,0.207494164557765,0.30076234337904256,0.26950818578351426,0.2222353062796783,0.0,1.0,1.0,0.0,3,0,5,1,0.01,0.09,29,20,probabilistic,18,63
5,Cycler DC,2.5356927386339154,0.475,7.0,0.0,0.1810926720516252,0.2928574095319108,0.3045168612269023,0.2215330571895616,0.0,0.0,1.0,1.0,3,0,5,1,0.01,0.09,29,20,probabilistic,18,63
6,Bully,2.4541075873073686,0.5093419983753046,8.0,0.0,0.17791741805093167,0.32074373868060874,0.2662271012285533,0.23511174203990623,0.0,1.0,0.0,1.0,3,0,5,1,0.01,0.09,29,20,probabilistic,18,63
7,Tit For Tat,2.418894048847609,0.7025371828521435,0.0,1.0,0.5112568039204872,0.19170460775513587,0.1586982104019377,0.13834037792243936,1.0,0.0,1.0,0.0,3,0,5,1,0.01,0.09,29,20,probabilistic,18,63
8,Meta Mixer: 16 players,2.4163992869875224,0.5274296281076638,7.0,0.6328600405679513,0.3021059447799712,0.22382833030922036,0.23206446735165875,0.24200125755914967,0.6135441464670357,0.3930102639348837,0.5876982564997175,0.4179601435294543,3,0,5,1,0.01,0.09,29,20,probabilistic,18,63
9,Alternator,2.4009055823069665,0.5218876788383515,5.0,1.0,0.23700469059740648,0.28577960048568674,0.27452396630318,0.20269174261372683,0.0,0.0,1.0,1.0,3,0,5,1,0.01,0.09,29,20,probabilistic,18,63
10,Random: 0.5,2.37621107266436,0.49859398658879517,7.0,0.49898580121703856,0.2453753845192344,0.25255122110987754,0.23930299041800904,0.26277040395287915,0.5104207313116135,0.4988030944988265,0.4951743927434552,0.4863800187942713,3,0,5,1,0.01,0.09,29,20,probabilistic,18,63
11,Soft Joss: 0.9,2.3691176470588236,0.7336082474226804,0.0,1.0,0.5433913121481667,0.19800210466809257,0.13481411631960458,0.12379246686413609,1.0,0.0961944986936342,1.0,0.11133402143551807,3,0,5,1,0.01,0.09,29,20,probabilistic,18,63
12,Meta Winner: 16 players,2.359890676918541,0.29818744473916886,10.0,1.0,0.1855392030236678,0.11767487070684031,0.3042422136380762,0.3925437126314156,0.6110791247127744,0.527217997353744,0.04130623562765632,0.142111484133039,3,0,5,1,0.01,0.09,29,20,probabilistic,18,63
13,Win-Stay Lose-Shift,2.3424942704354472,0.7302602558447288,1.0,1.0,0.5399244122327476,0.18494828160314244,0.12456853874692494,0.15055876741718502,1.0,0.0,0.0,1.0,3,0,5,1,0.01,0.09,29,20,probabilistic,18,63
14,GTFT: 0.33,2.295701357466063,0.8201814058956917,0.0,1.0,0.5870965717240463,0.223602842770056,0.09067993834087522,0.09862064716502249,1.0,0.3256883625246872,1.0,0.34120347669383083,3,0,5,1,0.01,0.09,29,20,probabilistic,18,63
15,"DoubleCrosser: (D, D)",2.2823529411764705,0.7678334071776695,1.0,1.0,0.5844332855150539,0.17687307726384374,0.13245412068566562,0.10623951653543667,1.0,0.8297460724667955,0.058823529411764705,0.0,3,0,5,1,0.01,0.09,29,20,probabilistic,18,63
16,Tit For 2 Tats,2.1558823529411764,0.8505058847821598,0.0,1.0,0.6399700466797901,0.21734116844942783,0.03434153037194537,0.10834725449883666,1.0,0.7575072393591378,1.0,0.0,3,0,5,1,0.01,0.09,29,20,probabilistic,18,63
17,Anti Tit For Tat,2.0137254901960784,0.6159822419533851,5.0,1.0,0.238116417450338,0.38260424103617285,0.18687600643393407,0.192403335079555,0.0,1.0,0.0,1.0,3,0,5,1,0.01,0.09,29,20,probabilistic,18,63
0,Defector,3.0883968436207243,0.0,5.0,0.0,0.0,0.0,0.5099521314396349,0.490047868560365,0.0,0.0,0.0,0.0,3,0,5,1,0.07,0.04,22,195,probabilistic,6,64
1,Meta Mixer: 5 players,2.18521268586486,0.4269377382465057,3.0,0.7636363636363637,0.20287484850632334,0.22555512483741,0.2303608566606595,0.3412091699956072,0.3826333669498209,0.4067220030239401,0.39306577244449026,0.46613072351514556,3,0,5,1,0.07,0.04,22,195,probabilistic,6,64
2,Soft Joss: 0.9,2.0829058101934743,0.5260974766678189,0.0,1.0,0.32030707826473426,0.23617284212652195,0.17024128632535418,0.2732787932833896,1.0,0.08913867233640443,1.0,0.09637295211896853,3,0,5,1,0.07,0.04,22,195,probabilistic,6,64
3,Anti Tit For Tat,1.9102965664603593,0.5919387075283145,2.0,1.0,0.2791568359519678,0.30540472599296126,0.15213675213675215,0.26330168591831876,0.0,1.0,0.0,1.0,3,0,5,1,0.07,0.04,22,195,probabilistic,6,64
4,Alternator,1.9080041486291486,0.5079316656497864,1.0,1.0,0.2252969537007751,0.282636146537624,0.17658034934186934,0.3154865504197316,0.0,0.0,1.0,1.0,3,0,5,1,0.07,0.04,22,195,probabilistic,6,64
5,Win-Stay Lose-Shift,1.8289129371484472,0.632907133243607,0.0,1.0,0.3671960836818326,0.2784716085747013,0.08896907216494845,0.26536323557851754,1.0,0.0,0.0,1.0,3,0,5,1,0.07,0.04,22,195,probabilistic,6,64
0,Defector,3.0552342394447662,0.0,6.0,0.0,0.0,0.0,0.4846851348590058,0.5153148651409942,0.0,0.0,0.0,0.0,3,0,5,1,0.08,0.03,57,111,probabilistic,7,65
1,Evolved HMM 5,2.848155600268276,0.44488699518340125,2.0,1.0,0.35526688147781166,0.10292595852034593,0.35106484871218235,0.19074231128966,0.9987179487179487,0.40612144066379263,0.020833333333333332,0.19816804081544787,3,0,5,1,0.08,0.03,57,111,probabilistic,7,65
2,"DoubleCrosser: (D, D)",2.7544547643618853,0.43353640267652055,2.0,1.0,0.36116995941231306,0.08256420293202454,0.3297162734997398,0.22654956415592256,1.0,0.7632168667951734,0.0,0.0,3,0,5,1,0.08,0.03,57,111,probabilistic,7,65
3,Meta Mixer: 6 players,2.21643481163605,0.3569402507091225,3.0,0.6754385964912281,0.12451489338805921,0.23365816873410417,0.27059618957891013,0.37123074829892655,0.3400019449090081,0.4143191079587198,0.28360150836314063,0.3864657538340792,3,0,5,1,0.08,0.03,57,111,probabilistic,7,65
4,Tit For Tat,2.19412410944669,0.5701669254658385,0.0,1.0,0.4439285914887848,0.1309562786175037,0.11623238431829892,0.30888274557541257,1.0,0.0,1.0,0.0,3,0,5,1,0.08,0.03,57,111,probabilistic,7,65
5,Bully,1.7599638861735636,0.685744289839853,2.0,0.0,0.06775894703976897,0.5893915374101256,0.25515772789704566,0.0876917876530597,0.0,1.0,0.0,1.0,3,0,5,1,0.08,0.03,57,111,probabilistic,7,65
6,Anti Tit For Tat,1.0457037920273216,0.8518102722424923,1.0,1.0,0.08608951869171765,0.7512216034272993,0.0832651907762206,0.07942368710476239,0.0,1.0,0.0,1.0,3,0,5,1,0.08,0.03,57,111,probabilistic,7,65
0,Grudger,2.869320829781188,0.5755725987374133,5.0,1.0,0.5475863061009756,0.020037455731493892,0.21562795149366784,0.21674828667386273,1.0,0.0,0.0,0.0,3,0,5,1,0.06,0.04,97,62,probabilistic,18,66
1,Evolved FSM 16,2.7514243999269987,0.6494672195685266,4.0,1.0,0.5662913044799072,0.09603234516034936,0.19334532137948052,0.14433102898026284,0.9046875125568808,0.422442206045504,0.1075780140310962,0.30568676159071256,3,0,5,1,0.06,0.04,97,62,probabilistic,18,66
2,Evolved HMM 5,2.738078553189716,0.6356091243094653,4.0,1.0,0.562985091828834,0.07254933367476671,0.19549958795164254,0.1689659865447568,0.9984082343626286,0.433455666182487,0.012988845085450902,0.18972692178931388,3,0,5,1,0.06,0.04,97,62,probabilistic,18,66
3,Defector,2.6357951051107875,0.0,16.0,0.0,0.0,0.0,0.3631423050757623,0.6368576949242376,0.0,0.0,0.0,0.0,3,0,5,1,0.06,0.04,97,62,probabilistic,18,66
4,"DoubleCrosser: (D, D)",2.5959951548186844,0.6588401401453747,3.0,1.0,0.5919018688732033,0.07054836904376134,0.16590868112441465,0.17164108095862066,1.0,0.7809087071306439,0.01238390092879257,0.0,3,0,5,1,0.06,0.04,97,62,probabilistic,18,66
5,Win-Stay Lose-Shift,2.563996462883229,0.7454345846944787,1.0,1.0,0.6175153633859193,0.1398381526598142,0.11374070893215933,0.12890577502210718,1.0,0.0,0.0,1.0,3,0,5,1,0.06,0.04,97,62,probabilistic,18,66
6,Meta Winner: 16 players,2.557218640435797,0.12301381244158271,13.0,1.0,0.07711312485074458,0.046425190816748944,0.3638343368726889,0.5126273474598175,0.5371841797832974,0.31990114894550054,0.014797899560852012,0.04283334991523526,3,0,5,1,0.06,0.04,97,62,probabilistic,18,66
7,Tit For Tat,2.5505462184873946,0.7357536889589391,0.0,1.0,0.6033119364771309,0.13224433719613704,0.11964033904531102,0.14480338728142106,1.0,0.0,1.0,0.0,3,0,5,1,0.06,0.04,97,62,probabilistic,18,66
8,Soft Joss: 0.9,2.4948344929369597,0.7605067308744664,0.0,1.0,0.6125622620631552,0.14803580828250554,0.10785070981448712,0.13155121983985207,1.0,0.10721894145408689,1.0,0.1039805348912993,3,0,5,1,0.06,0.04,97,62,probabilistic,18,66
9,GTFT: 0.33,2.418736897045721,0.809291409979465,0.0,1.0,0.6362831147332477,0.1829645815719872,0.0793709701532324,0.10138133354153266,1.0,0.33667812307227474,1.0,0.34742158682259683,3,0,5,1,0.06,0.04,97,62,probabilistic,18,66
10,Cycler DC,2.3561179891136814,0.48986131540239547,7.0,0.0,0.16792918120986508,0.32187991299027574,0.26694568124416945,0.24324522455568975,0.0,0.0,1.0,1.0,3,0,5,1,0.06,0.04,97,62,probabilistic,18,66
11,Meta Mixer: 16 players,2.327488848513371,0.5029382957884427,8.0,0.7210430563978169,0.28314263115576455,0.2228672195398803,0.21158566413511756,0.28240448516923766,0.6268529297852301,0.39289412188985257,0.5946274734504341,0.38245385277242244,3,0,5,1,0.06,0.04,97,62,probabilistic,18,66
12,Tit For 2 Tats,2.29902876183153,0.8667614093419853,0.0,1.0,0.6909601260415976,0.16858651187856716,0.0235596624973823,0.11689369958245302,1.0,0.7503403202788177,1.0,0.0,3,0,5,1,0.06,0.04,97,62,probabilistic,18,66
13,Random: 0.5,2.2543153027155998,0.4995545073375262,7.0,0.4833232261976956,0.22164681697656266,0.2775623394502475,0.22388107578436497,0.2769097677888248,0.4963264027435844,0.49799603644555146,0.5003658249363157,0.5016229728819059,3,0,5,1,0.06,0.04,97,62,probabilistic,18,66
14,Alternator,2.2460362022765055,0.5101193292330337,6.0,1.0,0.19101252654384945,0.31919849324424915,0.2549834055808127,0.2348055746310887,0.0,0.0,1.0,1.0,3,0,5,1,0.06,0.04,97,62,probabilistic,18,66
15,Win-Shift Lose-Stay: D,2.1897954088256695,0.6224277942761032,7.0,0.0,0.20586400549121586,0.41398179649474154,0.23421001098787017,0.14594418702617235,0.0,1.0,1.0,0.0,3,0,5,1,0.06,0.04,97,62,probabilistic,18,66
16,Cooperator,2.094611271081859,1.0,0.0,1.0,0.6951052798968461,0.30489472010315377,0.0,0.0,1.0,1.0,0.0,0.0,3,0,5,1,0.06,0.04,97,62,probabilistic,18,66
17,Bully,2.0679919947379566,0.5941724321447579,8.0,0.0,0.17401264553140022,0.41031022333121997,0.21483037909733557,0.20084675204004418,0.0,1.0,0.0,1.0,3,0,5,1,0.06,0.04,97,62,probabilistic,18,66
0,Defector,2.8421703296703296,0.0,8.0,0.0,0.0,0.0,0.3845169806214367,0.6154830193785633,0.0,0.0,0.0,0.0,3,0,5,1,0.1,0.07,68,78,probabilistic,9,67
1,Cycler DC,2.6001536292654714,0.4814338943851985,4.0,0.0,0.19407632984478412,0.2872232113032577,0.3345930530657976,0.1841074057861606,0.0,0.0,1.0,1.0,3,0,5,1,0.1,0.07,68,78,probabilistic,9,67
2,Meta Winner: 8 players,2.460024704326175,0.15182080167670947,6.0,1.0,0.11008003302750427,0.04479780577206608,0.30946466840335896,0.5356574927970708,0.4619136351798163,0.682384064737006,0.03874043007145648,0.008273779585637192,3,0,5,1,0.1,0.07,68,78,probabilistic,9,67
3,Random: 0.5,2.371207904882474,0.49895941727367327,4.0,0.4944852941176471,0.2518336575699343,0.24706474985007704,0.24987276104684436,0.25122883153314435,0.49073019625594444,0.5099027008355772,0.4891013786326525,0.5065002487909541,3,0,5,1,0.1,0.07,68,78,probabilistic,9,67
4,Tit For Tat,2.3432291666666667,0.6680804487618005,0.0,1.0,0.554984505279127,0.1168501151480745,0.0900060441423341,0.2381593354304644,1.0,0.0,1.0,0.0,3,0,5,1,0.1,0.07,68,78,probabilistic,9,67
5,Soft Joss: 0.9,2.277246078197165,0.6654900896008689,0.0,1.0,0.5537943488256494,0.14019683831537627,0.08102887722132471,0.22497993563764968,1.0,0.1150789704335898,1.0,0.10897478295029521,3,0,5,1,0.1,0.07,68,78,probabilistic,9,67
6,Win-Stay Lose-Shift,2.245064484126984,0.768368136117556,0.0,1.0,0.5796190455269583,0.18630291861458773,0.06543144736733136,0.16864658849112263,1.0,0.0,0.0,1.0,3,0,5,1,0.1,0.07,68,78,probabilistic,9,67
7,Tit For 2 Tats,2.161952457264957,0.7891468682505399,0.0,1.0,0.6252283506612412,0.14960910980423636,0.01524959979091117,0.2099129397436113,1.0,0.6881592479873633,1.0,0.0,3,0,5,1,0.1,0.07,68,78,probabilistic,9,67
8,Cooperator,1.9534801136363635,1.0,0.0,1.0,0.6418813171483367,0.35811868285166326,0.0,0.0,1.0,1.0,0.0,0.0,3,0,5,1,0.1,0.07,68,78,probabilistic,9,67
0,Defector,3.018804443717533,0.0,10.0,0.0,0.0,0.0,0.460851023829266,0.539148976170734,0.0,0.0,0.0,0.0,3,0,5,1,0.1,0.03,94,102,probabilistic,11,68
1,Evolved HMM 5,2.751976586432368,0.6161219305673158,3.0,1.0,0.5391811287769837,0.07092760278006856,0.19957322469547253,0.19031804374747519,0.9970175815218236,0.358166843058521,0.017015233201867062,0.17883277991601979,3,0,5,1,0.1,0.03,94,102,probabilistic,11,68
2,"DoubleCrosser: (D, D)",2.6752456236823505,0.5851921395966202,2.5,1.0,0.5500969947864648,0.05364025939499485,0.18874264413182565,0.2075201016867148,1.0,0.7700848022812545,0.015681544028950542,0.0,3,0,5,1,0.1,0.03,94,102,probabilistic,11,68
3,Soft Joss: 0.9,2.4597386666963046,0.732818041892525,0.0,1.0,0.590509912427214,0.14509623450198342,0.10712272669927407,0.15727112637152857,1.0,0.09893460642830995,1.0,0.09920680129827099,3,0,5,1,0.1,0.03,94,102,probabilistic,11,68
4,Random: 0.5,2.4263601610005336,0.4990921928585838,5.5,0.46382978723404256,0.24326881935600295,0.25570708835159117,0.24192655076829808,0.25909754152410774,0.5112531625955063,0.49472304744148843,0.49371596682286495,0.5049808972457877,3,0,5,1,0.1,0.03,94,102,probabilistic,11,68
5,Win-Stay Lose-Shift,2.341710682864943,0.7732451678535097,0.0,1.0,0.6155038108510313,0.1616978860708731,0.06855808768403086,0.15424021539406466,1.0,0.0,0.0,1.0,3,0,5,1,0.1,0.03,94,102,probabilistic,11,68
6,Alternator,2.3389915557429637,0.50784832156364,4.0,1.0,0.2552176890955302,0.2526661922513938,0.23434495018356558,0.2577711684695104,0.0,0.0,1.0,1.0,3,0,5,1,0.1,0.03,94,102,probabilistic,11,68
7,Meta Mixer: 10 players,2.333359188713943,0.5159542644419332,5.0,0.8340425531914893,0.2976296180374956,0.2178903399361089,0.219528456181692,0.26495158584470346,0.570971477258603,0.4349133965199245,0.5464272205421477,0.45325205137364377,3,0,5,1,0.1,0.03,94,102,probabilistic,11,68
8,Tit For 2 Tats,2.300320367606858,0.8224136262460079,0.0,1.0,0.6613429890511433,0.16779386947002953,0.03984980166935182,0.13101333980947533,1.0,0.6803579637729728,1.0,0.0,3,0,5,1,0.1,0.03,94,102,probabilistic,11,68
9,Anti Tit For Tat,2.238195775328902,0.555782941642461,5.0,1.0,0.19246376751804026,0.36799282141673045,0.26058247573008914,0.1789609353351402,0.0,1.0,0.0,1.0,3,0,5,1,0.1,0.03,94,102,probabilistic,11,68
10,Cooperator,2.0170414070289135,1.0,0.0,1.0,0.6723323526009078,0.32766764739909204,0.0,0.0,1.0,1.0,0.0,0.0,3,0,5,1,0.1,0.03,94,102,probabilistic,11,68
0,Defector,3.529187917345812,0.0,6.0,0.0,0.0,0.0,0.6222814090203962,0.3777185909796037,0.0,0.0,0.0,0.0,3,0,5,1,0.06,0.06,96,194,probabilistic,7,69
1,Evolved FSM 16,2.6497787555714387,0.6753798746148124,1.0,1.0,0.5449410931734247,0.12733773486484237,0.19511833153235048,0.1326028404293826,0.9580838323353295,0.3790679195743799,0.145985401459854,0.3992456499639032,3,0,5,1,0.06,0.06,96,194,probabilistic,7,69
2,Meta Mixer: 6 players,2.3603156103156104,0.5499508679986899,3.0,0.8159722222222222,0.30518384194169185,0.24573628733470818,0.21128895249492885,0.23779091822867113,0.5891672085393533,0.4573392690850732,0.533590671139087,0.4921749686512831,3,0,5,1,0.06,0.06,96,194,probabilistic,7,69
3,Soft Joss: 0.9,2.3339646464646466,0.6932699265998139,0.0,1.0,0.6033465138966727,0.1129876954295594,0.06542022126740976,0.21824556940635817,1.0,0.08752307799049297,1.0,0.09533682177071627,3,0,5,1,0.06,0.06,96,194,probabilistic,7,69
4,Anti Tit For Tat,2.2895721227087327,0.5460776043863349,3.0,1.0,0.16804459353782752,0.3865026052437905,0.3062710466569724,0.13918175456140958,0.0,1.0,0.0,1.0,3,0,5,1,0.06,0.06,96,194,probabilistic,7,69
5,Win-Stay Lose-Shift,2.194049312470365,0.7951510170536265,0.0,1.0,0.614964937649219,0.1828325694278969,0.032760338814150476,0.16944215410873364,1.0,0.0,0.0,1.0,3,0,5,1,0.06,0.06,96,194,probabilistic,7,69
6,Cooperator,1.9050269905533064,1.0,0.0,1.0,0.6222565925145891,0.3777434074854109,0.0,0.0,1.0,1.0,0.0,0.0,3,0,5,1,0.06,0.06,96,194,probabilistic,7,69
0,Evolved HMM 5,2.9924338624338627,0.5289578163771712,6.0,1.0,0.4802265452347089,0.06095992464220499,0.2807181753128077,0.17809535481027838,0.9992627181125584,0.4906107811446232,0.009025270758122744,0.2022168051171136,3,0,5,1,0.07,0.01,47,84,probabilistic,16,70
1,Grudger,2.947573593073593,0.4209225266922632,6.0,1.0,0.406043886066715,0.011155333081351136,0.2930524990071305,0.28974828184480333,1.0,0.0,0.0,0.0,3,0,5,1,0.07,0.01,47,84,probabilistic,16,70
2,Evolved FSM 16,2.9341139341139337,0.5521909957706649,6.0,1.0,0.43625057932007455,0.11654550685094153,0.3040027206627045,0.14320119316627938,0.9022136663245839,0.536250302859752,0.20813747527112736,0.3541345927582764,3,0,5,1,0.07,0.01,47,84,probabilistic,16,70
3,"DoubleCrosser: (D, D)",2.879924100878502,0.5368875208154614,5.0,1.0,0.4861558107032442,0.03936236526313497,0.2671088502492222,0.20737297378439865,1.0,0.7807074733555354,0.002932551319648094,0.0,3,0,5,1,0.07,0.01,47,84,probabilistic,16,70
4,Meta Winner: 15 players,2.5151745495495494,0.05466100630510688,12.0,1.0,0.030508755802962383,0.024268837084266567,0.3769964134068305,0.5682259937059405,0.557596913735947,0.4185156391559174,0.014854890904987796,0.01746244252588422,3,0,5,1,0.07,0.01,47,84,probabilistic,16,70
5,Tit For Tat,2.453968253968254,0.6512948207171315,0.0,1.0,0.47532715034430256,0.17676970134211054,0.17162174594925847,0.17628140236432843,1.0,0.0,1.0,0.0,3,0,5,1,0.07,0.01,47,84,probabilistic,16,70
6,Defector,2.3994812700551225,0.0,13.0,0.0,0.0,0.0,0.343074067181088,0.656925932818912,0.0,0.0,0.0,0.0,3,0,5,1,0.07,0.01,47,84,probabilistic,16,70
7,Win-Stay Lose-Shift,2.3583790571290573,0.6777813401731324,1.0,1.0,0.49884143040133844,0.18433096384042574,0.13709629591743416,0.17973130984080168,1.0,0.0,0.0,1.0,3,0,5,1,0.07,0.01,47,84,probabilistic,16,70
8,Tit For 2 Tats,2.183968253968254,0.796221322537112,0.0,1.0,0.6177586843173474,0.18858015598506642,0.035715687405622906,0.1579454722919634,1.0,0.7413937067854213,1.0,0.0,3,0,5,1,0.07,0.01,47,84,probabilistic,16,70
9,Suspicious Tit For Tat,2.1792592592592595,0.45683229039415624,6.0,0.0,0.2694534307148537,0.19547607492194144,0.20271367251266378,0.33235682185054105,1.0,0.0,1.0,0.0,3,0,5,1,0.07,0.01,47,84,probabilistic,16,70
10,Cycler DC,1.838185261066617,0.4974251570777381,4.0,0.0,0.1566649497099934,0.34072772438988136,0.19749437568485018,0.3051129502152751,0.0,0.0,1.0,1.0,3,0,5,1,0.07,0.01,47,84,probabilistic,16,70
11,Random: 0.5,1.809426181942311,0.5029570907260601,4.0,0.4851063829787234,0.17767130981863416,0.325268156554717,0.1783153448040573,0.3187451888225915,0.5070044926865453,0.5018321923840505,0.5116927915871429,0.5064301455222966,3,0,5,1,0.07,0.01,47,84,probabilistic,16,70
12,Alternator,1.8063180827584242,0.502444777512961,2.0,1.0,0.16402185729752836,0.33844213940675577,0.19336538591849023,0.3041706173772257,0.0,0.0,1.0,1.0,3,0,5,1,0.07,0.01,47,84,probabilistic,16,70
13,Bully,1.6713664519762081,0.6232446509727825,5.0,0.0,0.17225112363095754,0.46300875049654217,0.18099978852721846,0.18374033734528183,0.0,1.0,0.0,1.0,3,0,5,1,0.07,0.01,47,84,probabilistic,16,70
14,Win-Shift Lose-Stay: D,1.6084544731177297,0.6091912983601541,4.0,0.0,0.15582309646315137,0.4449710322467585,0.16525217842190537,0.23395369286818468,0.0,1.0,1.0,0.0,3,0,5,1,0.07,0.01,47,84,probabilistic,16,70
15,Anti Tit For Tat,1.3447433025529263,0.7068637494511928,3.0,1.0,0.18157107905763123,0.5289940368782039,0.11133350202301802,0.1781013820411467,0.0,1.0,0.0,1.0,3,0,5,1,0.07,0.01,47,84,probabilistic,16,70
0,Grudger,2.769339772161234,0.5248847926267282,4.0,1.0,0.47986069049061175,0.03923701579581195,0.2403841635360197,0.24051813017755658,1.0,0.0,0.0,0.0,3,0,5,1,0.09,0.07,60,143,probabilistic,14,71
1,Defector,2.6900429597220756,0.0,11.0,0.0,0.0,0.0,0.36036252877074004,0.63963747122926,0.0,0.0,0.0,0.0,3,0,5,1,0.09,0.07,60,143,probabilistic,14,71
2,Evolved FSM 16,2.6732855695469677,0.6636194029850746,3.0,1.0,0.5291940213291533,0.12069399676281925,0.22734803493335626,0.12276394697467129,0.9074743372814438,0.5019556703990135,0.3540390248073543,0.22920818004687135,3,0,5,1,0.09,0.07,60,143,probabilistic,14,71
3,Suspicious Tit For Tat,2.5492979242979246,0.5072950662315223,7.0,0.0,0.32108661790786436,0.1858526519671241,0.22755060796506582,0.2655101221599457,1.0,0.0,1.0,0.0,3,0,5,1,0.09,0.07,60,143,probabilistic,14,71
4,Tit For Tat,2.512650316500058,0.7330921938088829,0.0,1.0,0.5317438347404073,0.18962829030346426,0.17063056688578235,0.10799730807034601,1.0,0.0,1.0,0.0,3,0,5,1,0.09,0.07,60,143,probabilistic,14,71
5,Cycler DC,2.4712027558586263,0.48131484712147643,5.0,0.0,0.17756339799085558,0.303465046263455,0.3096540588763265,0.2093174968693629,0.0,0.0,1.0,1.0,3,0,5,1,0.09,0.07,60,143,probabilistic,14,71
6,"DoubleCrosser: (D, D)",2.4235468151757744,0.7183379597501734,2.0,1.0,0.6092639635603971,0.10992277888373898,0.15776609381468462,0.1230471637411792,1.0,0.8274088142258711,0.07317073170731707,0.0,3,0,5,1,0.09,0.07,60,143,probabilistic,14,71
7,Win-Shift Lose-Stay: D,2.4227360075273134,0.5018786398647379,6.0,0.0,0.21845779585102928,0.2809628913521206,0.2589082823525415,0.24167103044430865,0.0,1.0,1.0,0.0,3,0,5,1,0.09,0.07,60,143,probabilistic,14,71
8,Alternator,2.4013570486427325,0.5186294701366785,5.0,1.0,0.20377195386498156,0.315314614257607,0.2908125784644209,0.1901008534129906,0.0,0.0,1.0,1.0,3,0,5,1,0.09,0.07,60,143,probabilistic,14,71
9,GTFT: 0.33,2.3706824875793675,0.823941033774958,0.0,1.0,0.6208406233621332,0.20778172908900827,0.09931580546313094,0.07206184208572743,1.0,0.3295840423453277,1.0,0.3837465724327038,3,0,5,1,0.09,0.07,60,143,probabilistic,14,71
10,Meta Mixer: 13 players,2.3372684338231373,0.5233412975555964,5.0,0.6423076923076924,0.3101550287220273,0.21582749466792647,0.22304299857364246,0.25097447803640377,0.6351362941627728,0.4009567082740495,0.627531017699744,0.37725388416254146,3,0,5,1,0.09,0.07,60,143,probabilistic,14,71
11,Tit For 2 Tats,2.2453883723114494,0.8877225011410315,0.0,1.0,0.700731810194588,0.1914319869474156,0.019911665447246343,0.08792453741075018,1.0,0.8277956184346341,1.0,0.0,3,0,5,1,0.09,0.07,60,143,probabilistic,14,71
12,Bully,2.1935448456110724,0.5439203807875379,6.0,0.0,0.17892943371120376,0.36686432847502054,0.23516029051135814,0.2190459473024175,0.0,1.0,0.0,1.0,3,0,5,1,0.09,0.07,60,143,probabilistic,14,71
13,Cooperator,2.089738522347218,1.0,0.0,1.0,0.7061351491711964,0.2938648508288036,0.0,0.0,1.0,1.0,0.0,0.0,3,0,5,1,0.09,0.07,60,143,probabilistic,14,71
0,Evolved FSM 16,2.933293456271397,0.5935472242249459,4.0,1.0,0.49262806882804194,0.09337153364885206,0.2869333487986317,0.12706704872447436,0.8688209414982774,0.5331258290034601,0.3157945370719587,0.23702016429756376,3,0,5,1,0.07,0.05,89,144,probabilistic,13,72
1,Evolved HMM 5,2.925672218648225,0.6077087586273938,4.0,1.0,0.5505711781754846,0.0539878177778692,0.262771495054976,0.13266950899167013,0.9990747166319686,0.4711320148710068,0.0036516366607531607,0.15400048638132297,3,0,5,1,0.07,0.05,89,144,probabilistic,13,72
2,Suspicious Tit For Tat,2.6747415784159183,0.5698018885391594,7.0,0.0,0.2921471995638325,0.27869972855278835,0.30884444608917677,0.12030862579420239,1.0,0.0,1.0,0.0,3,0,5,1,0.07,0.05,89,144,probabilistic,13,72
3,Tit For Tat,2.5473399599899973,0.695736883610892,0.0,1.0,0.5048756205539043,0.20183174201212947,0.18765196770471257,0.10564066972925353,1.0,0.0,1.0,0.0,3,0,5,1,0.07,0.05,89,144,probabilistic,13,72
4,Soft Joss: 0.9,2.5194994819994823,0.7486229588106263,0.0,1.0,0.5639731360787371,0.192337713367875,0.15181452500949932,0.09187462554388853,1.0,0.09455078176400919,1.0,0.10532075332495594,3,0,5,1,0.07,0.05,89,144,probabilistic,13,72
5,Bully,2.4106025918525917,0.5042157771597581,6.0,0.0,0.2076787106506215,0.29528622794661435,0.26404414506364443,0.23299091633911975,0.0,1.0,0.0,1.0,3,0,5,1,0.07,0.05,89,144,probabilistic,13,72
6,GTFT: 0.33,2.404805896446096,0.8132059079061685,0.0,1.0,0.6031070309263135,0.21287907154561025,0.10666959541159836,0.07734430211647791,1.0,0.338797409781341,1.0,0.3206761542628084,3,0,5,1,0.07,0.05,89,144,probabilistic,13,72
7,Cycler DC,2.4047035947979345,0.48685898959174945,5.0,0.0,0.15166013688986324,0.33515386060861824,0.29758053901676146,0.21560546348475718,0.0,0.0,1.0,1.0,3,0,5,1,0.07,0.05,89,144,probabilistic,13,72
8,Meta Mixer: 11 players,2.365582066159797,0.4914343920733401,5.0,0.7031835205992509,0.2538859654205126,0.2390517774067086,0.2469577161016138,0.26010454107116504,0.593283287285728,0.3759589935994296,0.5545592209659522,0.40744078057313105,3,0,5,1,0.07,0.05,89,144,probabilistic,13,72
9,Meta Winner: 11 players,2.3468729248334514,0.3638841887572852,6.0,1.0,0.17698223090702048,0.18834968961834664,0.3361070928082043,0.29856098666642855,0.5710496121705909,0.6744053770663667,0.1434883752520157,0.31396109746061535,3,0,5,1,0.07,0.05,89,144,probabilistic,13,72
10,Win-Stay Lose-Shift,2.3064524856863566,0.7367227823066904,0.0,1.0,0.5590346027663868,0.1834533242966533,0.08681023633246386,0.17070183660449595,1.0,0.0,0.0,1.0,3,0,5,1,0.07,0.05,89,144,probabilistic,13,72
11,Alternator,2.2932328494294123,0.5125176470588235,3.0,1.0,0.17635245261808805,0.3362904480840954,0.27236475147505274,0.2149923478227638,0.0,0.0,1.0,1.0,3,0,5,1,0.07,0.05,89,144,probabilistic,13,72
12,Anti Tit For Tat,2.0138189253839585,0.5977610869253217,4.0,1.0,0.24095880083981358,0.36784097125780074,0.16998404725762636,0.22121618064475915,0.0,1.0,0.0,1.0,3,0,5,1,0.07,0.05,89,144,probabilistic,13,72
0,Evolved HMM 5,2.7128240191663835,0.6622251600333983,3.5,1.0,0.5942063315442231,0.07067175623937456,0.15454561232945074,0.18057629988695167,0.9989639989639989,0.48776694859580244,0.011124845488257108,0.19870813584935285,3,0,5,1,0.01,0.02,78,35,probabilistic,15,73
1,Grudger,2.663711968702721,0.5343647615580633,4.0,1.0,0.5144041568882194,0.019679524613593395,0.169589013476031,0.29632730502215615,1.0,0.0,0.0,0.0,3,0,5,1,0.01,0.02,78,35,probabilistic,15,73
2,Evolved FSM 16,2.6438148612541195,0.6761649818604487,3.0,1.0,0.5522954354235429,0.128466468130411,0.17328289869620964,0.14595519774983653,0.9040467302087533,0.5165896420204238,0.3795111676093271,0.35803605242074826,3,0,5,1,0.01,0.02,78,35,probabilistic,15,73
3,"DoubleCrosser: (D, D)",2.6130804321602827,0.6780418081114883,3.0,1.0,0.6068446063481997,0.06640342585000601,0.13174895352727248,0.19500301427452177,1.0,0.7940969190130973,0.0,0.0,3,0,5,1,0.01,0.02,78,35,probabilistic,15,73
4,Tit For Tat,2.4878137505466698,0.6992652018032729,0.0,1.0,0.5463189874360624,0.15044255378033786,0.13682419995901976,0.16641425882458,1.0,0.0,1.0,0.0,3,0,5,1,0.01,0.02,78,35,probabilistic,15,73
5,Soft Joss: 0.9,2.460128596893303,0.7362494115943079,0.0,1.0,0.591299664854544,0.14936535698477504,0.10855281065090797,0.150782167509773,1.0,0.10097969536115994,1.0,0.10319167066489805,3,0,5,1,0.01,0.02,78,35,probabilistic,15,73
6,Defector,2.396679863012203,0.0,13.0,0.0,0.0,0.0,0.3388180966074988,0.6611819033925013,0.0,0.0,0.0,0.0,3,0,5,1,0.01,0.02,78,35,probabilistic,15,73
7,GTFT: 0.33,2.3801793943383807,0.8037770443711038,0.0,1.0,0.6339979877412639,0.17632963808642302,0.07244395443265579,0.1172284197396573,1.0,0.3372983215965643,1.0,0.3153469449856161,3,0,5,1,0.01,0.02,78,35,probabilistic,15,73
8,Meta Winner: 14 players,2.3662409066497414,0.09479683765398052,11.0,1.0,0.06787580732143214,0.027219777268736606,0.30400944149047027,0.6008949739193609,0.609580998663276,0.45272439159661987,0.018383095037994453,0.008829980788154971,3,0,5,1,0.01,0.02,78,35,probabilistic,15,73
9,Suspicious Tit For Tat,2.356521079171455,0.519024251475713,7.0,0.0,0.2964025706131445,0.21354362995165163,0.23270549829348994,0.25734830114171386,1.0,0.0,1.0,0.0,3,0,5,1,0.01,0.02,78,35,probabilistic,15,73
10,Win-Stay Lose-Shift,2.311776318919176,0.7581904414447282,0.0,1.0,0.5846402145049039,0.1748001691843686,0.0776956313756569,0.1628639849350706,1.0,0.0,0.0,1.0,3,0,5,1,0.01,0.02,78,35,probabilistic,15,73
11,Cycler DC,1.9770739622729514,0.48510000365644085,5.0,0.0,0.10511874164395199,0.37997900239037524,0.25285822732852753,0.2620440286371453,0.0,0.0,1.0,1.0,3,0,5,1,0.01,0.02,78,35,probabilistic,15,73
12,Random: 0.5,1.9215719621181806,0.5033305427146653,5.0,0.489010989010989,0.19200888174604566,0.31142611761227684,0.18835836160321456,0.3082066390384629,0.49637759213987576,0.510961464545778,0.4928011625916217,0.5065157505085837,3,0,5,1,0.01,0.02,78,35,probabilistic,15,73
13,Alternator,1.9005648075147858,0.5148778089376116,3.0,1.0,0.12567397042911185,0.3892153137098942,0.23400244365780054,0.25110827220319343,0.0,0.0,1.0,1.0,3,0,5,1,0.01,0.02,78,35,probabilistic,15,73
14,Anti Tit For Tat,1.6022890819107083,0.6671893375147001,4.0,1.0,0.2028543011613726,0.4623854536027633,0.1444930439767816,0.1902672012590825,0.0,1.0,0.0,1.0,3,0,5,1,0.01,0.02,78,35,probabilistic,15,73
0,Grudger,3.0274395857307246,0.4730936569727502,2.0,1.0,0.426744632954483,0.027072435583256234,0.31525416933215344,0.2309287621301072,1.0,0.0,0.0,0.0,3,0,5,1,0.04,0.04,40,93,probabilistic,6,74
1,Evolved FSM 16,2.9656803069053708,0.5673541026766126,2.0,1.0,0.45494857162000046,0.0960023033959795,0.29155455390908136,0.15749457107493864,0.9425925925925926,0.43932832523199294,0.16000514308805702,0.3216773474505433,3,0,5,1,0.04,0.04,40,93,probabilistic,6,74
2,Meta Winner: 5 players,2.6925238095238093,0.23376361436062928,3.0,1.0,0.11723589094926774,0.12549293931321043,0.3838103943176865,0.3734607754198353,0.5175287363594565,0.7259237599567221,0.41878194958575704,0.2906820033771296,3,0,5,1,0.04,0.04,40,93,probabilistic,6,74
3,Tit For 2 Tats,2.185891572930113,0.8197626841243862,0.0,1.0,0.584795128218992,0.24221406741906226,0.05708132499230849,0.11590947936963732,1.0,0.6965319771167581,1.0,0.0,3,0,5,1,0.04,0.04,40,93,probabilistic,6,74
4,Cycler DC,2.081755243100912,0.48859934853420195,2.0,0.0,0.21861350024974197,0.2699377697494615,0.1549031456409578,0.35654558435983874,0.0,0.0,1.0,1.0,3,0,5,1,0.04,0.04,40,93,probabilistic,6,74
5,Anti Tit For Tat,1.5166131416973372,0.709728239464356,1.0,1.0,0.17765342504208811,0.5485105375787667,0.10662646484754881,0.16720957253159643,0.0,1.0,0.0,1.0,3,0,5,1,0.04,0.04,40,93,probabilistic,6,74
0,Bully,3.214196189839572,0.30536997885835093,7.0,0.0,0.20365197814780217,0.10133148692169255,0.4737779790696048,0.22123855586090052,0.0,1.0,0.0,1.0,3,0,5,1,0.02,0.01,68,24,probabilistic,9,75
1,Alternator,2.8428847420695247,0.5021656050955414,5.0,1.0,0.33708091421818237,0.16510602712558264,0.33118114419756933,0.16663191445866568,0.0,0.0,1.0,1.0,3,0,5,1,0.02,0.01,68,24,probabilistic,9,75
2,Meta Winner: 8 players,2.7138888888888886,0.4339816639533887,4.0,1.0,0.22888067458207814,0.2030022685617669,0.3674597738358,0.200657283020355,0.5790273455484496,0.654916988319452,1.0,0.7769349440634142,3,0,5,1,0.02,0.01,68,24,probabilistic,9,75
3,Tit For Tat,2.6458333333333335,0.7626609442060086,0.0,1.0,0.6002523863015711,0.1567098591809554,0.14949005273968985,0.09354770177778367,1.0,0.0,1.0,0.0,3,0,5,1,0.02,0.01,68,24,probabilistic,9,75
4,Anti Tit For Tat,2.5866319444444446,0.4550089217435636,5.0,1.0,0.237858062910783,0.21456526417595867,0.32651805046700755,0.22105862244625088,0.0,1.0,0.0,1.0,3,0,5,1,0.02,0.01,68,24,probabilistic,9,75
5,GTFT: 0.33,2.4140625,0.8189684424838819,0.0,1.0,0.6180953317070566,0.19892393054916335,0.09386105884177856,0.08911967890200156,1.0,0.31915836725862096,1.0,0.34249105973316035,3,0,5,1,0.02,0.01,68,24,probabilistic,9,75
6,Tit For 2 Tats,2.322916666666667,0.8541474461125556,0.0,1.0,0.636105162573501,0.21907111015143518,0.06747427323011534,0.07734945404494842,1.0,0.6266070781338994,1.0,0.0,3,0,5,1,0.02,0.01,68,24,probabilistic,9,75
7,Win-Stay Lose-Shift,2.28125,0.8142332963563444,0.0,1.0,0.6571984813157378,0.15676761839261716,0.03114421123899797,0.15488968905264708,1.0,0.0,0.0,1.0,3,0,5,1,0.02,0.01,68,24,probabilistic,9,75
8,Cooperator,1.71875,1.0,0.0,1.0,0.5745710214386085,0.4254289785613915,0.0,0.0,1.0,1.0,0.0,0.0,3,0,5,1,0.02,0.01,68,24,probabilistic,9,75
0,Win-Shift Lose-Stay: D,2.642096194867934,0.5491047205642974,4.0,0.0,0.2677659534643664,0.271711051003956,0.31559822744477256,0.14492476808690516,0.0,1.0,1.0,0.0,3,0,5,1,0.01,0.08,36,151,probabilistic,9,76
1,Cycler DC,2.581312845651081,0.4806704514733712,4.0,0.0,0.16922646033538363,0.3109773674118443,0.35301701518964423,0.166779157063128,0.0,0.0,1.0,1.0,3,0,5,1,0.01,0.08,36,151,probabilistic,9,76
2,Alternator,2.540252976190476,0.5213405900887997,3.0,1.0,0.2080951382428065,0.3136973090769924,0.3332286305376712,0.1449789221425299,0.0,0.0,1.0,1.0,3,0,5,1,0.01,0.08,36,151,probabilistic,9,76
3,Tit For Tat,2.523455306267806,0.7315076228119707,0.0,1.0,0.49136097668379675,0.23797215559104412,0.21420569710994186,0.056461170615217285,1.0,0.0,1.0,0.0,3,0,5,1,0.01,0.08,36,151,probabilistic,9,76
4,"DoubleCrosser: (D, D)",2.4936733405483404,0.6011337284205102,2.0,1.0,0.47954984409087326,0.14750366433649736,0.26542531952953996,0.10752117204308939,1.0,0.8025128766508077,0.0,0.0,3,0,5,1,0.01,0.08,36,151,probabilistic,9,76
5,Random: 0.5,2.427129768988322,0.5014694095645205,4.0,0.4826388888888889,0.25924061686217703,0.24331042051170373,0.2551793513190258,0.24226961130709346,0.49887550163093086,0.5070517229472447,0.4866706980118679,0.520159570902484,3,0,5,1,0.01,0.08,36,151,probabilistic,9,76
6,Soft Joss: 0.9,2.4202116489832006,0.7516374115797747,0.0,1.0,0.4986508720518325,0.24590905156197357,0.1963272702842269,0.059112806101967084,1.0,0.08980206602173894,1.0,0.09924760601915185,3,0,5,1,0.01,0.08,36,151,probabilistic,9,76
7,Bully,2.342389126396479,0.5052603892688059,4.0,0.0,0.2643751598020547,0.2338736588056055,0.1957267396237928,0.3060244417685471,0.0,1.0,0.0,1.0,3,0,5,1,0.01,0.08,36,151,probabilistic,9,76
8,GTFT: 0.33,2.327716138538749,0.8170160295930949,0.0,1.0,0.5362993376223674,0.2690751510474121,0.14532157830841363,0.049303933021806856,1.0,0.3257418405533647,1.0,0.4148965517241379,3,0,5,1,0.01,0.08,36,151,probabilistic,9,76
0,Grudger,3.0476190476190474,0.5049744554987899,4.0,1.0,0.4077713402067134,0.09951237286565971,0.3261961433576457,0.16652014356998115,1.0,0.0,0.0,0.0,3,0,5,1,0.03,0.02,94,7,probabilistic,7,77
1,Tit For Tat,2.5,0.7163370360335952,0.0,1.0,0.45435124021333034,0.2627408722174875,0.2111262004849519,0.0717816870842302,1.0,0.0,1.0,0.0,3,0,5,1,0.03,0.02,94,7,probabilistic,7,77
2,Alternator,2.380952380952381,0.5711995725353994,2.0,1.0,0.24263535357988777,0.3285730475385184,0.310517970995688,0.11827362788590574,0.0,0.0,1.0,1.0,3,0,5,1,0.03,0.02,94,7,probabilistic,7,77
3,Cycler DC,2.357142857142857,0.42826780021253985,3.0,0.0,0.11980404463887877,0.3084548999175412,0.3595961566737578,0.21214489876982215,0.0,0.0,1.0,1.0,3,0,5,1,0.03,0.02,94,7,probabilistic,7,77
4,Bully,2.326190476190476,0.42248584524130495,3.0,0.0,0.21522588421099395,0.20830136238552574,0.27070919766596524,0.3057635557375151,0.0,1.0,0.0,1.0,3,0,5,1,0.03,0.02,94,7,probabilistic,7,77
5,GTFT: 0.33,2.261904761904762,0.798048251558688,0.0,1.0,0.5066721343992887,0.2934320382775892,0.13294100196619826,0.06695482535692383,1.0,0.34816325037185486,1.0,0.28591319377760704,3,0,5,1,0.03,0.02,94,7,probabilistic,7,77
6,Meta Winner: 6 players,2.142857142857143,0.6370646104759372,2.0,1.0,0.3095073318136104,0.32862504420271477,0.21855296626082965,0.1433146577228452,0.7029699095189207,0.8223247512564922,1.0,0.764367816091954,3,0,5,1,0.03,0.02,94,7,probabilistic,7,77
0,Grudger,2.908333333333333,0.7991463720813458,1.0,1.0,0.7660944206008582,0.01931330472103004,0.10515021459227465,0.10944206008583689,1.0,0.0,0.0,0.0,3,0,5,1,0.01,0.07,77,30,probabilistic,5,78
1,Evolved HMM 5,2.8421052631578947,0.843166918809884,1.0,1.0,0.7875939849624061,0.045381310418904405,0.07787325456498388,0.08915145005370569,1.0,0.42038216560509556,0.007633587786259542,0.11726384364820847,3,0,5,1,0.01,0.07,77,30,probabilistic,5,78
2,Soft Joss: 0.9,2.7583333333333333,0.8935516888433982,0.0,1.0,0.8148050579557429,0.07560590094836671,0.05347734457323498,0.05611169652265543,1.0,0.10687022900763359,1.0,0.09900990099009901,3,0,5,1,0.01,0.07,77,30,probabilistic,5,78
3,Cooperator,2.625,1.0,0.0,1.0,0.8755144032921811,0.12448559670781893,0.0,0.0,1.0,1.0,0.0,0.0,3,0,5,1,0.01,0.07,77,30,probabilistic,5,78
4,Random: 0.5,2.5898692810457518,0.48070824524312894,2.0,0.45454545454545453,0.24400786681118836,0.23650081373049353,0.2647861127961201,0.25470520666219804,0.4726511769480519,0.4756740182494911,0.4612577570599038,0.497159157838301,3,0,5,1,0.01,0.07,77,30,probabilistic,5,78
0,Grudger,2.831944444444445,0.5341589388425871,7.0,1.0,0.47977312965331986,0.051180430122142934,0.23440455216059272,0.23464188806394454,1.0,0.0,0.0,0.0,3,0,5,1,0.05,0.02,88,12,probabilistic,19,79
1,Evolved HMM 5,2.7901234567901234,0.6620746015994396,6.0,1.0,0.5567274685010335,0.10594645625715199,0.19737830680341736,0.1399477684383973,0.9995915032679739,0.4711032975242596,0.009448231564552555,0.17686768831702374,3,0,5,1,0.05,0.02,88,12,probabilistic,19,79
2,Evolved FSM 16,2.752314814814815,0.6692194403534609,5.0,1.0,0.5333823384793035,0.13312636388010765,0.20683723944412602,0.1266540581964628,0.9206016558957736,0.4127601006233753,0.3803233013377283,0.34977825605175233,3,0,5,1,0.05,0.02,88,12,probabilistic,19,79
3,Defector,2.544917428250762,0.0,16.0,0.0,0.0,0.0,0.37509727768808687,0.6249027223119131,0.0,0.0,0.0,0.0,3,0,5,1,0.05,0.02,88,12,probabilistic,19,79
4,Meta Winner: 17 players,2.507771164021164,0.28241583925738795,14.0,1.0,0.16704658763696406,0.11546211340086741,0.32286821701450963,0.3946230819476588,0.5531936565971242,0.38307849593751053,0.036405759460047045,0.14799472661937213,3,0,5,1,0.05,0.02,88,12,probabilistic,19,79
5,"DoubleCrosser: (D, D)",2.5069444444444446,0.7846743295019157,3.0,1.0,0.6106216413020551,0.17620771512698236,0.11748754871503664,0.09568309485592583,1.0,0.7964767849418539,0.0196078431372549,0.0,3,0,5,1,0.05,0.02,88,12,probabilistic,19,79
6,Tit For Tat,2.502535273368607,0.7118774399621436,0.0,1.0,0.5365283703714306,0.1760954419552121,0.1533916033828768,0.13398458429048044,1.0,0.0,1.0,0.0,3,0,5,1,0.05,0.02,88,12,probabilistic,19,79
7,Soft Joss: 0.9,2.4652777777777777,0.7486713121530648,0.0,1.0,0.5668568480009614,0.18293818370728335,0.12972272442710414,0.12048224386465096,1.0,0.10329184507032659,1.0,0.09213875661679226,3,0,5,1,0.05,0.02,88,12,probabilistic,19,79
8,Win-Stay Lose-Shift,2.4286315536315537,0.7259824046920821,1.0,1.0,0.556549090914356,0.1695590243634651,0.12210822805867602,0.15178365666350296,1.0,0.0,0.0,1.0,3,0,5,1,0.05,0.02,88,12,probabilistic,19,79
9,GTFT: 0.33,2.347883597883598,0.8163810630264304,0.0,1.0,0.6039544655244673,0.21366340084745283,0.09107900704766649,0.09130312658041347,1.0,0.3467923882171298,1.0,0.32763696934041014,3,0,5,1,0.05,0.02,88,12,probabilistic,19,79
10,Suspicious Tit For Tat,2.34239417989418,0.4809660253786328,7.0,0.0,0.27646081841244885,0.2040172360054788,0.2431811842813779,0.2763407613006945,1.0,0.0,1.0,0.0,3,0,5,1,0.05,0.02,88,12,probabilistic,19,79
11,Meta Mixer: 17 players,2.2858465608465606,0.5172049944310921,8.0,0.6609848484848485,0.2935138477063331,0.2238441959420835,0.22828247762077744,0.254359478730806,0.6021059374815594,0.39506737891521104,0.5938323287946927,0.3910559379596929,3,0,5,1,0.05,0.02,88,12,probabilistic,19,79
12,Tit For 2 Tats,2.245679012345679,0.8766653092093781,0.0,1.0,0.6670635872891238,0.2086137277165674,0.03190338816367287,0.0924192968306359,1.0,0.7565846761920187,1.0,0.0,3,0,5,1,0.05,0.02,88,12,probabilistic,19,79
13,Alternator,2.2338734567901235,0.5048317615554779,6.0,1.0,0.21837597847709903,0.2864613968862935,0.2678872677673849,0.22727535686922248,0.0,0.0,1.0,1.0,3,0,5,1,0.05,0.02,88,12,probabilistic,19,79
14,Cycler DC,2.2236652236652237,0.49483806265117103,6.0,0.0,0.18046245386432264,0.3143633702017344,0.28136681387646173,0.2238073620574813,0.0,0.0,1.0,1.0,3,0,5,1,0.05,0.02,88,12,probabilistic,19,79
15,Random: 0.5,2.1923460798460797,0.49497472840295126,7.0,0.5119949494949495,0.2314581719276695,0.26341497973434613,0.23575634328562486,0.26937050505235954,0.476638598491144,0.5030476340995563,0.4867116545561526,0.5027848162059372,3,0,5,1,0.05,0.02,88,12,probabilistic,19,79
16,Win-Shift Lose-Stay: D,2.094853294853295,0.5470257472625037,6.0,0.0,0.20104640629405116,0.3434336679212669,0.2457569123536826,0.20976301343099935,0.0,1.0,1.0,0.0,3,0,5,1,0.05,0.02,88,12,probabilistic,19,79
17,Bully,2.073204264870932,0.5239209264241432,7.0,0.0,0.17681140173112866,0.34675236260285963,0.25316917264625716,0.22326706301975463,0.0,1.0,0.0,1.0,3,0,5,1,0.05,0.02,88,12,probabilistic,19,79
18,Anti Tit For Tat,1.7894991582491584,0.6227653713146943,4.0,1.0,0.22196244896280962,0.40070040043840194,0.17810220237236576,0.19923494822642268,0.0,1.0,0.0,1.0,3,0,5,1,0.05,0.02,88,12,probabilistic,19,79
0,Evolved HMM 5,2.971894078144078,0.7595261358085003,3.0,1.0,0.726619120701265,0.0413485397352576,0.17818929123116048,0.05384304833231688,0.999706572769953,0.49290172310158287,0.014336917562724014,0.17538265306122447,3,0,5,1,0.03,0.06,80,183,probabilistic,13,80
1,Grudger,2.9413769378377013,0.6640971168437025,3.0,1.0,0.6338696227312534,0.022880181035196682,0.1953484435963823,0.14790175263716773,1.0,0.0,0.0,0.0,3,0,5,1,0.03,0.06,80,183,probabilistic,13,80
2,"DoubleCrosser: (D, D)",2.8399574644672683,0.8193193193193193,2.0,1.0,0.7573705820371436,0.06397402262727982,0.13659681090659062,0.04205858442898606,1.0,0.8416337648954185,0.14666666666666667,0.0,3,0,5,1,0.03,0.06,80,183,probabilistic,13,80
3,Win-Stay Lose-Shift,2.7731850906643625,0.7988663142475002,1.0,1.0,0.6888917985640092,0.10273227357418523,0.1198056453186941,0.08857028254311146,1.0,0.0,0.0,1.0,3,0,5,1,0.03,0.06,80,183,probabilistic,13,80
4,Meta Winner: 11 players,2.729902843186512,0.34879203593541336,6.0,1.0,0.22854636237539874,0.1272478752071096,0.34319844277855177,0.30100731963893984,0.6439731664620485,0.7779792945766248,0.1760010085238665,0.33611756803529885,3,0,5,1,0.03,0.06,80,183,probabilistic,13,80
5,Soft Joss: 0.9,2.7164441712675407,0.8489790836653387,0.0,1.0,0.7317247955849023,0.11735969900641698,0.08864036700040391,0.06227513840827693,1.0,0.11408208570889147,1.0,0.08541240363700153,3,0,5,1,0.03,0.06,80,183,probabilistic,13,80
6,GTFT: 0.33,2.6449919642654196,0.8952279559118237,0.0,1.0,0.7695816238143441,0.12495328668029415,0.058085300864186146,0.04737978864117565,1.0,0.34523732900768866,1.0,0.37099871209460256,3,0,5,1,0.03,0.06,80,183,probabilistic,13,80
7,Suspicious Tit For Tat,2.643889631109058,0.5581989163604658,7.0,0.0,0.4561911059095555,0.11255622964484152,0.1508946134797749,0.2803580509658281,1.0,0.0,1.0,0.0,3,0,5,1,0.03,0.06,80,183,probabilistic,13,80
8,Tit For 2 Tats,2.6036816178078004,0.9337744048777323,0.0,1.0,0.8111815446556357,0.12033029481586159,0.02516624533184254,0.043321915196660045,1.0,0.7698168540984355,1.0,0.0,3,0,5,1,0.03,0.06,80,183,probabilistic,13,80
9,Meta Mixer: 11 players,2.5812255628507383,0.6442354965585054,4.5,0.8177083333333334,0.47230610044451055,0.17368161339893642,0.17087189592629826,0.18314039023025472,0.766957487291365,0.4278502081607987,0.711300135794004,0.41892324833530453,3,0,5,1,0.03,0.06,80,183,probabilistic,13,80
10,Anti Tit For Tat,2.4474316906048648,0.5588108573890564,6.0,1.0,0.1945945100690151,0.36425632680353,0.2743960921333451,0.16675307099410985,0.0,1.0,0.0,1.0,3,0,5,1,0.03,0.06,80,183,probabilistic,13,80
11,Cooperator,2.432762896825397,1.0,0.0,1.0,0.7967676815187962,0.2032323184812038,0.0,0.0,1.0,1.0,0.0,0.0,3,0,5,1,0.03,0.06,80,183,probabilistic,13,80
12,Win-Shift Lose-Stay: D,2.4314003236464328,0.6256238587948874,6.0,0.0,0.20673601805069142,0.41284377772386316,0.24620329016674647,0.1342169140586988,0.0,1.0,1.0,0.0,3,0,5,1,0.03,0.06,80,183,probabilistic,13,80
0,Evolved FSM 16,2.880245373218368,0.5181012245382038,5.0,1.0,0.3981238139192281,0.1263782300550009,0.32188209053024547,0.15361586549552556,0.8869040491078636,0.5300728470128551,0.21868794828502736,0.34707766378658256,3,0,5,1,0.05,0.02,53,117,probabilistic,15,81
1,"DoubleCrosser: (D, D)",2.7777752123643897,0.5008863152918932,5.0,1.0,0.4534362700599373,0.04917576203571354,0.278017132012282,0.21937083589206718,1.0,0.7858428507439682,0.0,0.0,3,0,5,1,0.05,0.02,53,117,probabilistic,15,81
2,Meta Winner: 14 players,2.7367771858056194,0.06652932622394571,11.0,1.0,0.037840458031576284,0.029081948842821944,0.43984669366749035,0.49323089945811144,0.5769438711464059,0.40894868346848007,0.01791928632127723,0.024044550687395683,3,0,5,1,0.05,0.02,53,117,probabilistic,15,81
3,Defector,2.6670591805640202,0.0,12.0,0.0,0.0,0.0,0.40703034866999194,0.592969651330008,0.0,0.0,0.0,0.0,3,0,5,1,0.05,0.02,53,117,probabilistic,15,81
4,Tit For Tat,2.424351206164142,0.628583680470473,0.0,1.0,0.43912427284576144,0.19168943704420097,0.18313694902385344,0.1860493410861841,1.0,0.0,1.0,0.0,3,0,5,1,0.05,0.02,53,117,probabilistic,15,81
5,Soft Joss: 0.9,2.3706502739737774,0.6899194634891171,0.0,1.0,0.49779614402530015,0.18720322012677607,0.14355241447085573,0.17144822137706794,1.0,0.11271989006558313,1.0,0.09551252860919916,3,0,5,1,0.05,0.02,53,117,probabilistic,15,81
6,Suspicious Tit For Tat,2.3418154696029214,0.5333392603129445,8.0,0.0,0.33457912237729037,0.19518673986605048,0.20716645403263115,0.26306768372402806,1.0,0.0,1.0,0.0,3,0,5,1,0.05,0.02,53,117,probabilistic,15,81
7,GTFT: 0.33,2.2295741762404746,0.7619409796166717,0.0,1.0,0.5356886166883027,0.22579382971364745,0.10059139340866723,0.13792616018938272,1.0,0.3328101750400213,1.0,0.33248028746122643,3,0,5,1,0.05,0.02,53,117,probabilistic,15,81
8,Cycler DC,2.1875235522945706,0.4937448111992213,6.0,0.0,0.16434726120888882,0.3293475646027724,0.26453728037946306,0.24176789380887567,0.0,0.0,1.0,1.0,3,0,5,1,0.05,0.02,53,117,probabilistic,15,81
9,Win-Shift Lose-Stay: D,2.159017906288256,0.5137231854246254,6.0,0.0,0.21692490739712028,0.3038974273767745,0.22883846479973322,0.250339200426372,0.0,1.0,1.0,0.0,3,0,5,1,0.05,0.02,53,117,probabilistic,15,81
10,Random: 0.5,2.119389342336797,0.49384807417974325,6.0,0.48787061994609165,0.21524601774504068,0.2788185288803676,0.21646456420777377,0.28947088916681796,0.5015887831949831,0.4905201396714491,0.4984373213816777,0.48411831392280946,3,0,5,1,0.05,0.02,53,117,probabilistic,15,81
11,Bully,2.114282312115129,0.5407758827768436,6.0,0.0,0.18015831167056356,0.3700743707052186,0.25698585674784136,0.19278146087637657,0.0,1.0,0.0,1.0,3,0,5,1,0.05,0.02,53,117,probabilistic,15,81
12,Alternator,2.105205645863757,0.5063382397116251,4.0,1.0,0.17554400950918156,0.33087281881818864,0.2566566898634622,0.23692648180916756,0.0,0.0,1.0,1.0,3,0,5,1,0.05,0.02,53,117,probabilistic,15,81
13,Anti Tit For Tat,1.7556230672332946,0.6480985538296733,4.0,1.0,0.19330748397668998,0.4425457340690501,0.17953806937463274,0.18460871257962722,0.0,1.0,0.0,1.0,3,0,5,1,0.05,0.02,53,117,probabilistic,15,81
14,Cooperator,1.7392102228307398,1.0,0.0,1.0,0.5758212109476595,0.4241787890523406,0.0,0.0,1.0,1.0,0.0,0.0,3,0,5,1,0.05,0.02,53,117,probabilistic,15,81
0,Grudger,2.9353988804453204,0.5057156353330184,7.0,1.0,0.48793924524846627,0.01786073007398243,0.24422623982006295,0.24997378485748825,1.0,0.0,0.0,0.0,3,0,5,1,0.01,0.01,57,34,probabilistic,20,82
1,Evolved HMM 5,2.921826625386997,0.6237623762376238,7.0,1.0,0.5548279551543254,0.06515990721341561,0.22382645522568723,0.1561856824065717,0.9983852972168847,0.48051260883393915,0.00981568509815685,0.19132264077134328,3,0,5,1,0.01,0.01,57,34,probabilistic,20,82
2,Evolved FSM 16,2.898923780038331,0.6293111534973891,6.0,1.0,0.524101928428345,0.10387991514908972,0.24040628540205355,0.13161187102051172,0.9062559180312562,0.4991875047676378,0.22325000620592944,0.31255051947382645,3,0,5,1,0.01,0.01,57,34,probabilistic,20,82
3,"DoubleCrosser: (D, D)",2.847772003538257,0.6411755411597408,6.0,1.0,0.5714860107837801,0.06574513034631807,0.19816395413535945,0.16460490473454242,1.0,0.7816044210854208,0.014164305949008499,0.0,3,0,5,1,0.01,0.01,57,34,probabilistic,20,82
4,Meta Winner: 18 players,2.5936245843366588,0.1063870905401488,15.0,1.0,0.06416932597623036,0.04228880937959858,0.3729904755972571,0.520551389046914,0.5494191782857814,0.40187676696668606,0.018172836344890746,0.04121785989746987,3,0,5,1,0.01,0.01,57,34,probabilistic,20,82
5,Tit For Tat,2.5234409553295003,0.7087817964381525,0.0,1.0,0.5506162480651905,0.15775879707703433,0.1455337421316964,0.1460912127260788,1.0,0.0,1.0,0.0,3,0,5,1,0.01,0.01,57,34,probabilistic,20,82
6,Defector,2.5112111830378083,0.0,17.0,0.0,0.0,0.0,0.374193451793234,0.625806548206766,0.0,0.0,0.0,0.0,3,0,5,1,0.01,0.01,57,34,probabilistic,20,82
7,Soft Joss: 0.9,2.4864561418141764,0.7418265589497601,0.0,1.0,0.58100751581722,0.1613143241656359,0.12242982206329804,0.13524833795384592,1.0,0.09843199560129283,1.0,0.09959822302153358,3,0,5,1,0.01,0.01,57,34,probabilistic,20,82
8,Win-Stay Lose-Shift,2.455796353629171,0.7349860670702412,1.0,1.0,0.5696099984191823,0.16144693848028063,0.11888539745841131,0.15005766564212575,1.0,0.0,0.0,1.0,3,0,5,1,0.01,0.01,57,34,probabilistic,20,82
9,GTFT: 0.33,2.387084226403112,0.8086728995819905,0.0,1.0,0.6226486790840576,0.18838693079904287,0.08325876086483827,0.10570562925206117,1.0,0.33234713556197903,1.0,0.34643036019764145,3,0,5,1,0.01,0.01,57,34,probabilistic,20,82
10,Suspicious Tit For Tat,2.3313976116762496,0.5214967642724418,11.0,0.0,0.34020506970972786,0.18172910925281527,0.20240866278223615,0.27565715825522075,1.0,0.0,1.0,0.0,3,0,5,1,0.01,0.01,57,34,probabilistic,20,82
11,Tit For 2 Tats,2.298761609907121,0.8476026283260686,0.0,1.0,0.6743889780836821,0.1727617589342668,0.03205902401945237,0.12079023896259873,1.0,0.7431110629507048,1.0,0.0,3,0,5,1,0.01,0.01,57,34,probabilistic,20,82
12,Meta Mixer: 18 players,2.1851088700684222,0.48636793941306405,9.0,0.6648199445983379,0.2559724784482982,0.2301596584470175,0.2192999231695263,0.29456793993515795,0.5929068469394934,0.3959633860024432,0.5729865987641322,0.38251707470347224,3,0,5,1,0.01,0.01,57,34,probabilistic,20,82
13,Alternator,2.1082184069800167,0.5023015142376432,6.0,1.0,0.19159617019118402,0.3107150382114523,0.2529034136798581,0.24478537791750563,0.0,0.0,1.0,1.0,3,0,5,1,0.01,0.01,57,34,probabilistic,20,82
14,Random: 0.5,2.105486756105951,0.4943534635307744,7.0,0.4884579870729455,0.22258195385499724,0.27164392527978937,0.22110443244643901,0.2846696884187743,0.5036748517375889,0.4958861162400649,0.4909187473631547,0.4879074135844515,3,0,5,1,0.01,0.01,57,34,probabilistic,20,82
15,Cycler DC,2.0810926986140585,0.4976754553560056,6.0,0.0,0.17594041649126496,0.32172731330194193,0.2579564883020303,0.24437578190476295,0.0,0.0,1.0,1.0,3,0,5,1,0.01,0.01,57,34,probabilistic,20,82
16,Cooperator,2.0209818145501757,1.0,0.0,1.0,0.6740714369261278,0.3259285630738722,0.0,0.0,1.0,1.0,0.0,0.0,3,0,5,1,0.01,0.01,57,34,probabilistic,20,82
17,Bully,2.0082627703033675,0.5548925635573048,9.0,0.0,0.16926345097926596,0.38516401572907943,0.253793497956984,0.1917790353346706,0.0,1.0,0.0,1.0,3,0,5,1,0.01,0.01,57,34,probabilistic,20,82
18,Win-Shift Lose-Stay: D,1.9504385964912283,0.5721009156688225,9.0,0.0,0.20040208356965403,0.37215457431791793,0.2219906208835789,0.20545272122884914,0.0,1.0,1.0,0.0,3,0,5,1,0.01,0.01,57,34,probabilistic,20,82
19,Anti Tit For Tat,1.7340557275541795,0.6341058045093919,6.0,1.0,0.1927836345269388,0.4383326201148146,0.18872741161536216,0.18015633374288453,0.0,1.0,0.0,1.0,3,0,5,1,0.01,0.01,57,34,probabilistic,20,82
0,Win-Stay Lose-Shift,3.055263157894737,0.608165272995573,1.0,1.0,0.5177768267982922,0.10455655991177622,0.2877445765706622,0.08992203671926946,1.0,0.0,0.0,1.0,3,0,5,1,0.08,0.04,81,95,probabilistic,6,83
1,"DoubleCrosser: (D, D)",2.8795348837209302,0.636987589319293,2.0,1.0,0.5457490005620971,0.0825532391839905,0.25067689941320564,0.1210208608407067,1.0,0.7856191608921984,0.039525691699604744,0.0,3,0,5,1,0.08,0.04,81,95,probabilistic,6,83
2,Tit For Tat,2.6905058905058903,0.7654333300089757,0.0,1.0,0.5373448835598122,0.21698131047468147,0.2061930055328399,0.03948080043266631,1.0,0.0,1.0,0.0,3,0,5,1,0.08,0.04,81,95,probabilistic,6,83
3,Meta Mixer: 5 players,2.496385281385282,0.5087195298198285,2.0,0.7802469135802469,0.3112870653529461,0.20248665359353873,0.23196242249784976,0.25426385855566536,0.6252452727752993,0.3387708627019748,0.6139911718346184,0.35729501168752986,3,0,5,1,0.08,0.04,81,95,probabilistic,6,83
4,Alternator,2.323479152426521,0.510814312767866,1.0,1.0,0.18568383272299016,0.3252020388862635,0.269391525528286,0.21972260286246037,0.0,0.0,1.0,1.0,3,0,5,1,0.08,0.04,81,95,probabilistic,6,83
5,Win-Shift Lose-Stay: D,1.8746190476190479,0.6942613416052733,1.0,0.0,0.1718256572449562,0.514206540992634,0.20001791350004097,0.11394988826236885,0.0,1.0,1.0,0.0,3,0,5,1,0.08,0.04,81,95,probabilistic,6,83
0,Grudger,3.119047619047619,0.6496191512513602,2.5,1.0,0.5960784313725489,0.06678338001867413,0.2698704481792717,0.06726774042950513,1.0,0.0,0.0,0.0,3,0,5,1,0.09,0.08,44,8,probabilistic,8,84
1,Win-Stay Lose-Shift,2.732142857142857,0.7815401419989078,1.0,1.0,0.6497178197291791,0.11936744207493614,0.14967747236944823,0.0812372658264366,1.0,0.0,0.0,1.0,3,0,5,1,0.09,0.08,44,8,probabilistic,8,84
2,Soft Joss: 0.9,2.6458333333333335,0.8375262054507338,0.0,1.0,0.6695544530076905,0.1717619710425466,0.12172053898672604,0.03696303696303697,1.0,0.09594008369909156,1.0,0.09230769230769231,3,0,5,1,0.09,0.08,44,8,probabilistic,8,84
3,Alternator,2.601700680272109,0.5213045765386639,3.0,1.0,0.29631404931793137,0.22559066847403234,0.3029651671666936,0.1751301150413427,0.0,0.0,1.0,1.0,3,0,5,1,0.09,0.08,44,8,probabilistic,8,84
4,Win-Shift Lose-Stay: D,2.5892857142857144,0.5745129015271195,3.0,0.0,0.21234617531255542,0.3663214727186167,0.33281883845531446,0.08851351351351353,0.0,1.0,1.0,0.0,3,0,5,1,0.09,0.08,44,8,probabilistic,8,84
5,GTFT: 0.33,2.5125,0.8702997275204359,0.0,1.0,0.6790344869209429,0.1965012976039592,0.0899814568544082,0.034482758620689655,1.0,0.34395947239983937,1.0,0.3076923076923077,3,0,5,1,0.09,0.08,44,8,probabilistic,8,84
6,Bully,2.454761904761905,0.421923474663909,4.0,0.0,0.17747578592560595,0.24191668676523767,0.2931552039281896,0.2874523233809668,0.0,1.0,0.0,1.0,3,0,5,1,0.09,0.08,44,8,probabilistic,8,84
7,"DoubleCrosser: (D, D)",2.4132653061224487,0.93058568329718,0.0,1.0,0.7036328181424238,0.2260966611979505,0.05415045395590142,0.016120066703724293,1.0,0.8722264589461451,0.0,0.0,3,0,5,1,0.09,0.08,44,8,probabilistic,8,84
0,Evolved HMM 5,3.2318181818181815,0.5233722871452421,1.0,1.0,0.4754816112084063,0.06917548608026994,0.4354066985645933,0.019936204146730464,1.0,0.7641509433962264,0.0,0.0,3,0,5,1,0.06,0.04,28,190,probabilistic,3,85
1,Suspicious Tit For Tat,2.7171702284450996,0.7086546700942588,1.0,0.0,0.5971259065104197,0.11661073825503356,0.15203516731508365,0.1342281879194631,1.0,0.0,1.0,0.0,3,0,5,1,0.06,0.04,28,190,probabilistic,3,85
2,Bully,1.3383779264214049,0.6892886345053147,0.0,0.0,0.12164429530201343,0.5629234770880832,0.1612678355437098,0.15416439206619356,0.0,1.0,0.0,1.0,3,0,5,1,0.06,0.04,28,190,probabilistic,3,85
0,Evolved FSM 16,2.9545153079243986,0.49937849596022377,5.0,1.0,0.4356951255161766,0.06472740166225431,0.3277082079844692,0.1718692648371,0.852894789177975,0.34868740766873196,0.10848639969803182,0.16715349516838493,3,0,5,1,0.04,0.05,30,95,probabilistic,12,86
1,Evolved HMM 5,2.9231610833215114,0.5083418454204971,5.0,1.0,0.42839902158939563,0.07248009237505591,0.3295493618287962,0.16957152420675226,0.9975806451612904,0.38421572549369876,0.006634591519178265,0.13251764783598782,3,0,5,1,0.04,0.05,30,95,probabilistic,12,86
2,Cycler DC,2.6126291590066613,0.48673390224980606,6.0,0.0,0.24231018256499084,0.24402639280221775,0.25180655431958576,0.26185687031320565,0.0,0.0,1.0,1.0,3,0,5,1,0.04,0.05,30,95,probabilistic,12,86
3,Bully,2.528040128460736,0.4810901852702496,7.0,0.0,0.2005854067201953,0.27494245900297154,0.29557289030322037,0.2288992439736128,0.0,1.0,0.0,1.0,3,0,5,1,0.04,0.05,30,95,probabilistic,12,86
4,Alternator,2.4385327423201355,0.5129331381161543,4.0,1.0,0.26133278621745704,0.2519230062732139,0.23551564246601142,0.25122856504331764,0.0,0.0,1.0,1.0,3,0,5,1,0.04,0.05,30,95,probabilistic,12,86
5,Meta Mixer: 10 players,2.3929314922975418,0.5199269850927898,5.0,0.7636363636363637,0.2773853729683565,0.2421759488752021,0.23525598812671067,0.2451826900297308,0.5199831361173289,0.5117512610871094,0.4703356738786344,0.5055143686447702,3,0,5,1,0.04,0.05,30,95,probabilistic,12,86
6,Random: 0.5,2.3795192465693593,0.5028123149792777,5.0,0.4818181818181818,0.24469878261246603,0.25731105750389793,0.24366038679457863,0.25432977308905746,0.5104995414559389,0.4947467129774955,0.49942301544911927,0.5033092303819982,3,0,5,1,0.04,0.05,30,95,probabilistic,12,86
7,GTFT: 0.33,2.2714069333811757,0.7702988228191971,0.0,1.0,0.5214538739989074,0.2537384283794293,0.12144295459202138,0.103364743029642,1.0,0.3305012564760331,1.0,0.3367327490981068,3,0,5,1,0.04,0.05,30,95,probabilistic,12,86
8,Win-Stay Lose-Shift,2.260102218355807,0.7288266091777025,1.0,1.0,0.5380204291299874,0.1905745803219757,0.09457423402899527,0.17683075651904157,1.0,0.0,0.0,1.0,3,0,5,1,0.04,0.05,30,95,probabilistic,12,86
9,Tit For 2 Tats,2.196741440377804,0.8626737260092654,0.0,1.0,0.5973955287476239,0.2658985525894751,0.06430057041411084,0.07240534824879025,1.0,0.7068282351905332,1.0,0.0,3,0,5,1,0.04,0.05,30,95,probabilistic,12,86
10,Meta Winner: 10 players,2.1486478504697515,0.40560916767189387,5.0,1.0,0.18119351552559818,0.2282899497864928,0.32791283803856286,0.2626036966493461,0.6086872543904414,0.7490335800885147,0.09521527625339532,0.3566594478677709,3,0,5,1,0.04,0.05,30,95,probabilistic,12,86
11,Anti Tit For Tat,2.089540869526633,0.6028611413466024,4.0,1.0,0.23598427301349822,0.36687756158288354,0.18566580225800725,0.21147236314561102,0.0,1.0,0.0,1.0,3,0,5,1,0.04,0.05,30,95,probabilistic,12,86
0,Grudger,2.9794405398523045,0.5405988836463441,5.0,1.0,0.550050040509789,0.017212227797699594,0.24227527941451582,0.19046245227799558,1.0,0.0,0.0,0.0,3,0,5,1,0.04,0.04,87,114,probabilistic,16,87
1,Evolved HMM 5,2.9743742637291026,0.6718140743949991,5.0,1.0,0.6369764506276161,0.03727591805396599,0.22021960458960152,0.10552802672881641,0.9977147172766815,0.47290755795719536,0.018574687288496726,0.14775371033809398,3,0,5,1,0.04,0.04,87,114,probabilistic,16,87
2,Evolved FSM 16,2.939519817872759,0.6749620244982386,4.0,1.0,0.5955940363864418,0.0640085307774112,0.23421817816072704,0.10617925467541996,0.9027355893425428,0.5045746567742094,0.2724210468081024,0.13380100537578365,3,0,5,1,0.04,0.04,87,114,probabilistic,16,87
3,"DoubleCrosser: (D, D)",2.780766599037276,0.7297062023939064,3.0,1.0,0.6637873696457658,0.06124826013938443,0.18659778640922495,0.08836658380562479,1.0,0.8119934570216477,0.05,0.0,3,0,5,1,0.04,0.04,87,114,probabilistic,16,87
4,Win-Stay Lose-Shift,2.7243434643434643,0.7481365241271086,1.0,1.0,0.6269824545033101,0.11747601180964048,0.1503232209026247,0.10521831278442466,1.0,0.0,0.0,1.0,3,0,5,1,0.04,0.04,87,114,probabilistic,16,87
5,Tit For Tat,2.6939702238814336,0.7834583736689255,0.0,1.0,0.6121099463227588,0.1744770411588047,0.166000820080518,0.04741219243791851,1.0,0.0,1.0,0.0,3,0,5,1,0.04,0.04,87,114,probabilistic,16,87
6,GTFT: 0.33,2.609861713548688,0.8676716917922948,0.0,1.0,0.7046809557649455,0.16671459112052564,0.09504100137904445,0.033563451735484355,1.0,0.3289896124292783,1.0,0.3262430452497593,3,0,5,1,0.04,0.04,87,114,probabilistic,16,87
7,Suspicious Tit For Tat,2.525494219832455,0.573417644555238,9.0,0.0,0.3737650511972388,0.197157350160244,0.220985665759213,0.20809193288330416,1.0,0.0,1.0,0.0,3,0,5,1,0.04,0.04,87,114,probabilistic,16,87
8,Cycler DC,2.474139976589589,0.4902617614798565,7.0,0.0,0.18610284990002376,0.30403188077374516,0.29919438257763886,0.2106708867485922,0.0,0.0,1.0,1.0,3,0,5,1,0.04,0.04,87,114,probabilistic,16,87
9,Tit For 2 Tats,2.459739091318039,0.9506010862268872,0.0,1.0,0.7769781694702964,0.17353255435236206,0.024151693883367603,0.025337582293973874,1.0,0.8480254172198471,1.0,0.0,3,0,5,1,0.04,0.04,87,114,probabilistic,16,87
10,Alternator,2.4379053990661346,0.5097539015606243,5.0,1.0,0.2074687334582028,0.3023559293224975,0.28555674514185286,0.20461859207744687,0.0,0.0,1.0,1.0,3,0,5,1,0.04,0.04,87,114,probabilistic,16,87
11,Meta Mixer: 15 players,2.4301512932481173,0.5412987663598221,7.0,0.7624521072796935,0.32944488816384276,0.2126063643992041,0.21974144763421055,0.23820729980274258,0.6524898315511197,0.40349961284096564,0.6110643625805825,0.39081788107141285,3,0,5,1,0.04,0.04,87,114,probabilistic,16,87
12,Random: 0.5,2.4258001032391276,0.49574261038803064,7.0,0.4666666666666667,0.2414474510598865,0.2539005606523187,0.24497649085227377,0.25967549743552104,0.5005701522276423,0.5037519597069867,0.4838112172719534,0.49562931322112275,3,0,5,1,0.04,0.04,87,114,probabilistic,16,87
13,Cooperator,2.3502973845172423,1.0,0.0,1.0,0.7860783701419091,0.21392162985809093,0.0,0.0,1.0,1.0,0.0,0.0,3,0,5,1,0.04,0.04,87,114,probabilistic,16,87
14,Win-Shift Lose-Stay: D,2.2224840153348926,0.6126567164179104,7.0,0.0,0.20832290409046478,0.40138109990916826,0.23388015734130632,0.15641583865906072,0.0,1.0,1.0,0.0,3,0,5,1,0.04,0.04,87,114,probabilistic,16,87
15,Anti Tit For Tat,2.1510598892755755,0.5822503576102505,6.0,1.0,0.22626303187392421,0.3456729695827154,0.21981044574165906,0.20825355280170132,0.0,1.0,0.0,1.0,3,0,5,1,0.04,0.04,87,114,probabilistic,16,87
0,Grudger,2.9885836989097863,0.5147505697644973,3.0,1.0,0.5022761760242792,0.009332286087052473,0.24854544228625017,0.23984609560241815,1.0,0.0,0.0,0.0,3,0,5,1,0.1,0.01,36,78,probabilistic,9,88
1,Win-Stay Lose-Shift,2.915476825004264,0.6945849728311786,1.0,1.0,0.5625144963552021,0.10910555275936795,0.2263669957529362,0.10201295513249375,1.0,0.0,0.0,1.0,3,0,5,1,0.1,0.01,36,78,probabilistic,9,88
2,Tit For Tat,2.744203712953713,0.782970089665554,0.0,1.0,0.5434125146603761,0.23046755872486957,0.2261199266147543,0.0,1.0,0.0,1.0,0.0,3,0,5,1,0.1,0.01,36,78,probabilistic,9,88
3,GTFT: 0.33,2.6754562839121663,0.8788368336025848,0.0,1.0,0.7015541107429023,0.17993772549691467,0.11850816376018297,0.0,1.0,0.3295454353892297,1.0,0.0,3,0,5,1,0.1,0.01,36,78,probabilistic,9,88
4,Alternator,2.4584040541625662,0.5026816498531478,3.0,1.0,0.15025370224146423,0.35242938832051307,0.3768711337880749,0.12044577564994786,0.0,0.0,1.0,1.0,3,0,5,1,0.1,0.01,36,78,probabilistic,9,88
5,Cycler DC,2.4563036774901184,0.49767471091000504,3.0,0.0,0.1446957667672277,0.3529375855471941,0.37697300828048697,0.12539363940509135,0.0,0.0,1.0,1.0,3,0,5,1,0.1,0.01,36,78,probabilistic,9,88
6,Cooperator,2.4290828962703963,1.0,0.0,1.0,0.8098292410572567,0.19017075894274332,0.0,0.0,1.0,1.0,0.0,0.0,3,0,5,1,0.1,0.01,36,78,probabilistic,9,88
7,Suspicious Tit For Tat,2.2417249417249416,0.4781818181818182,4.0,0.0,0.23591571614460327,0.23363497029054792,0.24241944957483735,0.2880298639900114,1.0,0.0,1.0,0.0,3,0,5,1,0.1,0.01,36,78,probabilistic,9,88
8,Win-Shift Lose-Stay: D,1.9486357188563073,0.596100278551532,3.0,0.0,0.2106535545800406,0.3798453605219013,0.22205706663358152,0.18744401826447663,0.0,1.0,1.0,0.0,3,0,5,1,0.1,0.01,36,78,probabilistic,9,88
0,Grudger,2.8779892796707776,0.5447881754394426,5.0,1.0,0.519122354404066,0.021223859946820585,0.22793541376198131,0.23171837188713212,1.0,0.0,0.0,0.0,3,0,5,1,0.02,0.04,100,59,probabilistic,19,89
1,Evolved HMM 5,2.824473180745902,0.6630504475391757,5.0,1.0,0.5871210587036079,0.06949692222386848,0.20387230922021254,0.13950970985231118,0.9973974780009263,0.4741078364846876,0.015505437586035339,0.1748935792770169,3,0,5,1,0.02,0.04,100,59,probabilistic,19,89
2,Evolved FSM 16,2.814282802377678,0.6527374686408579,4.0,1.0,0.5524171213358776,0.10726668273792148,0.2264256585581543,0.11389053736804658,0.9131809270769641,0.496156764544083,0.2603829560996229,0.34426959653299277,3,0,5,1,0.02,0.04,100,59,probabilistic,19,89
3,Defector,2.6664284980414577,0.0,16.0,0.0,0.0,0.0,0.3731775248193645,0.6268224751806355,0.0,0.0,0.0,0.0,3,0,5,1,0.02,0.04,100,59,probabilistic,19,89
4,"DoubleCrosser: (D, D)",2.618174551131725,0.6898394348105331,3.0,1.0,0.6076390894674025,0.07538876407142742,0.17493695642575566,0.14203519003541443,1.0,0.8013135762583112,0.015625,0.0,3,0,5,1,0.02,0.04,100,59,probabilistic,19,89
5,Meta Winner: 17 players,2.545415364396094,0.12576442435522467,13.0,1.0,0.07939636625762121,0.047312423482631545,0.36756861392668094,0.5057225963330664,0.5300341017559865,0.3790153419899049,0.0202112955755183,0.042027575337128385,3,0,5,1,0.02,0.04,100,59,probabilistic,19,89
6,Tit For Tat,2.5232568511645077,0.7083077828742427,0.0,1.0,0.5812932702118738,0.13860593799693244,0.12606212345724666,0.1540386683339472,1.0,0.0,1.0,0.0,3,0,5,1,0.02,0.04,100,59,probabilistic,19,89
7,Soft Joss: 0.9,2.496507740032045,0.7536084471568343,0.0,1.0,0.6183606079262698,0.1388878440662094,0.10031581125898262,0.14243573674853818,1.0,0.10402333045322955,1.0,0.10365583246192632,3,0,5,1,0.02,0.04,100,59,probabilistic,19,89
8,Win-Stay Lose-Shift,2.4551136306293566,0.7462281376129156,1.0,1.0,0.5885814025298717,0.157047033648778,0.10945300033069238,0.14491856349065785,1.0,0.0,0.0,1.0,3,0,5,1,0.02,0.04,100,59,probabilistic,19,89
9,Suspicious Tit For Tat,2.4290641032633378,0.5235060923705523,10.0,0.0,0.3619752032725758,0.1650370524241768,0.18886272494287656,0.2841250193603708,1.0,0.0,1.0,0.0,3,0,5,1,0.02,0.04,100,59,probabilistic,19,89
10,GTFT: 0.33,2.4255578804633253,0.8182216275392288,0.0,1.0,0.650827907450637,0.17030805878003633,0.07084552890056306,0.1080185048687636,1.0,0.3312412318715681,1.0,0.3215130757581761,3,0,5,1,0.02,0.04,100,59,probabilistic,19,89
11,Tit For 2 Tats,2.342775982397635,0.8399633319663233,0.0,1.0,0.6889189734540355,0.15521711304033736,0.033045089731517055,0.12281882377411006,1.0,0.7193046327519173,1.0,0.0,3,0,5,1,0.02,0.04,100,59,probabilistic,19,89
12,Meta Mixer: 17 players,2.290079507122493,0.4966011079662288,8.0,0.7527777777777778,0.2772906014183129,0.22218890365244423,0.21226655713408615,0.2882539377951567,0.6118782794937595,0.3852935264565885,0.586866460872818,0.3866527597349019,3,0,5,1,0.02,0.04,100,59,probabilistic,19,89
13,Alternator,2.252199614232782,0.5125706634930081,6.0,1.0,0.21353704633618611,0.29909032698709476,0.23941792986241073,0.24795469681430843,0.0,0.0,1.0,1.0,3,0,5,1,0.02,0.04,100,59,probabilistic,19,89
14,Random: 0.5,2.240348302391613,0.4996786314644517,8.0,0.51,0.222233961394778,0.277070615256347,0.22430592157768642,0.27638950177118865,0.48557851714498146,0.4963486548288605,0.5106908387723221,0.5002836521461258,3,0,5,1,0.02,0.04,100,59,probabilistic,19,89
15,Win-Shift Lose-Stay: D,2.2393487619574604,0.573771744390393,8.0,0.0,0.1988700225180425,0.3784391392238665,0.22726488202636907,0.19542595623172188,0.0,1.0,1.0,0.0,3,0,5,1,0.02,0.04,100,59,probabilistic,19,89
16,Bully,2.1995953906500274,0.5489563567362429,9.0,0.0,0.1521594382830695,0.3984005119774668,0.2722457360703275,0.1771943136691361,0.0,1.0,0.0,1.0,3,0,5,1,0.02,0.04,100,59,probabilistic,19,89
17,Cooperator,2.0837131179668438,1.0,0.0,1.0,0.6853005210464699,0.31469947895353007,0.0,0.0,1.0,1.0,0.0,0.0,3,0,5,1,0.02,0.04,100,59,probabilistic,19,89
18,Anti Tit For Tat,1.9238417682608135,0.630703780235809,6.5,1.0,0.18149575141953508,0.44843058517002454,0.20610947163500629,0.16396419177543398,0.0,1.0,0.0,1.0,3,0,5,1,0.02,0.04,100,59,probabilistic,19,89
0,Defector,2.8356704241744777,0.0,11.0,0.0,0.0,0.0,0.43922027536720665,0.5607797246327934,0.0,0.0,0.0,0.0,3,0,5,1,0.0,0.03,89,118,probabilistic,14,90
1,Evolved FSM 16,2.7869386710850126,0.5338969139855548,5.0,1.0,0.3655235135048595,0.14811510169456696,0.32755012158828023,0.15881126321229336,0.9154827882342546,0.4941639193400443,0.24097402545043553,0.36781430579021224,3,0,5,1,0.0,0.03,89,118,probabilistic,14,90
2,Meta Winner: 12 players,2.7473019436135795,0.08643082204062812,10.0,1.0,0.04750785293540047,0.039559013030546715,0.4637757426370569,0.4491573913969959,0.5672147343092332,0.4545013151786357,0.014935527923096424,0.025449647881765083,3,0,5,1,0.0,0.03,89,118,probabilistic,14,90
3,"DoubleCrosser: (D, D)",2.6328651622523855,0.5000383700406722,4.0,1.0,0.42643490357015945,0.07078874198911259,0.2810229118415306,0.2217534425991974,1.0,0.7917823539711849,0.004889975550122249,0.0,3,0,5,1,0.0,0.03,89,118,probabilistic,14,90
4,Tit For Tat,2.316345258352797,0.6179279530857302,0.0,1.0,0.41535267297116685,0.19054254241638666,0.17650085280752997,0.21760393180491652,1.0,0.0,1.0,0.0,3,0,5,1,0.0,0.03,89,118,probabilistic,14,90
5,Win-Stay Lose-Shift,2.256761991530706,0.6351036200773837,2.0,1.0,0.423046323178179,0.2159583888055733,0.15581142647630425,0.20518386153994347,1.0,0.0,0.0,1.0,3,0,5,1,0.0,0.03,89,118,probabilistic,14,90
6,Suspicious Tit For Tat,2.247254471886741,0.4510910952968672,6.0,0.0,0.24872429788837103,0.2026639642980147,0.21708480077060494,0.33152693704300934,1.0,0.0,1.0,0.0,3,0,5,1,0.0,0.03,89,118,probabilistic,14,90
7,Meta Mixer: 12 players,2.1753443618295205,0.4748927510724893,6.0,0.547104580812446,0.2209086517053365,0.2548247577206577,0.22037984920660955,0.30388674136739624,0.4938481714699718,0.46085632612834243,0.5023819367629953,0.44714063727784187,3,0,5,1,0.0,0.03,89,118,probabilistic,14,90
8,Bully,2.1752624980814472,0.5480384202674763,5.0,0.0,0.16395603111819515,0.3850637487657814,0.2690558261853147,0.18192439393070875,0.0,1.0,0.0,1.0,3,0,5,1,0.0,0.03,89,118,probabilistic,14,90
9,Random: 0.5,2.1315712588179005,0.4970576696743821,5.0,0.5211754537597234,0.21176273518148625,0.28594018974579805,0.21347043167653978,0.2888266433961759,0.49497260085868167,0.4992154625660185,0.4947817638410173,0.4973514617819083,3,0,5,1,0.0,0.03,89,118,probabilistic,14,90
10,Cycler DC,2.081291701174842,0.4921736408222895,4.0,0.0,0.19957159900610705,0.29255462152105616,0.20923889282289476,0.2986348866499421,0.0,0.0,1.0,1.0,3,0,5,1,0.0,0.03,89,118,probabilistic,14,90
11,Win-Shift Lose-Stay: D,1.963353350590049,0.538145524451584,5.0,0.0,0.17823865465678687,0.3542818410694575,0.1939362659898504,0.2735432382839052,0.0,1.0,1.0,0.0,3,0,5,1,0.0,0.03,89,118,probabilistic,14,90
12,Anti Tit For Tat,1.759848595733391,0.6490396206702563,3.0,1.0,0.1780063359056331,0.4673123057199145,0.18813337768741073,0.16654798068704169,0.0,1.0,0.0,1.0,3,0,5,1,0.0,0.03,89,118,probabilistic,14,90
13,Cooperator,1.6667499167499167,1.0,0.0,1.0,0.5524244417197324,0.44757555828026757,0.0,0.0,1.0,1.0,0.0,0.0,3,0,5,1,0.0,0.03,89,118,probabilistic,14,90
0,Evolved HMM 5,2.9253086419753087,0.6442289675847854,6.0,1.0,0.5852875642646104,0.06648040264522753,0.2104102378870069,0.1378217952031552,0.9980220075147611,0.48762206360134613,0.01632808670551713,0.18420702634431246,3,0,5,1,0.08,0.01,91,30,probabilistic,19,91
1,Grudger,2.9225,0.5351850980761089,6.0,1.0,0.5139150637767055,0.019180850678737246,0.23130663063795215,0.23559745490660516,1.0,0.0,0.0,0.0,3,0,5,1,0.08,0.01,91,30,probabilistic,19,91
2,Evolved FSM 16,2.877777777777778,0.6647275456827192,5.0,1.0,0.5496685120996347,0.1091178895900086,0.22768773022810607,0.11352586808225047,0.9427560899082021,0.5043647086690832,0.26335226230104486,0.3623603767796587,3,0,5,1,0.08,0.01,91,30,probabilistic,19,91
3,"DoubleCrosser: (D, D)",2.8379629629629632,0.6661785896899549,5.0,1.0,0.6031846105650326,0.06695561726355238,0.1832665449860028,0.14659322718541212,1.0,0.7830738476444385,0.006622516556291391,0.0,3,0,5,1,0.08,0.01,91,30,probabilistic,19,91
4,Meta Winner: 17 players,2.5810789049919487,0.11634928007431491,14.0,1.0,0.07047114841975595,0.04590461533760535,0.37144437030193106,0.5121798659407076,0.5528105314995861,0.31625611167338935,0.016927778510961094,0.04147806683355726,3,0,5,1,0.08,0.01,91,30,probabilistic,19,91
5,Tit For Tat,2.5314814814814817,0.7185785391827758,0.0,1.0,0.5798039688708748,0.13881619793278321,0.12823294380506492,0.15314688939127696,1.0,0.0,1.0,0.0,3,0,5,1,0.08,0.01,91,30,probabilistic,19,91
6,Defector,2.5090455840455843,0.0,16.0,0.0,0.0,0.0,0.3683474966739429,0.631652503326057,0.0,0.0,0.0,0.0,3,0,5,1,0.08,0.01,91,30,probabilistic,19,91
7,Soft Joss: 0.9,2.504843304843305,0.754104760373849,0.0,1.0,0.6155115728341845,0.1414871208412241,0.10422563309744909,0.13877567322714235,1.0,0.1001634183432581,1.0,0.09899614481256534,3,0,5,1,0.08,0.01,91,30,probabilistic,19,91
8,Win-Stay Lose-Shift,2.4656378600823046,0.7414225745174832,1.0,1.0,0.5880293935115193,0.15453126112211077,0.11120130614188846,0.1462380392244815,1.0,0.0,0.0,1.0,3,0,5,1,0.08,0.01,91,30,probabilistic,19,91
9,GTFT: 0.33,2.4092592592592594,0.8219812785173338,0.0,1.0,0.6496663109695611,0.17132137145147636,0.07017223992980073,0.10884007764916191,1.0,0.34191049501686877,1.0,0.3345432209182726,3,0,5,1,0.08,0.01,91,30,probabilistic,19,91
10,Tit For 2 Tats,2.3499999999999996,0.839556841905485,0.0,1.0,0.6889251333867451,0.15330878492394623,0.03381901107933602,0.12394707060997273,1.0,0.7170224917729213,1.0,0.0,3,0,5,1,0.08,0.01,91,30,probabilistic,19,91
11,Suspicious Tit For Tat,2.321754409766106,0.5260130595695528,11.0,0.0,0.3632028399784622,0.16257413609148264,0.18542413075196737,0.2887988931780878,1.0,0.0,1.0,0.0,3,0,5,1,0.08,0.01,91,30,probabilistic,19,91
12,Meta Mixer: 17 players,2.2006613756613755,0.4987013594777359,8.0,0.6904761904761905,0.2712586737918937,0.22757646044628185,0.21383269501260832,0.2873321707492161,0.6113994797875263,0.3908299629324566,0.5934152049197601,0.3843434978212867,3,0,5,1,0.08,0.01,91,30,probabilistic,19,91
13,Random: 0.5,2.11536231884058,0.4996967859308672,7.0,0.4877899877899878,0.2262076955584592,0.27355683079723847,0.22270936786641757,0.2775261057778847,0.5113657761415817,0.4936828828123152,0.5001733058090072,0.4982078135881208,3,0,5,1,0.08,0.01,91,30,probabilistic,19,91
14,Cycler DC,2.0663801576845056,0.4976568299925761,6.0,0.0,0.1880887571560826,0.30954910501017946,0.2459269628392631,0.2564351749944749,0.0,0.0,1.0,1.0,3,0,5,1,0.08,0.01,91,30,probabilistic,19,91
15,Cooperator,2.0553639846743295,1.0,0.0,1.0,0.6849486159124925,0.3150513840875076,0.0,0.0,1.0,1.0,0.0,0.0,3,0,5,1,0.08,0.01,91,30,probabilistic,19,91
16,Bully,2.00095785440613,0.5581678816717845,8.0,0.0,0.1542981582858616,0.4035606810076985,0.2660074594358892,0.1761337012705507,0.0,1.0,0.0,1.0,3,0,5,1,0.08,0.01,91,30,probabilistic,19,91
17,Win-Shift Lose-Stay: D,1.9470085470085468,0.5757682714480682,8.0,0.0,0.20124163747286386,0.37739761495568847,0.22189787106393846,0.19946287650750924,0.0,1.0,1.0,0.0,3,0,5,1,0.08,0.01,91,30,probabilistic,19,91
18,Anti Tit For Tat,1.7240420073753406,0.6354826599089587,6.0,1.0,0.17557755021892255,0.4608292255173919,0.20128691796157536,0.1623063063021103,0.0,1.0,0.0,1.0,3,0,5,1,0.08,0.01,91,30,probabilistic,19,91
0,Defector,3.00708386487372,0.0,12.0,0.0,0.0,0.0,0.4497750188668121,0.550224981133188,0.0,0.0,0.0,0.0,3,0,5,1,0.07,0.09,92,163,probabilistic,13,92
1,Bully,2.663904267029267,0.44658765835717207,8.0,0.0,0.20665891540126094,0.2421761525533684,0.30109520587057353,0.2500697261747971,0.0,1.0,0.0,1.0,3,0,5,1,0.07,0.09,92,163,probabilistic,13,92
2,Cycler DC,2.554256320340879,0.47543699776323417,6.0,0.0,0.19793941483951516,0.2772679431516437,0.3045693398950989,0.22022330211374222,0.0,0.0,1.0,1.0,3,0,5,1,0.07,0.09,92,163,probabilistic,13,92
3,Meta Winner: 11 players,2.44214774096715,0.23467282779107188,8.0,1.0,0.14221089283602248,0.0943246876978283,0.34719796895601246,0.41626645051013683,0.5097266821901955,0.5010017382570919,0.014844495827303603,0.0825317247860268,3,0,5,1,0.07,0.09,92,163,probabilistic,13,92
4,Random: 0.5,2.3933513812516853,0.5000855285665412,6.0,0.48641304347826086,0.2471809303469961,0.25327704143853463,0.25000183300343176,0.2495401952110375,0.5026373256563494,0.4945407731390022,0.5179567750015376,0.4966156110348248,3,0,5,1,0.07,0.09,92,163,probabilistic,13,92
5,Meta Mixer: 11 players,2.3432612497772776,0.5207307916909986,5.0,0.6757246376811594,0.27304756951131,0.24762212634003336,0.23259999332567105,0.24673031082298558,0.5576992015968465,0.4283855217669068,0.5787121902913279,0.4648628237169789,3,0,5,1,0.07,0.09,92,163,probabilistic,13,92
6,Alternator,2.3103413758683646,0.5231636571615328,4.0,1.0,0.2455939956347214,0.2779160112806817,0.2707494603468483,0.20574053273774853,0.0,0.0,1.0,1.0,3,0,5,1,0.07,0.09,92,163,probabilistic,13,92
7,Tit For Tat,2.3032942193852284,0.6346343063299442,0.0,1.0,0.4468295291990354,0.1943882158447178,0.15727159288820133,0.20151066206804538,1.0,0.0,1.0,0.0,3,0,5,1,0.07,0.09,92,163,probabilistic,13,92
8,Soft Joss: 0.9,2.2337646652864045,0.6720651101611312,0.0,1.0,0.4611018967014681,0.21201729747731984,0.13567094718558415,0.19120985863562776,1.0,0.0965391639015555,1.0,0.11053845320464584,3,0,5,1,0.07,0.09,92,163,probabilistic,13,92
9,GTFT: 0.33,2.1505569864661247,0.7573615039094993,0.0,1.0,0.49122456894641403,0.26147992765510636,0.10293010372233573,0.144365399676144,1.0,0.3284871607594131,1.0,0.32610550924017384,3,0,5,1,0.07,0.09,92,163,probabilistic,13,92
10,Win-Stay Lose-Shift,2.118512426900585,0.7203807581166072,0.0,1.0,0.5006663737763148,0.22284240309409611,0.08196390260961219,0.1945273205199769,1.0,0.0,0.0,1.0,3,0,5,1,0.07,0.09,92,163,probabilistic,13,92
11,Anti Tit For Tat,2.058069845623725,0.595636898439415,5.0,1.0,0.2611725060981049,0.3319484343044348,0.18822982456252957,0.21864923503493072,0.0,1.0,0.0,1.0,3,0,5,1,0.07,0.09,92,163,probabilistic,13,92
12,Tit For 2 Tats,2.000485713609115,0.7964992638638966,0.0,1.0,0.5394791664018032,0.2569698172528319,0.050174866857886045,0.15337614948747885,1.0,0.6903234385190494,1.0,0.0,3,0,5,1,0.07,0.09,92,163,probabilistic,13,92
0,Grudger,3.199606190910538,0.5930927031939756,4.0,1.0,0.6470397721972029,0.013892438051894844,0.23501895990533594,0.10404882984556621,1.0,0.0,0.0,0.0,3,0,5,1,0.03,0.05,17,95,probabilistic,12,93
1,Evolved FSM 16,3.080010185892539,0.7188295165394402,3.0,1.0,0.6668233082706766,0.04797376659721446,0.22368770947903516,0.06151521565307371,0.9386363636363637,0.4276315789473684,0.12335828272842818,0.3355263157894737,3,0,5,1,0.03,0.05,17,95,probabilistic,12,93
2,Evolved HMM 5,3.0681818181818183,0.7020215279600945,3.0,1.0,0.6566625727631507,0.044712040276192244,0.2175601878657144,0.08106519909494266,1.0,0.4340420332355816,0.0,0.2268041237113402,3,0,5,1,0.03,0.05,17,95,probabilistic,12,93
3,Win-Stay Lose-Shift,2.759890356733972,0.7932359723289777,1.0,1.0,0.7155095958738882,0.09312224666380998,0.10956534590455164,0.08180281155775018,1.0,0.0,0.0,1.0,3,0,5,1,0.03,0.05,17,95,probabilistic,12,93
4,Tit For Tat,2.737915035522691,0.8163960188580408,0.0,1.0,0.7096189683230303,0.11097677127657786,0.10236545995733616,0.07703880044305576,1.0,0.0,1.0,0.0,3,0,5,1,0.03,0.05,17,95,probabilistic,12,93
5,Soft Joss: 0.9,2.7196246376574247,0.8485451380253668,0.0,1.0,0.7125670696039057,0.12270052207445127,0.09502492445201301,0.0697074838696302,1.0,0.09585373296713504,1.0,0.08997175141242938,3,0,5,1,0.03,0.05,17,95,probabilistic,12,93
6,Tit For 2 Tats,2.506060606060606,0.9161482955959194,0.0,1.0,0.7600226982648379,0.1523462317972613,0.02630633644071494,0.0613247334971859,1.0,0.7574106364428945,1.0,0.0,3,0,5,1,0.03,0.05,17,95,probabilistic,12,93
7,Meta Winner: 11 players,2.4014002682746844,0.25836245631552673,6.0,1.0,0.13158075689545737,0.1305539012191335,0.3140888040544745,0.4237765378309346,0.4610249452256015,0.7938396846617609,0.10840150228944796,0.1909484740159859,3,0,5,1,0.03,0.05,17,95,probabilistic,12,93
8,Alternator,2.3724662106506207,0.5139453019225562,3.0,1.0,0.23957795287450548,0.27528838809684386,0.2514753491732405,0.23365830985541017,0.0,0.0,1.0,1.0,3,0,5,1,0.03,0.05,17,95,probabilistic,12,93
9,Win-Shift Lose-Stay: D,2.3420198838881636,0.6243243243243243,5.0,0.0,0.2117481943933444,0.4191163919197534,0.23913924953238705,0.12999616415451526,0.0,1.0,1.0,0.0,3,0,5,1,0.03,0.05,17,95,probabilistic,12,93
10,Bully,2.2650955845404295,0.5620655412115194,6.0,0.0,0.16451146315435963,0.3915125831617715,0.251591104365853,0.19238484931801583,0.0,1.0,0.0,1.0,3,0,5,1,0.03,0.05,17,95,probabilistic,12,93
11,Cooperator,2.215909090909091,1.0,0.0,1.0,0.736371850004248,0.2636281499957521,0.0,0.0,1.0,1.0,0.0,0.0,3,0,5,1,0.03,0.05,17,95,probabilistic,12,93
0,Grudger,2.750186011904762,0.5708309564555999,4.0,1.0,0.5398780908289125,0.04118125199118109,0.1868302093872619,0.23211044779264461,1.0,0.0,0.0,0.0,3,0,5,1,0.03,0.05,29,16,probabilistic,17,94
1,Evolved HMM 5,2.745278159340659,0.6997857003701539,4.0,1.0,0.6127645626651131,0.09425422561784058,0.16089690865953504,0.13208430305751115,0.9976190476190476,0.48012142394062396,0.031578947368421054,0.17661830787626323,3,0,5,1,0.03,0.05,29,16,probabilistic,17,94
2,Defector,2.7226939726939725,0.0,14.0,0.0,0.0,0.0,0.3763510198057169,0.6236489801942832,0.0,0.0,0.0,0.0,3,0,5,1,0.03,0.05,29,16,probabilistic,17,94
3,Evolved FSM 16,2.697312062937063,0.7041864139020537,3.0,1.0,0.5823792558016199,0.12369349658874798,0.17374400475532267,0.1201832428543095,0.9221923689846917,0.40369234568374596,0.4128242082401375,0.2858378524273261,3,0,5,1,0.03,0.05,29,16,probabilistic,17,94
4,Meta Winner: 15 players,2.602746212121212,0.2542536736272235,11.0,1.0,0.16567350941391074,0.08958669997468507,0.3305020946538849,0.4142376959575193,0.54057602932318,0.4377395165191879,0.03549620460672357,0.1244049262044325,3,0,5,1,0.03,0.05,29,16,probabilistic,17,94
5,Win-Stay Lose-Shift,2.520510739260739,0.7449638920562524,1.0,1.0,0.5932702421675335,0.15341593976143317,0.12350199104556522,0.12981182702546798,1.0,0.0,0.0,1.0,3,0,5,1,0.03,0.05,29,16,probabilistic,17,94
6,Tit For Tat,2.5014880952380953,0.7432113341204251,0.0,1.0,0.5968506390890835,0.14734312606265346,0.12085727045843973,0.13494896438982318,1.0,0.0,1.0,0.0,3,0,5,1,0.03,0.05,29,16,probabilistic,17,94
7,"DoubleCrosser: (D, D)",2.4938988095238095,0.808360374117198,1.0,1.0,0.661640074291511,0.13911617677943525,0.09471612959430825,0.10452761933474565,1.0,0.8119972083028664,0.038461538461538464,0.0,3,0,5,1,0.03,0.05,29,16,probabilistic,17,94
8,Suspicious Tit For Tat,2.4700520833333335,0.4959148774463234,8.0,0.0,0.3335534809827437,0.16606656175041398,0.2108993485662122,0.28948060870063025,1.0,0.0,1.0,0.0,3,0,5,1,0.03,0.05,29,16,probabilistic,17,94
9,GTFT: 0.33,2.392361111111111,0.8364579178300758,0.0,1.0,0.6505987011493729,0.1847812165546295,0.0717302812414008,0.09288980105459678,1.0,0.3447018144937819,1.0,0.34098253764492525,3,0,5,1,0.03,0.05,29,16,probabilistic,17,94
10,Meta Mixer: 15 players,2.3563244047619047,0.5560903369122547,6.0,0.7133620689655172,0.34447471373040883,0.20915223014194975,0.19917397690246547,0.2471990792251761,0.682163950378275,0.3932960691397484,0.6270430780491668,0.34771882779516367,3,0,5,1,0.03,0.05,29,16,probabilistic,17,94
11,Tit For 2 Tats,2.3473214285714286,0.8806025664868886,0.0,1.0,0.7113058509737114,0.1646648156136785,0.024813791603722685,0.09921554180888746,1.0,0.756110355772115,1.0,0.0,3,0,5,1,0.03,0.05,29,16,probabilistic,17,94
12,Alternator,2.3316592261904763,0.5151636073423783,5.0,1.0,0.23662533053956736,0.27880858466822334,0.2614175435195925,0.22314854127261685,0.0,0.0,1.0,1.0,3,0,5,1,0.03,0.05,29,16,probabilistic,17,94
13,Random: 0.5,2.326674107142857,0.5018486086787313,7.0,0.5431034482758621,0.2409533201435645,0.26126383773406914,0.2433464496811743,0.25443639244119204,0.4889152464348249,0.49855603387179814,0.4814986283424494,0.532340747634174,3,0,5,1,0.03,0.05,29,16,probabilistic,17,94
14,Win-Shift Lose-Stay: D,2.1937957875457874,0.5529586347616398,7.0,0.0,0.19692999003359918,0.353164849751292,0.24648748933806472,0.20341767087704424,0.0,1.0,1.0,0.0,3,0,5,1,0.03,0.05,29,16,probabilistic,17,94
15,Bully,2.174690673909424,0.5397877984084881,7.0,0.0,0.14927278275131217,0.38833054626092656,0.26188889269243143,0.20050777829532984,0.0,1.0,0.0,1.0,3,0,5,1,0.03,0.05,29,16,probabilistic,17,94
16,Cooperator,2.1343039772727272,1.0,0.0,1.0,0.7076661573460604,0.2923338426539396,0.0,0.0,1.0,1.0,0.0,0.0,3,0,5,1,0.03,0.05,29,16,probabilistic,17,94
0,Defector,3.105952380952381,0.0,12.0,0.0,0.0,0.0,0.512223080705353,0.48777691929464684,0.0,0.0,0.0,0.0,3,0,5,1,0.04,0.03,86,14,probabilistic,13,95
1,Grudger,2.791666666666667,0.5172587131367292,4.0,1.0,0.4597221669338012,0.05023977698022412,0.24379260406598327,0.2462454520199914,1.0,0.0,0.0,0.0,3,0,5,1,0.04,0.03,86,14,probabilistic,13,95
2,Meta Winner: 11 players,2.7113164613164615,0.23494325242316294,9.0,1.0,0.1384471772554499,0.0961882194929675,0.394661349214547,0.3707032540370356,0.48332655469653013,0.40804697803660434,0.02083385450080487,0.11029753987546519,3,0,5,1,0.04,0.03,86,14,probabilistic,13,95
3,Evolved HMM 5,2.6696428571428568,0.606878351919639,4.0,1.0,0.4832202752309116,0.11947531047179993,0.21256499517731156,0.18473941911997685,0.9974444444444444,0.41005816555972874,0.011363636363636364,0.16608388118577047,3,0,5,1,0.04,0.03,86,14,probabilistic,13,95
4,Bully,2.4701007326007325,0.46004046535154275,6.0,0.0,0.1322640757083187,0.3319264823008305,0.3519600978628101,0.18384934412804066,0.0,1.0,0.0,1.0,3,0,5,1,0.04,0.03,86,14,probabilistic,13,95
5,Cycler DC,2.296212121212121,0.4924030218147865,5.0,0.0,0.2565155956018448,0.23586655165445636,0.2316992005775984,0.27591865216610045,0.0,0.0,1.0,1.0,3,0,5,1,0.04,0.03,86,14,probabilistic,13,95
6,Random: 0.5,2.2456845238095235,0.5054935838295731,5.0,0.5096899224806202,0.23980875042990366,0.26574960812252274,0.2381574269202215,0.2562842145273521,0.4853284141506387,0.5295431529300096,0.5073002169029442,0.5011642314909523,3,0,5,1,0.04,0.03,86,14,probabilistic,13,95
7,GTFT: 0.33,2.2007936507936505,0.7711977344661003,0.0,1.0,0.5473333836236456,0.22250778501277843,0.08153157396189657,0.1486272574016794,1.0,0.33037160820470746,1.0,0.3072336779076383,3,0,5,1,0.04,0.03,86,14,probabilistic,13,95
8,Meta Mixer: 11 players,2.188475529100529,0.5423630165461046,5.0,0.688953488372093,0.2904415330792935,0.25143811871096344,0.2091608373259668,0.24895951088377632,0.5395510399844986,0.5088717273124612,0.5222191987721697,0.5196233657259375,3,0,5,1,0.04,0.03,86,14,probabilistic,13,95
9,Win-Stay Lose-Shift,2.1547619047619047,0.7554083515009223,1.0,1.0,0.5569226967788523,0.20292118899235978,0.06308124899634827,0.17707486523243973,1.0,0.0,0.0,1.0,3,0,5,1,0.04,0.03,86,14,probabilistic,13,95
10,Tit For 2 Tats,2.130952380952381,0.7973856209150327,0.0,1.0,0.5814972254495449,0.2165534625541499,0.05058537988543443,0.15136393211087087,1.0,0.6366962593294164,1.0,0.0,3,0,5,1,0.04,0.03,86,14,probabilistic,13,95
11,Anti Tit For Tat,1.9871031746031744,0.6049362127907947,5.0,1.0,0.1878883956474505,0.41683929111893886,0.24341126813260547,0.1518610451010052,0.0,1.0,0.0,1.0,3,0,5,1,0.04,0.03,86,14,probabilistic,13,95
12,Cooperator,1.7419642857142859,1.0,0.0,1.0,0.5768767325859152,0.4231232674140848,0.0,0.0,1.0,1.0,0.0,0.0,3,0,5,1,0.04,0.03,86,14,probabilistic,13,95
0,Evolved HMM 5,3.0399389726406314,0.5855160729004487,5.0,1.0,0.5337526107889585,0.05242081419573373,0.2865537549640373,0.12727282005127047,0.9978401059133623,0.5011462142052284,0.008809417259342,0.16792931231466116,3,0,5,1,0.09,0.03,93,179,probabilistic,15,96
1,Grudger,3.014014884766881,0.4610595559732174,6.0,1.0,0.44122795828895284,0.01717349648373933,0.30844340495291,0.23315514027439774,1.0,0.0,0.0,0.0,3,0,5,1,0.09,0.03,93,179,probabilistic,15,96
2,"DoubleCrosser: (D, D)",2.832977736549165,0.6076717539966487,5.0,1.0,0.5421625568793729,0.05846877387812154,0.2652264806499462,0.13414218859255939,1.0,0.7960118741346747,0.013484454953583138,0.0,3,0,5,1,0.09,0.03,93,179,probabilistic,15,96
3,Meta Winner: 13 players,2.5676286252452245,0.18984286255206362,9.0,1.0,0.0969812873204966,0.09616530002340189,0.3706593820591482,0.4361940305969533,0.4997766333329636,0.7255455010021526,0.03526208599892404,0.10599144812599055,3,0,5,1,0.09,0.03,93,179,probabilistic,15,96
4,Soft Joss: 0.9,2.5256730627473662,0.7641491211126135,0.0,1.0,0.5884808890585594,0.16913975069281903,0.13468362069530784,0.10769573955331377,1.0,0.09467855681566766,1.0,0.09013693289209337,3,0,5,1,0.09,0.03,93,179,probabilistic,15,96
5,Win-Stay Lose-Shift,2.518239262368421,0.7090846681922197,1.0,1.0,0.5400535493341103,0.16085958395132988,0.1473402565719865,0.15174661014257326,1.0,0.0,0.0,1.0,3,0,5,1,0.09,0.03,93,179,probabilistic,15,96
6,GTFT: 0.33,2.4350567199852913,0.8180071431800714,0.0,1.0,0.6219491244635854,0.1949871124314044,0.0964707152214813,0.08659304788352885,1.0,0.325883038303314,1.0,0.3313501795424087,3,0,5,1,0.09,0.03,93,179,probabilistic,15,96
7,Suspicious Tit For Tat,2.3725071522115337,0.5358766997468581,8.0,0.0,0.3858352178236143,0.15067095013375822,0.16684500138689223,0.2966488306557353,1.0,0.0,1.0,0.0,3,0,5,1,0.09,0.03,93,179,probabilistic,15,96
8,Tit For 2 Tats,2.3207660676210784,0.8772241992882562,0.0,1.0,0.6715337101722381,0.1988636672243659,0.047935067737573785,0.08166755486582222,1.0,0.7415349063014136,1.0,0.0,3,0,5,1,0.09,0.03,93,179,probabilistic,15,96
9,Cycler DC,2.2751534662151722,0.4924340583063397,6.0,0.0,0.201230994104515,0.2910263959309342,0.23541514656510126,0.2723274633994496,0.0,0.0,1.0,1.0,3,0,5,1,0.09,0.03,93,179,probabilistic,15,96
10,Meta Mixer: 13 players,2.2441227055019377,0.46807721721396955,6.0,0.6397849462365591,0.2393889395141461,0.23169144625188426,0.22592419796210408,0.3029954162718655,0.5573447208026435,0.40630917204453193,0.5567478720657011,0.3956375101872327,3,0,5,1,0.09,0.03,93,179,probabilistic,15,96
11,Random: 0.5,2.198335385260532,0.5003621056443217,6.0,0.5268817204301075,0.22142906841388102,0.27901123358309565,0.21763583592593833,0.28192386207708503,0.5057722031969744,0.5030173426712115,0.489745768138872,0.5007698312304134,3,0,5,1,0.09,0.03,93,179,probabilistic,15,96
12,Bully,2.1734492873165365,0.5601539717718418,6.0,0.0,0.18255123195780598,0.37524116132916285,0.24232299302421975,0.19988461368881133,0.0,1.0,0.0,1.0,3,0,5,1,0.09,0.03,93,179,probabilistic,15,96
13,Win-Shift Lose-Stay: D,2.091442289471994,0.6068538130694168,6.0,0.0,0.19352765927312968,0.4131659199738554,0.21208460427500295,0.181221816478012,0.0,1.0,1.0,0.0,3,0,5,1,0.09,0.03,93,179,probabilistic,15,96
14,Anti Tit For Tat,1.8611247646834612,0.6389477076044927,5.0,1.0,0.2016074992459557,0.43837917761084627,0.16972432170280274,0.1902890014403953,0.0,1.0,0.0,1.0,3,0,5,1,0.09,0.03,93,179,probabilistic,15,96
0,Evolved HMM 5,2.891260050436683,0.6065817514992318,5.0,1.0,0.5476659765071522,0.06188700111673137,0.238380562526515,0.15206645984960132,0.9982456140350877,0.49468478701751234,0.009478672985781991,0.20181875719189546,3,0,5,1,0.0,0.03,37,88,probabilistic,18,97
1,Grudger,2.8827927295631164,0.5010507031628859,6.0,1.0,0.4813660987092226,0.017927607835080708,0.2483697976315705,0.25233649582412626,1.0,0.0,0.0,0.0,3,0,5,1,0.0,0.03,37,88,probabilistic,18,97
2,Evolved FSM 16,2.84732895123852,0.6189426208970182,5.0,1.0,0.512527734438089,0.10595439940386207,0.25596168134623565,0.12555618481181327,0.9202450536054763,0.5255344749298784,0.23244691334849188,0.3249999104592624,3,0,5,1,0.0,0.03,37,88,probabilistic,18,97
3,"DoubleCrosser: (D, D)",2.6766629139694156,0.6052644798312151,4.0,1.0,0.5570369413781326,0.05780855749817103,0.21364837300774847,0.17150612811594784,1.0,0.7914898168026164,0.0,0.0,3,0,5,1,0.0,0.03,37,88,probabilistic,18,97
4,Tit For Tat,2.5198643676584855,0.7025954198473282,0.0,1.0,0.5418256333531075,0.15954389571148497,0.14979734139460668,0.14883312954080077,1.0,0.0,1.0,0.0,3,0,5,1,0.0,0.03,37,88,probabilistic,18,97
5,Meta Winner: 17 players,2.4865196078431375,0.09951342018521425,12.0,1.0,0.060478083661635366,0.041322080968597484,0.34245203999637713,0.55574779537339,0.570640014972196,0.4059689958078805,0.01682235740811888,0.03688844559233169,3,0,5,1,0.0,0.03,37,88,probabilistic,18,97
6,Soft Joss: 0.9,2.4668541333184573,0.7436571367269217,0.0,1.0,0.5833419099753777,0.15987955824476527,0.11913938308652776,0.13763914869332936,1.0,0.10585886061660238,1.0,0.10183702270463704,3,0,5,1,0.0,0.03,37,88,probabilistic,18,97
7,Defector,2.4465667606755623,0.0,15.0,0.0,0.0,0.0,0.33788172273735173,0.6621182772626484,0.0,0.0,0.0,0.0,3,0,5,1,0.0,0.03,37,88,probabilistic,18,97
8,Win-Stay Lose-Shift,2.4155029345013177,0.7407680556287204,1.0,1.0,0.5605889549868289,0.16533205347115687,0.11931339760459654,0.15476559393741762,1.0,0.0,0.0,1.0,3,0,5,1,0.0,0.03,37,88,probabilistic,18,97
9,GTFT: 0.33,2.3704357615731957,0.8100943155748151,0.0,1.0,0.6174664548786074,0.1913589228126431,0.08330899429849759,0.1078656280102519,1.0,0.34311381553930953,1.0,0.3141401686590063,3,0,5,1,0.0,0.03,37,88,probabilistic,18,97
10,Suspicious Tit For Tat,2.328613490090472,0.5024130303639655,9.0,0.0,0.3202587681191119,0.18763593199087292,0.2047975180644348,0.28730778182558026,1.0,0.0,1.0,0.0,3,0,5,1,0.0,0.03,37,88,probabilistic,18,97
11,Tit For 2 Tats,2.2620318466803404,0.8256824140235439,0.0,1.0,0.6641892757088084,0.17160814500435306,0.03097413342610813,0.13322844586073035,1.0,0.7434151769164529,1.0,0.0,3,0,5,1,0.0,0.03,37,88,probabilistic,18,97
12,Random: 0.5,2.1202251824245018,0.5002227171492205,7.0,0.5246422893481717,0.20361129733004202,0.29588368874835125,0.2018044201185505,0.29870059380305625,0.4945387869359886,0.4959050827744793,0.5035072655108023,0.49697347142667897,3,0,5,1,0.0,0.03,37,88,probabilistic,18,97
13,Cycler DC,2.0963507596323816,0.49295136441445975,6.0,0.0,0.15613133389677697,0.33669594215708765,0.24560083123279974,0.2615718927133357,0.0,0.0,1.0,1.0,3,0,5,1,0.0,0.03,37,88,probabilistic,18,97
14,Alternator,2.067639362780218,0.508001431566031,4.0,1.0,0.17228553314301578,0.3361028694751318,0.23472740762768554,0.25688418975416677,0.0,0.0,1.0,1.0,3,0,5,1,0.0,0.03,37,88,probabilistic,18,97
15,Bully,2.0186721869617523,0.5912337344682517,7.0,0.0,0.17743181011448286,0.4169128173258343,0.2087352037638076,0.19692016879587526,0.0,1.0,0.0,1.0,3,0,5,1,0.0,0.03,37,88,probabilistic,18,97
16,Win-Shift Lose-Stay: D,2.0037717388820333,0.5622467299307514,7.0,0.0,0.18248567256559245,0.40137393667913585,0.20345341158990352,0.21268697916536825,0.0,1.0,1.0,0.0,3,0,5,1,0.0,0.03,37,88,probabilistic,18,97
17,Anti Tit For Tat,1.6412019224302785,0.66841892438334,5.0,1.0,0.19826691606705002,0.4732522195371036,0.1421334085270466,0.18634745586879967,0.0,1.0,0.0,1.0,3,0,5,1,0.0,0.03,37,88,probabilistic,18,97
0,Grudger,3.198819065106106,0.5437917184384662,3.0,1.0,0.5763580393216194,0.007642958041999347,0.27464398431569054,0.1413550183206907,1.0,0.0,0.0,0.0,3,0,5,1,0.04,0.02,98,198,probabilistic,8,98
1,"DoubleCrosser: (D, D)",3.0038773239136436,0.6280873829692376,2.0,1.0,0.591983587004563,0.03289869054300932,0.25015478493719684,0.12496293751523083,1.0,0.7620564272200676,0.0,0.0,3,0,5,1,0.04,0.02,98,198,probabilistic,8,98
2,Tit For Tat,2.6914367138582675,0.7779451380239261,0.0,1.0,0.6441749508236103,0.14355841879281847,0.1393880744209314,0.07287855596263985,1.0,0.0,1.0,0.0,3,0,5,1,0.04,0.02,98,198,probabilistic,8,98
3,Soft Joss: 0.9,2.651190476190476,0.802107385606036,0.0,1.0,0.653755281831575,0.15292989772675283,0.12560424729001524,0.06771057315165692,1.0,0.10088511933427984,1.0,0.11207226198646926,3,0,5,1,0.04,0.02,98,198,probabilistic,8,98
4,Win-Stay Lose-Shift,2.545761891782365,0.8120352192277946,0.0,1.0,0.6930074460968744,0.12069851693325316,0.0697570768210877,0.11653696014878487,1.0,0.0,0.0,1.0,3,0,5,1,0.04,0.02,98,198,probabilistic,8,98
5,Random: 0.5,2.0771958301181623,0.49520067190593314,3.0,0.5131195335276968,0.19688417399452005,0.29781789407677495,0.19857380080068188,0.30672413112802305,0.49144111798914053,0.49957533342350396,0.484229219111623,0.49468538692124076,3,0,5,1,0.04,0.02,98,198,probabilistic,8,98
6,Cycler DC,2.066314350514647,0.4954959979920239,3.0,0.0,0.1565509057326953,0.33889354987710973,0.23343131441369036,0.2711242299765046,0.0,0.0,1.0,1.0,3,0,5,1,0.04,0.02,98,198,probabilistic,8,98
7,Anti Tit For Tat,1.8333501297652184,0.6223153801755825,3.0,1.0,0.235040525631775,0.367947173028046,0.17083381602046988,0.22617848531970908,0.0,1.0,0.0,1.0,3,0,5,1,0.04,0.02,98,198,probabilistic,8,98
0,Grudger,2.8564814814814814,0.6019094138543517,2.0,1.0,0.5621511922881786,0.034636518816582564,0.20818914241030798,0.19502314648493085,1.0,0.0,0.0,0.0,3,0,5,1,0.08,0.08,39,137,probabilistic,10,99
1,Win-Stay Lose-Shift,2.7623064070432495,0.7120406748324474,1.0,1.0,0.6086283798247255,0.11212015007835,0.19117443146013471,0.0880770386367898,1.0,0.0,0.0,1.0,3,0,5,1,0.08,0.08,39,137,probabilistic,10,99
2,Evolved FSM 16,2.719331322272499,0.7505065856129686,1.0,1.0,0.6260431009680072,0.10240423432706852,0.19505598779356903,0.07649667691135513,0.9666666666666667,0.47260042890342496,0.37239092906465787,0.18955927694818936,3,0,5,1,0.08,0.08,39,137,probabilistic,10,99
3,Soft Joss: 0.9,2.690079365079365,0.8456248517903723,0.0,1.0,0.6679945950734063,0.17186534356707173,0.13729742176561321,0.02284263959390863,1.0,0.09820733978949835,1.0,0.11267605633802817,3,0,5,1,0.08,0.08,39,137,probabilistic,10,99
4,Tit For Tat,2.6343915343915345,0.8086476540938362,0.0,1.0,0.6187436983262755,0.18611102584834763,0.16834215691699486,0.026803118908382065,1.0,0.0,1.0,0.0,3,0,5,1,0.08,0.08,39,137,probabilistic,10,99
5,Suspicious Tit For Tat,2.4331189469061325,0.42522561237645035,4.0,0.0,0.1974517821409917,0.2438137421386316,0.2800260338883144,0.27870844183206234,1.0,0.0,1.0,0.0,3,0,5,1,0.08,0.08,39,137,probabilistic,10,99
6,Tit For 2 Tats,2.43034188034188,0.9648389476272436,0.0,1.0,0.8058517188493622,0.16779854833324326,0.011792887414777962,0.014556845402616545,1.0,0.92152466367713,1.0,0.0,3,0,5,1,0.08,0.08,39,137,probabilistic,10,99
7,Random: 0.5,2.408934908496312,0.4875283446712018,4.0,0.48148148148148145,0.23165377894946124,0.2561856288532581,0.24682302756925154,0.2653375646280291,0.4805388475575884,0.481302671388004,0.46873130433811383,0.5228269501175485,3,0,5,1,0.08,0.08,39,137,probabilistic,10,99
8,Cycler DC,2.3962562129228795,0.4801078894133513,3.0,0.0,0.1467314948811168,0.33310164108505824,0.34134584803635437,0.17882101599747058,0.0,0.0,1.0,1.0,3,0,5,1,0.08,0.08,39,137,probabilistic,10,99
9,Win-Shift Lose-Stay: D,2.2205555555555554,0.5685210312075983,4.0,0.0,0.1835274760896848,0.4096833640188274,0.23767325981112083,0.16911590008036712,0.0,1.0,1.0,0.0,3,0,5,1,0.08,0.08,39,137,probabilistic,10,99
0,Grudger,3.1277777777777778,0.6019924098671727,2.0,1.0,0.5326152028778671,0.04929037541811831,0.33596109050876977,0.0821333311952449,1.0,0.0,0.0,0.0,3,0,5,1,0.05,0.1,35,155,probabilistic,7,100
1,Evolved HMM 5,2.9401629072681703,0.6261682242990654,2.0,1.0,0.5643103802501066,0.08134727418721063,0.2899103157675246,0.06443202979515829,1.0,0.42384941508261204,0.0,0.12149532710280374,3,0,5,1,0.05,0.1,35,155,probabilistic,7,100
2,Win-Shift Lose-Stay: D,2.882921245421245,0.6066376496191512,4.0,0.0,0.22624625562613673,0.3773615104715499,0.29926932368036163,0.09712291022195174,0.0,1.0,1.0,0.0,3,0,5,1,0.05,0.1,35,155,probabilistic,7,100
3,"DoubleCrosser: (D, D)",2.5500000000000003,0.7197368421052631,1.0,1.0,0.5918910284567833,0.13962959811679287,0.20770794379431926,0.060771429632104544,1.0,0.7968900362721149,0.0,0.0,3,0,5,1,0.05,0.1,35,155,probabilistic,7,100
4,Random: 0.5,2.548632172288086,0.5029888983774552,3.0,0.45714285714285713,0.24753241632833187,0.25490023050387123,0.24811226781529305,0.24945508535250382,0.5275982404056174,0.5238518371840587,0.5051139485131036,0.4969644476225719,3,0,5,1,0.05,0.1,35,155,probabilistic,7,100
5,Anti Tit For Tat,2.3166666666666664,0.5833720390153274,2.0,1.0,0.1615396547976283,0.4342018159362489,0.27897278927617514,0.12528573998994763,0.0,1.0,0.0,1.0,3,0,5,1,0.05,0.1,35,155,probabilistic,7,100
6,Cooperator,2.115441176470588,1.0,0.0,1.0,0.6767970737913487,0.3232029262086514,0.0,0.0,1.0,1.0,0.0,0.0,3,0,5,1,0.05,0.1,35,155,probabilistic,7,100
0,Evolved HMM 5,3.4659872740598976,0.615029930431969,3.0,1.0,0.576655896470526,0.00944213167448367,0.3437488876818272,0.07015308417316297,1.0,0.43678160919540227,0.0,0.0,3,0,5,1,0.05,0.01,20,196,probabilistic,8,101
1,"DoubleCrosser: (D, D)",3.3630636187508487,0.6169199178644764,3.0,1.0,0.5831867260448104,0.020262899889693573,0.3287776221881856,0.06777275187731034,1.0,0.7586327729565571,0.0,0.0,3,0,5,1,0.05,0.01,20,196,probabilistic,8,101
2,Tit For Tat,2.7658308004052685,0.8072441742654508,0.0,1.0,0.6548730365405492,0.1557889775908943,0.15368691127942885,0.03565107458912769,1.0,0.0,1.0,0.0,3,0,5,1,0.05,0.01,20,196,probabilistic,8,101
3,Soft Joss: 0.9,2.72752044452016,0.8301805674978504,0.0,1.0,0.6626953015444599,0.1609036088054682,0.14063149012208315,0.03576959952798879,1.0,0.08588991585925056,1.0,0.12108559498956159,3,0,5,1,0.05,0.01,20,196,probabilistic,8,101
4,Win-Shift Lose-Stay: D,2.215362882909276,0.6355578283473963,3.5,0.0,0.2575340289578517,0.394224910461741,0.26495819453764724,0.08328286604276003,0.0,1.0,1.0,0.0,3,0,5,1,0.05,0.01,20,196,probabilistic,8,101
5,Cycler DC,2.179759299471081,0.49812858687515593,3.0,0.0,0.18933645441071567,0.3087438041377663,0.2612456851227721,0.240674056328746,0.0,0.0,1.0,1.0,3,0,5,1,0.05,0.01,20,196,probabilistic,8,101
6,Cooperator,2.148771004404807,1.0,0.0,1.0,0.7157815501521958,0.28421844984780426,0.0,0.0,1.0,1.0,0.0,0.0,3,0,5,1,0.05,0.01,20,196,probabilistic,8,101
7,Anti Tit For Tat,2.0117933826365793,0.5921839467699823,2.5,1.0,0.19747619486191004,0.38507843276642895,0.225614424242336,0.19183094812932505,0.0,1.0,0.0,1.0,3,0,5,1,0.05,0.01,20,196,probabilistic,8,101
0,Defector,2.909183673469388,0.0,13.0,0.0,0.0,0.0,0.43441631344762804,0.565583686552372,0.0,0.0,0.0,0.0,3,0,5,1,0.09,0.09,63,14,probabilistic,15,102
1,Grudger,2.790986394557823,0.5624199288256228,4.0,1.0,0.4877096809533793,0.06733718993926326,0.24810156639377617,0.19685156271358137,1.0,0.0,0.0,0.0,3,0,5,1,0.09,0.09,63,14,probabilistic,15,102
2,Evolved FSM 16,2.637670068027211,0.6642458100558659,3.0,1.0,0.5253682536809007,0.13154061385824242,0.2046014463961794,0.1384896860646775,0.9290823374156707,0.28474085584518927,0.26828021435086646,0.3299734282595507,3,0,5,1,0.09,0.09,63,14,probabilistic,15,102
3,Evolved HMM 5,2.5943877551020407,0.636240885768296,3.0,1.0,0.5116027772276379,0.1283112549082965,0.21053722128283228,0.14954874658123332,1.0,0.4135995859801088,0.013052721088435373,0.15857192130924583,3,0,5,1,0.09,0.09,63,14,probabilistic,15,102
4,Win-Shift Lose-Stay: D,2.5662414965986393,0.5284866878190095,7.0,0.0,0.22119964638617626,0.30551161602572596,0.29607856902603447,0.17721016856206334,0.0,1.0,1.0,0.0,3,0,5,1,0.09,0.09,63,14,probabilistic,15,102
5,Bully,2.5218923933209645,0.4714807530205114,8.0,0.0,0.12383883933047342,0.35257980587237675,0.32443066221094546,0.1991506925862044,0.0,1.0,0.0,1.0,3,0,5,1,0.09,0.09,63,14,probabilistic,15,102
6,Meta Winner: 13 players,2.5113378684807257,0.32476411869273897,8.0,1.0,0.1908594307711777,0.13562009850076845,0.3315847209222334,0.3419357498058204,0.5694220070679259,0.3653876992190778,0.04629618172491873,0.1242764587175229,3,0,5,1,0.09,0.09,63,14,probabilistic,15,102
7,Meta Mixer: 13 players,2.4316435548578403,0.5198591549295775,6.0,0.7222222222222222,0.30230609306628925,0.21750481220837775,0.22849070261280455,0.2516983921125285,0.5573286810721962,0.42591455464775385,0.5480476741613484,0.4114537264271625,3,0,5,1,0.09,0.09,63,14,probabilistic,15,102
8,Random: 0.5,2.3930729984301413,0.5033337869097837,6.0,0.5158730158730159,0.24583868124229302,0.2572707721261202,0.2494406875660773,0.24744985906550956,0.49722929934434884,0.4997093366918358,0.5058917698453699,0.5046705042293274,3,0,5,1,0.09,0.09,63,14,probabilistic,15,102
9,Tit For Tat,2.3878401360544217,0.7130107376934877,0.0,1.0,0.5539647081005116,0.16166806722419924,0.1172521341165408,0.16711509055874835,1.0,0.0,1.0,0.0,3,0,5,1,0.09,0.09,63,14,probabilistic,15,102
10,Alternator,2.364965986394558,0.5249685270667226,4.0,1.0,0.2734748760514009,0.251706450697396,0.23216596748709986,0.2426527057641031,0.0,0.0,1.0,1.0,3,0,5,1,0.09,0.09,63,14,probabilistic,15,102
11,Soft Joss: 0.9,2.350334189619904,0.7478674311285135,0.0,1.0,0.5598652828335992,0.18189848008015086,0.11009917121453054,0.1481370658717196,1.0,0.10491803979752636,1.0,0.07467284621553873,3,0,5,1,0.09,0.09,63,14,probabilistic,15,102
12,Tit For 2 Tats,2.1573783359497645,0.8332185649359592,0.0,1.0,0.6146715005622122,0.22587778497112435,0.03950951861020564,0.11994119585645788,1.0,0.6961225970213718,1.0,0.0,3,0,5,1,0.09,0.09,63,14,probabilistic,15,102
13,Anti Tit For Tat,1.9942486085343227,0.633888663145063,5.0,1.0,0.205786108052546,0.42754276542421354,0.2075413355801876,0.15912979094305282,0.0,1.0,0.0,1.0,3,0,5,1,0.09,0.09,63,14,probabilistic,15,102
14,Cooperator,1.8645996860282577,1.0,0.0,1.0,0.6101196949691798,0.3898803050308201,0.0,0.0,1.0,1.0,0.0,0.0,3,0,5,1,0.09,0.09,63,14,probabilistic,15,102
0,Evolved HMM 5,2.8865948495038487,0.6636085626911316,5.0,1.0,0.6203371805101744,0.060731527949775925,0.20982773604333366,0.10910355549671603,0.9991869918699188,0.47662236383762246,0.02027027027027027,0.1997045289864209,3,0,5,1,0.09,0.05,27,195,probabilistic,18,103
1,Grudger,2.878559757236228,0.5544070876874148,5.0,1.0,0.5466853063347917,0.02330534135378048,0.23081691736894422,0.19919243494248343,1.0,0.0,0.0,0.0,3,0,5,1,0.09,0.05,27,195,probabilistic,18,103
2,Evolved FSM 16,2.867134656431876,0.6841249186727391,4.0,1.0,0.5803417878119498,0.09091738360586958,0.23333543736832563,0.09540539121385508,0.9122767857142857,0.48220809640866713,0.29828302723365113,0.29172748937732623,3,0,5,1,0.09,0.05,27,195,probabilistic,18,103
3,Defector,2.751221744147095,0.0,15.0,0.0,0.0,0.0,0.39607038064718475,0.6039296193528152,0.0,0.0,0.0,0.0,3,0,5,1,0.09,0.05,27,195,probabilistic,18,103
4,"DoubleCrosser: (D, D)",2.671163648872627,0.723929035049762,3.0,1.0,0.6372235073269522,0.0756364050636264,0.1774781675830676,0.10966192002635378,1.0,0.8084730997002989,0.006289308176100629,0.0,3,0,5,1,0.09,0.05,27,195,probabilistic,18,103
5,Suspicious Tit For Tat,2.576942352698655,0.5529485702314864,10.0,0.0,0.38603406454107786,0.1655204798424265,0.19544837695472558,0.25299707866177007,1.0,0.0,1.0,0.0,3,0,5,1,0.09,0.05,27,195,probabilistic,18,103
6,Tit For Tat,2.572734040984815,0.7659184113965033,0.0,1.0,0.6156735708062896,0.1412199636180258,0.12682132638164978,0.11628513919403476,1.0,0.0,1.0,0.0,3,0,5,1,0.09,0.05,27,195,probabilistic,18,103
7,Soft Joss: 0.9,2.5691655609612267,0.7903609250054031,0.0,1.0,0.6534458902885785,0.13945484109321635,0.10057943548799733,0.10651983313020788,1.0,0.12486073558655045,1.0,0.105329354032802,3,0,5,1,0.09,0.05,27,195,probabilistic,18,103
8,Win-Stay Lose-Shift,2.558152734778122,0.7409063804412641,1.0,1.0,0.6132958632025266,0.14138830937030075,0.11484136388920692,0.1304744635379657,1.0,0.0,0.0,1.0,3,0,5,1,0.09,0.05,27,195,probabilistic,18,103
9,GTFT: 0.33,2.489497969730528,0.835952515545506,0.0,1.0,0.682858971885416,0.16333233236789627,0.07090909830230102,0.08289959744438677,1.0,0.3562164189586767,1.0,0.32213580780669615,3,0,5,1,0.09,0.05,27,195,probabilistic,18,103
10,Tit For 2 Tats,2.3834810287751464,0.889144771276039,0.0,1.0,0.7260870458534159,0.15754892242247878,0.03157142052605699,0.0847926111980484,1.0,0.7480137984157417,1.0,0.0,3,0,5,1,0.09,0.05,27,195,probabilistic,18,103
11,Meta Mixer: 17 players,2.3631344962227314,0.505000526371197,8.0,0.7276688453159041,0.2859814847163529,0.21748459613365262,0.22215494242451136,0.27437897672548317,0.6035207171640953,0.3902912726189953,0.5641297937712093,0.40480560796660464,3,0,5,1,0.09,0.05,27,195,probabilistic,18,103
12,Bully,2.3449921049629663,0.5157668418537984,9.0,0.0,0.1578484009215997,0.36215923593371163,0.29007124146038415,0.1899211216843045,0.0,1.0,0.0,1.0,3,0,5,1,0.09,0.05,27,195,probabilistic,18,103
13,Alternator,2.320145252671204,0.5122467156535293,6.0,1.0,0.22772599407952496,0.28531291718443863,0.2534106571867107,0.23355043154932567,0.0,0.0,1.0,1.0,3,0,5,1,0.09,0.05,27,195,probabilistic,18,103
14,Random: 0.5,2.3042476714032443,0.49430930595849143,7.0,0.49673202614379086,0.23453161064482714,0.2593323996413006,0.23250501363211576,0.27363097608175646,0.48428611359583607,0.4831913898759296,0.4978047711856946,0.5100518252460023,3,0,5,1,0.09,0.05,27,195,probabilistic,18,103
15,Win-Shift Lose-Stay: D,2.2424519085381127,0.5791727713287501,8.0,0.0,0.20871425429940227,0.35181660715717356,0.23783708393468206,0.2016320546087421,0.0,1.0,1.0,0.0,3,0,5,1,0.09,0.05,27,195,probabilistic,18,103
16,Cooperator,2.1683006535947715,1.0,0.0,1.0,0.7190175896670536,0.2809824103329464,0.0,0.0,1.0,1.0,0.0,0.0,3,0,5,1,0.09,0.05,27,195,probabilistic,18,103
17,Anti Tit For Tat,2.0032939734441615,0.6141280353200883,6.0,1.0,0.19462129507279288,0.420146320906621,0.2126113947860437,0.17262098923454244,0.0,1.0,0.0,1.0,3,0,5,1,0.09,0.05,27,195,probabilistic,18,103
0,Evolved FSM 16,2.7367088607594936,0.5907793633369923,1.0,1.0,0.5576753187613843,0.04561429872495447,0.1933738615664845,0.2033365209471767,0.7505404346690654,0.3809053641953707,0.09208024559678721,0.11615855302980362,3,0,5,1,0.0,0.04,89,118,probabilistic,5,104
1,Tit For Tat,2.679956896551724,0.7442222222222222,0.0,1.0,0.5772599944759158,0.18827645086884814,0.17901012328268703,0.05545343137254902,1.0,0.0,1.0,0.0,3,0,5,1,0.0,0.04,89,118,probabilistic,5,104
2,Random: 0.5,2.6019736842105265,0.5134678237349262,2.0,0.5252808988764045,0.2992591941599392,0.21435888603872338,0.27223759535533837,0.21414432444599907,0.5220769318122487,0.5035923377331024,0.5109651629124292,0.5128461744520182,3,0,5,1,0.0,0.04,89,118,probabilistic,5,104
3,Alternator,2.5968318719024017,0.5097527784078022,2.0,1.0,0.2302001366383255,0.27980408790856515,0.3241905836547049,0.16580519179840453,0.0,0.0,1.0,1.0,3,0,5,1,0.0,0.04,89,118,probabilistic,5,104
4,Cooperator,2.2674825174825175,1.0,0.0,1.0,0.7592415596818763,0.24075844031812366,0.0,0.0,1.0,1.0,0.0,0.0,3,0,5,1,0.0,0.04,89,118,probabilistic,5,104
0,Grudger,3.0860851838280245,0.5521457684008632,5.0,1.0,0.5494460387127502,0.017260874054213077,0.2787684262075878,0.15452466102544893,1.0,0.0,0.0,0.0,3,0,5,1,0.07,0.03,10,158,probabilistic,14,105
1,Evolved HMM 5,3.008354058965767,0.5829846582984658,4.0,1.0,0.565566227278018,0.05318998037204828,0.2634740459404863,0.1177697464094475,0.996969696969697,0.42509157509157514,0.046875,0.20545254556882464,3,0,5,1,0.07,0.03,10,158,probabilistic,14,105
2,Defector,2.8452250886288937,0.0,12.0,0.0,0.0,0.0,0.41774319448658975,0.5822568055134103,0.0,0.0,0.0,0.0,3,0,5,1,0.07,0.03,10,158,probabilistic,14,105
3,"DoubleCrosser: (D, D)",2.8144047523094615,0.68483240897034,3.0,1.0,0.5824115648360232,0.06482352727927648,0.23585892105804296,0.11690598682665732,1.0,0.7739499801999803,0.0,0.0,3,0,5,1,0.07,0.03,10,158,probabilistic,14,105
4,Win-Stay Lose-Shift,2.5878727958291856,0.7837384744341995,1.0,1.0,0.6374486698432514,0.13255530551968267,0.10808457692489763,0.12191144771216826,1.0,0.0,0.0,1.0,3,0,5,1,0.07,0.03,10,158,probabilistic,14,105
5,Tit For Tat,2.5739556757754674,0.740855845087258,0.0,1.0,0.6197560258329428,0.12412020442396073,0.11618138676499683,0.1399423829780996,1.0,0.0,1.0,0.0,3,0,5,1,0.07,0.03,10,158,probabilistic,14,105
6,Soft Joss: 0.9,2.522145624060854,0.7734973311673242,0.0,1.0,0.6239466692714711,0.1415339533767375,0.10852517776926646,0.12599419958252484,1.0,0.10499023168925148,1.0,0.07647012821484292,3,0,5,1,0.07,0.03,10,158,probabilistic,14,105
7,GTFT: 0.33,2.408918241157638,0.8040039545229857,0.0,1.0,0.6447114578614519,0.17405458345265726,0.07999313469576878,0.10124082399012213,1.0,0.32137020664279653,1.0,0.295466079059829,3,0,5,1,0.07,0.03,10,158,probabilistic,14,105
8,Win-Shift Lose-Stay: D,2.2840169007714644,0.5968036529680365,6.5,0.0,0.2131323771376246,0.3889723661636075,0.233643119433541,0.16425213726522678,0.0,1.0,1.0,0.0,3,0,5,1,0.07,0.03,10,158,probabilistic,14,105
9,Meta Mixer: 13 players,2.22403656775563,0.4884157795867251,6.5,0.7230769230769231,0.2543239242692048,0.22613408858477851,0.22475011140591541,0.2947918757401013,0.533757637780361,0.4094641583433248,0.5252393700475854,0.42862415281751076,3,0,5,1,0.07,0.03,10,158,probabilistic,14,105
10,Bully,2.20271040373506,0.5603985056039851,7.0,0.0,0.15757955675786675,0.3802360376078804,0.2853054804341101,0.17687892520014273,0.0,1.0,0.0,1.0,3,0,5,1,0.07,0.03,10,158,probabilistic,14,105
11,Alternator,2.10042112330434,0.5075248900208381,4.0,1.0,0.21487809431185576,0.29370711749239237,0.2220477691575789,0.26936701903817295,0.0,0.0,1.0,1.0,3,0,5,1,0.07,0.03,10,158,probabilistic,14,105
12,Cooperator,2.0108316223047753,1.0,0.0,1.0,0.6719110669400112,0.3280889330599888,0.0,0.0,1.0,1.0,0.0,0.0,3,0,5,1,0.07,0.03,10,158,probabilistic,14,105
13,Anti Tit For Tat,1.9009114457244427,0.6304683479155945,4.5,1.0,0.18242343753123033,0.44940203492247977,0.19970366203092155,0.16847086551536825,0.0,1.0,0.0,1.0,3,0,5,1,0.07,0.03,10,158,probabilistic,14,105
0,Grudger,3.115625,0.5096574858757063,4.0,1.0,0.5044491525423729,0.005208333333333333,0.27854872881355935,0.21179378531073448,1.0,0.0,0.0,0.0,3,0,5,1,0.09,0.0,59,96,probabilistic,11,106
1,"DoubleCrosser: (D, D)",3.06875,0.5376588983050847,4.0,1.0,0.5148834745762711,0.022775423728813558,0.2648658192090395,0.1974752824858757,1.0,0.7441860465116279,0.022847100175746926,0.0,3,0,5,1,0.09,0.0,59,96,probabilistic,11,106
2,Evolved HMM 5,3.051041666666667,0.5648481638418079,4.0,1.0,0.5126059322033899,0.05224223163841808,0.2691560734463277,0.1659957627118644,0.9978373702422145,0.3790424787701777,0.0158311345646438,0.20145623998835008,3,0,5,1,0.09,0.0,59,96,probabilistic,11,106
3,Defector,2.6375,0.0,10.0,0.0,0.0,0.0,0.4090218926553673,0.5909781073446327,0.0,0.0,0.0,0.0,3,0,5,1,0.09,0.0,59,96,probabilistic,11,106
4,Tit For Tat,2.4927083333333333,0.6890007062146892,0.0,1.0,0.5648658192090396,0.12413488700564972,0.12136299435028249,0.18963629943502824,1.0,0.0,1.0,0.0,3,0,5,1,0.09,0.0,59,96,probabilistic,11,106
5,GTFT: 0.33,2.3,0.7819562146892656,0.0,1.0,0.5900776836158192,0.1918785310734463,0.07837217514124292,0.13967161016949153,1.0,0.3342148984671771,1.0,0.32875337422116885,3,0,5,1,0.09,0.0,59,96,probabilistic,11,106
6,Win-Stay Lose-Shift,2.216666666666667,0.7855755649717514,0.0,1.0,0.6120939265536722,0.1734816384180791,0.04140183615819209,0.1730225988700565,1.0,0.0,0.0,1.0,3,0,5,1,0.09,0.0,59,96,probabilistic,11,106
7,Meta Mixer: 10 players,1.99375,0.3616348870056497,6.0,0.8169491525423729,0.14284957627118644,0.21878531073446328,0.23328036723163836,0.40508474576271186,0.41849111650081466,0.3528906728981457,0.395810603994817,0.36698753646624394,3,0,5,1,0.09,0.0,59,96,probabilistic,11,106
8,Bully,1.6875,0.6272245762711864,4.0,0.0,0.152489406779661,0.47473516949152544,0.2137888418079096,0.15898658192090395,0.0,1.0,0.0,1.0,3,0,5,1,0.09,0.0,59,96,probabilistic,11,106
9,Alternator,1.5885416666666665,0.5,2.0,1.0,0.1696680790960452,0.3303319209039548,0.14491525423728813,0.3550847457627119,0.0,0.0,1.0,1.0,3,0,5,1,0.09,0.0,59,96,probabilistic,11,106
10,Anti Tit For Tat,1.1895833333333332,0.7310381355932203,2.0,1.0,0.15752118644067797,0.5735169491525424,0.11237641242937853,0.15658545197740112,0.0,1.0,0.0,1.0,3,0,5,1,0.09,0.0,59,96,probabilistic,11,106
0,Grudger,2.83835327234342,0.4623328622676378,3.0,1.0,0.4353345989558614,0.023513737650164734,0.2676793323494204,0.27347233104455343,1.0,0.0,0.0,0.0,3,0,5,1,0.01,0.04,53,165,probabilistic,8,107
1,Defector,2.4645009585013895,0.0,7.0,0.0,0.0,0.0,0.3179498339016073,0.6820501660983928,0.0,0.0,0.0,0.0,3,0,5,1,0.01,0.04,53,165,probabilistic,8,107
2,Tit For Tat,2.367857142857143,0.6585211712660628,0.0,1.0,0.500159349181632,0.15469168249319293,0.13967554173261737,0.20547342659255763,1.0,0.0,1.0,0.0,3,0,5,1,0.01,0.04,53,165,probabilistic,8,107
3,Soft Joss: 0.9,2.3035595869647594,0.7141357959911848,0.0,1.0,0.5034905806563886,0.18084261737087567,0.1255351036040688,0.19013169836866695,1.0,0.12602401278715808,1.0,0.09411055917832427,3,0,5,1,0.01,0.04,53,165,probabilistic,8,107
4,Cycler DC,2.1409943863360015,0.4898876404494382,3.0,0.0,0.1800918528966007,0.3092819615302153,0.2598555454610207,0.2507706401121633,0.0,0.0,1.0,1.0,3,0,5,1,0.01,0.04,53,165,probabilistic,8,107
5,Tit For 2 Tats,2.0845648604269296,0.7699288439723626,0.0,1.0,0.58152565739005,0.19750947273286013,0.04236171549118849,0.1786031543859014,1.0,0.6748531327988693,1.0,0.0,3,0,5,1,0.01,0.04,53,165,probabilistic,8,107
6,Random: 0.5,2.0415343915343915,0.4928360245622015,3.0,0.4636118598382749,0.20574168551630306,0.28589189922039937,0.21138704454162213,0.29697937072167546,0.5078570737307235,0.49662674141931556,0.5111818910709204,0.4756059634535023,3,0,5,1,0.01,0.04,53,165,probabilistic,8,107
7,Bully,1.8196001367054,0.609713282621416,3.0,0.0,0.1941423304257417,0.39798253036582126,0.1852697842819841,0.22260535492645292,0.0,1.0,0.0,1.0,3,0,5,1,0.01,0.04,53,165,probabilistic,8,107
0,Meta Winner: 12 players,2.6893939393939394,0.24266862170087977,10.0,1.0,0.16728881718032818,0.07555709023708948,0.36533862986281385,0.39181546271976847,0.6347112033358492,0.42277797688449914,0.03498077186478981,0.011956316994427778,3,0,5,1,0.0,0.02,35,11,probabilistic,13,108
1,Defector,2.6818181818181817,0.0,11.0,0.0,0.0,0.0,0.4109462349631887,0.5890537650368114,0.0,0.0,0.0,0.0,3,0,5,1,0.0,0.02,35,11,probabilistic,13,108
2,Evolved HMM 5,2.596590909090909,0.6804889741131351,3.0,1.0,0.5667972560608164,0.11767679999360575,0.14871419951512008,0.16681174443045776,0.9989550679205852,0.4140783572516506,0.0,0.2244340844340844,3,0,5,1,0.0,0.02,35,11,probabilistic,13,108
3,Evolved FSM 16,2.553030303030303,0.7036172695449242,4.0,1.0,0.5763356268513851,0.13131229935308034,0.13378484875825128,0.15856722503728332,0.8953448275862069,0.3842213785923595,0.3480037050786896,0.33837418300653593,3,0,5,1,0.0,0.02,35,11,probabilistic,13,108
4,Win-Stay Lose-Shift,2.537878787878788,0.7360849056603773,1.0,1.0,0.579771027597226,0.15919322456980542,0.1359178353169395,0.1251179125160291,1.0,0.0,0.0,1.0,3,0,5,1,0.0,0.02,35,11,probabilistic,13,108
5,Cycler DC,2.4823232323232323,0.4539331248496512,6.0,0.0,0.1700328867917655,0.2838085433801029,0.3465861617467205,0.1995724080814111,0.0,0.0,1.0,1.0,3,0,5,1,0.0,0.02,35,11,probabilistic,13,108
6,Soft Joss: 0.9,2.456060606060606,0.7546723444523302,0.0,1.0,0.583717086864133,0.168367646377583,0.11348682883366813,0.13442843792461573,1.0,0.09330777767721944,1.0,0.10493627763271629,3,0,5,1,0.0,0.02,35,11,probabilistic,13,108
7,Random: 0.5,2.359848484848485,0.5107641353205583,5.0,0.5119047619047619,0.2665515513055772,0.2441296841000599,0.2545650096558386,0.23475375493852424,0.509098101881503,0.5099106473724364,0.49990898643583415,0.5174527977116412,3,0,5,1,0.0,0.02,35,11,probabilistic,13,108
8,GTFT: 0.33,2.348484848484848,0.8193916349809885,0.0,1.0,0.6149204189593721,0.2044712041714272,0.08153789736953573,0.09907047949966492,1.0,0.3385865429577879,1.0,0.36615459850376414,3,0,5,1,0.0,0.02,35,11,probabilistic,13,108
9,Alternator,2.3442760942760947,0.5457805402820942,4.0,1.0,0.23727946661050173,0.3085559700560359,0.2910354116699631,0.16312915166349923,0.0,0.0,1.0,1.0,3,0,5,1,0.0,0.02,35,11,probabilistic,13,108
10,Win-Shift Lose-Stay: D,2.2012987012987013,0.5778859527121002,4.0,0.0,0.21188491369792825,0.36121982725146556,0.279527364520905,0.1473678945297012,0.0,1.0,1.0,0.0,3,0,5,1,0.0,0.02,35,11,probabilistic,13,108
11,Tit For 2 Tats,2.1784511784511786,0.8760509248138362,0.0,1.0,0.67340157085608,0.19924159414516507,0.008541089566020314,0.11881574543273458,1.0,0.7898924803271682,1.0,0.0,3,0,5,1,0.0,0.02,35,11,probabilistic,13,108
12,Cooperator,2.065909090909091,1.0,0.0,1.0,0.6835523718564559,0.3164476281435441,0.0,0.0,1.0,1.0,0.0,0.0,3,0,5,1,0.0,0.02,35,11,probabilistic,13,108
0,Grudger,2.752907986111111,0.5015221294200297,5.0,1.0,0.4654892243763573,0.0432356433738951,0.2445944321604047,0.246680700089343,1.0,0.0,0.0,0.0,3,0,5,1,0.03,0.08,65,103,probabilistic,17,109
1,Evolved FSM 16,2.649160561660562,0.6382436916428736,4.0,1.0,0.5083302517105143,0.13380460530327506,0.2308645714369921,0.12700057154921854,0.9506402667990478,0.4392009795585745,0.30245962704591545,0.342385634902171,3,0,5,1,0.03,0.08,65,103,probabilistic,17,109
2,Defector,2.647386876881061,0.0,14.0,0.0,0.0,0.0,0.3626337027368225,0.6373662972631775,0.0,0.0,0.0,0.0,3,0,5,1,0.03,0.08,65,103,probabilistic,17,109
3,Evolved HMM 5,2.5960622175006365,0.6432670387548148,3.0,1.0,0.5478868848195418,0.10205199164298467,0.20722377847860948,0.14283734505886397,1.0,0.5185859445221609,0.010032587049665077,0.1636416854239911,3,0,5,1,0.03,0.08,65,103,probabilistic,17,109
4,Suspicious Tit For Tat,2.5204840124489145,0.45590174744477413,9.0,0.0,0.29009114420432724,0.17580982280004923,0.22161245446592398,0.3124865785296996,1.0,0.0,1.0,0.0,3,0,5,1,0.03,0.08,65,103,probabilistic,17,109
5,Meta Winner: 15 players,2.4226720479384967,0.2245397803586948,9.0,1.0,0.13297539588269888,0.09262981592037818,0.323930444453466,0.4504643437434569,0.5923594715092148,0.3504857265899063,0.023448749382307222,0.08459102647402093,3,0,5,1,0.03,0.08,65,103,probabilistic,17,109
6,"DoubleCrosser: (D, D)",2.41875,0.7107563664006081,2.0,1.0,0.5817291420267667,0.12934782226576708,0.15948601593063266,0.12943701977683353,1.0,0.8178019405059201,0.04838709677419355,0.0,3,0,5,1,0.03,0.08,65,103,probabilistic,17,109
7,Tit For Tat,2.413893398268398,0.7022023619533992,0.0,1.0,0.5351674616548705,0.16602275544801204,0.14005540078150397,0.15875438211561343,1.0,0.0,1.0,0.0,3,0,5,1,0.03,0.08,65,103,probabilistic,17,109
8,Win-Stay Lose-Shift,2.363918798354582,0.7051600995104726,1.0,1.0,0.5387518956898995,0.17951734391619584,0.12441153489445998,0.1573192254994448,1.0,0.0,0.0,1.0,3,0,5,1,0.03,0.08,65,103,probabilistic,17,109
9,Cycler DC,2.3316185185678013,0.4800875273522976,6.0,0.0,0.18275827529308603,0.29704503775976404,0.24512335284576314,0.2750733341013868,0.0,0.0,1.0,1.0,3,0,5,1,0.03,0.08,65,103,probabilistic,17,109
10,GTFT: 0.33,2.29359579400563,0.7913382627772813,0.0,1.0,0.5943544385820504,0.20573993471765453,0.08551591374068389,0.11438971295961126,1.0,0.3247988011881199,1.0,0.31150505852517196,3,0,5,1,0.03,0.08,65,103,probabilistic,17,109
11,Meta Mixer: 15 players,2.2891027395930412,0.4723006089410367,6.0,0.6201923076923077,0.2535031598168495,0.222322315302903,0.21773342609530583,0.3064410987849417,0.5940966107238463,0.3827248688262096,0.5591798026237093,0.3562045139690774,3,0,5,1,0.03,0.08,65,103,probabilistic,17,109
12,Win-Shift Lose-Stay: D,2.2605587121212123,0.5469572368421053,7.0,0.0,0.17699069811348336,0.36838078350799813,0.22784623708810658,0.22678228129041192,0.0,1.0,1.0,0.0,3,0,5,1,0.03,0.08,65,103,probabilistic,17,109
13,Random: 0.5,2.2393435101865107,0.5025664955669622,6.0,0.49615384615384617,0.21477234942898044,0.28772433389130936,0.21425896401123967,0.28324435266847053,0.4798890208309713,0.503262335652464,0.5062678587538479,0.5145925260271357,3,0,5,1,0.03,0.08,65,103,probabilistic,17,109
14,Tit For 2 Tats,2.213080424477483,0.8401130830846553,0.0,1.0,0.6437819071538528,0.19315209693653343,0.036166721333809826,0.126899274575804,1.0,0.7224307365341475,1.0,0.0,3,0,5,1,0.03,0.08,65,103,probabilistic,17,109
15,Bully,2.2027884140316205,0.5485515643105446,7.0,0.0,0.15187841214786912,0.39664963756597055,0.24830335007032212,0.20316860021583832,0.0,1.0,0.0,1.0,3,0,5,1,0.03,0.08,65,103,probabilistic,17,109
16,Anti Tit For Tat,1.8535194241821398,0.6661111111111111,5.0,1.0,0.1965539210884697,0.4666831141295145,0.1703567539581584,0.16640621082385737,0.0,1.0,0.0,1.0,3,0,5,1,0.03,0.08,65,103,probabilistic,17,109
0,"DoubleCrosser: (D, D)",2.5421639871400634,0.5941889760925124,3.0,1.0,0.5657372029607856,0.034409792570546924,0.11804462441393476,0.2818083800547328,1.0,0.7957332541681796,0.0,0.0,3,0,5,1,0.03,0.01,94,76,probabilistic,12,110
1,Grudger,2.4533817659769657,0.4730421306807943,3.0,1.0,0.46146524064622074,0.010169135063958884,0.13536155943921196,0.3930040648506084,1.0,0.0,0.0,0.0,3,0,5,1,0.03,0.01,94,76,probabilistic,12,110
2,Evolved FSM 16,2.440608616217257,0.6641653429734714,3.0,1.0,0.5025686822520652,0.15847728854811416,0.15131730595387435,0.18763672324594632,0.8615949371854699,0.5387352488553084,0.34897536386424266,0.380579238562013,3,0,5,1,0.03,0.01,94,76,probabilistic,12,110
3,Tit For Tat,2.4291839986854056,0.6465586161785013,0.0,1.0,0.481633494905082,0.16367767202569664,0.15718231923907233,0.197506513830149,1.0,0.0,1.0,0.0,3,0,5,1,0.03,0.01,94,76,probabilistic,12,110
4,Soft Joss: 0.9,2.416344081312303,0.699737988043398,0.0,1.0,0.5554597978723385,0.15269496508398073,0.11479434796544923,0.17705088907823158,1.0,0.10193936460221432,1.0,0.09748588020580469,3,0,5,1,0.03,0.01,94,76,probabilistic,12,110
5,Win-Stay Lose-Shift,2.2502650608960417,0.7169661636101989,0.0,1.0,0.5270718267283561,0.19015651750227994,0.09723676962099703,0.18553488614836694,1.0,0.0,0.0,1.0,3,0,5,1,0.03,0.01,94,76,probabilistic,12,110
6,Suspicious Tit For Tat,2.1710097782857884,0.43693196452882954,5.0,0.0,0.2057260400475996,0.23412460743058902,0.24288269626792436,0.31726665625388706,1.0,0.0,1.0,0.0,3,0,5,1,0.03,0.01,94,76,probabilistic,12,110
7,Defector,2.087063242806086,0.0,10.0,0.0,0.0,0.0,0.2640941785399421,0.7359058214600579,0.0,0.0,0.0,0.0,3,0,5,1,0.03,0.01,94,76,probabilistic,12,110
8,Meta Winner: 11 players,2.0782130415545073,0.04575628259838786,9.0,1.0,0.031532772543862615,0.014280672727858983,0.2517194154489588,0.7024671392793196,0.6099226350353216,0.5108140808833468,0.020446891022994997,0.001315412261167501,3,0,5,1,0.03,0.01,94,76,probabilistic,12,110
9,Alternator,1.7272647461129613,0.5025923944129749,2.0,1.0,0.06910190451158608,0.433496034119974,0.23944477748698337,0.25795728388145656,0.0,0.0,1.0,1.0,3,0,5,1,0.03,0.01,94,76,probabilistic,12,110
10,Cycler DC,1.7029815625302525,0.49732896142651883,2.0,0.0,0.05868366007868621,0.4386425059950994,0.2420944579479168,0.2605793759782975,0.0,0.0,1.0,1.0,3,0,5,1,0.03,0.01,94,76,probabilistic,12,110
11,Random: 0.5,1.678446007422206,0.49912698266830857,3.0,0.4961315280464217,0.15715001357765182,0.3419728325464792,0.15792957129031276,0.3429475825855563,0.5065684889239886,0.49223111742648396,0.48913481519819035,0.5032911123711247,3,0,5,1,0.03,0.01,94,76,probabilistic,12,110
0,Defector,2.984920634920635,0.0,13.0,0.0,0.0,0.0,0.472322925372705,0.527677074627295,0.0,0.0,0.0,0.0,3,0,5,1,0.06,0.08,17,20,probabilistic,15,111
1,Grudger,2.829971988795518,0.5379426644182125,4.0,1.0,0.5337257388162365,0.04443067662759109,0.20797369031195675,0.21386989424421562,1.0,0.0,0.0,0.0,3,0,5,1,0.06,0.08,17,20,probabilistic,15,111
2,Evolved FSM 16,2.7151360544217686,0.6872712484749899,3.0,1.0,0.5751221427667653,0.11511024313490975,0.19532058342759695,0.11444703067072802,0.9265765765765765,0.4792035644667223,0.4900919117647059,0.26694073928394485,3,0,5,1,0.06,0.08,17,20,probabilistic,15,111
3,Suspicious Tit For Tat,2.5782760472610096,0.5311370028123744,8.0,0.0,0.31205681346910213,0.21480965657232418,0.26512462251497526,0.20800890744359832,1.0,0.0,1.0,0.0,3,0,5,1,0.06,0.08,17,20,probabilistic,15,111
4,Evolved HMM 5,2.5660818713450295,0.7370806890299184,2.0,1.0,0.6159006287930632,0.10030197397499056,0.16140853955091994,0.12238885768102627,1.0,0.511233440744719,0.0,0.21301169590643276,3,0,5,1,0.06,0.08,17,20,probabilistic,15,111
5,"DoubleCrosser: (D, D)",2.520238095238095,0.7481327800829876,2.0,1.0,0.6532052967308324,0.13504188329349967,0.12460973749653907,0.0871430824791289,1.0,0.8290641324807152,0.2,0.0,3,0,5,1,0.06,0.08,17,20,probabilistic,15,111
6,Tit For Tat,2.4869047619047615,0.7192982456140351,0.0,1.0,0.5622138554199728,0.17061551711694403,0.14625519881438714,0.12091542864869599,1.0,0.0,1.0,0.0,3,0,5,1,0.06,0.08,17,20,probabilistic,15,111
7,Cycler DC,2.4440714882444206,0.47707193941943626,6.0,0.0,0.17301992224330023,0.30348430690584915,0.2856388194252692,0.23785695142558141,0.0,0.0,1.0,1.0,3,0,5,1,0.06,0.08,17,20,probabilistic,15,111
8,Meta Mixer: 14 players,2.4177579365079365,0.5222222222222223,6.0,0.7142857142857143,0.3183363325532603,0.2056798792299455,0.23430887861404576,0.24167490960274843,0.5879258195248921,0.381172162807367,0.5346096140538882,0.43678964627906475,3,0,5,1,0.06,0.08,17,20,probabilistic,15,111
9,Bully,2.3629306783442123,0.5251028806584362,7.0,0.0,0.14649446096469418,0.34771940661601014,0.3061913826863298,0.19959474973296584,0.0,1.0,0.0,1.0,3,0,5,1,0.06,0.08,17,20,probabilistic,15,111
10,GTFT: 0.33,2.330357142857143,0.850177304964539,0.0,1.0,0.6388656788024205,0.19606840942757994,0.08389826032596627,0.08116765144403335,1.0,0.3238226250513792,1.0,0.33817249361430396,3,0,5,1,0.06,0.08,17,20,probabilistic,15,111
11,Win-Stay Lose-Shift,2.3248299319727894,0.7870884993587003,0.0,1.0,0.6088968310757891,0.17215282615578795,0.07051592401177538,0.1484344187566476,1.0,0.0,0.0,1.0,3,0,5,1,0.06,0.08,17,20,probabilistic,15,111
12,Alternator,2.3079931972789116,0.5220255249073693,4.0,1.0,0.22080910929640638,0.30177121701334936,0.25349168833199837,0.22392798535824596,0.0,0.0,1.0,1.0,3,0,5,1,0.06,0.08,17,20,probabilistic,15,111
13,Cooperator,2.0824929971988797,1.0,0.0,1.0,0.6973761125329253,0.30262388746707475,0.0,0.0,1.0,1.0,0.0,0.0,3,0,5,1,0.06,0.08,17,20,probabilistic,15,111
14,Anti Tit For Tat,2.0521645021645023,0.6303109943057381,4.0,1.0,0.212781045806149,0.40745229520970927,0.2102019278611003,0.16956473112304152,0.0,1.0,0.0,1.0,3,0,5,1,0.06,0.08,17,20,probabilistic,15,111
0,Grudger,3.0317460317460316,0.5136101182293099,3.0,1.0,0.42930049460708225,0.08290017222057335,0.3226510156669185,0.16514831750542588,1.0,0.0,0.0,0.0,3,0,5,1,0.04,0.04,82,9,probabilistic,7,112
1,Soft Joss: 0.9,2.3703703703703702,0.7359034880671388,0.0,1.0,0.5368719628752255,0.20127276398624558,0.12582198614680176,0.1360332869917271,1.0,0.10290390484124128,1.0,0.11992367418959163,3,0,5,1,0.04,0.04,82,9,probabilistic,7,112
2,Meta Mixer: 5 players,2.3703703703703702,0.5162590701424349,2.0,0.6991869918699187,0.28881683716740025,0.22840949498066773,0.24370703528700396,0.239066632564928,0.597280177671118,0.36771780657884284,0.5216776107327534,0.43984137646699223,3,0,5,1,0.04,0.04,82,9,probabilistic,7,112
3,Bully,2.3078703703703702,0.4545211342964152,3.0,0.0,0.17264540968379158,0.28388163327377963,0.2982671053851548,0.24520585165727402,0.0,1.0,0.0,1.0,3,0,5,1,0.04,0.04,82,9,probabilistic,7,112
4,Win-Stay Lose-Shift,2.2275132275132274,0.7534845586225745,0.0,1.0,0.554958994217161,0.1991659124683206,0.08096574903201832,0.16490934428250015,1.0,0.0,0.0,1.0,3,0,5,1,0.04,0.04,82,9,probabilistic,7,112
5,Meta Winner: 5 players,2.213955026455026,0.5455282356119967,2.0,1.0,0.25531282603886285,0.29041152082164495,0.24318545661652957,0.21109019652296257,0.2109685607683672,0.8277061295210567,0.13721164878568295,0.6840222737754571,3,0,5,1,0.04,0.04,82,9,probabilistic,7,112
6,Random: 0.5,2.2025462962962963,0.4969341508930952,2.0,0.4898373983739837,0.23135447497820338,0.2654116124953219,0.23685476211212686,0.26637915041434784,0.48718847295593487,0.5363153931440755,0.5019759384824878,0.4721411500247151,3,0,5,1,0.04,0.04,82,9,probabilistic,7,112
0,Grudger,2.9539358091244883,0.3901193392047527,4.0,1.0,0.3484240334334192,0.029464675553356818,0.3592396686988348,0.2628716223143892,1.0,0.0,0.0,0.0,3,0,5,1,0.05,0.04,93,72,probabilistic,10,113
1,Defector,2.7506908487300645,0.0,8.0,0.0,0.0,0.0,0.41961197614047463,0.5803880238595255,0.0,0.0,0.0,0.0,3,0,5,1,0.05,0.04,93,72,probabilistic,10,113
2,Win-Shift Lose-Stay: D,2.5335470085470084,0.4741570601288088,5.0,0.0,0.2614477845664125,0.2213326863473444,0.28386981954830576,0.23334970953793727,0.0,1.0,1.0,0.0,3,0,5,1,0.05,0.04,93,72,probabilistic,10,113
3,Cycler DC,2.4206105293061815,0.49005653139511407,5.0,0.0,0.22038641923595195,0.26948837563701533,0.29167661975148057,0.21844858537555198,0.0,0.0,1.0,1.0,3,0,5,1,0.05,0.04,93,72,probabilistic,10,113
4,Soft Joss: 0.9,2.3506172839506174,0.6701025421918394,0.0,1.0,0.4484192778570667,0.22884454235254426,0.17824058616967287,0.14449559362071623,1.0,0.09199834820244278,1.0,0.10286578892028693,3,0,5,1,0.05,0.04,93,72,probabilistic,10,113
5,Alternator,2.326057438802537,0.5100945440220602,3.0,1.0,0.2408652302546216,0.26927331961835005,0.27593706124823647,0.21392438887879195,0.0,0.0,1.0,1.0,3,0,5,1,0.05,0.04,93,72,probabilistic,10,113
6,Random: 0.5,2.2972888435532113,0.49657050107335465,4.0,0.4982078853046595,0.24564322300478228,0.2512122586252577,0.25027551756551997,0.25286900080444,0.5001914432517783,0.500906071825742,0.506329739400424,0.4886287683230487,3,0,5,1,0.05,0.04,93,72,probabilistic,10,113
7,Anti Tit For Tat,2.053388099879328,0.558792372881356,3.0,1.0,0.23886780630414892,0.32680827790009387,0.21409428548121506,0.22022963031454212,0.0,1.0,0.0,1.0,3,0,5,1,0.05,0.04,93,72,probabilistic,10,113
8,Tit For 2 Tats,1.95014245014245,0.8164937192790824,0.0,1.0,0.5639319968468872,0.26678239449376495,0.03283490217864753,0.1364507064807004,1.0,0.7842484825338788,1.0,0.0,3,0,5,1,0.05,0.04,93,72,probabilistic,10,113
9,Cooperator,1.6904719067138103,1.0,0.0,1.0,0.5574260937453397,0.4425739062546603,0.0,0.0,1.0,1.0,0.0,0.0,3,0,5,1,0.05,0.04,93,72,probabilistic,10,113
0,Grudger,2.923618354471997,0.4983026898488791,6.0,1.0,0.4781650638634916,0.01372765781919747,0.25615257245146905,0.2519547058658419,1.0,0.0,0.0,0.0,3,0,5,1,0.07,0.02,88,74,probabilistic,18,114
1,Evolved HMM 5,2.9042705217768825,0.6162265815910942,5.0,1.0,0.5445166759378057,0.058897537905239716,0.24077761609569973,0.15580817006125477,0.9983783783783784,0.4917465247728804,0.016863406408094434,0.19258415505516494,3,0,5,1,0.07,0.02,88,74,probabilistic,18,114
2,Evolved FSM 16,2.892658872174192,0.6164412735597913,5.0,1.0,0.5085502060831285,0.10530107568942226,0.2610552410067006,0.12509347722074846,0.9181637860907744,0.5206205262955238,0.21272540045382773,0.34506736929885695,3,0,5,1,0.07,0.02,88,74,probabilistic,18,114
3,"DoubleCrosser: (D, D)",2.809787899388719,0.5852969372824057,5.0,1.0,0.5519281726530195,0.04489986521265797,0.22588247618399815,0.17728948595032437,1.0,0.7872692172220893,0.0,0.0,3,0,5,1,0.07,0.02,88,74,probabilistic,18,114
4,Meta Winner: 17 players,2.652630382960693,0.07600684502126362,13.0,1.0,0.04614074514142297,0.03023107785765465,0.4004041148311986,0.5232240621697238,0.55065193125287,0.4110134863405766,0.020246786377491187,0.026859237194775388,3,0,5,1,0.07,0.02,88,74,probabilistic,18,114
5,Defector,2.632004838656344,0.0,15.0,0.0,0.0,0.0,0.389421206035354,0.610578793964646,0.0,0.0,0.0,0.0,3,0,5,1,0.07,0.02,88,74,probabilistic,18,114
6,Tit For Tat,2.5136799274234396,0.6968807647157471,0.0,1.0,0.5388887983976103,0.15788200170627512,0.14992277712209412,0.15330642277402054,1.0,0.0,1.0,0.0,3,0,5,1,0.07,0.02,88,74,probabilistic,18,114
7,Soft Joss: 0.9,2.4814457001138153,0.7411996000203379,0.0,1.0,0.5845025178520327,0.15664041124743755,0.11976773960809259,0.13908933129243733,1.0,0.09893194585506809,1.0,0.11048628342738251,3,0,5,1,0.07,0.02,88,74,probabilistic,18,114
8,Win-Stay Lose-Shift,2.4305332693625497,0.732487922705314,1.0,1.0,0.5584914000544222,0.1644230517837854,0.12120856140938953,0.15587698675240294,1.0,0.0,0.0,1.0,3,0,5,1,0.07,0.02,88,74,probabilistic,18,114
9,GTFT: 0.33,2.365900562112265,0.8085166885863576,0.0,1.0,0.6158082143000603,0.19047995321191957,0.08472720949098178,0.10898462299703843,1.0,0.3283477235160926,1.0,0.34847099075926996,3,0,5,1,0.07,0.02,88,74,probabilistic,18,114
10,Suspicious Tit For Tat,2.313065564839968,0.5124810298812078,9.0,0.0,0.3264934533075702,0.18459712674898293,0.19816053338855585,0.29074888655489106,1.0,0.0,1.0,0.0,3,0,5,1,0.07,0.02,88,74,probabilistic,18,114
11,Random: 0.5,2.0716054618137236,0.49711744647941786,7.0,0.5040106951871658,0.20467480940782187,0.2925827887426258,0.20758083153763562,0.2951615703119166,0.5024262214032507,0.49641144190648284,0.4951023540448764,0.4953599146601375,3,0,5,1,0.07,0.02,88,74,probabilistic,18,114
12,Cycler DC,2.0552873998088854,0.49512323376248873,6.0,0.0,0.15238321119508855,0.3427109577282187,0.23858501696928744,0.26632081410740527,0.0,0.0,1.0,1.0,3,0,5,1,0.07,0.02,88,74,probabilistic,18,114
13,Bully,1.9980694406458301,0.5800487194234868,7.0,0.0,0.16755512013702584,0.4122229492076983,0.23647110408602376,0.1837508265692521,0.0,1.0,0.0,1.0,3,0,5,1,0.07,0.02,88,74,probabilistic,18,114
14,Alternator,1.9976906399342345,0.5051177512858888,4.0,1.0,0.16481489428293888,0.34033248448037445,0.23295189867913033,0.26190072255755636,0.0,0.0,1.0,1.0,3,0,5,1,0.07,0.02,88,74,probabilistic,18,114
15,Cooperator,1.9606625102575541,1.0,0.0,1.0,0.6505846796953343,0.3494153203046657,0.0,0.0,1.0,1.0,0.0,0.0,3,0,5,1,0.07,0.02,88,74,probabilistic,18,114
16,Win-Shift Lose-Stay: D,1.8750857440542226,0.5920460142123408,6.0,0.0,0.17916413041189855,0.4132675082209595,0.1957593491365624,0.21180901223057955,0.0,1.0,1.0,0.0,3,0,5,1,0.07,0.02,88,74,probabilistic,18,114
17,Anti Tit For Tat,1.6717377094333155,0.6592633657877413,5.0,1.0,0.1831497569149718,0.4725497413951713,0.17133326123011294,0.17296724045974404,0.0,1.0,0.0,1.0,3,0,5,1,0.07,0.02,88,74,probabilistic,18,114
0,Defector,2.7004505298622945,0.0,11.0,0.0,0.0,0.0,0.33851316527589953,0.6614868347241004,0.0,0.0,0.0,0.0,3,0,5,1,0.07,0.09,91,45,probabilistic,14,115
1,Suspicious Tit For Tat,2.697863247863248,0.5457376411054885,8.0,0.0,0.38339514369314986,0.1645728884679903,0.22029391607516993,0.23173805176368992,1.0,0.0,1.0,0.0,3,0,5,1,0.07,0.09,91,45,probabilistic,14,115
2,Cycler DC,2.6551305552787463,0.4737050844768779,6.0,0.0,0.1571074834383792,0.31635009153380883,0.3402964423823575,0.18624598264545442,0.0,0.0,1.0,1.0,3,0,5,1,0.07,0.09,91,45,probabilistic,14,115
3,Win-Shift Lose-Stay: D,2.531868458339047,0.5221178609301621,5.0,0.0,0.2118427919897828,0.3109937185051985,0.264481199094167,0.2126822904108517,0.0,1.0,1.0,0.0,3,0,5,1,0.07,0.09,91,45,probabilistic,14,115
4,Evolved FSM 16,2.5303747534516767,0.7047308319738989,2.0,1.0,0.5564261394143852,0.14876763048403469,0.1543369552867862,0.14046927481479393,0.9259503315930576,0.4824124243874499,0.38474794537004736,0.2958623383086279,3,0,5,1,0.07,0.09,91,45,probabilistic,14,115
5,Meta Winner: 12 players,2.4914846264846267,0.19299195544554457,8.0,1.0,0.13741165308541922,0.059116652922526026,0.3213634664523216,0.48210822753973315,0.644757456438818,0.6543517851479939,0.009433962264150943,0.0,3,0,5,1,0.07,0.09,91,45,probabilistic,14,115
6,Evolved HMM 5,2.4872147083685547,0.7004547454892182,2.0,1.0,0.5944118741641934,0.10323159578286079,0.13547134313351147,0.1668851869194344,0.9995291902071562,0.5201353448488446,0.026455026455026454,0.2102650657598164,3,0,5,1,0.07,0.09,91,45,probabilistic,14,115
7,Alternator,2.4727159314115834,0.5234508985161435,5.0,1.0,0.19278233586119256,0.3308978489413283,0.3063148894140462,0.17000492578343285,0.0,0.0,1.0,1.0,3,0,5,1,0.07,0.09,91,45,probabilistic,14,115
8,Meta Mixer: 12 players,2.462063998754282,0.5800930672765992,5.0,0.6601859678782755,0.37829168876689034,0.19981336757496834,0.1975245152210864,0.22437042843705488,0.723987886732861,0.37617152142383087,0.7104916650330012,0.3389221123869315,3,0,5,1,0.07,0.09,91,45,probabilistic,14,115
9,Tit For Tat,2.456360946745562,0.7176810663240726,0.0,1.0,0.53633129887575,0.17775743158701077,0.1471927195054197,0.13871855003181952,1.0,0.0,1.0,0.0,3,0,5,1,0.07,0.09,91,45,probabilistic,14,115
10,GTFT: 0.33,2.370229095735472,0.8235248983349958,0.0,1.0,0.6284437330078633,0.1957222305337491,0.08222658569792395,0.09360745076046371,1.0,0.33959950971926883,1.0,0.34181417973369815,3,0,5,1,0.07,0.09,91,45,probabilistic,14,115
11,"DoubleCrosser: (D, D)",2.308748114630468,0.7778377961262443,1.0,1.0,0.650934217339612,0.1314181542821476,0.07917137525999496,0.13847625311824538,1.0,0.8379771117196773,0.07547169811320754,0.0,3,0,5,1,0.07,0.09,91,45,probabilistic,14,115
12,Tit For 2 Tats,2.231878698224852,0.8785807541663466,0.0,1.0,0.7079867406888581,0.16996792795569973,0.003264851090938048,0.11878048026450405,1.0,0.8386506225268401,1.0,0.0,3,0,5,1,0.07,0.09,91,45,probabilistic,14,115
13,Cooperator,2.162937062937063,1.0,0.0,1.0,0.7181581146817005,0.2818418853182995,0.0,0.0,1.0,1.0,0.0,0.0,3,0,5,1,0.07,0.09,91,45,probabilistic,14,115
0,Defector,2.8579067990832696,0.0,11.0,0.0,0.0,0.0,0.44308915100748225,0.5569108489925177,0.0,0.0,0.0,0.0,3,0,5,1,0.1,0.01,21,17,probabilistic,12,116
1,Evolved FSM 16,2.716577540106952,0.6303096738832557,3.0,1.0,0.5090239169458968,0.12568552028025334,0.2097530170834899,0.15553754569036002,0.9344384707287934,0.3433419344749394,0.1810289612921192,0.3747400280728579,3,0,5,1,0.1,0.01,21,17,probabilistic,12,116
2,Evolved HMM 5,2.6844919786096253,0.6148930258405112,3.0,1.0,0.5009096052058214,0.10936316309245607,0.20767113258253692,0.18205609911918563,1.0,0.3946478010773434,0.022054416876423347,0.1807336527192689,3,0,5,1,0.1,0.01,21,17,probabilistic,12,116
3,"DoubleCrosser: (D, D)",2.550802139037433,0.6713601802309209,3.0,1.0,0.5279272601044395,0.13681163951816455,0.1632401941340176,0.1720209062433782,1.0,0.7548573909024666,0.045454545454545456,0.0,3,0,5,1,0.1,0.01,21,17,probabilistic,12,116
4,Meta Winner: 10 players,2.531240001828237,0.14418604651162792,10.0,1.0,0.07535699407334986,0.06892398408559139,0.36817298979835794,0.4875460320427008,0.14129266201587426,0.2986165294959761,0.03630977579674979,0.12535867119265365,3,0,5,1,0.1,0.01,21,17,probabilistic,12,116
5,Tit For Tat,2.3636363636363638,0.6651276480173819,0.0,1.0,0.562021281025142,0.10990936518802882,0.0869596093140847,0.24110974447274441,1.0,0.0,1.0,0.0,3,0,5,1,0.1,0.01,21,17,probabilistic,12,116
6,Meta Mixer: 10 players,2.2339699516170106,0.4952058657642414,5.0,0.8008658008658008,0.26002090484027457,0.23449749039317347,0.2227552352320656,0.2827263695344864,0.565632165734767,0.4250589110316812,0.4928110808913549,0.4261915181320607,3,0,5,1,0.1,0.01,21,17,probabilistic,12,116
7,Tit For 2 Tats,2.1871657754010694,0.7612306016879935,0.0,1.0,0.5803642848324427,0.18135138291540712,0.05479929432075752,0.18348503793139276,1.0,0.582428277810689,1.0,0.0,3,0,5,1,0.1,0.01,21,17,probabilistic,12,116
8,Win-Stay Lose-Shift,2.1122994652406417,0.7756556442417332,0.0,1.0,0.5749385162643601,0.20277127367001435,0.03984591093490687,0.18244429913071877,1.0,0.0,0.0,1.0,3,0,5,1,0.1,0.01,21,17,probabilistic,12,116
9,Random: 0.5,1.9732620320855616,0.48518725544997204,4.0,0.48484848484848486,0.19778005055237238,0.28757800035167497,0.2097125443335748,0.3049294047623778,0.5010768267701297,0.49833529606738103,0.5088322786892722,0.47038407725807346,3,0,5,1,0.1,0.01,21,17,probabilistic,12,116
10,Bully,1.9144385026737967,0.5686970773012838,5.0,0.0,0.10326587151837803,0.46672159838768407,0.28527076954154335,0.14474176055239457,0.0,1.0,0.0,1.0,3,0,5,1,0.1,0.01,21,17,probabilistic,12,116
11,Anti Tit For Tat,1.5422459893048128,0.6937865700752298,3.0,1.0,0.153613371179408,0.5412447478493152,0.17358831744894584,0.13155356352233094,0.0,1.0,0.0,1.0,3,0,5,1,0.1,0.01,21,17,probabilistic,12,116
0,Grudger,2.7804888357871143,0.5215219470719524,6.0,1.0,0.4900171806900242,0.027212484106036324,0.23834408510185123,0.24442625010208827,1.0,0.0,0.0,0.0,3,0,5,1,0.05,0.05,26,200,probabilistic,20,117
1,Evolved FSM 16,2.7178960292810705,0.641837899543379,4.0,1.0,0.5242582305158794,0.11026005481230595,0.2328009815368837,0.13268073313493092,0.909595908645089,0.4849694060576622,0.2753766201168953,0.2991464631976863,3,0,5,1,0.05,0.05,26,200,probabilistic,20,117
2,Evolved HMM 5,2.7025938552649587,0.6655585776166012,5.0,1.0,0.5644729399853446,0.07514890567199455,0.21096043310565074,0.14941772123701016,0.998582565556343,0.4867467648112701,0.012403446226975638,0.18681030277386354,3,0,5,1,0.05,0.05,26,200,probabilistic,20,117
3,Defector,2.685975779529313,0.0,17.0,0.0,0.0,0.0,0.3779333307234509,0.622066669276549,0.0,0.0,0.0,0.0,3,0,5,1,0.05,0.05,26,200,probabilistic,20,117
4,"DoubleCrosser: (D, D)",2.6197882188156787,0.6629307150796592,4.0,1.0,0.5868854715779298,0.08211559602768521,0.18251988088998736,0.1484790515043976,1.0,0.7973396858722054,0.13157894736842105,0.0,3,0,5,1,0.05,0.05,26,200,probabilistic,20,117
5,Meta Winner: 18 players,2.559895792321723,0.13927495383419186,13.0,1.0,0.09132704220588844,0.05559893150071633,0.3762663371813863,0.47680768911200894,0.5565300862621977,0.42935253770377285,0.029198451088626225,0.05463988592424952,3,0,5,1,0.05,0.05,26,200,probabilistic,20,117
6,Suspicious Tit For Tat,2.5373237828218738,0.5234933605720122,11.0,0.0,0.34663618396644374,0.18106685612400875,0.21032675569225442,0.2619702042172931,1.0,0.0,1.0,0.0,3,0,5,1,0.05,0.05,26,200,probabilistic,20,117
7,Soft Joss: 0.9,2.5032058625938696,0.7660322108345534,0.0,1.0,0.5960691230261833,0.15705114365417125,0.118208343409595,0.12867138991005045,1.0,0.09381522914653329,1.0,0.08948181079009665,3,0,5,1,0.05,0.05,26,200,probabilistic,20,117
8,Tit For Tat,2.490298353843306,0.724639164704678,0.0,1.0,0.5585772878210966,0.15991994808633864,0.14409858366052264,0.1374041804320421,1.0,0.0,1.0,0.0,3,0,5,1,0.05,0.05,26,200,probabilistic,20,117
9,Win-Stay Lose-Shift,2.4285261512288256,0.746972860125261,1.0,1.0,0.5718621853527355,0.1635797399202285,0.11589181110201015,0.14866626362502602,1.0,0.0,0.0,1.0,3,0,5,1,0.05,0.05,26,200,probabilistic,20,117
10,Bully,2.399753049973686,0.5480156282130372,10.0,0.0,0.1673708998752715,0.3691841492771739,0.2671254915715222,0.19631945927603234,0.0,1.0,0.0,1.0,3,0,5,1,0.05,0.05,26,200,probabilistic,20,117
11,Cycler DC,2.3935054486960827,0.4873405299313052,8.0,0.0,0.1778840147732033,0.3089361531815832,0.2718814838057904,0.24129834823942312,0.0,0.0,1.0,1.0,3,0,5,1,0.05,0.05,26,200,probabilistic,20,117
12,Win-Shift Lose-Stay: D,2.379386217869764,0.5479974570883662,9.0,0.0,0.2027220043385002,0.3643624460057269,0.23561063152634,0.19730491812943277,0.0,1.0,1.0,0.0,3,0,5,1,0.05,0.05,26,200,probabilistic,20,117
13,GTFT: 0.33,2.337394390094027,0.8226572894886903,0.0,1.0,0.6240193019282427,0.19101979694408078,0.08193728478327672,0.10302361634439965,1.0,0.3456174975877834,1.0,0.3408283271878925,3,0,5,1,0.05,0.05,26,200,probabilistic,20,117
14,Meta Mixer: 18 players,2.322477311048193,0.5077273627897761,9.0,0.6983805668016194,0.2813814649004254,0.22613795390252203,0.22224635300958803,0.27023422818746445,0.6186742105773593,0.3948128799483587,0.5844724188872533,0.4019328160121838,3,0,5,1,0.05,0.05,26,200,probabilistic,20,117
15,Tit For 2 Tats,2.2834708205451237,0.8662370630736185,0.0,1.0,0.6788174005418371,0.17883903757342373,0.03173622665988656,0.11060733522485246,1.0,0.7496569275151398,1.0,0.0,3,0,5,1,0.05,0.05,26,200,probabilistic,20,117
16,Alternator,2.2319072051870075,0.5116932650807989,6.0,1.0,0.2035322870851067,0.3085661753571408,0.2531327260412503,0.23476881151650222,0.0,0.0,1.0,1.0,3,0,5,1,0.05,0.05,26,200,probabilistic,20,117
17,Random: 0.5,2.2036748706629345,0.5070821529745042,7.5,0.4959514170040486,0.23203570345759472,0.2761315632544969,0.2203883972872501,0.27144433600065826,0.5356087761315911,0.5072988064770283,0.4990038873315686,0.5012894596568138,3,0,5,1,0.05,0.05,26,200,probabilistic,20,117
18,Cooperator,2.0450597132966717,1.0,0.0,1.0,0.6728034153197541,0.3271965846802458,0.0,0.0,1.0,1.0,0.0,0.0,3,0,5,1,0.05,0.05,26,200,probabilistic,20,117
19,Anti Tit For Tat,1.958253433654811,0.6207689779822544,6.0,1.0,0.20099681051813234,0.42512150278346933,0.1960398857748525,0.17784180092354585,0.0,1.0,0.0,1.0,3,0,5,1,0.05,0.05,26,200,probabilistic,20,117
0,Defector,2.9200997216807494,0.0,11.0,0.0,0.0,0.0,0.39350525733459596,0.6064947426654042,0.0,0.0,0.0,0.0,3,0,5,1,0.06,0.06,26,161,probabilistic,12,118
1,Evolved HMM 5,2.559463602845956,0.6916234247590808,2.0,1.0,0.5997835900459811,0.10126339372507594,0.1281659252213014,0.17078709100764147,0.9990253411306043,0.43633564330190266,0.014705882352941176,0.17152714932126698,3,0,5,1,0.06,0.06,26,161,probabilistic,12,118
2,Evolved FSM 16,2.550643338143338,0.7374860956618465,2.0,1.0,0.5957304272408286,0.13006845418184454,0.13826004502819306,0.13594107354913398,0.9215282295958939,0.37716524426669,0.23624217825131066,0.41564781154781316,3,0,5,1,0.06,0.06,26,161,probabilistic,12,118
3,"DoubleCrosser: (D, D)",2.482990839569787,0.6559096409842678,1.0,1.0,0.6066555915633847,0.09058585045373556,0.1208668725548601,0.18189168542801964,1.0,0.7754718248460909,0.0,0.0,3,0,5,1,0.06,0.06,26,161,probabilistic,12,118
4,Meta Winner: 10 players,2.4460186943561966,0.1311577634587404,8.0,1.0,0.07487026265623929,0.05783343794102305,0.33410926703898913,0.5331870323637486,0.18838745456018,0.34492991135848283,0.02223097033488038,0.07876138936145421,3,0,5,1,0.06,0.06,26,161,probabilistic,12,118
5,Soft Joss: 0.9,2.3702156577391484,0.729840360212853,0.0,1.0,0.6214659118500456,0.11160662099151311,0.06219199032004692,0.20473547683839438,1.0,0.1036820801937081,1.0,0.09469985333069672,3,0,5,1,0.06,0.06,26,161,probabilistic,12,118
6,GTFT: 0.33,2.3088855323986217,0.8098506257569641,0.0,1.0,0.6402971785613635,0.16110572641824528,0.045536999843164706,0.15306009517722652,1.0,0.3102873466136342,1.0,0.35086152865898745,3,0,5,1,0.06,0.06,26,161,probabilistic,12,118
7,Random: 0.5,2.2822535006902736,0.5016357688113413,5.5,0.479020979020979,0.21802613042223087,0.28587489875141253,0.21429203325188292,0.2818069375744738,0.4814659833152316,0.4940760834153089,0.5331278115149749,0.5345119256015013,3,0,5,1,0.06,0.06,26,161,probabilistic,12,118
8,Tit For 2 Tats,2.2810118907075347,0.7876430205949657,0.0,1.0,0.67026072565457,0.12747678450330188,0.0349787067040869,0.16728378313804118,1.0,0.6129769884467915,1.0,0.0,3,0,5,1,0.06,0.06,26,161,probabilistic,12,118
9,Win-Stay Lose-Shift,2.272729871614949,0.8063010501750292,0.0,1.0,0.6396485483901543,0.16932280269709613,0.0354454556130318,0.15558319329971773,1.0,0.0,0.0,1.0,3,0,5,1,0.06,0.06,26,161,probabilistic,12,118
10,Meta Mixer: 10 players,2.267517649237017,0.5002194907813872,5.0,0.7447552447552448,0.29082949956628434,0.22143007745199342,0.1911453391472822,0.29659508383444,0.6720721436750529,0.3687893145802464,0.5950140955065188,0.3941539417021042,3,0,5,1,0.06,0.06,26,161,probabilistic,12,118
11,Bully,2.1506568798098966,0.6311602209944751,6.0,0.0,0.12466715881067204,0.47368514829926694,0.2317553033570733,0.1698923895329877,0.0,1.0,0.0,1.0,3,0,5,1,0.06,0.06,26,161,probabilistic,12,118
0,"DoubleCrosser: (D, D)",2.850793650793651,0.7717171717171717,1.0,1.0,0.6133349360900748,0.17385903754457666,0.20903954802259883,0.0037664783427495286,1.0,0.9028749028749029,0.0,0.0,3,0,5,1,0.08,0.06,13,21,probabilistic,4,119
1,Meta Mixer: 3 players,2.484126984126984,0.5408653846153846,1.0,0.46153846153846156,0.37634854398545087,0.13022316752160656,0.17348001828451057,0.319948270208432,0.8075240594925633,0.404931669637552,0.8118686868686869,0.1109775641025641,3,0,5,1,0.08,0.06,13,21,probabilistic,4,119
2,Suspicious Tit For Tat,2.2984126984126987,0.4044665012406948,1.0,0.0,0.3774304047860279,0.04421768707482993,0.09195735031601293,0.48639455782312924,1.0,0.0,1.0,0.0,3,0,5,1,0.08,0.06,13,21,probabilistic,4,119
3,Win-Shift Lose-Stay: D,1.7555555555555553,0.3796680497925311,1.0,0.0,0.10377849901831149,0.2629723123772889,0.1367952878951797,0.49645390070921985,0.0,1.0,1.0,0.0,3,0,5,1,0.08,0.06,13,21,probabilistic,4,119
0,Evolved FSM 16,3.0951298701298704,0.5795526695526696,4.0,1.0,0.49250360750360755,0.08704906204906206,0.2991269841269842,0.12132034632034633,0.8635886902941048,0.5802288726316336,0.26330765194131084,0.2775974806461477,3,0,5,1,0.06,0.0,90,140,probabilistic,12,120
1,Grudger,3.003896103896104,0.46174603174603174,5.0,1.0,0.45784992784992784,0.003896103896103897,0.2731818181818182,0.2650721500721501,1.0,0.0,0.0,0.0,3,0,5,1,0.06,0.0,90,140,probabilistic,12,120
2,Meta Winner: 11 players,2.5373376623376624,0.05313852813852814,9.0,1.0,0.02567821067821068,0.027460317460317463,0.37483405483405485,0.572027417027417,0.49560008671975697,0.6722636705345401,0.022725914134499165,0.03367577990275116,3,0,5,1,0.06,0.0,90,140,probabilistic,12,120
3,Tit For Tat,2.535064935064935,0.6891414141414142,0.0,1.0,0.5268181818181819,0.1623232323232323,0.1607142857142857,0.15014430014430014,1.0,0.0,1.0,0.0,3,0,5,1,0.06,0.0,90,140,probabilistic,12,120
4,Soft Joss: 0.9,2.522727272727273,0.7498629148629149,0.0,1.0,0.6098268398268398,0.14003607503607504,0.1102020202020202,0.1399350649350649,1.0,0.1005464731971419,1.0,0.0967186427098234,3,0,5,1,0.06,0.0,90,140,probabilistic,12,120
5,Tit For 2 Tats,2.3694805194805193,0.8241414141414142,0.0,1.0,0.6643001443001443,0.15984126984126987,0.05032467532467533,0.12553391053391053,1.0,0.6952211064321893,1.0,0.0,3,0,5,1,0.06,0.0,90,140,probabilistic,12,120
6,Win-Stay Lose-Shift,2.2558441558441555,0.7445887445887446,0.0,1.0,0.5643073593073593,0.18028138528138526,0.07700577200577201,0.17840548340548337,1.0,0.0,0.0,1.0,3,0,5,1,0.06,0.0,90,140,probabilistic,12,120
7,Suspicious Tit For Tat,2.2253246753246754,0.494992784992785,2.0,0.0,0.26639971139971136,0.22859307359307357,0.23017316017316017,0.2748340548340548,1.0,0.0,1.0,0.0,3,0,5,1,0.06,0.0,90,140,probabilistic,12,120
8,Bully,2.0217532467532466,0.5559090909090909,6.0,0.0,0.18413419913419915,0.37177489177489176,0.25610389610389606,0.18798701298701295,0.0,1.0,0.0,1.0,3,0,5,1,0.06,0.0,90,140,probabilistic,12,120
9,Alternator,2.0032467532467533,0.5,3.0,1.0,0.19197691197691197,0.30802308802308803,0.2316233766233766,0.2683766233766234,0.0,0.0,1.0,1.0,3,0,5,1,0.06,0.0,90,140,probabilistic,12,120
10,Random: 0.5,1.9035714285714287,0.5002813852813853,4.0,0.4888888888888889,0.20090187590187594,0.2993795093795094,0.2013997113997114,0.2983189033189033,0.5020797575946468,0.5010898580968611,0.4992975149406024,0.5036658281023075,3,0,5,1,0.06,0.0,90,140,probabilistic,12,120
11,Anti Tit For Tat,1.5740259740259739,0.6486435786435787,3.0,1.0,0.1884199134199134,0.4602236652236652,0.1641919191919192,0.18716450216450217,0.0,1.0,0.0,1.0,3,0,5,1,0.06,0.0,90,140,probabilistic,12,120
0,Grudger,3.045537725225225,0.6122840009935068,4.0,1.0,0.5957779505251274,0.015269175883374434,0.22305808359181126,0.16589478999968696,1.0,0.0,0.0,0.0,3,0,5,1,0.05,0.02,87,37,probabilistic,13,121
1,Evolved HMM 5,2.9500595065111193,0.6748707940294192,3.0,1.0,0.6120936339859141,0.05827883009825811,0.20646408770980915,0.12316344820601871,0.9993033786137233,0.4371659778147783,0.020066889632107024,0.20067180333142035,3,0,5,1,0.05,0.02,87,37,probabilistic,13,121
2,Evolved FSM 16,2.945747217806041,0.6865921987081117,3.0,1.0,0.6125259775388436,0.08024814440376868,0.2053121007378337,0.10191377731955396,0.9703056768558952,0.46087845916177295,0.12485279970535516,0.35140251472990597,3,0,5,1,0.05,0.02,87,37,probabilistic,13,121
3,Tit For Tat,2.615251280692457,0.7757562392031463,0.0,1.0,0.6576760735847411,0.11647337564962677,0.10578821502274258,0.1200623357428896,1.0,0.0,1.0,0.0,3,0,5,1,0.05,0.02,87,37,probabilistic,13,121
4,Soft Joss: 0.9,2.5701308667538507,0.7882405279157707,0.0,1.0,0.6628602795427035,0.12850920044616687,0.09527228718519087,0.11335823282593871,1.0,0.10236683854451474,1.0,0.099638399429038,3,0,5,1,0.05,0.02,87,37,probabilistic,13,121
5,Defector,2.5337320078699386,0.0,11.0,0.0,0.0,0.0,0.36947973882161317,0.6305202611783869,0.0,0.0,0.0,0.0,3,0,5,1,0.05,0.02,87,37,probabilistic,13,121
6,GTFT: 0.33,2.4913663663663663,0.8436108439314595,0.0,1.0,0.6816273163272312,0.16155247765947892,0.07342407583369483,0.08339613017959514,1.0,0.34375932155865757,1.0,0.3046508466715842,3,0,5,1,0.05,0.02,87,37,probabilistic,13,121
7,Tit For 2 Tats,2.38837481962482,0.8901061920430751,0.0,1.0,0.7325666776786981,0.14953495624619081,0.020358554663169753,0.09753981141194126,1.0,0.7546613680154143,1.0,0.0,3,0,5,1,0.05,0.02,87,37,probabilistic,13,121
8,Meta Mixer: 12 players,2.2907314948675244,0.5132971014492753,6.0,0.7777777777777778,0.30182184986646304,0.2108675510440855,0.20793422160134056,0.279376377488111,0.6370012945948141,0.3805805106412324,0.6106851388091282,0.3545107365977907,3,0,5,1,0.05,0.02,87,37,probabilistic,13,121
9,Win-Shift Lose-Stay: D,2.257106832106832,0.5795990353813483,6.0,0.0,0.23731868083035687,0.3434112771207863,0.262118671043917,0.1571513710049399,0.0,1.0,1.0,0.0,3,0,5,1,0.05,0.02,87,37,probabilistic,13,121
10,Cycler DC,2.2490093990093993,0.4858488882543988,6.0,0.0,0.18591142428624227,0.2999297548013876,0.27487916786272343,0.2392796530496467,0.0,0.0,1.0,1.0,3,0,5,1,0.05,0.02,87,37,probabilistic,13,121
11,Cooperator,2.1925675675675675,1.0,0.0,1.0,0.731091302628441,0.2689086973715589,0.0,0.0,1.0,1.0,0.0,0.0,3,0,5,1,0.05,0.02,87,37,probabilistic,13,121
12,Anti Tit For Tat,1.8422163940256044,0.613380382092957,4.0,1.0,0.18517251862406348,0.4279691929778456,0.2168634296286821,0.1699948587694089,0.0,1.0,0.0,1.0,3,0,5,1,0.05,0.02,87,37,probabilistic,13,121
0,Grudger,2.9619869285965175,0.5490146538655887,4.0,1.0,0.5786502121241771,0.007509096467839299,0.20259786600077254,0.2112428254072112,1.0,0.0,0.0,0.0,3,0,5,1,0.04,0.01,16,75,probabilistic,15,122
1,"DoubleCrosser: (D, D)",2.8714854408786956,0.6091738426123284,3.5,1.0,0.600216875627874,0.03262014786892571,0.1818989932965818,0.1852639832066185,1.0,0.7517882767317476,0.03982300884955752,0.0,3,0,5,1,0.04,0.01,16,75,probabilistic,15,122
2,Evolved FSM 16,2.8468278971667713,0.6837276243590897,4.0,1.0,0.5907550407191211,0.10205620656887583,0.18903131557345532,0.1181574371385478,0.9323199948199948,0.4187795800145202,0.07250532023531069,0.4485796247750241,3,0,5,1,0.04,0.01,16,75,probabilistic,15,122
3,Evolved HMM 5,2.836646965908106,0.6524516717829586,4.0,1.0,0.5956464315553796,0.06803332870560168,0.18412881619500895,0.15219142354400989,0.9949749827467219,0.43980843752010795,0.020109540374509658,0.19434068153507533,3,0,5,1,0.04,0.01,16,75,probabilistic,15,122
4,Meta Winner: 13 players,2.6660064974689357,0.05885997521685254,11.0,1.0,0.03796977280156174,0.02200121995139695,0.3957545760192255,0.5442744312278158,0.4930761232231821,0.3398855773855774,0.016386379244484103,0.02530771329095337,3,0,5,1,0.04,0.01,16,75,probabilistic,15,122
5,Win-Stay Lose-Shift,2.549999223939902,0.75047446158924,2.0,1.0,0.6308292992075325,0.13404844006122413,0.10523309800581623,0.1298891627254272,1.0,0.0,0.0,1.0,3,0,5,1,0.04,0.01,16,75,probabilistic,15,122
6,Tit For Tat,2.524595827490023,0.74519890260631,0.0,1.0,0.6499860983224066,0.08131736406715546,0.07637928023071117,0.19231725737972669,1.0,0.0,1.0,0.0,3,0,5,1,0.04,0.01,16,75,probabilistic,15,122
7,Soft Joss: 0.9,2.4707779626922157,0.7576362879733666,0.0,1.0,0.6542117763203485,0.10069245657498174,0.06778353781887922,0.17731222928579043,1.0,0.10945015138633564,1.0,0.089647392311288,3,0,5,1,0.04,0.01,16,75,probabilistic,15,122
8,Defector,2.4487145772940013,0.0,13.0,0.0,0.0,0.0,0.35232984978814713,0.6476701502118528,0.0,0.0,0.0,0.0,3,0,5,1,0.04,0.01,16,75,probabilistic,15,122
9,GTFT: 0.33,2.380151762806225,0.812082722683602,0.0,1.0,0.664098862788814,0.15198790494777142,0.05191928953192426,0.13199394273149037,1.0,0.3462495757189538,1.0,0.32936475689443345,3,0,5,1,0.04,0.01,16,75,probabilistic,15,122
10,Cooperator,2.103096253426744,1.0,0.0,1.0,0.699769183030937,0.30023081696906295,0.0,0.0,1.0,1.0,0.0,0.0,3,0,5,1,0.04,0.01,16,75,probabilistic,15,122
11,Meta Mixer: 13 players,2.0091043121360146,0.45018266356692127,7.5,0.7410714285714286,0.2176964604134813,0.2339809930697084,0.1914051697777428,0.3569173767390675,0.6153466351962922,0.3459847082875305,0.5877673997997083,0.35516891239116455,3,0,5,1,0.04,0.01,16,75,probabilistic,15,122
12,Random: 0.5,1.8795124559350924,0.5031244861042592,4.5,0.4642857142857143,0.18070086913818656,0.3219044986505975,0.18836312221035692,0.309031510000859,0.48306338246331937,0.5148394287190401,0.48660510312162447,0.5044297622655353,3,0,5,1,0.04,0.01,16,75,probabilistic,15,122
13,Win-Shift Lose-Stay: D,1.610215547354695,0.6903456495828367,5.0,0.0,0.17213867095923233,0.5005115985105577,0.18403295758934773,0.14331677294086229,0.0,1.0,1.0,0.0,3,0,5,1,0.04,0.01,16,75,probabilistic,15,122
14,Bully,1.6045519872853031,0.6482448979591837,5.0,0.0,0.13187596876438737,0.5192332054417333,0.2052694058174626,0.14362141997641661,0.0,1.0,0.0,1.0,3,0,5,1,0.04,0.01,16,75,probabilistic,15,122
0,"DoubleCrosser: (D, D)",2.937218490121326,0.701530791871453,5.0,1.0,0.6624632399357888,0.026004696164789273,0.16620867675736115,0.14532338714206078,1.0,0.7878882510044803,0.06778367255366619,0.0,3,0,5,1,0.05,0.01,60,130,probabilistic,17,123
1,Evolved HMM 5,2.931257368169742,0.7065053156010509,5.0,1.0,0.6508472593305699,0.03564397396271916,0.16942603726341715,0.14408272944329384,0.9980565255606233,0.45976834195912364,0.0097306907122296,0.180656126948587,3,0,5,1,0.05,0.01,60,130,probabilistic,17,123
2,Evolved FSM 16,2.9161661882552656,0.6650449316009387,5.0,1.0,0.6046960706752601,0.06349358086425101,0.19280310195177,0.13900724650871887,0.8889073800796073,0.5336481290065259,0.2050389938337339,0.18577252102328345,3,0,5,1,0.05,0.01,60,130,probabilistic,17,123
3,Grudger,2.856754115557896,0.573733611442193,6.0,1.0,0.5727525025412511,0.006160194616997343,0.18190236559875936,0.23918493724299233,1.0,0.0,0.0,0.0,3,0,5,1,0.05,0.01,60,130,probabilistic,17,123
4,Tit For Tat,2.6749616651848074,0.7573048910383741,0.0,1.0,0.6189967401135156,0.14542763694245872,0.14206722253813642,0.0935084004058893,1.0,0.0,1.0,0.0,3,0,5,1,0.05,0.01,60,130,probabilistic,17,123
5,Soft Joss: 0.9,2.6551826979766266,0.8082156684126622,0.0,1.0,0.6758489495561529,0.13061759035823772,0.10623335317480216,0.08730010691080714,1.0,0.0969381293307745,1.0,0.10374928442831147,3,0,5,1,0.05,0.01,60,130,probabilistic,17,123
6,GTFT: 0.33,2.575119446753904,0.8543144884412909,0.0,1.0,0.709597828095688,0.14854532819038752,0.07506264033293952,0.06679420338098495,1.0,0.34198568561487946,1.0,0.32905727287936715,3,0,5,1,0.05,0.01,60,130,probabilistic,17,123
7,Tit For 2 Tats,2.5271356274088097,0.9141044699233181,0.0,1.0,0.7705560010295291,0.13634400179077474,0.026851274002965518,0.06624872317673076,1.0,0.7791852800452028,1.0,0.0,3,0,5,1,0.05,0.01,60,130,probabilistic,17,123
8,Win-Stay Lose-Shift,2.5159701767490397,0.7931521708103788,0.0,1.0,0.6544543942686442,0.13384963382041637,0.08118135291639608,0.13051461899454345,1.0,0.0,0.0,1.0,3,0,5,1,0.05,0.01,60,130,probabilistic,17,123
9,Meta Winner: 15 players,2.4815823771625842,0.12885332100655822,12.0,1.0,0.06868828997036787,0.06210113472792418,0.3428920828613554,0.5263184924403527,0.6169596393730183,0.6622250362780825,0.03234588729925346,0.07084126166895703,3,0,5,1,0.05,0.01,60,130,probabilistic,17,123
10,Suspicious Tit For Tat,2.4804349750100085,0.6099124474476558,10.0,0.0,0.4217997296242496,0.19015459004753993,0.1986164329974178,0.18942924733079275,1.0,0.0,1.0,0.0,3,0,5,1,0.05,0.01,60,130,probabilistic,17,123
11,Cooperator,2.3282806189844765,1.0,0.0,1.0,0.7736101254004641,0.22638987459953575,0.0,0.0,1.0,1.0,0.0,0.0,3,0,5,1,0.05,0.01,60,130,probabilistic,17,123
12,Meta Mixer: 15 players,2.2746444304669247,0.5159367749419954,8.0,0.8354166666666667,0.29102217435548966,0.22240123619391697,0.2064080569257567,0.2801685325248366,0.671085663517345,0.36706935540390456,0.6370381466552053,0.3609805630809896,3,0,5,1,0.05,0.01,60,130,probabilistic,17,123
13,Alternator,2.1951562659050436,0.5024485798237023,6.0,1.0,0.16316138375623218,0.33930865070701904,0.2768937133552565,0.2206362521814924,0.0,0.0,1.0,1.0,3,0,5,1,0.05,0.01,60,130,probabilistic,17,123
14,Cycler DC,2.194240955260698,0.49731492956141476,7.0,0.0,0.1551400561645921,0.3421391926064391,0.2800232437235509,0.22269750750541792,0.0,0.0,1.0,1.0,3,0,5,1,0.05,0.01,60,130,probabilistic,17,123
15,Random: 0.5,2.167537486101192,0.4990605619675929,7.0,0.5,0.2184027506897166,0.2810350622128906,0.22157517005467936,0.2789870170427135,0.4917870094639499,0.5000215395634949,0.49645726706886206,0.5042745686489227,3,0,5,1,0.05,0.01,60,130,probabilistic,17,123
16,Anti Tit For Tat,1.9251895918101716,0.5901392911322576,6.0,1.0,0.19697655356497787,0.3950730427709002,0.21654469612263375,0.1914057075414882,0.0,1.0,0.0,1.0,3,0,5,1,0.05,0.01,60,130,probabilistic,17,123
0,Evolved FSM 16,2.8976608187134505,0.6201801801801802,1.0,1.0,0.45287692955203135,0.14926031291968136,0.3777285293403678,0.020134228187919465,1.0,0.8239202657807309,1.0,0.0,3,0,5,1,0.09,0.07,61,94,probabilistic,4,124
1,Suspicious Tit For Tat,2.8927203065134095,0.6845545235638115,2.0,0.0,0.4952694609579856,0.18930448894019025,0.2391360849229702,0.07628996517885407,1.0,0.0,1.0,0.0,3,0,5,1,0.09,0.07,61,94,probabilistic,4,124
2,Tit For 2 Tats,2.4629629629629632,0.8863328822733424,0.0,1.0,0.7216831718693936,0.15775708647290995,0.0581270182992465,0.06243272335844995,1.0,0.7583333333333333,1.0,0.0,3,0,5,1,0.09,0.07,61,94,probabilistic,4,124
3,Anti Tit For Tat,2.1,0.5952712100139083,1.0,1.0,0.18356414473694369,0.4181243413838179,0.23945459715401496,0.15885691672522348,0.0,1.0,0.0,1.0,3,0,5,1,0.09,0.07,61,94,probabilistic,4,124
0,Grudger,2.7741021117659224,0.4441059906324719,6.0,1.0,0.45007120422061553,0.01665759264666629,0.23212889504501588,0.3011423080877023,1.0,0.0,0.0,0.0,3,0,5,1,0.04,0.03,59,130,probabilistic,17,125
1,Evolved FSM 16,2.7435962952272,0.6021518907695211,5.0,1.0,0.4868859994737353,0.11947031610119187,0.2341161202864416,0.15952756413863123,0.8805162173961016,0.5099293065377516,0.21064772241267213,0.30694714602845247,3,0,5,1,0.04,0.03,59,130,probabilistic,17,125
2,Evolved HMM 5,2.7331502770236322,0.5811743523056917,5.0,1.0,0.5265035985791812,0.07311873714815859,0.21185667378976358,0.18852099048289667,0.9962053164622874,0.503023976575967,0.012443860758467502,0.1914155283660389,3,0,5,1,0.04,0.03,59,130,probabilistic,17,125
3,"DoubleCrosser: (D, D)",2.578078591855815,0.5870819694259778,3.0,1.0,0.5485839234955281,0.06004548353444904,0.18978575961063426,0.20158483335938862,1.0,0.7945392388780541,0.038922155688622756,0.0,3,0,5,1,0.04,0.03,59,130,probabilistic,17,125
4,Defector,2.4802144751939834,0.0,14.0,0.0,0.0,0.0,0.32150281935839714,0.6784971806416029,0.0,0.0,0.0,0.0,3,0,5,1,0.04,0.03,59,130,probabilistic,17,125
5,Tit For Tat,2.477525972188536,0.6815893099218902,0.0,1.0,0.5087258466948791,0.16912353915161404,0.1589987838123319,0.16315183034117506,1.0,0.0,1.0,0.0,3,0,5,1,0.04,0.03,59,130,probabilistic,17,125
6,Soft Joss: 0.9,2.4539377213969606,0.72426975102921,0.0,1.0,0.5579125878902734,0.16846909550223296,0.12770852097649293,0.14590979563100068,1.0,0.1012498911589687,1.0,0.10402090461902613,3,0,5,1,0.04,0.03,59,130,probabilistic,17,125
7,Meta Winner: 15 players,2.3801901116284974,0.09083383005497053,11.0,1.0,0.05251647408237156,0.039169394164389706,0.33552686145793237,0.5727872702953064,0.5395378921215525,0.37367215523228686,0.020940334565177632,0.025525263045720944,3,0,5,1,0.04,0.03,59,130,probabilistic,17,125
8,Suspicious Tit For Tat,2.367271257705709,0.5010088574262166,9.0,0.0,0.34392298990881054,0.17055023351217286,0.18863360176909763,0.296893174809919,1.0,0.0,1.0,0.0,3,0,5,1,0.04,0.03,59,130,probabilistic,17,125
9,Tit For 2 Tats,2.235716472749541,0.844496214327315,0.0,1.0,0.6598516736808772,0.17736553696884502,0.026658179741353247,0.13612460960892456,1.0,0.7664293296923683,1.0,0.0,3,0,5,1,0.04,0.03,59,130,probabilistic,17,125
10,Cycler DC,2.2067432580669877,0.4925484593655638,5.0,0.0,0.15064683625141093,0.3417650619038641,0.2589825712607562,0.24860553058396892,0.0,0.0,1.0,1.0,3,0,5,1,0.04,0.03,59,130,probabilistic,17,125
11,Meta Mixer: 15 players,2.1809536133159164,0.44854872709583266,7.0,0.6122881355932204,0.22511969947148128,0.22604363736906682,0.2112700470967416,0.3375666160627103,0.5960146213430797,0.3495925587503466,0.5859228303290261,0.3332013511932852,3,0,5,1,0.04,0.03,59,130,probabilistic,17,125
12,Win-Shift Lose-Stay: D,2.107139963465596,0.5651947375276801,6.0,0.0,0.19255237602780173,0.367388148946031,0.21022625607458034,0.2298332189515869,0.0,1.0,1.0,0.0,3,0,5,1,0.04,0.03,59,130,probabilistic,17,125
13,Random: 0.5,2.0990461804937435,0.49563536801417296,6.0,0.5222457627118644,0.20349387146843914,0.29217370060869546,0.2065400343859104,0.2977923935369549,0.4844862447072555,0.49418847010858236,0.5108029209297453,0.4900230048909257,3,0,5,1,0.04,0.03,59,130,probabilistic,17,125
14,Alternator,2.09117580202162,0.507177033492823,4.0,1.0,0.16244347866810044,0.34481703155975235,0.24763106517752928,0.24510842459461787,0.0,0.0,1.0,1.0,3,0,5,1,0.04,0.03,59,130,probabilistic,17,125
15,Cooperator,2.022839244250332,1.0,0.0,1.0,0.6716867436477114,0.32831325635228853,0.0,0.0,1.0,1.0,0.0,0.0,3,0,5,1,0.04,0.03,59,130,probabilistic,17,125
16,Bully,1.8511956748416576,0.6232365418132789,6.0,0.0,0.16961788909186654,0.4539813636253261,0.1868859392517665,0.18951480803104087,0.0,1.0,0.0,1.0,3,0,5,1,0.04,0.03,59,130,probabilistic,17,125
0,Grudger,2.9514651046107354,0.5137821758498012,6.0,1.0,0.5063918580211801,0.006990512361952034,0.23906662056824698,0.24755100904862085,1.0,0.0,0.0,0.0,3,0,5,1,0.0,0.01,52,122,probabilistic,19,126
1,Evolved HMM 5,2.9382966790715477,0.6389022404837584,6.0,1.0,0.573022117465975,0.05557982942223896,0.2234712657568223,0.14792678735496384,0.9980221342675546,0.49976126268219123,0.013277077253455206,0.19035828887448833,3,0,5,1,0.0,0.01,52,122,probabilistic,19,126
2,"DoubleCrosser: (D, D)",2.9258800162842338,0.5871813170961325,5.0,1.0,0.5751458444374927,0.026776123479270397,0.21934665344124235,0.17873137864199462,1.0,0.7796526163529153,0.03825136612021858,0.0,3,0,5,1,0.0,0.01,52,122,probabilistic,19,126
3,Evolved FSM 16,2.9162368270466628,0.6249925109340363,6.0,1.0,0.5312803277906669,0.09956088341826937,0.248031708775154,0.12112708001590979,0.9347189162048573,0.5353264482502679,0.20688675476138474,0.3755572105291675,3,0,5,1,0.0,0.01,52,122,probabilistic,19,126
4,Meta Winner: 17 players,2.6240585360493185,0.04342411032974377,15.0,1.0,0.026813765083859277,0.01703566737048144,0.3916484385749539,0.5645021289707054,0.546194786375247,0.3340785099104342,0.013506822913802683,0.017759765707974766,3,0,5,1,0.0,0.01,52,122,probabilistic,19,126
5,Tit For Tat,2.5278159706652366,0.6987595346328684,0.0,1.0,0.5752301124120078,0.13253254833689548,0.12847620087115497,0.16376113837994183,1.0,0.0,1.0,0.0,3,0,5,1,0.0,0.01,52,122,probabilistic,19,126
6,Soft Joss: 0.9,2.4987999594731916,0.7504039370895776,0.0,1.0,0.6210942837042255,0.12914679314273714,0.0986407548199555,0.1511181683330818,1.0,0.09978619104450112,1.0,0.09504849612021256,3,0,5,1,0.0,0.01,52,122,probabilistic,19,126
7,Win-Stay Lose-Shift,2.4647478165013,0.7405789102505136,1.0,1.0,0.5809734050614076,0.1552494564320865,0.1125889598583805,0.1511881786481253,1.0,0.0,0.0,1.0,3,0,5,1,0.0,0.01,52,122,probabilistic,19,126
8,Defector,2.456299383242672,0.0,16.0,0.0,0.0,0.0,0.3555047540927036,0.6444952459072965,0.0,0.0,0.0,0.0,3,0,5,1,0.0,0.01,52,122,probabilistic,19,126
9,GTFT: 0.33,2.4123195664272066,0.815639348824266,0.0,1.0,0.6460929739223822,0.16707105091800117,0.07047137402549711,0.11636460113411957,1.0,0.3343610897772969,1.0,0.3308467975422622,3,0,5,1,0.0,0.01,52,122,probabilistic,19,126
10,Tit For 2 Tats,2.347116062686924,0.8291161283484002,0.0,1.0,0.6825841309805042,0.14564389742790143,0.03401141376343173,0.13776055782816268,1.0,0.7127643785022952,1.0,0.0,3,0,5,1,0.0,0.01,52,122,probabilistic,19,126
11,Suspicious Tit For Tat,2.3072405079543437,0.5271535869934781,10.0,0.0,0.38204778013598445,0.15594871410262853,0.16414604607757652,0.29785745968381055,1.0,0.0,1.0,0.0,3,0,5,1,0.0,0.01,52,122,probabilistic,19,126
12,Meta Mixer: 17 players,2.1399023499318837,0.4621218130761054,9.0,0.6613247863247863,0.2256308471016838,0.2352325876288782,0.20950387488600575,0.32963269038343224,0.5859867948831214,0.38232773655018004,0.5623475265453515,0.37954729231424483,3,0,5,1,0.0,0.01,52,122,probabilistic,19,126
13,Cycler DC,2.0532583698235563,0.49748369342111265,6.0,0.0,0.1787311561055766,0.31873778893180815,0.23057818488689324,0.27195287007572205,0.0,0.0,1.0,1.0,3,0,5,1,0.0,0.01,52,122,probabilistic,19,126
14,Cooperator,2.049838770368412,1.0,0.0,1.0,0.681845414068375,0.31815458593162516,0.0,0.0,1.0,1.0,0.0,0.0,3,0,5,1,0.0,0.01,52,122,probabilistic,19,126
15,Random: 0.5,2.0200725994690987,0.5009092958593222,7.0,0.5256410256410257,0.20864301993485454,0.2923374338793241,0.2041072056101515,0.29491234057566984,0.5031639899139783,0.49383894733756284,0.5070842368296153,0.4984594951674269,3,0,5,1,0.0,0.01,52,122,probabilistic,19,126
16,Bully,1.9460620815681162,0.5750003749643784,7.0,0.0,0.1564670603871139,0.42754533093703373,0.25065008125976324,0.16533752741608904,0.0,1.0,0.0,1.0,3,0,5,1,0.0,0.01,52,122,probabilistic,19,126
17,Win-Shift Lose-Stay: D,1.8536253800917628,0.6054129556480077,7.5,0.0,0.1937163751672681,0.4078089397039105,0.20227433047804172,0.19620035465077967,0.0,1.0,1.0,0.0,3,0,5,1,0.0,0.01,52,122,probabilistic,19,126
18,Anti Tit For Tat,1.6810406525307973,0.6459280445581815,6.0,1.0,0.16540547056763005,0.4830387065598014,0.19187298223886873,0.15968284063369984,0.0,1.0,0.0,1.0,3,0,5,1,0.0,0.01,52,122,probabilistic,19,126
0,"DoubleCrosser: (D, D)",2.877456647398844,0.25066696309470876,4.0,1.0,0.22879057358826144,0.02187638950644731,0.3590040017785682,0.390329035126723,1.0,0.7489525139664804,0.012925598991172762,0.0,3,0,5,1,0.05,0.0,52,173,probabilistic,6,127
1,Win-Stay Lose-Shift,2.3526011560693645,0.6052690084481992,1.0,1.0,0.3988216985326812,0.20644730991551802,0.1906402845709204,0.2040907069808804,1.0,0.0,0.0,1.0,3,0,5,1,0.05,0.0,52,173,probabilistic,6,127
2,Meta Mixer: 5 players,2.0745664739884395,0.4203646064917741,4.0,0.7153846153846154,0.18703868385949313,0.23332592263228102,0.23975100044464207,0.3398843930635838,0.49029836673582256,0.3928582776676112,0.44967592408643736,0.41938550545447767,3,0,5,1,0.05,0.0,52,173,probabilistic,6,127
3,Cycler DC,1.9196531791907516,0.49710982658959535,2.0,0.0,0.143552690084482,0.35355713650511333,0.2470875944864384,0.2558025789239662,0.0,0.0,1.0,1.0,3,0,5,1,0.05,0.0,52,173,probabilistic,6,127
4,Alternator,1.9132947976878616,0.5028901734104047,0.0,1.0,0.14888839484215205,0.3540017785682526,0.24212983548243666,0.25497999110715874,0.0,0.0,1.0,1.0,3,0,5,1,0.05,0.0,52,173,probabilistic,6,127
5,Random: 0.5,1.869942196531792,0.5011783014673188,2.0,0.5807692307692308,0.1968208092485549,0.3043574922187639,0.1949533125833704,0.3038683859493108,0.4915965420310503,0.5104906036038939,0.506146314569287,0.49757850189877734,3,0,5,1,0.05,0.0,52,173,probabilistic,6,127
0,Defector,3.528289102202146,0.0,9.0,0.0,0.0,0.0,0.5873254583446761,0.41267454165532397,0.0,0.0,0.0,0.0,3,0,5,1,0.1,0.08,84,148,probabilistic,10,128
1,Bully,3.1046321296186887,0.38529088913282106,7.0,0.0,0.13795098829756233,0.2532977162723614,0.43395728807220446,0.17479400735787176,0.0,1.0,0.0,1.0,3,0,5,1,0.1,0.08,84,148,probabilistic,10,128
2,Random: 0.5,2.6478530594887664,0.5113845446182153,5.0,0.5423280423280423,0.2942148701379877,0.21696234663422484,0.27712506741838006,0.21169771580940744,0.505318065060429,0.5043034791313253,0.520278112733312,0.501824081818717,3,0,5,1,0.1,0.08,84,148,probabilistic,10,128
3,Alternator,2.524562166228833,0.5215950513641887,4.0,1.0,0.3525841686678129,0.16910462499227558,0.23877502061706446,0.23953618572284707,0.0,0.0,1.0,1.0,3,0,5,1,0.1,0.08,84,148,probabilistic,10,128
4,Meta Mixer: 9 players,2.495036971017363,0.5525431324221376,4.0,0.7037037037037037,0.33697330541064247,0.21561831373155005,0.23808333681405505,0.20932504404375263,0.49898193479436503,0.5852202601110248,0.5064829668982469,0.5962465109603273,3,0,5,1,0.1,0.08,84,148,probabilistic,10,128
5,Anti Tit For Tat,2.205958306320625,0.5320328542094456,4.0,1.0,0.191344087417215,0.3748450511513036,0.27543675575776894,0.15837410567371243,0.0,1.0,0.0,1.0,3,0,5,1,0.1,0.08,84,148,probabilistic,10,128
6,"DoubleCrosser: (D, D)",2.143584972532341,0.6368511123787792,1.0,1.0,0.4459190785232798,0.18597367338029602,0.20313204305526064,0.16497520504116356,1.0,0.7970692196870539,0.022222222222222223,0.0,3,0,5,1,0.1,0.08,84,148,probabilistic,10,128
7,GTFT: 0.33,2.086266430126079,0.7597046649513368,0.0,1.0,0.49680410517008944,0.25811057175175617,0.09699467846616998,0.14809064461198443,1.0,0.3459747182706642,1.0,0.3472498532550373,3,0,5,1,0.1,0.08,84,148,probabilistic,10,128
8,Tit For 2 Tats,2.0207579133017726,0.7905103928610295,0.0,1.0,0.5366091452925926,0.25056811688926195,0.05870320412219537,0.1541195336959501,1.0,0.6645202084983522,1.0,0.0,3,0,5,1,0.1,0.08,84,148,probabilistic,10,128
9,Cooperator,1.5906192184805956,1.0,0.0,1.0,0.5149475621352546,0.48505243786474544,0.0,0.0,1.0,1.0,0.0,0.0,3,0,5,1,0.1,0.08,84,148,probabilistic,10,128
0,Cycler DC,3.125,0.3983402489626556,12.0,0.0,0.21025798273544796,0.1880280657907909,0.46233691717537656,0.1393770342983846,0.0,0.0,1.0,1.0,3,0,5,1,0.06,0.07,34,5,probabilistic,17,129
1,Win-Shift Lose-Stay: D,2.9380208333333333,0.4400167785234899,8.0,0.0,0.23584610735314665,0.20523837362869632,0.39916254584636246,0.15975297317179457,0.0,1.0,1.0,0.0,3,0,5,1,0.06,0.07,34,5,probabilistic,17,129
2,Bully,2.807291666666667,0.3277521975722059,10.5,0.0,0.16104050409436924,0.1658522522506876,0.3946657984012193,0.27844144525372383,0.0,1.0,0.0,1.0,3,0,5,1,0.06,0.07,34,5,probabilistic,17,129
3,Suspicious Tit For Tat,2.8041666666666667,0.5109427609427609,9.0,0.0,0.302845868800719,0.20489848912798575,0.33963980941457017,0.15261583265672515,1.0,0.0,1.0,0.0,3,0,5,1,0.06,0.07,34,5,probabilistic,17,129
4,Random: 0.5,2.779166666666667,0.4924114671163575,8.0,0.4742647058823529,0.32410509534129417,0.16836062989542014,0.31746476716875743,0.19006950759452826,0.49287126133334486,0.5436587048429153,0.4759074796351178,0.4676885271430331,3,0,5,1,0.06,0.07,34,5,probabilistic,17,129
5,Alternator,2.6869791666666667,0.6043010752688172,6.0,1.0,0.34624381341322535,0.2581505092875796,0.31637652677137773,0.07922915052781734,0.0,0.0,1.0,1.0,3,0,5,1,0.06,0.07,34,5,probabilistic,17,129
6,Evolved FSM 16,2.675,0.8022765598650927,1.0,1.0,0.6447778510170918,0.16106762688691206,0.1393485665540142,0.05480595554198197,0.984593023255814,0.3217433766331449,0.9219924812030076,0.11142857142857143,3,0,5,1,0.06,0.07,34,5,probabilistic,17,129
7,Meta Mixer: 15 players,2.6328125,0.6991596638655462,5.0,0.7132352941176471,0.5050408631774064,0.19402674309351856,0.2000818801648076,0.10085051356426754,0.7891024355348402,0.4343303372193532,0.7664881857175154,0.4931293065908451,3,0,5,1,0.06,0.07,34,5,probabilistic,17,129
8,Win-Stay Lose-Shift,2.621875,0.7968946705832983,1.0,1.0,0.6496662553922639,0.14275865352499495,0.1194059565499222,0.08816913453281902,1.0,0.0,0.0,1.0,3,0,5,1,0.06,0.07,34,5,probabilistic,17,129
9,Tit For Tat,2.6020833333333333,0.8264069264069264,0.0,1.0,0.6285597491765659,0.19673272425378224,0.13823157654323368,0.03647595002641838,1.0,0.0,1.0,0.0,3,0,5,1,0.06,0.07,34,5,probabilistic,17,129
10,Evolved HMM 5,2.5703125,0.8473282442748091,1.0,1.0,0.6866508316026463,0.15909594294905396,0.0998252957029184,0.054427929745381395,1.0,0.49307770374580717,0.0,0.1,3,0,5,1,0.06,0.07,34,5,probabilistic,17,129
11,Soft Joss: 0.9,2.54375,0.8421948107188431,0.0,1.0,0.6461502990058237,0.19525339981002887,0.11953458192571342,0.039061719258434144,1.0,0.11236255606087217,1.0,0.1985705003248863,3,0,5,1,0.06,0.07,34,5,probabilistic,17,129
12,Meta Winner: 15 players,2.5114583333333336,0.6797966963151207,5.0,1.0,0.45441893073400164,0.22426275747156163,0.21586506782156534,0.10545324397287135,0.6731527396796391,0.9227353835252949,0.28125393574357643,0.7996825396825397,3,0,5,1,0.06,0.07,34,5,probabilistic,17,129
13,GTFT: 0.33,2.45625,0.8763015410245731,0.0,1.0,0.6661889350967793,0.21029136026334372,0.08989854839617582,0.03362115624370105,1.0,0.3534932711741684,1.0,0.40792540792540793,3,0,5,1,0.06,0.07,34,5,probabilistic,17,129
14,Tit For 2 Tats,2.3625,0.9571840263482915,0.0,1.0,0.7467749665907744,0.2098297769638946,0.015851433591215835,0.027543822854115156,1.0,0.8459431624087481,1.0,0.0,3,0,5,1,0.06,0.07,34,5,probabilistic,17,129
15,"DoubleCrosser: (D, D)",2.2718749999999996,0.9882501049097776,0.0,1.0,0.7506646924058715,0.23749941348083722,0.00042808219178082195,0.011407811921510554,1.0,0.9670269423558897,0.0,0.0,3,0,5,1,0.06,0.07,34,5,probabilistic,17,129
16,Cooperator,2.253125,1.0,0.0,1.0,0.7532293644600772,0.2467706355399229,0.0,0.0,1.0,1.0,0.0,0.0,3,0,5,1,0.06,0.07,34,5,probabilistic,17,129
0,Grudger,2.9134632608898277,0.49403807035242364,7.0,1.0,0.48383677672111736,0.012773312305483658,0.24723997381337956,0.2561499371600194,1.0,0.0,0.0,0.0,3,0,5,1,0.03,0.02,78,88,probabilistic,20,130
1,Evolved HMM 5,2.907920030617761,0.6008230452674898,6.0,1.0,0.549017182849498,0.05819318255663949,0.23276325287339963,0.16002638172046293,0.9985741479115124,0.47643133219453127,0.009189482727155378,0.1904498660883345,3,0,5,1,0.03,0.02,78,88,probabilistic,20,130
2,Evolved FSM 16,2.8599983690134145,0.6054609300646516,6.0,1.0,0.5128510329847349,0.10008216871395047,0.25220273149730454,0.13486406680401003,0.9049119043151475,0.5096046894863501,0.20379171534140744,0.3124888964762056,3,0,5,1,0.03,0.02,78,88,probabilistic,20,130
3,"DoubleCrosser: (D, D)",2.7497633156762076,0.6192152176404145,5.0,1.0,0.5594482106389942,0.04653964357078635,0.21535735851996088,0.1786547872702586,1.0,0.7848520243897983,0.016187046224727678,0.0,3,0,5,1,0.03,0.02,78,88,probabilistic,20,130
4,Defector,2.554766315016628,0.0,17.0,0.0,0.0,0.0,0.3700719458026803,0.6299280541973197,0.0,0.0,0.0,0.0,3,0,5,1,0.03,0.02,78,88,probabilistic,20,130
5,Meta Winner: 18 players,2.550469544308344,0.07623726658993696,15.0,1.0,0.046081434774145794,0.030366380313651686,0.3811746614823738,0.5423775234298286,0.5465915157061306,0.38320662301197245,0.012861859293390576,0.024748726084354526,3,0,5,1,0.03,0.02,78,88,probabilistic,20,130
6,Tit For Tat,2.508778126182058,0.7042048190797556,0.0,1.0,0.5464773669988627,0.15368517810130072,0.1459247124547622,0.15391274244507416,1.0,0.0,1.0,0.0,3,0,5,1,0.03,0.02,78,88,probabilistic,20,130
7,Soft Joss: 0.9,2.501924414807088,0.7450710073914126,0.0,1.0,0.5879175220644602,0.15536210633579867,0.1198300447117978,0.1368903268879433,1.0,0.09943296097591424,1.0,0.09745575525284016,3,0,5,1,0.03,0.02,78,88,probabilistic,20,130
8,Win-Stay Lose-Shift,2.4465305299439084,0.7283504151530877,1.5,1.0,0.5674246195496785,0.15949059708313623,0.11988119025429984,0.1532035931128856,1.0,0.0,0.0,1.0,3,0,5,1,0.03,0.02,78,88,probabilistic,20,130
9,GTFT: 0.33,2.384711954334426,0.8081225180755296,0.0,1.0,0.6221153338074599,0.1846681188549483,0.08475622090098663,0.10846032643660533,1.0,0.3256455531577476,1.0,0.3282519411520118,3,0,5,1,0.03,0.02,78,88,probabilistic,20,130
10,Suspicious Tit For Tat,2.3674339689333417,0.5478861366878486,11.0,0.0,0.35492394863193216,0.17746729535406197,0.19043736606042252,0.2771713899535834,1.0,0.0,1.0,0.0,3,0,5,1,0.03,0.02,78,88,probabilistic,20,130
11,Tit For 2 Tats,2.3026248191922374,0.845823304201735,0.0,1.0,0.6754070635426733,0.16692045117258344,0.03146639012104903,0.12620609516369422,1.0,0.7430810064171249,1.0,0.0,3,0,5,1,0.03,0.02,78,88,probabilistic,20,130
12,Meta Mixer: 18 players,2.2038868682854296,0.47418219394839667,10.0,0.6774628879892037,0.23838694713583172,0.23640604755846953,0.21512337530933737,0.3100836299963613,0.5871541499485362,0.39027691113106644,0.5684286903429216,0.3891232069190036,3,0,5,1,0.03,0.02,78,88,probabilistic,20,130
13,Cycler DC,2.167151314470432,0.49511486664906257,7.0,0.0,0.1734145423102045,0.321666042248764,0.252983795237153,0.25193562020387855,0.0,0.0,1.0,1.0,3,0,5,1,0.03,0.02,78,88,probabilistic,20,130
14,Random: 0.5,2.1246793191407,0.5005279300115641,7.0,0.49527665317139,0.21757749477849717,0.28311257855461014,0.21301372436631746,0.2862962023005753,0.5005367697763538,0.5054259362413702,0.49784872012006876,0.49207197900941657,3,0,5,1,0.03,0.02,78,88,probabilistic,20,130
15,Alternator,2.120933572969985,0.505246448130804,5.0,1.0,0.18464639498800192,0.3206547056367832,0.24580775170863664,0.2488911476665782,0.0,0.0,1.0,1.0,3,0,5,1,0.03,0.02,78,88,probabilistic,20,130
16,Bully,2.120369692534817,0.5624228661697191,9.0,0.0,0.1726059058206456,0.3948495301068394,0.24587471545650408,0.18666984861601094,0.0,1.0,0.0,1.0,3,0,5,1,0.03,0.02,78,88,probabilistic,20,130
17,Cooperator,2.025901344423405,1.0,0.0,1.0,0.6723013408055706,0.3276986591944294,0.0,0.0,1.0,1.0,0.0,0.0,3,0,5,1,0.03,0.02,78,88,probabilistic,20,130
18,Win-Shift Lose-Stay: D,2.002758082572949,0.5892710695161368,8.0,0.0,0.1977937565030577,0.3854190798738557,0.2119072678914496,0.20487989573163698,0.0,1.0,1.0,0.0,3,0,5,1,0.03,0.02,78,88,probabilistic,20,130
19,Anti Tit For Tat,1.7742359136651675,0.6397921065453955,6.0,1.0,0.18765123895842079,0.44691446747818114,0.18645306655245872,0.17898122701093935,0.0,1.0,0.0,1.0,3,0,5,1,0.03,0.02,78,88,probabilistic,20,130
0,Grudger,3.265922619047619,0.549223389675651,3.0,1.0,0.513688992382864,0.01861409671188233,0.33738175787651326,0.1303151530287404,1.0,0.0,0.0,0.0,3,0,5,1,0.09,0.04,54,198,probabilistic,7,131
1,Meta Winner: 6 players,2.560279799125738,0.1714753685271513,4.5,1.0,0.09007792677393799,0.084448893029465,0.3757341549237863,0.4497390252728107,0.09523809523809523,0.8518249721108848,0.05923836389280677,0.20663454196610886,3,0,5,1,0.09,0.04,54,198,probabilistic,7,131
2,Bully,2.5313492063492062,0.49379391100702574,4.0,0.0,0.1404637745094296,0.35122926077568106,0.34778179241854046,0.1605251722963489,0.0,1.0,0.0,1.0,3,0,5,1,0.09,0.04,54,198,probabilistic,7,131
3,Tit For Tat,2.488888888888889,0.7051107536196015,0.0,1.0,0.6037473892788418,0.10434655429649932,0.09188395974474224,0.20002209667991666,1.0,0.0,1.0,0.0,3,0,5,1,0.09,0.04,54,198,probabilistic,7,131
4,Soft Joss: 0.9,2.4460542929292926,0.7261552469838379,0.0,1.0,0.6009754993862848,0.12170627953179347,0.08365105861492443,0.1936671624669973,1.0,0.08272542964847773,1.0,0.09090302121971894,3,0,5,1,0.09,0.04,54,198,probabilistic,7,131
5,Win-Stay Lose-Shift,2.1409659784659785,0.8186268795896958,0.0,1.0,0.6334634438569969,0.18723698313341977,0.0,0.17929957300958338,1.0,0.0,0.0,1.0,3,0,5,1,0.09,0.04,54,198,probabilistic,7,131
6,Anti Tit For Tat,1.5834261993711722,0.6933850193822684,2.0,1.0,0.17283884436841365,0.5187836371853182,0.14993298108555247,0.1584445373607155,0.0,1.0,0.0,1.0,3,0,5,1,0.09,0.04,54,198,probabilistic,7,131
0,Grudger,2.8253330879646668,0.49905949905949903,6.0,1.0,0.49838559806732247,0.03276231649431512,0.23511280129629017,0.23373928414207223,1.0,0.0,0.0,0.0,3,0,5,1,0.07,0.07,37,52,probabilistic,20,132
1,Defector,2.807730865625602,0.0,17.0,0.0,0.0,0.0,0.398727938300048,0.601272061699952,0.0,0.0,0.0,0.0,3,0,5,1,0.07,0.07,37,52,probabilistic,20,132
2,Evolved FSM 16,2.7155254931873585,0.6529286474973376,4.0,1.0,0.5400963516044266,0.11620344063685902,0.2203410211295106,0.12335918662920384,0.9275580254506582,0.44634227464820164,0.2860859545481323,0.29136182454326964,3,0,5,1,0.07,0.07,37,52,probabilistic,20,132
3,Evolved HMM 5,2.6956413684354863,0.6498054474708171,4.0,1.0,0.5695842479744159,0.09050682937065165,0.20149792623215534,0.13841099642277718,1.0,0.4831578140990002,0.019188596491228067,0.1666246796584433,3,0,5,1,0.07,0.07,37,52,probabilistic,20,132
4,Meta Winner: 18 players,2.5703335417651636,0.19749848698809763,12.0,1.0,0.12630563461816588,0.0745642790146303,0.3604508634328491,0.4386792229343547,0.5573636786845011,0.43590638139236304,0.027759844940394372,0.06762700396212215,3,0,5,1,0.07,0.07,37,52,probabilistic,20,132
5,Suspicious Tit For Tat,2.5303079960974695,0.5371205906480722,10.0,0.0,0.3301759715574239,0.18563347258419496,0.22349976329149557,0.2606907925668856,1.0,0.0,1.0,0.0,3,0,5,1,0.07,0.07,37,52,probabilistic,20,132
6,Cycler DC,2.510157523934614,0.4818626961127211,8.0,0.0,0.1825303884145885,0.2985513088038194,0.2845542097144729,0.2343640930671191,0.0,0.0,1.0,1.0,3,0,5,1,0.07,0.07,37,52,probabilistic,20,132
7,Tit For Tat,2.4975752625337115,0.7405146984030109,0.0,1.0,0.5610141059041972,0.16514858120930578,0.14359585994615148,0.13024145294034545,1.0,0.0,1.0,0.0,3,0,5,1,0.07,0.07,37,52,probabilistic,20,132
8,"DoubleCrosser: (D, D)",2.4924715164673614,0.7011033099297894,2.0,1.0,0.6028872558581859,0.10997307056819917,0.15490969099331162,0.1322299825803033,1.0,0.8200998570847672,0.0,0.0,3,0,5,1,0.07,0.07,37,52,probabilistic,20,132
9,Random: 0.5,2.4487661076996257,0.5121658155602283,8.0,0.5519203413940256,0.2486874781219153,0.2640729865949196,0.2320448137477207,0.25519472153544426,0.5054299921329501,0.5045641901065976,0.5069050182049815,0.5151888769715218,3,0,5,1,0.07,0.07,37,52,probabilistic,20,132
10,Soft Joss: 0.9,2.4450677976993767,0.7541699761715648,0.0,1.0,0.5839629861217267,0.1696503260157359,0.12198125104015298,0.12440543682238434,1.0,0.10547409346909867,1.0,0.0919495240774615,3,0,5,1,0.07,0.07,37,52,probabilistic,20,132
11,Win-Stay Lose-Shift,2.432133776470161,0.7425885755603759,1.0,1.0,0.581866666475246,0.16410937264294798,0.11190719554625979,0.14211676533554615,1.0,0.0,0.0,1.0,3,0,5,1,0.07,0.07,37,52,probabilistic,20,132
12,Win-Shift Lose-Stay: D,2.428604385698207,0.5431825371717811,9.0,0.0,0.20553388839316383,0.342659088856049,0.25303319039933153,0.19877383235145563,0.0,1.0,1.0,0.0,3,0,5,1,0.07,0.07,37,52,probabilistic,20,132
13,GTFT: 0.33,2.4222539106386654,0.8240712311943507,0.0,1.0,0.6284993039942472,0.1911272447260124,0.08385395765201292,0.09651949362772748,1.0,0.33183135604068276,1.0,0.3264589538804638,3,0,5,1,0.07,0.07,37,52,probabilistic,20,132
14,Bully,2.390333011295314,0.5195580770379218,9.0,0.0,0.164907217623829,0.35538710835699505,0.27463881946900204,0.20506685455017382,0.0,1.0,0.0,1.0,3,0,5,1,0.07,0.07,37,52,probabilistic,20,132
15,Meta Mixer: 18 players,2.339923779873975,0.517745921898171,8.0,0.701280227596017,0.29387596740849203,0.22290501068025523,0.22030288700497397,0.26291613490627874,0.6020265381928929,0.4003127824036557,0.5986077806395632,0.39648956121867784,3,0,5,1,0.07,0.07,37,52,probabilistic,20,132
16,Alternator,2.3084411231470052,0.5173212390234488,5.0,1.0,0.21298639378056503,0.30462694750218605,0.2611288215704275,0.22125783714682146,0.0,0.0,1.0,1.0,3,0,5,1,0.07,0.07,37,52,probabilistic,20,132
17,Tit For 2 Tats,2.273904166009429,0.8733471074380166,0.0,1.0,0.683612734742754,0.1848855315697606,0.03008993557157164,0.10141179811591375,1.0,0.7588886810044795,1.0,0.0,3,0,5,1,0.07,0.07,37,52,probabilistic,20,132
18,Cooperator,2.06210288567268,1.0,0.0,1.0,0.6768012496855682,0.32319875031443185,0.0,0.0,1.0,1.0,0.0,0.0,3,0,5,1,0.07,0.07,37,52,probabilistic,20,132
19,Anti Tit For Tat,1.958844916775151,0.6334216502649508,6.0,1.0,0.20786331580612297,0.4147729482818535,0.19906766788538474,0.1782960680266387,0.0,1.0,0.0,1.0,3,0,5,1,0.07,0.07,37,52,probabilistic,20,132
0,Defector,2.5448019170144605,0.0,5.5,0.0,0.0,0.0,0.34665350170639747,0.6533464982936026,0.0,0.0,0.0,0.0,3,0,5,1,0.01,0.08,10,141,probabilistic,8,133
1,Suspicious Tit For Tat,2.468719154328398,0.4652061855670103,4.0,0.0,0.2822554032660347,0.1895648774133867,0.2367784435196252,0.2914012758009535,1.0,0.0,1.0,0.0,3,0,5,1,0.01,0.08,10,141,probabilistic,8,133
2,Meta Mixer: 7 players,2.243604468814553,0.4862604540023895,2.5,0.4714285714285714,0.27572182229983355,0.2206322685360122,0.22822322703554557,0.2754226821286087,0.6378666114333057,0.36157283912156474,0.6544408333584103,0.41622817658531946,3,0,5,1,0.01,0.08,10,141,probabilistic,8,133
3,"DoubleCrosser: (D, D)",2.2019115338443074,0.610730593607306,1.0,1.0,0.5635830294740557,0.13842709233829062,0.10171696514503194,0.19627291304262173,1.0,0.8550793650793651,0.0,0.0,3,0,5,1,0.01,0.08,10,141,probabilistic,8,133
4,Random: 0.5,2.16103143789314,0.5110375275938189,3.0,0.4857142857142857,0.2140441955987984,0.29285913535243313,0.2073471047021382,0.2857495643466303,0.42832519332519325,0.45501435072863644,0.5002012882447665,0.6232857941090387,3,0,5,1,0.01,0.08,10,141,probabilistic,8,133
5,Cycler DC,2.117494932477511,0.4754285714285714,2.0,0.0,0.13074761066020987,0.3428264717701578,0.27933708053960593,0.24708883703002638,0.0,0.0,1.0,1.0,3,0,5,1,0.01,0.08,10,141,probabilistic,8,133
6,GTFT: 0.33,2.0983963405016035,0.7272727272727273,0.0,1.0,0.4991694916541051,0.2464408378946136,0.12086601901918323,0.13352365143209807,1.0,0.25057140963033975,1.0,0.34186032546688283,3,0,5,1,0.01,0.08,10,141,probabilistic,8,133
7,Win-Stay Lose-Shift,2.0406462585034015,0.6331719128329297,0.0,1.0,0.39936671015438135,0.24054124680299807,0.1503695884403647,0.20972245460225583,1.0,0.0,0.0,1.0,3,0,5,1,0.01,0.08,10,141,probabilistic,8,133
0,Defector,2.920499831138129,0.0,8.0,0.0,0.0,0.0,0.4099925383655514,0.5900074616344485,0.0,0.0,0.0,0.0,3,0,5,1,0.01,0.08,93,147,probabilistic,10,134
1,Suspicious Tit For Tat,2.5954732510288068,0.4886454183266932,5.0,0.0,0.25339829516101625,0.2316304776866794,0.2748144811881399,0.24015674596416448,1.0,0.0,1.0,0.0,3,0,5,1,0.01,0.08,93,147,probabilistic,10,134
2,Evolved FSM 16,2.5388497076476617,0.5907224192645137,2.0,1.0,0.4081934114721226,0.18113729657031097,0.2606748135974902,0.14999447836007623,0.9134078212290503,0.5234793519813743,0.6075085324232082,0.40731520699026774,3,0,5,1,0.01,0.08,93,147,probabilistic,10,134
3,Bully,2.3714967355963226,0.552638980031874,4.0,0.0,0.13128612603602463,0.42413893547811354,0.2653164800639342,0.17925845842192764,0.0,1.0,0.0,1.0,3,0,5,1,0.01,0.08,93,147,probabilistic,10,134
4,Meta Winner: 9 players,2.31445868945869,0.20754716981132076,5.0,1.0,0.11805721418316183,0.09194975031468872,0.31077233036550145,0.479220705136648,0.5995107398746722,0.7114166666666667,0.08651026392961877,0.09808499614242713,3,0,5,1,0.01,0.08,93,147,probabilistic,10,134
5,Tit For Tat,2.2556378600823046,0.6199460916442049,0.0,1.0,0.41524993038456837,0.1938114239169504,0.15912594213097286,0.23181270356750838,1.0,0.0,1.0,0.0,3,0,5,1,0.01,0.08,93,147,probabilistic,10,134
6,"DoubleCrosser: (D, D)",2.2408470898240718,0.636431784107946,1.0,1.0,0.48793432106100787,0.15290823768765172,0.18050091342961913,0.17865652782172123,1.0,0.8220075494083857,0.0,0.0,3,0,5,1,0.01,0.08,93,147,probabilistic,10,134
7,Soft Joss: 0.9,2.2034632034632033,0.6665354330708662,0.0,1.0,0.46514999301186627,0.19751237020896747,0.12454434271037873,0.21279329406878736,1.0,0.10019355941387588,1.0,0.10952688245049788,3,0,5,1,0.01,0.08,93,147,probabilistic,10,134
8,Alternator,2.1568584792114205,0.5201021663040394,2.0,1.0,0.1948019895952514,0.32555428935592234,0.2094450401194317,0.2701986809293946,0.0,0.0,1.0,1.0,3,0,5,1,0.01,0.08,93,147,probabilistic,10,134
9,Anti Tit For Tat,1.742319814688236,0.7151055344810816,2.0,1.0,0.1769795478020916,0.5351541710472015,0.1386100702954667,0.1492562108552401,0.0,1.0,0.0,1.0,3,0,5,1,0.01,0.08,93,147,probabilistic,10,134
0,Win-Stay Lose-Shift,3.0,1.0,0.0,1.0,1.0,0.0,0.0,0.0,1.0,0,0,0,3,0,5,1,0.09,0.1,47,10,probabilistic,3,135
1,Meta Mixer: 2 players,3.0,1.0,0.0,1.0,1.0,0.0,0.0,0.0,1.0,0,0,0,3,0,5,1,0.09,0.1,47,10,probabilistic,3,135
2,Cooperator,3.0,1.0,0.0,1.0,1.0,0.0,0.0,0.0,1.0,0,0,0,3,0,5,1,0.09,0.1,47,10,probabilistic,3,135
0,Grudger,2.8953433812993934,0.4904082523491166,6.0,1.0,0.48542450235298606,0.015123421398920102,0.24600232176974218,0.2534497544783517,1.0,0.0,0.0,0.0,3,0,5,1,0.09,0.03,68,165,probabilistic,20,136
1,Evolved HMM 5,2.828887020926056,0.6125310088987005,6.0,1.0,0.550979751110441,0.06210600100482437,0.22885927015444096,0.1580549777302937,0.9976232647965773,0.48146517572783665,0.018472848912362828,0.1886917496650513,3,0,5,1,0.09,0.03,68,165,probabilistic,20,136
2,Evolved FSM 16,2.826496449587196,0.6382461552844388,5.0,1.0,0.5172274639732473,0.10132934905043611,0.246244181951232,0.13519900502508442,0.9093660884399435,0.4974546116736204,0.2051687252030354,0.29489319522058793,3,0,5,1,0.09,0.03,68,165,probabilistic,20,136
3,"DoubleCrosser: (D, D)",2.668121245150778,0.6292579003432359,5.0,1.0,0.5655277133043756,0.05543686001701437,0.20562017862123047,0.17341524805737968,1.0,0.7957991454921693,0.0064794816414686825,0.0,3,0,5,1,0.09,0.03,68,165,probabilistic,20,136
4,Defector,2.615181814468049,0.0,17.0,0.0,0.0,0.0,0.3722718518551568,0.6277281481448431,0.0,0.0,0.0,0.0,3,0,5,1,0.09,0.03,68,165,probabilistic,20,136
5,Meta Winner: 18 players,2.5284671182235194,0.09038384125405508,14.0,1.0,0.05586803181689887,0.035049827704863236,0.37914694746787064,0.5299351930103672,0.5481391582972782,0.3863844439670057,0.01956191807631362,0.030087018993960993,3,0,5,1,0.09,0.03,68,165,probabilistic,20,136
6,Tit For Tat,2.5192649554357462,0.6956411086946462,0.0,1.0,0.5474599678572692,0.15501457749666947,0.14630141378707884,0.1512240408589825,1.0,0.0,1.0,0.0,3,0,5,1,0.09,0.03,68,165,probabilistic,20,136
7,Soft Joss: 0.9,2.473604898668073,0.7477466764964684,0.0,1.0,0.5897561171697068,0.1539404080664608,0.11768899086349523,0.13861448390033723,1.0,0.0920657965162633,1.0,0.09787611641397659,3,0,5,1,0.09,0.03,68,165,probabilistic,20,136
8,Win-Stay Lose-Shift,2.443703298565081,0.7319932220700541,1.0,1.0,0.565300723146593,0.16211109295918016,0.11940776834084765,0.15318041555337938,1.0,0.0,0.0,1.0,3,0,5,1,0.09,0.03,68,165,probabilistic,20,136
9,Suspicious Tit For Tat,2.3855205647414275,0.5307239539197948,10.0,0.0,0.3514463380828598,0.1779051716214508,0.19355674917702292,0.27709174111866647,1.0,0.0,1.0,0.0,3,0,5,1,0.09,0.03,68,165,probabilistic,20,136
10,GTFT: 0.33,2.370775387788452,0.8113879003558719,0.0,1.0,0.6232183973804435,0.18813705017473575,0.08356519199256332,0.10507936045225752,1.0,0.3336840773828914,1.0,0.3302961493525481,3,0,5,1,0.09,0.03,68,165,probabilistic,20,136
11,Tit For 2 Tats,2.3089554960205785,0.8468717109110045,0.0,1.0,0.6716872830855053,0.17228305711853395,0.03305649933286295,0.12297316046309775,1.0,0.742248895329009,1.0,0.0,3,0,5,1,0.09,0.03,68,165,probabilistic,20,136
12,Meta Mixer: 18 players,2.2612975344189135,0.4731528442507798,9.0,0.6710526315789473,0.2380098521228025,0.23574137849425808,0.2172311002773545,0.30901766910558504,0.5881119389754009,0.38525547331347715,0.55166557163033,0.3872192673379631,3,0,5,1,0.09,0.03,68,165,probabilistic,20,136
13,Cycler DC,2.2364463851311234,0.4919652707823668,8.0,0.0,0.1752910480786669,0.31658269266597405,0.2581363939851385,0.24998986527022057,0.0,0.0,1.0,1.0,3,0,5,1,0.09,0.03,68,165,probabilistic,20,136
14,Random: 0.5,2.2356307110609794,0.5003864621150017,8.0,0.5178018575851393,0.21935151793332452,0.2809264993571468,0.2178681705064412,0.28185381220308736,0.4926083449887806,0.4952437541848973,0.5068468255368893,0.503520071494931,3,0,5,1,0.09,0.03,68,165,probabilistic,20,136
15,Alternator,2.231217250886724,0.508002667555852,5.5,1.0,0.19140836907024275,0.3167473771931861,0.24897062248080684,0.24287363125576422,0.0,0.0,1.0,1.0,3,0,5,1,0.09,0.03,68,165,probabilistic,20,136
16,Bully,2.141912494751235,0.5551416142169567,8.0,0.0,0.17228852394246766,0.3886526939348932,0.24927319971109618,0.18978558241154303,0.0,1.0,0.0,1.0,3,0,5,1,0.09,0.03,68,165,probabilistic,20,136
17,Win-Shift Lose-Stay: D,2.090228702879429,0.5923235542225138,8.0,0.0,0.19917007856016924,0.3811139413875696,0.21683565935638036,0.2028803206958808,0.0,1.0,1.0,0.0,3,0,5,1,0.09,0.03,68,165,probabilistic,20,136
18,Cooperator,2.0305591990628713,1.0,0.0,1.0,0.6736078420489324,0.3263921579510676,0.0,0.0,1.0,1.0,0.0,0.0,3,0,5,1,0.09,0.03,68,165,probabilistic,20,136
19,Anti Tit For Tat,1.8404538983367318,0.633113784997789,6.0,1.0,0.18990144726698446,0.4434108987376241,0.18796794470404685,0.17871970929134465,0.0,1.0,0.0,1.0,3,0,5,1,0.09,0.03,68,165,probabilistic,20,136
0,Grudger,2.750870538094803,0.5608834170311572,5.0,1.0,0.5226953938517066,0.029848712541924394,0.199160970608529,0.24829492299784,1.0,0.0,0.0,0.0,3,0,5,1,0.06,0.06,61,110,probabilistic,19,137
1,Evolved HMM 5,2.6837301587301585,0.6524725995070534,4.0,1.0,0.5910739745754069,0.07574893025994288,0.17761252692741533,0.15556456823723494,0.9988835843528323,0.502081379704824,0.012253258845437617,0.17627863687223894,3,0,5,1,0.06,0.06,61,110,probabilistic,19,137
2,Defector,2.679271708683473,0.0,16.0,0.0,0.0,0.0,0.3539479774731481,0.6460520225268519,0.0,0.0,0.0,0.0,3,0,5,1,0.06,0.06,61,110,probabilistic,19,137
3,Evolved FSM 16,2.673600701541878,0.6792297111416782,3.0,1.0,0.5603079891092286,0.11893486041695593,0.1899750289317266,0.13078212154208893,0.9074421802367657,0.4866734189990557,0.27620402475607064,0.31223631756248854,3,0,5,1,0.06,0.06,61,110,probabilistic,19,137
4,Tit For Tat,2.524363496585719,0.7268418046830383,0.0,1.0,0.5708194678575702,0.15804065787843885,0.14035247920974264,0.13078739505424825,1.0,0.0,1.0,0.0,3,0,5,1,0.06,0.06,61,110,probabilistic,19,137
5,"DoubleCrosser: (D, D)",2.5030244446911114,0.7223028813937905,3.0,1.0,0.623931623892312,0.09470134739473518,0.13610114951202515,0.14526587920092762,1.0,0.8134966137330985,0.010676156583629894,0.0,3,0,5,1,0.06,0.06,61,110,probabilistic,19,137
6,Win-Stay Lose-Shift,2.48395580454404,0.7378038831783326,1.0,1.0,0.5845404424382715,0.15484778745532563,0.12291593384033495,0.13769583626606788,1.0,0.0,0.0,1.0,3,0,5,1,0.06,0.06,61,110,probabilistic,19,137
7,Suspicious Tit For Tat,2.476021962786669,0.5130484212702185,10.0,0.0,0.3356486151851317,0.18062433902189556,0.2113006213656832,0.2724264244272896,1.0,0.0,1.0,0.0,3,0,5,1,0.06,0.06,61,110,probabilistic,19,137
8,Soft Joss: 0.9,2.473939862327255,0.7608292853923582,0.0,1.0,0.6046751986632435,0.15790157090918697,0.11663074639013755,0.12079248403743198,1.0,0.09092129313575902,1.0,0.10557150258199946,3,0,5,1,0.06,0.06,61,110,probabilistic,19,137
9,GTFT: 0.33,2.435826253653497,0.8282428253675473,0.0,1.0,0.6513085393687754,0.18005450704387987,0.08021981313460946,0.08841714045273515,1.0,0.33573453773805173,1.0,0.34025514306469334,3,0,5,1,0.06,0.06,61,110,probabilistic,19,137
10,Meta Winner: 17 players,2.434876641165877,0.16793893129770993,11.0,1.0,0.10502401590834817,0.06540883825456131,0.334483997338187,0.4950831484989035,0.5506796196685935,0.37825638889992885,0.02555761713205076,0.051831340474149085,3,0,5,1,0.06,0.06,61,110,probabilistic,19,137
11,Cycler DC,2.365890179581018,0.484391935833514,7.0,0.0,0.159907998505499,0.32434472633253264,0.2871937651032885,0.22855351005867985,0.0,0.0,1.0,1.0,3,0,5,1,0.06,0.06,61,110,probabilistic,19,137
12,Meta Mixer: 17 players,2.3375519482137133,0.5207780725022104,7.0,0.6775956284153005,0.2943303786066905,0.22425843643543356,0.21075645134618487,0.2706547336116911,0.6532167337928236,0.39232087807314125,0.6205932330157757,0.3645713106750025,3,0,5,1,0.06,0.06,61,110,probabilistic,19,137
13,Alternator,2.3301589655446,0.5144845444246642,6.0,1.0,0.18941561811878663,0.32529314374511537,0.27396637298249693,0.21132486515360108,0.0,0.0,1.0,1.0,3,0,5,1,0.06,0.06,61,110,probabilistic,19,137
14,Tit For 2 Tats,2.3195767195767196,0.8586361646234676,0.0,1.0,0.7105183787263594,0.16251965277903313,0.020720352698479015,0.10624161579612854,1.0,0.7793853650608582,1.0,0.0,3,0,5,1,0.06,0.06,61,110,probabilistic,19,137
15,Random: 0.5,2.297810125369683,0.5015039333641832,8.0,0.4936247723132969,0.23413192022454898,0.26718729695455196,0.22693234483917635,0.27174843798172277,0.5086662404679775,0.5001354807145167,0.5027208462380228,0.49100696653063924,3,0,5,1,0.06,0.06,61,110,probabilistic,19,137
16,Bully,2.2770903138970486,0.5514569842738205,8.0,0.0,0.17612811775831433,0.37305889725535285,0.2362630610019733,0.21454992398435951,0.0,1.0,0.0,1.0,3,0,5,1,0.06,0.06,61,110,probabilistic,19,137
17,Win-Shift Lose-Stay: D,2.2613969246627827,0.5718638369405338,8.0,0.0,0.19756528052752448,0.3741168539905657,0.23369762754703272,0.19462023793487715,0.0,1.0,1.0,0.0,3,0,5,1,0.06,0.06,61,110,probabilistic,19,137
18,Cooperator,2.1246246246246248,1.0,0.0,1.0,0.7146593384192609,0.28534066158073906,0.0,0.0,1.0,1.0,0.0,0.0,3,0,5,1,0.06,0.06,61,110,probabilistic,19,137
0,Tit For 2 Tats,2.43125,0.7988338192419825,0.0,1.0,0.7414258188824663,0.07473937156127974,0.008477842003853564,0.17535696755240043,1.0,0.6306052438127909,1.0,0.0,3,0,5,1,0.03,0.04,40,16,probabilistic,6,138
1,Grudger,2.4209061771561773,0.6733921815889029,1.0,1.0,0.6550561797752809,0.029638168272380905,0.02958801498127341,0.2857176369710648,1.0,0.0,0.0,0.0,3,0,5,1,0.03,0.04,40,16,probabilistic,6,138
2,Soft Joss: 0.9,2.375059523809524,0.7707231040564374,0.0,1.0,0.680952380952381,0.08301356141161967,0.02777777777777778,0.20825627985822162,1.0,0.11708569172041595,1.0,0.07910059252662946,3,0,5,1,0.03,0.04,40,16,probabilistic,6,138
3,Win-Stay Lose-Shift,2.35,0.8403141361256544,0.0,1.0,0.679826464208243,0.1526038134386697,0.030802603036876357,0.136767119316211,1.0,0.0,0.0,1.0,3,0,5,1,0.03,0.04,40,16,probabilistic,6,138
4,Meta Mixer: 5 players,2.2089285714285714,0.48865897333863906,2.0,0.79,0.35726084381837103,0.13058563173917506,0.15171968111567652,0.3604338433267774,0.7869379837302981,0.1713567177475628,0.6460207034193104,0.20846537637515658,3,0,5,1,0.03,0.04,40,16,probabilistic,6,138
5,Defector,2.028095238095238,0.0,5.0,0.0,0.0,0.0,0.22221462750766746,0.7777853724923326,0.0,0.0,0.0,0.0,3,0,5,1,0.03,0.04,40,16,probabilistic,6,138
0,Grudger,2.4385769459298867,0.43892202341506514,3.0,1.0,0.3641173641173641,0.0615127213866984,0.23142960667938628,0.34294030781655116,1.0,0.0,0.0,0.0,3,0,5,1,0.01,0.09,47,95,probabilistic,10,139
1,Win-Stay Lose-Shift,2.394288826641768,0.6367511247928013,1.0,1.0,0.420654238865621,0.20713828762250033,0.20860769870200363,0.16359977480987506,1.0,0.0,0.0,1.0,3,0,5,1,0.01,0.09,47,95,probabilistic,10,139
2,Tit For Tat,2.3510582010582013,0.6185819070904646,0.0,1.0,0.41198460131250775,0.22535773260128045,0.19436821803708543,0.1682894480491264,1.0,0.0,1.0,0.0,3,0,5,1,0.01,0.09,47,95,probabilistic,10,139
3,Soft Joss: 0.9,2.2917975270916444,0.6968008255933953,0.0,1.0,0.4843357109220231,0.21985566445311278,0.1552244698166684,0.1405841548081957,1.0,0.10130290910951657,1.0,0.10982326917286267,3,0,5,1,0.01,0.09,47,95,probabilistic,10,139
4,Meta Mixer: 9 players,2.091855203619909,0.3854552946023898,4.0,0.5035460992907801,0.16264460228292393,0.2233834386761845,0.22622351529710505,0.38774844374378653,0.5830450347005707,0.2148055912954442,0.6416699585954363,0.22866405089769623,3,0,5,1,0.01,0.09,47,95,probabilistic,10,139
5,Suspicious Tit For Tat,2.0583408953418028,0.31405303821257047,3.0,0.0,0.08482799053423618,0.22257645538856619,0.25148631176838265,0.441109242308815,1.0,0.0,1.0,0.0,3,0,5,1,0.01,0.09,47,95,probabilistic,10,139
6,Defector,2.0423280423280423,0.0,7.0,0.0,0.0,0.0,0.23335066296312532,0.7666493370368745,0.0,0.0,0.0,0.0,3,0,5,1,0.01,0.09,47,95,probabilistic,10,139
7,Cycler DC,2.0144505893525504,0.4752020974437404,2.0,0.0,0.08864425659812107,0.3859507381118575,0.28646495298473074,0.23894005230529064,0.0,0.0,1.0,1.0,3,0,5,1,0.01,0.09,47,95,probabilistic,10,139
8,Random: 0.5,1.9735449735449737,0.4825076308992721,3.0,0.475177304964539,0.1920791738850737,0.29071594550158053,0.20870702329900342,0.3084978573143423,0.47891610454781364,0.47858861472832664,0.4782425553726666,0.48746728333808176,3,0,5,1,0.01,0.09,47,95,probabilistic,10,139
9,Win-Shift Lose-Stay: D,1.8910774410774411,0.45580429263789524,2.0,0.0,0.13023260647795853,0.347134866002993,0.18776339019728272,0.3348691373217658,0.0,1.0,1.0,0.0,3,0,5,1,0.01,0.09,47,95,probabilistic,10,139
0,Grudger,3.125,0.5195515196441809,4.0,1.0,0.4785052722292722,0.04217148966713547,0.3669408382720294,0.11238239983156283,1.0,0.0,0.0,0.0,3,0,5,1,0.09,0.08,95,56,probabilistic,10,140
1,Evolved FSM 16,3.059259259259259,0.5723146320834508,3.0,1.0,0.4979696346619468,0.07221263333208255,0.3438481889575494,0.08596954304842118,0.9282046172241469,0.38448994951237103,0.13945958413171528,0.2454416456447544,3,0,5,1,0.09,0.08,95,56,probabilistic,10,140
2,Evolved HMM 5,3.0272839506172837,0.5375284306292646,3.0,1.0,0.4898093767066692,0.07070152949779027,0.3483412082372438,0.09114788555829664,1.0,0.38830929762860456,0.002512562814070352,0.1661807580174927,3,0,5,1,0.09,0.08,95,56,probabilistic,10,140
3,Win-Stay Lose-Shift,2.5090548340548344,0.7480438184663537,1.0,1.0,0.5856426927925058,0.1559979807633057,0.12756897402071185,0.13079035242347664,1.0,0.0,0.0,1.0,3,0,5,1,0.09,0.08,95,56,probabilistic,10,140
4,Soft Joss: 0.9,2.5065795206971675,0.7520927237604637,0.0,1.0,0.5763158151542258,0.18538206390987158,0.13545913261378337,0.10284298832211927,1.0,0.09226357278795473,1.0,0.11891686812235487,3,0,5,1,0.09,0.08,95,56,probabilistic,10,140
5,Bully,2.382275132275132,0.5477996965098634,5.0,0.0,0.14775859963433025,0.4018967226686417,0.253615961598795,0.19672871609823306,0.0,1.0,0.0,1.0,3,0,5,1,0.09,0.08,95,56,probabilistic,10,140
6,Win-Shift Lose-Stay: D,2.2884155297198774,0.6099397590361446,4.0,0.0,0.16188187445367366,0.444401974950164,0.2164382507110799,0.17727789988508255,0.0,1.0,1.0,0.0,3,0,5,1,0.09,0.08,95,56,probabilistic,10,140
7,Alternator,2.15576278659612,0.5188888888888888,2.0,1.0,0.23850618864643128,0.2806887673597622,0.15869693114833577,0.32210811284547064,0.0,0.0,1.0,1.0,3,0,5,1,0.09,0.08,95,56,probabilistic,10,140
8,Meta Winner: 9 players,2.1498316498316496,0.3911512415349887,3.0,1.0,0.16784428040687022,0.22543466277664287,0.265804435800386,0.340916621016101,0.5699865629152652,0.8024749248445051,0.06395791390765179,0.2366844813061729,3,0,5,1,0.09,0.08,95,56,probabilistic,10,140
9,Anti Tit For Tat,1.8594276094276094,0.6811783350424163,3.0,1.0,0.20452949994230052,0.4777317221015564,0.13990562566703807,0.17783315228910507,0.0,1.0,0.0,1.0,3,0,5,1,0.09,0.08,95,56,probabilistic,10,140
0,Evolved HMM 5,2.9854679802955664,1.0,0.0,1.0,0.9943322191541927,0.005667780845807296,0.0,0.0,1.0,1.0,0.0,0.0,3,0,5,1,0.09,0.02,78,39,probabilistic,8,141
1,Cooperator,2.9854679802955664,1.0,0.0,1.0,0.9945431649643207,0.005456835035679306,0.0,0.0,1.0,1.0,0.0,0.0,3,0,5,1,0.09,0.02,78,39,probabilistic,8,141
2,GTFT: 0.33,2.973001700680272,0.9898129036553699,0.0,1.0,0.9734933035714286,0.015834263392857144,0.010672433035714286,0.0,1.0,0.2981651376146789,1.0,0.0,3,0,5,1,0.09,0.02,78,39,probabilistic,8,141
3,Soft Joss: 0.9,2.9518025833815305,0.9673758865248226,0.0,1.0,0.9330143540669856,0.03554340396445659,0.03144224196855776,0.0,1.0,0.0931899641577061,1.0,0.0,3,0,5,1,0.09,0.02,78,39,probabilistic,8,141
4,Tit For Tat,2.9194139194139197,0.934355534259703,0.0,1.0,0.8571428571428571,0.07341973789008761,0.06943740496705525,0.0,1.0,0.0,1.0,0.0,3,0,5,1,0.09,0.02,78,39,probabilistic,8,141
5,Win-Stay Lose-Shift,2.857142857142857,0.9083606667112926,0.0,1.0,0.8571428571428571,0.04860585197934596,0.04764199655765921,0.0466092943201377,1.0,0.0,0.0,1.0,3,0,5,1,0.09,0.02,78,39,probabilistic,8,141
6,Grudger,2.7269016697588127,0.8626803289739787,0.0,1.0,0.8571428571428571,0.0052684903748733535,0.0052684903748733535,0.13232016210739614,1.0,0.0,0.0,0.0,3,0,5,1,0.09,0.02,78,39,probabilistic,8,141
7,Suspicious Tit For Tat,2.5608063994828703,0.6288056206088993,5.0,0.0,0.466811613185499,0.16446256690385985,0.18979636348310724,0.17892945642753383,1.0,0.0,1.0,0.0,3,0,5,1,0.09,0.02,78,39,probabilistic,8,141
0,Evolved FSM 16,3.192307692307692,0.8948891031822566,1.0,1.0,0.8446215139442231,0.010624169986719787,0.1354581673306773,0.009296148738379814,1.0,0.0,0.0,0.0,3,0,5,1,0.01,0.05,17,117,probabilistic,7,142
1,Evolved HMM 5,3.071428571428571,0.9165209790209791,1.0,1.0,0.8458149779735682,0.013950073421439058,0.13069016152716592,0.009544787077826725,1.0,0.23529411764705882,0.0,0.0,3,0,5,1,0.01,0.05,17,117,probabilistic,7,142
2,"DoubleCrosser: (D, D)",2.972222222222222,0.9293948126801153,1.0,1.0,0.8463901689708141,0.040706605222734255,0.10368663594470046,0.009216589861751152,1.0,0.76,0.0,0.0,3,0,5,1,0.01,0.05,17,117,probabilistic,7,142
3,Soft Joss: 0.9,2.857142857142857,0.9145413870246085,0.0,1.0,0.8787878787878789,0.045055821371610856,0.036283891547049446,0.039872408293460934,1.0,0.07407407407407407,1.0,0.061855670103092786,3,0,5,1,0.01,0.05,17,117,probabilistic,7,142
4,Tit For 2 Tats,2.8000000000000003,0.9286045433472415,0.0,1.0,0.8689279731993299,0.06658291457286432,0.0314070351758794,0.0330820770519263,1.0,0.5,1.0,0.0,3,0,5,1,0.01,0.05,17,117,probabilistic,7,142
5,GTFT: 0.33,2.7995495495495497,0.9517918088737202,0.0,1.0,0.8773690078037903,0.05964325529542921,0.02452619843924192,0.038461538461538464,1.0,0.3235294117647059,1.0,0.3230769230769231,3,0,5,1,0.01,0.05,17,117,probabilistic,7,142
6,Anti Tit For Tat,2.2865862573099416,0.5834254143646409,3.0,1.0,0.1619115206796047,0.4620520899647145,0.2365628398707975,0.13947354948488339,0.0,1.0,0.0,1.0,3,0,5,1,0.01,0.05,17,117,probabilistic,7,142
0,Bully,4.0,0.0,6.0,0.0,0.0,0.0,0.7589285714285714,0.24107142857142858,0,0,0,0,3,0,5,1,0.03,0.0,42,1,probabilistic,9,143
1,Win-Shift Lose-Stay: D,4.0,0.0,6.0,0.0,0.0,0.0,0.7916666666666667,0.20833333333333334,0,0,0,0,3,0,5,1,0.03,0.0,42,1,probabilistic,9,143
2,Random: 0.5,3.0625,0.4791666666666667,3.0,0.4791666666666667,0.35119047619047616,0.12797619047619047,0.36309523809523814,0.15773809523809523,0,0,0,0,3,0,5,1,0.03,0.0,42,1,probabilistic,9,143
3,Meta Mixer: 8 players,2.5,0.7113095238095238,1.5,0.7113095238095238,0.48214285714285715,0.22916666666666669,0.19940476190476192,0.08928571428571429,0,0,0,0,3,0,5,1,0.03,0.0,42,1,probabilistic,9,143
4,Anti Tit For Tat,1.875,1.0,0.0,1.0,0.6458333333333334,0.35416666666666663,0.0,0.0,0,0,0,0,3,0,5,1,0.03,0.0,42,1,probabilistic,9,143
5,"DoubleCrosser: (D, D)",1.875,1.0,0.0,1.0,0.6517857142857143,0.3482142857142857,0.0,0.0,0,0,0,0,3,0,5,1,0.03,0.0,42,1,probabilistic,9,143
6,Grudger,1.875,1.0,0.0,1.0,0.6488095238095238,0.3511904761904762,0.0,0.0,0,0,0,0,3,0,5,1,0.03,0.0,42,1,probabilistic,9,143
7,Evolved FSM 16,1.875,1.0,0.0,1.0,0.6428571428571428,0.35714285714285715,0.0,0.0,0,0,0,0,3,0,5,1,0.03,0.0,42,1,probabilistic,9,143
8,Alternator,1.875,1.0,0.0,1.0,0.6547619047619048,0.34523809523809523,0.0,0.0,0,0,0,0,3,0,5,1,0.03,0.0,42,1,probabilistic,9,143
0,Grudger,2.6452020202020203,0.4796735680822125,4.0,1.0,0.40492013108433667,0.07398915118075054,0.2288234860740072,0.2922672316609056,1.0,0.0,0.0,0.0,3,0,5,1,0.09,0.01,70,9,probabilistic,12,144
1,Evolved HMM 5,2.554473304473304,0.6740081460250414,3.0,1.0,0.5210854236820442,0.15163190863971385,0.16904235583605393,0.15824031184218804,0.998630201028518,0.5102471094577645,0.013888888888888888,0.21270380827467583,3,0,5,1,0.09,0.01,70,9,probabilistic,12,144
2,Meta Winner: 11 players,2.383838383838384,0.2900374531835206,8.0,1.0,0.18324742850834463,0.106620856871523,0.28146134825337127,0.4286703663667611,0.6465344633789128,0.5193668160915984,0.043887735735330516,0.013668966202909355,3,0,5,1,0.09,0.01,70,9,probabilistic,12,144
3,Tit For Tat,2.3434343434343434,0.6736857825567503,0.0,1.0,0.47169578861070965,0.19977409046984035,0.15268245543979161,0.17584766547965838,1.0,0.0,1.0,0.0,3,0,5,1,0.09,0.01,70,9,probabilistic,12,144
4,Defector,2.3246753246753245,0.0,9.0,0.0,0.0,0.0,0.3205165145160327,0.6794834854839672,0.0,0.0,0.0,0.0,3,0,5,1,0.09,0.01,70,9,probabilistic,12,144
5,Soft Joss: 0.9,2.292929292929293,0.6999550830962719,0.0,1.0,0.4894983986696746,0.2108483536129887,0.13213884782133575,0.16751439989600092,1.0,0.09918845568778886,1.0,0.09711188698815246,3,0,5,1,0.09,0.01,70,9,probabilistic,12,144
6,Suspicious Tit For Tat,2.242424242424242,0.41770442610652664,6.0,0.0,0.24237068220007185,0.17315627903370742,0.23166872985210105,0.3528043089141197,1.0,0.0,1.0,0.0,3,0,5,1,0.09,0.01,70,9,probabilistic,12,144
7,"DoubleCrosser: (D, D)",2.1717171717171717,0.8330820265379976,0.0,1.0,0.5802553783030876,0.2515402787012087,0.06582915974400297,0.10237518325170077,1.0,0.8007410456417859,0.0,0.0,3,0,5,1,0.09,0.01,70,9,probabilistic,12,144
8,Cycler DC,2.1226551226551225,0.44489550443542325,4.0,0.0,0.13458675400340084,0.3102941756580007,0.289566813185307,0.26555225715329145,0.0,0.0,1.0,1.0,3,0,5,1,0.09,0.01,70,9,probabilistic,12,144
9,Random: 0.5,2.0517676767676765,0.5038065382892969,4.0,0.4961038961038961,0.225947093834262,0.277833691111266,0.21575910534851558,0.2804601097059564,0.5235660763741883,0.5004470366158816,0.5008001593325218,0.4999947811275144,3,0,5,1,0.09,0.01,70,9,probabilistic,12,144
10,Win-Shift Lose-Stay: D,1.9938672438672438,0.4972867048537835,3.0,0.0,0.18330869180437667,0.313689739904437,0.23277106842312473,0.27023049986806164,0.0,1.0,1.0,0.0,3,0,5,1,0.09,0.01,70,9,probabilistic,12,144
11,Anti Tit For Tat,1.6717171717171717,0.6375637563756376,2.0,1.0,0.21762544943715206,0.42024262199811807,0.16936126268791057,0.19277066587681935,0.0,1.0,0.0,1.0,3,0,5,1,0.09,0.01,70,9,probabilistic,12,144
0,Defector,2.926665147717779,0.0,17.0,0.0,0.0,0.0,0.40511422374409944,0.5948857762559006,0.0,0.0,0.0,0.0,3,0,5,1,0.01,0.09,25,46,probabilistic,20,145
1,Grudger,2.7479881769641494,0.5640718562874252,5.0,1.0,0.5092065878098153,0.048721174749853706,0.2143717512130097,0.2277004862273213,1.0,0.0,0.0,0.0,3,0,5,1,0.01,0.09,25,46,probabilistic,20,145
2,Evolved FSM 16,2.604558745348219,0.7057728119180633,3.0,1.0,0.5575919854111011,0.12892340517732576,0.1958346986140547,0.11764991079751845,0.9347473560517038,0.4284371215713447,0.3336277651157861,0.2936324116408943,3,0,5,1,0.01,0.09,25,46,probabilistic,20,145
3,Bully,2.599425820861376,0.47267267267267266,10.0,0.0,0.15709568197756543,0.3330055651364117,0.2981945778160581,0.21170417506996478,0.0,1.0,0.0,1.0,3,0,5,1,0.01,0.09,25,46,probabilistic,20,145
4,Suspicious Tit For Tat,2.5706372822229366,0.4868615840118431,10.0,0.0,0.3134674817085112,0.18299261436644496,0.23215082698607742,0.27138907693896636,1.0,0.0,1.0,0.0,3,0,5,1,0.01,0.09,25,46,probabilistic,20,145
5,Cycler DC,2.551270920522998,0.4765702891326022,9.0,0.0,0.18426615287167206,0.2905300874700869,0.29764582753173824,0.22755793212650274,0.0,0.0,1.0,1.0,3,0,5,1,0.01,0.09,25,46,probabilistic,20,145
6,Evolved HMM 5,2.5227732793522266,0.6602316602316602,3.0,1.0,0.5772243160102192,0.0978399283593211,0.18788350029698633,0.1370522553334734,1.0,0.4970726339332434,0.0,0.17880498706186781,3,0,5,1,0.01,0.09,25,46,probabilistic,20,145
7,Soft Joss: 0.9,2.49703425229741,0.7440952566855358,0.0,1.0,0.5850964141774635,0.17214048642601318,0.12191257314319094,0.12085052625333233,1.0,0.10349377517119626,1.0,0.09141734964746588,3,0,5,1,0.01,0.09,25,46,probabilistic,20,145
8,Meta Winner: 18 players,2.4816485658590923,0.2396756552894588,11.0,1.0,0.15412830833686741,0.0936778476634117,0.3405818088459009,0.41161203515381994,0.614126286793305,0.3959252394491808,0.025745708436594118,0.10949980315926588,3,0,5,1,0.01,0.09,25,46,probabilistic,20,145
9,"DoubleCrosser: (D, D)",2.4595765730114763,0.7280071813285458,3.0,1.0,0.6111387894242792,0.13015488689453,0.14116327267739975,0.11754305100379095,1.0,0.8251265523342297,0.0,0.0,3,0,5,1,0.01,0.09,25,46,probabilistic,20,145
10,Win-Stay Lose-Shift,2.4594421820831833,0.7406417112299465,1.0,1.0,0.5802745254570318,0.1639937537404576,0.11435160733421015,0.1413801134683004,1.0,0.0,0.0,1.0,3,0,5,1,0.01,0.09,25,46,probabilistic,20,145
11,Win-Shift Lose-Stay: D,2.4329809662526043,0.5429526243365441,9.0,0.0,0.2048937464897628,0.3333933299511398,0.2611873387150815,0.20052558484401595,0.0,1.0,1.0,0.0,3,0,5,1,0.01,0.09,25,46,probabilistic,20,145
12,Tit For Tat,2.430419799498747,0.7343023255813953,0.0,1.0,0.5622600300003511,0.16945165435583662,0.1389566491993169,0.12933166644449534,1.0,0.0,1.0,0.0,3,0,5,1,0.01,0.09,25,46,probabilistic,20,145
13,Alternator,2.420411508569403,0.5237734419397613,6.0,1.0,0.23300581063866213,0.29154634862019024,0.2689666802830159,0.20648116045813172,0.0,0.0,1.0,1.0,3,0,5,1,0.01,0.09,25,46,probabilistic,20,145
14,Meta Mixer: 18 players,2.409345732752935,0.524904214559387,8.0,0.7052631578947368,0.3042395656070392,0.21949941846499074,0.22049852495645186,0.2557624909715182,0.6281841671326955,0.39458620799268146,0.567725393717071,0.3882575285082215,3,0,5,1,0.01,0.09,25,46,probabilistic,20,145
15,GTFT: 0.33,2.3815350877192984,0.8227973133148953,0.0,1.0,0.6280755992626382,0.20036810623689788,0.08429732570192533,0.08725896879853863,1.0,0.3372511514797861,1.0,0.35156194546340097,3,0,5,1,0.01,0.09,25,46,probabilistic,20,145
16,Random: 0.5,2.359262360446571,0.5052990838871924,8.0,0.5052631578947369,0.24589293553808014,0.26075705413203676,0.2401535807439389,0.2531964295859442,0.5132320963159408,0.5032954228786674,0.49808690764862973,0.5178623550071412,3,0,5,1,0.01,0.09,25,46,probabilistic,20,145
17,Tit For 2 Tats,2.257788195184317,0.8854616895874263,0.0,1.0,0.6797257083584372,0.19550355427777158,0.03038727159771425,0.09438346576607701,1.0,0.7521853862982895,1.0,0.0,3,0,5,1,0.01,0.09,25,46,probabilistic,20,145
18,Anti Tit For Tat,2.215046752353254,0.6012388695315525,7.0,1.0,0.2266749813073173,0.3769841372999051,0.21588096883679003,0.18045991255598753,0.0,1.0,0.0,1.0,3,0,5,1,0.01,0.09,25,46,probabilistic,20,145
19,Cooperator,2.061239511823036,1.0,0.0,1.0,0.6799503450856651,0.32004965491433496,0.0,0.0,1.0,1.0,0.0,0.0,3,0,5,1,0.01,0.09,25,46,probabilistic,20,145
0,Bully,3.054563492063492,0.36155606407322655,10.0,0.0,0.1489107519521883,0.21463376123826453,0.42089260213026,0.21556288467928722,0.0,1.0,0.0,1.0,3,0,5,1,0.02,0.09,24,9,probabilistic,16,146
1,Suspicious Tit For Tat,2.8923809523809525,0.5330168321104877,11.0,0.0,0.3478565896148329,0.19727770332047853,0.31161119613916477,0.14325451092552377,1.0,0.0,1.0,0.0,3,0,5,1,0.02,0.09,24,9,probabilistic,16,146
2,Win-Shift Lose-Stay: D,2.8736640211640214,0.4931212381771281,9.0,0.0,0.2670329507185274,0.2333700543135315,0.3569936750264917,0.14260331994144945,0.0,1.0,1.0,0.0,3,0,5,1,0.02,0.09,24,9,probabilistic,16,146
3,Evolved FSM 16,2.827314814814815,0.75825117873982,3.0,1.0,0.6379564273932011,0.11218806305234467,0.2018617680815881,0.047993741472866135,0.9672549672549672,0.3994145436628698,0.6139376218323587,0.375,3,0,5,1,0.02,0.09,24,9,probabilistic,16,146
4,Evolved HMM 5,2.7751851851851854,0.7876106194690266,3.0,1.0,0.6755258860340341,0.10400874744506795,0.16880057603530152,0.05166479048559654,1.0,0.4789024768335112,0.0,0.11538461538461539,3,0,5,1,0.02,0.09,24,9,probabilistic,16,146
5,Alternator,2.7575925925925926,0.5613636363636364,6.0,1.0,0.34022887449396305,0.22168542897479132,0.31684567530927304,0.12124002122197261,0.0,0.0,1.0,1.0,3,0,5,1,0.02,0.09,24,9,probabilistic,16,146
6,Tit For Tat,2.6648148148148145,0.8153580672993961,0.0,1.0,0.663929678346556,0.15767393742765093,0.13068670869996366,0.04770967552582935,1.0,0.0,1.0,0.0,3,0,5,1,0.02,0.09,24,9,probabilistic,16,146
7,Soft Joss: 0.9,2.658465608465608,0.8404619332763046,0.0,1.0,0.6792923660921674,0.15907897606179258,0.1133353521179516,0.048293305728088334,1.0,0.10264313858808258,1.0,0.14032567049808428,3,0,5,1,0.02,0.09,24,9,probabilistic,16,146
8,Win-Stay Lose-Shift,2.594444444444444,0.8089838639337112,1.0,1.0,0.6725702995124052,0.12957240952978416,0.10244184542168698,0.09541544553612363,1.0,0.0,0.0,1.0,3,0,5,1,0.02,0.09,24,9,probabilistic,16,146
9,Meta Mixer: 14 players,2.587037037037037,0.6835164835164835,5.0,0.7944444444444444,0.49610320264305957,0.18702386073478736,0.19764498368232242,0.11922795293983073,0.7315269563420724,0.4738767766331933,0.7491317446446462,0.4451178972012306,3,0,5,1,0.02,0.09,24,9,probabilistic,16,146
10,GTFT: 0.33,2.524338624338624,0.8810148731408574,0.0,1.0,0.7057071282045015,0.1758953396973557,0.0763523012222173,0.04204523087592539,1.0,0.3551604267426226,1.0,0.3784228678929766,3,0,5,1,0.02,0.09,24,9,probabilistic,16,146
11,Anti Tit For Tat,2.507037037037037,0.5166666666666667,7.0,1.0,0.26398732994237206,0.2576170498385816,0.2932037532608321,0.18519186695821424,0.0,1.0,0.0,1.0,3,0,5,1,0.02,0.09,24,9,probabilistic,16,146
12,Meta Winner: 14 players,2.4985052910052907,0.6236418948283355,6.0,1.0,0.35037079622052875,0.26922962263140515,0.2577185136499202,0.12268106749814583,0.6041598600832574,0.8650662879274381,0.8058823529411765,0.9173553719008264,3,0,5,1,0.02,0.09,24,9,probabilistic,16,146
13,Tit For 2 Tats,2.4600925925925923,0.9364799294221438,0.0,1.0,0.7624734478406106,0.17503860408861938,0.028099034617439525,0.03438891345333063,1.0,0.7957160676289006,1.0,0.0,3,0,5,1,0.02,0.09,24,9,probabilistic,16,146
14,"DoubleCrosser: (D, D)",2.4592592592592593,0.9230080572963295,0.0,1.0,0.7340551925881987,0.18720759231935957,0.06035270105575378,0.01838451403668795,1.0,0.8615820471798733,0.0,0.0,3,0,5,1,0.02,0.09,24,9,probabilistic,16,146
15,Cooperator,2.286666666666667,1.0,0.0,1.0,0.7446604642236481,0.2553395357763519,0.0,0.0,1.0,1.0,0.0,0.0,3,0,5,1,0.02,0.09,24,9,probabilistic,16,146
0,Grudger,2.8249183006535947,0.5830072666294019,5.0,1.0,0.5232559177634934,0.04313362875398325,0.2428413083203916,0.19076914516213161,1.0,0.0,0.0,0.0,3,0,5,1,0.05,0.08,17,36,probabilistic,19,147
1,Defector,2.810303893637227,0.0,16.0,0.0,0.0,0.0,0.41540128725836895,0.584598712741631,0.0,0.0,0.0,0.0,3,0,5,1,0.05,0.08,17,36,probabilistic,19,147
2,Evolved HMM 5,2.7198382635882634,0.671602326811211,4.0,1.0,0.5982146855570794,0.08191625137101638,0.19888383852512437,0.12098522454677989,1.0,0.4868628615452572,0.0,0.1883448540706605,3,0,5,1,0.05,0.08,17,36,probabilistic,19,147
3,Evolved FSM 16,2.6164631664631663,0.674006116207951,4.0,1.0,0.5667094280284188,0.11209084248806644,0.21841473802157346,0.10278499146194116,0.9183063591181344,0.4508233755145335,0.36474668566960977,0.28193111418139893,3,0,5,1,0.05,0.08,17,36,probabilistic,19,147
4,Suspicious Tit For Tat,2.5492412384729386,0.5174906042208731,10.0,0.0,0.31092282448433706,0.20383651392632054,0.25327243070767425,0.23196823088166818,1.0,0.0,1.0,0.0,3,0,5,1,0.05,0.08,17,36,probabilistic,19,147
5,Bully,2.545587527940469,0.46812806460917217,9.0,0.0,0.16875457361235718,0.3140670218094719,0.2958315469324624,0.22134685764570852,0.0,1.0,0.0,1.0,3,0,5,1,0.05,0.08,17,36,probabilistic,19,147
6,Cycler DC,2.541256630735208,0.4787976382179281,8.0,0.0,0.18769754918431822,0.29093203801395484,0.3028883539626384,0.21848205883908847,0.0,0.0,1.0,1.0,3,0,5,1,0.05,0.08,17,36,probabilistic,19,147
7,Tit For Tat,2.5278739979826934,0.7628025477707007,0.0,1.0,0.5755297230903952,0.16882207785357486,0.14627812960848652,0.10937006944754345,1.0,0.0,1.0,0.0,3,0,5,1,0.05,0.08,17,36,probabilistic,19,147
8,Win-Stay Lose-Shift,2.494269891328715,0.7442585766940742,1.0,1.0,0.5950826888434524,0.15267274941166145,0.12209490902060662,0.1301496527242796,1.0,0.0,0.0,1.0,3,0,5,1,0.05,0.08,17,36,probabilistic,19,147
9,Soft Joss: 0.9,2.487767542914602,0.7939493049877351,0.0,1.0,0.613498510015916,0.17281881014793535,0.1228050391023468,0.09087764073380168,1.0,0.11077819190449972,1.0,0.09098983200707339,3,0,5,1,0.05,0.08,17,36,probabilistic,19,147
10,Win-Shift Lose-Stay: D,2.416830955756394,0.5513249292513507,9.0,0.0,0.20807909976059172,0.3339245170199526,0.2546071494003575,0.2033892338190982,0.0,1.0,1.0,0.0,3,0,5,1,0.05,0.08,17,36,probabilistic,19,147
11,"DoubleCrosser: (D, D)",2.4149911816578484,0.7518045530260966,2.0,1.0,0.6343666442342057,0.12169813598128457,0.14907391221119998,0.09486130757330975,1.0,0.8256082059138202,0.0,0.0,3,0,5,1,0.05,0.08,17,36,probabilistic,19,147
12,Meta Mixer: 18 players,2.3988429828780706,0.5319759853824066,8.0,0.7058823529411765,0.31925979866404824,0.21475688536355453,0.22257038327848003,0.2434129326939171,0.6318805138190998,0.40903396506829787,0.5571615598348272,0.40098398276184044,3,0,5,1,0.05,0.08,17,36,probabilistic,19,147
13,Random: 0.5,2.393595030604834,0.49564484405731946,8.0,0.5261437908496732,0.2457419171882804,0.24890674094700507,0.2616806991876281,0.2436706426770865,0.4677847100748449,0.5186088837866918,0.4704958030545275,0.5167726368293508,3,0,5,1,0.05,0.08,17,36,probabilistic,19,147
14,GTFT: 0.33,2.388888888888889,0.8127721335268505,0.0,1.0,0.6384663128225299,0.1915911648155375,0.08897813215008823,0.08096439021184441,1.0,0.3092358621394066,1.0,0.3066438859353228,3,0,5,1,0.05,0.08,17,36,probabilistic,19,147
15,Alternator,2.3505519879933776,0.520978120978121,6.0,1.0,0.22848995400308725,0.2937209318303146,0.2679481019408777,0.2098410122257204,0.0,0.0,1.0,1.0,3,0,5,1,0.05,0.08,17,36,probabilistic,19,147
16,Tit For 2 Tats,2.31076685660019,0.8947063928261498,0.0,1.0,0.7157297872886902,0.18037865440915368,0.0278665790803571,0.07602497922179913,1.0,0.778729021046665,1.0,0.0,3,0,5,1,0.05,0.08,17,36,probabilistic,19,147
17,Anti Tit For Tat,2.1343665350244296,0.6068031132891323,7.0,1.0,0.22575037859465028,0.3777728850091015,0.21089710471040848,0.18557963168583974,0.0,1.0,0.0,1.0,3,0,5,1,0.05,0.08,17,36,probabilistic,19,147
18,Cooperator,2.0658730158730156,1.0,0.0,1.0,0.7007062057328187,0.2992937942671812,0.0,0.0,1.0,1.0,0.0,0.0,3,0,5,1,0.05,0.08,17,36,probabilistic,19,147
0,"DoubleCrosser: (D, D)",2.9692640692640695,0.587012987012987,4.0,1.0,0.5761904761904761,0.01082251082251082,0.20666987333653997,0.206317139650473,1.0,0.7857142857142857,0.0,0.0,3,0,5,1,0.06,0.0,54,165,probabilistic,15,148
1,Evolved HMM 5,2.922294372294372,0.6355619688953023,4.0,1.0,0.5800785634118968,0.055483405483405496,0.20447330447330456,0.1599647266313933,0.998062015503876,0.545950228222998,0.013783403656821378,0.20517692029324816,3,0,5,1,0.06,0.0,54,165,probabilistic,15,148
2,Evolved FSM 16,2.8675324675324676,0.6478274811608145,4.0,1.0,0.5276655443322109,0.12016193682860347,0.23316498316498313,0.11900753567420232,0.9484704145981484,0.561827650432929,0.21125123962628525,0.474048397970402,3,0,5,1,0.06,0.0,54,165,probabilistic,15,148
3,Meta Winner: 14 players,2.677056277056277,0.01859066859066859,12.0,1.0,0.011135161135161135,0.007455507455507456,0.4072871572871573,0.5741221741221741,0.5135764698392373,0.34163951341370696,0.007508964671649679,0.009612443998787107,3,0,5,1,0.06,0.0,54,165,probabilistic,15,148
4,Tit For Tat,2.5103896103896104,0.6940997274330608,0.0,1.0,0.5609267275933942,0.13317299983966652,0.13073593073593073,0.1751643418310085,1.0,0.0,1.0,0.0,3,0,5,1,0.06,0.0,54,165,probabilistic,15,148
5,Soft Joss: 0.9,2.5025974025974023,0.7501362834696168,0.0,1.0,0.6304232804232804,0.11971300304633638,0.0899390732724066,0.1599246432579766,1.0,0.10159523042512537,1.0,0.10236728371818092,3,0,5,1,0.06,0.0,54,165,probabilistic,15,148
6,Win-Stay Lose-Shift,2.49004329004329,0.716017316017316,2.0,1.0,0.5609427609427609,0.1550745550745551,0.1305355138688472,0.15344717011383677,1.0,0.0,0.0,1.0,3,0,5,1,0.06,0.0,54,165,probabilistic,15,148
7,Defector,2.4199134199134202,0.0,12.0,0.0,0.0,0.0,0.3552509219175886,0.6447490780824114,0.0,0.0,0.0,0.0,3,0,5,1,0.06,0.0,54,165,probabilistic,15,148
8,GTFT: 0.33,2.4025974025974026,0.8113596280262947,0.0,1.0,0.6492544492544493,0.16210517877184547,0.06626583293249959,0.12237453904120572,1.0,0.3352342182208707,1.0,0.33185951516494044,3,0,5,1,0.06,0.0,54,165,probabilistic,15,148
9,Suspicious Tit For Tat,2.3008658008658007,0.5648228314894982,7.0,0.0,0.4058441558441558,0.15897867564534232,0.16220939554272884,0.2729677729677729,1.0,0.0,1.0,0.0,3,0,5,1,0.06,0.0,54,165,probabilistic,15,148
10,Cooperator,2.033766233766234,1.0,0.0,1.0,0.6779060445727112,0.32209395542728875,0.0,0.0,1.0,1.0,0.0,0.0,3,0,5,1,0.06,0.0,54,165,probabilistic,15,148
11,Cycler DC,1.8822510822510823,0.49696969696969695,6.0,0.0,0.14269680936347603,0.35427288760622094,0.23811127144460476,0.26491903158569824,0.0,0.0,1.0,1.0,3,0,5,1,0.06,0.0,54,165,probabilistic,15,148
12,Random: 0.5,1.8813852813852814,0.5010181176847843,5.0,0.503968253968254,0.19749879749879753,0.3035193201859868,0.1981080647747314,0.30087381754048426,0.4960552217164164,0.5050715237060938,0.4969333120657909,0.5003661532823394,3,0,5,1,0.06,0.0,54,165,probabilistic,15,148
13,Bully,1.6844155844155844,0.6259098925765593,5.0,0.0,0.17113997113997115,0.4547699214365882,0.19933461600128266,0.1747554914221581,0.0,1.0,0.0,1.0,3,0,5,1,0.06,0.0,54,165,probabilistic,15,148
14,Win-Shift Lose-Stay: D,1.5995670995670994,0.6120570787237454,4.5,0.0,0.1721420554753888,0.4399150232483566,0.17545294211960877,0.21248997915664583,0.0,1.0,1.0,0.0,3,0,5,1,0.06,0.0,54,165,probabilistic,15,148
0,Defector,2.906397151040197,0.0,15.0,0.0,0.0,0.0,0.39059592964224954,0.6094040703577505,0.0,0.0,0.0,0.0,3,0,5,1,0.01,0.05,17,144,probabilistic,16,149
1,Grudger,2.7038449328449325,0.6851496546431313,3.0,1.0,0.6215830986984484,0.021238071838295243,0.14065586412574216,0.2165229653375141,1.0,0.0,0.0,0.0,3,0,5,1,0.01,0.05,17,144,probabilistic,16,149
2,Evolved HMM 5,2.693406416449895,0.6879053796260969,3.0,1.0,0.6360201613570832,0.06775553366509124,0.13302147487415394,0.16320283010367165,1.0,0.3873974281415298,0.0,0.1953370560643288,3,0,5,1,0.01,0.05,17,144,probabilistic,16,149
3,Evolved FSM 16,2.6394379974211906,0.7421396488362597,3.0,1.0,0.6404673883294861,0.10571919712618144,0.12369773772533281,0.1301156768189996,0.9328728989745938,0.44838388416736563,0.2168400858450361,0.3668797783631544,3,0,5,1,0.01,0.05,17,144,probabilistic,16,149
4,"DoubleCrosser: (D, D)",2.602607499140007,0.6807881773399015,2.0,1.0,0.6622463243926421,0.06287320178659098,0.10833922593026395,0.16654124789050304,1.0,0.7859779933029025,0.06666666666666667,0.0,3,0,5,1,0.01,0.05,17,144,probabilistic,16,149
5,Tit For Tat,2.5908492614067526,0.7623951182303585,0.0,1.0,0.6508680406800403,0.10549287492464146,0.09389826750791364,0.14974081688740448,1.0,0.0,1.0,0.0,3,0,5,1,0.01,0.05,17,144,probabilistic,16,149
6,Meta Winner: 14 players,2.544319428207365,0.09977960328591465,13.0,1.0,0.08781617888950659,0.016457732746473656,0.33255738539077473,0.563168702973245,0.5905920485635127,0.6333333333333333,0.0,0.0,3,0,5,1,0.01,0.05,17,144,probabilistic,16,149
7,Soft Joss: 0.9,2.513526673827426,0.7848472983555208,0.0,1.0,0.6581539465997223,0.12359423229479134,0.08307763765506085,0.13517418345042556,1.0,0.11078420947220984,1.0,0.11489630197789194,3,0,5,1,0.01,0.05,17,144,probabilistic,16,149
8,GTFT: 0.33,2.4722796120736623,0.8597033374536465,0.0,1.0,0.6845790473584169,0.15683447088950703,0.05989297871819362,0.09869350303388237,1.0,0.32999966580032425,1.0,0.3819112815823342,3,0,5,1,0.01,0.05,17,144,probabilistic,16,149
9,Win-Stay Lose-Shift,2.4611528822055138,0.8373817912108289,0.0,1.0,0.6882733895480464,0.13704804163574777,0.04589587559161596,0.12878269322458993,1.0,0.0,0.0,1.0,3,0,5,1,0.01,0.05,17,144,probabilistic,16,149
10,Cycler DC,2.4536157197921904,0.4873405299313052,8.0,0.0,0.16312624584073074,0.32325973139474934,0.2775327191462009,0.23608130361831903,0.0,0.0,1.0,1.0,3,0,5,1,0.01,0.05,17,144,probabilistic,16,149
11,Meta Mixer: 14 players,2.410529463756008,0.5393518518518519,6.0,0.8666666666666667,0.33137708986072323,0.2094525210823785,0.1944195284502668,0.2647508606066315,0.6768282684815375,0.36948576697797436,0.6420885817846708,0.3608542427406859,3,0,5,1,0.01,0.05,17,144,probabilistic,16,149
12,Tit For 2 Tats,2.388359788359788,0.8476430976430976,0.0,1.0,0.7332474344763076,0.12367503639906131,0.012665343915343914,0.13041218520928713,1.0,0.736081565436404,1.0,0.0,3,0,5,1,0.01,0.05,17,144,probabilistic,16,149
13,Alternator,2.2898870031628653,0.5136219640971489,5.0,1.0,0.18588184513302272,0.32900840269353143,0.25587630755521645,0.22923344461822945,0.0,0.0,1.0,1.0,3,0,5,1,0.01,0.05,17,144,probabilistic,16,149
14,Cooperator,2.2509077878643096,1.0,0.0,1.0,0.7353796842110152,0.26462031578898476,0.0,0.0,1.0,1.0,0.0,0.0,3,0,5,1,0.01,0.05,17,144,probabilistic,16,149
15,Anti Tit For Tat,2.0132660630165873,0.6407674772036475,5.0,1.0,0.19524968350654257,0.41899946843312413,0.21390255647082043,0.17184829158951295,0.0,1.0,0.0,1.0,3,0,5,1,0.01,0.05,17,144,probabilistic,16,149
0,Evolved FSM 16,2.983458646616541,0.3191399066346018,1.0,1.0,0.14164048624740974,0.18687411681087415,0.531401576316406,0.14008382062531,0.5652173913043478,0.6265448810000236,0.5794902912621359,0.19769874476987448,3,0,5,1,0.01,0.04,87,155,probabilistic,4,150
1,Suspicious Tit For Tat,2.4015873015873015,0.5065502183406113,2.0,0.0,0.23594280423068503,0.26798770272800476,0.2913497260932825,0.20471976694802785,1.0,0.0,1.0,0.0,3,0,5,1,0.01,0.04,87,155,probabilistic,4,150
2,Meta Mixer: 3 players,2.1025641025641026,0.42337219220926925,1.0,0.2950191570881226,0.16373786365422785,0.2585664472695237,0.2542699158944494,0.32342577318179905,0.4517701175362636,0.44664121355907477,0.39843855336499123,0.4318821635417502,3,0,5,1,0.01,0.04,87,155,probabilistic,4,150
3,Bully,1.4710201940729084,0.6778311805346952,0.0,0.0,0.15323248932981082,0.5151660764314561,0.1515731249357207,0.1800283093030124,0.0,1.0,0.0,1.0,3,0,5,1,0.01,0.04,87,155,probabilistic,4,150
0,Suspicious Tit For Tat,3.069444444444444,0.6954314720812182,2.0,0.0,0.4498069498069498,0.23447537473233404,0.31571767546071616,0.0,1.0,0.0,1.0,0,3,0,5,1,0.05,0.09,52,78,probabilistic,3,151
1,Cooperator,2.785714285714286,1.0,0.0,1.0,0.9498069498069498,0.05019305019305019,0.0,0.0,1.0,1.0,0.0,0,3,0,5,1,0.05,0.09,52,78,probabilistic,3,151
2,Meta Winner: 2 players,2.66025641025641,0.7890173410404624,0.0,1.0,0.5,0.26552462526766596,0.23447537473233404,0.0,1.0,0.0,1.0,0,3,0,5,1,0.05,0.09,52,78,probabilistic,3,151
0,Win-Stay Lose-Shift,2.9791666666666665,0.7760324296934381,1.0,1.0,0.6946517412935324,0.07565515985521883,0.17405155504896208,0.05564154380228674,1.0,0.0,0.0,1.0,3,0,5,1,0.07,0.08,41,179,probabilistic,9,152
1,Evolved HMM 5,2.95,0.8455589407077572,1.0,1.0,0.8351092234294911,0.034495373900396774,0.11527194587998849,0.015123456790123453,1.0,0.645326278659612,0.0,0.13953488372093023,3,0,5,1,0.07,0.08,41,179,probabilistic,9,152
2,Evolved FSM 16,2.8779761904761907,0.8589003263871454,1.0,1.0,0.7413876640996249,0.09261583732396053,0.15070013146360398,0.015296367112810707,0.9887352790578597,0.5504879735648966,0.5569780408303311,0.4067796610169492,3,0,5,1,0.07,0.08,41,179,probabilistic,9,152
3,GTFT: 0.33,2.8120535714285717,0.9453869393446432,0.0,1.0,0.8420610436066526,0.09581190216865579,0.058316078614935596,0.0038109756097560975,1.0,0.3130815544608648,1.0,0.35714285714285715,3,0,5,1,0.07,0.08,41,179,probabilistic,9,152
4,Tit For Tat,2.8050766283524906,0.838950409244102,0.0,1.0,0.7274825651910249,0.13085859531564387,0.12015148655215484,0.021507352941176474,1.0,0.0,1.0,0.0,3,0,5,1,0.07,0.08,41,179,probabilistic,9,152
5,Tit For 2 Tats,2.699519230769231,1.0,0.0,1.0,0.9143756909291907,0.08562430907080933,0.0,0.0,1.0,1.0,0.0,0.0,3,0,5,1,0.07,0.08,41,179,probabilistic,9,152
6,Meta Mixer: 8 players,2.670208333333333,0.6672616012238654,2.0,0.774390243902439,0.5494831254044361,0.13691711002906798,0.15613892181717773,0.1574608427493182,0.8408500613012114,0.2991003049982347,0.7814487565172723,0.2860966701950147,3,0,5,1,0.07,0.08,41,179,probabilistic,9,152
7,Suspicious Tit For Tat,2.624307677616501,0.5629328875089563,5.0,0.0,0.3727717697185058,0.18783247952772908,0.23621655736158997,0.20317919339217513,1.0,0.0,1.0,0.0,3,0,5,1,0.07,0.08,41,179,probabilistic,9,152
8,Win-Shift Lose-Stay: D,2.2652439024390243,0.5983854692230071,3.0,0.0,0.18250590811944928,0.40927447041071036,0.23823856086377976,0.1699810606060606,0.0,1.0,1.0,0.0,3,0,5,1,0.07,0.08,41,179,probabilistic,9,152
0,Evolved HMM 5,2.7446810732136817,0.6811127304338933,3.0,1.0,0.6395954650700038,0.057935660512231646,0.1410237512545971,0.1614451231631675,0.9994239631336406,0.5118987480284234,0.011073253833049404,0.19472349716810033,3,0,5,1,0.04,0.03,75,128,probabilistic,17,153
1,Grudger,2.7171189066215473,0.5798938750030013,4.0,1.0,0.5702417471665696,0.012503733380059664,0.15115190878078286,0.26610261067258806,1.0,0.0,0.0,0.0,3,0,5,1,0.04,0.03,75,128,probabilistic,17,153
2,Evolved FSM 16,2.68957519312584,0.7138152736396425,3.0,1.0,0.5998484459599559,0.1076173821739733,0.1598286896026337,0.13270548226343715,0.9134574267925561,0.5166437642178446,0.24574240301773037,0.3297177298611271,3,0,5,1,0.04,0.03,75,128,probabilistic,17,153
3,"DoubleCrosser: (D, D)",2.638991289718034,0.6966682496438301,3.0,1.0,0.6463637289034885,0.04374176808215058,0.1292018931690807,0.18069260984528024,1.0,0.7956535294859673,0.0,0.0,3,0,5,1,0.04,0.03,75,128,probabilistic,17,153
4,Defector,2.579642570066269,0.0,15.0,0.0,0.0,0.0,0.3564661960861432,0.6435338039138567,0.0,0.0,0.0,0.0,3,0,5,1,0.04,0.03,75,128,probabilistic,17,153
5,Tit For Tat,2.553944646040234,0.7243440881466475,0.0,1.0,0.5989476088307205,0.13164533372578996,0.12352673362687924,0.14588032381661026,1.0,0.0,1.0,0.0,3,0,5,1,0.04,0.03,75,128,probabilistic,17,153
6,Soft Joss: 0.9,2.5231956845238095,0.7727935910019365,0.0,1.0,0.6449259994725844,0.12874678935997566,0.0951803057747046,0.13114690539273538,1.0,0.09368424073893312,1.0,0.09889404820620987,3,0,5,1,0.04,0.03,75,128,probabilistic,17,153
7,Suspicious Tit For Tat,2.5117082808495086,0.5673154294910481,10.0,0.0,0.3871330372151359,0.18193950914280327,0.20001234008554256,0.23091511355651823,1.0,0.0,1.0,0.0,3,0,5,1,0.04,0.03,75,128,probabilistic,17,153
8,GTFT: 0.33,2.4582626311871416,0.8344491624768802,0.0,1.0,0.6805137904934078,0.15539661103741534,0.064458940179875,0.09963065828930194,1.0,0.32954690640213485,1.0,0.34038236828457036,3,0,5,1,0.04,0.03,75,128,probabilistic,17,153
9,Meta Winner: 16 players,2.4056790594749446,0.08978707127374728,11.0,1.0,0.057826635683189534,0.03333333552494063,0.32157671840619334,0.5872633103856766,0.5000184226296278,0.34556654534852754,0.019570703824754468,0.028954029615829525,3,0,5,1,0.04,0.03,75,128,probabilistic,17,153
10,Tit For 2 Tats,2.403954949410206,0.8504326959895847,0.0,1.0,0.7277461591215436,0.12479101322238356,0.020798879385161437,0.12666394827091138,1.0,0.743911846670115,1.0,0.0,3,0,5,1,0.04,0.03,75,128,probabilistic,17,153
11,Win-Stay Lose-Shift,2.380065012398493,0.7831107366751741,0.0,1.0,0.6352995641565461,0.1516405419386504,0.06751919772957207,0.1455406961752314,1.0,0.0,0.0,1.0,3,0,5,1,0.04,0.03,75,128,probabilistic,17,153
12,Cycler DC,2.2658167561082596,0.49263091113171636,6.0,0.0,0.15023679758105027,0.3422586132501407,0.2723634694947009,0.23514111967410814,0.0,0.0,1.0,1.0,3,0,5,1,0.04,0.03,75,128,probabilistic,17,153
13,Alternator,2.1869024918445352,0.5077565944110733,5.0,1.0,0.16572408841430183,0.34215320111790454,0.2644344416559923,0.22768826881180126,0.0,0.0,1.0,1.0,3,0,5,1,0.04,0.03,75,128,probabilistic,17,153
14,Cooperator,2.1632817612569966,1.0,0.0,1.0,0.7206319734372111,0.2793680265627889,0.0,0.0,1.0,1.0,0.0,0.0,3,0,5,1,0.04,0.03,75,128,probabilistic,17,153
15,Random: 0.5,2.153536070569124,0.5005641308783638,7.0,0.5175,0.214330429182719,0.2865898981661597,0.21278899999371167,0.28629067265740965,0.49706936016705805,0.5017446376682909,0.5006872781982146,0.5045893635081948,3,0,5,1,0.04,0.03,75,128,probabilistic,17,153
16,Bully,2.027586591706855,0.5835391811636096,8.0,0.0,0.16861921629127463,0.4215622581996264,0.2208912101714234,0.18892731533767557,0.0,1.0,0.0,1.0,3,0,5,1,0.04,0.03,75,128,probabilistic,17,153
0,Grudger,3.0074926900584793,0.616344764157141,4.0,1.0,0.5811324390122009,0.010513799261029369,0.21063217796905104,0.19772158375771864,1.0,0.0,0.0,0.0,3,0,5,1,0.03,0.02,39,98,probabilistic,10,154
1,Evolved FSM 16,2.920645566520818,0.7011649959360607,3.0,1.0,0.6147277410340993,0.08322600267616957,0.17914478471907325,0.12290147157065788,0.9023118938127297,0.43211143695014664,0.2175762549448454,0.3519867178004727,3,0,5,1,0.03,0.02,39,98,probabilistic,10,154
2,Soft Joss: 0.9,2.64897009308774,0.7896470886396756,0.0,1.0,0.675101793812314,0.11519356904902195,0.08581990714317303,0.12388472999549098,1.0,0.09617316156249373,1.0,0.10428374042184142,3,0,5,1,0.03,0.02,39,98,probabilistic,10,154
3,Tit For Tat,2.6470535312640577,0.7773785847180342,0.0,1.0,0.6628575136226207,0.09901265772273499,0.09284986515033831,0.14527996350430597,1.0,0.0,1.0,0.0,3,0,5,1,0.03,0.02,39,98,probabilistic,10,154
4,GTFT: 0.33,2.554842183956108,0.8521630874572051,0.0,1.0,0.7027527837450024,0.14629207004847877,0.06566028000319152,0.08529486620332724,1.0,0.3277428244149614,1.0,0.3370364116244313,3,0,5,1,0.03,0.02,39,98,probabilistic,10,154
5,Tit For 2 Tats,2.508020295117069,0.9492465261921847,0.0,1.0,0.7909292823812445,0.15482437823566034,0.018907566939963618,0.03533877244313149,1.0,0.857399654669433,1.0,0.0,3,0,5,1,0.03,0.02,39,98,probabilistic,10,154
6,Meta Winner: 8 players,2.316717379044965,0.20287655868575577,6.0,1.0,0.14180516989105782,0.06302619967150432,0.2330025590776861,0.5621660713597517,0.509796099338315,0.6125909886287537,0.39900036855426846,0.032543571708010116,3,0,5,1,0.03,0.02,39,98,probabilistic,10,154
7,Meta Mixer: 8 players,2.291203433954012,0.5060861724737554,4.0,0.8005698005698005,0.3172278520428806,0.1898115369039749,0.18224917287705553,0.3107114381760889,0.752004209858109,0.2995013408585214,0.7228527287399089,0.25100453679665696,3,0,5,1,0.03,0.02,39,98,probabilistic,10,154
8,Win-Shift Lose-Stay: D,2.1403941927143624,0.5862046073159397,4.0,0.0,0.22579725847444904,0.3654882172446395,0.24023058834698935,0.1684839359339221,0.0,1.0,1.0,0.0,3,0,5,1,0.03,0.02,39,98,probabilistic,10,154
9,Random: 0.5,2.0934190352408057,0.49646748101683724,4.0,0.48717948717948717,0.20838533922652722,0.28832674723337837,0.20721827582007024,0.29606963772002426,0.5037204678756786,0.5004096480823985,0.5030547536360866,0.5016217788185346,3,0,5,1,0.03,0.02,39,98,probabilistic,10,154
0,Defector,2.8582617932463132,0.0,17.0,0.0,0.0,0.0,0.39985089731311113,0.6001491026868888,0.0,0.0,0.0,0.0,3,0,5,1,0.02,0.08,31,36,probabilistic,20,155
1,Grudger,2.7442274040402994,0.5777411829285028,5.0,1.0,0.5037174665242984,0.044542678369872045,0.2251717843723815,0.2265680707334481,1.0,0.0,0.0,0.0,3,0,5,1,0.02,0.08,31,36,probabilistic,20,155
2,Evolved FSM 16,2.7037788436608765,0.6519266315939144,4.0,1.0,0.5436316372306232,0.11882593800530895,0.21578080877661482,0.12176161598745294,0.9209088079676315,0.4192863680075831,0.29357583284815647,0.30898727938956877,3,0,5,1,0.02,0.08,31,36,probabilistic,20,155
3,Evolved HMM 5,2.61175315912158,0.6795350767953507,4.0,1.0,0.57699533144322,0.09564135727213201,0.19001996302532712,0.13734334825932074,0.9990356798457088,0.5041387128467993,0.018326069951949936,0.1785133275350026,3,0,5,1,0.02,0.08,31,36,probabilistic,20,155
4,Cycler DC,2.5850005249585792,0.4800390843104411,9.0,0.0,0.18740023250585672,0.2919732551635963,0.2953825515700497,0.22524396076049732,0.0,0.0,1.0,1.0,3,0,5,1,0.02,0.08,31,36,probabilistic,20,155
5,Meta Winner: 18 players,2.5842451012742997,0.23348584501000857,12.0,1.0,0.15374862163648345,0.08657226006848602,0.353557902700724,0.40612121559430653,0.5955051094092693,0.4067021259080524,0.03620849091199747,0.10940069268805945,3,0,5,1,0.02,0.08,31,36,probabilistic,20,155
6,Suspicious Tit For Tat,2.5430600101652736,0.5056493234760776,10.0,0.0,0.3226583056195953,0.18465201289178304,0.23015034875335222,0.2625393327352694,1.0,0.0,1.0,0.0,3,0,5,1,0.02,0.08,31,36,probabilistic,20,155
7,Tit For Tat,2.483861984710881,0.7535600116245278,0.0,1.0,0.5681959137678859,0.16841850891047166,0.13876029602651432,0.12462528129512813,1.0,0.0,1.0,0.0,3,0,5,1,0.02,0.08,31,36,probabilistic,20,155
8,Soft Joss: 0.9,2.479730736688268,0.7608872058425751,0.0,1.0,0.5917062110112794,0.16930963914603767,0.12007632104941812,0.11890782879326481,1.0,0.10001426186790859,1.0,0.08732862462038617,3,0,5,1,0.02,0.08,31,36,probabilistic,20,155
9,Win-Shift Lose-Stay: D,2.462549808865598,0.5472377902321858,8.0,0.0,0.20489109754890428,0.34529014549846915,0.2547808288800458,0.1950379280725807,0.0,1.0,1.0,0.0,3,0,5,1,0.02,0.08,31,36,probabilistic,20,155
10,"DoubleCrosser: (D, D)",2.4559673314761836,0.7351388888888889,2.0,1.0,0.6083641153727588,0.12553491411868511,0.14671093073406274,0.11939003977449335,1.0,0.8279247113362652,0.0,0.0,3,0,5,1,0.02,0.08,31,36,probabilistic,20,155
11,Win-Stay Lose-Shift,2.442712371545678,0.7446537317660388,1.0,1.0,0.5786256983860506,0.16537292775096785,0.11273989431464299,0.14326147954833857,1.0,0.0,0.0,1.0,3,0,5,1,0.02,0.08,31,36,probabilistic,20,155
12,Bully,2.4412637889874325,0.499927209200757,10.0,0.0,0.16209286733477563,0.34255656466393897,0.28479350343358345,0.21055706456770204,0.0,1.0,0.0,1.0,3,0,5,1,0.02,0.08,31,36,probabilistic,20,155
13,Meta Mixer: 18 players,2.422893016855865,0.52,8.0,0.7113752122241087,0.30316268156581266,0.2215206396181344,0.22330190627500465,0.25201477254104826,0.6288641031548274,0.4037509831919863,0.5869028273959535,0.3818195628557397,3,0,5,1,0.02,0.08,31,36,probabilistic,20,155
14,Alternator,2.4059755964085836,0.5220706848511512,6.0,1.0,0.22958684553175354,0.29300228014543,0.26376967890252306,0.21364119542029347,0.0,0.0,1.0,1.0,3,0,5,1,0.02,0.08,31,36,probabilistic,20,155
15,GTFT: 0.33,2.365810359231412,0.8387624572363528,0.0,1.0,0.6363638340224463,0.19100641827235923,0.08313849666002424,0.08949125104517022,1.0,0.31602019696674616,1.0,0.30938291407790236,3,0,5,1,0.02,0.08,31,36,probabilistic,20,155
16,Random: 0.5,2.3287028846626368,0.4971360063940322,8.0,0.499151103565365,0.2415601047076163,0.25709317046932006,0.23746240197548563,0.26388432284757807,0.5129794815769042,0.5164717628592839,0.47433090777442544,0.497462162135733,3,0,5,1,0.02,0.08,31,36,probabilistic,20,155
17,Tit For 2 Tats,2.2850529100529102,0.8810017988100179,0.0,1.0,0.6853880928141473,0.19020918477865809,0.03128600934279515,0.09311671306439949,1.0,0.7505913727620173,1.0,0.0,3,0,5,1,0.02,0.08,31,36,probabilistic,20,155
18,Anti Tit For Tat,2.060770951501561,0.6237874314635174,7.0,1.0,0.21429279695893902,0.400656673269749,0.2061843429802453,0.1788661867910666,0.0,1.0,0.0,1.0,3,0,5,1,0.02,0.08,31,36,probabilistic,20,155
19,Cooperator,2.0295886775762937,1.0,0.0,1.0,0.6792597013274935,0.32074029867250653,0.0,0.0,1.0,1.0,0.0,0.0,3,0,5,1,0.02,0.08,31,36,probabilistic,20,155
0,Evolved FSM 16,3.0272439605350465,0.6056762327572538,6.0,1.0,0.5347957147779309,0.078957660949066,0.2717195418954376,0.1145270823775655,0.9089550777182975,0.4863249818637602,0.22304264204051122,0.24385601041314064,3,0,5,1,0.02,0.05,17,159,probabilistic,18,156
1,Grudger,3.0063132945485886,0.49420721615359153,7.0,1.0,0.49097756712524765,0.02467137194277607,0.2764828686094392,0.20786819232253714,1.0,0.0,0.0,0.0,3,0,5,1,0.02,0.05,17,159,probabilistic,18,156
2,Evolved HMM 5,2.838735204904701,0.6375312760633861,5.0,1.0,0.57252821301693,0.05568124848374787,0.2537975094055117,0.11799302909381026,1.0,0.463129543075933,0.011083153606518091,0.19079549607245072,3,0,5,1,0.02,0.05,17,159,probabilistic,18,156
3,"DoubleCrosser: (D, D)",2.692820600611011,0.6226384097256448,4.0,1.0,0.589186654558966,0.08146263650119889,0.21160727335397092,0.1177434355858642,1.0,0.7970243313209662,0.08333333333333333,0.0,3,0,5,1,0.02,0.05,17,159,probabilistic,18,156
4,Tit For Tat,2.5973582526967847,0.7760582612653618,0.0,1.0,0.5698320308114376,0.18100137774041017,0.16652649225064256,0.08264009919750981,1.0,0.0,1.0,0.0,3,0,5,1,0.02,0.05,17,159,probabilistic,18,156
5,Soft Joss: 0.9,2.592857142857143,0.7952470884482216,0.0,1.0,0.6059460628566923,0.17660613247793996,0.13946494190915057,0.07798286275621724,1.0,0.09753567012045343,1.0,0.10218611079145401,3,0,5,1,0.02,0.05,17,159,probabilistic,18,156
6,Win-Stay Lose-Shift,2.5469427168952397,0.7537465940054496,2.0,1.0,0.5902503662842876,0.14421265073948641,0.13499042838255448,0.13054655459367154,1.0,0.0,0.0,1.0,3,0,5,1,0.02,0.05,17,159,probabilistic,18,156
7,Suspicious Tit For Tat,2.542055733439615,0.5148413510747185,10.0,0.0,0.3130734899555194,0.20848854382334167,0.23881229859164918,0.23962566762948978,1.0,0.0,1.0,0.0,3,0,5,1,0.02,0.05,17,159,probabilistic,18,156
8,Meta Winner: 16 players,2.4455284382839886,0.2785351934051997,9.0,1.0,0.14275404215813475,0.1458432854028356,0.32343614961926126,0.38796652281976834,0.5739103167221921,0.723134675431139,0.07064330882715719,0.1776548186389134,3,0,5,1,0.02,0.05,17,159,probabilistic,18,156
9,GTFT: 0.33,2.442906574394464,0.8363328718658668,0.0,1.0,0.639923606760987,0.19803451359326824,0.09876017293728478,0.06328170670845995,1.0,0.32977302560204447,1.0,0.37207088389325066,3,0,5,1,0.02,0.05,17,159,probabilistic,18,156
10,Meta Mixer: 16 players,2.433342519218815,0.5122662549322353,8.0,0.7335640138408305,0.2805809952681556,0.22923544134051,0.23012344558115108,0.2600601178101834,0.6215133821730584,0.40530155551980307,0.5975026642568768,0.3737945338153898,3,0,5,1,0.02,0.05,17,159,probabilistic,18,156
11,Cycler DC,2.4094235436334452,0.49120168446382917,7.0,0.0,0.17145546469119427,0.3192432171490103,0.26643009030522036,0.24287122785457504,0.0,0.0,1.0,1.0,3,0,5,1,0.02,0.05,17,159,probabilistic,18,156
12,Random: 0.5,2.3495094253623883,0.5076568417586037,8.0,0.4809688581314879,0.23456554051717052,0.2717090964036147,0.23004980528725075,0.2636755577919641,0.47625115394877504,0.52245145738925,0.48217604359058924,0.5212218810303028,3,0,5,1,0.02,0.05,17,159,probabilistic,18,156
13,Tit For 2 Tats,2.330100272660826,0.9040615076048805,0.0,1.0,0.7019271204792501,0.19998855836502222,0.038264245791160195,0.05982007536456729,1.0,0.7783202241819015,1.0,0.0,3,0,5,1,0.02,0.05,17,159,probabilistic,18,156
14,Bully,2.3268274036469068,0.5598156985354615,8.0,0.0,0.18712607308042561,0.3591675661250656,0.23900486181209513,0.21470149898241364,0.0,1.0,0.0,1.0,3,0,5,1,0.02,0.05,17,159,probabilistic,18,156
15,Win-Shift Lose-Stay: D,2.3089639669282764,0.571571072319202,8.0,0.0,0.20170394658897844,0.3882555983031213,0.23850141606169734,0.171539039046203,0.0,1.0,1.0,0.0,3,0,5,1,0.02,0.05,17,159,probabilistic,18,156
16,Alternator,2.17362470304835,0.5119367353028946,5.0,1.0,0.18882775522466796,0.3242227934456689,0.2542409201759937,0.23270853115366943,0.0,0.0,1.0,1.0,3,0,5,1,0.02,0.05,17,159,probabilistic,18,156
17,Anti Tit For Tat,2.028083684299841,0.6289040842727777,6.0,1.0,0.22632453710042832,0.3972130378879321,0.17178226870454508,0.2046801563070946,0.0,1.0,0.0,1.0,3,0,5,1,0.02,0.05,17,159,probabilistic,18,156
0,Grudger,3.310506210732455,0.4979761426082295,7.0,1.0,0.4720116478956361,0.014661842409784952,0.3636535595586136,0.1496729501359655,1.0,0.0,0.0,0.0,3,0,5,1,0.01,0.02,77,65,probabilistic,14,157
1,Evolved HMM 5,3.1714743589743595,0.5428197806303542,6.0,1.0,0.49219870174430713,0.037057780068839925,0.3381709212366741,0.1325725969501788,0.9972349893272741,0.39313698118703694,0.018260178165372714,0.13454281344737493,3,0,5,1,0.01,0.02,77,65,probabilistic,14,157
2,Win-Stay Lose-Shift,2.6502343731804365,0.711097039734051,2.0,1.0,0.5907706544437376,0.13229245397905173,0.1519543541187258,0.12498253745848491,1.0,0.0,0.0,1.0,3,0,5,1,0.01,0.02,77,65,probabilistic,14,157
3,Tit For Tat,2.6472217172029553,0.745567088333874,0.0,1.0,0.5684487827153075,0.1817336160458344,0.17525944834142526,0.07455815289743299,1.0,0.0,1.0,0.0,3,0,5,1,0.01,0.02,77,65,probabilistic,14,157
4,Soft Joss: 0.9,2.5922956183044454,0.7809455468771562,0.0,1.0,0.5798110462471797,0.19082981889937908,0.1570347227447137,0.07232441210872755,1.0,0.10448745022763116,1.0,0.09769751032706475,3,0,5,1,0.01,0.02,77,65,probabilistic,14,157
5,Bully,2.502314658295655,0.4667362600157996,8.0,0.0,0.2133875459594128,0.2571069635536115,0.30271507522301805,0.2267904152639576,0.0,1.0,0.0,1.0,3,0,5,1,0.01,0.02,77,65,probabilistic,14,157
6,Cycler DC,2.4031604293142754,0.491300170794193,7.0,0.0,0.2316863106402084,0.25960570349631606,0.28313236431098365,0.2255756215524919,0.0,0.0,1.0,1.0,3,0,5,1,0.01,0.02,77,65,probabilistic,14,157
7,Random: 0.5,2.3606821900994284,0.497622476428552,7.0,0.5024975024975025,0.25514550842788236,0.2424388337592848,0.25716843705483255,0.24524722075800032,0.49378408457167156,0.4948173726395017,0.4974120322811484,0.4939273738383381,3,0,5,1,0.01,0.02,77,65,probabilistic,14,157
8,Alternator,2.339497399601702,0.5088828337874659,4.0,1.0,0.24549209851244752,0.2634090217564155,0.26869109420636295,0.222407785524774,0.0,0.0,1.0,1.0,3,0,5,1,0.01,0.02,77,65,probabilistic,14,157
9,Meta Mixer: 13 players,2.3215615787576085,0.5308674546222034,6.0,0.7272727272727273,0.2907157263314606,0.24017846808429175,0.23233058520869457,0.23677522037555307,0.557514475435429,0.4916688775941052,0.5526880615234011,0.48976534849325054,3,0,5,1,0.01,0.02,77,65,probabilistic,14,157
10,Win-Shift Lose-Stay: D,2.3024567815534387,0.5983939986264462,7.0,0.0,0.25504567332463063,0.3453775601430711,0.27232397346228077,0.1272527930700176,0.0,1.0,1.0,0.0,3,0,5,1,0.01,0.02,77,65,probabilistic,14,157
11,Tit For 2 Tats,2.286376839770505,0.910468666834748,0.0,1.0,0.6729253961715809,0.2357722752334846,0.04612922982450594,0.045173098770428535,1.0,0.7715409301061571,1.0,0.0,3,0,5,1,0.01,0.02,77,65,probabilistic,14,157
12,Cooperator,2.0237197384304344,1.0,0.0,1.0,0.6709665818317331,0.329033418168267,0.0,0.0,1.0,1.0,0.0,0.0,3,0,5,1,0.01,0.02,77,65,probabilistic,14,157
13,Anti Tit For Tat,2.0208271785194865,0.5732741109877312,5.0,1.0,0.23110977443207872,0.33487032262682137,0.21580431293362287,0.21821559000747703,0.0,1.0,0.0,1.0,3,0,5,1,0.01,0.02,77,65,probabilistic,14,157
0,Defector,3.7636363636363637,0.0,2.0,0.0,0.0,0.0,0.7072606203040985,0.2927393796959014,0.0,0.0,0.0,0.0,3,0,5,1,0.04,0.04,70,15,probabilistic,3,158
1,Random: 0.5,1.2791666666666668,0.5009242144177449,0.0,0.5428571428571428,0.11111111111111112,0.3900371468306251,0.11574074074074076,0.3831110013175231,0.5028248587570622,0.4938576779026217,0.5026737967914439,0.4927781439976562,3,0,5,1,0.04,0.04,70,15,probabilistic,3,158
2,Bully,1.2636363636363637,0.6697135892748324,1.0,0.0,0.1111111111111111,0.5706956956956957,0.13773148148148148,0.18046171171171171,0.0,1.0,0.0,1.0,3,0,5,1,0.04,0.04,70,15,probabilistic,3,158
0,Evolved HMM 5,2.7227068824894913,0.5220503347956592,2.0,1.0,0.44935331982158205,0.07750870704044482,0.32495999726768965,0.14817797587028358,1.0,0.5540663042882211,0.004405286343612335,0.12637362637362637,3,0,5,1,0.08,0.06,52,145,probabilistic,6,159
1,Suspicious Tit For Tat,2.6153444703444704,0.5766506739776103,3.0,0.0,0.2797005577990144,0.28585224429611766,0.3198561904323982,0.11459100747246986,1.0,0.0,1.0,0.0,3,0,5,1,0.08,0.06,52,145,probabilistic,6,159
2,Tit For Tat,2.4156537906537903,0.611436606515116,0.0,1.0,0.30986522288157275,0.3083864418716467,0.2851099225300271,0.09663841271675347,1.0,0.0,1.0,0.0,3,0,5,1,0.08,0.06,52,145,probabilistic,6,159
3,Random: 0.5,2.2411347953815675,0.5124675324675325,1.0,0.5230769230769231,0.23802982746954787,0.2745826851065667,0.22782179238365857,0.2595656950402268,0.5102412834554448,0.501321176312741,0.5248828410933853,0.5149731332754148,3,0,5,1,0.08,0.06,52,145,probabilistic,6,159
4,Cycler DC,2.187011877011877,0.4844494892167991,2.0,0.0,0.15826238924978311,0.3261147423027947,0.28510509894179703,0.23051776950562508,0.0,0.0,1.0,1.0,3,0,5,1,0.08,0.06,52,145,probabilistic,6,159
5,Anti Tit For Tat,1.9226065162907267,0.6048966756513926,1.0,1.0,0.2668031089973266,0.33080908685326604,0.16040090591526607,0.24198689823414127,0.0,1.0,0.0,1.0,3,0,5,1,0.08,0.06,52,145,probabilistic,6,159
0,Suspicious Tit For Tat,2.1786786786786787,0.4528460407477421,1.0,0.0,0.31119266055045874,0.1742040693552199,0.18126993676098804,0.3333333333333333,1.0,0.0,1.0,0.0,3,0,5,1,0.0,0.01,45,140,probabilistic,4,160
1,Defector,2.15018315018315,0.0,2.0,0.0,0.0,0.0,0.2802877149946475,0.7197122850053524,0.0,0.0,0.0,0.0,3,0,5,1,0.0,0.01,45,140,probabilistic,4,160
2,Alternator,1.9954954954954953,0.5028476752614683,1.0,1.0,0.06088664421997755,0.4420121908177073,0.3316174144953744,0.16548375046694058,0.0,0.0,1.0,1.0,3,0,5,1,0.0,0.01,45,140,probabilistic,4,160
3,GTFT: 0.33,1.8685633575464085,0.6524981357196122,0.0,1.0,0.37207930477043627,0.2919921500512839,0.11503334397320127,0.22089520120507855,1.0,0.35714827542420485,1.0,0.3254437869822485,3,0,5,1,0.0,0.01,45,140,probabilistic,4,160
0,Grudger,2.716150137741047,0.4506654428636989,3.0,1.0,0.4048775013426244,0.05940456035683425,0.26284180743350605,0.2728761308670353,1.0,0.0,0.0,0.0,3,0,5,1,0.06,0.08,60,20,probabilistic,12,161
1,Evolved HMM 5,2.5723152578415736,0.6028093245666467,3.0,1.0,0.5015716856261285,0.12776951612783424,0.22793689578147613,0.1427219024645611,1.0,0.528172788502039,0.008547008547008548,0.1931454815353237,3,0,5,1,0.06,0.08,60,20,probabilistic,12,161
2,Defector,2.4959550550459637,0.0,9.0,0.0,0.0,0.0,0.32144430156946074,0.6785556984305392,0.0,0.0,0.0,0.0,3,0,5,1,0.06,0.08,60,20,probabilistic,12,161
3,Suspicious Tit For Tat,2.3990344622697566,0.4407313997477932,5.0,0.0,0.30159069625815077,0.13193635672201945,0.17807298812429037,0.3883999588955394,1.0,0.0,1.0,0.0,3,0,5,1,0.06,0.08,60,20,probabilistic,12,161
4,Meta Winner: 10 players,2.3965948193220923,0.2527296549716116,6.0,1.0,0.1420401242709582,0.11241904813038625,0.32187875216513456,0.4236620754335209,0.6267729410558401,0.5956420183187948,0.08840676418424148,0.13658844522381774,3,0,5,1,0.06,0.08,60,20,probabilistic,12,161
5,Tit For Tat,2.354707261692556,0.6542897772159899,0.0,1.0,0.48036798867565084,0.1793153382161874,0.14361324447719123,0.19670342863097054,1.0,0.0,1.0,0.0,3,0,5,1,0.06,0.08,60,20,probabilistic,12,161
6,Meta Mixer: 10 players,2.22382548007548,0.462318401937046,4.0,0.5878787878787879,0.23591122209389084,0.22577460550155593,0.2192157434160027,0.31909842898855045,0.5743367474950571,0.3674626609372915,0.570076134384701,0.33628769267426833,3,0,5,1,0.06,0.08,60,20,probabilistic,12,161
7,Bully,2.2071297986967844,0.5491681521093286,4.5,0.0,0.12867767431407712,0.410684669185787,0.2751158643925469,0.18552179210758893,0.0,1.0,0.0,1.0,3,0,5,1,0.06,0.08,60,20,probabilistic,12,161
8,Win-Shift Lose-Stay: D,2.189708776072412,0.5065262533372886,5.0,0.0,0.18847018204513158,0.29779396676420544,0.2401062434493639,0.27362960774129913,0.0,1.0,1.0,0.0,3,0,5,1,0.06,0.08,60,20,probabilistic,12,161
9,GTFT: 0.33,2.18095427963849,0.7782118707738542,0.0,1.0,0.5543833697323562,0.22171808753385405,0.07563381286692071,0.14826472986686898,1.0,0.32405897239931925,1.0,0.3265217281027598,3,0,5,1,0.06,0.08,60,20,probabilistic,12,161
10,Tit For 2 Tats,2.0848654613360496,0.7842213717986458,0.0,1.0,0.5882891483936118,0.20694757695265098,0.04404072059379851,0.16072255405993865,1.0,0.6872615231750744,1.0,0.0,3,0,5,1,0.06,0.08,60,20,probabilistic,12,161
11,Anti Tit For Tat,1.7226796196891891,0.6879018118059614,3.0,1.0,0.17743042778142162,0.5069034063908983,0.17076675761252127,0.14489940821515893,0.0,1.0,0.0,1.0,3,0,5,1,0.06,0.08,60,20,probabilistic,12,161
0,Grudger,2.8740446974279363,0.4115064345193036,6.0,1.0,0.37070927759272465,0.02660452414391291,0.3054921755763451,0.2971940226870173,1.0,0.0,0.0,0.0,3,0,5,1,0.01,0.04,19,88,probabilistic,15,162
1,Defector,2.760945403802547,0.0,12.0,0.0,0.0,0.0,0.4166074283243967,0.5833925716756033,0.0,0.0,0.0,0.0,3,0,5,1,0.01,0.04,19,88,probabilistic,15,162
2,Evolved FSM 16,2.6941977358902824,0.5606441872169099,4.0,1.0,0.41753327648808664,0.13580217002194933,0.2960947225420472,0.15056983094791682,0.9073799435028249,0.5004378299140074,0.28261560682646486,0.3271035936150623,3,0,5,1,0.01,0.04,19,88,probabilistic,15,162
3,Meta Winner: 14 players,2.5515129626909157,0.1178125,9.0,1.0,0.06747074685958418,0.05553661928746383,0.41353999686155024,0.46345263699140177,0.603999320684397,0.5370885234569445,0.024815394709568697,0.04156809297408269,3,0,5,1,0.01,0.04,19,88,probabilistic,15,162
4,Soft Joss: 0.9,2.3402213318830647,0.7102209944751381,0.0,1.0,0.49749063061751025,0.1968009784080782,0.1439794704740156,0.16172892050039606,1.0,0.10922536132408671,1.0,0.11624110299268356,3,0,5,1,0.01,0.04,19,88,probabilistic,15,162
5,Win-Shift Lose-Stay: D,2.3018619728593195,0.4826493159826493,7.0,0.0,0.22437973342052706,0.2761101336190772,0.24884972003093506,0.2506604129294606,0.0,1.0,1.0,0.0,3,0,5,1,0.01,0.04,19,88,probabilistic,15,162
6,Cycler DC,2.295367865666147,0.4896723093648082,6.0,0.0,0.1953464563417391,0.2941152635749579,0.26729424724846806,0.243244032834835,0.0,0.0,1.0,1.0,3,0,5,1,0.01,0.04,19,88,probabilistic,15,162
7,Suspicious Tit For Tat,2.2900912519120777,0.4608511282750265,7.0,0.0,0.3203719810625771,0.16592921642384084,0.18767668596487477,0.3260221165487073,1.0,0.0,1.0,0.0,3,0,5,1,0.01,0.04,19,88,probabilistic,15,162
8,Alternator,2.269658587425094,0.5108795586883236,4.0,1.0,0.21247804589200042,0.2993499565720566,0.25546400514168977,0.23270799239425322,0.0,0.0,1.0,1.0,3,0,5,1,0.01,0.04,19,88,probabilistic,15,162
9,Random: 0.5,2.2350069754661392,0.5022314313037934,6.0,0.46616541353383456,0.23999823309668722,0.26372425529499577,0.2332808470848101,0.26299666452350695,0.47455267524886846,0.5071234709884499,0.5309908873602414,0.5037361279353993,3,0,5,1,0.01,0.04,19,88,probabilistic,15,162
10,GTFT: 0.33,2.234426877470356,0.7698937971371402,0.0,1.0,0.5268926383277893,0.23826347513645868,0.10847587249869213,0.12636801403705986,1.0,0.31935115651585033,1.0,0.32447855758993244,3,0,5,1,0.01,0.04,19,88,probabilistic,15,162
11,Bully,2.2158703734908056,0.5479621881295521,6.0,0.0,0.17522254955735758,0.3548218946770248,0.2707961928144608,0.19915936295115677,0.0,1.0,0.0,1.0,3,0,5,1,0.01,0.04,19,88,probabilistic,15,162
12,Tit For 2 Tats,2.097037608894563,0.7767421216156236,0.0,1.0,0.5903812472134866,0.21327515273813732,0.03868151333756834,0.15766208671080778,1.0,0.7430099888019182,1.0,0.0,3,0,5,1,0.01,0.04,19,88,probabilistic,15,162
13,Anti Tit For Tat,1.8208699742391523,0.6117474302496329,4.0,1.0,0.1962667512401482,0.43298514965615137,0.18894924953190212,0.18179884957179837,0.0,1.0,0.0,1.0,3,0,5,1,0.01,0.04,19,88,probabilistic,15,162
14,Cooperator,1.7457241062916211,1.0,0.0,1.0,0.5781366621223487,0.4218633378776513,0.0,0.0,1.0,1.0,0.0,0.0,3,0,5,1,0.01,0.04,19,88,probabilistic,15,162
0,Defector,2.533737373737374,0.0,10.0,0.0,0.0,0.0,0.3794108102985395,0.6205891897014605,0.0,0.0,0.0,0.0,3,0,5,1,0.03,0.02,19,22,probabilistic,11,163
1,Evolved FSM 16,2.509637730690362,0.6086832333618966,3.0,1.0,0.46791204934360975,0.1540240795559243,0.18177231735663854,0.19629155374382745,0.8844577854011816,0.46045625409640206,0.23840083752397892,0.3599291085080415,3,0,5,1,0.03,0.02,19,22,probabilistic,11,163
2,Meta Winner: 9 players,2.440909090909091,0.1129757267006293,9.0,1.0,0.08338777752178078,0.03032571339105388,0.3215830156167137,0.5647034934704516,0.636629609905472,0.625,0.0,0.0,3,0,5,1,0.03,0.02,19,22,probabilistic,11,163
3,"DoubleCrosser: (D, D)",2.43030303030303,0.5981228668941979,3.0,1.0,0.4876741783490539,0.11983678941430169,0.14968442482916328,0.24280460740748108,1.0,0.7639350928384427,0.0,0.0,3,0,5,1,0.03,0.02,19,22,probabilistic,11,163
4,Tit For Tat,2.351774891774892,0.6659025787965616,0.0,1.0,0.4802147619693666,0.16462807894882722,0.13935203115746972,0.21580512792433648,1.0,0.0,1.0,0.0,3,0,5,1,0.03,0.02,19,22,probabilistic,11,163
5,Meta Mixer: 9 players,2.2869949494949493,0.48937426210153484,4.0,0.7578947368421053,0.2713681868440739,0.21772575168316205,0.2260185643831035,0.28488749708966055,0.5814738521492789,0.40317053434289385,0.5960146149879734,0.3632950409304689,3,0,5,1,0.03,0.02,19,22,probabilistic,11,163
6,GTFT: 0.33,2.205347593582888,0.7661913250148544,0.0,1.0,0.5158572883839148,0.24463120260994314,0.09193206284718969,0.14757944615895233,1.0,0.3316029499665397,1.0,0.36721047270582874,3,0,5,1,0.03,0.02,19,22,probabilistic,11,163
7,Alternator,2.135788334472545,0.5043921790875602,3.0,1.0,0.18878979650725275,0.3156960082853734,0.2584423570972782,0.23707183811009563,0.0,0.0,1.0,1.0,3,0,5,1,0.03,0.02,19,22,probabilistic,11,163
8,Tit For 2 Tats,2.1128342245989304,0.7824561403508772,0.0,1.0,0.5887697661983263,0.19470951186375263,0.02571622144792877,0.19080450048999237,1.0,0.7095913967455468,1.0,0.0,3,0,5,1,0.03,0.02,19,22,probabilistic,11,163
9,Cycler DC,2.1107142857142858,0.49397252593215585,4.0,0.0,0.1619885249184716,0.33188063681605395,0.2680193967843053,0.23811144148116914,0.0,0.0,1.0,1.0,3,0,5,1,0.03,0.02,19,22,probabilistic,11,163
10,Anti Tit For Tat,1.7487012987012989,0.6510885341074021,3.0,1.0,0.21830007233694287,0.42723448121342633,0.1587610519634884,0.19570439448614244,0.0,1.0,0.0,1.0,3,0,5,1,0.03,0.02,19,22,probabilistic,11,163
0,Evolved FSM 16,3.081186476566911,0.5995460440985733,3.0,1.0,0.5377776994750186,0.062417398509527225,0.2694442572305372,0.13036064478491696,0.8642495732608372,0.3535724896019014,0.24385754301720686,0.21703100833136882,3,0,5,1,0.04,0.03,26,23,probabilistic,8,164
1,Evolved HMM 5,3.038834569502271,0.5728353140916809,3.0,1.0,0.5151923308995177,0.05239563275052999,0.28209211942872653,0.15031991692122587,1.0,0.2515872074636306,0.0,0.10463800904977376,3,0,5,1,0.04,0.03,26,23,probabilistic,8,164
2,"DoubleCrosser: (D, D)",2.957906411992715,0.6962693958402113,2.5,1.0,0.5813476189657152,0.11523641388390148,0.2363520796239463,0.0670638875264369,1.0,0.7784271725826193,0.03333333333333333,0.0,3,0,5,1,0.04,0.03,26,23,probabilistic,8,164
3,Soft Joss: 0.9,2.5345312037858623,0.7383756974581525,0.0,1.0,0.5680410517021077,0.18240469268182502,0.13941876142385787,0.1101354941922094,1.0,0.08201922744406405,1.0,0.116422538137591,3,0,5,1,0.04,0.03,26,23,probabilistic,8,164
4,Meta Mixer: 6 players,2.508550455755425,0.5093534624220545,4.0,1.0,0.3237755408054711,0.19106363391320183,0.2268483622735745,0.25831246300775257,0.5819621628389721,0.39151596750561557,0.4903438406636035,0.4067997018508552,3,0,5,1,0.04,0.03,26,23,probabilistic,8,164
5,Meta Winner: 6 players,2.0777759616432387,0.553686934023286,3.0,1.0,0.21713265276248042,0.3346009041151662,0.23015027580412398,0.21811616731822947,0.6830935285823809,0.8036217037180845,0.09979039777426875,0.5169535567278266,3,0,5,1,0.04,0.03,26,23,probabilistic,8,164
6,Alternator,1.9584157877838049,0.5223454833597464,1.0,1.0,0.2105760007047152,0.31182566510922743,0.16677943097279585,0.3108189032132615,0.0,0.0,1.0,1.0,3,0,5,1,0.04,0.03,26,23,probabilistic,8,164
7,Anti Tit For Tat,1.8180641821946169,0.6545988258317026,2.0,1.0,0.19458390387806043,0.4651210256697552,0.16398007987557212,0.17631499057661223,0.0,1.0,0.0,1.0,3,0,5,1,0.04,0.03,26,23,probabilistic,8,164
0,Evolved FSM 16,3.243813775510204,0.5858875980623311,6.0,1.0,0.5434758977676882,0.044826670956768386,0.31416764233979727,0.09752978893574603,0.881055581680688,0.5331108182992689,0.24546940621481012,0.08894060923357767,3,0,5,1,0.04,0.01,86,84,probabilistic,15,165
1,Grudger,3.2014094120089505,0.5232295365832184,6.0,1.0,0.5068816803552091,0.008908544120792202,0.3051776233974626,0.17903215212653611,1.0,0.0,0.0,0.0,3,0,5,1,0.04,0.01,86,84,probabilistic,15,165
2,"DoubleCrosser: (D, D)",3.1690873543715443,0.6383524486245835,5.0,1.0,0.601346058058352,0.03331165722714748,0.2731174760799165,0.09222480863458411,1.0,0.7880275858365114,0.038876889848812095,0.0,3,0,5,1,0.04,0.01,86,84,probabilistic,15,165
3,Tit For Tat,2.676346083234371,0.7695228322216521,0.0,1.0,0.5983249897834199,0.1666676776420693,0.16283490081929708,0.07217243175521376,1.0,0.0,1.0,0.0,3,0,5,1,0.04,0.01,86,84,probabilistic,15,165
4,Soft Joss: 0.9,2.6549188906331764,0.8132707245359196,0.0,1.0,0.6582208584946116,0.1497781988678831,0.1242675456869586,0.06773339695054652,1.0,0.10020217836152069,1.0,0.0986859113978757,3,0,5,1,0.04,0.01,86,84,probabilistic,15,165
5,Win-Stay Lose-Shift,2.6542737712388274,0.7289354974399141,2.0,1.0,0.6020754983786092,0.1279384833812725,0.1459832468023458,0.12400277143777257,1.0,0.0,0.0,1.0,3,0,5,1,0.04,0.01,86,84,probabilistic,15,165
6,Tit For 2 Tats,2.4530909370400042,0.9162613872749444,0.0,1.0,0.7354567088188491,0.18117543879622097,0.04198855799532162,0.04137929438960836,1.0,0.7751310581756782,1.0,0.0,3,0,5,1,0.04,0.01,86,84,probabilistic,15,165
7,Suspicious Tit For Tat,2.371337839483578,0.5504230438771498,7.0,0.0,0.3548928303567048,0.1992902527862741,0.20819582025014885,0.23762109660687228,1.0,0.0,1.0,0.0,3,0,5,1,0.04,0.01,86,84,probabilistic,15,165
8,Meta Mixer: 14 players,2.2992185737758106,0.5074901445466491,7.0,0.7724252491694352,0.2812056932736215,0.22651881090710688,0.22495189156081263,0.26732360425845897,0.5872992468536818,0.4342229887067382,0.5731928418507969,0.41671733324390536,3,0,5,1,0.04,0.01,86,84,probabilistic,15,165
9,Bully,2.247642619083183,0.5124174334419799,7.0,0.0,0.18273068923847843,0.33098892630354565,0.2946064898538391,0.1916738946041369,0.0,1.0,0.0,1.0,3,0,5,1,0.04,0.01,86,84,probabilistic,15,165
10,Alternator,2.2438044092627676,0.5022312140387126,5.0,1.0,0.2308237785138515,0.2714226371200869,0.2577760156738278,0.23997756869223386,0.0,0.0,1.0,1.0,3,0,5,1,0.04,0.01,86,84,probabilistic,15,165
11,Random: 0.5,2.210493145735133,0.5004464157138331,6.0,0.4850498338870432,0.23672030683356726,0.2636667217919223,0.23543265511663894,0.2641803162578715,0.4907778236037705,0.5034357843882661,0.49352818180809077,0.503058445104756,3,0,5,1,0.04,0.01,86,84,probabilistic,15,165
12,Cooperator,2.196680945105315,1.0,0.0,1.0,0.731700099747804,0.2682999002521959,0.0,0.0,1.0,1.0,0.0,0.0,3,0,5,1,0.04,0.01,86,84,probabilistic,15,165
13,Win-Shift Lose-Stay: D,2.0451119838293144,0.5955461539576059,6.0,0.0,0.22215750199024226,0.37211472898659664,0.23124215844547735,0.17448561057768375,0.0,1.0,1.0,0.0,3,0,5,1,0.04,0.01,86,84,probabilistic,15,165
14,Anti Tit For Tat,1.9256303661431469,0.5903801046490648,5.0,1.0,0.1942789163428221,0.3959031957978327,0.22106982091587077,0.18874806694347449,0.0,1.0,0.0,1.0,3,0,5,1,0.04,0.01,86,84,probabilistic,15,165
0,Defector,3.066018201198854,0.0,14.0,0.0,0.0,0.0,0.4521436746984734,0.5478563253015267,0.0,0.0,0.0,0.0,3,0,5,1,0.03,0.05,18,43,probabilistic,16,166
1,Grudger,3.0082312669819746,0.5428794686462199,5.0,1.0,0.5439686024303307,0.023808545090987152,0.2699422081213598,0.1622806443573223,1.0,0.0,0.0,0.0,3,0,5,1,0.03,0.05,18,43,probabilistic,16,166
2,Evolved FSM 16,2.834484520361335,0.6513821851689338,4.5,1.0,0.5672054630228297,0.0783111349601341,0.24267982781638003,0.1118035742006561,0.9208037825059101,0.4094428786247254,0.13269029994584822,0.2655705549347894,3,0,5,1,0.03,0.05,18,43,probabilistic,16,166
3,Evolved HMM 5,2.823139433551198,0.6457925636007827,4.0,1.0,0.5637776801812746,0.07484065260380146,0.23835974739851504,0.12302191981640893,1.0,0.42694856060017095,0.013888888888888888,0.18147995039272427,3,0,5,1,0.03,0.05,18,43,probabilistic,16,166
4,"DoubleCrosser: (D, D)",2.630873060971556,0.6878470080197409,3.0,1.0,0.5809491374746898,0.09472427899231631,0.20223194909798753,0.1220946344350064,1.0,0.7871661465263411,0.0,0.0,3,0,5,1,0.03,0.05,18,43,probabilistic,16,166
5,Tit For Tat,2.550914111879024,0.7496503496503496,0.0,1.0,0.609871515815828,0.1468661076257853,0.13307578676557935,0.11018658979280736,1.0,0.0,1.0,0.0,3,0,5,1,0.03,0.05,18,43,probabilistic,16,166
6,Win-Stay Lose-Shift,2.5488759544114132,0.7599827325706885,1.0,1.0,0.6300566418689316,0.13569287235739494,0.11252566191660866,0.1217248238570647,1.0,0.0,0.0,1.0,3,0,5,1,0.03,0.05,18,43,probabilistic,16,166
7,Cycler DC,2.462906620021731,0.4855238491980837,7.0,0.0,0.20986401644971767,0.27528790240407447,0.2602603312164183,0.2545877499297896,0.0,0.0,1.0,1.0,3,0,5,1,0.03,0.05,18,43,probabilistic,16,166
8,GTFT: 0.33,2.4243530823181985,0.8365546218487395,0.0,1.0,0.6447680414061611,0.18790281154072677,0.08274272979310626,0.08458641726000585,1.0,0.3477979985805824,1.0,0.318226911976912,3,0,5,1,0.03,0.05,18,43,probabilistic,16,166
9,Bully,2.4191362586675242,0.5,8.0,0.0,0.16380662773206214,0.35347491958868926,0.28486531668167925,0.19785313599756946,0.0,1.0,0.0,1.0,3,0,5,1,0.03,0.05,18,43,probabilistic,16,166
10,Random: 0.5,2.3908615324017797,0.5019439328831594,7.0,0.4740740740740741,0.23779569358023347,0.26263695418138727,0.23475637097840646,0.2648109812599728,0.5092048264747434,0.47898216242078817,0.5176789576985726,0.5038755039320155,3,0,5,1,0.03,0.05,18,43,probabilistic,16,166
11,Alternator,2.3563914512167665,0.5172413793103449,4.5,1.0,0.2452865757116324,0.27271088704321217,0.2426523067225987,0.23935023052255675,0.0,0.0,1.0,1.0,3,0,5,1,0.03,0.05,18,43,probabilistic,16,166
12,Tit For 2 Tats,2.26915323317656,0.8985409652076318,0.0,1.0,0.6819583008012621,0.19807624488029746,0.03132028365223229,0.08864517066620817,1.0,0.7419649669586695,1.0,0.0,3,0,5,1,0.03,0.05,18,43,probabilistic,16,166
13,Win-Shift Lose-Stay: D,2.2564579868781767,0.5805052790346908,7.0,0.0,0.21614781278721323,0.37025338338304636,0.2504973869213716,0.16310141690836888,0.0,1.0,1.0,0.0,3,0,5,1,0.03,0.05,18,43,probabilistic,16,166
14,Cooperator,2.0137611408199643,1.0,0.0,1.0,0.6698487898259332,0.33015121017406684,0.0,0.0,1.0,1.0,0.0,0.0,3,0,5,1,0.03,0.05,18,43,probabilistic,16,166
15,Anti Tit For Tat,1.8887163571848935,0.6260640453992704,5.0,1.0,0.19985803092631924,0.42755533733076434,0.1942396603759676,0.17834697136694888,0.0,1.0,0.0,1.0,3,0,5,1,0.03,0.05,18,43,probabilistic,16,166
0,Grudger,2.6404451205315564,0.5178201885490917,3.0,1.0,0.5111714003733094,0.019589382274741725,0.16276580850964306,0.3064734088423058,1.0,0.0,0.0,0.0,3,0,5,1,0.0,0.04,89,98,probabilistic,13,167
1,Defector,2.6250271798217004,0.0,11.0,0.0,0.0,0.0,0.3588298471026687,0.6411701528973314,0.0,0.0,0.0,0.0,3,0,5,1,0.0,0.04,89,98,probabilistic,13,167
2,"DoubleCrosser: (D, D)",2.5101991088833193,0.6788306532461804,2.0,1.0,0.6084173650062125,0.06898706677151863,0.1315177094801897,0.1910778587420792,1.0,0.8119538613502469,0.0,0.0,3,0,5,1,0.0,0.04,89,98,probabilistic,13,167
3,Tit For Tat,2.459516178266178,0.6797041001023059,0.0,1.0,0.5496676203871443,0.13856545226543304,0.12579459986624567,0.18597232748117698,1.0,0.0,1.0,0.0,3,0,5,1,0.0,0.04,89,98,probabilistic,13,167
4,Meta Winner: 12 players,2.443236456975953,0.11904013824522819,8.0,1.0,0.07392101748663131,0.04543440070338,0.3207998797722646,0.5598447020377241,0.5045483943279866,0.3496254073864908,0.024347349453263178,0.03559203428709564,3,0,5,1,0.0,0.04,89,98,probabilistic,13,167
5,Soft Joss: 0.9,2.4013520792932557,0.7380494127813347,0.0,1.0,0.5956965870820178,0.13837142393517102,0.09432227374214353,0.17160971524066762,1.0,0.10023963824579014,1.0,0.10516028566571803,3,0,5,1,0.0,0.04,89,98,probabilistic,13,167
6,Suspicious Tit For Tat,2.372701594846466,0.4922281776416539,6.0,0.0,0.3171303099159778,0.1786913535300296,0.19937521480639933,0.3048031217475933,1.0,0.0,1.0,0.0,3,0,5,1,0.0,0.04,89,98,probabilistic,13,167
7,GTFT: 0.33,2.3353864734299514,0.8105451651412654,0.0,1.0,0.6372624633250198,0.17088272891149361,0.06122089418578427,0.13063391357770235,1.0,0.3393641583697901,1.0,0.31812459933346693,3,0,5,1,0.0,0.04,89,98,probabilistic,13,167
8,Bully,2.2879538512754887,0.5604136225694054,5.0,0.0,0.16750121761111592,0.38628351683446827,0.25575402457258517,0.1904612409818306,0.0,1.0,0.0,1.0,3,0,5,1,0.0,0.04,89,98,probabilistic,13,167
9,Win-Stay Lose-Shift,2.2567787274865982,0.7596100381806724,0.0,1.0,0.5759721822481885,0.18167769371145642,0.07077875167784738,0.17157137236250777,1.0,0.0,0.0,1.0,3,0,5,1,0.0,0.04,89,98,probabilistic,13,167
10,Random: 0.5,2.2551492370262864,0.4989476192367261,5.0,0.5337078651685393,0.21897930841654753,0.2801485485529313,0.21995681550635948,0.2809153275241616,0.5002726233150528,0.49459329779500744,0.4906218615415126,0.5077444867797256,3,0,5,1,0.0,0.04,89,98,probabilistic,13,167
11,Cycler DC,2.2480968576516775,0.4891441654823938,4.0,0.0,0.1522651089430414,0.33675606905431615,0.27466106859542605,0.23631775340721628,0.0,0.0,1.0,1.0,3,0,5,1,0.0,0.04,89,98,probabilistic,13,167
12,Cooperator,2.0106837606837606,1.0,0.0,1.0,0.6696107487273829,0.33038925127261703,0.0,0.0,1.0,1.0,0.0,0.0,3,0,5,1,0.0,0.04,89,98,probabilistic,13,167
0,Evolved HMM 5,2.8493839781759327,0.5536699707647863,6.0,1.0,0.49671734544203394,0.06749999121163046,0.2577040389790088,0.1780786243673268,0.9979842426213977,0.47016980785361795,0.013587790653058093,0.1878322054225648,3,0,5,1,0.1,0.03,98,163,probabilistic,18,168
1,Grudger,2.8235543820141755,0.47109042942986956,6.0,1.0,0.42464311023212437,0.01850277693697974,0.2742820234113687,0.2825720894195272,1.0,0.0,0.0,0.0,3,0,5,1,0.1,0.03,98,163,probabilistic,18,168
2,"DoubleCrosser: (D, D)",2.6723792636948436,0.5644483082873516,5.0,1.0,0.5123440580594508,0.06015907472397294,0.23563736803959767,0.19185949917697856,1.0,0.7881825783148708,0.026500142193572853,0.0,3,0,5,1,0.1,0.03,98,163,probabilistic,18,168
3,Defector,2.6447752100650312,0.0,15.0,0.0,0.0,0.0,0.37137700649468036,0.6286229935053197,0.0,0.0,0.0,0.0,3,0,5,1,0.1,0.03,98,163,probabilistic,18,168
4,Meta Winner: 16 players,2.558456954959979,0.08699133467376026,12.0,1.0,0.051496691097981,0.036569065776972574,0.3899722149393317,0.5219620281857147,0.5583919827061963,0.4182139570505327,0.019943952034586328,0.024202336608475285,3,0,5,1,0.1,0.03,98,163,probabilistic,18,168
5,Tit For Tat,2.4566643340987255,0.6629626261707738,0.0,1.0,0.4969084332221134,0.17342667234230308,0.16308256595490261,0.16658232848068086,1.0,0.0,1.0,0.0,3,0,5,1,0.1,0.03,98,163,probabilistic,18,168
6,Win-Stay Lose-Shift,2.391696603742826,0.6936768500168269,1.0,1.0,0.5169330897769617,0.1796736698151719,0.13368142641465075,0.16971181399321555,1.0,0.0,0.0,1.0,3,0,5,1,0.1,0.03,98,163,probabilistic,18,168
7,Suspicious Tit For Tat,2.347821059483593,0.5117676238769774,9.0,0.0,0.33937031608304813,0.16868235892185932,0.18473327251003968,0.3072140524850528,1.0,0.0,1.0,0.0,3,0,5,1,0.1,0.03,98,163,probabilistic,18,168
8,GTFT: 0.33,2.318727989931449,0.7877926822517851,0.0,1.0,0.576767371833891,0.21010809171397019,0.09435439383046579,0.11877014262167292,1.0,0.3297818427778151,1.0,0.33950474056578717,3,0,5,1,0.1,0.03,98,163,probabilistic,18,168
9,Cycler DC,2.2532179169308373,0.49186222558667675,6.0,0.0,0.18942934231292335,0.3023608738683947,0.25494710296580936,0.2532626808528725,0.0,0.0,1.0,1.0,3,0,5,1,0.1,0.03,98,163,probabilistic,18,168
10,Meta Mixer: 16 players,2.207853680774694,0.48238590872698156,7.0,0.6512605042016807,0.248704878613451,0.23488034127663435,0.21719329180724167,0.299221488302673,0.5710268582805569,0.4179882177553135,0.549921443252269,0.4073503306149111,3,0,5,1,0.1,0.03,98,163,probabilistic,18,168
11,Bully,2.207245745127972,0.5557612546059776,8.0,0.0,0.17682778049692255,0.3700607365978859,0.2599600019828941,0.19315148092229753,0.0,1.0,0.0,1.0,3,0,5,1,0.1,0.03,98,163,probabilistic,18,168
12,Tit For 2 Tats,2.203603722991948,0.8265955794813397,0.0,1.0,0.6342348907787884,0.19147118883453673,0.03665753758728098,0.13763638279939397,1.0,0.7433095955578202,1.0,0.0,3,0,5,1,0.1,0.03,98,163,probabilistic,18,168
13,Random: 0.5,2.1791961551087446,0.49651130848823366,7.0,0.503001200480192,0.21735939916919098,0.27945462424549256,0.22395539197523495,0.27923058461008143,0.4797030766026935,0.4974158853563563,0.49887657268180385,0.49977144926973155,3,0,5,1,0.1,0.03,98,163,probabilistic,18,168
14,Alternator,2.1609385211325147,0.5075929386577644,4.0,1.0,0.20159086919843552,0.3060579190471404,0.2445378221545533,0.2478133895998708,0.0,0.0,1.0,1.0,3,0,5,1,0.1,0.03,98,163,probabilistic,18,168
15,Win-Shift Lose-Stay: D,2.1338626235357285,0.5576174690112424,7.0,0.0,0.20044235023441503,0.35967883652966576,0.21789010653318222,0.22198870670273702,0.0,1.0,1.0,0.0,3,0,5,1,0.1,0.03,98,163,probabilistic,18,168
16,Cooperator,1.917945280077633,1.0,0.0,1.0,0.6331539049099435,0.36684609509005667,0.0,0.0,1.0,1.0,0.0,0.0,3,0,5,1,0.1,0.03,98,163,probabilistic,18,168
17,Anti Tit For Tat,1.8820020053677546,0.6148166598466384,5.0,1.0,0.19582648536695474,0.4273307619320179,0.19279751328444247,0.18404523941658493,0.0,1.0,0.0,1.0,3,0,5,1,0.1,0.03,98,163,probabilistic,18,168
0,Grudger,2.9028306878306878,0.5447495731360273,5.0,1.0,0.5057013426560121,0.05142776635756414,0.2741310573093208,0.16873983367710294,1.0,0.0,0.0,0.0,3,0,5,1,0.02,0.08,98,18,probabilistic,16,169
1,Evolved HMM 5,2.7735792094615626,0.681917672809433,4.0,1.0,0.5987501427365407,0.08721638618410042,0.226746918965102,0.08728655211425695,0.9985856824566502,0.4953130596958307,0.01048951048951049,0.12624293816954368,3,0,5,1,0.02,0.08,98,18,probabilistic,16,169
2,Bully,2.73037518037518,0.42209017825934986,9.0,0.0,0.17330446941252,0.25643616321404206,0.3469036610222183,0.22335570635121957,0.0,1.0,0.0,1.0,3,0,5,1,0.02,0.08,98,18,probabilistic,16,169
3,Suspicious Tit For Tat,2.6136139813345696,0.5010554461018857,8.5,0.0,0.3116257617357166,0.1894155145969011,0.24869087556857616,0.2502678480988061,1.0,0.0,1.0,0.0,3,0,5,1,0.02,0.08,98,18,probabilistic,16,169
4,Cycler DC,2.599567007067007,0.47856938073394495,7.0,0.0,0.21835463928500365,0.26011217863385544,0.31884867228881963,0.20268450979232133,0.0,0.0,1.0,1.0,3,0,5,1,0.02,0.08,98,18,probabilistic,16,169
5,Win-Shift Lose-Stay: D,2.577385800474036,0.5342167998878138,8.0,0.0,0.23216906847910854,0.306046147975415,0.29172160634063304,0.17006317720484349,0.0,1.0,1.0,0.0,3,0,5,1,0.02,0.08,98,18,probabilistic,16,169
6,Tit For Tat,2.5618723759900233,0.7703155045936899,0.0,1.0,0.591681144725466,0.18119431538406283,0.1538049889464965,0.07331955094397477,1.0,0.0,1.0,0.0,3,0,5,1,0.02,0.08,98,18,probabilistic,16,169
7,Soft Joss: 0.9,2.555568783068783,0.7904166074221527,0.0,1.0,0.6180723765258306,0.17973482891519438,0.13296806504309064,0.06922472951588445,1.0,0.09483331630434629,1.0,0.09684411845098284,3,0,5,1,0.02,0.08,98,18,probabilistic,16,169
8,Win-Stay Lose-Shift,2.5385187035187036,0.7478761496875658,1.0,1.0,0.5975707501543577,0.14959594945861573,0.13133563339912688,0.12149766698789964,1.0,0.0,0.0,1.0,3,0,5,1,0.02,0.08,98,18,probabilistic,16,169
9,Meta Winner: 14 players,2.505377340524399,0.46100933051828646,7.0,1.0,0.2595757228902885,0.20000645662300567,0.3220539286156162,0.2183638918710895,0.5217113966554607,0.7901756573587047,0.08738722172561254,0.47272806958341984,3,0,5,1,0.02,0.08,98,18,probabilistic,16,169
10,Random: 0.5,2.5004328079328078,0.5035023233233927,7.0,0.5027210884353741,0.2726521997876793,0.23091212502264213,0.26874677740605774,0.22768889778362075,0.4989991002545031,0.5139467969968009,0.49189280735934704,0.5070455774754138,3,0,5,1,0.02,0.08,98,18,probabilistic,16,169
11,Meta Mixer: 14 players,2.4574787521846346,0.5882434301521439,6.0,0.6755102040816326,0.3664623855320016,0.22029461860404534,0.22246673106493997,0.1907762647990132,0.6655608955959743,0.4409409839904659,0.6507371188297479,0.43411458278743315,3,0,5,1,0.02,0.08,98,18,probabilistic,16,169
12,GTFT: 0.33,2.4305555555555554,0.8432635922681532,0.0,1.0,0.6496616541710598,0.19620141379272016,0.09359816695675353,0.060538765079466414,1.0,0.33271451537524094,1.0,0.3307798223877945,3,0,5,1,0.02,0.08,98,18,probabilistic,16,169
13,Tit For 2 Tats,2.342389016212546,0.9120949403069926,0.0,1.0,0.7101742467998979,0.2046059281315662,0.04092166578211186,0.044298159286424034,1.0,0.760371150347741,1.0,0.0,3,0,5,1,0.02,0.08,98,18,probabilistic,16,169
14,Anti Tit For Tat,2.302503340885694,0.5584110581762062,7.0,1.0,0.23986651597391573,0.3128532409861063,0.2576328435521561,0.1896473994878218,0.0,1.0,0.0,1.0,3,0,5,1,0.02,0.08,98,18,probabilistic,16,169
15,Cooperator,2.1065673705379586,1.0,0.0,1.0,0.6954814416188173,0.3045185583811827,0.0,0.0,1.0,1.0,0.0,0.0,3,0,5,1,0.02,0.08,98,18,probabilistic,16,169
0,Defector,2.9232079847979175,0.0,17.0,0.0,0.0,0.0,0.40631981474274675,0.5936801852572532,0.0,0.0,0.0,0.0,3,0,5,1,0.05,0.09,98,108,probabilistic,20,170
1,Grudger,2.739044250741232,0.5298351407868501,5.0,1.0,0.507451976202522,0.04343000052963198,0.22862707322830242,0.22049095003954358,1.0,0.0,0.0,0.0,3,0,5,1,0.05,0.09,98,108,probabilistic,20,170
2,Evolved FSM 16,2.6527878260425948,0.6546092184368737,3.5,1.0,0.5462837305963276,0.12170154505312895,0.2090123142324674,0.12300241011807604,0.9283432897765145,0.4327750322657553,0.3087568508944535,0.28380304420629465,3,0,5,1,0.05,0.09,98,108,probabilistic,20,170
3,Suspicious Tit For Tat,2.631689092641105,0.514375150493619,11.0,0.0,0.3168266884431268,0.18697116021044421,0.23591471423446594,0.260287437111963,1.0,0.0,1.0,0.0,3,0,5,1,0.05,0.09,98,108,probabilistic,20,170
4,Evolved HMM 5,2.587385889315188,0.6819333463262522,3.0,1.0,0.5766214542448789,0.09830932858548158,0.18843049801130488,0.1366387191583346,1.0,0.4928089036842117,0.011411220882806128,0.1808826706349263,3,0,5,1,0.05,0.09,98,108,probabilistic,20,170
5,Cycler DC,2.522588968433844,0.4763962925611103,8.5,0.0,0.18149448036108407,0.29459043746420976,0.29465929068421043,0.2292557914904958,0.0,0.0,1.0,1.0,3,0,5,1,0.05,0.09,98,108,probabilistic,20,170
6,Win-Shift Lose-Stay: D,2.5181814240918934,0.535965942454492,9.0,0.0,0.20845332294315222,0.32605576870453096,0.26349074717581095,0.20200016117650574,0.0,1.0,1.0,0.0,3,0,5,1,0.05,0.09,98,108,probabilistic,20,170
7,Bully,2.4919024253165527,0.498898420287817,10.0,0.0,0.16175134475879005,0.33651085927248486,0.2916729879909741,0.21006480797775112,0.0,1.0,0.0,1.0,3,0,5,1,0.05,0.09,98,108,probabilistic,20,170
8,Tit For Tat,2.489482885535517,0.7375287797390637,0.0,1.0,0.5630346023423887,0.16901844859973864,0.1419509085233005,0.12599604053457228,1.0,0.0,1.0,0.0,3,0,5,1,0.05,0.09,98,108,probabilistic,20,170
9,Meta Winner: 18 players,2.474132837406831,0.23942140609590007,11.0,1.0,0.1503112185627864,0.09064678635140244,0.33768533223074515,0.4213566628550661,0.5682553833989599,0.3838353789850238,0.03311800604019129,0.08048595012159315,3,0,5,1,0.05,0.09,98,108,probabilistic,20,170
10,Meta Mixer: 18 players,2.458311563008864,0.5280820205051263,7.0,0.6847475832438239,0.3071155105302113,0.22355996708206782,0.22303602762929287,0.24628849475842807,0.6107461328384249,0.4002356440596465,0.6163361156446105,0.40317586489616425,3,0,5,1,0.05,0.09,98,108,probabilistic,20,170
11,Win-Stay Lose-Shift,2.4312156076230544,0.7437559580552907,1.0,1.0,0.5778424248386484,0.16628875001756863,0.11517963257702961,0.1406891925667533,1.0,0.0,0.0,1.0,3,0,5,1,0.05,0.09,98,108,probabilistic,20,170
12,Soft Joss: 0.9,2.41399426167228,0.7562344139650873,0.0,1.0,0.5854896962776108,0.17343183985453195,0.11935953217433835,0.12171893169351898,1.0,0.09684118802946265,1.0,0.10015310621399477,3,0,5,1,0.05,0.09,98,108,probabilistic,20,170
13,Random: 0.5,2.399994334938322,0.5007793472966391,8.0,0.5048335123523093,0.23984915853911107,0.26084508872231515,0.2439812065019563,0.25532454623661754,0.5082069256496018,0.5072627109256955,0.49701456225604307,0.48596705299757686,3,0,5,1,0.05,0.09,98,108,probabilistic,20,170
14,"DoubleCrosser: (D, D)",2.3969311720160618,0.7487035539273991,2.0,1.0,0.6109556666802658,0.13492720157763036,0.13676527941966155,0.11735185232244226,1.0,0.8224764605305925,0.007518796992481203,0.0,3,0,5,1,0.05,0.09,98,108,probabilistic,20,170
15,Alternator,2.386233826317273,0.5234717196724433,6.0,1.0,0.22738253322262422,0.2962405247384073,0.2666452214228976,0.2097317206160708,0.0,0.0,1.0,1.0,3,0,5,1,0.05,0.09,98,108,probabilistic,20,170
16,GTFT: 0.33,2.360013220951436,0.8222847066673021,0.0,1.0,0.6219464876197678,0.20129520933447048,0.08730952553663292,0.0894487775091288,1.0,0.3260900154839409,1.0,0.3493695224413082,3,0,5,1,0.05,0.09,98,108,probabilistic,20,170
17,Tit For 2 Tats,2.246185427919174,0.8666700272204859,0.0,1.0,0.6827105715407064,0.1894552979026392,0.028711402410071238,0.09912272814658322,1.0,0.7602873434313975,1.0,0.0,3,0,5,1,0.05,0.09,98,108,probabilistic,20,170
18,Anti Tit For Tat,2.0993975336552104,0.611306765523633,6.0,1.0,0.215598080543042,0.3947904477899454,0.20968781483316729,0.1799236568338453,0.0,1.0,0.0,1.0,3,0,5,1,0.05,0.09,98,108,probabilistic,20,170
19,Cooperator,2.064072112098428,1.0,0.0,1.0,0.6796293382312536,0.32037066176874646,0.0,0.0,1.0,1.0,0.0,0.0,3,0,5,1,0.05,0.09,98,108,probabilistic,20,170
0,Defector,2.701303634636968,0.0,9.0,0.0,0.0,0.0,0.34457194633263377,0.6554280536673662,0.0,0.0,0.0,0.0,3,0,5,1,0.02,0.07,81,149,probabilistic,10,171
1,Grudger,2.5556437389770723,0.4180449638506487,3.0,1.0,0.3746557012116585,0.045276425205072184,0.24361245094729966,0.3364554226359697,1.0,0.0,0.0,0.0,3,0,5,1,0.02,0.07,81,149,probabilistic,10,171
2,Cycler DC,2.3772633744855964,0.48111609367214747,5.0,0.0,0.14818717866503658,0.33274163022255093,0.2859057714619628,0.23316541965044962,0.0,0.0,1.0,1.0,3,0,5,1,0.02,0.07,81,149,probabilistic,10,171
3,Tit For Tat,2.2900132275132274,0.605304829770388,0.0,1.0,0.4220341504187032,0.18637425210425307,0.155292293145329,0.23629930433171475,1.0,0.0,1.0,0.0,3,0,5,1,0.02,0.07,81,149,probabilistic,10,171
4,Meta Winner: 9 players,2.2647446689113355,0.16304917689000734,6.0,1.0,0.11177928758943641,0.053327472991612654,0.27203877355040523,0.5628544658685457,0.5688477195411306,0.42618645604506067,0.020596613880362036,0.021316014297457955,3,0,5,1,0.02,0.07,81,149,probabilistic,10,171
5,Soft Joss: 0.9,2.223679472829381,0.6445417454473082,0.0,1.0,0.4341417078033158,0.20703712962994658,0.13740371720708452,0.22141744535965308,1.0,0.10681939950718457,1.0,0.09184990494833725,3,0,5,1,0.02,0.07,81,149,probabilistic,10,171
6,Alternator,2.132773291252823,0.5185728250244379,3.0,1.0,0.18351739857077462,0.3352473041189031,0.2540562064407123,0.22717909086960994,0.0,0.0,1.0,1.0,3,0,5,1,0.02,0.07,81,149,probabilistic,10,171
7,Random: 0.5,2.0986484932137106,0.5040446841294299,4.0,0.5061728395061729,0.20848710572218535,0.29521757649443114,0.2043309700399021,0.2919643477434814,0.5051484340037911,0.49454916072902727,0.5154680949206704,0.5060241631879321,3,0,5,1,0.02,0.07,81,149,probabilistic,10,171
8,Tit For 2 Tats,1.9478202422232274,0.7761830473218929,0.0,1.0,0.5343228383322222,0.23363999251055434,0.03110501285376691,0.20093215630345665,1.0,0.7076423931412436,1.0,0.0,3,0,5,1,0.02,0.07,81,149,probabilistic,10,171
9,Anti Tit For Tat,1.9285693622010756,0.6371594373954952,3.0,1.0,0.24665625343447017,0.3874852421423251,0.1480298834405529,0.21782862098265185,0.0,1.0,0.0,1.0,3,0,5,1,0.02,0.07,81,149,probabilistic,10,171
0,Win-Stay Lose-Shift,3.090975201269319,0.7107558139534884,1.0,1.0,0.6666666666666665,0.07737731303661664,0.20823208490758302,0.04772393538913362,1.0,0.0,0.0,1.0,3,0,5,1,0.04,0.1,24,187,probabilistic,7,172
1,Grudger,2.9650974025974026,0.6888556469708302,1.0,1.0,0.6666666666666666,0.03570947570947571,0.1697578964245631,0.12786596119929453,1.0,0.0,0.0,0.0,3,0,5,1,0.04,0.1,24,187,probabilistic,7,172
2,Tit For Tat,2.8078703703703702,0.8984375,0.0,1.0,0.7156398104265403,0.15031335173515267,0.13404683783830704,0.0,1.0,0.0,1.0,0.0,3,0,5,1,0.04,0.1,24,187,probabilistic,7,172
3,Soft Joss: 0.9,2.8069800569800574,0.892904073587385,0.0,1.0,0.7563374603121272,0.13243290159647444,0.1112296380913983,0.0,1.0,0.08081261215073059,1.0,0.0,3,0,5,1,0.04,0.1,24,187,probabilistic,7,172
4,GTFT: 0.33,2.7814393939393938,0.926917510853835,0.0,1.0,0.8383938241732918,0.09959211890770824,0.06201405691899988,0.0,1.0,0.35,1.0,0.0,3,0,5,1,0.04,0.1,24,187,probabilistic,7,172
5,Suspicious Tit For Tat,2.3186026936026938,0.4075757575757576,2.0,0.0,0.15308159254527073,0.2306232311329349,0.2740386130666996,0.34225656325509485,1.0,0.0,1.0,0.0,3,0,5,1,0.04,0.1,24,187,probabilistic,7,172
6,Win-Shift Lose-Stay: D,1.9995400432900432,0.6381270903010033,2.0,0.0,0.15728950236668862,0.4546572830479165,0.22138654791872822,0.16666666666666666,0.0,1.0,1.0,0.0,3,0,5,1,0.04,0.1,24,187,probabilistic,7,172
0,Defector,3.0337163246084873,0.0,12.0,0.0,0.0,0.0,0.4919847475988562,0.5080152524011438,0.0,0.0,0.0,0.0,3,0,5,1,0.03,0.01,99,116,probabilistic,13,173
1,Meta Winner: 11 players,2.8894548169202654,0.027544379790126344,11.0,1.0,0.016427283098676814,0.011232486337623164,0.47363481756517983,0.4987054129985202,0.0,0.433554292929293,0.0,0.07805898408501356,3,0,5,1,0.03,0.01,99,116,probabilistic,13,173
2,Evolved HMM 5,2.861888205112912,0.5789538996091084,4.0,1.0,0.5138408937226099,0.06815862856773115,0.23056238411336416,0.18743809359629482,0.9987878787878788,0.3972960876575385,0.015139751552795032,0.200982921512149,3,0,5,1,0.03,0.01,99,116,probabilistic,13,173
3,"DoubleCrosser: (D, D)",2.8366994443954496,0.5587368161352001,4.0,1.0,0.5215297894173985,0.03198202788016255,0.22124388807849196,0.22524429462394702,1.0,0.7514059984592544,0.03504161191414805,0.0,3,0,5,1,0.03,0.01,99,116,probabilistic,13,173
4,Evolved FSM 16,2.827496720933958,0.6233817570906216,4.0,1.0,0.5127038260696177,0.1124789252139165,0.23323615677218515,0.14158109194428062,0.9011782710396654,0.4402155813092707,0.04218647442019552,0.44446961414967623,3,0,5,1,0.03,0.01,99,116,probabilistic,13,173
5,GTFT: 0.33,2.2509520749145406,0.7732524445430893,0.0,1.0,0.5816093077813589,0.18684288490407477,0.06732862817540239,0.16421917913916398,1.0,0.3326513355529281,1.0,0.3277137621042471,3,0,5,1,0.03,0.01,99,116,probabilistic,13,173
6,Tit For 2 Tats,2.248039685222748,0.7553516819571865,0.0,1.0,0.6100109188993977,0.14604696898169248,0.04348736873006772,0.2004547433888421,1.0,0.6140335138565047,1.0,0.0,3,0,5,1,0.03,0.01,99,116,probabilistic,13,173
7,Win-Stay Lose-Shift,2.1761968301361487,0.7753909454632656,0.0,1.0,0.6001388012651399,0.18220971202641725,0.03825314338773008,0.17939834332071278,1.0,0.0,0.0,1.0,3,0,5,1,0.03,0.01,99,116,probabilistic,13,173
8,Meta Mixer: 11 players,2.0654223289511253,0.4940475448459841,6.0,0.8232323232323232,0.23382567553374312,0.2607587429776214,0.20279479786562382,0.3026207836230117,0.5041388724210609,0.48135343971292194,0.48236645320266275,0.49676912690579916,3,0,5,1,0.03,0.01,99,116,probabilistic,13,173
9,Bully,2.0269219366338196,0.5730592755623531,6.0,0.0,0.1239254316901512,0.4553147950218028,0.28743152448478565,0.13332824880326025,0.0,1.0,0.0,1.0,3,0,5,1,0.03,0.01,99,116,probabilistic,13,173
10,Alternator,1.944791790951415,0.5026700777427286,3.0,1.0,0.23790140718732986,0.2647872879989504,0.16844033736468877,0.3288709674490311,0.0,0.0,1.0,1.0,3,0,5,1,0.03,0.01,99,116,probabilistic,13,173
11,Cooperator,1.8115957318543525,1.0,0.0,1.0,0.6013561846545696,0.3986438153454303,0.0,0.0,1.0,1.0,0.0,0.0,3,0,5,1,0.03,0.01,99,116,probabilistic,13,173
12,Anti Tit For Tat,1.5951525141932603,0.6694711390187637,4.0,1.0,0.13586396198106526,0.5364978736152612,0.19655635473430821,0.13108180966936542,0.0,1.0,0.0,1.0,3,0,5,1,0.03,0.01,99,116,probabilistic,13,173
0,Grudger,2.462674184588754,0.602723198896932,2.0,1.0,0.5776952931009081,0.014770153376573709,0.0783445201413031,0.32919003338121516,1.0,0.0,0.0,0.0,3,0,5,1,0.06,0.03,64,119,probabilistic,10,174
1,Tit For Tat,2.420180307895516,0.6807748234316576,0.0,1.0,0.590248101830229,0.0877764913734646,0.07836029306617542,0.24361511373013092,1.0,0.0,1.0,0.0,3,0,5,1,0.06,0.03,64,119,probabilistic,10,174
2,Defector,2.4064942405738026,0.0,9.0,0.0,0.0,0.0,0.2878465738571212,0.7121534261428788,0.0,0.0,0.0,0.0,3,0,5,1,0.06,0.03,64,119,probabilistic,10,174
3,"DoubleCrosser: (D, D)",2.3856803894454495,0.6864619755244755,1.0,1.0,0.6186789382945503,0.05308073035939741,0.05822918720021026,0.27001114414584193,1.0,0.7794848310508852,0.053156146179401995,0.0,3,0,5,1,0.06,0.03,64,119,probabilistic,10,174
4,Meta Winner: 8 players,2.3305864492830013,0.03162228932198737,8.0,1.0,0.028731897387416137,0.0034499443670726704,0.2723131008447726,0.6955050574007386,0.0,0.0,0.0,0.0,3,0,5,1,0.06,0.03,64,119,probabilistic,10,174
5,Tit For 2 Tats,2.3137566137566137,0.7900951799256885,0.0,1.0,0.6899786449073734,0.09427603206999509,0.005374121537825546,0.21037120148480584,1.0,0.7039497931965102,1.0,0.0,3,0,5,1,0.06,0.03,64,119,probabilistic,10,174
6,Win-Stay Lose-Shift,2.3112296789249536,0.7897621334538675,0.0,1.0,0.6257268024156332,0.16567006940721085,0.05021528859822728,0.15838783957892877,1.0,0.0,0.0,1.0,3,0,5,1,0.06,0.03,64,119,probabilistic,10,174
7,Alternator,2.200676046783556,0.5081613963260249,3.5,1.0,0.19512453184149642,0.3130953201010105,0.23627318317633556,0.2555069648811575,0.0,0.0,1.0,1.0,3,0,5,1,0.06,0.03,64,119,probabilistic,10,174
8,Meta Mixer: 8 players,2.1879573869048317,0.510758009898411,4.0,0.8767361111111112,0.3202209767747353,0.18425178049667276,0.14387154015160675,0.35165570257698525,0.7283870174362305,0.32247867171571404,0.7363333997386058,0.3320152662272561,3,0,5,1,0.06,0.03,64,119,probabilistic,10,174
9,Cooperator,2.1319414798718874,1.0,0.0,1.0,0.7055427129778198,0.2944572870221801,0.0,0.0,1.0,1.0,0.0,0.0,3,0,5,1,0.06,0.03,64,119,probabilistic,10,174
0,Grudger,3.2271044619582927,0.5182452755235231,3.0,1.0,0.5056280954524989,0.02206373040311718,0.342759343312571,0.12954883083181293,1.0,0.0,0.0,0.0,3,0,5,1,0.06,0.04,100,55,probabilistic,9,175
1,Evolved FSM 16,3.0724396145605577,0.6062109000732683,3.0,1.0,0.5111056768529944,0.09550950865642108,0.33097702326151957,0.062407791229064986,1.0,0.4772557792692021,0.047212456052235056,0.7110633727175081,3,0,5,1,0.06,0.04,100,55,probabilistic,9,175
2,Evolved HMM 5,3.0272067838444117,0.5859494315289326,3.0,1.0,0.5115720450971866,0.07468608357547209,0.32320726870938576,0.09053460261795579,1.0,0.4583573995411065,0.0,0.23589001447178004,3,0,5,1,0.06,0.04,100,55,probabilistic,9,175
3,Defector,3.0253517316017318,0.0,7.0,0.0,0.0,0.0,0.49984955826441946,0.5001504417355805,0.0,0.0,0.0,0.0,3,0,5,1,0.06,0.04,100,55,probabilistic,9,175
4,Tit For Tat,2.4685782967032965,0.7151318730442557,0.0,1.0,0.6017935001526171,0.11505350869107492,0.1010587543854362,0.18209423677087172,1.0,0.0,1.0,0.0,3,0,5,1,0.06,0.04,100,55,probabilistic,9,175
5,Win-Shift Lose-Stay: D,2.0952876819023842,0.5793421491276809,3.5,0.0,0.19291600832207356,0.3793249919152857,0.2193812417305645,0.20837775803207628,0.0,1.0,1.0,0.0,3,0,5,1,0.06,0.04,100,55,probabilistic,9,175
6,Bully,1.9702787882057404,0.6070092429577465,3.0,0.0,0.06899572017990785,0.5294927901754896,0.305077597515369,0.09643389212923353,0.0,1.0,0.0,1.0,3,0,5,1,0.06,0.04,100,55,probabilistic,9,175
7,Cooperator,1.7002747252747252,1.0,0.0,1.0,0.5661708040706392,0.4338291959293607,0.0,0.0,1.0,1.0,0.0,0.0,3,0,5,1,0.06,0.04,100,55,probabilistic,9,175
8,Anti Tit For Tat,1.443944806559279,0.7290439510647938,2.0,1.0,0.097816513699128,0.6437313393012459,0.17138036146820176,0.08707178553142439,0.0,1.0,0.0,1.0,3,0,5,1,0.06,0.04,100,55,probabilistic,9,175
0,Defector,3.209389893260861,0.0,12.0,0.0,0.0,0.0,0.4740910902021245,0.5259089097978754,0.0,0.0,0.0,0.0,3,0,5,1,0.03,0.09,77,164,probabilistic,13,176
1,Bully,2.7837907188046844,0.4394747235387046,7.0,0.0,0.13423330070530112,0.3154548997218202,0.3691381420053201,0.18117365756755857,0.0,1.0,0.0,1.0,3,0,5,1,0.03,0.09,77,164,probabilistic,13,176
2,Grudger,2.7060576651609263,0.6145372375482535,3.0,1.0,0.5376638040098262,0.044540014379371405,0.20335495673719794,0.21444122487360442,1.0,0.0,0.0,0.0,3,0,5,1,0.03,0.09,77,164,probabilistic,13,176
3,Cycler DC,2.6704268292682927,0.4772818657016486,6.0,0.0,0.23051627022006363,0.24634815216018877,0.26452285149055577,0.2586127261291918,0.0,0.0,1.0,1.0,3,0,5,1,0.03,0.09,77,164,probabilistic,13,176
4,Meta Winner: 11 players,2.6528731052506007,0.21059268600252207,8.0,1.0,0.13365354646467567,0.07920674121846256,0.3704860765007125,0.41665363581614917,0.54838401161529,0.6276059698665268,0.0,0.12202683871532272,3,0,5,1,0.03,0.09,77,164,probabilistic,13,176
5,Tit For Tat,2.451893939393939,0.7214098237720284,0.0,1.0,0.5863220888789201,0.12591175119602407,0.09951359227468527,0.18825256765037057,1.0,0.0,1.0,0.0,3,0,5,1,0.03,0.09,77,164,probabilistic,13,176
6,Meta Mixer: 11 players,2.3829516275412077,0.5561517462110515,5.0,0.7229437229437229,0.3278317460295502,0.22964631734364402,0.20470046604667724,0.2378214705801286,0.6129286030699015,0.47256800767131985,0.5779132274494259,0.48923542727535596,3,0,5,1,0.03,0.09,77,164,probabilistic,13,176
7,"DoubleCrosser: (D, D)",2.2803312629399586,0.7335717046772323,1.0,1.0,0.5739931313631561,0.14781299188217464,0.1338189864825586,0.14437489027211076,1.0,0.8021219789681336,0.023622047244094488,0.0,3,0,5,1,0.03,0.09,77,164,probabilistic,13,176
8,GTFT: 0.33,2.2776515151515153,0.7960283687943263,0.0,1.0,0.6062864901294046,0.19295726764728094,0.06469836745145575,0.13605787477185877,1.0,0.323943036271819,1.0,0.3481573642816527,3,0,5,1,0.03,0.09,77,164,probabilistic,13,176
9,Win-Stay Lose-Shift,2.2668527937490786,0.7999064983637214,0.0,1.0,0.621731206365203,0.1784052589349066,0.04055260524898023,0.1593109294509103,1.0,0.0,0.0,1.0,3,0,5,1,0.03,0.09,77,164,probabilistic,13,176
10,Anti Tit For Tat,2.255194805194805,0.5938539042821158,5.0,1.0,0.19267133078261206,0.4012817358658534,0.25744006865907154,0.14860686469246304,0.0,1.0,0.0,1.0,3,0,5,1,0.03,0.09,77,164,probabilistic,13,176
11,Tit For 2 Tats,2.2245726495726497,0.8174097664543525,0.0,1.0,0.634128665917859,0.17816904542644244,0.03944220623327687,0.14826008242242175,1.0,0.6390029579674138,1.0,0.0,3,0,5,1,0.03,0.09,77,164,probabilistic,13,176
12,Cooperator,1.9196969696969697,1.0,0.0,1.0,0.6179747664435528,0.3820252335564473,0.0,0.0,1.0,1.0,0.0,0.0,3,0,5,1,0.03,0.09,77,164,probabilistic,13,176
0,Evolved HMM 5,3.002732798225293,0.6844806426419725,3.5,1.0,0.648484538136289,0.047733110706415754,0.20500061062695052,0.09878174053034468,0.9983818770226538,0.5612182830711469,0.03048780487804878,0.21193723399915693,3,0,5,1,0.03,0.02,24,47,probabilistic,14,177
1,Grudger,2.966304943230842,0.5773394790438418,5.0,1.0,0.5538344087331312,0.01544635280543592,0.22100862742665525,0.2097106110347777,1.0,0.0,0.0,0.0,3,0,5,1,0.03,0.02,24,47,probabilistic,14,177
2,"DoubleCrosser: (D, D)",2.878037355960066,0.7089451213162553,4.0,1.0,0.6644400882516582,0.049312161088559354,0.181344748703223,0.10490300195655945,1.0,0.8048188461747386,0.015873015873015872,0.0,3,0,5,1,0.03,0.02,24,47,probabilistic,14,177
3,Win-Stay Lose-Shift,2.6776993663389144,0.7466652438373707,1.0,1.0,0.6216080134980604,0.12522121572275927,0.13625546612080933,0.11691530465837108,1.0,0.0,0.0,1.0,3,0,5,1,0.03,0.02,24,47,probabilistic,14,177
4,Soft Joss: 0.9,2.6601398752439556,0.8155628460118926,0.0,1.0,0.6639750991050124,0.1454609514326547,0.11571223511746452,0.07485171434486838,1.0,0.0964125169959869,1.0,0.12034616415479454,3,0,5,1,0.03,0.02,24,47,probabilistic,14,177
5,Tit For Tat,2.6595328430434813,0.7531399355340669,0.0,1.0,0.6164952577032954,0.153718255325242,0.14442031870865277,0.08536616826280984,1.0,0.0,1.0,0.0,3,0,5,1,0.03,0.02,24,47,probabilistic,14,177
6,Meta Winner: 12 players,2.571409328126755,0.19688554938473266,8.5,1.0,0.1035325260155454,0.0956381765315446,0.36875339654737904,0.43207590090553094,0.49197483552329874,0.7581426908601242,0.03510057898190959,0.1398760841665641,3,0,5,1,0.03,0.02,24,47,probabilistic,14,177
7,Tit For 2 Tats,2.500031640784505,0.9207547169811321,0.0,1.0,0.7684094601130916,0.15359750740374445,0.026387458565002794,0.05160557391816112,1.0,0.8067887190437002,1.0,0.0,3,0,5,1,0.03,0.02,24,47,probabilistic,14,177
8,Suspicious Tit For Tat,2.404785707931495,0.5216457191964765,7.0,0.0,0.3738201483352805,0.1631926596758214,0.18301006314393634,0.2799771288449619,1.0,0.0,1.0,0.0,3,0,5,1,0.03,0.02,24,47,probabilistic,14,177
9,Meta Mixer: 12 players,2.3498295611773683,0.5424346335190742,6.0,0.6891025641025641,0.3317663939116475,0.2083975720048818,0.19862034363397066,0.26121569044950005,0.6830640309367565,0.3629796151871663,0.6600578038666811,0.3929268087781868,3,0,5,1,0.03,0.02,24,47,probabilistic,14,177
10,Cycler DC,2.2952554921759245,0.4887878474733905,5.0,0.0,0.18422633016969384,0.3044340425160033,0.28038882068703125,0.2309508066272716,0.0,0.0,1.0,1.0,3,0,5,1,0.03,0.02,24,47,probabilistic,14,177
11,Cooperator,2.260156843875623,1.0,0.0,1.0,0.7554356545715575,0.2445643454284425,0.0,0.0,1.0,1.0,0.0,0.0,3,0,5,1,0.03,0.02,24,47,probabilistic,14,177
12,Bully,2.1185066124625713,0.5626638699528055,5.5,0.0,0.17761761445839322,0.38555380323488886,0.23867146977003154,0.19815711253668636,0.0,1.0,0.0,1.0,3,0,5,1,0.03,0.02,24,47,probabilistic,14,177
13,Win-Shift Lose-Stay: D,2.083462321810529,0.6243463710520811,5.0,0.0,0.19921172714222454,0.43147939253436834,0.22417598735965527,0.14513289296375184,0.0,1.0,1.0,0.0,3,0,5,1,0.03,0.02,24,47,probabilistic,14,177
0,Grudger,2.9274074074074075,0.03456867019620056,3.0,1.0,0.014177729341937442,0.020616167411041872,0.4923223671650185,0.47288373608200224,1.0,0.0,0.0,0.0,3,0,5,1,0.03,0.02,67,159,probabilistic,4,178
1,Cycler DC,1.871629336846728,0.4941138698630137,1.0,0.0,0.08195592286501378,0.4121576304368439,0.26046329002094776,0.2454231566771945,0.0,0.0,1.0,1.0,3,0,5,1,0.03,0.02,67,159,probabilistic,4,178
2,Alternator,1.8333333333333333,0.5059893522626442,0.0,1.0,0.08863054523275278,0.4174343717781328,0.2558802542530806,0.23805482873603387,0.0,0.0,1.0,1.0,3,0,5,1,0.03,0.02,67,159,probabilistic,4,178
3,Random: 0.5,1.735224586288416,0.5074727497471626,1.0,0.5223880597014925,0.17232569377313015,0.3354044241524905,0.1769466823394623,0.315323199734917,0.5043784617202159,0.49945890600052295,0.5054471476676662,0.5036210903476538,3,0,5,1,0.03,0.02,67,159,probabilistic,4,178
0,Evolved HMM 5,2.942717682500964,0.6623088097069127,5.0,1.0,0.6218233390569559,0.04546916785015906,0.2075625247056725,0.12514496838721256,0.9982548753713032,0.4683956353083666,0.01175635477110267,0.16719441078427344,3,0,5,1,0.02,0.04,81,130,probabilistic,18,179
1,Evolved FSM 16,2.9398018466645914,0.669640787949015,5.0,1.0,0.5886986617116671,0.07277826171414059,0.22304995759215682,0.11547311898203577,0.9101057528552775,0.4863135063061132,0.252806991271602,0.24091270855381214,3,0,5,1,0.02,0.04,81,130,probabilistic,18,179
2,Grudger,2.9085910777249246,0.5789666209419296,6.0,1.0,0.5494941362049662,0.019392343825741353,0.22374731111567892,0.20736620885361354,1.0,0.0,0.0,0.0,3,0,5,1,0.02,0.04,81,130,probabilistic,18,179
3,"DoubleCrosser: (D, D)",2.774308743904465,0.6964224580623074,4.0,1.0,0.6420007508585609,0.060851050768618395,0.18538538647662275,0.11176281189619804,1.0,0.8003355355671493,0.11235955056179775,0.0,3,0,5,1,0.02,0.04,81,130,probabilistic,18,179
4,Suspicious Tit For Tat,2.6314509373204005,0.5961332832413374,10.0,0.0,0.39072452639558575,0.20374133582844228,0.2272960513014056,0.17823808647456635,1.0,0.0,1.0,0.0,3,0,5,1,0.02,0.04,81,130,probabilistic,18,179
5,Tit For Tat,2.627837484557572,0.7700273263339565,0.0,1.0,0.6035828819612521,0.15796556841139145,0.14759440442138863,0.09085714520596788,1.0,0.0,1.0,0.0,3,0,5,1,0.02,0.04,81,130,probabilistic,18,179
6,Soft Joss: 0.9,2.6044481518097435,0.7998988787437171,0.0,1.0,0.6496978784225275,0.150245949435255,0.11662655138266967,0.08342962075954785,1.0,0.0999076786812397,1.0,0.11464958435206016,3,0,5,1,0.02,0.04,81,130,probabilistic,18,179
7,GTFT: 0.33,2.5266664233931784,0.8544863896045704,0.0,1.0,0.6869476839003221,0.16494925297676155,0.08268317163063872,0.0654198914922777,1.0,0.3264200659049391,1.0,0.339436528246438,3,0,5,1,0.02,0.04,81,130,probabilistic,18,179
8,Meta Winner: 16 players,2.5138174685137895,0.24439854261697794,10.0,1.0,0.12329089308058527,0.12365676052135385,0.35780565307761014,0.3952466933204507,0.530534327166474,0.7386459083989063,0.046383679825852175,0.13138248257071272,3,0,5,1,0.02,0.04,81,130,probabilistic,18,179
9,Win-Stay Lose-Shift,2.469863418513185,0.7858839779005525,1.0,1.0,0.6416020552923463,0.14528183913281106,0.0768560221668011,0.13626008340804172,1.0,0.0,0.0,1.0,3,0,5,1,0.02,0.04,81,130,probabilistic,18,179
10,Tit For 2 Tats,2.4579185520361992,0.8967682996459975,0.0,1.0,0.7372581656795721,0.16369213612650582,0.03810761198459261,0.06094208620932939,1.0,0.7499256403662959,1.0,0.0,3,0,5,1,0.02,0.04,81,130,probabilistic,18,179
11,Cycler DC,2.447604395196732,0.49006905998516065,8.0,0.0,0.1846722382157878,0.30528777456049394,0.2837330652542028,0.22630692196951552,0.0,0.0,1.0,1.0,3,0,5,1,0.02,0.04,81,130,probabilistic,18,179
12,Random: 0.5,2.416985642970378,0.5001281284701461,8.0,0.5083514887436456,0.2376227391851413,0.26254088972502965,0.23974475337615075,0.26009161771367834,0.49920278551798997,0.5005922855983356,0.5044662452701489,0.5006314363948005,3,0,5,1,0.02,0.04,81,130,probabilistic,18,179
13,Bully,2.3977662974784364,0.5186077566186716,9.0,0.0,0.17160872005617467,0.34678488986856204,0.28849011340256814,0.19311627667269504,0.0,1.0,0.0,1.0,3,0,5,1,0.02,0.04,81,130,probabilistic,18,179
14,Meta Mixer: 16 players,2.3879853774362716,0.5338468214363202,8.0,0.7705156136528686,0.3161582958158345,0.22018826596671615,0.2158661933155814,0.24778724490186796,0.6374181517557849,0.41968306031961106,0.6063542916304469,0.40123246226230413,3,0,5,1,0.02,0.04,81,130,probabilistic,18,179
15,Alternator,2.3791585389732397,0.5095657031140902,6.0,1.0,0.20842428381738068,0.30123627398308933,0.2723798618006917,0.21795958039883834,0.0,0.0,1.0,1.0,3,0,5,1,0.02,0.04,81,130,probabilistic,18,179
16,Cooperator,2.1975995091648133,1.0,0.0,1.0,0.7272142912988472,0.27278570870115276,0.0,0.0,1.0,1.0,0.0,0.0,3,0,5,1,0.02,0.04,81,130,probabilistic,18,179
17,Anti Tit For Tat,2.1486124154822934,0.5907381217464568,7.0,1.0,0.2021396786126532,0.3918717437429434,0.22179058013473552,0.1841979975096678,0.0,1.0,0.0,1.0,3,0,5,1,0.02,0.04,81,130,probabilistic,18,179
0,Defector,2.8306107584321234,0.0,16.0,0.0,0.0,0.0,0.39775870996216856,0.6022412900378313,0.0,0.0,0.0,0.0,3,0,5,1,0.06,0.08,73,141,probabilistic,19,180
1,Grudger,2.7276959784648014,0.5202643429440318,5.0,1.0,0.4739295730199768,0.04116057718041224,0.2416578754197149,0.24325197437989607,1.0,0.0,0.0,0.0,3,0,5,1,0.06,0.08,73,141,probabilistic,19,180
2,Evolved FSM 16,2.672562710493745,0.6291851304775973,4.0,1.0,0.5168847067961405,0.12193049055283432,0.22737437612172787,0.1338104265292973,0.9130474955841541,0.4409108357425418,0.2848478023725933,0.2819430541316417,3,0,5,1,0.06,0.08,73,141,probabilistic,19,180
3,Suspicious Tit For Tat,2.628881666543757,0.5248115577889447,10.0,0.0,0.34457099341030356,0.1756312947070979,0.22279378032240915,0.25700393156018947,1.0,0.0,1.0,0.0,3,0,5,1,0.06,0.08,73,141,probabilistic,19,180
4,Evolved HMM 5,2.5891107697559312,0.6318113093438161,4.0,1.0,0.5441567793215373,0.09551277362826428,0.2107703836879902,0.14956006336220842,0.9991197183098591,0.48637843097566485,0.007541208791208791,0.18391838279670367,3,0,5,1,0.06,0.08,73,141,probabilistic,19,180
5,Win-Shift Lose-Stay: D,2.5358049218076926,0.5173829218234964,9.0,0.0,0.21762902799284023,0.306166555655103,0.2662884003779855,0.2099160159740713,0.0,1.0,1.0,0.0,3,0,5,1,0.06,0.08,73,141,probabilistic,19,180
6,Cycler DC,2.4969953641052935,0.4791805161056385,8.0,0.0,0.18094839490819387,0.29801125912091836,0.29061108995860585,0.2304292560122819,0.0,0.0,1.0,1.0,3,0,5,1,0.06,0.08,73,141,probabilistic,19,180
7,Meta Winner: 17 players,2.473037417829085,0.22264599224709267,11.0,1.0,0.1359979672009569,0.08927847387390582,0.34316865194014134,0.431554906984996,0.5798287156430877,0.3916236598372257,0.02612115001670322,0.07069384138576115,3,0,5,1,0.06,0.08,73,141,probabilistic,19,180
8,Tit For Tat,2.4665548923701097,0.7189384800965019,0.0,1.0,0.5366002397017631,0.17382521686144667,0.14887125850732574,0.14070328492946452,1.0,0.0,1.0,0.0,3,0,5,1,0.06,0.08,73,141,probabilistic,19,180
9,Soft Joss: 0.9,2.408685856054277,0.7503508878989443,0.0,1.0,0.5651256571373381,0.17815510344864863,0.12374347427190864,0.1329757651421045,1.0,0.09802727758956044,1.0,0.09947700267366794,3,0,5,1,0.06,0.08,73,141,probabilistic,19,180
10,Bully,2.3978569107955074,0.5153818093385214,8.0,0.0,0.15654755134969564,0.360873386878969,0.28016368535545005,0.20241537641588525,0.0,1.0,0.0,1.0,3,0,5,1,0.06,0.08,73,141,probabilistic,19,180
11,"DoubleCrosser: (D, D)",2.3871933621933623,0.7434522709065139,2.0,1.0,0.5888245050915292,0.1367880674833828,0.1477668402690857,0.12662058715600238,1.0,0.821190113753681,0.02654867256637168,0.0,3,0,5,1,0.06,0.08,73,141,probabilistic,19,180
12,Meta Mixer: 17 players,2.3753935244131323,0.5194401244167963,7.0,0.6727549467275494,0.29188795843377385,0.23072508229159006,0.2152149723303859,0.26217198694425015,0.6238166841544248,0.3970744703020866,0.6061186202459441,0.3935967102531551,3,0,5,1,0.06,0.08,73,141,probabilistic,19,180
13,Alternator,2.3564670034060375,0.5208539603960396,6.0,1.0,0.21876797151453423,0.3022810407275423,0.2629745939703361,0.21597639378758732,0.0,0.0,1.0,1.0,3,0,5,1,0.06,0.08,73,141,probabilistic,19,180
14,GTFT: 0.33,2.350810488228789,0.814396011915618,0.0,1.0,0.6100162705680222,0.2055941338507147,0.08854720853607224,0.09584238704519077,1.0,0.3254887848492749,1.0,0.3423315787405359,3,0,5,1,0.06,0.08,73,141,probabilistic,19,180
15,Random: 0.5,2.348941373008419,0.5010439734261309,7.0,0.5076103500761036,0.23842078330413752,0.26188304756855585,0.2372241872803263,0.26247198184698034,0.5149318536487891,0.47846383570311973,0.5037028374949505,0.5047248594911194,3,0,5,1,0.06,0.08,73,141,probabilistic,19,180
16,Tit For 2 Tats,2.2136321195144726,0.8706794174635915,0.0,1.0,0.6677423517647793,0.19645505426058904,0.030594859388723725,0.10520773458590794,1.0,0.7565808144543734,1.0,0.0,3,0,5,1,0.06,0.08,73,141,probabilistic,19,180
17,Anti Tit For Tat,2.066940521352286,0.622300600210383,6.0,1.0,0.20458729880035376,0.42111352448838596,0.202119740213219,0.17217943649804127,0.0,1.0,0.0,1.0,3,0,5,1,0.06,0.08,73,141,probabilistic,19,180
18,Cooperator,2.010141093474427,1.0,0.0,1.0,0.6577409946647841,0.3422590053352159,0.0,0.0,1.0,1.0,0.0,0.0,3,0,5,1,0.06,0.08,73,141,probabilistic,19,180
0,Tit For Tat,2.4,0.7502254283137962,0.0,1.0,0.6,0.12611587348507242,0.09447236180904522,0.17941176470588235,1.0,0.0,1.0,0.0,3,0,5,1,0.03,0.09,21,113,probabilistic,6,181
1,Defector,2.384126984126984,0.0,4.0,0.0,0.0,0.0,0.19439334866182617,0.8056066513381739,0.0,0.0,0.0,0.0,3,0,5,1,0.03,0.09,21,113,probabilistic,6,181
2,"DoubleCrosser: (D, D)",2.333333333333333,0.8447971781305115,0.0,1.0,0.7787878787878788,0.07515402992581416,0.0,0.14605809128630703,1.0,0.9,0.0,0.0,3,0,5,1,0.03,0.09,21,113,probabilistic,6,181
3,Suspicious Tit For Tat,2.3,0.34650735294117646,2.0,0.0,0.17878787878787877,0.1804237242932024,0.22085810541068054,0.41993029150823824,1.0,0.0,1.0,0.0,3,0,5,1,0.03,0.09,21,113,probabilistic,6,181
4,Win-Stay Lose-Shift,2.2848484848484847,0.789873417721519,0.0,1.0,0.6,0.17860172751049472,0.0661596958174905,0.15523857667201477,1.0,0.0,0.0,1.0,3,0,5,1,0.03,0.09,21,113,probabilistic,6,181
5,Grudger,2.2416083916083918,0.6042918454935622,0.0,1.0,0.6,0.0353798231511254,0.019791666666666666,0.3448285101822079,1.0,0.0,0.0,0.0,3,0,5,1,0.03,0.09,21,113,probabilistic,6,181
0,Grudger,2.8864087301587302,0.4593601714373182,5.0,1.0,0.410535896205607,0.04394483831771008,0.2751414529054594,0.27037781257122356,1.0,0.0,0.0,0.0,3,0,5,1,0.01,0.02,36,16,probabilistic,14,182
1,Evolved FSM 16,2.81689677843524,0.5987124463519313,4.0,1.0,0.4587237303644034,0.13762256977374562,0.2632802115507864,0.1403734883110646,0.9750000000000001,0.4576712075893635,0.40201505214560784,0.30952246883010004,3,0,5,1,0.01,0.02,36,16,probabilistic,14,182
2,"DoubleCrosser: (D, D)",2.6127060439560443,0.6905637254901961,3.0,1.0,0.5389930564097551,0.15121850589267224,0.17289454959421754,0.13689388810335512,1.0,0.7912033147135045,0.0,0.0,3,0,5,1,0.01,0.02,36,16,probabilistic,14,182
3,Meta Winner: 12 players,2.547326711749789,0.20580925753339546,9.0,1.0,0.1168799530703881,0.08906741251743465,0.3549026263471484,0.4391500080650289,0.610960259281634,0.5640357977136675,0.07475135623869801,0.1394068075726592,3,0,5,1,0.01,0.02,36,16,probabilistic,14,182
4,Defector,2.4958415516107824,0.0,11.0,0.0,0.0,0.0,0.373311326507099,0.626688673492901,0.0,0.0,0.0,0.0,3,0,5,1,0.01,0.02,36,16,probabilistic,14,182
5,Win-Stay Lose-Shift,2.310037878787879,0.6827639751552795,1.0,1.0,0.48988371113307116,0.19940833203188868,0.13423017128548526,0.17647778554955473,1.0,0.0,0.0,1.0,3,0,5,1,0.01,0.02,36,16,probabilistic,14,182
6,GTFT: 0.33,2.2460552268244576,0.7771553065670713,0.0,1.0,0.5559284753366364,0.2225505230625578,0.09274090849883912,0.1287800931019667,1.0,0.3172383823311544,1.0,0.32421462692242803,3,0,5,1,0.01,0.02,36,16,probabilistic,14,182
7,Suspicious Tit For Tat,2.185096153846154,0.42741194486983153,6.0,0.0,0.2794615304737524,0.1575814043844114,0.19352218648369346,0.3694348786581428,1.0,0.0,1.0,0.0,3,0,5,1,0.01,0.02,36,16,probabilistic,14,182
8,Meta Mixer: 12 players,2.1683675299059915,0.4913450849610926,5.0,0.5726495726495726,0.2532503983940778,0.23718876964935198,0.21226159942248438,0.29729923253408586,0.5660164379242182,0.4214793984067795,0.5474766157044518,0.41518779442710235,3,0,5,1,0.01,0.02,36,16,probabilistic,14,182
9,Tit For 2 Tats,2.1582167832167833,0.824196303773878,0.0,1.0,0.6206712090403743,0.2028764409609544,0.03702240862513629,0.13942994137353498,1.0,0.7276118043397496,1.0,0.0,3,0,5,1,0.01,0.02,36,16,probabilistic,14,182
10,Cycler DC,2.103898185148185,0.49467345993515516,4.0,0.0,0.21434590587855698,0.2802047749381392,0.22159138735560616,0.2838579318276977,0.0,0.0,1.0,1.0,3,0,5,1,0.01,0.02,36,16,probabilistic,14,182
11,Bully,1.9397981825866442,0.5526980119911644,4.5,0.0,0.1565225514751947,0.3973026837306879,0.2482747083282767,0.1979000564658407,0.0,1.0,0.0,1.0,3,0,5,1,0.01,0.02,36,16,probabilistic,14,182
12,Win-Shift Lose-Stay: D,1.86389652014652,0.5386740331491713,5.0,0.0,0.17389114566715705,0.3590801243981152,0.2136236867394474,0.25340504319528034,0.0,1.0,1.0,0.0,3,0,5,1,0.01,0.02,36,16,probabilistic,14,182
13,Anti Tit For Tat,1.5819978632478633,0.6701015072285451,3.5,1.0,0.1920278906660706,0.4768048861589944,0.16205404217298439,0.1691131810019506,0.0,1.0,0.0,1.0,3,0,5,1,0.01,0.02,36,16,probabilistic,14,182
0,Cycler DC,3.389490783887336,0.47442799461641993,5.0,0.0,0.20577377377045117,0.2676232387134836,0.440092599066397,0.0865103884496682,0.0,0.0,1.0,1.0,3,0,5,1,0.08,0.09,45,168,probabilistic,7,183
1,Meta Winner: 5 players,2.8155303030303034,0.5555208007507038,3.0,1.0,0.3209248579681137,0.23756301927586818,0.3578699798270588,0.0836421429289592,0.42040898861558834,0.2518190446061373,0.9268479330863757,0.6960403726708074,3,0,5,1,0.08,0.09,45,168,probabilistic,7,183
2,Tit For Tat,2.7656695156695155,0.8491436100131752,0.0,1.0,0.6440750264710332,0.1850846817301277,0.1641791714438752,0.006661120354963949,1.0,0.0,1.0,0.0,3,0,5,1,0.08,0.09,45,168,probabilistic,7,183
3,Meta Mixer: 5 players,2.734157363104732,0.7742248062015504,2.0,0.7851851851851852,0.6325908180119704,0.15126449185236396,0.15423358906965387,0.061911101066011755,0.833229867724552,0.5013799810443379,0.8756903695386201,0.37438505653402915,3,0,5,1,0.08,0.09,45,168,probabilistic,7,183
4,GTFT: 0.33,2.7045454545454546,0.8906985161056822,0.0,1.0,0.6984412168294929,0.18487002732219512,0.11668875584831195,0.0,1.0,0.29282008301404855,1.0,0.0,3,0,5,1,0.08,0.09,45,168,probabilistic,7,183
5,"DoubleCrosser: (D, D)",2.5833333333333335,0.8481054365733114,0.0,1.0,0.7390818248606608,0.10660467148013618,0.0755051630944424,0.07880834056476067,1.0,0.8742821935849961,0.0,0.0,3,0,5,1,0.08,0.09,45,168,probabilistic,7,183
6,Tit For 2 Tats,2.500638569604087,1.0,0.0,1.0,0.8244408720244355,0.17555912797556442,0.0,0.0,1.0,1.0,0.0,0.0,3,0,5,1,0.08,0.09,45,168,probabilistic,7,183
0,Grudger,2.771474358974359,0.5235960811935712,3.0,1.0,0.5,0.026711749485108773,0.23741916592034046,0.23586908459455075,1.0,0.0,0.0,0.0,3,0,5,1,0.07,0.05,83,162,probabilistic,11,184
1,Evolved HMM 5,2.757135217723453,0.6688046996762979,2.0,1.0,0.6049514124185873,0.06874259830322102,0.21759937867736384,0.10870661060082794,1.0,0.6141823611484317,0.0,0.22791712104689205,3,0,5,1,0.07,0.05,83,162,probabilistic,11,184
2,"DoubleCrosser: (D, D)",2.5533333333333332,0.6936497285426707,2.0,1.0,0.6238739817040294,0.07709061581326743,0.17521803100531214,0.1238173714773911,1.0,0.8222576073874881,0.0,0.0,3,0,5,1,0.07,0.05,83,162,probabilistic,11,184
3,Tit For Tat,2.518181818181818,0.7268920313163804,0.0,1.0,0.5541519026203818,0.16942721201633199,0.1550919099037329,0.12132897545955323,1.0,0.0,1.0,0.0,3,0,5,1,0.07,0.05,83,162,probabilistic,11,184
4,Soft Joss: 0.9,2.4972582972582975,0.7705567901976095,0.0,1.0,0.6123037270605941,0.1574249758056406,0.11962582049503016,0.11064547663873503,1.0,0.10568116264866359,1.0,0.09496852596607798,3,0,5,1,0.07,0.05,83,162,probabilistic,11,184
5,Suspicious Tit For Tat,2.324118999653514,0.5417573605223966,5.0,0.0,0.3632790323192896,0.1446115653117448,0.16885407392049342,0.32325532844847216,1.0,0.0,1.0,0.0,3,0,5,1,0.07,0.05,83,162,probabilistic,11,184
6,Tit For 2 Tats,2.272965440356745,0.87825124515772,0.0,1.0,0.7109289628453034,0.1611583357208686,0.01889671361502348,0.10901598781880473,1.0,0.8060372267143006,1.0,0.0,3,0,5,1,0.07,0.05,83,162,probabilistic,11,184
7,Cycler DC,2.2302171970186677,0.48766822970586443,3.0,0.0,0.14265356524687797,0.3448559373408577,0.2577507323863038,0.2547397650259605,0.0,0.0,1.0,1.0,3,0,5,1,0.07,0.05,83,162,probabilistic,11,184
8,Win-Shift Lose-Stay: D,2.207461861174676,0.5319676486215243,4.0,0.0,0.1879597518309803,0.3355758098633389,0.2146503300037795,0.26181410830190127,0.0,1.0,1.0,0.0,3,0,5,1,0.07,0.05,83,162,probabilistic,11,184
9,Defector,2.160889962750428,0.0,8.0,0.0,0.0,0.0,0.23228775632148846,0.7677122436785115,0.0,0.0,0.0,0.0,3,0,5,1,0.07,0.05,83,162,probabilistic,11,184
10,Bully,1.8056277056277057,0.6444807157538387,3.0,0.0,0.1687602423241748,0.4699568158722802,0.15816170328379195,0.203121238519753,0.0,1.0,0.0,1.0,3,0,5,1,0.07,0.05,83,162,probabilistic,11,184
0,Grudger,2.9555887127578306,0.5256312165263963,1.0,1.0,0.5,0.01571338780641106,0.24122014456316784,0.2430664676304211,1.0,0.0,0.0,0.0,3,0,5,1,0.1,0.03,10,199,probabilistic,5,185
1,Tit For 2 Tats,2.6538008820549495,0.8785992217898833,0.0,1.0,0.7908081271881995,0.10995523159042644,0.048982188295165395,0.05025445292620865,1.0,0.753125,1.0,0.0,3,0,5,1,0.1,0.03,10,199,probabilistic,5,185
2,Soft Joss: 0.9,2.6440108918185015,0.7960164835164835,0.0,1.0,0.695381129591656,0.1299081035923141,0.11302245512771827,0.06168831168831169,1.0,0.0814984951686995,1.0,0.0425531914893617,3,0,5,1,0.1,0.03,10,199,probabilistic,5,185
3,Suspicious Tit For Tat,2.3594926281393906,0.5925925925925926,2.5,0.0,0.4424716597986852,0.12139890034437777,0.13549578425202455,0.30063365560491245,1.0,0.0,1.0,0.0,3,0,5,1,0.1,0.03,10,199,probabilistic,5,185
4,Bully,1.9056015082492008,0.5470704410796576,2.0,0.0,0.16731310259914772,0.40485959550684225,0.24311464660229562,0.18471265529171438,0.0,1.0,0.0,1.0,3,0,5,1,0.1,0.03,10,199,probabilistic,5,185
0,Defector,2.893097899692327,0.0,12.0,0.0,0.0,0.0,0.40162526042452623,0.5983747395754738,0.0,0.0,0.0,0.0,3,0,5,1,0.1,0.08,73,69,probabilistic,13,186
1,Grudger,2.73953373015873,0.5562943262411347,4.0,1.0,0.532704117812114,0.03535784477284285,0.20387903891083967,0.22805899850420355,1.0,0.0,0.0,0.0,3,0,5,1,0.1,0.08,73,69,probabilistic,13,186
2,Evolved FSM 16,2.625925925925926,0.6838867275852709,3.0,1.0,0.5667239246831294,0.10879813368934937,0.17135217258932414,0.15312576903819716,0.8857459036439227,0.39758756232453085,0.24251712485367283,0.2575618683290527,3,0,5,1,0.1,0.08,73,69,probabilistic,13,186
3,Tit For Tat,2.5065212565212565,0.7213507045998405,0.0,1.0,0.5750199050135493,0.1513075955954099,0.128837242063825,0.14483525732721583,1.0,0.0,1.0,0.0,3,0,5,1,0.1,0.08,73,69,probabilistic,13,186
4,Soft Joss: 0.9,2.458249158249158,0.772133526850508,0.0,1.0,0.5925472363863028,0.1689535748943518,0.11735332788265312,0.12114586083669232,1.0,0.09679669338640634,1.0,0.10295849549972488,3,0,5,1,0.1,0.08,73,69,probabilistic,13,186
5,Cycler DC,2.429236121477501,0.4794079794079794,6.0,0.0,0.15921913464678805,0.3198994370741593,0.31213100397691246,0.20875042430214016,0.0,0.0,1.0,1.0,3,0,5,1,0.1,0.08,73,69,probabilistic,13,186
6,Win-Stay Lose-Shift,2.3920807453416146,0.7817181869903281,0.0,1.0,0.6188658469994887,0.16166055562022116,0.07794274273526694,0.14153085464502316,1.0,0.0,0.0,1.0,3,0,5,1,0.1,0.08,73,69,probabilistic,13,186
7,Alternator,2.391747372997373,0.5211125390123004,4.0,1.0,0.21214768329803657,0.30916733213652486,0.2811066628016456,0.19757832176379297,0.0,0.0,1.0,1.0,3,0,5,1,0.1,0.08,73,69,probabilistic,13,186
8,Meta Mixer: 12 players,2.3722028243596966,0.4971071723757921,5.0,0.7990867579908676,0.27568313863546384,0.22287568078753503,0.22906268123252668,0.27237849934447445,0.6051832582366029,0.3655638862259445,0.5740834468001105,0.34337027374677404,3,0,5,1,0.1,0.08,73,69,probabilistic,13,186
9,GTFT: 0.33,2.3715277777777777,0.8088545972260495,0.0,1.0,0.6205176806098259,0.19893410277626375,0.0864335072299582,0.09411470938395215,1.0,0.33450093995071684,1.0,0.3384021849268035,3,0,5,1,0.1,0.08,73,69,probabilistic,13,186
10,Random: 0.5,2.366501322751323,0.4968983187988852,6.0,0.5171232876712328,0.23216167642356453,0.26385695293969436,0.23791870447076005,0.2660626661659811,0.49647129405293816,0.4918059319168108,0.478394969646555,0.5013207544207977,3,0,5,1,0.1,0.08,73,69,probabilistic,13,186
11,Tit For 2 Tats,2.252922077922078,0.8703239490937138,0.0,1.0,0.6817497460116366,0.19068563124911087,0.027117738009327527,0.10044688472992495,1.0,0.749514991181658,1.0,0.0,3,0,5,1,0.1,0.08,73,69,probabilistic,13,186
12,Anti Tit For Tat,2.098332876274053,0.5995956399437412,5.0,1.0,0.25894811392403505,0.32989061882517595,0.18662737803307364,0.22453388921771533,0.0,1.0,0.0,1.0,3,0,5,1,0.1,0.08,73,69,probabilistic,13,186
0,Suspicious Tit For Tat,2.894345238095238,0.6577974870657798,2.0,0.0,0.45,0.21356421356421357,0.2888167388167388,0.047619047619047616,1.0,0.0,1.0,0.0,3,0,5,1,0.01,0.09,66,117,probabilistic,3,187
1,Cycler DC,2.75,0.4768413059984814,1.0,0.0,0.11618589743589744,0.3606116106116106,0.3674103674103674,0.15579212454212454,0.0,0.0,1.0,1.0,3,0,5,1,0.01,0.09,66,117,probabilistic,3,187
2,"DoubleCrosser: (D, D)",2.0476190476190474,0.7764797507788161,0.0,1.0,0.5661858974358974,0.20384615384615384,0.12179487179487179,0.10817307692307693,1.0,0.9239766081871346,0.0,0.0,3,0,5,1,0.01,0.09,66,117,probabilistic,3,187
0,Defector,2.833177933177933,0.0,11.0,0.0,0.0,0.0,0.44264924107233905,0.557350758927661,0.0,0.0,0.0,0.0,3,0,5,1,0.09,0.03,45,24,probabilistic,14,188
1,Grudger,2.832750582750583,0.37438963627304434,6.0,1.0,0.33238592101026065,0.04008116304674974,0.31733678274714705,0.3101961331958426,1.0,0.0,0.0,0.0,3,0,5,1,0.09,0.03,45,24,probabilistic,14,188
2,Evolved FSM 16,2.751923076923077,0.5384462744319873,5.0,1.0,0.37968144920749525,0.1498392437996802,0.30743840298651187,0.16304090400631271,0.8868172268907563,0.4847268972878583,0.2624020437647332,0.3133404745954523,3,0,5,1,0.09,0.03,45,24,probabilistic,14,188
3,Meta Winner: 13 players,2.6704212454212453,0.17049904608896477,9.0,1.0,0.09404403883549009,0.07706629571687025,0.41446582838198764,0.41442383706565217,0.5903578491285819,0.46987979969022037,0.02832942811943243,0.054298409324756755,3,0,5,1,0.09,0.03,45,24,probabilistic,14,188
4,Soft Joss: 0.9,2.301282051282051,0.6737191454055175,0.0,1.0,0.44208866405316705,0.22701541988471546,0.16712680656092754,0.16376910950118997,1.0,0.09706427429447884,1.0,0.10081895293783234,3,0,5,1,0.09,0.03,45,24,probabilistic,14,188
5,Suspicious Tit For Tat,2.23491124260355,0.43752440452948066,5.0,0.0,0.24849164406787738,0.19149734952851094,0.21487590932116202,0.3451350970824496,1.0,0.0,1.0,0.0,3,0,5,1,0.09,0.03,45,24,probabilistic,14,188
6,Cycler DC,2.1948830409356725,0.4916783637457389,5.0,0.0,0.18042260749763137,0.31117253408719603,0.2562375931134321,0.2521672653017406,0.0,0.0,1.0,1.0,3,0,5,1,0.09,0.03,45,24,probabilistic,14,188
7,GTFT: 0.33,2.171565934065934,0.7557707355242567,0.0,1.0,0.4965084429833598,0.257029064186774,0.11285206129421205,0.13361043153565422,1.0,0.33871422586311395,1.0,0.3123915021641145,3,0,5,1,0.09,0.03,45,24,probabilistic,14,188
8,Alternator,2.15495337995338,0.5070617283950617,3.0,1.0,0.19996340071623983,0.30716680602902796,0.24576837983123465,0.24710141342349748,0.0,0.0,1.0,1.0,3,0,5,1,0.09,0.03,45,24,probabilistic,14,188
9,Bully,2.1334841628959276,0.5206027060270603,5.0,0.0,0.17245999407892554,0.35318234276829497,0.2696949761310429,0.20466268702173654,0.0,1.0,0.0,1.0,3,0,5,1,0.09,0.03,45,24,probabilistic,14,188
10,Random: 0.5,2.121062271062271,0.5008463606492084,5.0,0.5128205128205128,0.22307717955853562,0.27765519760372537,0.2231120873188373,0.2761555355189017,0.48745718888686157,0.4997671732048033,0.5038125066590652,0.5098876707412318,3,0,5,1,0.09,0.03,45,24,probabilistic,14,188
11,Win-Shift Lose-Stay: D,2.113466510864701,0.4967589258154131,5.0,0.0,0.2052058587417108,0.2930644742771905,0.23282012128164142,0.26890954569945724,0.0,1.0,1.0,0.0,3,0,5,1,0.09,0.03,45,24,probabilistic,14,188
12,Anti Tit For Tat,1.7167970917970916,0.6465981399902104,3.0,1.0,0.20165428832772206,0.44037863409276456,0.17499179431880793,0.1829752832607053,0.0,1.0,0.0,1.0,3,0,5,1,0.09,0.03,45,24,probabilistic,14,188
13,Cooperator,1.640612648221344,1.0,0.0,1.0,0.5457785406622165,0.4542214593377834,0.0,0.0,1.0,1.0,0.0,0.0,3,0,5,1,0.09,0.03,45,24,probabilistic,14,188
0,Evolved HMM 5,2.847160320066724,0.6400990969860443,5.0,1.0,0.5763852295740021,0.05919510264500695,0.19375734813305834,0.1706623196479326,0.9983563174581175,0.47703297404973555,0.01622064597921081,0.18769545976226276,3,0,5,1,0.02,0.01,85,58,probabilistic,19,189
1,Grudger,2.8271119345883635,0.5265950994662785,6.0,1.0,0.5103134380306129,0.011618178861787835,0.2076077466788826,0.2704606364287167,1.0,0.0,0.0,0.0,3,0,5,1,0.02,0.01,85,58,probabilistic,19,189
2,"DoubleCrosser: (D, D)",2.8093237272910594,0.6351134746460939,5.0,1.0,0.589341966637852,0.042819263710300585,0.1808411808856639,0.18699758876618355,1.0,0.7830811006582993,0.024178897440486846,0.0,3,0,5,1,0.02,0.01,85,58,probabilistic,19,189
3,Evolved FSM 16,2.8076354679802957,0.6444773025212646,5.0,1.0,0.540759951473307,0.10419130382610327,0.21363611528995785,0.14141262941063185,0.8934789820212332,0.5144864452923527,0.2309481380061146,0.3191358753120674,3,0,5,1,0.02,0.01,85,58,probabilistic,19,189
4,Defector,2.5971903285023816,0.0,17.0,0.0,0.0,0.0,0.39069839162192477,0.6093016083780753,0.0,0.0,0.0,0.0,3,0,5,1,0.02,0.01,85,58,probabilistic,19,189
5,Tit For Tat,2.516064426242402,0.7026072304827219,0.0,1.0,0.5582336069906382,0.14351087191254153,0.13632181985601244,0.1619337012408078,1.0,0.0,1.0,0.0,3,0,5,1,0.02,0.01,85,58,probabilistic,19,189
6,Meta Winner: 17 players,2.5124433929840606,0.06918793018498888,14.0,1.0,0.04275737418999828,0.0264813138606385,0.3628481448731328,0.5679131670762305,0.5239121883327046,0.35484535547514284,0.011940544099539197,0.021658014975367134,3,0,5,1,0.02,0.01,85,58,probabilistic,19,189
7,Soft Joss: 0.9,2.4882099500572408,0.7454220503354722,0.0,1.0,0.6034690907900138,0.14195972396519527,0.10720085865413405,0.14737032659065685,1.0,0.10338877120274216,1.0,0.09760839834338714,3,0,5,1,0.02,0.01,85,58,probabilistic,19,189
8,GTFT: 0.33,2.3984720907090313,0.8119449867163763,0.0,1.0,0.6376737941396552,0.1750357737520827,0.07383011496282779,0.11346031714543435,1.0,0.3368027672633619,1.0,0.3346227157182242,3,0,5,1,0.02,0.01,85,58,probabilistic,19,189
9,Suspicious Tit For Tat,2.3918833104312394,0.5621205808832281,11.0,0.0,0.3751122779213173,0.18639126757408248,0.20047121986741465,0.23802523463718572,1.0,0.0,1.0,0.0,3,0,5,1,0.02,0.01,85,58,probabilistic,19,189
10,Tit For 2 Tats,2.3493888472430453,0.8322598836519055,0.0,1.0,0.6842302016109847,0.14907911356106143,0.03335282389337804,0.13333786093457572,1.0,0.7151621201374699,1.0,0.0,3,0,5,1,0.02,0.01,85,58,probabilistic,19,189
11,Win-Stay Lose-Shift,2.317460694803942,0.7601196945110241,1.0,1.0,0.5966921851202235,0.16853072160512939,0.072562903556405,0.1622141897182422,1.0,0.0,0.0,1.0,3,0,5,1,0.02,0.01,85,58,probabilistic,19,189
12,Meta Mixer: 17 players,2.1728271467290607,0.4766593235324971,9.0,0.7287581699346405,0.24371858073779576,0.23265156397170003,0.21481498903410368,0.3088148662564005,0.5900956105776146,0.3809397674089557,0.5712252220767345,0.38253615421750925,3,0,5,1,0.02,0.01,85,58,probabilistic,19,189
13,Cycler DC,2.0976451047525884,0.49765378252368775,7.0,0.0,0.16962936824210048,0.32799996481129673,0.25266146386339655,0.24970920308320613,0.0,0.0,1.0,1.0,3,0,5,1,0.02,0.01,85,58,probabilistic,19,189
14,Alternator,2.0618406669066283,0.5024796845124283,6.0,1.0,0.17971696531276812,0.322783951588172,0.24671072095692015,0.2507883621421397,0.0,0.0,1.0,1.0,3,0,5,1,0.02,0.01,85,58,probabilistic,19,189
15,Cooperator,2.0582015885744833,1.0,0.0,1.0,0.6823597707233441,0.317640229276656,0.0,0.0,1.0,1.0,0.0,0.0,3,0,5,1,0.02,0.01,85,58,probabilistic,19,189
16,Random: 0.5,2.0267627681420786,0.496746787920487,7.0,0.5006535947712418,0.2090378239072225,0.2877803214875321,0.21377446472525172,0.2894073898799937,0.5003053617319128,0.4953930090409699,0.4981135490835224,0.4958424033610059,3,0,5,1,0.02,0.01,85,58,probabilistic,19,189
17,Bully,2.00377818677673,0.5602190593508363,9.0,0.0,0.16440950664901197,0.40077676228732917,0.25623856310089616,0.1785751679627626,0.0,1.0,0.0,1.0,3,0,5,1,0.02,0.01,85,58,probabilistic,19,189
18,Anti Tit For Tat,1.7485482590121881,0.6380082472398351,7.0,1.0,0.17916624975801596,0.45506170565284404,0.19617826439609962,0.16959378019304042,0.0,1.0,0.0,1.0,3,0,5,1,0.02,0.01,85,58,probabilistic,19,189
0,Grudger,2.82180781907978,0.33624924298499426,3.0,1.0,0.3402262550029187,0.007167000091089997,0.2939402017146167,0.35866654319137453,1.0,0.0,0.0,0.0,3,0,5,1,0.09,0.01,27,165,probabilistic,7,190
1,Evolved HMM 5,2.6814843790747407,0.43768677812777645,2.0,1.0,0.3513686439856302,0.09029606706908472,0.2815687446012017,0.2767665443440834,0.9951612903225806,0.40808069125092494,0.020151133501259445,0.20379255001011176,3,0,5,1,0.09,0.01,27,165,probabilistic,7,190
2,Defector,2.566535832814903,0.0,6.0,0.0,0.0,0.0,0.37918932749692286,0.6208106725030771,0.0,0.0,0.0,0.0,3,0,5,1,0.09,0.01,27,165,probabilistic,7,190
3,Soft Joss: 0.9,2.172358505691839,0.5915481445152853,0.0,1.0,0.4060418591236908,0.19456199388716114,0.1417538914667347,0.2576422555224132,1.0,0.09664949003777318,1.0,0.11074458233179058,3,0,5,1,0.09,0.01,27,165,probabilistic,7,190
4,Meta Mixer: 6 players,1.9241185060150576,0.30282299284422426,3.0,0.691358024691358,0.10507737877130086,0.19836844675785978,0.21552788820475877,0.48102628626608057,0.3692420575391765,0.31031236788964295,0.3686449488185461,0.31656040831805715,3,0,5,1,0.09,0.01,27,165,probabilistic,7,190
5,Alternator,1.2950548174686107,0.5034579164214243,1.0,1.0,0.12720587974002248,0.3762944925127678,0.10042984383841012,0.3960697839087996,0.0,0.0,1.0,1.0,3,0,5,1,0.09,0.01,27,165,probabilistic,7,190
6,Bully,1.0235541983211907,0.7917731989772898,2.0,0.0,0.15491205186384555,0.6133497395342767,0.0676278425295954,0.1641103660722822,0.0,1.0,0.0,1.0,3,0,5,1,0.09,0.01,27,165,probabilistic,7,190
0,Defector,2.826543724683228,0.0,14.0,0.0,0.0,0.0,0.4161746365639921,0.5838253634360079,0.0,0.0,0.0,0.0,3,0,5,1,0.02,0.07,62,158,probabilistic,17,191
1,Grudger,2.723311985343987,0.4302012030699025,5.0,1.0,0.40202099685165604,0.04024005526144646,0.27970640030077476,0.2780325475861228,1.0,0.0,0.0,0.0,3,0,5,1,0.02,0.07,62,158,probabilistic,17,191
2,Evolved FSM 16,2.6421513562033256,0.575180155210643,4.0,1.0,0.451535790572494,0.13594427007295942,0.26390241694609445,0.14861752240845205,0.8998453279408757,0.4491056550834728,0.27428530904544973,0.30719426314945136,3,0,5,1,0.02,0.07,62,158,probabilistic,17,191
3,Meta Winner: 15 players,2.528632943695789,0.19983650416171225,9.0,1.0,0.11925577085465552,0.08206436585796911,0.37442244175534434,0.42425742153203105,0.5798589231394385,0.46364986237956696,0.02655885353187095,0.057618745973303555,3,0,5,1,0.02,0.07,62,158,probabilistic,17,191
4,Suspicious Tit For Tat,2.464337721102427,0.4545707527480172,8.0,0.0,0.2854776693031036,0.1810178679961013,0.2161452145109316,0.31735924818986344,1.0,0.0,1.0,0.0,3,0,5,1,0.02,0.07,62,158,probabilistic,17,191
5,Cycler DC,2.4061195545993828,0.48315903843542035,7.0,0.0,0.20431953338804745,0.27858182457924036,0.26314021358447204,0.25395842844824,0.0,0.0,1.0,1.0,3,0,5,1,0.02,0.07,62,158,probabilistic,17,191
6,Soft Joss: 0.9,2.3797507636882167,0.7010751224823081,0.0,1.0,0.5087781323220437,0.197276593209899,0.1431368403320474,0.15080843413601,1.0,0.09503665765499494,1.0,0.09962482792883881,3,0,5,1,0.02,0.07,62,158,probabilistic,17,191
7,Bully,2.367976193204939,0.5051895931358982,8.0,0.0,0.16837640015297378,0.3455595576626984,0.2782065128149164,0.20785752936941146,0.0,1.0,0.0,1.0,3,0,5,1,0.02,0.07,62,158,probabilistic,17,191
8,"DoubleCrosser: (D, D)",2.355320203084034,0.6592728608152773,2.0,1.0,0.5225104660735661,0.13729787531099016,0.19026533741325002,0.1499263212021938,1.0,0.8143871280039339,0.0,0.0,3,0,5,1,0.02,0.07,62,158,probabilistic,17,191
9,Win-Stay Lose-Shift,2.334019504183252,0.6781013721646597,1.0,1.0,0.4955378069255337,0.19256053066867768,0.14098733940747019,0.17091432299831846,1.0,0.0,0.0,1.0,3,0,5,1,0.02,0.07,62,158,probabilistic,17,191
10,Win-Shift Lose-Stay: D,2.3217930972393637,0.5339262187088274,7.0,0.0,0.1954983917809009,0.3303778352605953,0.23261605829451626,0.24150771466398752,0.0,1.0,1.0,0.0,3,0,5,1,0.02,0.07,62,158,probabilistic,17,191
11,Random: 0.5,2.3158072911726966,0.4945481303097197,6.5,0.49193548387096775,0.23085309524517575,0.2632575506180443,0.23166851107744918,0.2742208430593308,0.496560507177337,0.4881573621675645,0.5092603704143008,0.4848241117672767,3,0,5,1,0.02,0.07,62,158,probabilistic,17,191
12,Alternator,2.3157777902600083,0.5189177457860088,4.5,1.0,0.23637911276683854,0.28290732913332306,0.24326667871817237,0.23744687938166606,0.0,0.0,1.0,1.0,3,0,5,1,0.02,0.07,62,158,probabilistic,17,191
13,Meta Mixer: 15 players,2.2855242989918296,0.496043656207367,7.0,0.6179435483870968,0.26154413276105515,0.24018931105417105,0.2251191151682784,0.2731474410164954,0.5562413499083986,0.4658608868595032,0.5470394617474262,0.42960166089208146,3,0,5,1,0.02,0.07,62,158,probabilistic,17,191
14,Tit For 2 Tats,2.1140013361787555,0.8427037717191693,0.0,1.0,0.6157298906892672,0.21811800785645546,0.03632007624307605,0.12983202521120127,1.0,0.7506699218083204,1.0,0.0,3,0,5,1,0.02,0.07,62,158,probabilistic,17,191
15,Anti Tit For Tat,1.9602957218632622,0.625456802040957,5.0,1.0,0.2060162965001917,0.41762157094532787,0.1982255314865156,0.17813660106796483,0.0,1.0,0.0,1.0,3,0,5,1,0.02,0.07,62,158,probabilistic,17,191
16,Cooperator,1.8583918478754784,1.0,0.0,1.0,0.6097112208705976,0.39028877912940235,0.0,0.0,1.0,1.0,0.0,0.0,3,0,5,1,0.02,0.07,62,158,probabilistic,17,191
0,Evolved HMM 5,2.8846153846153846,1.0,0.0,1.0,0.9713438735177866,0.02865612648221344,0.0,0.0,1.0,1.0,0.0,0.0,3,0,5,1,0.06,0.06,87,73,probabilistic,3,192
1,Suspicious Tit For Tat,2.684659090909091,0.658621895767751,1.0,0.0,0.47134387351778656,0.168530947054437,0.20725418763061015,0.1528709917971663,1.0,0.0,1.0,0.0,3,0,5,1,0.06,0.06,87,73,probabilistic,3,192
2,Win-Stay Lose-Shift,2.5,0.6936744847192609,0.0,1.0,0.5,0.17859806114839671,0.168530947054437,0.1528709917971663,1.0,0.0,0.0,1.0,3,0,5,1,0.06,0.06,87,73,probabilistic,3,192
0,Random: 0.5,3.1754032969748316,0.502088434394354,2.0,0.5833333333333334,0.3797103531194275,0.1223701147157794,0.37708746250874986,0.12083206965604316,0.4946596756922494,0.5157879641218189,0.507362493665091,0.4790724596895407,3,0,5,1,0.06,0.02,60,76,probabilistic,4,193
1,Tit For Tat,2.75,0.8382016036655212,0.0,1.0,0.7528073916133617,0.0865671641791045,0.08201847903340442,0.07860696517412936,1.0,0.0,1.0,0.0,3,0,5,1,0.06,0.02,60,76,probabilistic,4,193
2,Tit For 2 Tats,2.6254244482173172,0.9220302081915907,0.0,1.0,0.7926214151895086,0.12480184464620263,0.04035163568237498,0.04222510448191382,1.0,0.663905325443787,1.0,0.0,3,0,5,1,0.06,0.02,60,76,probabilistic,4,193
3,Cooperator,2.513157894736842,1.0,0.0,1.0,0.8342815463165573,0.16571845368344273,0.0,0.0,1.0,1.0,0.0,0.0,3,0,5,1,0.06,0.02,60,76,probabilistic,4,193
0,Grudger,2.9347826086956523,0.5025380710659898,1.0,1.0,0.5,0.03035143769968051,0.24440894568690097,0.22523961661341854,1.0,0.0,0.0,0.0,3,0,5,1,0.02,0.06,19,136,probabilistic,3,194
1,GTFT: 0.33,2.532608695652174,0.8200312989045383,0.0,1.0,0.5858725761772853,0.2548476454293629,0.1592797783933518,0.0,1.0,0.3502824858757062,1.0,0.0,3,0,5,1,0.02,0.06,19,136,probabilistic,3,194
2,Cycler DC,1.957142857142857,0.4896142433234421,1.0,0.0,0.08587257617728532,0.4036887240802528,0.2851990831290434,0.22523961661341854,0.0,0.0,1.0,1.0,3,0,5,1,0.02,0.06,19,136,probabilistic,3,194
0,Defector,2.824905400756794,0.0,17.0,0.0,0.0,0.0,0.3955343250109336,0.6044656749890664,0.0,0.0,0.0,0.0,3,0,5,1,0.04,0.08,63,94,probabilistic,20,195
1,Grudger,2.74255222714975,0.5383903792784459,5.0,1.0,0.5061855468457291,0.04177239539148078,0.22751245010006424,0.22452960766272584,1.0,0.0,0.0,0.0,3,0,5,1,0.04,0.08,63,94,probabilistic,20,195
2,Evolved FSM 16,2.693199344515134,0.6445779112445779,4.0,1.0,0.5429016823791805,0.1158161778755606,0.21737354736056452,0.12390859238469436,0.9240755068858574,0.4427113081325857,0.32250284639590276,0.2918095372972117,3,0,5,1,0.04,0.08,63,94,probabilistic,20,195
3,Evolved HMM 5,2.6421522873285768,0.662855605622436,4.0,1.0,0.574553804696521,0.08696135669244535,0.19781835941141326,0.14066647919962047,0.9997102289191538,0.4805445992589264,0.014184397163120567,0.16754305845204115,3,0,5,1,0.04,0.08,63,94,probabilistic,20,195
4,Meta Winner: 18 players,2.5740544543176123,0.2265652023521273,12.0,1.0,0.14492816885366278,0.08315402607530406,0.3531376116282281,0.41878019344280504,0.56328435446911,0.4087416964128612,0.025336429261925343,0.08130376938434236,3,0,5,1,0.04,0.08,63,94,probabilistic,20,195
5,Suspicious Tit For Tat,2.5695245497317165,0.515523758099352,11.0,0.0,0.3283594829826457,0.1815940612447026,0.22600065394351798,0.2640458018291336,1.0,0.0,1.0,0.0,3,0,5,1,0.04,0.08,63,94,probabilistic,20,195
6,Tit For Tat,2.5115288220551375,0.7170050761421319,0.0,1.0,0.5619952918675005,0.16368485928379556,0.14226193462545234,0.13205791422325153,1.0,0.0,1.0,0.0,3,0,5,1,0.04,0.08,63,94,probabilistic,20,195
7,Cycler DC,2.507330726269275,0.4795267216165913,9.0,0.0,0.18397611071811654,0.2951328743973624,0.2916006690363731,0.22929034584814792,0.0,0.0,1.0,1.0,3,0,5,1,0.04,0.08,63,94,probabilistic,20,195
8,Bully,2.457145340130512,0.5105853051058531,10.0,0.0,0.16115199215230674,0.3499040941611196,0.28371862185349506,0.20522529183307847,0.0,1.0,0.0,1.0,3,0,5,1,0.04,0.08,63,94,probabilistic,20,195
9,Soft Joss: 0.9,2.4512775793721264,0.7818306010928961,0.0,1.0,0.6049901410744066,0.1656200761774687,0.11421988247156956,0.1151699002765551,1.0,0.10175138704242695,1.0,0.09977337036578408,3,0,5,1,0.04,0.08,63,94,probabilistic,20,195
10,Win-Shift Lose-Stay: D,2.4389792044047365,0.5491022099447513,9.0,0.0,0.20593766180841896,0.33798518616690226,0.25482101464490314,0.20125613737977566,0.0,1.0,1.0,0.0,3,0,5,1,0.04,0.08,63,94,probabilistic,20,195
11,Win-Stay Lose-Shift,2.4151662049861495,0.7333152468800869,1.0,1.0,0.5759594695702784,0.16485679438931886,0.11689752259570761,0.14228621344469503,1.0,0.0,0.0,1.0,3,0,5,1,0.04,0.08,63,94,probabilistic,20,195
12,"DoubleCrosser: (D, D)",2.402971772379667,0.7471849865951743,2.0,1.0,0.612285610575583,0.1257767948736654,0.14280922834962984,0.11912836620112184,1.0,0.8220403232072714,0.008849557522123894,0.0,3,0,5,1,0.04,0.08,63,94,probabilistic,20,195
13,Random: 0.5,2.391058081924955,0.5051392008712817,8.0,0.5071010860484545,0.2448981447650741,0.2603694447639352,0.2355238045050037,0.259208605965987,0.5126635872231629,0.5106479249403626,0.49256582040684904,0.5045332726746099,3,0,5,1,0.04,0.08,63,94,probabilistic,20,195
14,GTFT: 0.33,2.3738734949261264,0.8189891166455231,0.0,1.0,0.6261473514792368,0.1938543841084394,0.08460550416751221,0.09539276024481165,1.0,0.3135176965777139,1.0,0.3344626778740681,3,0,5,1,0.04,0.08,63,94,probabilistic,20,195
15,Meta Mixer: 18 players,2.3732298474322975,0.5283515874116179,7.0,0.7092731829573935,0.30905092474097295,0.2206012645049708,0.21064304147951277,0.25970476927454356,0.6262301764934102,0.39727460204065357,0.6082630242581339,0.3949147683729894,3,0,5,1,0.04,0.08,63,94,probabilistic,20,195
16,Alternator,2.3621634752877183,0.5231090972464273,6.0,1.0,0.22694585399714323,0.2963930513019413,0.2631241915514215,0.2135369031494939,0.0,0.0,1.0,1.0,3,0,5,1,0.04,0.08,63,94,probabilistic,20,195
17,Tit For 2 Tats,2.2724937343358396,0.8849453211970402,0.0,1.0,0.6853136313655586,0.18598874271388244,0.02909927779047746,0.09959834813008135,1.0,0.7578901553452237,1.0,0.0,3,0,5,1,0.04,0.08,63,94,probabilistic,20,195
18,Cooperator,2.042191830462296,1.0,0.0,1.0,0.6794702394481933,0.32052976055180676,0.0,0.0,1.0,1.0,0.0,0.0,3,0,5,1,0.04,0.08,63,94,probabilistic,20,195
19,Anti Tit For Tat,2.034949553370606,0.6286961419318502,6.0,1.0,0.21561534491254497,0.40124177181818643,0.2045354759665082,0.17860740730276045,0.0,1.0,0.0,1.0,3,0,5,1,0.04,0.08,63,94,probabilistic,20,195
0,Evolved HMM 5,2.986111111111111,0.5728995057660626,2.0,1.0,0.5005297583121211,0.058848795379076155,0.3211811599248068,0.11944028638399593,1.0,0.672735297362904,0.0,0.0,3,0,5,1,0.06,0.05,29,72,probabilistic,5,196
1,Suspicious Tit For Tat,2.4951923076923075,0.5739961759082218,2.0,0.0,0.3012801871285877,0.2614378681070524,0.2810906591943973,0.15619128556996262,1.0,0.0,1.0,0.0,3,0,5,1,0.06,0.05,29,72,probabilistic,5,196
2,Win-Stay Lose-Shift,2.1157894736842104,0.6016227180527384,0.0,1.0,0.3883428694475206,0.24013484758759823,0.14765960932879363,0.22386267363608753,1.0,0.0,0.0,1.0,3,0,5,1,0.06,0.05,29,72,probabilistic,5,196
3,Bully,1.9572368421052633,0.5355722492266902,1.0,0.0,0.2619894130368123,0.2735139215028514,0.17447651664677324,0.2900201488135631,0.0,1.0,0.0,1.0,3,0,5,1,0.06,0.05,29,72,probabilistic,5,196
4,Cycler DC,1.9201583801122695,0.488831929696082,0.0,0.0,0.19260510948181986,0.296016837166291,0.20554432464809824,0.30583372870379094,0.0,0.0,1.0,1.0,3,0,5,1,0.06,0.05,29,72,probabilistic,5,196
0,Evolved FSM 16,3.3382352941176467,0.7351034654699576,1.0,1.0,0.7598741319444444,0.009548611111111112,0.22135416666666666,0.009223090277777778,1.0,0.0,0.0,0.0,3,0,5,1,0.05,0.04,91,196,probabilistic,5,197
1,"DoubleCrosser: (D, D)",3.0357142857142856,0.815341937040164,1.0,1.0,0.7617571059431525,0.040439276485788114,0.18901808785529717,0.008785529715762274,1.0,0.7702702702702703,0.0,0.0,3,0,5,1,0.05,0.04,91,196,probabilistic,5,197
2,Tit For Tat,2.8125,0.8644190246839254,0.0,1.0,0.81626763574177,0.06338178708849936,0.05910645575032065,0.061244121419410005,1.0,0.0,1.0,0.0,3,0,5,1,0.05,0.04,91,196,probabilistic,5,197
3,Win-Stay Lose-Shift,2.5892857142857144,0.912786736316148,0.0,1.0,0.836730449251248,0.0834026622296173,0.0,0.07986688851913477,1.0,0.0,0.0,1.0,3,0,5,1,0.05,0.04,91,196,probabilistic,5,197
4,Anti Tit For Tat,2.0653846153846156,0.633711868180806,2.0,1.0,0.1746293228806148,0.4694787102722845,0.1967723369150159,0.15911962993208484,0.0,1.0,0.0,1.0,3,0,5,1,0.05,0.04,91,196,probabilistic,5,197
0,Defector,3.705882352941176,0.0,3.0,0.0,0.0,0.0,0.6744089911010898,0.3255910088989103,0.0,0.0,0.0,0.0,3,0,5,1,0.01,0.04,68,157,probabilistic,4,198
1,Alternator,2.25,0.5110579796772265,1.0,1.0,0.25928123104301176,0.25189778065642643,0.24681632993259794,0.24200465836796378,0.0,0.0,1.0,1.0,3,0,5,1,0.01,0.04,68,157,probabilistic,4,198
2,Win-Stay Lose-Shift,1.9166666666666667,0.6566315789473685,0.0,1.0,0.42184035476718407,0.25529022005294116,0.08185513673318552,0.24101428844668926,1.0,0.0,0.0,1.0,3,0,5,1,0.01,0.04,68,157,probabilistic,4,198
3,Cooperator,1.5,1.0,0.0,1.0,0.5041075429424944,0.4958924570575056,0.0,0.0,1.0,1.0,0.0,0.0,3,0,5,1,0.01,0.04,68,157,probabilistic,4,198
0,Grudger,2.631710428572777,0.3133879324753468,5.0,1.0,0.2622700284117373,0.04925980742836796,0.3426543931267583,0.3458157710331364,1.0,0.0,0.0,0.0,3,0,5,1,0.07,0.07,30,128,probabilistic,14,199
1,Defector,2.588323143133289,0.0,11.0,0.0,0.0,0.0,0.364081849038009,0.635918150961991,0.0,0.0,0.0,0.0,3,0,5,1,0.07,0.07,30,128,probabilistic,14,199
2,Evolved HMM 5,2.561891314360329,0.4858693916653361,5.0,1.0,0.35774613709172315,0.12420509349669169,0.3064149171814112,0.21163385223017406,1.0,0.478966708918786,0.008547008547008548,0.200104772002473,3,0,5,1,0.07,0.07,30,128,probabilistic,14,199
3,Meta Winner: 12 players,2.391354430313292,0.1970894717930291,7.0,1.0,0.10644585452824644,0.10020085293220092,0.35461972762045646,0.4387335649190962,0.6527087802491323,0.47353502508653356,0.04112860520417543,0.05898207801342137,3,0,5,1,0.07,0.07,30,128,probabilistic,14,199
4,Suspicious Tit For Tat,2.346271241752011,0.39938133699948447,6.0,0.0,0.24872215629622582,0.1713283921738851,0.20622700332137606,0.37372244820851297,1.0,0.0,1.0,0.0,3,0,5,1,0.07,0.07,30,128,probabilistic,14,199
5,Cycler DC,2.242794253765801,0.4805595930232558,5.0,0.0,0.17986962702282766,0.30030639683534244,0.24992707608188242,0.2698969000599475,0.0,0.0,1.0,1.0,3,0,5,1,0.07,0.07,30,128,probabilistic,14,199
6,Win-Shift Lose-Stay: D,2.226670093072078,0.4790769760633718,5.0,0.0,0.1899488061083908,0.29464878704037645,0.22580553911295584,0.28959686773827686,0.0,1.0,1.0,0.0,3,0,5,1,0.07,0.07,30,128,probabilistic,14,199
7,Soft Joss: 0.9,2.177193338462944,0.6281563472846766,0.0,1.0,0.39135270917898346,0.24284033581584158,0.17505430891879528,0.19075264608637962,1.0,0.09458281301746417,1.0,0.1037945568734478,3,0,5,1,0.07,0.07,30,128,probabilistic,14,199
8,Meta Mixer: 12 players,2.1343962636769724,0.44920688491393856,5.0,0.5794871794871795,0.19520631773247193,0.2538020461364497,0.22321553014491727,0.32777610598616114,0.4798596309306367,0.4153491994320114,0.5273814621492319,0.4120771958980456,3,0,5,1,0.07,0.07,30,128,probabilistic,14,199
9,Random: 0.5,2.120678684061037,0.5003502626970228,4.5,0.5384615384615384,0.20173967893580694,0.2982892735102382,0.20628072600289296,0.29369032155106184,0.4623925147848349,0.5163797281812725,0.4998286324026833,0.4982002123435312,3,0,5,1,0.07,0.07,30,128,probabilistic,14,199
10,Bully,2.060495945867083,0.5674728940783986,5.0,0.0,0.18288361870465542,0.3768155612858709,0.21794247794706667,0.222358342062407,0.0,1.0,0.0,1.0,3,0,5,1,0.07,0.07,30,128,probabilistic,14,199
11,Alternator,2.049265106327865,0.5190978537650055,2.5,1.0,0.20141676479932036,0.3184698192269297,0.22000967508904984,0.2601037408847002,0.0,0.0,1.0,1.0,3,0,5,1,0.07,0.07,30,128,probabilistic,14,199
12,Tit For 2 Tats,1.9285848900284748,0.8302068302068302,0.0,1.0,0.526476777520863,0.28146098651770063,0.05066248491312172,0.14139975104831462,1.0,0.7429310432707152,1.0,0.0,3,0,5,1,0.07,0.07,30,128,probabilistic,14,199
13,Anti Tit For Tat,1.618072086284756,0.6762702985856469,2.0,1.0,0.21883998651867922,0.4578416913243996,0.12657333522560169,0.19674498693131948,0.0,1.0,0.0,1.0,3,0,5,1,0.07,0.07,30,128,probabilistic,14,199
0,Grudger,3.2504145936981756,0.5298453793599425,2.0,1.0,0.5136716174584338,0.01462536411694897,0.3441744285012167,0.12752858992340058,1.0,0.0,0.0,0.0,3,0,5,1,0.05,0.03,83,161,probabilistic,5,200
1,Evolved HMM 5,3.1961538461538463,0.5920458492532129,2.0,1.0,0.5403252315504434,0.04264551268175651,0.31372715575530535,0.10330210001249483,0.9969806763285024,0.3305758439476263,0.008914100486223663,0.1466346153846154,3,0,5,1,0.05,0.03,83,161,probabilistic,5,200
2,Soft Joss: 0.9,2.5654545454545454,0.7869304670408066,0.0,1.0,0.6374812653140491,0.14009612147075406,0.1069435695811123,0.11547904363408457,1.0,0.1036386999179176,1.0,0.09889248460475053,3,0,5,1,0.05,0.03,83,161,probabilistic,5,200
3,Random: 0.5,1.8672161172161172,0.4957330602491893,1.0,0.5150602409638554,0.172341271670098,0.32348508683410976,0.17492010288801693,0.32925353860777534,0.5146515527636757,0.493077813517755,0.4889700610623944,0.4903114985290043,3,0,5,1,0.05,0.03,83,161,probabilistic,5,200
4,Anti Tit For Tat,1.4848958333333333,0.7084256138661531,1.0,1.0,0.14569285925033856,0.567916083601035,0.14900291197895296,0.13738814516967351,0.0,1.0,0.0,1.0,3,0,5,1,0.05,0.03,83,161,probabilistic,5,200
0,Evolved HMM 5,2.836613756613757,0.7718452601656162,2.0,1.0,0.7032272615156324,0.05278447657812876,0.12379049115099552,0.12019777075524314,0.9990083200268931,0.3282937661055979,0.007435589373915365,0.16657393213346203,3,0,5,1,0.05,0.06,57,41,probabilistic,11,201
1,Evolved FSM 16,2.7883579638752054,0.7721946822893195,2.0,1.0,0.7059483087419535,0.060435800583706525,0.11354542924581867,0.12007046142852129,0.8671674401969934,0.38076105123983434,0.2515270362865422,0.20070053591094295,3,0,5,1,0.05,0.06,57,41,probabilistic,11,201
2,Tit For Tat,2.764365079365079,0.8392477331243703,0.0,1.0,0.7199437761141355,0.11554843614149253,0.10516914248305438,0.05933864526131769,1.0,0.0,1.0,0.0,3,0,5,1,0.05,0.06,57,41,probabilistic,11,201
3,Soft Joss: 0.9,2.751686507936508,0.8579808234630569,0.0,1.0,0.7313748512601436,0.12093965392026548,0.09402383667701826,0.05366165814257277,1.0,0.08762050420708686,1.0,0.0974129330500278,3,0,5,1,0.05,0.06,57,41,probabilistic,11,201
4,Random: 0.5,2.732838976741416,0.5069903406202338,6.0,0.44912280701754387,0.2781351712681169,0.2290387772705746,0.27894674120293284,0.21387931025837573,0.5053233686398779,0.5237149815666797,0.49933230765227365,0.5149223724309091,3,0,5,1,0.05,0.06,57,41,probabilistic,11,201
5,"DoubleCrosser: (D, D)",2.725084175084175,0.8343373493975904,1.0,1.0,0.7653513559857794,0.07075054069288188,0.08376047739054017,0.08013762593079839,1.0,0.8266455518878497,0.04741019214703425,0.0,3,0,5,1,0.05,0.06,57,41,probabilistic,11,201
6,Alternator,2.7189676532233302,0.5190255220417633,5.0,1.0,0.239693031478575,0.27959049564541194,0.30002480750128935,0.18069166537472378,0.0,0.0,1.0,1.0,3,0,5,1,0.05,0.06,57,41,probabilistic,11,201
7,Meta Winner: 9 players,2.6832035173498587,0.5296532846715328,5.0,1.0,0.36887399071378707,0.15802508712341687,0.24912485378286178,0.22397606837993436,0.6461610833477421,0.4404236564511305,0.5172941701277702,0.3218739772043372,3,0,5,1,0.05,0.06,57,41,probabilistic,11,201
8,Meta Mixer: 9 players,2.674495507060334,0.701663545224193,4.0,0.9350877192982456,0.5404812121827025,0.16058999071587757,0.1574117233229132,0.1415170737785067,0.8004525575095214,0.41196976980026845,0.7604966317938425,0.3628510103928407,3,0,5,1,0.05,0.06,57,41,probabilistic,11,201
9,Tit For 2 Tats,2.614705882352941,0.9586767776678756,0.0,1.0,0.8269474837281885,0.13194392936441116,0.01820139656485372,0.022907190342546777,1.0,0.8338323876036665,1.0,0.0,3,0,5,1,0.05,0.06,57,41,probabilistic,11,201
10,Cooperator,2.595408895265423,1.0,0.0,1.0,0.8556482887138894,0.14435171128611057,0.0,0.0,1.0,1.0,0.0,0.0,3,0,5,1,0.05,0.06,57,41,probabilistic,11,201
0,Defector,2.8923976608187134,0.0,17.0,0.0,0.0,0.0,0.4329388181789381,0.567061181821062,0.0,0.0,0.0,0.0,3,0,5,1,0.04,0.09,32,10,probabilistic,20,202
1,Grudger,2.7411654135338344,0.6099810785241249,5.0,1.0,0.5276767893244749,0.07283631800634714,0.2076296775022752,0.19185721516690263,1.0,0.0,0.0,0.0,3,0,5,1,0.04,0.09,32,10,probabilistic,20,202
2,Bully,2.674498746867168,0.42407313357034027,10.5,0.0,0.1471895640108692,0.27456683379519564,0.34418865340453647,0.23405494878939873,0.0,1.0,0.0,1.0,3,0,5,1,0.04,0.09,32,10,probabilistic,20,202
3,Evolved FSM 16,2.6239557226399333,0.7214901165737455,3.0,1.0,0.5827009532039288,0.13468973391537875,0.1666823170597581,0.11592699582093437,0.9488451012588944,0.36469431865851304,0.5326469826469826,0.33202568868329735,3,0,5,1,0.04,0.09,32,10,probabilistic,20,202
4,Suspicious Tit For Tat,2.6163638262322473,0.4774509803921569,11.0,0.0,0.29232297735537605,0.18685702532431403,0.27502565923161804,0.24579433808869194,1.0,0.0,1.0,0.0,3,0,5,1,0.04,0.09,32,10,probabilistic,20,202
5,Cycler DC,2.5785087719298243,0.47820909740414386,8.0,0.0,0.1971073365743277,0.2808020046844054,0.32204669330186914,0.20004396543939773,0.0,0.0,1.0,1.0,3,0,5,1,0.04,0.09,32,10,probabilistic,20,202
6,Evolved HMM 5,2.5741750208855474,0.7251545411317166,4.0,1.0,0.6066682424782017,0.12381668570556578,0.1537698163525063,0.1157452554637262,1.0,0.4533616921433142,0.02631578947368421,0.15486807958190724,3,0,5,1,0.04,0.09,32,10,probabilistic,20,202
7,Meta Winner: 18 players,2.5625939849624064,0.38558139534883723,11.0,1.0,0.2405713038471926,0.1459458221103497,0.3187496484404067,0.29473322560205106,0.5797457424963681,0.4604907143089604,0.06684585535073521,0.25146892432525225,3,0,5,1,0.04,0.09,32,10,probabilistic,20,202
8,Win-Shift Lose-Stay: D,2.5341791979949875,0.5055025678650037,10.0,0.0,0.2090472581772292,0.2931968029131027,0.3038063078551913,0.19394963105447674,0.0,1.0,1.0,0.0,3,0,5,1,0.04,0.09,32,10,probabilistic,20,202
9,Meta Mixer: 18 players,2.488418964076859,0.5847996089931574,7.0,0.6924342105263158,0.3745747723670268,0.2119581953549013,0.2160512271809035,0.19741580509716844,0.6537374921880176,0.46452182763283634,0.6152501795400735,0.4084821330787191,3,0,5,1,0.04,0.09,32,10,probabilistic,20,202
10,Tit For Tat,2.4786549707602337,0.7562071411681248,0.0,1.0,0.5741728918410396,0.17864003714697407,0.13175609768498364,0.11543097332700254,1.0,0.0,1.0,0.0,3,0,5,1,0.04,0.09,32,10,probabilistic,20,202
11,Alternator,2.4681286549707604,0.5249617931737137,6.5,1.0,0.26513567899462026,0.26038669185402563,0.2870102881104328,0.1874673410409213,0.0,0.0,1.0,1.0,3,0,5,1,0.04,0.09,32,10,probabilistic,20,202
12,Random: 0.5,2.460891812865497,0.49891435464414957,8.5,0.5148026315789473,0.2651874386978358,0.2325346630068858,0.2646536138726903,0.23762428442258807,0.4905909204838356,0.5028946145852261,0.5058626934201442,0.47036361599565946,3,0,5,1,0.04,0.09,32,10,probabilistic,20,202
13,Soft Joss: 0.9,2.4421365914786968,0.7856627375511186,0.0,1.0,0.5963650549930888,0.18634124604844218,0.11584121870319782,0.10145248025527116,1.0,0.10917616725427977,1.0,0.10266503405399165,3,0,5,1,0.04,0.09,32,10,probabilistic,20,202
14,Win-Stay Lose-Shift,2.4375,0.7613498421947075,1.0,1.0,0.592293527363352,0.17047884029821433,0.11133486639583619,0.12589276594259743,1.0,0.0,0.0,1.0,3,0,5,1,0.04,0.09,32,10,probabilistic,20,202
15,"DoubleCrosser: (D, D)",2.298684210526316,0.8829918538632436,0.0,1.0,0.6628421776943573,0.21628112947066766,0.06386562051199875,0.057011072322976385,1.0,0.8347421919426796,0.0,0.0,3,0,5,1,0.04,0.09,32,10,probabilistic,20,202
16,GTFT: 0.33,2.29546783625731,0.8509003601440577,0.0,1.0,0.6324647480131782,0.21357774796429316,0.07599504697716919,0.0779624570453594,1.0,0.3854741508857498,1.0,0.30242191500256016,3,0,5,1,0.04,0.09,32,10,probabilistic,20,202
17,Tit For 2 Tats,2.27609649122807,0.8959923664122137,0.0,1.0,0.6877561788250165,0.20713863891051584,0.030504590513269585,0.07460059175119804,1.0,0.7580826861102511,1.0,0.0,3,0,5,1,0.04,0.09,32,10,probabilistic,20,202
18,Anti Tit For Tat,2.198527568922306,0.5829856281872972,7.0,1.0,0.24252290156517955,0.3466293473800323,0.2302952034123135,0.1805525476424747,0.0,1.0,0.0,1.0,3,0,5,1,0.04,0.09,32,10,probabilistic,20,202
19,Cooperator,2.086967418546366,1.0,0.0,1.0,0.6845323991997166,0.3154676008002834,0.0,0.0,1.0,1.0,0.0,0.0,3,0,5,1,0.04,0.09,32,10,probabilistic,20,202
0,Defector,2.9725764900374645,0.0,11.0,0.0,0.0,0.0,0.44696990193443703,0.5530300980655629,0.0,0.0,0.0,0.0,3,0,5,1,0.01,0.05,46,199,probabilistic,12,203
1,Grudger,2.8741189366189364,0.6665116711615363,3.0,1.0,0.6405081538877376,0.017458024107923766,0.16785833878422066,0.17417548322011794,1.0,0.0,0.0,0.0,3,0,5,1,0.01,0.05,46,199,probabilistic,12,203
2,Evolved FSM 16,2.7971241913739178,0.7126382005337399,2.0,1.0,0.6547581657466689,0.0717649008326538,0.15597446610431184,0.11750246731636552,0.9245495495495495,0.4813543936092956,0.11080368906455863,0.27643572519068277,3,0,5,1,0.01,0.05,46,199,probabilistic,12,203
3,"DoubleCrosser: (D, D)",2.6208318708318705,0.7299376299376299,1.0,1.0,0.6654508144409861,0.0666352150588081,0.13283560909271952,0.13507836140748622,1.0,0.7821062436424093,0.0,0.0,3,0,5,1,0.01,0.05,46,199,probabilistic,12,203
4,Soft Joss: 0.9,2.5659440559440556,0.8118442292171105,0.0,1.0,0.6698101385355617,0.13277025167537068,0.09743503553978751,0.09998457424928012,1.0,0.11467845793326377,1.0,0.09538461538461539,3,0,5,1,0.01,0.05,46,199,probabilistic,12,203
5,GTFT: 0.33,2.4747068649507673,0.8426353336130927,0.0,1.0,0.6888811808611919,0.16065386322372763,0.0713265824484178,0.0791383734666627,1.0,0.33424203410580383,1.0,0.3576340611025516,3,0,5,1,0.01,0.05,46,199,probabilistic,12,203
6,Win-Stay Lose-Shift,2.4689994216310005,0.8384835620495606,0.0,1.0,0.7108410343584015,0.12694483879346916,0.04523589567415497,0.11697823117397425,1.0,0.0,0.0,1.0,3,0,5,1,0.01,0.05,46,199,probabilistic,12,203
7,Cycler DC,2.4472701145161038,0.4881390216991541,5.0,0.0,0.19399123786689418,0.29407939750464623,0.2864165314744022,0.22551283315405743,0.0,0.0,1.0,1.0,3,0,5,1,0.01,0.05,46,199,probabilistic,12,203
8,Tit For 2 Tats,2.4019919633795235,0.8833216887912966,0.0,1.0,0.7437945263029196,0.139950703732063,0.017346610986186957,0.09890815897883036,1.0,0.7552246603970743,1.0,0.0,3,0,5,1,0.01,0.05,46,199,probabilistic,12,203
9,Alternator,2.385060628528488,0.5127858728167519,5.0,1.0,0.216860439329219,0.29596739133937244,0.2724610054551007,0.21471116387630776,0.0,0.0,1.0,1.0,3,0,5,1,0.01,0.05,46,199,probabilistic,12,203
10,Bully,2.2727493098372005,0.5470186888163749,6.0,0.0,0.1721673943613698,0.37096823756503705,0.2559988595713836,0.2008655085022097,0.0,1.0,0.0,1.0,3,0,5,1,0.01,0.05,46,199,probabilistic,12,203
11,Cooperator,2.1818181818181817,1.0,0.0,1.0,0.727333986767949,0.27266601323205103,0.0,0.0,1.0,1.0,0.0,0.0,3,0,5,1,0.01,0.05,46,199,probabilistic,12,203
0,Defector,2.719312169312169,0.0,7.0,0.0,0.0,0.0,0.40318379808297505,0.5968162019170249,0.0,0.0,0.0,0.0,3,0,5,1,0.05,0.06,73,198,probabilistic,9,204
1,Evolved HMM 5,2.6591755319148938,0.5848583877995642,2.0,1.0,0.5239865730171303,0.08417703450159736,0.21066375784507083,0.1811726346362016,1.0,0.4614208091025841,0.0,0.22295514511873352,3,0,5,1,0.05,0.06,73,198,probabilistic,9,204
2,Evolved FSM 16,2.5839015151515152,0.646078221842274,2.0,1.0,0.5345899259944653,0.11679442351526845,0.19625392289538163,0.1523617275948846,0.9031936127744511,0.4583217722878985,0.1265413976639901,0.277152235847888,3,0,5,1,0.05,0.06,73,198,probabilistic,9,204
3,Tit For Tat,2.521875,0.7210642086519325,0.0,1.0,0.5464366322694238,0.17699345753641488,0.15933586764096974,0.11723404255319149,1.0,0.0,1.0,0.0,3,0,5,1,0.05,0.06,73,198,probabilistic,9,204
4,Cycler DC,2.4695520781586353,0.48293313233552276,3.0,0.0,0.12488032714238187,0.3577596284397572,0.2795732839485002,0.23778676046936076,0.0,0.0,1.0,1.0,3,0,5,1,0.05,0.06,73,198,probabilistic,9,204
5,"DoubleCrosser: (D, D)",2.41025641025641,0.6514303810830783,1.0,1.0,0.5632721931391399,0.1026781886125383,0.16231026485972622,0.17173935338859564,1.0,0.784810369942003,0.0,0.0,3,0,5,1,0.05,0.06,73,198,probabilistic,9,204
6,Win-Shift Lose-Stay: D,2.3366363211951446,0.5686516507250848,3.0,0.0,0.19322531927790643,0.38725389254970577,0.2320473156726168,0.187473472499771,0.0,1.0,1.0,0.0,3,0,5,1,0.05,0.06,73,198,probabilistic,9,204
7,Alternator,2.217832179152391,0.5159003642807916,2.0,1.0,0.15346260190800948,0.3625372900334788,0.2596865906713345,0.2243135173871773,0.0,0.0,1.0,1.0,3,0,5,1,0.05,0.06,73,198,probabilistic,9,204
8,Cooperator,2.0543507725670915,1.0,0.0,1.0,0.6851391135721859,0.3148608864278141,0.0,0.0,1.0,1.0,0.0,0.0,3,0,5,1,0.05,0.06,73,198,probabilistic,9,204
0,Tit For 2 Tats,3.0,1.0,0.0,1.0,1.0,0.0,0.0,0.0,1.0,0,0,0,3,0,5,1,0.06,0.07,11,86,probabilistic,3,205
1,Win-Stay Lose-Shift,3.0,1.0,0.0,1.0,1.0,0.0,0.0,0.0,1.0,0,0,0,3,0,5,1,0.06,0.07,11,86,probabilistic,3,205
2,Cooperator,3.0,1.0,0.0,1.0,1.0,0.0,0.0,0.0,1.0,0,0,0,3,0,5,1,0.06,0.07,11,86,probabilistic,3,205
0,Win-Shift Lose-Stay: D,2.8333333333333335,0.363681592039801,2.0,0.0,0.28202422390756676,0.07862068965517241,0.32521215848568447,0.3141429279515764,0,1.0,1.0,0.0,3,0,5,1,0.02,0.1,63,126,probabilistic,4,206
1,Bully,2.7097288676236047,0.38024564994882293,1.0,0.0,0.25755608178646905,0.11175616835994194,0.3333333333333333,0.2973544165202557,0,1.0,0.0,1.0,3,0,5,1,0.02,0.1,63,126,probabilistic,4,206
2,Cycler DC,2.140740740740741,0.4779874213836478,1.0,0.0,0.3890824763057068,0.08873563218390805,0.10879310344827586,0.41338878806210927,0,0.0,1.0,1.0,3,0,5,1,0.02,0.1,63,126,probabilistic,4,206
3,Anti Tit For Tat,0.9963369963369964,0.750392464678179,0.0,1.0,0.2691828023348504,0.48822610506827124,0.0,0.2425910925968783,0,1.0,0.0,1.0,3,0,5,1,0.02,0.1,63,126,probabilistic,4,206
0,Defector,3.1123648959966093,0.0,12.0,0.0,0.0,0.0,0.46398007814445247,0.5360199218555475,0.0,0.0,0.0,0.0,3,0,5,1,0.09,0.09,76,106,probabilistic,14,207
1,Suspicious Tit For Tat,2.8182123112175037,0.5901610947514291,9.0,0.0,0.423000497995294,0.16278964222614328,0.2181828289194596,0.1960270308591031,1.0,0.0,1.0,0.0,3,0,5,1,0.09,0.09,76,106,probabilistic,14,207
2,Bully,2.80413961038961,0.4256750529905078,8.0,0.0,0.16157761619244304,0.28119565695287707,0.3490942813257577,0.20813244552892207,0.0,1.0,0.0,1.0,3,0,5,1,0.09,0.09,76,106,probabilistic,14,207
3,Cycler DC,2.7130653939340945,0.4750404107635257,7.0,0.0,0.20837923490818167,0.2665559794217469,0.31293591231101103,0.21212887335906044,0.0,0.0,1.0,1.0,3,0,5,1,0.09,0.09,76,106,probabilistic,14,207
4,Evolved HMM 5,2.5392137525621687,0.6743187593095593,2.0,1.0,0.5652600797260691,0.10118784437648086,0.17566766834320818,0.1578844075542419,1.0,0.5109583050292041,0.0,0.21510383329023725,3,0,5,1,0.09,0.09,76,106,probabilistic,14,207
5,Meta Winner: 13 players,2.5109400110531332,0.23268357305071916,8.0,1.0,0.15149102542505052,0.0867302288870583,0.35626902750858436,0.40550971817930687,0.5921919676531568,0.6967983775525944,0.10278372591006424,0.13967592383215868,3,0,5,1,0.09,0.09,76,106,probabilistic,14,207
6,Alternator,2.456679906945744,0.5247791010372647,5.0,1.0,0.2486569127012441,0.2763699114378398,0.2728142150571297,0.2021589608037864,0.0,0.0,1.0,1.0,3,0,5,1,0.09,0.09,76,106,probabilistic,14,207
7,Soft Joss: 0.9,2.3766472286539173,0.7467725052337753,0.0,1.0,0.564217936995008,0.17340998145602007,0.11564287241618512,0.14672920913278684,1.0,0.11311001778171637,1.0,0.09171360180230922,3,0,5,1,0.09,0.09,76,106,probabilistic,14,207
8,GTFT: 0.33,2.311913053533619,0.8086186213896835,0.0,1.0,0.6039298138731823,0.20497084853903272,0.08067571068663404,0.1104236269011509,1.0,0.32689299029582614,1.0,0.3238423542598053,3,0,5,1,0.09,0.09,76,106,probabilistic,14,207
9,"DoubleCrosser: (D, D)",2.3028010451087373,0.7409326424870466,1.0,1.0,0.5873674812021756,0.14276974884358887,0.13434261038884346,0.135520159565392,1.0,0.8234964655114486,0.0,0.0,3,0,5,1,0.09,0.09,76,106,probabilistic,14,207
10,Anti Tit For Tat,2.258605800110377,0.5844610580107883,5.0,1.0,0.21732556354564536,0.370885561985379,0.23922272110112325,0.17256615336785242,0.0,1.0,0.0,1.0,3,0,5,1,0.09,0.09,76,106,probabilistic,14,207
11,Tit For 2 Tats,2.236379600831871,0.8259225922592259,0.0,1.0,0.6566349940928075,0.1813906587158338,0.031169437091751667,0.13080491009960704,1.0,0.7288899183067662,1.0,0.0,3,0,5,1,0.09,0.09,76,106,probabilistic,14,207
12,Win-Stay Lose-Shift,2.19944610442348,0.7655579399141631,0.0,1.0,0.5698418855271259,0.1957081311497414,0.06309700467635655,0.17135297864677612,1.0,0.0,0.0,1.0,3,0,5,1,0.09,0.09,76,106,probabilistic,14,207
13,Cooperator,1.9267602459910154,1.0,0.0,1.0,0.630869826021245,0.369130173978755,0.0,0.0,1.0,1.0,0.0,0.0,3,0,5,1,0.09,0.09,76,106,probabilistic,14,207
0,Grudger,3.1211759051834487,0.5852543641880443,5.0,1.0,0.5835290188993258,0.009961016710480556,0.24429262806387422,0.16221733632631946,1.0,0.0,0.0,0.0,3,0,5,1,0.1,0.02,43,81,probabilistic,15,208
1,Evolved FSM 16,3.1191475230722348,0.708545996488506,4.0,1.0,0.6169683556975233,0.0768277858112976,0.2535516871845168,0.05265217130666223,0.9755154639175257,0.6057928646846863,0.39966713175022184,0.5075133086389766,3,0,5,1,0.1,0.02,43,81,probabilistic,15,208
2,"DoubleCrosser: (D, D)",3.077786532064175,0.6988952641945705,4.0,1.0,0.6767870847479187,0.035758989767373135,0.21189406216508302,0.07555986331962525,1.0,0.8086095771587495,0.0056179775280898875,0.0,3,0,5,1,0.1,0.02,43,81,probabilistic,15,208
3,Tit For Tat,2.677996239146065,0.7830147088293055,0.0,1.0,0.6641414351180975,0.11990934725530004,0.11468339864974675,0.10126581897685563,1.0,0.0,1.0,0.0,3,0,5,1,0.1,0.02,43,81,probabilistic,15,208
4,Soft Joss: 0.9,2.6632730364873223,0.840623325225708,0.0,1.0,0.7157467056050538,0.10806843003829972,0.08276649242703486,0.09341837192961162,1.0,0.10808404619435578,1.0,0.09720162057186695,3,0,5,1,0.1,0.02,43,81,probabilistic,15,208
5,Meta Winner: 13 players,2.6532632737924007,0.15469920787839864,10.0,1.0,0.07897344371143913,0.07685148933405399,0.4085485407913686,0.43562652616313835,0.48829651001369817,0.7616592229798701,0.0382012827227779,0.09793069632854122,3,0,5,1,0.1,0.02,43,81,probabilistic,15,208
6,Win-Stay Lose-Shift,2.63069773363891,0.7716394905492009,1.0,1.0,0.6506846545886974,0.12246605633714716,0.11006655509726147,0.11678273397689394,1.0,0.0,0.0,1.0,3,0,5,1,0.1,0.02,43,81,probabilistic,15,208
7,GTFT: 0.33,2.5798820388875425,0.8745728990960598,0.0,1.0,0.7383245834158705,0.12803635873707345,0.057093229212608655,0.07654582863444728,1.0,0.34137973008341116,1.0,0.32088347820113283,3,0,5,1,0.1,0.02,43,81,probabilistic,15,208
8,Tit For 2 Tats,2.552644176579014,0.886422707207393,0.0,1.0,0.7614975116401648,0.12721847638303616,0.03621030193496155,0.07507371004183745,1.0,0.7201821952856925,1.0,0.0,3,0,5,1,0.1,0.02,43,81,probabilistic,15,208
9,Meta Mixer: 13 players,2.3866149912202546,0.5538224862185377,6.0,0.770764119601329,0.3366792102752463,0.2197229412296462,0.19680264524388363,0.2467952032512239,0.6826855421175716,0.42109644681741554,0.6486263320601674,0.39678972737672963,3,0,5,1,0.1,0.02,43,81,probabilistic,15,208
10,Suspicious Tit For Tat,2.383899816492526,0.5491489960970507,8.0,0.0,0.4014176670015631,0.15270375724905377,0.16690797783610214,0.278970597913281,1.0,0.0,1.0,0.0,3,0,5,1,0.1,0.02,43,81,probabilistic,15,208
11,Bully,2.301399074781428,0.5371167645140248,7.0,0.0,0.14744721033679867,0.37690089439888963,0.3148702587729195,0.16078163649139215,0.0,1.0,0.0,1.0,3,0,5,1,0.1,0.02,43,81,probabilistic,15,208
12,Cooperator,2.2354122938530736,1.0,0.0,1.0,0.739779413157366,0.26022058684263405,0.0,0.0,1.0,1.0,0.0,0.0,3,0,5,1,0.1,0.02,43,81,probabilistic,15,208
13,Win-Shift Lose-Stay: D,2.1103374718646415,0.6290520628683693,7.0,0.0,0.21695186591655438,0.410107956793967,0.23298415424672816,0.1399560230427504,0.0,1.0,1.0,0.0,3,0,5,1,0.1,0.02,43,81,probabilistic,15,208
14,Anti Tit For Tat,2.00496797921397,0.6084347902251029,6.0,1.0,0.16467627859484638,0.4434440798281365,0.2375262350902996,0.15435340648671741,0.0,1.0,0.0,1.0,3,0,5,1,0.1,0.02,43,81,probabilistic,15,208
0,Bully,3.118551357721677,0.33370763043818874,7.0,0.0,0.20045287834221012,0.14444148258020428,0.4508494447376226,0.20425619433996298,0.0,1.0,0.0,1.0,3,0,5,1,0.03,0.01,55,198,probabilistic,9,209
1,Meta Winner: 8 players,2.9892742382416295,0.3437889433912237,6.0,1.0,0.21067022434927787,0.1381035629595208,0.45928044505974724,0.19194576763145407,0.32516664285520536,0.6858785809460746,0.6743320681699784,0.744373602802404,3,0,5,1,0.03,0.01,55,198,probabilistic,9,209
2,Win-Stay Lose-Shift,2.623153626999781,0.7380250362093937,1.0,1.0,0.6264119172583091,0.1263227859749446,0.12363645378817929,0.12362884297856702,1.0,0.0,0.0,1.0,3,0,5,1,0.03,0.01,55,198,probabilistic,9,209
3,Soft Joss: 0.9,2.609848484848485,0.7891520657581657,0.0,1.0,0.6383804555013634,0.14803666723547243,0.12105123012797225,0.09253164713519207,1.0,0.10283133933508108,1.0,0.09884638723070821,3,0,5,1,0.03,0.01,55,198,probabilistic,9,209
4,Win-Shift Lose-Stay: D,2.606285805482787,0.6239441890302577,6.0,0.0,0.30235380942715473,0.30286308778725834,0.3092899954670308,0.08549310731855611,0.0,1.0,1.0,0.0,3,0,5,1,0.03,0.01,55,198,probabilistic,9,209
5,Anti Tit For Tat,2.520335328440528,0.4682069728832319,6.0,1.0,0.20589838600525834,0.26730083639679486,0.3274514360586311,0.19934934153931558,0.0,1.0,0.0,1.0,3,0,5,1,0.03,0.01,55,198,probabilistic,9,209
6,GTFT: 0.33,2.458371040723982,0.8310912232008836,0.0,1.0,0.6393461532053513,0.18097246420988225,0.09094902595147299,0.08873235663329353,1.0,0.32961738411237507,1.0,0.3168097367537438,3,0,5,1,0.03,0.01,55,198,probabilistic,9,209
7,Tit For 2 Tats,2.3524038461538463,0.8606920323478722,0.0,1.0,0.6390839459503038,0.21386221898305527,0.07305000460616068,0.07400383046048035,1.0,0.627295944805325,1.0,0.0,3,0,5,1,0.03,0.01,55,198,probabilistic,9,209
8,Cooperator,1.7020324209840338,1.0,0.0,1.0,0.5663450703303159,0.43365492966968405,0.0,0.0,1.0,1.0,0.0,0.0,3,0,5,1,0.03,0.01,55,198,probabilistic,9,209
0,Grudger,2.9914772727272725,0.37361061312298316,4.0,1.0,0.2963580593738567,0.08941183102295912,0.3915942543785141,0.2226358552246701,1.0,0.0,0.0,0.0,3,0,5,1,0.03,0.07,87,11,probabilistic,9,210
1,Tit For Tat,2.4295454545454547,0.685941252540181,0.0,1.0,0.3722443635412508,0.31075701479433654,0.26096336171707113,0.056035259947341425,1.0,0.0,1.0,0.0,3,0,5,1,0.03,0.07,87,11,probabilistic,9,210
2,Alternator,2.390219155844156,0.5478622777147181,2.0,1.0,0.19599940216333211,0.3518824566146987,0.3250917122876571,0.1270264289343121,0.0,0.0,1.0,1.0,3,0,5,1,0.03,0.07,87,11,probabilistic,9,210
3,Cycler DC,2.3537878787878785,0.4515026093215764,3.0,0.0,0.12535752510994336,0.3260757669811075,0.3464242167441285,0.20214249116482058,0.0,0.0,1.0,1.0,3,0,5,1,0.03,0.07,87,11,probabilistic,9,210
4,Win-Shift Lose-Stay: D,2.309943181818182,0.5050432276657061,3.0,0.0,0.19238724115442646,0.30681566933383114,0.2690999092527413,0.2316971802590011,0.0,1.0,1.0,0.0,3,0,5,1,0.03,0.07,87,11,probabilistic,9,210
5,Meta Winner: 8 players,2.2613636363636367,0.5330593280914939,3.0,1.0,0.2640747276698465,0.27192838705655514,0.2683830213083381,0.1956138639652602,0.6652226976877202,0.8009496868961165,0.4034090909090909,1.0,3,0,5,1,0.03,0.07,87,11,probabilistic,9,210
6,Suspicious Tit For Tat,2.240972222222222,0.3680317517589753,3.0,0.0,0.12324251739998304,0.240201681376074,0.29614470351697025,0.3404110977069727,1.0,0.0,1.0,0.0,3,0,5,1,0.03,0.07,87,11,probabilistic,9,210
7,GTFT: 0.33,2.222064393939394,0.7926258992805756,0.0,1.0,0.48133434926205165,0.3105662934309979,0.15447481036891136,0.05362454693803916,1.0,0.33340088538546314,1.0,0.4005749170222854,3,0,5,1,0.03,0.07,87,11,probabilistic,9,210
8,Bully,1.984375,0.5138561854736461,3.0,0.0,0.2321123165022645,0.27958999433746223,0.17505310537369045,0.31324458378658276,0.0,1.0,0.0,1.0,3,0,5,1,0.03,0.07,87,11,probabilistic,9,210
0,Bully,3.029974489795918,0.3482937685459941,9.0,0.0,0.13938935980499106,0.20964398258788547,0.4340377545114031,0.2169289030957204,0.0,1.0,0.0,1.0,3,0,5,1,0.03,0.08,32,8,probabilistic,15,211
1,Suspicious Tit For Tat,2.973681972789116,0.591354885579368,8.0,0.0,0.3632911891476103,0.2300547737963093,0.3224173243307795,0.0842367127253007,1.0,0.0,1.0,0.0,3,0,5,1,0.03,0.08,32,8,probabilistic,15,211
2,Random: 0.5,2.7899234693877553,0.4736259682773884,8.0,0.49776785714285715,0.2883951204586057,0.18494723621723405,0.32994557400047825,0.19671206932368196,0.43377237565964916,0.475242495412365,0.4736413147944088,0.5066629110798403,3,0,5,1,0.03,0.08,32,8,probabilistic,15,211
3,Evolved FSM 16,2.7857142857142856,0.7853553481694185,2.0,1.0,0.6833504084895088,0.09966344547229314,0.1595719724810928,0.05741417355710526,0.9415286996296021,0.39278110047846887,0.6532994032994033,0.1986111111111111,3,0,5,1,0.03,0.08,32,8,probabilistic,15,211
4,Evolved HMM 5,2.7582908163265305,0.8005985783763562,2.0,1.0,0.7086198698564,0.09469737565303094,0.12885093434439748,0.06783182014617155,1.0,0.44200720332299276,0.045454545454545456,0.023809523809523808,3,0,5,1,0.03,0.08,32,8,probabilistic,15,211
5,Alternator,2.7491496598639453,0.5205678922460867,6.0,1.0,0.31955995832296064,0.20139381665581926,0.32909315317355387,0.14995307184766618,0.0,0.0,1.0,1.0,3,0,5,1,0.03,0.08,32,8,probabilistic,15,211
6,Tit For Tat,2.6714285714285717,0.826133909287257,0.0,1.0,0.6729722694007468,0.14723699409137034,0.12096616086873357,0.05882457563914926,1.0,0.0,1.0,0.0,3,0,5,1,0.03,0.08,32,8,probabilistic,15,211
7,Soft Joss: 0.9,2.6402636054421764,0.8481577967994045,0.0,1.0,0.7058445922836973,0.1456067072538323,0.09803642701817186,0.05051227344429859,1.0,0.10548270640289903,1.0,0.13548739196293327,3,0,5,1,0.03,0.08,32,8,probabilistic,15,211
8,Meta Mixer: 14 players,2.6357142857142852,0.6977358490566038,5.0,0.84375,0.5112580707731723,0.1884843882991234,0.1970039628888569,0.10325357803884737,0.7218300418546735,0.5846192771577979,0.7284180901179349,0.4753493582440951,3,0,5,1,0.03,0.08,32,8,probabilistic,15,211
9,Anti Tit For Tat,2.582482993197279,0.5092067988668555,7.0,1.0,0.25506778766170995,0.25539429410495423,0.3074354955133707,0.18210242271996507,0.0,1.0,0.0,1.0,3,0,5,1,0.03,0.08,32,8,probabilistic,15,211
10,GTFT: 0.33,2.532738095238095,0.8816165951359084,0.0,1.0,0.7252891381575132,0.1575876383156523,0.0705024641119574,0.04662075941487706,1.0,0.3362276560329162,1.0,0.4640628798314561,3,0,5,1,0.03,0.08,32,8,probabilistic,15,211
11,Win-Stay Lose-Shift,2.5127976190476193,0.8281363306744017,0.0,1.0,0.6907110214442717,0.1368067549631103,0.06854500437880864,0.10393721921380934,1.0,0.0,0.0,1.0,3,0,5,1,0.03,0.08,32,8,probabilistic,15,211
12,"DoubleCrosser: (D, D)",2.4919642857142854,0.9447124304267162,0.0,1.0,0.7693261876841709,0.1745203353336846,0.037392171098778036,0.018761305883366355,1.0,0.9143346588355388,0.0,0.0,3,0,5,1,0.03,0.08,32,8,probabilistic,15,211
13,Tit For 2 Tats,2.4698979591836734,0.9419515669515669,0.0,1.0,0.7703248706679597,0.17174299400016366,0.027314058632927157,0.030618076698949427,1.0,0.783876497120025,1.0,0.0,3,0,5,1,0.03,0.08,32,8,probabilistic,15,211
14,Cooperator,2.291454081632653,1.0,0.0,1.0,0.766668279391154,0.23333172060884605,0.0,0.0,1.0,1.0,0.0,0.0,3,0,5,1,0.03,0.08,32,8,probabilistic,15,211
0,Win-Shift Lose-Stay: D,2.4712702228327226,0.36473152822395594,3.0,0.0,0.22899909081941572,0.13221913052612744,0.24599022434462597,0.39279155430983087,0.0,1.0,1.0,0.0,3,0,5,1,0.08,0.04,90,166,probabilistic,5,212
1,Meta Mixer: 3 players,2.299646676852559,0.4907808564231738,2.0,0.325,0.29502887288451296,0.1951042032567718,0.19866663506374593,0.31120028879496936,0.22346085096072318,0.7274168777562136,0.40266472437334466,0.6902261831587162,3,0,5,1,0.08,0.04,90,166,probabilistic,5,212
2,Alternator,2.185456103984147,0.5100436681222708,1.0,1.0,0.37080276710676624,0.13950473855995665,0.14774496609946958,0.34194752823380764,0.0,0.0,1.0,1.0,3,0,5,1,0.08,0.04,90,166,probabilistic,5,212
3,Bully,1.977374913290915,0.5334362750920537,2.0,0.0,0.3335393292334292,0.20469988476962014,0.10354948405380615,0.35821130194314443,0.0,1.0,0.0,1.0,3,0,5,1,0.08,0.04,90,166,probabilistic,5,212
4,Meta Winner: 3 players,1.8415802611367127,0.46742209631728043,1.0,1.0,0.26534367450868673,0.19681123765178604,0.17238788520261453,0.36545720263691267,0.3868278130041056,0.7448198071287311,0.9370629370629371,0.2421195863593748,3,0,5,1,0.08,0.04,90,166,probabilistic,5,212
0,Bully,3.375646285036368,0.29061042384911784,6.0,0.0,0.1959520702169013,0.09467541817078196,0.5063118873485937,0.2030606242637231,0.0,1.0,0.0,1.0,3,0,5,1,0.1,0.02,92,114,probabilistic,7,213
1,Alternator,2.748449185319593,0.5047681147607792,4.0,1.0,0.3211157422325171,0.18368664635751245,0.32079027953230116,0.1744073318776693,0.0,0.0,1.0,1.0,3,0,5,1,0.1,0.02,92,114,probabilistic,7,213
2,Meta Winner: 6 players,2.622288055044819,0.4433455433455433,3.0,1.0,0.19836961195282796,0.24742597124887178,0.3843041067982833,0.16990031000001685,0.8278102664067576,0.5833745333981566,1.0,0.6928668478260869,3,0,5,1,0.1,0.02,92,114,probabilistic,7,213
3,Anti Tit For Tat,2.4797906857771195,0.473535667539267,4.0,1.0,0.21637824527575944,0.2568315136115938,0.3221691807538964,0.20462106035875036,0.0,1.0,0.0,1.0,3,0,5,1,0.1,0.02,92,114,probabilistic,7,213
4,Soft Joss: 0.9,2.4387727844243257,0.6971481214451655,0.0,1.0,0.47178605239866994,0.22327882141375535,0.18079837236260252,0.1241367538249722,1.0,0.09884539442961837,1.0,0.10532904354717598,3,0,5,1,0.1,0.02,92,114,probabilistic,7,213
5,GTFT: 0.33,2.208900188505452,0.7501703475089182,0.0,1.0,0.4854127920080065,0.26501617354503854,0.13123979366562796,0.11833124078132695,1.0,0.33588329065853784,1.0,0.3260588034596394,3,0,5,1,0.1,0.02,92,114,probabilistic,7,213
6,Cooperator,1.3051620181273584,1.0,0.0,1.0,0.42530092388624885,0.5746990761137512,0.0,0.0,1.0,1.0,0.0,0.0,3,0,5,1,0.1,0.02,92,114,probabilistic,7,213
0,Tit For 2 Tats,1.9258241758241759,0.6327868852459017,0.0,1.0,0.5,0.04765751211631664,0.0,0.45234248788368336,1.0,0.5043478260869565,0,0,3,0,5,1,0.09,0.04,60,128,probabilistic,3,214
1,Defector,1.8852941176470588,0.0,2.0,0.0,0.0,0.0,0.13075206799024214,0.8692479320097579,0.0,0.0,0,0,3,0,5,1,0.09,0.04,60,128,probabilistic,3,214
2,"DoubleCrosser: (D, D)",1.875,0.6371571072319202,0.0,1.0,0.5,0.0830945558739255,0.0,0.4169054441260745,1.0,0.7644444444444445,0,0,3,0,5,1,0.09,0.04,60,128,probabilistic,3,214
0,Defector,2.8662912912912915,0.0,14.0,0.0,0.0,0.0,0.44411155600485913,0.5558884439951408,0.0,0.0,0.0,0.0,3,0,5,1,0.04,0.09,45,72,probabilistic,17,215
1,Evolved FSM 16,2.5938263125763124,0.6035237081707461,4.0,1.0,0.45956808315784975,0.13901944628217872,0.2569140553653111,0.14449841519466058,0.9085961102323985,0.42208485343502394,0.34060922100359853,0.2781468080229181,3,0,5,1,0.04,0.09,45,72,probabilistic,17,215
2,Bully,2.5274474657287156,0.471422991797943,8.0,0.0,0.18030673831966032,0.29402156316038064,0.2956662059154021,0.23000549260455694,0.0,1.0,0.0,1.0,3,0,5,1,0.04,0.09,45,72,probabilistic,17,215
3,Evolved HMM 5,2.511644681911226,0.606706164124543,3.0,1.0,0.4926885920287407,0.11050816266800895,0.23121617046199067,0.16558707484125973,0.9993446920052425,0.4755729016673655,0.008983242023847888,0.16378880068222937,3,0,5,1,0.04,0.09,45,72,probabilistic,17,215
4,Suspicious Tit For Tat,2.5012867647058825,0.47986247544204325,8.0,0.0,0.2638581913677155,0.21631461545183808,0.26198584886035686,0.25784134432008954,1.0,0.0,1.0,0.0,3,0,5,1,0.04,0.09,45,72,probabilistic,17,215
5,Cycler DC,2.476261209228508,0.475910399199099,7.0,0.0,0.17191771012987475,0.30369005672850236,0.29317657200981234,0.23121566113181052,0.0,0.0,1.0,1.0,3,0,5,1,0.04,0.09,45,72,probabilistic,17,215
6,Meta Winner: 15 players,2.4636370756436548,0.24289755257655885,9.0,1.0,0.14424263061092274,0.10136968387599309,0.3655426032978509,0.38884508221523323,0.579850284607044,0.48218589157933034,0.0315643608621097,0.07220123838915014,3,0,5,1,0.04,0.09,45,72,probabilistic,17,215
7,Tit For Tat,2.3970252403846155,0.6642523364485982,0.0,1.0,0.4823194304923449,0.19540149673738516,0.1682283473248112,0.15405072544545884,1.0,0.0,1.0,0.0,3,0,5,1,0.04,0.09,45,72,probabilistic,17,215
8,Win-Shift Lose-Stay: D,2.371528786186294,0.5218265704483616,7.0,0.0,0.2021663028734756,0.31488863837584713,0.24920631564258874,0.23373874310808848,0.0,1.0,1.0,0.0,3,0,5,1,0.04,0.09,45,72,probabilistic,17,215
9,Random: 0.5,2.3682772435897435,0.49340504546036623,6.0,0.44722222222222224,0.23571098504315696,0.2581805239928007,0.24429614210409897,0.2618123488599433,0.5033167807347447,0.5127351069400619,0.5012720596261667,0.4844939424063744,3,0,5,1,0.04,0.09,45,72,probabilistic,17,215
10,Soft Joss: 0.9,2.3554665242165242,0.7055116164112704,0.0,1.0,0.5066810310972671,0.20688956661121147,0.14603386008703637,0.14039554220448514,1.0,0.09155712266404809,1.0,0.09284495995056109,3,0,5,1,0.04,0.09,45,72,probabilistic,17,215
11,Win-Stay Lose-Shift,2.3296566205533598,0.6961596385542169,1.0,1.0,0.49588370082680494,0.2002954590292954,0.13835810965320375,0.165462730490696,1.0,0.0,0.0,1.0,3,0,5,1,0.04,0.09,45,72,probabilistic,17,215
12,Meta Mixer: 15 players,2.2595400432900434,0.5194294146581406,6.0,0.6,0.2702874563746428,0.24811207630363966,0.2353472624392482,0.24625320488246938,0.5871896203587069,0.41836311707364177,0.5904733894429524,0.4529877169555934,3,0,5,1,0.04,0.09,45,72,probabilistic,17,215
13,GTFT: 0.33,2.243540344321594,0.7795596283568792,0.0,1.0,0.5532322269086811,0.23152848048819927,0.10243935718866384,0.11279993541445574,1.0,0.3120891041669139,1.0,0.3080280263127415,3,0,5,1,0.04,0.09,45,72,probabilistic,17,215
14,Alternator,2.236466826184568,0.5249225206611571,4.0,1.0,0.21751905768361923,0.30763505266821645,0.2631689305672322,0.21167695908093215,0.0,0.0,1.0,1.0,3,0,5,1,0.04,0.09,45,72,probabilistic,17,215
15,Anti Tit For Tat,2.0495165047814505,0.6218422075398368,5.0,1.0,0.23237067834016112,0.3793637798644169,0.1970877182503722,0.1911778235450498,0.0,1.0,0.0,1.0,3,0,5,1,0.04,0.09,45,72,probabilistic,17,215
16,Cooperator,1.880218081550802,1.0,0.0,1.0,0.6144395470650756,0.38556045293492447,0.0,0.0,1.0,1.0,0.0,0.0,3,0,5,1,0.04,0.09,45,72,probabilistic,17,215
0,Defector,3.061381896392278,0.0,12.0,0.0,0.0,0.0,0.44771845473915495,0.552281545260845,0.0,0.0,0.0,0.0,3,0,5,1,0.06,0.08,12,98,probabilistic,14,216
1,Suspicious Tit For Tat,2.660650247188709,0.5441906653426017,7.0,0.0,0.3129286120007719,0.18737157987926387,0.2287354418180404,0.27096436630192394,1.0,0.0,1.0,0.0,3,0,5,1,0.06,0.08,12,98,probabilistic,14,216
2,Grudger,2.578013717052179,0.5591397849462365,3.0,1.0,0.48331544804362847,0.04961902763308089,0.18187922845837043,0.2851862958649201,1.0,0.0,0.0,0.0,3,0,5,1,0.06,0.08,12,98,probabilistic,14,216
3,Evolved FSM 16,2.5189376381310016,0.6596082583377448,2.0,1.0,0.5348945936946592,0.1422897221468338,0.17462526577581938,0.1481904183826876,0.890098810244001,0.4527998183093571,0.4164835713572356,0.3274493731918997,3,0,5,1,0.06,0.08,12,98,probabilistic,14,216
4,Evolved HMM 5,2.4690434565434565,0.6905781584582441,2.5,1.0,0.5746798236382366,0.10945566619121117,0.1440893739776101,0.17177513619294224,1.0,0.5365282865282865,0.0,0.187231137990698,3,0,5,1,0.06,0.08,12,98,probabilistic,14,216
5,Meta Winner: 13 players,2.413604824594275,0.22402938090241342,7.0,1.0,0.14162556753005012,0.0887596504760068,0.32137249393337064,0.44824228806057237,0.5482303555030827,0.5527228809837506,0.0930822440509332,0.09317930074905678,3,0,5,1,0.06,0.08,12,98,probabilistic,14,216
6,Soft Joss: 0.9,2.3781126725838266,0.7542857142857143,0.0,1.0,0.5663780079125676,0.17351491455141727,0.11508667396297988,0.14502040357303517,1.0,0.11318889712715596,1.0,0.10225883189933081,3,0,5,1,0.06,0.08,12,98,probabilistic,14,216
7,GTFT: 0.33,2.331776556776557,0.8032873806998939,0.0,1.0,0.6087414461352476,0.20559726821388535,0.07833686298093462,0.10732442266993249,1.0,0.38577564805186293,1.0,0.29189280198203993,3,0,5,1,0.06,0.08,12,98,probabilistic,14,216
8,Cycler DC,2.3102739365897262,0.4801876955161627,5.0,0.0,0.1509131722283189,0.3282444242968643,0.2817804531033677,0.23906195037144906,0.0,0.0,1.0,1.0,3,0,5,1,0.06,0.08,12,98,probabilistic,14,216
9,Win-Stay Lose-Shift,2.288938625477087,0.7497656982193065,0.0,1.0,0.5631633560878224,0.18997854666565372,0.07764213425025054,0.16921596299627342,1.0,0.0,0.0,1.0,3,0,5,1,0.06,0.08,12,98,probabilistic,14,216
10,Random: 0.5,2.2661410567058065,0.4916286149162861,5.0,0.47435897435897434,0.22960586513224654,0.26062196432477697,0.23697725989547436,0.2727949106475021,0.49737626090298653,0.4573930752524296,0.49739945609145303,0.5130508003566083,3,0,5,1,0.06,0.08,12,98,probabilistic,14,216
11,Bully,2.215751978202264,0.5360290305857958,6.0,0.0,0.1716727550803281,0.3699373504608499,0.2368672348344922,0.2215226596243298,0.0,1.0,0.0,1.0,3,0,5,1,0.06,0.08,12,98,probabilistic,14,216
12,Alternator,2.2007098811395567,0.5192776964372865,4.0,1.0,0.18237298481131425,0.3371397180692299,0.2539588140349002,0.2265284830845556,0.0,0.0,1.0,1.0,3,0,5,1,0.06,0.08,12,98,probabilistic,14,216
13,Cooperator,1.9571070234113712,1.0,0.0,1.0,0.6634601411443083,0.33653985885569165,0.0,0.0,1.0,1.0,0.0,0.0,3,0,5,1,0.06,0.08,12,98,probabilistic,14,216
0,"DoubleCrosser: (D, D)",2.7041599749168106,0.590851885605173,3.0,1.0,0.5682731319837909,0.02673437416339773,0.15862620742651057,0.2463662864263007,1.0,0.7899955335270733,0.03958529688972667,0.0,3,0,5,1,0.08,0.01,70,136,probabilistic,14,217
1,Evolved HMM 5,2.699946012559857,0.6212754602864005,4.0,1.0,0.5575559301188215,0.06664037328574518,0.16572929676102255,0.2100743998344107,0.9993595901376882,0.5202557003661432,0.021704180064308683,0.21268358751990354,3,0,5,1,0.08,0.01,70,136,probabilistic,14,217
2,Grudger,2.6351955486603087,0.47177436941193573,4.0,1.0,0.4667225557060653,0.007059667208148294,0.17820551165894505,0.34801226542684144,1.0,0.0,0.0,0.0,3,0,5,1,0.08,0.01,70,136,probabilistic,14,217
3,Evolved FSM 16,2.6201149647351034,0.6296629997238894,4.0,1.0,0.5027730987008926,0.13880561356103616,0.19115152222191142,0.16726976551615974,0.8909387917329094,0.5715749144855381,0.24238493406844425,0.3914253976805754,3,0,5,1,0.08,0.01,70,136,probabilistic,14,217
4,Tit For Tat,2.472391073092484,0.6705914805888673,0.0,1.0,0.5016845296758722,0.16143546094262703,0.1564844110333049,0.1803955983481958,1.0,0.0,1.0,0.0,3,0,5,1,0.08,0.01,70,136,probabilistic,14,217
5,Meta Winner: 12 players,2.457327047377362,0.03075100829122749,11.0,1.0,0.022102521145710083,0.008727198299927082,0.35145267833995064,0.6177176022144123,0.6312419482247659,0.6355231143552311,0.001367053998632946,0.0,3,0,5,1,0.08,0.01,70,136,probabilistic,14,217
6,GTFT: 0.33,2.3766084728373364,0.8081189896883327,0.0,1.0,0.6141567758887561,0.18664320480783086,0.08338820647457035,0.11581181282884263,1.0,0.33909496055345123,1.0,0.3305675630791671,3,0,5,1,0.08,0.01,70,136,probabilistic,14,217
7,Suspicious Tit For Tat,2.220928967946021,0.5003286004676826,7.0,0.0,0.33727199634888616,0.16049566206719443,0.16761739688029384,0.3346149447036256,1.0,0.0,1.0,0.0,3,0,5,1,0.08,0.01,70,136,probabilistic,14,217
8,Defector,2.1843810144700386,0.0,11.0,0.0,0.0,0.0,0.28423882853494675,0.7157611714650532,0.0,0.0,0.0,0.0,3,0,5,1,0.08,0.01,70,136,probabilistic,14,217
9,Cooperator,2.1441424301718417,1.0,0.0,1.0,0.7148467525359604,0.2851532474640396,0.0,0.0,1.0,1.0,0.0,0.0,3,0,5,1,0.08,0.01,70,136,probabilistic,14,217
10,Meta Mixer: 12 players,1.996944154662282,0.406662947084043,6.0,0.6461538461538462,0.1845726440238349,0.22092859196551107,0.18611825054379064,0.4083805134668633,0.6177343750000686,0.2887665003224403,0.6004740482670599,0.2788466838670032,3,0,5,1,0.08,0.01,70,136,probabilistic,14,217
11,Alternator,1.7845369684355106,0.5026825524449967,3.0,1.0,0.09274798774945393,0.4099402728288938,0.23827807930710862,0.2590336601145436,0.0,0.0,1.0,1.0,3,0,5,1,0.08,0.01,70,136,probabilistic,14,217
12,Cycler DC,1.7741523815979066,0.4976131641019881,3.0,0.0,0.08588812423258449,0.41169856752547973,0.2391927379050788,0.2632205703368571,0.0,0.0,1.0,1.0,3,0,5,1,0.08,0.01,70,136,probabilistic,14,217
13,Win-Shift Lose-Stay: D,1.5293208407115066,0.6309684957467121,3.0,0.0,0.14993278910532382,0.4740395426586406,0.1578186496910376,0.21820901854499797,0.0,1.0,1.0,0.0,3,0,5,1,0.08,0.01,70,136,probabilistic,14,217
0,Grudger,3.132093416750635,0.43499978282586976,7.0,1.0,0.42685444399603356,0.012093877716548058,0.33221014349098543,0.22884153479643277,1.0,0.0,0.0,0.0,3,0,5,1,0.1,0.02,40,152,probabilistic,13,218
1,Evolved HMM 5,3.036774495262666,0.5133042627035685,6.0,1.0,0.45143013174798075,0.052890305769270424,0.3052181472260021,0.1904614152567468,0.9953650512716674,0.4126172114511994,0.017427853498819767,0.16560477516920147,3,0,5,1,0.1,0.02,40,152,probabilistic,13,218
2,Win-Stay Lose-Shift,2.616131507094032,0.694695640437306,2.0,1.0,0.542856846820108,0.15032055906548328,0.16384866134059367,0.14297393277381487,1.0,0.0,0.0,1.0,3,0,5,1,0.1,0.02,40,152,probabilistic,13,218
3,Meta Winner: 11 players,2.5820553281526415,0.1292110124021462,9.0,1.0,0.06543543570021494,0.06438293427514388,0.3956971807770117,0.4744844492476295,0.4341449698351765,0.7535194781726926,0.02897307031553652,0.05934708008273504,3,0,5,1,0.1,0.02,40,152,probabilistic,13,218
4,Tit For Tat,2.57542854481846,0.7143425942311096,0.0,1.0,0.5203795992554782,0.18136781348032951,0.17469205293538384,0.12356053432880847,1.0,0.0,1.0,0.0,3,0,5,1,0.1,0.02,40,152,probabilistic,13,218
5,Cycler DC,2.2802779586241186,0.4951538494095738,4.0,0.0,0.21094494308391268,0.2842202490213211,0.2620786873064684,0.2427561205882978,0.0,0.0,1.0,1.0,3,0,5,1,0.1,0.02,40,152,probabilistic,13,218
6,Alternator,2.2545745702614655,0.5051313435646361,4.0,1.0,0.21991734624632933,0.2853029582514198,0.2587884493392026,0.23599124616304815,0.0,0.0,1.0,1.0,3,0,5,1,0.1,0.02,40,152,probabilistic,13,218
7,Meta Mixer: 11 players,2.2392197438301196,0.5274576271186441,5.0,0.7270833333333333,0.27545319838357746,0.25202839760365764,0.20836281114167415,0.26415559287109064,0.5820268989944836,0.47485682457430034,0.595966183210416,0.46375434512424135,3,0,5,1,0.1,0.02,40,152,probabilistic,13,218
8,Tit For 2 Tats,2.22174228397122,0.8655014201441993,0.0,1.0,0.6386332751117103,0.23119278345872477,0.03904608509042956,0.09112785633913527,1.0,0.7712701676587516,1.0,0.0,3,0,5,1,0.1,0.02,40,152,probabilistic,13,218
9,Random: 0.5,2.176528888785068,0.495416829575568,5.0,0.5166666666666667,0.23386623850590357,0.26196148144591347,0.23602514982356462,0.2681471302246183,0.5064481711949756,0.492536953989041,0.4781204736410574,0.4979421311866087,3,0,5,1,0.1,0.02,40,152,probabilistic,13,218
10,Win-Shift Lose-Stay: D,2.1665460841730377,0.5842114663332738,6.0,0.0,0.2245894397971109,0.37005377681761537,0.23788287312298861,0.1674739102622852,0.0,1.0,1.0,0.0,3,0,5,1,0.1,0.02,40,152,probabilistic,13,218
11,Bully,2.11133640120627,0.5428403755868545,6.0,0.0,0.21385703282422067,0.3366041196424922,0.222928133408848,0.22661071412443914,0.0,1.0,0.0,1.0,3,0,5,1,0.1,0.02,40,152,probabilistic,13,218
12,Cooperator,1.9418908193908195,1.0,0.0,1.0,0.6456408815447667,0.35435911845523327,0.0,0.0,1.0,1.0,0.0,0.0,3,0,5,1,0.1,0.02,40,152,probabilistic,13,218
0,Evolved HMM 5,2.75,0.14737696051919957,2.0,1.0,0.0687799406634727,0.07699974023718664,0.42967464981946446,0.4245456692798762,0.9886075949367088,0.31326699181875395,0.012829650748396294,0.13776223776223775,3,0,5,1,0.0,0.01,87,57,probabilistic,3,219
1,Random: 0.5,1.8377192982456143,0.49186351706036746,0.0,0.45977011494252873,0.18316055227563707,0.30865541362695953,0.1859352413623997,0.32224879273500373,0.4744458742581018,0.4982822208481038,0.4744079504476646,0.5089955499046408,3,0,5,1,0.0,0.01,87,57,probabilistic,3,219
2,Alternator,1.473684210526316,0.5093607916555228,0.0,1.0,0.1458115462689055,0.363553642840129,0.13359890552241094,0.3570359053685546,0.0,0.0,1.0,1.0,3,0,5,1,0.0,0.01,87,57,probabilistic,3,219
0,Evolved HMM 5,2.905182625764704,0.46679751390251883,3.0,1.0,0.35285899755010175,0.07836608072828204,0.39791033942428994,0.17086458229732612,0.9963369963369964,0.40228970205346853,0.0,0.1267605633802817,3,0,5,1,0.03,0.06,26,88,probabilistic,8,220
1,Win-Shift Lose-Stay: D,2.852720111032919,0.5180265654648957,4.0,0.0,0.2757445583592865,0.2529573239886134,0.31619391894571774,0.15510419870638234,0.0,1.0,1.0,0.0,3,0,5,1,0.03,0.06,26,88,probabilistic,8,220
2,Cycler DC,2.7750081703642073,0.4838478104809763,4.0,0.0,0.24445217170985103,0.23913906880684044,0.3158751441628767,0.2005336153204317,0.0,0.0,1.0,1.0,3,0,5,1,0.03,0.06,26,88,probabilistic,8,220
3,Alternator,2.452778300604388,0.5151313601596276,2.0,1.0,0.2613336682202968,0.25408022393958557,0.29552849099127354,0.1890576168488441,0.0,0.0,1.0,1.0,3,0,5,1,0.03,0.06,26,88,probabilistic,8,220
4,Meta Mixer: 7 players,2.4383777651043212,0.5602018745493872,2.0,0.6208791208791209,0.3234954211780815,0.23359366976375293,0.2385550255316242,0.20435588352654138,0.5379922272656801,0.5284957171563666,0.5872888815769493,0.5737960538919875,3,0,5,1,0.03,0.06,26,88,probabilistic,8,220
5,GTFT: 0.33,2.3181905502649016,0.8017211703958692,0.0,1.0,0.490912827080695,0.2998573597022185,0.16818421464979075,0.04104559856729577,1.0,0.3389814428486736,1.0,0.37868162692847124,3,0,5,1,0.03,0.06,26,88,probabilistic,8,220
6,Anti Tit For Tat,2.208485294375387,0.5540888602704443,2.0,1.0,0.3133460965921924,0.24568650514687404,0.15644760806311628,0.28451979019781726,0.0,1.0,0.0,1.0,3,0,5,1,0.03,0.06,26,88,probabilistic,8,220
7,Tit For 2 Tats,2.0396253516069187,0.9143546441495778,0.0,1.0,0.6107832984851855,0.3206365273313752,0.03562201763885294,0.03295815654458627,1.0,0.8556002609830362,1.0,0.0,3,0,5,1,0.03,0.06,26,88,probabilistic,8,220
0,Defector,2.771212121212121,0.0,12.0,0.0,0.0,0.0,0.39247975682861985,0.6075202431713801,0.0,0.0,0.0,0.0,3,0,5,1,0.09,0.1,57,181,probabilistic,15,221
1,Grudger,2.7163600288600285,0.5965868689262859,3.0,1.0,0.5223443758344459,0.04876502400386262,0.21101072966331996,0.21787987049837151,1.0,0.0,0.0,0.0,3,0,5,1,0.09,0.1,57,181,probabilistic,15,221
2,Evolved FSM 16,2.5699134199134197,0.7228720756595322,2.0,1.0,0.5705537314300186,0.13582212191376017,0.1906559605121883,0.10296818614403293,0.9511006289308176,0.4431566178229137,0.44247864115670793,0.3053999452715263,3,0,5,1,0.09,0.1,57,181,probabilistic,15,221
3,Suspicious Tit For Tat,2.516667096131382,0.44585253456221197,7.0,0.0,0.2670353913391927,0.19437883541366874,0.24498270988724405,0.2936030633598945,1.0,0.0,1.0,0.0,3,0,5,1,0.09,0.1,57,181,probabilistic,15,221
4,Win-Stay Lose-Shift,2.4933893174494677,0.7479174212241941,1.0,1.0,0.5783339766075416,0.1583535893921711,0.1350427937804171,0.12826964021987014,1.0,0.0,0.0,1.0,3,0,5,1,0.09,0.1,57,181,probabilistic,15,221
5,Tit For Tat,2.473970143613001,0.7483293556085919,0.0,1.0,0.5783148300268074,0.16756005142453193,0.1403255618431432,0.11379955670551764,1.0,0.0,1.0,0.0,3,0,5,1,0.09,0.1,57,181,probabilistic,15,221
6,Soft Joss: 0.9,2.472839295207716,0.7796143250688705,0.0,1.0,0.6147989928202355,0.1640232139540936,0.11894730320455031,0.10223049002112061,1.0,0.08895683780794565,1.0,0.07915312099707349,3,0,5,1,0.09,0.1,57,181,probabilistic,15,221
7,Cycler DC,2.463666742614111,0.47378541212665043,6.0,0.0,0.16748471988052946,0.30624167953436965,0.3034325507774372,0.22284104980766367,0.0,0.0,1.0,1.0,3,0,5,1,0.09,0.1,57,181,probabilistic,15,221
8,Random: 0.5,2.3751700680272108,0.4920010157440325,6.0,0.49624060150375937,0.24724246957792914,0.2446167154642427,0.24828604975366392,0.25985476520416423,0.5009475300318725,0.4759240398819504,0.48865753053781635,0.505280285516933,3,0,5,1,0.09,0.1,57,181,probabilistic,15,221
9,"DoubleCrosser: (D, D)",2.346529332736229,0.7964302942595273,1.0,1.0,0.6481152909953282,0.1407013091957881,0.11819418056400947,0.09298921924487424,1.0,0.841111146193457,0.03278688524590164,0.0,3,0,5,1,0.09,0.1,57,181,probabilistic,15,221
10,Meta Mixer: 14 players,2.3462700849570597,0.5165004748338081,5.0,0.6102756892230576,0.2984043558368239,0.2210829862591254,0.22439940199340863,0.256113255910642,0.6432678458755551,0.3342468865442657,0.6513675027138385,0.35614037909932555,3,0,5,1,0.09,0.1,57,181,probabilistic,15,221
11,GTFT: 0.33,2.3423925125605796,0.8504002867726133,0.0,1.0,0.6582176098447501,0.1862184931855068,0.07725928872459752,0.07830460824514554,1.0,0.35443943253299254,1.0,0.3274449347180042,3,0,5,1,0.09,0.1,57,181,probabilistic,15,221
12,Win-Shift Lose-Stay: D,2.3236291486291485,0.5075174184085075,6.0,0.0,0.19146209376681547,0.3294103519475101,0.24994092678693208,0.22918662749874238,0.0,1.0,1.0,0.0,3,0,5,1,0.09,0.1,57,181,probabilistic,15,221
13,Bully,2.2873885864569092,0.5058778430871455,6.0,0.0,0.1688704223493411,0.3409765538871862,0.25921133938905105,0.23094168437442164,0.0,1.0,0.0,1.0,3,0,5,1,0.09,0.1,57,181,probabilistic,15,221
14,Cooperator,2.130952380952381,1.0,0.0,1.0,0.7239823718672345,0.2760176281327654,0.0,0.0,1.0,1.0,0.0,0.0,3,0,5,1,0.09,0.1,57,181,probabilistic,15,221
0,Defector,2.6655344655344657,0.0,7.0,0.0,0.0,0.0,0.3283065290665984,0.6716934709334016,0.0,0.0,0.0,0.0,3,0,5,1,0.07,0.09,55,58,probabilistic,8,222
1,Grudger,2.4675675675675675,0.5160807778608826,2.0,1.0,0.4686504275610209,0.051426386843223634,0.16161255300908223,0.3183106325866733,1.0,0.0,0.0,0.0,3,0,5,1,0.07,0.09,55,58,probabilistic,8,222
2,Cycler DC,2.389473684210526,0.4751196172248804,3.0,0.0,0.1293804490525545,0.34528081488689527,0.3224470868628873,0.20289164919766295,0.0,0.0,1.0,1.0,3,0,5,1,0.07,0.09,55,58,probabilistic,8,222
3,Meta Mixer: 7 players,2.3374415893212883,0.465717674970344,3.0,0.7064935064935065,0.24956445924868423,0.20740123324380205,0.22518930640894266,0.31784500109857106,0.607439789233133,0.30183051657030596,0.5772307574703152,0.30788258596033663,3,0,5,1,0.07,0.09,55,58,probabilistic,8,222
4,Soft Joss: 0.9,2.3095238095238098,0.7075310748233,0.0,1.0,0.4981688705998149,0.2132201579798545,0.1417191072040206,0.1468918642163101,1.0,0.11043339949770027,1.0,0.11250514191690662,3,0,5,1,0.07,0.09,55,58,probabilistic,8,222
5,Win-Stay Lose-Shift,2.2976337903582484,0.7189444859347772,0.0,1.0,0.5454022555407447,0.1926596346016644,0.09679144844680994,0.1651466614107809,1.0,0.0,0.0,1.0,3,0,5,1,0.07,0.09,55,58,probabilistic,8,222
6,Alternator,2.1780219780219783,0.5248,2.0,1.0,0.1745789113799809,0.350421957582152,0.28715752315360815,0.1878416078842589,0.0,0.0,1.0,1.0,3,0,5,1,0.07,0.09,55,58,probabilistic,8,222
7,Tit For 2 Tats,2.123051948051948,0.8598286530223703,0.0,1.0,0.6483643918211077,0.2132066846858471,0.010393315671489708,0.12803560782155538,1.0,0.8096924014009441,1.0,0.0,3,0,5,1,0.07,0.09,55,58,probabilistic,8,222
0,Defector,2.946825396825397,0.0,7.0,0.0,0.0,0.0,0.47421603758477326,0.5257839624152267,0.0,0.0,0.0,0.0,3,0,5,1,0.09,0.04,82,9,probabilistic,8,223
1,Grudger,2.555555555555556,0.535371976266545,2.0,1.0,0.46572983260289763,0.07318641668445196,0.18179457643063138,0.27928917428201905,1.0,0.0,0.0,0.0,3,0,5,1,0.09,0.04,82,9,probabilistic,8,223
2,Meta Winner: 7 players,2.5138888888888893,0.2795102795102795,4.0,1.0,0.12620042147830335,0.15342589722983205,0.35582067832053843,0.3645530029713262,0.16641597282200155,0.3852749811238981,0.06781204295855615,0.17949184753053427,3,0,5,1,0.09,0.04,82,9,probabilistic,8,223
3,Bully,2.238095238095238,0.48476019722097713,4.0,0.0,0.08976002129970655,0.39891198040723314,0.35033852249331154,0.1609894757997489,0.0,1.0,0.0,1.0,3,0,5,1,0.09,0.04,82,9,probabilistic,8,223
4,Tit For Tat,2.224206349206349,0.6611325904025472,0.0,1.0,0.5254238356888821,0.13938887698061395,0.07982037303917701,0.25536691429132696,1.0,0.0,1.0,0.0,3,0,5,1,0.09,0.04,82,9,probabilistic,8,223
5,Random: 0.5,2.1749433106575964,0.5040449438202247,3.0,0.49477351916376305,0.23458733805899984,0.269191990178176,0.2282516419721888,0.2679690297906353,0.5050070529051273,0.4841492940937436,0.5031032245020781,0.5059096539884939,3,0,5,1,0.09,0.04,82,9,probabilistic,8,223
6,GTFT: 0.33,2.0607993197278915,0.7630165771655382,0.0,1.0,0.5387506063036368,0.22126274574032614,0.05489068925717999,0.185095958698857,1.0,0.32496038139126676,1.0,0.3109709693291783,3,0,5,1,0.09,0.04,82,9,probabilistic,8,223
7,Cooperator,1.5952380952380953,1.0,0.0,1.0,0.5302353881228329,0.4697646118771671,0.0,0.0,1.0,1.0,0.0,0.0,3,0,5,1,0.09,0.04,82,9,probabilistic,8,223
0,Alternator,2.6223422706051744,0.5136003426857999,2.0,1.0,0.1392888651540568,0.3743991058159952,0.4283324692815203,0.057979559748427674,0.0,0.0,1.0,1.0,3,0,5,1,0.01,0.03,50,43,probabilistic,5,224
1,Soft Joss: 0.9,2.610918850744432,0.7735231864537233,0.0,1.0,0.47537700911395864,0.2796705410985757,0.24495244978746564,0.0,1.0,0.09200286419391146,1.0,0.0,3,0,5,1,0.01,0.03,50,43,probabilistic,5,224
2,GTFT: 0.33,2.513425733665559,0.8575845410628019,0.0,1.0,0.5995645490241699,0.24597451891090957,0.15446093206492054,0.0,1.0,0.33835985874613006,1.0,0.0,3,0,5,1,0.01,0.03,50,43,probabilistic,5,224
3,Suspicious Tit For Tat,2.38265503875969,0.5397173004180769,2.5,0.0,0.32395650370804063,0.20100479226078707,0.22503870403117235,0.25,1.0,0.0,1.0,0.0,3,0,5,1,0.01,0.03,50,43,probabilistic,5,224
4,Win-Shift Lose-Stay: D,2.2909619450317127,0.44949899799599197,2.0,0.0,0.23630310751502484,0.20372646490767937,0.25199086782886815,0.30797955974842767,0.0,1.0,1.0,0.0,3,0,5,1,0.01,0.03,50,43,probabilistic,5,224
0,Anti Tit For Tat,2.7068903318903317,0.43215130023640663,2.0,1.0,0.24037355395002796,0.19353147980905688,0.3557901131036856,0.2103048531372296,0.0,1.0,0.0,1.0,3,0,5,1,0.02,0.01,42,28,probabilistic,3,225
1,Soft Joss: 0.9,2.535714285714286,0.7797763733592611,0.0,1.0,0.6330365974282888,0.14292779426310584,0.10385756676557864,0.1201780415430267,1.0,0.11636363636363636,1.0,0.10256410256410256,3,0,5,1,0.02,0.01,42,28,probabilistic,3,225
2,Tit For 2 Tats,2.357142857142857,0.8153488372093023,0.0,1.0,0.6073369565217391,0.2128623188405797,0.08967391304347826,0.0901268115942029,1.0,0.5404157043879908,1.0,0.0,3,0,5,1,0.02,0.01,42,28,probabilistic,3,225
0,Suspicious Tit For Tat,2.863669707925099,0.583103448275862,9.0,0.0,0.389424151234478,0.1858444826702184,0.25055302389971323,0.17417834219559028,1.0,0.0,1.0,0.0,3,0,5,1,0.07,0.1,62,127,probabilistic,15,226
1,Evolved FSM 16,2.842936631174209,0.7632357777047024,2.0,1.0,0.6657762793385793,0.08995364611432921,0.16501909097025905,0.07925098357683243,0.9123214976099486,0.4073946546605273,0.41085548923856036,0.2891699651476188,3,0,5,1,0.07,0.1,62,127,probabilistic,15,226
2,Grudger,2.82106524427953,0.6671500278862242,3.0,1.0,0.6247010913387467,0.03764920201869299,0.1642092573019715,0.17344044934058878,1.0,0.0,0.0,0.0,3,0,5,1,0.07,0.1,62,127,probabilistic,15,226
3,Evolved HMM 5,2.8031997946706593,0.781638829727609,3.0,1.0,0.7045915454909074,0.06306924236705944,0.14095468575968279,0.0913845263823504,0.9992069785884219,0.4579564346042635,0.012520382017237363,0.12576876322542882,3,0,5,1,0.07,0.1,62,127,probabilistic,15,226
4,"DoubleCrosser: (D, D)",2.650595984007638,0.8585186065866127,1.0,1.0,0.750886016301445,0.10346757245793159,0.09809111179489034,0.04755529944573311,1.0,0.8509731246610418,0.010309278350515464,0.0,3,0,5,1,0.07,0.1,62,127,probabilistic,15,226
5,Tit For Tat,2.6406802721088436,0.8061560150375939,0.0,1.0,0.6703291235644987,0.14235801164458192,0.12056750359896558,0.06674536119195376,1.0,0.0,1.0,0.0,3,0,5,1,0.07,0.1,62,127,probabilistic,15,226
6,Bully,2.634829706634218,0.4936888050017695,8.0,0.0,0.14373789113911578,0.3431796614435374,0.3143319922372402,0.19875045518010676,0.0,1.0,0.0,1.0,3,0,5,1,0.07,0.1,62,127,probabilistic,15,226
7,Random: 0.5,2.6304117639878917,0.5044552690982536,7.0,0.5011520737327189,0.2734963120039737,0.232039097578585,0.2590227150148029,0.23544187540263836,0.5158276658382502,0.5063053660516984,0.500018848779089,0.5048930274650483,3,0,5,1,0.07,0.1,62,127,probabilistic,15,226
8,GTFT: 0.33,2.605485014518628,0.884582803896654,0.0,1.0,0.7436455044536054,0.13668350759246456,0.06445918673951269,0.0552118012144172,1.0,0.3133783162397696,1.0,0.30574791668803336,3,0,5,1,0.07,0.1,62,127,probabilistic,15,226
9,Alternator,2.5993815633711383,0.5266703478741027,5.5,1.0,0.25902365517810166,0.26811839408367183,0.28474820677277923,0.18810974396544725,0.0,0.0,1.0,1.0,3,0,5,1,0.07,0.1,62,127,probabilistic,15,226
10,Meta Mixer: 13 players,2.5610435499190474,0.6362776398249971,5.0,0.804147465437788,0.4574181626446938,0.1814081673632606,0.18443266294361363,0.17674100704843182,0.7365594969481196,0.41421143938308064,0.6969523005338204,0.37925195547332974,3,0,5,1,0.07,0.1,62,127,probabilistic,15,226
11,Win-Stay Lose-Shift,2.5603255040755037,0.8349838655836208,0.0,1.0,0.6907864733885135,0.12814739826946733,0.07416342044601963,0.10690270789599948,1.0,0.0,0.0,1.0,3,0,5,1,0.07,0.1,62,127,probabilistic,15,226
12,Meta Winner: 13 players,2.5538319975819976,0.44068801897983395,6.0,1.0,0.25281287191737956,0.19196697006504243,0.3075390544476734,0.2476811035699047,0.5207525059183743,0.7947487933077835,0.08603484691980363,0.3644993849906971,3,0,5,1,0.07,0.1,62,127,probabilistic,15,226
13,Tit For 2 Tats,2.5127673145281504,0.9386301369863014,0.0,1.0,0.7949780301626387,0.14070884558475497,0.03056860294242691,0.03374452131017953,1.0,0.7697464450126393,1.0,0.0,3,0,5,1,0.07,0.1,62,127,probabilistic,15,226
14,Cooperator,2.397361929948942,1.0,0.0,1.0,0.7859336843840468,0.21406631561595324,0.0,0.0,1.0,1.0,0.0,0.0,3,0,5,1,0.07,0.1,62,127,probabilistic,15,226
0,Evolved FSM 16,2.5789473684210527,0.6757894736842105,3.0,1.0,0.5186449985359309,0.15363329257474012,0.17205331258616208,0.155668396303167,0.8690487538455781,0.4704034981413497,0.42337790230635963,0.3396875464072955,3,0,5,1,0.03,0.03,23,19,probabilistic,13,227
1,Defector,2.523830409356725,0.0,11.0,0.0,0.0,0.0,0.36290412778586645,0.6370958722141337,0.0,0.0,0.0,0.0,3,0,5,1,0.03,0.03,23,19,probabilistic,13,227
2,Evolved HMM 5,2.506524370881956,0.6765936500123062,3.0,1.0,0.556032465936963,0.10429397335285524,0.1474328361061705,0.1922407246040113,0.9969230769230769,0.4900999499434822,0.031914893617021274,0.1650033534849177,3,0,5,1,0.03,0.03,23,19,probabilistic,13,227
3,Suspicious Tit For Tat,2.496634104199894,0.5238678090575275,8.0,0.0,0.33018017404212713,0.19258577919336906,0.23833219437987072,0.23890185238463305,1.0,0.0,1.0,0.0,3,0,5,1,0.03,0.03,23,19,probabilistic,13,227
4,"DoubleCrosser: (D, D)",2.4948830409356724,0.725531914893617,2.0,1.0,0.5935497389429492,0.12720334754256457,0.11697604944364569,0.16227086407084054,1.0,0.8047827667249817,0.0,0.0,3,0,5,1,0.03,0.03,23,19,probabilistic,13,227
5,Tit For Tat,2.3906695156695155,0.6736762097795794,0.0,1.0,0.5017290197495319,0.16627642114141106,0.1409940589122232,0.1910005001968338,1.0,0.0,1.0,0.0,3,0,5,1,0.03,0.03,23,19,probabilistic,13,227
6,Meta Winner: 11 players,2.3257211538461537,0.20284872298624754,9.0,1.0,0.12624220865842206,0.07822400545211268,0.2854880636863906,0.5100457222030746,0.4788728645346495,0.4523183409271516,0.041194794638081046,0.0719496992708785,3,0,5,1,0.03,0.03,23,19,probabilistic,13,227
7,Meta Mixer: 11 players,2.305130678002195,0.5086477987421384,4.0,0.7355072463768116,0.2869445398877824,0.2198453129509891,0.20597835413002508,0.2872317930312034,0.6324601192873683,0.36441617453906855,0.6060745227572126,0.34711092041001046,3,0,5,1,0.03,0.03,23,19,probabilistic,13,227
8,Win-Stay Lose-Shift,2.2140194235588972,0.7394522575869726,0.0,1.0,0.5329141974401225,0.20394381865072572,0.08476804147335704,0.17837394243579485,1.0,0.0,0.0,1.0,3,0,5,1,0.03,0.03,23,19,probabilistic,13,227
9,Tit For 2 Tats,2.1966374269005846,0.8053462940461725,0.0,1.0,0.6425624164622804,0.1672603813335334,0.03470095755587115,0.15547624464831492,1.0,0.7085635234662491,1.0,0.0,3,0,5,1,0.03,0.03,23,19,probabilistic,13,227
10,Alternator,2.144110275689223,0.527834008097166,2.0,1.0,0.21449964143346553,0.3133349485097641,0.2233988080593481,0.2487666019974223,0.0,0.0,1.0,1.0,3,0,5,1,0.03,0.03,23,19,probabilistic,13,227
11,Random: 0.5,2.14136983873826,0.5102137767220902,4.0,0.4782608695652174,0.22798621425913745,0.2826240849609179,0.21130403343817095,0.2780856673417737,0.5103308097279097,0.5248470557933257,0.516266555066327,0.5035046140079349,3,0,5,1,0.03,0.03,23,19,probabilistic,13,227
12,Bully,1.9105984780326886,0.5852475752935171,5.0,0.0,0.15920548740712573,0.42481685247146667,0.20971138057734826,0.20626627954405938,0.0,1.0,0.0,1.0,3,0,5,1,0.03,0.03,23,19,probabilistic,13,227
0,Evolved HMM 5,3.154785473785474,0.6065129545994771,6.0,1.0,0.5654947993727275,0.04338504961352412,0.275228684553199,0.11589146646054936,0.9976013629638486,0.4771196796905043,0.01797707458831127,0.15696017573684348,3,0,5,1,0.02,0.01,36,49,probabilistic,16,228
1,Evolved FSM 16,3.123274506495859,0.5900250792599252,6.0,1.0,0.5186152444658975,0.07621451906324452,0.2975354334429841,0.10763480302787393,0.8848039267682126,0.5075801548495092,0.2603049200267322,0.26448401667012583,3,0,5,1,0.02,0.01,36,49,probabilistic,16,228
2,Grudger,3.1132653662384007,0.4963746082237919,7.0,1.0,0.48064039553991533,0.01347214339898213,0.29269110590754516,0.2131963551535573,1.0,0.0,0.0,0.0,3,0,5,1,0.02,0.01,36,49,probabilistic,16,228
3,Meta Winner: 14 players,2.726140847387088,0.18083716428744254,11.0,1.0,0.0886664871810502,0.09203880660336412,0.41349273296259775,0.40580197325298795,0.5224287017187119,0.6742889790769657,0.044790839632271415,0.10832737835520802,3,0,5,1,0.02,0.01,36,49,probabilistic,16,228
4,Tit For Tat,2.6027113631376304,0.728601873420231,0.0,1.0,0.5674074338932898,0.16521151842265094,0.15684497297083078,0.1105360747132284,1.0,0.0,1.0,0.0,3,0,5,1,0.02,0.01,36,49,probabilistic,16,228
5,Win-Stay Lose-Shift,2.5461756596578025,0.7246292807805632,2.0,1.0,0.5763776551962856,0.14861046661106048,0.13403330741302932,0.14097857077962456,1.0,0.0,0.0,1.0,3,0,5,1,0.02,0.01,36,49,probabilistic,16,228
6,GTFT: 0.33,2.4848767704170136,0.8325280292724117,0.0,1.0,0.652190596890231,0.1778530743274607,0.08694228317619809,0.08301404560611021,1.0,0.33508829006610846,1.0,0.31508704533443455,3,0,5,1,0.02,0.01,36,49,probabilistic,16,228
7,Tit For 2 Tats,2.382784603202983,0.8835561052180945,0.0,1.0,0.6963539688466599,0.18523269075030557,0.04468421783053192,0.0737291225725026,1.0,0.7427741688407752,1.0,0.0,3,0,5,1,0.02,0.01,36,49,probabilistic,16,228
8,Suspicious Tit For Tat,2.3176198375589516,0.5215482269842028,9.0,0.0,0.34327115303791006,0.182272129890299,0.19797985035810478,0.2764768667136862,1.0,0.0,1.0,0.0,3,0,5,1,0.02,0.01,36,49,probabilistic,16,228
9,Random: 0.5,2.234709114562998,0.4932157394843962,7.0,0.5074074074074074,0.23704652433238022,0.2561793685463516,0.24171391027800582,0.26506019684326243,0.48923414010392224,0.491176420580138,0.49727260208774493,0.48345395791981577,3,0,5,1,0.02,0.01,36,49,probabilistic,16,228
10,Alternator,2.227431892622369,0.5107353597461199,4.0,1.0,0.23388051153633543,0.27687521035491874,0.24306080020588325,0.24618347790286252,0.0,0.0,1.0,1.0,3,0,5,1,0.02,0.01,36,49,probabilistic,16,228
11,Meta Mixer: 14 players,2.2180931793770142,0.5261267302073854,6.5,0.7444444444444445,0.28647945386822676,0.23962474038376178,0.2120714699141824,0.261824335833829,0.6052384912364397,0.43659545497769164,0.5839023373123955,0.44443499805014713,3,0,5,1,0.02,0.01,36,49,probabilistic,16,228
12,Bully,2.1855489131679606,0.5210404087320019,8.0,0.0,0.17069880570256174,0.3552488252988761,0.2888450227331472,0.18520734626541485,0.0,1.0,0.0,1.0,3,0,5,1,0.02,0.01,36,49,probabilistic,16,228
13,Cooperator,2.0635879603830922,1.0,0.0,1.0,0.6875474488873741,0.31245255111262593,0.0,0.0,1.0,1.0,0.0,0.0,3,0,5,1,0.02,0.01,36,49,probabilistic,16,228
14,Win-Shift Lose-Stay: D,1.9971772723216157,0.5945371041817742,7.0,0.0,0.21010355345487747,0.38815945309897054,0.2287052009247419,0.1730317925214101,0.0,1.0,1.0,0.0,3,0,5,1,0.02,0.01,36,49,probabilistic,16,228
15,Anti Tit For Tat,1.848744856334142,0.6129198723963221,5.0,1.0,0.1881421928196157,0.4172909400722602,0.21629249487767516,0.178274372230449,0.0,1.0,0.0,1.0,3,0,5,1,0.02,0.01,36,49,probabilistic,16,228
0,Defector,2.7974697192896407,0.0,16.0,0.0,0.0,0.0,0.4118451497711904,0.5881548502288096,0.0,0.0,0.0,0.0,3,0,5,1,0.04,0.03,94,161,probabilistic,18,229
1,Evolved HMM 5,2.7840352472611385,0.6456501684959618,5.0,1.0,0.5563381698349944,0.06757057491398577,0.1994474492141895,0.17664380603683028,0.998225997990317,0.4770277049818054,0.01389868199815588,0.1880837977952565,3,0,5,1,0.04,0.03,94,161,probabilistic,18,229
2,Grudger,2.771140415066042,0.5063642360976367,5.0,1.0,0.48490208791785877,0.016432311013354475,0.21782680289006615,0.28083879817872054,1.0,0.0,0.0,0.0,3,0,5,1,0.04,0.03,94,161,probabilistic,18,229
3,Evolved FSM 16,2.740047556462198,0.6289735884864779,5.0,1.0,0.5170525081422156,0.11130518277011589,0.22123897433458814,0.15040333475308046,0.8936633490053854,0.5036920988018005,0.23977746550664994,0.30676912347841684,3,0,5,1,0.04,0.03,94,161,probabilistic,18,229
4,"DoubleCrosser: (D, D)",2.657478596619506,0.6259935957807496,4.0,1.0,0.5643767893407636,0.05382714215775468,0.1879753031246909,0.19382076537679088,1.0,0.7969873302881259,0.004259850905218318,0.0,3,0,5,1,0.04,0.03,94,161,probabilistic,18,229
5,Meta Winner: 16 players,2.5152190933800043,0.08825634842890513,12.0,1.0,0.055258137052346834,0.0336213684570569,0.37172899859868497,0.5393914958919113,0.5361929229636386,0.3997681403903641,0.015371922614527987,0.028919513373890912,3,0,5,1,0.04,0.03,94,161,probabilistic,18,229
6,Tit For Tat,2.5010734875082674,0.693789635217335,0.0,1.0,0.5353682128951653,0.15349135355693627,0.14377431761031806,0.16736611593758047,1.0,0.0,1.0,0.0,3,0,5,1,0.04,0.03,94,161,probabilistic,18,229
7,Suspicious Tit For Tat,2.4740982079176863,0.5531491065325652,9.5,0.0,0.3549256803972028,0.1897702993450946,0.20710837780741964,0.2481956424502829,1.0,0.0,1.0,0.0,3,0,5,1,0.04,0.03,94,161,probabilistic,18,229
8,GTFT: 0.33,2.3532642997226567,0.8098890124177957,0.0,1.0,0.6153370259572356,0.1858857607183598,0.07990668533422289,0.11887052799018166,1.0,0.3290736930217478,1.0,0.3258419509467703,3,0,5,1,0.04,0.03,94,161,probabilistic,18,229
9,Tit For 2 Tats,2.298475149985033,0.8380716470566159,0.0,1.0,0.664844949227656,0.16200699556307488,0.03630345556987416,0.13684459963939516,1.0,0.7135776643600198,1.0,0.0,3,0,5,1,0.04,0.03,94,161,probabilistic,18,229
10,Win-Stay Lose-Shift,2.2843953084879245,0.7607851754193218,0.0,1.0,0.574960058333111,0.17923928418032806,0.07502129430325771,0.17077936318330322,1.0,0.0,0.0,1.0,3,0,5,1,0.04,0.03,94,161,probabilistic,18,229
11,Cycler DC,2.2512250872112745,0.49183446963691135,7.0,0.0,0.17808961755203118,0.3137048129854757,0.24421432911246968,0.2639912403500234,0.0,0.0,1.0,1.0,3,0,5,1,0.04,0.03,94,161,probabilistic,18,229
12,Meta Mixer: 16 players,2.209619607606741,0.47533485158451383,7.0,0.7083854818523154,0.23917716039497544,0.2381367174469995,0.2104696069968581,0.31221651516116694,0.5810778063239004,0.41066116020966303,0.5453052352722508,0.3958389014342163,3,0,5,1,0.04,0.03,94,161,probabilistic,18,229
13,Bully,2.1692588192075792,0.5497798006228234,8.0,0.0,0.15984055745096878,0.4023252164461793,0.26061341215570444,0.17722081394714734,0.0,1.0,0.0,1.0,3,0,5,1,0.04,0.03,94,161,probabilistic,18,229
14,Alternator,2.153204016242674,0.5081641617172431,5.0,1.0,0.19447558439189166,0.31381211137413395,0.23282213089916318,0.25889017333481124,0.0,0.0,1.0,1.0,3,0,5,1,0.04,0.03,94,161,probabilistic,18,229
15,Random: 0.5,2.136098324219597,0.5012455023526156,7.0,0.5150187734668336,0.21470109220305178,0.2864963098542767,0.21424180976668464,0.2845607881759868,0.4996263911253149,0.4956343887659138,0.49797263967683136,0.5072145118381697,3,0,5,1,0.04,0.03,94,161,probabilistic,18,229
16,Cooperator,1.9991830079927402,1.0,0.0,1.0,0.6636863619182262,0.3363136380817739,0.0,0.0,1.0,1.0,0.0,0.0,3,0,5,1,0.04,0.03,94,161,probabilistic,18,229
17,Anti Tit For Tat,1.8428560717466156,0.6326183049809602,5.5,1.0,0.17715559614959478,0.46393903589634844,0.19334001727186595,0.1655653506821909,0.0,1.0,0.0,1.0,3,0,5,1,0.04,0.03,94,161,probabilistic,18,229
0,Evolved HMM 5,3.243604923915074,0.38369723435225617,4.0,1.0,0.34144337363319666,0.0519049545909411,0.4342449739504577,0.1724066978254046,0.997218068885803,0.40262329681187997,0.012703055812995571,0.15483166599560194,3,0,5,1,0.05,0.02,58,95,probabilistic,8,230
1,Meta Winner: 7 players,2.6820741024034476,0.3192771084337349,4.0,1.0,0.15738533891083492,0.1514267079465401,0.44014053256058033,0.25104742058204466,0.6692561484552382,0.6794169194116231,0.11800088020292156,0.2942901636105572,3,0,5,1,0.05,0.02,58,95,probabilistic,8,230
2,Soft Joss: 0.9,2.476134949471173,0.6966905681191395,0.0,1.0,0.4683290377989322,0.23457523922615064,0.19565824405555815,0.10143747891935904,1.0,0.09819016943629319,1.0,0.09680692810067242,3,0,5,1,0.05,0.02,58,95,probabilistic,8,230
3,Random: 0.5,2.433411259240538,0.49530240751614796,4.0,0.4753694581280788,0.2598636195672746,0.23489344015824032,0.26600708624010755,0.23923585403437755,0.4814973580550849,0.5090609660626026,0.5085080015496116,0.48602295818975394,3,0,5,1,0.05,0.02,58,95,probabilistic,8,230
4,Win-Shift Lose-Stay: D,2.410062368708985,0.5610038163524922,4.0,0.0,0.25609717164733103,0.3042861598608774,0.2700826261666989,0.16953404232509262,0.0,1.0,1.0,0.0,3,0,5,1,0.05,0.02,58,95,probabilistic,8,230
5,Cycler DC,2.30668122050991,0.4936454849498328,4.0,0.0,0.22957375649061154,0.2640324281603563,0.23936820466465195,0.2670256106843802,0.0,0.0,1.0,1.0,3,0,5,1,0.05,0.02,58,95,probabilistic,8,230
6,Anti Tit For Tat,2.1399861949620487,0.562674253200569,2.0,1.0,0.2089037286034972,0.3561657646115498,0.2365915168731194,0.19833898991183357,0.0,1.0,0.0,1.0,3,0,5,1,0.05,0.02,58,95,probabilistic,8,230
7,Cooperator,1.6181889293545169,1.0,0.0,1.0,0.5151915100434817,0.4848084899565182,0.0,0.0,1.0,1.0,0.0,0.0,3,0,5,1,0.05,0.02,58,95,probabilistic,8,230
0,Grudger,3.694126984126984,0.6304328776726253,2.0,1.0,0.6,0.009199879870570226,0.38648768888630547,0.004312431243124313,1.0,0.0,0.0,0.0,3,0,5,1,0.06,0.02,99,171,probabilistic,6,231
1,Evolved FSM 16,3.6291666666666664,0.6283374866500534,2.0,1.0,0.6044149062425824,0.013445766578521673,0.3779376465066269,0.004201680672268908,1.0,0.0,0.024256651017214397,0.0,3,0,5,1,0.06,0.02,99,171,probabilistic,6,231
2,"DoubleCrosser: (D, D)",3.3703041144901613,0.646696703394745,2.0,1.0,0.6121515679442509,0.03363262599787535,0.3502699469158687,0.003945859142005047,1.0,0.7633393218055243,0.0,0.0,3,0,5,1,0.06,0.02,99,171,probabilistic,6,231
3,Tit For Tat,2.7681159420289854,0.8262981947849343,0.0,1.0,0.7136072763933946,0.11981933709459276,0.11609994064951772,0.05047344586249486,1.0,0.0,1.0,0.0,3,0,5,1,0.06,0.02,99,171,probabilistic,6,231
4,Win-Shift Lose-Stay: D,1.5888361638361639,0.7681881695388915,1.0,0.0,0.1468228500063297,0.6199306040723631,0.16512364625736095,0.06812289966394623,0.0,1.0,1.0,0.0,3,0,5,1,0.06,0.02,99,171,probabilistic,6,231
5,Bully,1.0565315315315316,0.7882405345211582,1.0,0.0,0.1136437474293952,0.677595295794261,0.0777046401925044,0.13105631658383937,0.0,1.0,0.0,1.0,3,0,5,1,0.06,0.02,99,171,probabilistic,6,231
0,Grudger,2.850444278764799,0.5025332760841563,6.0,1.0,0.48995078546746096,0.02075092127687563,0.242463612214223,0.24683468104144046,1.0,0.0,0.0,0.0,3,0,5,1,0.01,0.04,76,108,probabilistic,20,232
1,Evolved FSM 16,2.7941274736022947,0.6351670979770153,5.0,1.0,0.5240847084692019,0.1070376793072315,0.23898848953752358,0.12988912268604316,0.9112930934146511,0.4944151128822515,0.2358323895253814,0.30816360870067205,3,0,5,1,0.01,0.04,76,108,probabilistic,20,232
2,Evolved HMM 5,2.792164959845323,0.6274823036879941,5.0,1.0,0.5560848092597107,0.06969592063557223,0.22021038211002267,0.15400888799469448,0.997831527689451,0.4831936333817656,0.01644474818060031,0.19498236880673447,3,0,5,1,0.01,0.04,76,108,probabilistic,20,232
3,Defector,2.675185311834873,0.0,17.0,0.0,0.0,0.0,0.37954566727277256,0.6204543327272274,0.0,0.0,0.0,0.0,3,0,5,1,0.01,0.04,76,108,probabilistic,20,232
4,"DoubleCrosser: (D, D)",2.6546594728102155,0.6402200419667669,4.0,1.0,0.5753632393473066,0.07014194750930972,0.19662029942043877,0.157874513722945,1.0,0.7985360717018894,0.0027247956403269754,0.0,3,0,5,1,0.01,0.04,76,108,probabilistic,20,232
5,Meta Winner: 18 players,2.5293581650083095,0.11394221656602854,13.0,1.0,0.06937462411409405,0.04587257518895506,0.3723300130592218,0.512422787637729,0.5568469939250692,0.3694945635286543,0.02009442102930863,0.03868875796199339,3,0,5,1,0.01,0.04,76,108,probabilistic,20,232
6,Tit For Tat,2.5105312184326856,0.703092430256132,0.0,1.0,0.5492106248383105,0.15738382648728197,0.14496820590251785,0.14843734277188977,1.0,0.0,1.0,0.0,3,0,5,1,0.01,0.04,76,108,probabilistic,20,232
7,Soft Joss: 0.9,2.4728399600170063,0.7561437696221717,0.0,1.0,0.5909276630613235,0.15813573462689887,0.11781445558214014,0.13312214672963743,1.0,0.10321263049554016,1.0,0.09369917012719009,3,0,5,1,0.01,0.04,76,108,probabilistic,20,232
8,Suspicious Tit For Tat,2.4443432749542415,0.5157619643926608,10.0,0.0,0.3463043595094126,0.17910035147241016,0.20055306938548761,0.2740422196326897,1.0,0.0,1.0,0.0,3,0,5,1,0.01,0.04,76,108,probabilistic,20,232
9,Win-Stay Lose-Shift,2.443098190478053,0.744947754404345,1.0,1.0,0.5690308146627595,0.16248702957482292,0.11805703047452543,0.15042512528789204,1.0,0.0,0.0,1.0,3,0,5,1,0.01,0.04,76,108,probabilistic,20,232
10,GTFT: 0.33,2.376853247718136,0.8124945870261844,0.0,1.0,0.6236775297537533,0.18911975050247418,0.08392405691946762,0.1032786628243049,1.0,0.33324958357748663,1.0,0.33090430318920927,3,0,5,1,0.01,0.04,76,108,probabilistic,20,232
11,Cycler DC,2.3143291578035594,0.4899569384636755,8.0,0.0,0.17597585899946686,0.3138584228935577,0.26416265733889316,0.2460030607680823,0.0,0.0,1.0,1.0,3,0,5,1,0.01,0.04,76,108,probabilistic,20,232
12,Meta Mixer: 18 players,2.2968194775010646,0.4897215575375245,9.0,0.7084487534626038,0.26057725436018814,0.23000207736317763,0.21687320697989335,0.29254746129674103,0.5901899476256269,0.40022167464541475,0.5630821935891618,0.3947797105924551,3,0,5,1,0.01,0.04,76,108,probabilistic,20,232
13,Tit For 2 Tats,2.2865596801349968,0.8495174262734585,0.0,1.0,0.6767152504175921,0.1738374478857526,0.03176445937253807,0.11768284232411723,1.0,0.7456281062277423,1.0,0.0,3,0,5,1,0.01,0.04,76,108,probabilistic,20,232
14,Bully,2.253446559192647,0.5572577018214526,9.0,0.0,0.16947467408609226,0.38149921272196996,0.25664310942859236,0.19238300376334538,0.0,1.0,0.0,1.0,3,0,5,1,0.01,0.04,76,108,probabilistic,20,232
15,Random: 0.5,2.243072757070988,0.4956543610094179,8.0,0.48961218836565096,0.22209437379468214,0.27333094657864654,0.22534040045286344,0.27923427917380783,0.49572828805871133,0.4941333692198007,0.493913781422606,0.5032975151101461,3,0,5,1,0.01,0.04,76,108,probabilistic,20,232
16,Alternator,2.2190588752211653,0.5102429195119221,6.0,1.0,0.19804611926631774,0.3124209640329035,0.2531100338676677,0.23642288283311108,0.0,0.0,1.0,1.0,3,0,5,1,0.01,0.04,76,108,probabilistic,20,232
17,Win-Shift Lose-Stay: D,2.156824795552799,0.5672692413037524,8.5,0.0,0.1989516897534463,0.37275052952493515,0.22327508642296956,0.20502269429864897,0.0,1.0,1.0,0.0,3,0,5,1,0.01,0.04,76,108,probabilistic,20,232
18,Cooperator,2.039485074972239,1.0,0.0,1.0,0.6737156727439344,0.3262843272560656,0.0,0.0,1.0,1.0,0.0,0.0,3,0,5,1,0.01,0.04,76,108,probabilistic,20,232
19,Anti Tit For Tat,1.906281032097719,0.6256900792566275,6.0,1.0,0.1948008850648791,0.4342280517786351,0.1912934808757175,0.17967758228076822,0.0,1.0,0.0,1.0,3,0,5,1,0.01,0.04,76,108,probabilistic,20,232
0,Evolved HMM 5,3.2789802355893896,0.5537236299124533,4.0,1.0,0.521842572579172,0.029947513438601827,0.3351966548527219,0.11301325912950433,0.9989912999621737,0.5838445900158121,0.01710654936461388,0.15514275885792914,3,0,5,1,0.0,0.01,97,112,probabilistic,9,233
1,"DoubleCrosser: (D, D)",3.2265625,0.5502200337320435,3.0,1.0,0.5301920323750104,0.031621205528899,0.3225213054712695,0.11566545662482094,1.0,0.8079788874977384,0.010728402032749858,0.0,3,0,5,1,0.0,0.01,97,112,probabilistic,9,233
2,Soft Joss: 0.9,2.6129363505228995,0.7818908223354099,0.0,1.0,0.5836998742436692,0.19091868104996057,0.16192910412098702,0.06345234058538321,1.0,0.09924751592307132,1.0,0.10600736248529469,3,0,5,1,0.0,0.01,97,112,probabilistic,9,233
3,GTFT: 0.33,2.503765423173318,0.8327615292757359,0.0,1.0,0.630940228766236,0.2027057834525231,0.1175003362786862,0.04885365150255469,1.0,0.33070163941688546,1.0,0.3325008325008325,3,0,5,1,0.0,0.01,97,112,probabilistic,9,233
4,Suspicious Tit For Tat,2.4881964968190666,0.6401672872681916,5.0,0.0,0.5140492474910865,0.13795185178156552,0.14765138728093338,0.20034751344641466,1.0,0.0,1.0,0.0,3,0,5,1,0.0,0.01,97,112,probabilistic,9,233
5,Meta Mixer: 8 players,2.197641085549964,0.44923377037495543,4.0,0.5,0.2187465317546236,0.23083714838727434,0.24074675975652302,0.30966956010157903,0.5663166349123843,0.3548418141876759,0.5846257100057093,0.34929518716003594,3,0,5,1,0.0,0.01,97,112,probabilistic,9,233
6,Cycler DC,2.005562797713861,0.4977082374597331,2.0,0.0,0.1510246657950785,0.34667986589730715,0.25623135055255103,0.2460641177550633,0.0,0.0,1.0,1.0,3,0,5,1,0.0,0.01,97,112,probabilistic,9,233
7,Win-Shift Lose-Stay: D,1.8970972751448758,0.5444547996272134,3.0,0.0,0.19369375566065838,0.3653266116152617,0.2019059714914069,0.23907366123267304,0.0,1.0,1.0,0.0,3,0,5,1,0.0,0.01,97,112,probabilistic,9,233
8,Bully,1.68156549662199,0.6186310216648518,2.0,0.0,0.22516081443977126,0.3943175759655121,0.14662336731182649,0.2338982422828901,0.0,1.0,0.0,1.0,3,0,5,1,0.0,0.01,97,112,probabilistic,9,233
0,Defector,3.0092592592592595,0.0,16.0,0.0,0.0,0.0,0.4991166953933432,0.5008833046066568,0.0,0.0,0.0,0.0,3,0,5,1,0.03,0.03,68,4,probabilistic,19,234
1,Win-Shift Lose-Stay: D,2.7916666666666665,0.43003194888178914,12.0,0.0,0.23230169818414018,0.19682052123189156,0.37523287988568765,0.1956449006982806,0.0,1.0,1.0,0.0,3,0,5,1,0.03,0.03,68,4,probabilistic,19,234
2,Bully,2.75,0.33361921097770153,9.0,0.0,0.12558193687777158,0.20832442499174025,0.42030495307912585,0.24578868505136242,0.0,1.0,0.0,1.0,3,0,5,1,0.03,0.03,68,4,probabilistic,19,234
3,Cycler DC,2.6967592592592595,0.49178228388473855,9.0,0.0,0.24355691220334638,0.24817345957850495,0.3551144893955585,0.15315513882259013,0.0,0.0,1.0,1.0,3,0,5,1,0.03,0.03,68,4,probabilistic,19,234
4,Suspicious Tit For Tat,2.6527777777777777,0.45880590627006207,9.0,0.0,0.27684528945123693,0.1817143822995008,0.313162077600881,0.22827825064838125,1.0,0.0,1.0,0.0,3,0,5,1,0.03,0.03,68,4,probabilistic,19,234
5,Random: 0.5,2.638888888888889,0.49231754161331626,9.0,0.4869281045751634,0.3009629133265864,0.19150761518826176,0.30299163828937903,0.20453783319577282,0.4968829254265139,0.5109672178434936,0.48982125081027295,0.5122234033171533,3,0,5,1,0.03,0.03,68,4,probabilistic,19,234
6,Grudger,2.611111111111111,0.7121930202498923,3.0,1.0,0.582081544233235,0.12719873521873015,0.14680194965450463,0.14391777089353028,1.0,0.0,0.0,0.0,3,0,5,1,0.03,0.03,68,4,probabilistic,19,234
7,Meta Winner: 17 players,2.5972222222222223,0.629796355841372,9.0,1.0,0.4325834214188865,0.19672632442544138,0.23942729849870284,0.13126295565696922,0.6393513078659828,0.628041391509579,0.09720363510989001,0.37084996371552975,3,0,5,1,0.03,0.03,68,4,probabilistic,19,234
8,Evolved FSM 16,2.513888888888889,0.8093083387201034,1.0,1.0,0.6388312638647475,0.17054036119132607,0.10072797386615516,0.08990040107777124,1.0,0.2856674428994119,0.9468559837728195,0.0,3,0,5,1,0.03,0.03,68,4,probabilistic,19,234
9,Tit For Tat,2.513888888888889,0.7870926243567753,0.0,1.0,0.6151417007281892,0.17365863528263586,0.11568422429954398,0.09551543968963104,1.0,0.0,1.0,0.0,3,0,5,1,0.03,0.03,68,4,probabilistic,19,234
10,Soft Joss: 0.9,2.486111111111111,0.8118025751072961,0.0,1.0,0.6304570475970905,0.18142086868933116,0.10233594112150163,0.08578614259207655,1.0,0.0899925042000378,1.0,0.1618843420730213,3,0,5,1,0.03,0.03,68,4,probabilistic,19,234
11,Meta Mixer: 17 players,2.479166666666667,0.6546073632687806,6.0,0.7001633986928104,0.44944723085929755,0.20529803008214864,0.20682320197737647,0.1384315370811773,0.7108515389193972,0.4478588073225565,0.7104334437776408,0.4891314101616232,3,0,5,1,0.03,0.03,68,4,probabilistic,19,234
12,Anti Tit For Tat,2.4490740740740744,0.5259574468085106,7.0,1.0,0.26887879367457607,0.25703770109259905,0.2909187191969415,0.18316478603588332,0.0,1.0,0.0,1.0,3,0,5,1,0.03,0.03,68,4,probabilistic,19,234
13,Win-Stay Lose-Shift,2.4305555555555554,0.8009407740004276,1.0,1.0,0.628703619399061,0.17237348441022776,0.08742842793226906,0.11149446825844216,1.0,0.0,0.0,1.0,3,0,5,1,0.03,0.03,68,4,probabilistic,19,234
14,GTFT: 0.33,2.4027777777777777,0.8526652452025586,0.0,1.0,0.6484915656705987,0.20486513929019584,0.07621117566414372,0.07043211937506183,1.0,0.3034314381295517,1.0,0.5023452688568968,3,0,5,1,0.03,0.03,68,4,probabilistic,19,234
15,Evolved HMM 5,2.388888888888889,0.8634920634920635,0.0,1.0,0.6674334142313222,0.19600768491797213,0.06130059632566079,0.07525830452504477,1.0,0.4988185750871305,0.0,0.0,3,0,5,1,0.03,0.03,68,4,probabilistic,19,234
16,Tit For 2 Tats,2.25,0.9214162348877375,0.0,1.0,0.700396474163266,0.22200681874962502,0.01924412280331193,0.05835258428379702,1.0,0.7904889007569589,1.0,0.0,3,0,5,1,0.03,0.03,68,4,probabilistic,19,234
17,"DoubleCrosser: (D, D)",2.125,1.0,0.0,1.0,0.7111739237243797,0.2888260762756202,0.0,0.0,1.0,1.0,0.0,0.0,3,0,5,1,0.03,0.03,68,4,probabilistic,19,234
18,Cooperator,2.125,1.0,0.0,1.0,0.7096738979316658,0.29032610206833415,0.0,0.0,1.0,1.0,0.0,0.0,3,0,5,1,0.03,0.03,68,4,probabilistic,19,234
0,Grudger,2.53344671201814,0.30346666666666666,3.0,1.0,0.1839377380360987,0.1118599377117994,0.3424406986756113,0.36176162557649066,1.0,0.0,0.0,0.0,3,0,5,1,0.07,0.06,70,10,probabilistic,8,235
1,Defector,2.257142857142857,0.0,5.0,0.0,0.0,0.0,0.3046714980548762,0.6953285019451237,0.0,0.0,0.0,0.0,3,0,5,1,0.07,0.06,70,10,probabilistic,8,235
2,Win-Shift Lose-Stay: D,2.10640589569161,0.34287286736378647,3.0,0.0,0.1606773824036469,0.1830835328472372,0.22401429039391366,0.4322247943552023,0.0,1.0,1.0,0.0,3,0,5,1,0.07,0.06,70,10,probabilistic,8,235
3,Meta Mixer: 7 players,2.091156462585034,0.40058093477686824,2.0,0.42857142857142855,0.1936024841612031,0.2081099649701089,0.21584931349846778,0.3824382373702203,0.4711716243275039,0.362666331031742,0.5015999409287678,0.3366121864749038,3,0,5,1,0.07,0.06,70,10,probabilistic,8,235
4,Cycler DC,2.06343537414966,0.48404255319148937,2.0,0.0,0.19831005443125932,0.2856202918547787,0.2239654219773242,0.29210423173663774,0.0,0.0,1.0,1.0,3,0,5,1,0.07,0.06,70,10,probabilistic,8,235
5,Suspicious Tit For Tat,2.0125,0.32218124341412013,3.0,0.0,0.1835023760664468,0.1298529790119565,0.18387552282511313,0.5027691220964836,1.0,0.0,1.0,0.0,3,0,5,1,0.07,0.06,70,10,probabilistic,8,235
6,Tit For 2 Tats,1.7875283446712018,0.8190033565711334,0.0,1.0,0.50139585386191,0.31422541766403417,0.03425536345987763,0.15012336501417814,1.0,0.798095138194265,1.0,0.0,3,0,5,1,0.07,0.06,70,10,probabilistic,8,235
7,Anti Tit For Tat,1.5781462585034012,0.666407465007776,1.0,1.0,0.24314233236828145,0.42737877519839385,0.13105879037312482,0.19842010206020008,0.0,1.0,0.0,1.0,3,0,5,1,0.07,0.06,70,10,probabilistic,8,235
0,GTFT: 0.33,3.0,1.0,0.0,1.0,1.0,0.0,0.0,0.0,1.0,0,0,0,3,0,5,1,0.02,0.07,44,96,probabilistic,3,236
1,Win-Stay Lose-Shift,3.0,1.0,0.0,1.0,1.0,0.0,0.0,0.0,1.0,0,0,0,3,0,5,1,0.02,0.07,44,96,probabilistic,3,236
2,Meta Mixer: 2 players,3.0,1.0,0.0,1.0,1.0,0.0,0.0,0.0,1.0,0,0,0,3,0,5,1,0.02,0.07,44,96,probabilistic,3,236
0,Tit For Tat,2.8083916083916085,0.8631231891297831,0.0,1.0,0.6997901364113327,0.14764048864773693,0.1384035827058832,0.01416579223504722,1.0,0.0,1.0,0.0,3,0,5,1,0.03,0.05,99,176,probabilistic,6,237
1,Soft Joss: 0.9,2.8,0.8677294269711331,0.0,1.0,0.7207685559982667,0.14695598739606813,0.12259615631411994,0.009679300291545189,1.0,0.10636799520527421,1.0,0.07692307692307693,3,0,5,1,0.03,0.05,99,176,probabilistic,6,237
2,Win-Stay Lose-Shift,2.783333333333333,0.854115327747659,0.0,1.0,0.7653540288446982,0.08212731952316069,0.07903457809198444,0.0734840735401568,1.0,0.0,0.0,1.0,3,0,5,1,0.03,0.05,99,176,probabilistic,6,237
3,GTFT: 0.33,2.7562962962962962,0.9140534262485482,0.0,1.0,0.7703245722838551,0.14027409173116762,0.08541971270779486,0.003981623277182235,1.0,0.3553653486845427,1.0,0.2702702702702703,3,0,5,1,0.03,0.05,99,176,probabilistic,6,237
4,Cycler DC,2.71,0.486410202801589,3.0,0.0,0.12374744121199735,0.36255609542809525,0.4377169106154106,0.07597955274449678,0.0,0.0,1.0,1.0,3,0,5,1,0.03,0.05,99,176,probabilistic,6,237
5,Meta Mixer: 5 players,2.702934362934363,0.6981672980444353,2.0,0.7919191919191919,0.5019292736643108,0.20087261793599098,0.21725566022702658,0.07994244817267157,0.8608193917070022,0.21960442423083837,0.8411454576515698,0.35322717152504385,3,0,5,1,0.03,0.05,99,176,probabilistic,6,237
0,Grudger,2.7370968586710047,0.4270889246734657,5.0,1.0,0.40290396510780524,0.035048295793831535,0.2762634583603455,0.2857842807380177,1.0,0.0,0.0,0.0,3,0,5,1,0.07,0.06,21,49,probabilistic,17,238
1,Evolved HMM 5,2.620478646051468,0.594872754491018,5.0,1.0,0.48460124054714576,0.10002911127120553,0.24487653188282796,0.17049311629882077,1.0,0.484749087644755,0.007633587786259542,0.18044117647058824,3,0,5,1,0.07,0.06,21,49,probabilistic,17,238
2,Defector,2.596222113956104,0.0,14.0,0.0,0.0,0.0,0.35753747702490596,0.642462522975094,0.0,0.0,0.0,0.0,3,0,5,1,0.07,0.06,21,49,probabilistic,17,238
3,Suspicious Tit For Tat,2.4320570054945057,0.4689532820816085,9.0,0.0,0.31010077500384,0.16565234055053743,0.2031038501497497,0.321143034295873,1.0,0.0,1.0,0.0,3,0,5,1,0.07,0.06,21,49,probabilistic,17,238
4,Meta Winner: 15 players,2.405038785619143,0.17352674524025385,10.0,1.0,0.10703957083844892,0.0702178559583738,0.3376649202179307,0.48507765298524663,0.6229177689812938,0.4911695922868355,0.029377849998858382,0.07318886850083908,3,0,5,1,0.07,0.06,21,49,probabilistic,17,238
5,"DoubleCrosser: (D, D)",2.397048611111111,0.6463068181818182,3.0,1.0,0.5185191701002276,0.1371089217726499,0.1825683410765154,0.161803567050607,1.0,0.8001512452234222,0.0,0.0,3,0,5,1,0.07,0.06,21,49,probabilistic,17,238
6,Soft Joss: 0.9,2.3797875343608026,0.7037784299339692,0.0,1.0,0.5024627929418335,0.1957235993373719,0.14526944256611188,0.1565441651546828,1.0,0.08414600892047601,1.0,0.0977384361399956,3,0,5,1,0.07,0.06,21,49,probabilistic,17,238
7,Cycler DC,2.319389626178419,0.4833715596330275,6.0,0.0,0.1825745671494591,0.3003075863748343,0.2624794503713223,0.2546383961043843,0.0,0.0,1.0,1.0,3,0,5,1,0.07,0.06,21,49,probabilistic,17,238
8,Win-Stay Lose-Shift,2.310451075192923,0.682319391634981,2.0,1.0,0.49802245326348193,0.19273828659260683,0.13803855284368832,0.17120070730022294,1.0,0.0,0.0,1.0,3,0,5,1,0.07,0.06,21,49,probabilistic,17,238
9,Meta Mixer: 15 players,2.2902878643096036,0.4662135145941623,7.0,0.6279761904761905,0.2322943828404205,0.23389945064871243,0.23141371986823475,0.3023924466426324,0.5473807582200514,0.3982273848976843,0.5289465581895998,0.3815888927442788,3,0,5,1,0.07,0.06,21,49,probabilistic,17,238
10,GTFT: 0.33,2.261605964501185,0.7814288351486063,0.0,1.0,0.5552859531748324,0.2282668376898482,0.10075940193215155,0.11568780720316797,1.0,0.31842244935763775,1.0,0.3454251027509225,3,0,5,1,0.07,0.06,21,49,probabilistic,17,238
11,Bully,2.254294727280113,0.5267145910238974,8.0,0.0,0.18461433531783297,0.351393396166422,0.23813327015548846,0.22585899836025644,0.0,1.0,0.0,1.0,3,0,5,1,0.07,0.06,21,49,probabilistic,17,238
12,Win-Shift Lose-Stay: D,2.206535207255482,0.5424642259803011,7.0,0.0,0.18827287704985884,0.34460141028543007,0.22461232773340026,0.24251338493131083,0.0,1.0,1.0,0.0,3,0,5,1,0.07,0.06,21,49,probabilistic,17,238
13,Alternator,2.144679000113107,0.5173584905660378,4.0,1.0,0.20449890013735456,0.313626648874145,0.23540781080451229,0.2464666401839882,0.0,0.0,1.0,1.0,3,0,5,1,0.07,0.06,21,49,probabilistic,17,238
14,Tit For 2 Tats,2.1406621886885047,0.819609873985845,0.0,1.0,0.6168099018623766,0.2131247465141581,0.036497838885403804,0.13356751273806144,1.0,0.7500434967737648,1.0,0.0,3,0,5,1,0.07,0.06,21,49,probabilistic,17,238
15,Random: 0.5,2.1404655143356517,0.5074599373733653,6.0,0.5059523809523809,0.23362930214531547,0.2738289653466193,0.2077654117392634,0.28477632076880177,0.5060931711229767,0.4888484832806834,0.5259067300803704,0.5215454214802746,3,0,5,1,0.07,0.06,21,49,probabilistic,17,238
16,Anti Tit For Tat,1.8690328700987502,0.6424498804487769,5.0,1.0,0.22022686531874774,0.4263445757321748,0.15952022329706905,0.19390833565200835,0.0,1.0,0.0,1.0,3,0,5,1,0.07,0.06,21,49,probabilistic,17,238
0,Grudger,2.4492470492470493,0.3469387755102041,3.0,1.0,0.27010836566519447,0.08837053759689957,0.28105115329660446,0.36046994344130145,1.0,0.0,0.0,0.0,3,0,5,1,0.02,0.09,35,15,probabilistic,10,239
1,Defector,2.3868945868945866,0.0,7.0,0.0,0.0,0.0,0.2997001795851366,0.7002998204148635,0.0,0.0,0.0,0.0,3,0,5,1,0.02,0.09,35,15,probabilistic,10,239
2,Suspicious Tit For Tat,2.208028083028083,0.3371833084947839,3.0,0.0,0.10548285891301741,0.21284980170155987,0.24888581040922844,0.43278152897619426,1.0,0.0,1.0,0.0,3,0,5,1,0.02,0.09,35,15,probabilistic,10,239
3,Tit For Tat,2.1925925925925926,0.6037008481110254,0.0,1.0,0.35326464951364345,0.24828200777752205,0.18608823357556992,0.21236510913326453,1.0,0.0,1.0,0.0,3,0,5,1,0.02,0.09,35,15,probabilistic,10,239
4,Soft Joss: 0.9,2.153968253968254,0.6346226060833646,0.0,1.0,0.38288460548828196,0.25793688789887986,0.16470895634915003,0.19446955026368815,1.0,0.08235979897697755,1.0,0.10255506678058816,3,0,5,1,0.02,0.09,35,15,probabilistic,10,239
5,Win-Shift Lose-Stay: D,2.1297178130511463,0.46708348657594706,3.0,0.0,0.17151234560720657,0.2856764560460731,0.22198729919859536,0.320823899148125,0.0,1.0,1.0,0.0,3,0,5,1,0.02,0.09,35,15,probabilistic,10,239
6,Cycler DC,2.1258377425044093,0.4616204690831556,3.0,0.0,0.11895031036478554,0.34252957771928616,0.27306446770225895,0.26545564421366935,0.0,0.0,1.0,1.0,3,0,5,1,0.02,0.09,35,15,probabilistic,10,239
7,Meta Winner: 9 players,2.0830145163478497,0.2839506172839506,5.0,1.0,0.15688247448030773,0.13040923742210483,0.262875847504677,0.4498324405929104,0.7151923085452798,0.5140535070297506,0.04487142237005785,0.017411685304167607,3,0,5,1,0.02,0.09,35,15,probabilistic,10,239
8,Random: 0.5,1.9636141636141637,0.5034562211981567,2.0,0.5206349206349207,0.20878940871998705,0.2949767485628411,0.19871285791909749,0.29752098479807443,0.4946567152060065,0.49842482180299424,0.49592443876096365,0.5071385342552023,3,0,5,1,0.02,0.09,35,15,probabilistic,10,239
9,Anti Tit For Tat,1.8037037037037038,0.6659064994298746,2.0,1.0,0.24522287752537902,0.4160487686444757,0.14000521782932407,0.19872313600082125,0.0,1.0,0.0,1.0,3,0,5,1,0.02,0.09,35,15,probabilistic,10,239
0,Grudger,2.9735081454600314,0.3155327663831916,6.0,1.0,0.31599186533274554,0.014311345641140064,0.33909341244243524,0.3306033765836793,1.0,0.0,0.0,0.0,3,0,5,1,0.06,0.01,13,62,probabilistic,14,240
1,Evolved FSM 16,2.916927912033585,0.5045794167269222,6.0,1.0,0.35622215366727017,0.13901621757869467,0.3440000121562115,0.1607616165978237,0.8834834834834835,0.5363187910951818,0.21844521412684936,0.37050768299053427,3,0,5,1,0.06,0.01,13,62,probabilistic,14,240
2,Evolved HMM 5,2.911480059758001,0.4979811574697174,6.0,1.0,0.40390998236674386,0.07661526722372614,0.3171818956122069,0.2022928547973231,1.0,0.4810669060321493,0.008620689655172414,0.21050322753814799,3,0,5,1,0.06,0.01,13,62,probabilistic,14,240
3,Meta Winner: 13 players,2.6821400189521634,0.06109324758842444,10.0,1.0,0.032079550665929685,0.02937832283545224,0.4070204653224202,0.5315216611761978,0.6060338842585219,0.46908756052956685,0.025603469918261196,0.025960525909363295,3,0,5,1,0.06,0.01,13,62,probabilistic,14,240
4,Defector,2.490225021738669,0.0,11.0,0.0,0.0,0.0,0.36010640528896565,0.6398935947110344,0.0,0.0,0.0,0.0,3,0,5,1,0.06,0.01,13,62,probabilistic,14,240
5,Soft Joss: 0.9,2.3284612088083336,0.6711051930758988,0.0,1.0,0.4686123893894124,0.19870024776656925,0.15043718184343852,0.18225018100057977,1.0,0.0892524738782058,1.0,0.10856384756593399,3,0,5,1,0.06,0.01,13,62,probabilistic,14,240
6,Suspicious Tit For Tat,2.178698452085549,0.45721630554535436,6.0,0.0,0.29952408176681167,0.16719794727961307,0.17778385162254218,0.35549411933103314,1.0,0.0,1.0,0.0,3,0,5,1,0.06,0.01,13,62,probabilistic,14,240
7,Tit For 2 Tats,2.0649502831488893,0.7707979626485568,0.0,1.0,0.5595858760423528,0.21978274022559005,0.04141724487329944,0.17921413885875775,1.0,0.7416579302128805,1.0,0.0,3,0,5,1,0.06,0.01,13,62,probabilistic,14,240
8,Random: 0.5,1.8680527310832913,0.5073583517292126,4.0,0.4911242603550296,0.19387831414645884,0.3142905648726636,0.1870230576117208,0.3048080633691566,0.5136762352648087,0.5086100039333216,0.5249581898052925,0.5060444296932078,3,0,5,1,0.06,0.01,13,62,probabilistic,14,240
9,Cycler DC,1.837545916215198,0.49745626008189603,4.0,0.0,0.16382353173213257,0.3334400567461792,0.20494187255510143,0.29779453896658664,0.0,0.0,1.0,1.0,3,0,5,1,0.06,0.01,13,62,probabilistic,14,240
10,Alternator,1.8315593574506985,0.5026211481907684,2.0,1.0,0.17056294522447069,0.3321282013619874,0.20099763325261388,0.29631122016092803,0.0,0.0,1.0,1.0,3,0,5,1,0.06,0.01,13,62,probabilistic,14,240
11,Win-Shift Lose-Stay: D,1.7683748151490088,0.5549066903643519,5.0,0.0,0.176147340096043,0.373301758497766,0.18884260982476914,0.26170829158142184,0.0,1.0,1.0,0.0,3,0,5,1,0.06,0.01,13,62,probabilistic,14,240
12,Bully,1.6359013100419764,0.6312168034765814,4.0,0.0,0.1726743013533191,0.4608276018072118,0.1801045952558758,0.1863935015835933,0.0,1.0,0.0,1.0,3,0,5,1,0.06,0.01,13,62,probabilistic,14,240
13,Anti Tit For Tat,1.2620557490176465,0.7300751879699248,3.0,1.0,0.18514237133684566,0.5383859266213922,0.09842596079638481,0.17804574124537742,0.0,1.0,0.0,1.0,3,0,5,1,0.06,0.01,13,62,probabilistic,14,240
0,Evolved FSM 16,2.8682539682539683,0.7471575527883053,2.0,1.0,0.6293220253593361,0.0854842491849396,0.20768185512881263,0.07751187032691152,0.8799590923124421,0.5346709939864606,0.3517422225590269,0.14964044660316658,3,0,5,1,0.02,0.06,37,57,probabilistic,10,241
1,Evolved HMM 5,2.850233426704015,0.7526389866291344,2.0,1.0,0.6913213417738678,0.04731740186287649,0.17921287473466604,0.08214838162858955,1.0,0.5566724941724941,0.0,0.14942528735632185,3,0,5,1,0.02,0.06,37,57,probabilistic,10,241
2,Suspicious Tit For Tat,2.8393455119490287,0.662890044576523,6.0,0.0,0.5037171394709364,0.15695600630617462,0.20238015142252772,0.13694670280036134,1.0,0.0,1.0,0.0,3,0,5,1,0.02,0.06,37,57,probabilistic,10,241
3,"DoubleCrosser: (D, D)",2.692744539411206,0.8153494103150853,1.0,1.0,0.7239480948507918,0.07479762620626934,0.1399989901834056,0.06125528875953323,1.0,0.8489623552123552,0.0,0.0,3,0,5,1,0.02,0.06,37,57,probabilistic,10,241
4,Soft Joss: 0.9,2.6760189170519157,0.8475554753743461,0.0,1.0,0.6868754117542937,0.16001069975458934,0.12963252044619622,0.02348136804492088,1.0,0.10861885366243375,1.0,0.06976744186046512,3,0,5,1,0.02,0.06,37,57,probabilistic,10,241
5,GTFT: 0.33,2.6366592344853212,0.8952451708766717,0.0,1.0,0.7306774620307446,0.15959972244697895,0.09409781552227653,0.015625,1.0,0.32682578666398465,1.0,0.26153846153846155,3,0,5,1,0.02,0.06,37,57,probabilistic,10,241
6,Random: 0.5,2.5548500881834215,0.5059051306873185,5.0,0.43243243243243246,0.25412071127947555,0.2525813828171768,0.2574002074556585,0.23589769844768918,0.5156935305919063,0.4948306977121606,0.5221515037939727,0.5213442036697435,3,0,5,1,0.02,0.06,37,57,probabilistic,10,241
7,Alternator,2.5514752848086184,0.5151355156634988,4.0,1.0,0.19529783067833287,0.31987182319726326,0.3126151986096388,0.17221514751476505,0.0,0.0,1.0,1.0,3,0,5,1,0.02,0.06,37,57,probabilistic,10,241
8,Win-Shift Lose-Stay: D,2.534600389863548,0.580198791658546,4.0,0.0,0.21067763930442968,0.370508912693773,0.25247692426374496,0.16633652373805236,0.0,1.0,1.0,0.0,3,0,5,1,0.02,0.06,37,57,probabilistic,10,241
9,Tit For 2 Tats,2.5118055555555556,0.9682302373388152,0.0,1.0,0.8109926800267719,0.16159238689791766,0.013223673601032092,0.014191259474278342,1.0,0.9147286821705426,1.0,0.0,3,0,5,1,0.02,0.06,37,57,probabilistic,10,241
0,Win-Stay Lose-Shift,3.973763736263736,0.4892825509300266,1.0,1.0,0.5,0.005488850771869639,0.4945111492281304,0.0,1.0,0.0,0.0,0,3,0,5,1,0.05,0.01,32,154,probabilistic,3,242
1,Tit For Tat,2.8248376623376625,0.8497086598352421,0.0,1.0,0.664218958611482,0.16933689363595905,0.16644414775255897,0.0,1.0,0.0,1.0,0,3,0,5,1,0.05,0.01,32,154,probabilistic,3,242
2,Win-Shift Lose-Stay: D,1.3679600463373753,0.8463773731111972,0.0,0.0,0.16421895861148197,0.6609552969806893,0.1748257444078287,0.0,0.0,1.0,1.0,0,3,0,5,1,0.05,0.01,32,154,probabilistic,3,242
0,Defector,2.7029688356756023,0.0,12.0,0.0,0.0,0.0,0.36445385422213594,0.6355461457778641,0.0,0.0,0.0,0.0,3,0,5,1,0.07,0.07,45,109,probabilistic,15,243
1,Grudger,2.6400916279113353,0.4427472278796108,4.0,1.0,0.39206477516071947,0.043811171050873635,0.25127769824728147,0.3128463555411254,1.0,0.0,0.0,0.0,3,0,5,1,0.07,0.07,45,109,probabilistic,15,243
2,Evolved HMM 5,2.5212313857722024,0.5659924937447873,4.0,1.0,0.482469286786244,0.10264615308359834,0.21804613419768226,0.19683842593247547,0.9988383530050198,0.4794911159704101,0.022123893805309734,0.17438295904703435,3,0,5,1,0.07,0.07,45,109,probabilistic,15,243
3,Evolved FSM 16,2.5170686223207235,0.5957125929117743,3.0,1.0,0.4397666608380744,0.15775709503610255,0.2344313484454801,0.1680448956803429,0.8844584897900005,0.47276257479975664,0.3257952950115053,0.3117001258973122,3,0,5,1,0.07,0.07,45,109,probabilistic,15,243
4,Meta Winner: 13 players,2.447753495337529,0.15767947476052094,9.0,1.0,0.10194778702164245,0.05907761693672153,0.34431299887618494,0.4946615971654511,0.6796019489418111,0.48652020954220143,0.01832030158654947,0.004561069184100785,3,0,5,1,0.07,0.07,45,109,probabilistic,15,243
5,Suspicious Tit For Tat,2.360556956896471,0.43019876787167266,6.0,0.0,0.2165032670652911,0.20151347920057536,0.23346570794766985,0.3485175457864637,1.0,0.0,1.0,0.0,3,0,5,1,0.07,0.07,45,109,probabilistic,15,243
6,Win-Stay Lose-Shift,2.340740740740741,0.6551463440976347,1.0,1.0,0.46786246515115365,0.20025023843846942,0.15568764813956035,0.17619964827081655,1.0,0.0,0.0,1.0,3,0,5,1,0.07,0.07,45,109,probabilistic,15,243
7,Soft Joss: 0.9,2.3123376623376624,0.6683608640406608,0.0,1.0,0.4731923457530299,0.21099268523369635,0.15082510530053037,0.16498986371274335,1.0,0.09840444488191286,1.0,0.09811794746805345,3,0,5,1,0.07,0.07,45,109,probabilistic,15,243
8,GTFT: 0.33,2.2435665029415026,0.7878213232195533,0.0,1.0,0.5485089491484123,0.2304808651467287,0.09845268421647464,0.1225575014883844,1.0,0.3387197575421834,1.0,0.2997063333669724,3,0,5,1,0.07,0.07,45,109,probabilistic,15,243
9,Meta Mixer: 13 players,2.2193446548579905,0.43487812532691705,6.0,0.6174603174603175,0.19309051626126142,0.2407409412734136,0.22842227828310793,0.3377462641822171,0.5676092953833589,0.34440360586642854,0.5229258930040529,0.3394441083365649,3,0,5,1,0.07,0.07,45,109,probabilistic,15,243
10,Random: 0.5,2.096139433102022,0.5065150176678446,5.0,0.5047619047619047,0.2056210089091841,0.3013226261831228,0.19475460182439616,0.29830176308329714,0.5182218407473016,0.49067941759507633,0.49701318460955357,0.5127116250331178,3,0,5,1,0.07,0.07,45,109,probabilistic,15,243
11,Cycler DC,2.085804360378768,0.48390757169383125,5.0,0.0,0.12413171029402782,0.3595209784332691,0.25241897540028413,0.2639283358724189,0.0,0.0,1.0,1.0,3,0,5,1,0.07,0.07,45,109,probabilistic,15,243
12,Alternator,2.0331168831168833,0.5173498156582086,2.0,1.0,0.15562573517669817,0.3624094990915168,0.23241242713941318,0.24955233859237183,0.0,0.0,1.0,1.0,3,0,5,1,0.07,0.07,45,109,probabilistic,15,243
13,Win-Shift Lose-Stay: D,2.0294778631220525,0.5673649393605292,5.0,0.0,0.1504912138233734,0.40459076354306817,0.19260846488145184,0.2523095577521065,0.0,1.0,1.0,0.0,3,0,5,1,0.07,0.07,45,109,probabilistic,15,243
14,Anti Tit For Tat,1.790767367553082,0.6678086102546534,3.0,1.0,0.2353941081687607,0.4170986757225172,0.1406428612520203,0.2068643548567019,0.0,1.0,0.0,1.0,3,0,5,1,0.07,0.07,45,109,probabilistic,15,243
0,Defector,3.1053977804549886,0.0,11.0,0.0,0.0,0.0,0.48190797944858627,0.5180920205514137,0.0,0.0,0.0,0.0,3,0,5,1,0.1,0.08,81,166,probabilistic,12,244
1,Grudger,2.7556818181818183,0.6097692862292718,3.0,1.0,0.5661621674408202,0.035400112671961775,0.18695287818216996,0.21148484170504808,1.0,0.0,0.0,0.0,3,0,5,1,0.1,0.08,81,166,probabilistic,12,244
2,Evolved FSM 16,2.6231060606060606,0.695013357079252,2.0,1.0,0.597892456377719,0.1082295773030786,0.16144645409139596,0.1324315122278064,0.9295863087909382,0.39283144592381974,0.25833674707021054,0.3048964477506838,3,0,5,1,0.1,0.08,81,166,probabilistic,12,244
3,Cycler DC,2.4539454697349434,0.4795178539061084,5.0,0.0,0.19689596287565309,0.2824765046616089,0.262474335058588,0.25815319740414994,0.0,0.0,1.0,1.0,3,0,5,1,0.1,0.08,81,166,probabilistic,12,244
4,Soft Joss: 0.9,2.449242424242424,0.7763389140690038,0.0,1.0,0.6280151178008127,0.14380278181486475,0.09357478508393803,0.1346073153003846,1.0,0.10575474830110998,1.0,0.10118520836224185,3,0,5,1,0.1,0.08,81,166,probabilistic,12,244
5,Random: 0.5,2.4149267374534755,0.4947262221406952,5.0,0.4657687991021324,0.23909414033992232,0.2558980423865314,0.23817285287012432,0.26683496440342197,0.509630382149642,0.4812349971436344,0.5075194382729374,0.4903074115698602,3,0,5,1,0.1,0.08,81,166,probabilistic,12,244
6,Win-Stay Lose-Shift,2.3989898989898992,0.8045092600876801,0.0,1.0,0.6545023031274095,0.15033838812053207,0.06035153860776934,0.134807770144289,1.0,0.0,0.0,1.0,3,0,5,1,0.1,0.08,81,166,probabilistic,12,244
7,Bully,2.3932367149758456,0.5203244622675902,6.0,0.0,0.15178496711871606,0.3764405577249581,0.27240695798950204,0.19936751716682377,0.0,1.0,0.0,1.0,3,0,5,1,0.1,0.08,81,166,probabilistic,12,244
8,GTFT: 0.33,2.378787878787879,0.8228185534032344,0.0,1.0,0.6468070423420851,0.18016725980197934,0.0700788799737376,0.10294681788219796,1.0,0.3407719101481975,1.0,0.32731726883869783,3,0,5,1,0.1,0.08,81,166,probabilistic,12,244
9,Meta Mixer: 11 players,2.371556473829201,0.5325623858794888,5.0,0.7171717171717171,0.31284931518297027,0.22102825465381074,0.21469618481139882,0.2514262453518202,0.6143363963365671,0.39871109958536116,0.5712968871809012,0.43448536833683926,3,0,5,1,0.1,0.08,81,166,probabilistic,12,244
10,"DoubleCrosser: (D, D)",2.3300865800865798,0.7460427900504436,1.0,1.0,0.6292119291815924,0.11234650819079799,0.12209290745713954,0.13634865517046996,1.0,0.8114917065368001,0.05737704918032787,0.0,3,0,5,1,0.1,0.08,81,166,probabilistic,12,244
11,Cooperator,2.109090909090909,1.0,0.0,1.0,0.7019722337557737,0.29802776624422633,0.0,0.0,1.0,1.0,0.0,0.0,3,0,5,1,0.1,0.08,81,166,probabilistic,12,244
0,Defector,2.765362811791383,0.0,13.0,0.0,0.0,0.0,0.37840919108219917,0.6215908089178009,0.0,0.0,0.0,0.0,3,0,5,1,0.01,0.08,17,154,probabilistic,15,245
1,Grudger,2.6701880646550373,0.6347826086956522,3.0,1.0,0.5967642391771983,0.03231366145773751,0.12450875416068183,0.24641334520438227,1.0,0.0,0.0,0.0,3,0,5,1,0.01,0.08,17,154,probabilistic,15,245
2,Suspicious Tit For Tat,2.6693526775324012,0.5493951612903226,9.0,0.0,0.3630626845721154,0.19184837102725188,0.24481946970061155,0.20026947470002116,1.0,0.0,1.0,0.0,3,0,5,1,0.01,0.08,17,154,probabilistic,15,245
3,Cycler DC,2.6533744033744036,0.47696301103179756,7.0,0.0,0.1516155641464664,0.32368880438019254,0.32963385737256623,0.19506177410077474,0.0,0.0,1.0,1.0,3,0,5,1,0.01,0.08,17,154,probabilistic,15,245
4,Evolved HMM 5,2.5991968557758027,0.7353780313837375,2.0,1.0,0.6885912112942648,0.0765860447417893,0.09310365253277396,0.1417190914311719,1.0,0.5322282489770175,0.024731182795698924,0.17899392494180436,3,0,5,1,0.01,0.08,17,154,probabilistic,15,245
5,Evolved FSM 16,2.569906910132474,0.7572621035058431,2.0,1.0,0.6407388929015675,0.11431466666144265,0.11355375771159168,0.1313926827253982,0.8953168044077134,0.46149029982363315,0.38616402116402115,0.24504206046381985,3,0,5,1,0.01,0.08,17,154,probabilistic,15,245
6,Tit For Tat,2.5547619047619046,0.7798953662182362,0.0,1.0,0.6215990286274693,0.15387531280694897,0.12858372864195847,0.09594192992362328,1.0,0.0,1.0,0.0,3,0,5,1,0.01,0.08,17,154,probabilistic,15,245
7,GTFT: 0.33,2.522652785810681,0.8373936014088641,0.0,1.0,0.7065634076264088,0.1571583687797289,0.07379930211644688,0.062478921477415454,1.0,0.3309233968324878,1.0,0.36502988659851404,3,0,5,1,0.01,0.08,17,154,probabilistic,15,245
8,Win-Stay Lose-Shift,2.5154761904761904,0.7839011356045424,0.0,1.0,0.6469740655619635,0.14125746845061007,0.08852931243971747,0.12323915354770898,1.0,0.0,0.0,1.0,3,0,5,1,0.01,0.08,17,154,probabilistic,15,245
9,Random: 0.5,2.4996732870035077,0.48464163822525597,7.0,0.453781512605042,0.24384613768393776,0.24389427290218305,0.25409137642918556,0.2581682129846936,0.4718500867311511,0.49858764297839664,0.4973055124549284,0.48348259933580356,3,0,5,1,0.01,0.08,17,154,probabilistic,15,245
10,Alternator,2.4836331067979924,0.5214379947229552,5.0,1.0,0.19970028159052614,0.3224194011475168,0.2984728509908586,0.17940746627109852,0.0,0.0,1.0,1.0,3,0,5,1,0.01,0.08,17,154,probabilistic,15,245
11,Tit For 2 Tats,2.4690476190476187,0.939898624185373,0.0,1.0,0.7918192680781484,0.13353751380986453,0.009200381183401194,0.06544283692858587,1.0,0.8361990950226245,1.0,0.0,3,0,5,1,0.01,0.08,17,154,probabilistic,15,245
12,Meta Mixer: 14 players,2.4547333502165434,0.5360454681423871,6.0,0.7142857142857143,0.3243194252887348,0.2069001612118616,0.20392490328538704,0.2648555102140165,0.6666447610972923,0.36767295019906326,0.6399206467030728,0.3341751788912303,3,0,5,1,0.01,0.08,17,154,probabilistic,15,245
13,"DoubleCrosser: (D, D)",2.445962732919255,0.8119065010956903,1.0,1.0,0.7206527424981973,0.09869358054534091,0.06081625054959602,0.11983742640686579,1.0,0.8417573914739465,0.0,0.0,3,0,5,1,0.01,0.08,17,154,probabilistic,15,245
14,Cooperator,2.3452380952380953,1.0,0.0,1.0,0.7950408397254934,0.20495916027450653,0.0,0.0,1.0,1.0,0.0,0.0,3,0,5,1,0.01,0.08,17,154,probabilistic,15,245
0,Grudger,2.918636376666562,0.5193802754331408,4.0,1.0,0.48046882625126347,0.027166130546803655,0.273357264079297,0.2190077791226359,1.0,0.0,0.0,0.0,3,0,5,1,0.02,0.05,70,172,probabilistic,14,246
1,Evolved FSM 16,2.7852607424932065,0.6126989464245685,3.0,1.0,0.498661663116712,0.11648465075429806,0.25189575824585236,0.13295792788313762,0.9770992366412214,0.4302746186052355,0.1247707698492949,0.39452332365563253,3,0,5,1,0.02,0.05,70,172,probabilistic,14,246
2,Evolved HMM 5,2.7119902821661688,0.5716081088465111,4.0,1.0,0.4950625539364037,0.09021211391126706,0.25164990453472974,0.1630754276175995,0.9981522542498152,0.45336799951198786,0.006644518272425249,0.21263641030583638,3,0,5,1,0.02,0.05,70,172,probabilistic,14,246
3,Defector,2.655024836562009,0.0,12.0,0.0,0.0,0.0,0.3665573693747407,0.6334426306252593,0.0,0.0,0.0,0.0,3,0,5,1,0.02,0.05,70,172,probabilistic,14,246
4,"DoubleCrosser: (D, D)",2.5254892578865182,0.6127289426765358,3.0,1.0,0.5153329892412338,0.09796187835528379,0.21381131657178531,0.17289381583169708,1.0,0.7729864223515875,0.04013377926421405,0.0,3,0,5,1,0.02,0.05,70,172,probabilistic,14,246
5,Meta Winner: 12 players,2.500752394044003,0.13205833644959666,9.0,1.0,0.07396995480457694,0.05980217806838084,0.37402968063157027,0.4921981864954719,0.6296991320499548,0.502594152425464,0.03474352598453649,0.06318387330947273,3,0,5,1,0.02,0.05,70,172,probabilistic,14,246
6,Tit For Tat,2.438436577357982,0.7060313963095566,0.0,1.0,0.5489496534422317,0.13694798719791476,0.11958376796721333,0.19451859139264033,1.0,0.0,1.0,0.0,3,0,5,1,0.02,0.05,70,172,probabilistic,14,246
7,Win-Stay Lose-Shift,2.384080493730915,0.749986830321867,1.0,1.0,0.5577647598357516,0.17517211555451065,0.10750835608529787,0.1595547685244398,1.0,0.0,0.0,1.0,3,0,5,1,0.02,0.05,70,172,probabilistic,14,246
8,Meta Mixer: 12 players,2.192458071652297,0.4306203948478542,6.0,0.6846153846153846,0.19843140067665846,0.23065228272759786,0.21712715872436664,0.353789157871377,0.5000690991181177,0.398930783619205,0.45440817615193424,0.39508569971854446,3,0,5,1,0.02,0.05,70,172,probabilistic,14,246
9,Tit For 2 Tats,2.1543805039143953,0.7814096577487227,0.0,1.0,0.6038144026142693,0.19014610092066006,0.038520991674340865,0.1675185047907298,1.0,0.6781027672526273,1.0,0.0,3,0,5,1,0.02,0.05,70,172,probabilistic,14,246
10,Cycler DC,2.0886140255547,0.4873174481168332,4.0,0.0,0.18894178313667734,0.2982834811639546,0.17397531184224452,0.3387994238571235,0.0,0.0,1.0,1.0,3,0,5,1,0.02,0.05,70,172,probabilistic,14,246
11,Win-Shift Lose-Stay: D,2.083033065769456,0.607271069576614,5.0,0.0,0.16676140946476495,0.4579049194427626,0.20345924307001303,0.17187442802245936,0.0,1.0,1.0,0.0,3,0,5,1,0.02,0.05,70,172,probabilistic,14,246
12,Bully,1.9980632567163474,0.6231372995108634,5.0,0.0,0.13664790605811092,0.4804449487709478,0.21133497308547694,0.17157217208546438,0.0,1.0,0.0,1.0,3,0,5,1,0.02,0.05,70,172,probabilistic,14,246
13,Anti Tit For Tat,1.5466748487893833,0.7375605950855296,3.0,1.0,0.16643737087644753,0.5620734897686988,0.1204411812961521,0.15104795805870147,0.0,1.0,0.0,1.0,3,0,5,1,0.02,0.05,70,172,probabilistic,14,246
0,Grudger,3.2080197881828316,0.6778015014808182,4.0,1.0,0.686224747428377,0.012410165037210678,0.21845555857968404,0.08290952895472825,1.0,0.0,0.0,0.0,3,0,5,1,0.01,0.04,49,108,probabilistic,13,247
1,Evolved HMM 5,3.157141591352118,0.7258566978193146,3.0,1.0,0.6920445097778528,0.029128023589357867,0.2078140410981815,0.07101342553460772,1.0,0.3481465663494551,0.0,0.2026726057906459,3,0,5,1,0.01,0.04,49,108,probabilistic,13,247
2,Evolved FSM 16,3.1139355742296915,0.7527587450414713,3.0,1.0,0.6974923326473427,0.0420219111337988,0.2045056240662276,0.05598013215263079,0.9523809523809524,0.441288155396524,0.08004152984353873,0.3474547505118968,3,0,5,1,0.01,0.04,49,108,probabilistic,13,247
3,Win-Stay Lose-Shift,2.835811251631035,0.799117606507652,1.0,1.0,0.7401355520749346,0.08294687251914722,0.10102597347071157,0.0758916019352066,1.0,0.0,0.0,1.0,3,0,5,1,0.01,0.04,49,108,probabilistic,13,247
4,Tit For Tat,2.7862654320987654,0.8140626094264304,0.0,1.0,0.7360938964396533,0.1011675337455939,0.09478677972371635,0.0679517900910364,1.0,0.0,1.0,0.0,3,0,5,1,0.01,0.04,49,108,probabilistic,13,247
5,Soft Joss: 0.9,2.7409092320109267,0.8464178464178465,0.0,1.0,0.7437993527671302,0.10875627155073936,0.08548440778148063,0.06195996790064987,1.0,0.09562795712884427,1.0,0.10382841381867909,3,0,5,1,0.01,0.04,49,108,probabilistic,13,247
6,Meta Winner: 12 players,2.685765472828645,0.3047251033828215,7.0,1.0,0.17726627800318273,0.13141145464958534,0.37773540389290505,0.3135868634543269,0.657327283061619,0.8432849146464283,0.03858087117175613,0.32050816173393504,3,0,5,1,0.01,0.04,49,108,probabilistic,13,247
7,GTFT: 0.33,2.6687885802469133,0.8890370370370371,0.0,1.0,0.7596735482230548,0.1289321867969558,0.06665686540063177,0.0447373995793576,1.0,0.32585916544805815,1.0,0.32218506131549607,3,0,5,1,0.01,0.04,49,108,probabilistic,13,247
8,Tit For 2 Tats,2.549498746867168,0.925359779285661,0.0,1.0,0.7889987997220744,0.1380760426386268,0.023938686979415542,0.04898647065988326,1.0,0.7536614307170181,1.0,0.0,3,0,5,1,0.01,0.04,49,108,probabilistic,13,247
9,Alternator,2.4992432841857393,0.5102542491923023,5.0,1.0,0.2245400995276711,0.2859488589175339,0.2703714691938494,0.21913957236094553,0.0,0.0,1.0,1.0,3,0,5,1,0.01,0.04,49,108,probabilistic,13,247
10,Cooperator,2.3565700808625336,1.0,0.0,1.0,0.7681385537456624,0.23186144625433758,0.0,0.0,1.0,1.0,0.0,0.0,3,0,5,1,0.01,0.04,49,108,probabilistic,13,247
11,Anti Tit For Tat,2.231295978862159,0.5657877646447591,5.0,1.0,0.20118008276833757,0.3726993846964562,0.24158735138379886,0.1845331811514074,0.0,1.0,0.0,1.0,3,0,5,1,0.01,0.04,49,108,probabilistic,13,247
12,Win-Shift Lose-Stay: D,2.147086287093775,0.7057186234817814,6.0,0.0,0.22321956577968458,0.47700480270202156,0.2500027926607626,0.04977283885753119,0.0,1.0,1.0,0.0,3,0,5,1,0.01,0.04,49,108,probabilistic,13,247
0,Grudger,2.777481486554067,0.4851267833419973,6.0,1.0,0.46455537482140685,0.02703964460536543,0.25102184729821747,0.2573831332750103,1.0,0.0,0.0,0.0,3,0,5,1,0.09,0.05,97,98,probabilistic,19,248
1,Evolved HMM 5,2.742458621625288,0.6174878634004799,5.0,1.0,0.5357682678881077,0.07717906911544384,0.22903086757701313,0.15802179541943517,0.9994578853046595,0.4787517505967715,0.011065626363473038,0.18556563917194474,3,0,5,1,0.09,0.05,97,98,probabilistic,19,248
2,Defector,2.7384660634660634,0.0,16.0,0.0,0.0,0.0,0.3730832566035565,0.6269167433964434,0.0,0.0,0.0,0.0,3,0,5,1,0.09,0.05,97,98,probabilistic,19,248
3,"DoubleCrosser: (D, D)",2.5417377304005213,0.6333361943180843,4.0,1.0,0.5567474480543528,0.0865657710273503,0.1955560382938166,0.16113074262448032,1.0,0.8021723448131232,0.013550135501355014,0.0,3,0,5,1,0.09,0.05,97,98,probabilistic,19,248
4,Meta Winner: 17 players,2.5167845230106023,0.14071639462982563,12.0,1.0,0.08631353381420753,0.05523332558507359,0.3678536055863515,0.49059953501436737,0.5627900158722907,0.39219528989924973,0.03160156226892486,0.03903489104929119,3,0,5,1,0.09,0.05,97,98,probabilistic,19,248
5,Tit For Tat,2.4818964622886193,0.6844689993861265,0.0,1.0,0.5279981412074164,0.16942490547047,0.15362023017828821,0.14895672314382535,1.0,0.0,1.0,0.0,3,0,5,1,0.09,0.05,97,98,probabilistic,19,248
6,Soft Joss: 0.9,2.4420843045843044,0.7523021060275962,0.0,1.0,0.5684534466927945,0.17267477915752738,0.12620336055631104,0.13266841359336695,1.0,0.10318976318620532,1.0,0.10330969761012072,3,0,5,1,0.09,0.05,97,98,probabilistic,19,248
7,Suspicious Tit For Tat,2.433894605668151,0.5114687545309555,9.0,0.0,0.34018129333031966,0.17324637530124842,0.1999479216444802,0.2866244097239517,1.0,0.0,1.0,0.0,3,0,5,1,0.09,0.05,97,98,probabilistic,19,248
8,Cycler DC,2.414568807122647,0.4867397454031117,8.0,0.0,0.18356718597571586,0.3029056102581096,0.27897649362651983,0.23455071013965467,0.0,0.0,1.0,1.0,3,0,5,1,0.09,0.05,97,98,probabilistic,19,248
9,Win-Stay Lose-Shift,2.41202861377109,0.7188580596973637,1.0,1.0,0.5498457058558563,0.17058732415577052,0.12363631291655884,0.15593065707181436,1.0,0.0,0.0,1.0,3,0,5,1,0.09,0.05,97,98,probabilistic,19,248
10,Bully,2.383648450820778,0.5270960255294459,9.0,0.0,0.17795990390816274,0.34083751813205415,0.2758046460032766,0.20539793195650646,0.0,1.0,0.0,1.0,3,0,5,1,0.09,0.05,97,98,probabilistic,19,248
11,GTFT: 0.33,2.3319223985890654,0.8142514935495974,0.0,1.0,0.603863410272028,0.20121343222127813,0.08832477977300435,0.10659837773368966,1.0,0.32437657884570836,1.0,0.3378632875386885,3,0,5,1,0.09,0.05,97,98,probabilistic,19,248
12,Alternator,2.307952251735964,0.5119511781657908,6.0,1.0,0.20872823250835443,0.3032924023817854,0.2642952547540989,0.22368411035576122,0.0,0.0,1.0,1.0,3,0,5,1,0.09,0.05,97,98,probabilistic,19,248
13,Random: 0.5,2.300645106915065,0.49970694130452986,8.0,0.5005727376861397,0.23245529074054497,0.26712969628945543,0.23347301743430687,0.26694199553569264,0.49622682505655563,0.4928776628640224,0.4979959337782644,0.5109084275943314,3,0,5,1,0.09,0.05,97,98,probabilistic,19,248
14,Meta Mixer: 17 players,2.2952012302129523,0.5064994559926702,8.0,0.6907216494845361,0.2741724671737819,0.23147588984138087,0.21868025760353513,0.27567138538130215,0.6083691733054174,0.4091932774337855,0.5886294044175938,0.38819317359451033,3,0,5,1,0.09,0.05,97,98,probabilistic,19,248
15,Win-Shift Lose-Stay: D,2.2910473785473786,0.5574581213195358,8.0,0.0,0.20996783544501083,0.3419922529205237,0.23962069370314865,0.20841921793131685,0.0,1.0,1.0,0.0,3,0,5,1,0.09,0.05,97,98,probabilistic,19,248
16,Tit For 2 Tats,2.217439136763182,0.8369750367107195,0.0,1.0,0.6581937711817071,0.18822937017210578,0.03361583877782205,0.11996101986836516,1.0,0.7453829330344726,1.0,0.0,3,0,5,1,0.09,0.05,97,98,probabilistic,19,248
17,Anti Tit For Tat,2.015620721245721,0.6077758215962441,6.0,1.0,0.20843348045057375,0.40197529728566306,0.20301995491996933,0.1865712673437939,0.0,1.0,0.0,1.0,3,0,5,1,0.09,0.05,97,98,probabilistic,19,248
18,Cooperator,1.9984567901234567,1.0,0.0,1.0,0.6552382866703307,0.3447617133296694,0.0,0.0,1.0,1.0,0.0,0.0,3,0,5,1,0.09,0.05,97,98,probabilistic,19,248
0,Defector,2.574008418326048,0.0,7.0,0.0,0.0,0.0,0.3861662188351915,0.6138337811648085,0.0,0.0,0.0,0.0,3,0,5,1,0.03,0.01,67,71,probabilistic,9,249
1,Evolved HMM 5,2.507304242119383,0.5230490675357595,3.0,1.0,0.4104780558652011,0.11953030105520256,0.20294383464219262,0.2670478084374037,0.9933431139353323,0.5344191055150145,0.01863293416427613,0.1947427311815999,3,0,5,1,0.03,0.01,67,71,probabilistic,9,249
2,Meta Winner: 7 players,2.444369076286942,0.05810496149023822,6.0,1.0,0.03388318987549076,0.024323442469795082,0.35593189433194483,0.5858614733227694,0.4082561447902751,0.47057238027826265,0.01620626298231694,0.01702194586226368,3,0,5,1,0.03,0.01,67,71,probabilistic,9,249
3,Suspicious Tit For Tat,2.116959204723289,0.45043149561372225,4.0,0.0,0.31876112942709633,0.1425595435479396,0.15162957637720242,0.38704975064776165,1.0,0.0,1.0,0.0,3,0,5,1,0.03,0.01,67,71,probabilistic,9,249
4,GTFT: 0.33,1.9867269090734885,0.6981927929893459,0.0,1.0,0.4702658431769864,0.2266687745626041,0.06905100229201061,0.2340143799683989,1.0,0.32060013344321125,1.0,0.3246811247836562,3,0,5,1,0.03,0.01,67,71,probabilistic,9,249
5,Meta Mixer: 7 players,1.9644652762553716,0.40916046834406916,4.0,0.542910447761194,0.1589491127077225,0.25034485081958985,0.2144882982184461,0.3762177382542416,0.5077897435209519,0.35221753476486906,0.48213410476327795,0.3693673241578805,3,0,5,1,0.03,0.01,67,71,probabilistic,9,249
6,Win-Stay Lose-Shift,1.8250142748382185,0.6249294383290996,0.0,1.0,0.35528399891433177,0.27653496426674073,0.09848605021122488,0.2696949866077026,1.0,0.0,0.0,1.0,3,0,5,1,0.03,0.01,67,71,probabilistic,9,249
7,Random: 0.5,1.787212613918807,0.4980690914197444,2.0,0.4869402985074627,0.17717711143746487,0.3208721996334607,0.17955172636483765,0.3223989625642369,0.5029010163035718,0.5015425640722544,0.4922835827697084,0.4899054711208061,3,0,5,1,0.03,0.01,67,71,probabilistic,9,249
8,Bully,1.6299072694820764,0.6441266522291091,3.0,0.0,0.16290228770898063,0.4790083697055747,0.18159384478785678,0.17649549779758786,0.0,1.0,0.0,1.0,3,0,5,1,0.03,0.01,67,71,probabilistic,9,249
0,Evolved FSM 16,3.318181818181818,0.37064965197215777,1.0,1.0,0.1736614070956427,0.20005101196156472,0.6070568117120234,0.019230769230769232,1.0,0.8864406779661017,1.0,0.0,3,0,5,1,0.04,0.04,71,99,probabilistic,3,250
1,Suspicious Tit For Tat,2.5480769230769234,0.5639658848614072,1.0,0.0,0.28084851464384797,0.28939405399149,0.31172224074882626,0.11803519061583578,1.0,0.0,1.0,0.0,3,0,5,1,0.04,0.04,71,99,probabilistic,3,250
2,Anti Tit For Tat,1.45,0.7038014783526927,0.0,1.0,0.14794485726117887,0.5720615847000055,0.14272759819221062,0.137265959846605,0.0,1.0,0.0,1.0,3,0,5,1,0.04,0.04,71,99,probabilistic,3,250
